sample_id,T_REC_dt,HARPNUM,NOAA_AR,recovery_class,block_id,error_message,year,empirical_episode_id,has_explicit_block_id,row_index,persistent_after_recovery,maps_to_graybox
20250119_1124_HARP12589_NOAA13961,2025-01-19 11:24:00+00:00,12589,13961,crop_patch_boundary,2025_HARP12589_20250119_1124_20250120_0500,"ValueError('Target crop leaves block patch: bounds=(61, 1845, 40, 1823), shape=(1834, 1834)')",2025,E00001,True,,,False
20250119_1300_HARP12589_NOAA13961,2025-01-19 13:00:00+00:00,12589,13961,crop_patch_boundary,2025_HARP12589_20250119_1124_20250120_0500,"ValueError('Target crop leaves block patch: bounds=(52, 1847, 34, 1829), shape=(1834, 1834)')",2025,E00001,True,,,False
20250119_1612_HARP12589_NOAA13961,2025-01-19 16:12:00+00:00,12589,13961,crop_patch_boundary,2025_HARP12589_20250119_1124_20250120_0500,"ValueError('Target crop leaves block patch: bounds=(31, 1838, 16, 1823), shape=(1834, 1834)')",2025,E00001,True,,,False
20250119_1748_HARP12589_NOAA13961,2025-01-19 17:48:00+00:00,12589,13961,crop_patch_boundary,2025_HARP12589_20250119_1124_20250120_0500,"ValueError('Target crop leaves block patch: bounds=(22, 1840, 9, 1827), shape=(1834, 1834)')",2025,E00001,True,,,False
20250119_1924_HARP12589_NOAA13961,2025-01-19 19:24:00+00:00,12589,13961,crop_patch_boundary,2025_HARP12589_20250119_1124_20250120_0500,"ValueError('Target crop leaves block patch: bounds=(13, 1843, 2, 1833), shape=(1834, 1834)')",2025,E00001,True,,,False
20250119_2100_HARP12589_NOAA13961,2025-01-19 21:00:00+00:00,12589,13961,crop_patch_boundary,2025_HARP12589_20250119_1124_20250120_0500,"ValueError('Target crop leaves block patch: bounds=(3, 1847, -6, 1838), shape=(1834, 1834)')",2025,E00001,True,,,False
20250119_2236_HARP12589_NOAA13961,2025-01-19 22:36:00+00:00,12589,13961,crop_patch_boundary,2025_HARP12589_20250119_1124_20250120_0500,"ValueError('Target crop leaves block patch: bounds=(-12, 1851, -16, 1846), shape=(1834, 1834)')",2025,E00001,True,,,False
20250120_0012_HARP12589_NOAA13961,2025-01-20 00:12:00+00:00,12589,13961,crop_patch_boundary,2025_HARP12589_20250119_1124_20250120_0500,"ValueError('Target crop leaves block patch: bounds=(-27, 1854, -25, 1855), shape=(1834, 1834)')",2025,E00001,True,,,False
20250120_0148_HARP12589_NOAA13961,2025-01-20 01:48:00+00:00,12589,13961,crop_patch_boundary,2025_HARP12589_20250119_1124_20250120_0500,"ValueError('Target crop leaves block patch: bounds=(-36, 1855, -28, 1864), shape=(1834, 1834)')",2025,E00001,True,,,False
20250120_0324_HARP12589_NOAA13961,2025-01-20 03:24:00+00:00,12589,13961,crop_patch_boundary,2025_HARP12589_20250119_1124_20250120_0500,"ValueError('Target crop leaves block patch: bounds=(-48, 1856, -35, 1869), shape=(1834, 1834)')",2025,E00001,True,,,False
20250120_0500_HARP12589_NOAA13961,2025-01-20 05:00:00+00:00,12589,13961,crop_patch_boundary,2025_HARP12589_20250119_1124_20250120_0500,"ValueError('Target crop leaves block patch: bounds=(-60, 1856, -42, 1874), shape=(1834, 1834)')",2025,E00001,True,,,False
20250120_1100_HARP12589_NOAA13961,2025-01-20 11:00:00+00:00,12589,13961,crop_patch_boundary,2025_HARP12589_20250120_1100_20250120_1724,"ValueError('Target crop leaves block patch: bounds=(-57, 1897, -60, 1894), shape=(1834, 1834)')",2025,E00002,True,,,False
20250120_1236_HARP12589_NOAA13961,2025-01-20 12:36:00+00:00,12589,13961,crop_patch_boundary,2025_HARP12589_20250120_1100_20250120_1724,"ValueError('Target crop leaves block patch: bounds=(-65, 1900, -66, 1899), shape=(1834, 1834)')",2025,E00002,True,,,False
20250120_1412_HARP12589_NOAA13961,2025-01-20 14:12:00+00:00,12589,13961,crop_patch_boundary,2025_HARP12589_20250120_1100_20250120_1724,"ValueError('Target crop leaves block patch: bounds=(-70, 1903, -70, 1903), shape=(1834, 1834)')",2025,E00002,True,,,False
20250120_1548_HARP12589_NOAA13961,2025-01-20 15:48:00+00:00,12589,13961,crop_patch_boundary,2025_HARP12589_20250120_1100_20250120_1724,"ValueError('Target crop leaves block patch: bounds=(-76, 1904, -74, 1906), shape=(1834, 1834)')",2025,E00002,True,,,False
20250120_1724_HARP12589_NOAA13961,2025-01-20 17:24:00+00:00,12589,13961,crop_patch_boundary,2025_HARP12589_20250120_1100_20250120_1724,"ValueError('Target crop leaves block patch: bounds=(-87, 1907, -80, 1913), shape=(1834, 1834)')",2025,E00002,True,,,False
20250120_2212_HARP12589_NOAA13961,2025-01-20 22:12:00+00:00,12589,13961,crop_patch_boundary,2025_HARP12589_20250120_2212_20250121_0624,"ValueError('Target crop leaves block patch: bounds=(-89, 1925, -92, 1922), shape=(1834, 1834)')",2025,E00003,True,,,False
20250120_2348_HARP12589_NOAA13961,2025-01-20 23:48:00+00:00,12589,13961,crop_patch_boundary,2025_HARP12589_20250120_2212_20250121_0624,"ValueError('Target crop leaves block patch: bounds=(-93, 1926, -93, 1926), shape=(1834, 1834)')",2025,E00003,True,,,False
20250121_0124_HARP12589_NOAA13961,2025-01-21 01:24:00+00:00,12589,13961,crop_patch_boundary,2025_HARP12589_20250120_2212_20250121_0624,"ValueError('Target crop leaves block patch: bounds=(-97, 1926, -94, 1929), shape=(1834, 1834)')",2025,E00003,True,,,False
20250121_0312_HARP12589_NOAA13961,2025-01-21 03:12:00+00:00,12589,13961,crop_patch_boundary,2025_HARP12589_20250120_2212_20250121_0624,"ValueError('Target crop leaves block patch: bounds=(-96, 1932, -96, 1931), shape=(1834, 1834)')",2025,E00003,True,,,False
20250121_0448_HARP12589_NOAA13961,2025-01-21 04:48:00+00:00,12589,13961,crop_patch_boundary,2025_HARP12589_20250120_2212_20250121_0624,"ValueError('Target crop leaves block patch: bounds=(-99, 1933, -100, 1932), shape=(1834, 1834)')",2025,E00003,True,,,False
20250121_0624_HARP12589_NOAA13961,2025-01-21 06:24:00+00:00,12589,13961,crop_patch_boundary,2025_HARP12589_20250120_2212_20250121_0624,"ValueError('Target crop leaves block patch: bounds=(-105, 1934, -102, 1936), shape=(1834, 1834)')",2025,E00003,True,,,False
20250121_1048_HARP12589_NOAA13961,2025-01-21 10:48:00+00:00,12589,13961,crop_patch_boundary,2025_HARP12589_20250121_1048_20250122_0612,"ValueError('Target crop leaves block patch: bounds=(-89, 1956, -106, 1939), shape=(1834, 1834)')",2025,E00004,True,,,False
20250121_1224_HARP12589_NOAA13961,2025-01-21 12:24:00+00:00,12589,13961,crop_patch_boundary,2025_HARP12589_20250121_1048_20250122_0612,"ValueError('Target crop leaves block patch: bounds=(-93, 1956, -108, 1941), shape=(1834, 1834)')",2025,E00004,True,,,False
20250121_1400_HARP12589_NOAA13961,2025-01-21 14:00:00+00:00,12589,13961,crop_patch_boundary,2025_HARP12589_20250121_1048_20250122_0612,"ValueError('Target crop leaves block patch: bounds=(-99, 1956, -111, 1944), shape=(1834, 1834)')",2025,E00004,True,,,False
20250121_1536_HARP12589_NOAA13961,2025-01-21 15:36:00+00:00,12589,13961,crop_patch_boundary,2025_HARP12589_20250121_1048_20250122_0612,"ValueError('Target crop leaves block patch: bounds=(-109, 1954, -114, 1949), shape=(1834, 1834)')",2025,E00004,True,,,False
20250121_1712_HARP12589_NOAA13961,2025-01-21 17:12:00+00:00,12589,13961,crop_patch_boundary,2025_HARP12589_20250121_1048_20250122_0612,"ValueError('Target crop leaves block patch: bounds=(-113, 1952, -116, 1948), shape=(1834, 1834)')",2025,E00004,True,,,False
20250121_1848_HARP12589_NOAA13961,2025-01-21 18:48:00+00:00,12589,13961,crop_patch_boundary,2025_HARP12589_20250121_1048_20250122_0612,"ValueError('Target crop leaves block patch: bounds=(-115, 1948, -116, 1946), shape=(1834, 1834)')",2025,E00004,True,,,False
20250121_2036_HARP12589_NOAA13961,2025-01-21 20:36:00+00:00,12589,13961,crop_patch_boundary,2025_HARP12589_20250121_1048_20250122_0612,"ValueError('Target crop leaves block patch: bounds=(-108, 1953, -112, 1948), shape=(1834, 1834)')",2025,E00004,True,,,False
20250121_2212_HARP12589_NOAA13961,2025-01-21 22:12:00+00:00,12589,13961,crop_patch_boundary,2025_HARP12589_20250121_1048_20250122_0612,"ValueError('Target crop leaves block patch: bounds=(-108, 1952, -112, 1948), shape=(1834, 1834)')",2025,E00004,True,,,False
20250121_2348_HARP12589_NOAA13961,2025-01-21 23:48:00+00:00,12589,13961,crop_patch_boundary,2025_HARP12589_20250121_1048_20250122_0612,"ValueError('Target crop leaves block patch: bounds=(-110, 1948, -111, 1946), shape=(1834, 1834)')",2025,E00004,True,,,False
20250122_0124_HARP12589_NOAA13961,2025-01-22 01:24:00+00:00,12589,13961,crop_patch_boundary,2025_HARP12589_20250121_1048_20250122_0612,"ValueError('Target crop leaves block patch: bounds=(-111, 1944, -111, 1944), shape=(1834, 1834)')",2025,E00004,True,,,False
20250122_0300_HARP12589_NOAA13961,2025-01-22 03:00:00+00:00,12589,13961,crop_patch_boundary,2025_HARP12589_20250121_1048_20250122_0612,"ValueError('Target crop leaves block patch: bounds=(-112, 1940, -111, 1941), shape=(1834, 1834)')",2025,E00004,True,,,False
20250122_0436_HARP12589_NOAA13961,2025-01-22 04:36:00+00:00,12589,13961,crop_patch_boundary,2025_HARP12589_20250121_1048_20250122_0612,"ValueError('Target crop leaves block patch: bounds=(-113, 1936, -109, 1940), shape=(1834, 1834)')",2025,E00004,True,,,False
20250122_0612_HARP12589_NOAA13961,2025-01-22 06:12:00+00:00,12589,13961,crop_patch_boundary,2025_HARP12589_20250121_1048_20250122_0612,"ValueError('Target crop leaves block patch: bounds=(-119, 1931, -109, 1941), shape=(1834, 1834)')",2025,E00004,True,,,False
20250122_1048_HARP12589_NOAA13961,2025-01-22 10:48:00+00:00,12589,13961,crop_patch_boundary,2025_HARP12589_20250122_1048_20250123_0512,"ValueError('Target crop leaves block patch: bounds=(-80, 1967, -107, 1939), shape=(1834, 1834)')",2025,E00005,True,,,False
20250122_1224_HARP12589_NOAA13961,2025-01-22 12:24:00+00:00,12589,13961,crop_patch_boundary,2025_HARP12589_20250122_1048_20250123_0512,"ValueError('Target crop leaves block patch: bounds=(-87, 1962, -109, 1941), shape=(1834, 1834)')",2025,E00005,True,,,False
20250122_1400_HARP12589_NOAA13961,2025-01-22 14:00:00+00:00,12589,13961,crop_patch_boundary,2025_HARP12589_20250122_1048_20250123_0512,"ValueError('Target crop leaves block patch: bounds=(-92, 1958, -109, 1941), shape=(1834, 1834)')",2025,E00005,True,,,False
20250122_1536_HARP12589_NOAA13961,2025-01-22 15:36:00+00:00,12589,13961,crop_patch_boundary,2025_HARP12589_20250122_1048_20250123_0512,"ValueError('Target crop leaves block patch: bounds=(-96, 1952, -108, 1940), shape=(1834, 1834)')",2025,E00005,True,,,False
20250122_1712_HARP12589_NOAA13961,2025-01-22 17:12:00+00:00,12589,13961,crop_patch_boundary,2025_HARP12589_20250122_1048_20250123_0512,"ValueError('Target crop leaves block patch: bounds=(-97, 1945, -105, 1938), shape=(1834, 1834)')",2025,E00005,True,,,False
20250122_1848_HARP12589_NOAA13961,2025-01-22 18:48:00+00:00,12589,13961,crop_patch_boundary,2025_HARP12589_20250122_1048_20250123_0512,"ValueError('Target crop leaves block patch: bounds=(-96, 1939, -100, 1934), shape=(1834, 1834)')",2025,E00005,True,,,False
20250122_2024_HARP12589_NOAA13961,2025-01-22 20:24:00+00:00,12589,13961,crop_patch_boundary,2025_HARP12589_20250122_1048_20250123_0512,"ValueError('Target crop leaves block patch: bounds=(-94, 1932, -96, 1930), shape=(1834, 1834)')",2025,E00005,True,,,False
20250122_2200_HARP12589_NOAA13961,2025-01-22 22:00:00+00:00,12589,13961,crop_patch_boundary,2025_HARP12589_20250122_1048_20250123_0512,"ValueError('Target crop leaves block patch: bounds=(-91, 1925, -91, 1925), shape=(1834, 1834)')",2025,E00005,True,,,False
20250123_0024_HARP12589_NOAA13961,2025-01-23 00:24:00+00:00,12589,13961,crop_patch_boundary,2025_HARP12589_20250122_1048_20250123_0512,"ValueError('Target crop leaves block patch: bounds=(-71, 1930, -84, 1917), shape=(1834, 1834)')",2025,E00005,True,,,False
20250123_0200_HARP12589_NOAA13961,2025-01-23 02:00:00+00:00,12589,13961,crop_patch_boundary,2025_HARP12589_20250122_1048_20250123_0512,"ValueError('Target crop leaves block patch: bounds=(-66, 1922, -78, 1910), shape=(1834, 1834)')",2025,E00005,True,,,False
20250123_0336_HARP12589_NOAA13961,2025-01-23 03:36:00+00:00,12589,13961,crop_patch_boundary,2025_HARP12589_20250122_1048_20250123_0512,"ValueError('Target crop leaves block patch: bounds=(-59, 1913, -72, 1900), shape=(1834, 1834)')",2025,E00005,True,,,False
20250123_0512_HARP12589_NOAA13961,2025-01-23 05:12:00+00:00,12589,13961,crop_patch_boundary,2025_HARP12589_20250122_1048_20250123_0512,"ValueError('Target crop leaves block patch: bounds=(-54, 1904, -67, 1891), shape=(1834, 1834)')",2025,E00005,True,,,False
20250123_0924_HARP12589_NOAA13961,2025-01-23 09:24:00+00:00,12589,13961,crop_patch_boundary,2025_HARP12589_20250123_0924_20250123_2224,"ValueError('Target crop leaves block patch: bounds=(-48, 1881, -48, 1880), shape=(1834, 1834)')",2025,E00006,True,,,False
20250123_1112_HARP12589_NOAA13961,2025-01-23 11:12:00+00:00,12589,13961,crop_patch_boundary,2025_HARP12589_20250123_0924_20250123_2224,"ValueError('Target crop leaves block patch: bounds=(-23, 1898, -46, 1876), shape=(1834, 1834)')",2025,E00006,True,,,False
20250123_1248_HARP12589_NOAA13961,2025-01-23 12:48:00+00:00,12589,13961,crop_patch_boundary,2025_HARP12589_20250123_0924_20250123_2224,"ValueError('Target crop leaves block patch: bounds=(-22, 1890, -41, 1872), shape=(1834, 1834)')",2025,E00006,True,,,False
20250123_1424_HARP12589_NOAA13961,2025-01-23 14:24:00+00:00,12589,13961,crop_patch_boundary,2025_HARP12589_20250123_0924_20250123_2224,"ValueError('Target crop leaves block patch: bounds=(-19, 1880, -34, 1865), shape=(1834, 1834)')",2025,E00006,True,,,False
20250123_1600_HARP12589_NOAA13961,2025-01-23 16:00:00+00:00,12589,13961,crop_patch_boundary,2025_HARP12589_20250123_0924_20250123_2224,"ValueError('Target crop leaves block patch: bounds=(-14, 1870, -26, 1858), shape=(1834, 1834)')",2025,E00006,True,,,False
20250123_1736_HARP12589_NOAA13961,2025-01-23 17:36:00+00:00,12589,13961,crop_patch_boundary,2025_HARP12589_20250123_0924_20250123_2224,"ValueError('Target crop leaves block patch: bounds=(-11, 1860, -19, 1852), shape=(1834, 1834)')",2025,E00006,True,,,False
20250123_1912_HARP12589_NOAA13961,2025-01-23 19:12:00+00:00,12589,13961,crop_patch_boundary,2025_HARP12589_20250123_0924_20250123_2224,"ValueError('Target crop leaves block patch: bounds=(-7, 1849, -11, 1845), shape=(1834, 1834)')",2025,E00006,True,,,False
20250123_2048_HARP12589_NOAA13961,2025-01-23 20:48:00+00:00,12589,13961,crop_patch_boundary,2025_HARP12589_20250123_0924_20250123_2224,"ValueError('Target crop leaves block patch: bounds=(-3, 1837, -3, 1836), shape=(1834, 1834)')",2025,E00006,True,,,False
20250124_1000_HARP12600_NOAA13962,2025-01-24 10:00:00+00:00,12600,13962,block_download_or_coverage,,,2025,E00007,False,,,False
20250124_1136_HARP12600_NOAA13962,2025-01-24 11:36:00+00:00,12600,13962,block_download_or_coverage,,,2025,E00007,False,,,False
20250124_1312_HARP12600_NOAA13962,2025-01-24 13:12:00+00:00,12600,13962,block_download_or_coverage,,,2025,E00007,False,,,False
20250124_1448_HARP12600_NOAA13962,2025-01-24 14:48:00+00:00,12600,13962,block_download_or_coverage,,,2025,E00007,False,,,False
20250124_1624_HARP12600_NOAA13962,2025-01-24 16:24:00+00:00,12600,13962,block_download_or_coverage,,,2025,E00007,False,,,False
20250122_1136_HARP12600_NOAA13962,2025-01-22 11:36:00+00:00,12600,13962,crop_patch_boundary,2025_HARP12600_20250122_1000_20250122_1624,"ValueError('Target crop leaves block patch: bounds=(1, 1840, -3, 1836), shape=(1834, 1834)')",2025,E00008,True,,,False
20250122_1312_HARP12600_NOAA13962,2025-01-22 13:12:00+00:00,12600,13962,crop_patch_boundary,2025_HARP12600_20250122_1000_20250122_1624,"ValueError('Target crop leaves block patch: bounds=(-6, 1839, -6, 1839), shape=(1834, 1834)')",2025,E00008,True,,,False
20250122_1448_HARP12600_NOAA13962,2025-01-22 14:48:00+00:00,12600,13962,crop_patch_boundary,2025_HARP12600_20250122_1000_20250122_1624,"ValueError('Target crop leaves block patch: bounds=(-9, 1837, -7, 1840), shape=(1834, 1834)')",2025,E00008,True,,,False
20250122_1624_HARP12600_NOAA13962,2025-01-22 16:24:00+00:00,12600,13962,crop_patch_boundary,2025_HARP12600_20250122_1000_20250122_1624,"ValueError('Target crop leaves block patch: bounds=(-11, 1834, -6, 1839), shape=(1834, 1834)')",2025,E00008,True,,,False
20250122_1936_HARP12600_NOAA13962,2025-01-22 19:36:00+00:00,12600,13962,crop_patch_boundary,2025_HARP12600_20250122_1936_20250122_2112,"ValueError('Target crop leaves block patch: bounds=(6, 1852, -7, 1840), shape=(1834, 1834)')",2025,E00008,True,,,False
20250122_2112_HARP12600_NOAA13962,2025-01-22 21:12:00+00:00,12600,13962,crop_patch_boundary,2025_HARP12600_20250122_1936_20250122_2112,"ValueError('Target crop leaves block patch: bounds=(4, 1848, -7, 1838), shape=(1834, 1834)')",2025,E00008,True,,,False
20250123_0112_HARP12600_NOAA13962,2025-01-23 01:12:00+00:00,12600,13962,crop_patch_boundary,2025_HARP12600_20250123_0112_20250123_0424,"ValueError('Target crop leaves block patch: bounds=(1, 1838, 0, 1837), shape=(1834, 1834)')",2025,E00009,True,,,False
20250123_0248_HARP12600_NOAA13962,2025-01-23 02:48:00+00:00,12600,13962,crop_patch_boundary,2025_HARP12600_20250123_0112_20250123_0424,"ValueError('Target crop leaves block patch: bounds=(-1, 1835, -1, 1835), shape=(1834, 1834)')",2025,E00009,True,,,False
20250123_0424_HARP12600_NOAA13962,2025-01-23 04:24:00+00:00,12600,13962,crop_patch_boundary,2025_HARP12600_20250123_0112_20250123_0424,"ValueError('Target crop leaves block patch: bounds=(-6, 1830, -2, 1834), shape=(1834, 1834)')",2025,E00009,True,,,False
20250123_1024_HARP12600_NOAA13962,2025-01-23 10:24:00+00:00,12600,13962,crop_patch_boundary,2025_HARP12600_20250123_1024_20250124_0536,"ValueError('Target crop leaves block patch: bounds=(21, 1845, 1, 1826), shape=(1834, 1834)')",2025,E00010,True,,,False
20250123_1200_HARP12600_NOAA13962,2025-01-23 12:00:00+00:00,12600,13962,crop_patch_boundary,2025_HARP12600_20250123_1024_20250124_0536,"ValueError('Target crop leaves block patch: bounds=(22, 1839, 6, 1823), shape=(1834, 1834)')",2025,E00010,True,,,False
20250124_1024_HARP12623_NOAA13969,2025-01-24 10:24:00+00:00,12623,13969,block_download_or_coverage,,,2025,E00011,False,,,False
20250124_1200_HARP12623_NOAA13969,2025-01-24 12:00:00+00:00,12623,13969,block_download_or_coverage,,,2025,E00011,False,,,False
20250124_1336_HARP12623_NOAA13969,2025-01-24 13:36:00+00:00,12623,13969,block_download_or_coverage,,,2025,E00011,False,,,False
20250124_1512_HARP12623_NOAA13969,2025-01-24 15:12:00+00:00,12623,13969,block_download_or_coverage,,,2025,E00011,False,,,False
20250124_1648_HARP12623_NOAA13969,2025-01-24 16:48:00+00:00,12623,13969,block_download_or_coverage,,,2025,E00011,False,,,False
20250124_1824_HARP12623_NOAA13969,2025-01-24 18:24:00+00:00,12623,13969,block_download_or_coverage,,,2025,E00011,False,,,False
20250124_2000_HARP12623_NOAA13969,2025-01-24 20:00:00+00:00,12623,13969,block_download_or_coverage,,,2025,E00011,False,,,False
20250124_2136_HARP12623_NOAA13969,2025-01-24 21:36:00+00:00,12623,13969,block_download_or_coverage,,,2025,E00011,False,,,False
20250124_2312_HARP12623_NOAA13969,2025-01-24 23:12:00+00:00,12623,13969,block_download_or_coverage,,,2025,E00011,False,,,False
20250125_0048_HARP12623_NOAA13969,2025-01-25 00:48:00+00:00,12623,13969,block_download_or_coverage,,,2025,E00011,False,,,False
20250125_0224_HARP12623_NOAA13969,2025-01-25 02:24:00+00:00,12623,13969,block_download_or_coverage,,,2025,E00011,False,,,False
20250125_0400_HARP12623_NOAA13969,2025-01-25 04:00:00+00:00,12623,13969,block_download_or_coverage,,,2025,E00011,False,,,False
20250125_0536_HARP12623_NOAA13969,2025-01-25 05:36:00+00:00,12623,13969,block_download_or_coverage,,,2025,E00011,False,,,False
20250124_1124_HARP12643_NOAA13973,2025-01-24 11:24:00+00:00,12643,13973,block_download_or_coverage,,,2025,E00012,False,,,False
20250124_1300_HARP12643_NOAA13973,2025-01-24 13:00:00+00:00,12643,13973,block_download_or_coverage,,,2025,E00012,False,,,False
20250124_1436_HARP12643_NOAA13973,2025-01-24 14:36:00+00:00,12643,13973,block_download_or_coverage,,,2025,E00012,False,,,False
20250124_1612_HARP12643_NOAA13973,2025-01-24 16:12:00+00:00,12643,13973,block_download_or_coverage,,,2025,E00012,False,,,False
20250124_1748_HARP12643_NOAA13973,2025-01-24 17:48:00+00:00,12643,13973,block_download_or_coverage,,,2025,E00012,False,,,False
20250124_1924_HARP12643_NOAA13973,2025-01-24 19:24:00+00:00,12643,13973,block_download_or_coverage,,,2025,E00012,False,,,False
20250124_2100_HARP12643_NOAA13973,2025-01-24 21:00:00+00:00,12643,13973,block_download_or_coverage,,,2025,E00012,False,,,False
20250124_2236_HARP12643_NOAA13973,2025-01-24 22:36:00+00:00,12643,13973,block_download_or_coverage,,,2025,E00012,False,,,False
20250125_0012_HARP12643_NOAA13973,2025-01-25 00:12:00+00:00,12643,13973,block_download_or_coverage,,,2025,E00012,False,,,False
20250125_0148_HARP12643_NOAA13973,2025-01-25 01:48:00+00:00,12643,13973,block_download_or_coverage,,,2025,E00012,False,,,False
20250125_0324_HARP12643_NOAA13973,2025-01-25 03:24:00+00:00,12643,13973,block_download_or_coverage,,,2025,E00012,False,,,False
20250125_0500_HARP12643_NOAA13973,2025-01-25 05:00:00+00:00,12643,13973,block_download_or_coverage,,,2025,E00012,False,,,False
20250218_0324_HARP12755_NOAA13993,2025-02-18 03:24:00+00:00,12755,13993,crop_patch_boundary,2025_HARP12755_20250218_0324_20250219_0148,"ValueError('Target crop leaves block patch: bounds=(-1, 1918, -51, 1868), shape=(1834, 1834)')",2025,E00013,True,53341.0,False,True
20250218_0500_HARP12755_NOAA13993,2025-02-18 05:00:00+00:00,12755,13993,crop_patch_boundary,2025_HARP12755_20250218_0324_20250219_0148,"ValueError('Target crop leaves block patch: bounds=(-13, 1919, -55, 1876), shape=(1834, 1834)')",2025,E00013,True,,,False
20250218_0636_HARP12755_NOAA13993,2025-02-18 06:36:00+00:00,12755,13993,crop_patch_boundary,2025_HARP12755_20250218_0324_20250219_0148,"ValueError('Target crop leaves block patch: bounds=(-24, 1916, -55, 1885), shape=(1834, 1834)')",2025,E00013,True,,,False
20250218_0812_HARP12755_NOAA13993,2025-02-18 08:12:00+00:00,12755,13993,crop_patch_boundary,2025_HARP12755_20250218_0324_20250219_0148,"ValueError('Target crop leaves block patch: bounds=(-34, 1905, -53, 1886), shape=(1834, 1834)')",2025,E00013,True,,,False
20250218_0948_HARP12755_NOAA13993,2025-02-18 09:48:00+00:00,12755,13993,crop_patch_boundary,2025_HARP12755_20250218_0324_20250219_0148,"ValueError('Target crop leaves block patch: bounds=(-43, 1901, -55, 1890), shape=(1834, 1834)')",2025,E00013,True,,,False
20250218_1124_HARP12755_NOAA13993,2025-02-18 11:24:00+00:00,12755,13993,crop_patch_boundary,2025_HARP12755_20250218_0324_20250219_0148,"ValueError('Target crop leaves block patch: bounds=(-49, 1889, -50, 1887), shape=(1834, 1834)')",2025,E00013,True,,,False
20250218_1300_HARP12755_NOAA13993,2025-02-18 13:00:00+00:00,12755,13993,crop_patch_boundary,2025_HARP12755_20250218_0324_20250219_0148,"ValueError('Target crop leaves block patch: bounds=(-54, 1893, -55, 1891), shape=(1834, 1834)')",2025,E00013,True,,,False
20250218_1436_HARP12755_NOAA13993,2025-02-18 14:36:00+00:00,12755,13993,crop_patch_boundary,2025_HARP12755_20250218_0324_20250219_0148,"ValueError('Target crop leaves block patch: bounds=(-60, 1894, -61, 1894), shape=(1834, 1834)')",2025,E00013,True,,,False
20250218_1612_HARP12755_NOAA13993,2025-02-18 16:12:00+00:00,12755,13993,crop_patch_boundary,2025_HARP12755_20250218_0324_20250219_0148,"ValueError('Target crop leaves block patch: bounds=(-72, 1894, -67, 1899), shape=(1834, 1834)')",2025,E00013,True,,,False
20250218_1748_HARP12755_NOAA13993,2025-02-18 17:48:00+00:00,12755,13993,crop_patch_boundary,2025_HARP12755_20250218_0324_20250219_0148,"ValueError('Target crop leaves block patch: bounds=(-80, 1893, -68, 1905), shape=(1834, 1834)')",2025,E00013,True,,,False
20250218_1924_HARP12755_NOAA13993,2025-02-18 19:24:00+00:00,12755,13993,crop_patch_boundary,2025_HARP12755_20250218_0324_20250219_0148,"ValueError('Target crop leaves block patch: bounds=(-86, 1889, -69, 1907), shape=(1834, 1834)')",2025,E00013,True,,,False
20250218_2100_HARP12755_NOAA13993,2025-02-18 21:00:00+00:00,12755,13993,crop_patch_boundary,2025_HARP12755_20250218_0324_20250219_0148,"ValueError('Target crop leaves block patch: bounds=(-90, 1877, -65, 1902), shape=(1834, 1834)')",2025,E00013,True,,,False
20250218_2236_HARP12755_NOAA13993,2025-02-18 22:36:00+00:00,12755,13993,crop_patch_boundary,2025_HARP12755_20250218_0324_20250219_0148,"ValueError('Target crop leaves block patch: bounds=(-94, 1862, -59, 1898), shape=(1834, 1834)')",2025,E00013,True,,,False
20250219_0012_HARP12755_NOAA13993,2025-02-19 00:12:00+00:00,12755,13993,crop_patch_boundary,2025_HARP12755_20250218_0324_20250219_0148,"ValueError('Target crop leaves block patch: bounds=(-99, 1851, -56, 1894), shape=(1834, 1834)')",2025,E00013,True,,,False
20250219_0148_HARP12755_NOAA13993,2025-02-19 01:48:00+00:00,12755,13993,crop_patch_boundary,2025_HARP12755_20250218_0324_20250219_0148,"ValueError('Target crop leaves block patch: bounds=(-100, 1842, -52, 1891), shape=(1834, 1834)')",2025,E00013,True,,,False
20250219_0500_HARP12755_NOAA13993,2025-02-19 05:00:00+00:00,12755,13993,crop_patch_boundary,2025_HARP12755_20250219_0500_20250220_0336,"ValueError('Target crop leaves block patch: bounds=(-123, 1828, -61, 1890), shape=(1834, 1834)')",2025,E00013,True,,,False
20250219_0812_HARP12755_NOAA13993,2025-02-19 08:12:00+00:00,12755,13993,crop_patch_boundary,2025_HARP12755_20250219_0500_20250220_0336,"ValueError('Target crop leaves block patch: bounds=(-125, 1825, -58, 1892), shape=(1834, 1834)')",2025,E00013,True,,,False
20250219_1436_HARP12755_NOAA13993,2025-02-19 14:36:00+00:00,12755,13993,crop_patch_boundary,2025_HARP12755_20250219_0500_20250220_0336,"ValueError('Target crop leaves block patch: bounds=(-125, 1810, -52, 1883), shape=(1834, 1834)')",2025,E00014,True,53367.0,False,True
20250219_1612_HARP12755_NOAA13993,2025-02-19 16:12:00+00:00,12755,13993,crop_patch_boundary,2025_HARP12755_20250219_0500_20250220_0336,"ValueError('Target crop leaves block patch: bounds=(-128, 1801, -49, 1880), shape=(1834, 1834)')",2025,E00014,True,,,False
20250219_1748_HARP12755_NOAA13993,2025-02-19 17:48:00+00:00,12755,13993,crop_patch_boundary,2025_HARP12755_20250219_0500_20250220_0336,"ValueError('Target crop leaves block patch: bounds=(-130, 1800, -49, 1882), shape=(1834, 1834)')",2025,E00014,True,,,False
20250219_1936_HARP12755_NOAA13993,2025-02-19 19:36:00+00:00,12755,13993,crop_patch_boundary,2025_HARP12755_20250219_0500_20250220_0336,"ValueError('Target crop leaves block patch: bounds=(-104, 1827, -49, 1882), shape=(1834, 1834)')",2025,E00014,True,,,False
20250220_0024_HARP12755_NOAA13993,2025-02-20 00:24:00+00:00,12755,13993,crop_patch_boundary,2025_HARP12755_20250219_0500_20250220_0336,"ValueError('Target crop leaves block patch: bounds=(-109, 1813, -44, 1878), shape=(1834, 1834)')",2025,E00015,True,,,False
20250220_0200_HARP12755_NOAA13993,2025-02-20 02:00:00+00:00,12755,13993,crop_patch_boundary,2025_HARP12755_20250219_0500_20250220_0336,"ValueError('Target crop leaves block patch: bounds=(-111, 1807, -43, 1875), shape=(1834, 1834)')",2025,E00015,True,,,False
20250220_0336_HARP12755_NOAA13993,2025-02-20 03:36:00+00:00,12755,13993,crop_patch_boundary,2025_HARP12755_20250219_0500_20250220_0336,"ValueError('Target crop leaves block patch: bounds=(-115, 1801, -41, 1875), shape=(1834, 1834)')",2025,E00015,True,,,False
20250220_0512_HARP12755_NOAA13993,2025-02-20 05:12:00+00:00,12755,13993,crop_patch_boundary,2025_HARP12755_20250220_0512_20250220_1624,"ValueError('Target crop leaves block patch: bounds=(-6, 1902, -37, 1872), shape=(1834, 1834)')",2025,E00015,True,,,False
20250220_0648_HARP12755_NOAA13993,2025-02-20 06:48:00+00:00,12755,13993,crop_patch_boundary,2025_HARP12755_20250220_0512_20250220_1624,"ValueError('Target crop leaves block patch: bounds=(-6, 1888, -30, 1864), shape=(1834, 1834)')",2025,E00015,True,,,False
20250220_0824_HARP12755_NOAA13993,2025-02-20 08:24:00+00:00,12755,13993,crop_patch_boundary,2025_HARP12755_20250220_0512_20250220_1624,"ValueError('Target crop leaves block patch: bounds=(-9, 1878, -27, 1860), shape=(1834, 1834)')",2025,E00015,True,,,False
20250220_1000_HARP12755_NOAA13993,2025-02-20 10:00:00+00:00,12755,13993,crop_patch_boundary,2025_HARP12755_20250220_0512_20250220_1624,"ValueError('Target crop leaves block patch: bounds=(-10, 1868, -23, 1855), shape=(1834, 1834)')",2025,E00015,True,,,False
20250220_1136_HARP12755_NOAA13993,2025-02-20 11:36:00+00:00,12755,13993,crop_patch_boundary,2025_HARP12755_20250220_0512_20250220_1624,"ValueError('Target crop leaves block patch: bounds=(-16, 1867, -25, 1858), shape=(1834, 1834)')",2025,E00015,True,,,False
20250220_1312_HARP12755_NOAA13993,2025-02-20 13:12:00+00:00,12755,13993,crop_patch_boundary,2025_HARP12755_20250220_0512_20250220_1624,"ValueError('Target crop leaves block patch: bounds=(-22, 1864, -27, 1859), shape=(1834, 1834)')",2025,E00015,True,,,False
20250220_1448_HARP12755_NOAA13993,2025-02-20 14:48:00+00:00,12755,13993,crop_patch_boundary,2025_HARP12755_20250220_0512_20250220_1624,"ValueError('Target crop leaves block patch: bounds=(-31, 1859, -29, 1861), shape=(1834, 1834)')",2025,E00015,True,,,False
20250220_1624_HARP12755_NOAA13993,2025-02-20 16:24:00+00:00,12755,13993,crop_patch_boundary,2025_HARP12755_20250220_0512_20250220_1624,"ValueError('Target crop leaves block patch: bounds=(-33, 1853, -28, 1858), shape=(1834, 1834)')",2025,E00015,True,,,False
20250220_1936_HARP12755_NOAA13993,2025-02-20 19:36:00+00:00,12755,13993,crop_patch_boundary,2025_HARP12755_20250220_1936_20250221_1624,"ValueError('Target crop leaves block patch: bounds=(22, 1890, -19, 1849), shape=(1834, 1834)')",2025,E00015,True,,,False
20250220_2112_HARP12755_NOAA13993,2025-02-20 21:12:00+00:00,12755,13993,crop_patch_boundary,2025_HARP12755_20250220_1936_20250221_1624,"ValueError('Target crop leaves block patch: bounds=(24, 1882, -14, 1844), shape=(1834, 1834)')",2025,E00015,True,,,False
20250220_2248_HARP12755_NOAA13993,2025-02-20 22:48:00+00:00,12755,13993,crop_patch_boundary,2025_HARP12755_20250220_1936_20250221_1624,"ValueError('Target crop leaves block patch: bounds=(27, 1873, -8, 1839), shape=(1834, 1834)')",2025,E00015,True,,,False
20250221_0024_HARP12755_NOAA13993,2025-02-21 00:24:00+00:00,12755,13993,crop_patch_boundary,2025_HARP12755_20250220_1936_20250221_1624,"ValueError('Target crop leaves block patch: bounds=(31, 1863, -1, 1831), shape=(1834, 1834)')",2025,E00015,True,,,False
20250221_0200_HARP12755_NOAA13993,2025-02-21 02:00:00+00:00,12755,13993,crop_patch_boundary,2025_HARP12755_20250220_1936_20250221_1624,"ValueError('Target crop leaves block patch: bounds=(35, 1849, 9, 1823), shape=(1834, 1834)')",2025,E00015,True,,,False
20250221_0336_HARP12755_NOAA13993,2025-02-21 03:36:00+00:00,12755,13993,crop_patch_boundary,2025_HARP12755_20250220_1936_20250221_1624,"ValueError('Target crop leaves block patch: bounds=(38, 1836, 17, 1814), shape=(1834, 1834)')",2025,E00015,True,,,False
20250228_0500_HARP12808_NOAA14006,2025-02-28 05:00:00+00:00,12808,14006,crop_patch_boundary,2025_HARP12808_20250228_0500_20250301_0324,"ValueError('Target crop leaves block patch: bounds=(25, 1852, 13, 1840), shape=(1834, 1834)')",2025,E00016,True,,,False
20250228_0636_HARP12808_NOAA14006,2025-02-28 06:36:00+00:00,12808,14006,crop_patch_boundary,2025_HARP12808_20250228_0500_20250301_0324,"ValueError('Target crop leaves block patch: bounds=(14, 1854, 3, 1843), shape=(1834, 1834)')",2025,E00016,True,,,False
20250228_0812_HARP12808_NOAA14006,2025-02-28 08:12:00+00:00,12808,14006,crop_patch_boundary,2025_HARP12808_20250228_0500_20250301_0324,"ValueError('Target crop leaves block patch: bounds=(4, 1859, -6, 1849), shape=(1834, 1834)')",2025,E00016,True,,,False
20250228_0948_HARP12808_NOAA14006,2025-02-28 09:48:00+00:00,12808,14006,crop_patch_boundary,2025_HARP12808_20250228_0500_20250301_0324,"ValueError('Target crop leaves block patch: bounds=(-7, 1863, -15, 1855), shape=(1834, 1834)')",2025,E00016,True,,,False
20250228_1124_HARP12808_NOAA14006,2025-02-28 11:24:00+00:00,12808,14006,crop_patch_boundary,2025_HARP12808_20250228_0500_20250301_0324,"ValueError('Target crop leaves block patch: bounds=(-18, 1868, -24, 1861), shape=(1834, 1834)')",2025,E00016,True,,,False
20250228_1300_HARP12808_NOAA14006,2025-02-28 13:00:00+00:00,12808,14006,crop_patch_boundary,2025_HARP12808_20250228_0500_20250301_0324,"ValueError('Target crop leaves block patch: bounds=(-30, 1874, -35, 1870), shape=(1834, 1834)')",2025,E00016,True,,,False
20250228_1436_HARP12808_NOAA14006,2025-02-28 14:36:00+00:00,12808,14006,crop_patch_boundary,2025_HARP12808_20250228_0500_20250301_0324,"ValueError('Target crop leaves block patch: bounds=(-40, 1880, -44, 1877), shape=(1834, 1834)')",2025,E00016,True,,,False
20250228_1612_HARP12808_NOAA14006,2025-02-28 16:12:00+00:00,12808,14006,crop_patch_boundary,2025_HARP12808_20250228_0500_20250301_0324,"ValueError('Target crop leaves block patch: bounds=(-50, 1884, -50, 1883), shape=(1834, 1834)')",2025,E00016,True,,,False
20250228_1748_HARP12808_NOAA14006,2025-02-28 17:48:00+00:00,12808,14006,crop_patch_boundary,2025_HARP12808_20250228_0500_20250301_0324,"ValueError('Target crop leaves block patch: bounds=(-59, 1887, -58, 1888), shape=(1834, 1834)')",2025,E00016,True,,,False
20250228_1924_HARP12808_NOAA14006,2025-02-28 19:24:00+00:00,12808,14006,crop_patch_boundary,2025_HARP12808_20250228_0500_20250301_0324,"ValueError('Target crop leaves block patch: bounds=(-66, 1890, -64, 1892), shape=(1834, 1834)')",2025,E00016,True,,,False
20250228_2100_HARP12808_NOAA14006,2025-02-28 21:00:00+00:00,12808,14006,crop_patch_boundary,2025_HARP12808_20250228_0500_20250301_0324,"ValueError('Target crop leaves block patch: bounds=(-73, 1892, -69, 1896), shape=(1834, 1834)')",2025,E00016,True,,,False
20250228_2236_HARP12808_NOAA14006,2025-02-28 22:36:00+00:00,12808,14006,crop_patch_boundary,2025_HARP12808_20250228_0500_20250301_0324,"ValueError('Target crop leaves block patch: bounds=(-81, 1892, -74, 1899), shape=(1834, 1834)')",2025,E00016,True,,,False
20250301_0012_HARP12808_NOAA14006,2025-03-01 00:12:00+00:00,12808,14006,crop_patch_boundary,2025_HARP12808_20250228_0500_20250301_0324,"ValueError('Target crop leaves block patch: bounds=(-92, 1895, -82, 1905), shape=(1834, 1834)')",2025,E00016,True,,,False
20250301_0148_HARP12808_NOAA14006,2025-03-01 01:48:00+00:00,12808,14006,crop_patch_boundary,2025_HARP12808_20250228_0500_20250301_0324,"ValueError('Target crop leaves block patch: bounds=(-108, 1896, -92, 1913), shape=(1834, 1834)')",2025,E00016,True,,,False
20250301_0324_HARP12808_NOAA14006,2025-03-01 03:24:00+00:00,12808,14006,crop_patch_boundary,2025_HARP12808_20250228_0500_20250301_0324,"ValueError('Target crop leaves block patch: bounds=(-130, 1898, -103, 1925), shape=(1834, 1834)')",2025,E00016,True,,,False
20250301_0500_HARP12808_NOAA14006,2025-03-01 05:00:00+00:00,12808,14006,crop_patch_boundary,2025_HARP12808_20250301_0500_20250302_0324,"ValueError('Target crop leaves block patch: bounds=(-71, 1977, -105, 1944), shape=(1834, 1834)')",2025,E00016,True,,,False
20250301_0636_HARP12808_NOAA14006,2025-03-01 06:36:00+00:00,12808,14006,crop_patch_boundary,2025_HARP12808_20250301_0500_20250302_0324,"ValueError('Target crop leaves block patch: bounds=(-83, 1980, -112, 1950), shape=(1834, 1834)')",2025,E00016,True,,,False
20250301_0812_HARP12808_NOAA14006,2025-03-01 08:12:00+00:00,12808,14006,crop_patch_boundary,2025_HARP12808_20250301_0500_20250302_0324,"ValueError('Target crop leaves block patch: bounds=(-92, 1981, -128, 1945), shape=(1834, 1834)')",2025,E00016,True,,,False
20250301_0948_HARP12808_NOAA14006,2025-03-01 09:48:00+00:00,12808,14006,crop_patch_boundary,2025_HARP12808_20250301_0500_20250302_0324,"ValueError('Target crop leaves block patch: bounds=(-102, 1983, -137, 1948), shape=(1834, 1834)')",2025,E00016,True,,,False
20250301_1124_HARP12808_NOAA14006,2025-03-01 11:24:00+00:00,12808,14006,crop_patch_boundary,2025_HARP12808_20250301_0500_20250302_0324,"ValueError('Target crop leaves block patch: bounds=(-118, 1985, -138, 1965), shape=(1834, 1834)')",2025,E00016,True,,,False
20250301_1300_HARP12808_NOAA14006,2025-03-01 13:00:00+00:00,12808,14006,crop_patch_boundary,2025_HARP12808_20250301_0500_20250302_0324,"ValueError('Target crop leaves block patch: bounds=(-129, 1986, -143, 1972), shape=(1834, 1834)')",2025,E00016,True,,,False
20250301_1436_HARP12808_NOAA14006,2025-03-01 14:36:00+00:00,12808,14006,crop_patch_boundary,2025_HARP12808_20250301_0500_20250302_0324,"ValueError('Target crop leaves block patch: bounds=(-142, 1986, -147, 1981), shape=(1834, 1834)')",2025,E00016,True,,,False
20250301_1612_HARP12808_NOAA14006,2025-03-01 16:12:00+00:00,12808,14006,crop_patch_boundary,2025_HARP12808_20250301_0500_20250302_0324,"ValueError('Target crop leaves block patch: bounds=(-154, 1986, -153, 1986), shape=(1834, 1834)')",2025,E00016,True,,,False
20250301_1748_HARP12808_NOAA14006,2025-03-01 17:48:00+00:00,12808,14006,crop_patch_boundary,2025_HARP12808_20250301_0500_20250302_0324,"ValueError('Target crop leaves block patch: bounds=(-159, 1985, -157, 1987), shape=(1834, 1834)')",2025,E00016,True,,,False
20250301_1924_HARP12808_NOAA14006,2025-03-01 19:24:00+00:00,12808,14006,crop_patch_boundary,2025_HARP12808_20250301_0500_20250302_0324,"ValueError('Target crop leaves block patch: bounds=(-165, 1985, -161, 1990), shape=(1834, 1834)')",2025,E00016,True,,,False
20250301_2100_HARP12808_NOAA14006,2025-03-01 21:00:00+00:00,12808,14006,crop_patch_boundary,2025_HARP12808_20250301_0500_20250302_0324,"ValueError('Target crop leaves block patch: bounds=(-169, 1986, -164, 1991), shape=(1834, 1834)')",2025,E00016,True,,,False
20250301_2236_HARP12808_NOAA14006,2025-03-01 22:36:00+00:00,12808,14006,crop_patch_boundary,2025_HARP12808_20250301_0500_20250302_0324,"ValueError('Target crop leaves block patch: bounds=(-175, 1985, -167, 1993), shape=(1834, 1834)')",2025,E00016,True,,,False
20250302_0012_HARP12808_NOAA14006,2025-03-02 00:12:00+00:00,12808,14006,crop_patch_boundary,2025_HARP12808_20250301_0500_20250302_0324,"ValueError('Target crop leaves block patch: bounds=(-184, 1984, -173, 1995), shape=(1834, 1834)')",2025,E00016,True,,,False
20250302_0148_HARP12808_NOAA14006,2025-03-02 01:48:00+00:00,12808,14006,crop_patch_boundary,2025_HARP12808_20250301_0500_20250302_0324,"ValueError('Target crop leaves block patch: bounds=(-196, 1982, -179, 1998), shape=(1834, 1834)')",2025,E00016,True,,,False
20250302_0324_HARP12808_NOAA14006,2025-03-02 03:24:00+00:00,12808,14006,crop_patch_boundary,2025_HARP12808_20250301_0500_20250302_0324,"ValueError('Target crop leaves block patch: bounds=(-202, 1982, -185, 1999), shape=(1834, 1834)')",2025,E00016,True,,,False
20250302_0500_HARP12808_NOAA14006,2025-03-02 05:00:00+00:00,12808,14006,crop_patch_boundary,2025_HARP12808_20250302_0500_20250302_0948,"ValueError('Target crop leaves block patch: bounds=(-161, 2034, -179, 2016), shape=(1834, 1834)')",2025,E00016,True,,,False
20250302_0636_HARP12808_NOAA14006,2025-03-02 06:36:00+00:00,12808,14006,crop_patch_boundary,2025_HARP12808_20250302_0500_20250302_0948,"ValueError('Target crop leaves block patch: bounds=(-176, 2033, -188, 2021), shape=(1834, 1834)')",2025,E00016,True,,,False
20250302_0812_HARP12808_NOAA14006,2025-03-02 08:12:00+00:00,12808,14006,crop_patch_boundary,2025_HARP12808_20250302_0500_20250302_0948,"ValueError('Target crop leaves block patch: bounds=(-180, 2031, -187, 2024), shape=(1834, 1834)')",2025,E00016,True,,,False
20250302_0948_HARP12808_NOAA14006,2025-03-02 09:48:00+00:00,12808,14006,crop_patch_boundary,2025_HARP12808_20250302_0500_20250302_0948,"ValueError('Target crop leaves block patch: bounds=(-190, 2029, -192, 2027), shape=(1834, 1834)')",2025,E00016,True,,,False
20250302_1300_HARP12808_NOAA14006,2025-03-02 13:00:00+00:00,12808,14006,crop_patch_boundary,2025_HARP12808_20250302_1300_20250303_1124,"ValueError('Target crop leaves block patch: bounds=(-172, 2054, -194, 2032), shape=(1834, 1834)')",2025,E00016,True,,,False
20250302_1436_HARP12808_NOAA14006,2025-03-02 14:36:00+00:00,12808,14006,crop_patch_boundary,2025_HARP12808_20250302_1300_20250303_1124,"ValueError('Target crop leaves block patch: bounds=(-175, 2052, -194, 2033), shape=(1834, 1834)')",2025,E00016,True,,,False
20250302_1612_HARP12808_NOAA14006,2025-03-02 16:12:00+00:00,12808,14006,crop_patch_boundary,2025_HARP12808_20250302_1300_20250303_1124,"ValueError('Target crop leaves block patch: bounds=(-179, 2048, -194, 2034), shape=(1834, 1834)')",2025,E00016,True,,,False
20250302_1748_HARP12808_NOAA14006,2025-03-02 17:48:00+00:00,12808,14006,crop_patch_boundary,2025_HARP12808_20250302_1300_20250303_1124,"ValueError('Target crop leaves block patch: bounds=(-183, 2044, -193, 2034), shape=(1834, 1834)')",2025,E00016,True,,,False
20250302_1924_HARP12808_NOAA14006,2025-03-02 19:24:00+00:00,12808,14006,crop_patch_boundary,2025_HARP12808_20250302_1300_20250303_1124,"ValueError('Target crop leaves block patch: bounds=(-185, 2040, -193, 2033), shape=(1834, 1834)')",2025,E00016,True,,,False
20250302_2100_HARP12808_NOAA14006,2025-03-02 21:00:00+00:00,12808,14006,crop_patch_boundary,2025_HARP12808_20250302_1300_20250303_1124,"ValueError('Target crop leaves block patch: bounds=(-188, 2034, -191, 2031), shape=(1834, 1834)')",2025,E00016,True,,,False
20250302_2236_HARP12808_NOAA14006,2025-03-02 22:36:00+00:00,12808,14006,crop_patch_boundary,2025_HARP12808_20250302_1300_20250303_1124,"ValueError('Target crop leaves block patch: bounds=(-189, 2029, -190, 2028), shape=(1834, 1834)')",2025,E00016,True,,,False
20250303_0012_HARP12808_NOAA14006,2025-03-03 00:12:00+00:00,12808,14006,crop_patch_boundary,2025_HARP12808_20250302_1300_20250303_1124,"ValueError('Target crop leaves block patch: bounds=(-189, 2023, -189, 2022), shape=(1834, 1834)')",2025,E00016,True,,,False
20250303_0148_HARP12808_NOAA14006,2025-03-03 01:48:00+00:00,12808,14006,crop_patch_boundary,2025_HARP12808_20250302_1300_20250303_1124,"ValueError('Target crop leaves block patch: bounds=(-192, 2016, -188, 2020), shape=(1834, 1834)')",2025,E00016,True,,,False
20250303_0324_HARP12808_NOAA14006,2025-03-03 03:24:00+00:00,12808,14006,crop_patch_boundary,2025_HARP12808_20250302_1300_20250303_1124,"ValueError('Target crop leaves block patch: bounds=(-195, 2009, -183, 2021), shape=(1834, 1834)')",2025,E00016,True,,,False
20250303_0500_HARP12808_NOAA14006,2025-03-03 05:00:00+00:00,12808,14006,crop_patch_boundary,2025_HARP12808_20250302_1300_20250303_1124,"ValueError('Target crop leaves block patch: bounds=(-203, 2006, -181, 2028), shape=(1834, 1834)')",2025,E00016,True,,,False
20250303_0636_HARP12808_NOAA14006,2025-03-03 06:36:00+00:00,12808,14006,crop_patch_boundary,2025_HARP12808_20250302_1300_20250303_1124,"ValueError('Target crop leaves block patch: bounds=(-206, 2002, -177, 2031), shape=(1834, 1834)')",2025,E00016,True,,,False
20250303_0812_HARP12808_NOAA14006,2025-03-03 08:12:00+00:00,12808,14006,crop_patch_boundary,2025_HARP12808_20250302_1300_20250303_1124,"ValueError('Target crop leaves block patch: bounds=(-209, 1995, -178, 2026), shape=(1834, 1834)')",2025,E00016,True,,,False
20250303_0948_HARP12808_NOAA14006,2025-03-03 09:48:00+00:00,12808,14006,crop_patch_boundary,2025_HARP12808_20250302_1300_20250303_1124,"ValueError('Target crop leaves block patch: bounds=(-212, 1988, -176, 2024), shape=(1834, 1834)')",2025,E00016,True,,,False
20250303_1124_HARP12808_NOAA14006,2025-03-03 11:24:00+00:00,12808,14006,crop_patch_boundary,2025_HARP12808_20250302_1300_20250303_1124,"ValueError('Target crop leaves block patch: bounds=(-212, 1980, -170, 2022), shape=(1834, 1834)')",2025,E00016,True,,,False
20250303_1436_HARP12808_NOAA14006,2025-03-03 14:36:00+00:00,12808,14006,crop_patch_boundary,2025_HARP12808_20250303_1436_20250303_1748,"ValueError('Target crop leaves block patch: bounds=(-168, 2009, -174, 2003), shape=(1834, 1834)')",2025,E00016,True,,,False
20250303_1612_HARP12808_NOAA14006,2025-03-03 16:12:00+00:00,12808,14006,crop_patch_boundary,2025_HARP12808_20250303_1436_20250303_1748,"ValueError('Target crop leaves block patch: bounds=(-167, 2000, -167, 2000), shape=(1834, 1834)')",2025,E00016,True,,,False
20250303_1748_HARP12808_NOAA14006,2025-03-03 17:48:00+00:00,12808,14006,crop_patch_boundary,2025_HARP12808_20250303_1436_20250303_1748,"ValueError('Target crop leaves block patch: bounds=(-165, 1990, -157, 1998), shape=(1834, 1834)')",2025,E00016,True,,,False
20250303_2100_HARP12808_NOAA14006,2025-03-03 21:00:00+00:00,12808,14006,crop_patch_boundary,2025_HARP12808_20250303_2100_20250304_1924,"ValueError('Target crop leaves block patch: bounds=(-121, 2008, -165, 1965), shape=(1834, 1834)')",2025,E00016,True,,,False
20250303_2236_HARP12808_NOAA14006,2025-03-03 22:36:00+00:00,12808,14006,crop_patch_boundary,2025_HARP12808_20250303_2100_20250304_1924,"ValueError('Target crop leaves block patch: bounds=(-117, 1998, -156, 1959), shape=(1834, 1834)')",2025,E00016,True,,,False
20250304_0012_HARP12808_NOAA14006,2025-03-04 00:12:00+00:00,12808,14006,crop_patch_boundary,2025_HARP12808_20250303_2100_20250304_1924,"ValueError('Target crop leaves block patch: bounds=(-116, 1989, -151, 1954), shape=(1834, 1834)')",2025,E00016,True,,,False
20250304_0148_HARP12808_NOAA14006,2025-03-04 01:48:00+00:00,12808,14006,crop_patch_boundary,2025_HARP12808_20250303_2100_20250304_1924,"ValueError('Target crop leaves block patch: bounds=(-116, 1978, -144, 1950), shape=(1834, 1834)')",2025,E00016,True,,,False
20250304_0324_HARP12808_NOAA14006,2025-03-04 03:24:00+00:00,12808,14006,crop_patch_boundary,2025_HARP12808_20250303_2100_20250304_1924,"ValueError('Target crop leaves block patch: bounds=(-113, 1968, -135, 1946), shape=(1834, 1834)')",2025,E00016,True,,,False
20250304_0500_HARP12808_NOAA14006,2025-03-04 05:00:00+00:00,12808,14006,crop_patch_boundary,2025_HARP12808_20250303_2100_20250304_1924,"ValueError('Target crop leaves block patch: bounds=(-109, 1957, -124, 1942), shape=(1834, 1834)')",2025,E00016,True,,,False
20250304_0636_HARP12808_NOAA14006,2025-03-04 06:36:00+00:00,12808,14006,crop_patch_boundary,2025_HARP12808_20250303_2100_20250304_1924,"ValueError('Target crop leaves block patch: bounds=(-105, 1946, -111, 1940), shape=(1834, 1834)')",2025,E00016,True,,,False
20250304_0812_HARP12808_NOAA14006,2025-03-04 08:12:00+00:00,12808,14006,crop_patch_boundary,2025_HARP12808_20250303_2100_20250304_1924,"ValueError('Target crop leaves block patch: bounds=(-102, 1935, -101, 1935), shape=(1834, 1834)')",2025,E00016,True,,,False
20250304_0948_HARP12808_NOAA14006,2025-03-04 09:48:00+00:00,12808,14006,crop_patch_boundary,2025_HARP12808_20250303_2100_20250304_1924,"ValueError('Target crop leaves block patch: bounds=(-97, 1925, -93, 1929), shape=(1834, 1834)')",2025,E00016,True,,,False
20250304_1124_HARP12808_NOAA14006,2025-03-04 11:24:00+00:00,12808,14006,crop_patch_boundary,2025_HARP12808_20250303_2100_20250304_1924,"ValueError('Target crop leaves block patch: bounds=(-91, 1914, -83, 1922), shape=(1834, 1834)')",2025,E00016,True,,,False
20250304_1300_HARP12808_NOAA14006,2025-03-04 13:00:00+00:00,12808,14006,crop_patch_boundary,2025_HARP12808_20250303_2100_20250304_1924,"ValueError('Target crop leaves block patch: bounds=(-84, 1902, -72, 1914), shape=(1834, 1834)')",2025,E00016,True,,,False
20250304_1436_HARP12808_NOAA14006,2025-03-04 14:36:00+00:00,12808,14006,crop_patch_boundary,2025_HARP12808_20250303_2100_20250304_1924,"ValueError('Target crop leaves block patch: bounds=(-155, 1897, -104, 1948), shape=(1834, 1834)')",2025,E00016,True,,,False
20250304_1612_HARP12808_NOAA14006,2025-03-04 16:12:00+00:00,12808,14006,crop_patch_boundary,2025_HARP12808_20250303_2100_20250304_1924,"ValueError('Target crop leaves block patch: bounds=(-154, 1885, -96, 1943), shape=(1834, 1834)')",2025,E00016,True,,,False
20250304_1748_HARP12808_NOAA14006,2025-03-04 17:48:00+00:00,12808,14006,crop_patch_boundary,2025_HARP12808_20250303_2100_20250304_1924,"ValueError('Target crop leaves block patch: bounds=(-149, 1874, -86, 1936), shape=(1834, 1834)')",2025,E00016,True,,,False
20250304_1924_HARP12808_NOAA14006,2025-03-04 19:24:00+00:00,12808,14006,crop_patch_boundary,2025_HARP12808_20250303_2100_20250304_1924,"ValueError('Target crop leaves block patch: bounds=(-144, 1861, -75, 1929), shape=(1834, 1834)')",2025,E00016,True,,,False
20250225_0100_HARP12810_NOAA14005,2025-02-25 01:00:00+00:00,12810,14005,block_download_or_coverage,,,2025,E00017,False,,,False
20250225_0236_HARP12810_NOAA14005,2025-02-25 02:36:00+00:00,12810,14005,block_download_or_coverage,,,2025,E00017,False,,,False
20250225_0412_HARP12810_NOAA14005,2025-02-25 04:12:00+00:00,12810,14005,block_download_or_coverage,,,2025,E00017,False,,,False
20250225_0548_HARP12810_NOAA14005,2025-02-25 05:48:00+00:00,12810,14005,block_download_or_coverage,,,2025,E00017,False,,,False
20250225_0724_HARP12810_NOAA14005,2025-02-25 07:24:00+00:00,12810,14005,block_download_or_coverage,,,2025,E00017,False,,,False
20250225_0900_HARP12810_NOAA14005,2025-02-25 09:00:00+00:00,12810,14005,block_download_or_coverage,,,2025,E00017,False,,,False
20250225_1036_HARP12810_NOAA14005,2025-02-25 10:36:00+00:00,12810,14005,block_download_or_coverage,,,2025,E00017,False,,,False
20250225_1212_HARP12810_NOAA14005,2025-02-25 12:12:00+00:00,12810,14005,block_download_or_coverage,,,2025,E00017,False,,,False
20250225_1348_HARP12810_NOAA14005,2025-02-25 13:48:00+00:00,12810,14005,block_download_or_coverage,,,2025,E00017,False,,,False
20250225_1524_HARP12810_NOAA14005,2025-02-25 15:24:00+00:00,12810,14005,block_download_or_coverage,,,2025,E00017,False,,,False
20250225_1700_HARP12810_NOAA14005,2025-02-25 17:00:00+00:00,12810,14005,block_download_or_coverage,,,2025,E00017,False,,,False
20250225_1836_HARP12810_NOAA14005,2025-02-25 18:36:00+00:00,12810,14005,block_download_or_coverage,,,2025,E00017,False,,,False
20250225_2012_HARP12810_NOAA14005,2025-02-25 20:12:00+00:00,12810,14005,block_download_or_coverage,,,2025,E00017,False,,,False
20250225_2148_HARP12810_NOAA14005,2025-02-25 21:48:00+00:00,12810,14005,block_download_or_coverage,,,2025,E00017,False,,,False
20250225_2324_HARP12810_NOAA14005,2025-02-25 23:24:00+00:00,12810,14005,block_download_or_coverage,,,2025,E00017,False,,,False
20250312_0148_HARP12869_NOAA14018,2025-03-12 01:48:00+00:00,12869,14018,block_download_or_coverage,,,2025,E00018,False,53832.0,False,True
20250312_0324_HARP12869_NOAA14018,2025-03-12 03:24:00+00:00,12869,14018,block_download_or_coverage,,,2025,E00018,False,,,False
20250312_0500_HARP12869_NOAA14018,2025-03-12 05:00:00+00:00,12869,14018,block_download_or_coverage,,,2025,E00018,False,,,False
20250312_0636_HARP12869_NOAA14018,2025-03-12 06:36:00+00:00,12869,14018,block_download_or_coverage,,,2025,E00018,False,,,False
20250312_0812_HARP12869_NOAA14018,2025-03-12 08:12:00+00:00,12869,14018,block_download_or_coverage,,,2025,E00018,False,,,False
20250312_0948_HARP12869_NOAA14018,2025-03-12 09:48:00+00:00,12869,14018,block_download_or_coverage,,,2025,E00018,False,,,False
20250312_1124_HARP12869_NOAA14018,2025-03-12 11:24:00+00:00,12869,14018,block_download_or_coverage,,,2025,E00018,False,,,False
20250312_1300_HARP12869_NOAA14018,2025-03-12 13:00:00+00:00,12869,14018,block_download_or_coverage,,,2025,E00018,False,,,False
20250312_1436_HARP12869_NOAA14018,2025-03-12 14:36:00+00:00,12869,14018,block_download_or_coverage,,,2025,E00018,False,,,False
20250312_1612_HARP12869_NOAA14018,2025-03-12 16:12:00+00:00,12869,14018,block_download_or_coverage,,,2025,E00018,False,,,False
20250312_1748_HARP12869_NOAA14018,2025-03-12 17:48:00+00:00,12869,14018,block_download_or_coverage,,,2025,E00018,False,,,False
20250312_2000_HARP12869_NOAA14018,2025-03-12 20:00:00+00:00,12869,14018,block_download_or_coverage,,,2025,E00018,False,,,False
20250312_2136_HARP12869_NOAA14018,2025-03-12 21:36:00+00:00,12869,14018,block_download_or_coverage,,,2025,E00018,False,,,False
20250312_2312_HARP12869_NOAA14018,2025-03-12 23:12:00+00:00,12869,14018,block_download_or_coverage,,,2025,E00018,False,,,False
20250313_0048_HARP12869_NOAA14018,2025-03-13 00:48:00+00:00,12869,14018,block_download_or_coverage,,,2025,E00018,False,,,False
20250312_1124_HARP12873_NOAA14017,2025-03-12 11:24:00+00:00,12873,14017,block_download_or_coverage,,,2025,E00019,False,53845.0,False,True
20250312_1300_HARP12873_NOAA14017,2025-03-12 13:00:00+00:00,12873,14017,block_download_or_coverage,,,2025,E00019,False,,,False
20250312_1436_HARP12873_NOAA14017,2025-03-12 14:36:00+00:00,12873,14017,block_download_or_coverage,,,2025,E00019,False,,,False
20250312_1612_HARP12873_NOAA14017,2025-03-12 16:12:00+00:00,12873,14017,block_download_or_coverage,,,2025,E00019,False,,,False
20250312_1748_HARP12873_NOAA14017,2025-03-12 17:48:00+00:00,12873,14017,block_download_or_coverage,,,2025,E00019,False,,,False
20250312_2000_HARP12873_NOAA14017,2025-03-12 20:00:00+00:00,12873,14017,block_download_or_coverage,,,2025,E00019,False,,,False
20250312_2136_HARP12873_NOAA14017,2025-03-12 21:36:00+00:00,12873,14017,block_download_or_coverage,,,2025,E00019,False,,,False
20250311_0400_HARP12879_NOAA14019,2025-03-11 04:00:00+00:00,12879,14019,block_download_or_coverage,,,2025,E00020,False,,,False
20250311_0536_HARP12879_NOAA14019,2025-03-11 05:36:00+00:00,12879,14019,block_download_or_coverage,,,2025,E00020,False,,,False
20250311_0712_HARP12879_NOAA14019,2025-03-11 07:12:00+00:00,12879,14019,block_download_or_coverage,,,2025,E00020,False,,,False
20250311_0848_HARP12879_NOAA14019,2025-03-11 08:48:00+00:00,12879,14019,block_download_or_coverage,,,2025,E00020,False,,,False
20250311_1024_HARP12879_NOAA14019,2025-03-11 10:24:00+00:00,12879,14019,block_download_or_coverage,,,2025,E00020,False,,,False
20250311_1200_HARP12879_NOAA14019,2025-03-11 12:00:00+00:00,12879,14019,block_download_or_coverage,,,2025,E00020,False,,,False
20250311_1336_HARP12879_NOAA14019,2025-03-11 13:36:00+00:00,12879,14019,block_download_or_coverage,,,2025,E00020,False,,,False
20250311_1512_HARP12879_NOAA14019,2025-03-11 15:12:00+00:00,12879,14019,block_download_or_coverage,,,2025,E00020,False,,,False
20250311_1648_HARP12879_NOAA14019,2025-03-11 16:48:00+00:00,12879,14019,block_download_or_coverage,,,2025,E00020,False,,,False
20250311_1848_HARP12879_NOAA14019,2025-03-11 18:48:00+00:00,12879,14019,block_download_or_coverage,,,2025,E00020,False,,,False
20250311_2024_HARP12879_NOAA14019,2025-03-11 20:24:00+00:00,12879,14019,block_download_or_coverage,,,2025,E00020,False,,,False
20250311_2200_HARP12879_NOAA14019,2025-03-11 22:00:00+00:00,12879,14019,block_download_or_coverage,,,2025,E00020,False,,,False
20250311_2336_HARP12879_NOAA14019,2025-03-11 23:36:00+00:00,12879,14019,block_download_or_coverage,,,2025,E00020,False,,,False
20250312_0112_HARP12879_NOAA14019,2025-03-12 01:12:00+00:00,12879,14019,block_download_or_coverage,,,2025,E00020,False,,,False
20250312_0248_HARP12879_NOAA14019,2025-03-12 02:48:00+00:00,12879,14019,block_download_or_coverage,,,2025,E00020,False,,,False
20250312_1124_HARP12888_NOAA14027,2025-03-12 11:24:00+00:00,12888,14027,block_download_or_coverage,,,2025,E00021,False,53846.0,False,True
20250312_1300_HARP12888_NOAA14027,2025-03-12 13:00:00+00:00,12888,14027,block_download_or_coverage,,,2025,E00021,False,,,False
20250312_1436_HARP12888_NOAA14027,2025-03-12 14:36:00+00:00,12888,14027,block_download_or_coverage,,,2025,E00021,False,,,False
20250312_1612_HARP12888_NOAA14027,2025-03-12 16:12:00+00:00,12888,14027,block_download_or_coverage,,,2025,E00021,False,,,False
20250312_1748_HARP12888_NOAA14027,2025-03-12 17:48:00+00:00,12888,14027,block_download_or_coverage,,,2025,E00021,False,,,False
20250312_2000_HARP12888_NOAA14027,2025-03-12 20:00:00+00:00,12888,14027,block_download_or_coverage,,,2025,E00021,False,,,False
20250312_2136_HARP12888_NOAA14027,2025-03-12 21:36:00+00:00,12888,14027,block_download_or_coverage,,,2025,E00021,False,,,False
20250312_2312_HARP12888_NOAA14027,2025-03-12 23:12:00+00:00,12888,14027,block_download_or_coverage,,,2025,E00021,False,,,False
20250313_0048_HARP12888_NOAA14027,2025-03-13 00:48:00+00:00,12888,14027,block_download_or_coverage,,,2025,E00021,False,,,False
20250313_0224_HARP12888_NOAA14027,2025-03-13 02:24:00+00:00,12888,14027,block_download_or_coverage,,,2025,E00021,False,,,False
20250313_0400_HARP12888_NOAA14027,2025-03-13 04:00:00+00:00,12888,14027,block_download_or_coverage,,,2025,E00021,False,,,False
20250313_0536_HARP12888_NOAA14027,2025-03-13 05:36:00+00:00,12888,14027,block_download_or_coverage,,,2025,E00021,False,,,False
20250313_0712_HARP12888_NOAA14027,2025-03-13 07:12:00+00:00,12888,14027,block_download_or_coverage,,,2025,E00021,False,,,False
20250313_0848_HARP12888_NOAA14027,2025-03-13 08:48:00+00:00,12888,14027,block_download_or_coverage,,,2025,E00021,False,,,False
20250313_1024_HARP12888_NOAA14027,2025-03-13 10:24:00+00:00,12888,14027,block_download_or_coverage,,,2025,E00021,False,,,False
20250327_0212_HARP12961_NOAA14039,2025-03-27 02:12:00+00:00,12961,14039,crop_patch_boundary,2025_HARP12961_20250327_0212_20250328_0036,"ValueError('Target crop leaves block patch: bounds=(-81, 1975, -99, 1957), shape=(1834, 1834)')",2025,E00022,True,,,False
20250327_0348_HARP12961_NOAA14039,2025-03-27 03:48:00+00:00,12961,14039,crop_patch_boundary,2025_HARP12961_20250327_0212_20250328_0036,"ValueError('Target crop leaves block patch: bounds=(-96, 1979, -107, 1967), shape=(1834, 1834)')",2025,E00022,True,,,False
20250327_0524_HARP12961_NOAA14039,2025-03-27 05:24:00+00:00,12961,14039,crop_patch_boundary,2025_HARP12961_20250327_0212_20250328_0036,"ValueError('Target crop leaves block patch: bounds=(-111, 1981, -118, 1975), shape=(1834, 1834)')",2025,E00022,True,,,False
20250327_0700_HARP12961_NOAA14039,2025-03-27 07:00:00+00:00,12961,14039,crop_patch_boundary,2025_HARP12961_20250327_0212_20250328_0036,"ValueError('Target crop leaves block patch: bounds=(-125, 1985, -128, 1981), shape=(1834, 1834)')",2025,E00022,True,,,False
20250327_0836_HARP12961_NOAA14039,2025-03-27 08:36:00+00:00,12961,14039,crop_patch_boundary,2025_HARP12961_20250327_0212_20250328_0036,"ValueError('Target crop leaves block patch: bounds=(-138, 1990, -139, 1989), shape=(1834, 1834)')",2025,E00022,True,,,False
20250327_1012_HARP12961_NOAA14039,2025-03-27 10:12:00+00:00,12961,14039,crop_patch_boundary,2025_HARP12961_20250327_0212_20250328_0036,"ValueError('Target crop leaves block patch: bounds=(-150, 1998, -151, 1997), shape=(1834, 1834)')",2025,E00022,True,,,False
20250327_1148_HARP12961_NOAA14039,2025-03-27 11:48:00+00:00,12961,14039,crop_patch_boundary,2025_HARP12961_20250327_0212_20250328_0036,"ValueError('Target crop leaves block patch: bounds=(-161, 2002, -164, 2000), shape=(1834, 1834)')",2025,E00022,True,,,False
20250327_1324_HARP12961_NOAA14039,2025-03-27 13:24:00+00:00,12961,14039,crop_patch_boundary,2025_HARP12961_20250327_0212_20250328_0036,"ValueError('Target crop leaves block patch: bounds=(-172, 2006, -173, 2005), shape=(1834, 1834)')",2025,E00022,True,,,False
20250327_1500_HARP12961_NOAA14039,2025-03-27 15:00:00+00:00,12961,14039,crop_patch_boundary,2025_HARP12961_20250327_0212_20250328_0036,"ValueError('Target crop leaves block patch: bounds=(-185, 2009, -182, 2012), shape=(1834, 1834)')",2025,E00022,True,,,False
20250327_1636_HARP12961_NOAA14039,2025-03-27 16:36:00+00:00,12961,14039,crop_patch_boundary,2025_HARP12961_20250327_0212_20250328_0036,"ValueError('Target crop leaves block patch: bounds=(-196, 2012, -191, 2017), shape=(1834, 1834)')",2025,E00022,True,,,False
20250327_1812_HARP12961_NOAA14039,2025-03-27 18:12:00+00:00,12961,14039,crop_patch_boundary,2025_HARP12961_20250327_0212_20250328_0036,"ValueError('Target crop leaves block patch: bounds=(-209, 2012, -199, 2022), shape=(1834, 1834)')",2025,E00022,True,,,False
20250327_1948_HARP12961_NOAA14039,2025-03-27 19:48:00+00:00,12961,14039,crop_patch_boundary,2025_HARP12961_20250327_0212_20250328_0036,"ValueError('Target crop leaves block patch: bounds=(-221, 2014, -209, 2027), shape=(1834, 1834)')",2025,E00022,True,,,False
20250327_2124_HARP12961_NOAA14039,2025-03-27 21:24:00+00:00,12961,14039,crop_patch_boundary,2025_HARP12961_20250327_0212_20250328_0036,"ValueError('Target crop leaves block patch: bounds=(-234, 2016, -216, 2034), shape=(1834, 1834)')",2025,E00022,True,,,False
20250327_2300_HARP12961_NOAA14039,2025-03-27 23:00:00+00:00,12961,14039,crop_patch_boundary,2025_HARP12961_20250327_0212_20250328_0036,"ValueError('Target crop leaves block patch: bounds=(-246, 2015, -223, 2038), shape=(1834, 1834)')",2025,E00022,True,,,False
20250328_0036_HARP12961_NOAA14039,2025-03-28 00:36:00+00:00,12961,14039,crop_patch_boundary,2025_HARP12961_20250327_0212_20250328_0036,"ValueError('Target crop leaves block patch: bounds=(-256, 2014, -228, 2043), shape=(1834, 1834)')",2025,E00022,True,,,False
20250328_0212_HARP12961_NOAA14039,2025-03-28 02:12:00+00:00,12961,14039,crop_patch_boundary,2025_HARP12961_20250328_0212_20250329_0036,"ValueError('Target crop leaves block patch: bounds=(-180, 2101, -219, 2062), shape=(1834, 1834)')",2025,E00022,True,,,False
20250328_0348_HARP12961_NOAA14039,2025-03-28 03:48:00+00:00,12961,14039,crop_patch_boundary,2025_HARP12961_20250328_0212_20250329_0036,"ValueError('Target crop leaves block patch: bounds=(-197, 2101, -230, 2069), shape=(1834, 1834)')",2025,E00022,True,,,False
20250328_0524_HARP12961_NOAA14039,2025-03-28 05:24:00+00:00,12961,14039,crop_patch_boundary,2025_HARP12961_20250328_0212_20250329_0036,"ValueError('Target crop leaves block patch: bounds=(-208, 2100, -235, 2073), shape=(1834, 1834)')",2025,E00022,True,,,False
20250328_0700_HARP12961_NOAA14039,2025-03-28 07:00:00+00:00,12961,14039,crop_patch_boundary,2025_HARP12961_20250328_0212_20250329_0036,"ValueError('Target crop leaves block patch: bounds=(-218, 2099, -240, 2077), shape=(1834, 1834)')",2025,E00022,True,,,False
20250328_0836_HARP12961_NOAA14039,2025-03-28 08:36:00+00:00,12961,14039,crop_patch_boundary,2025_HARP12961_20250328_0212_20250329_0036,"ValueError('Target crop leaves block patch: bounds=(-233, 2098, -244, 2087), shape=(1834, 1834)')",2025,E00022,True,,,False
20250328_1012_HARP12961_NOAA14039,2025-03-28 10:12:00+00:00,12961,14039,crop_patch_boundary,2025_HARP12961_20250328_0212_20250329_0036,"ValueError('Target crop leaves block patch: bounds=(-243, 2097, -249, 2091), shape=(1834, 1834)')",2025,E00022,True,,,False
20250328_1148_HARP12961_NOAA14039,2025-03-28 11:48:00+00:00,12961,14039,crop_patch_boundary,2025_HARP12961_20250328_0212_20250329_0036,"ValueError('Target crop leaves block patch: bounds=(-252, 2095, -252, 2095), shape=(1834, 1834)')",2025,E00022,True,,,False
20250328_1324_HARP12961_NOAA14039,2025-03-28 13:24:00+00:00,12961,14039,crop_patch_boundary,2025_HARP12961_20250328_0212_20250329_0036,"ValueError('Target crop leaves block patch: bounds=(-260, 2093, -260, 2093), shape=(1834, 1834)')",2025,E00022,True,,,False
20250328_1500_HARP12961_NOAA14039,2025-03-28 15:00:00+00:00,12961,14039,crop_patch_boundary,2025_HARP12961_20250328_0212_20250329_0036,"ValueError('Target crop leaves block patch: bounds=(-268, 2090, -266, 2092), shape=(1834, 1834)')",2025,E00022,True,,,False
20250328_1636_HARP12961_NOAA14039,2025-03-28 16:36:00+00:00,12961,14039,crop_patch_boundary,2025_HARP12961_20250328_0212_20250329_0036,"ValueError('Target crop leaves block patch: bounds=(-275, 2087, -271, 2092), shape=(1834, 1834)')",2025,E00022,True,,,False
20250328_1812_HARP12961_NOAA14039,2025-03-28 18:12:00+00:00,12961,14039,crop_patch_boundary,2025_HARP12961_20250328_0212_20250329_0036,"ValueError('Target crop leaves block patch: bounds=(-286, 2083, -275, 2094), shape=(1834, 1834)')",2025,E00022,True,,,False
20250328_1948_HARP12961_NOAA14039,2025-03-28 19:48:00+00:00,12961,14039,crop_patch_boundary,2025_HARP12961_20250328_0212_20250329_0036,"ValueError('Target crop leaves block patch: bounds=(-295, 2081, -278, 2098), shape=(1834, 1834)')",2025,E00022,True,,,False
20250328_2124_HARP12961_NOAA14039,2025-03-28 21:24:00+00:00,12961,14039,crop_patch_boundary,2025_HARP12961_20250328_0212_20250329_0036,"ValueError('Target crop leaves block patch: bounds=(-304, 2077, -279, 2102), shape=(1834, 1834)')",2025,E00022,True,,,False
20250328_2300_HARP12961_NOAA14039,2025-03-28 23:00:00+00:00,12961,14039,crop_patch_boundary,2025_HARP12961_20250328_0212_20250329_0036,"ValueError('Target crop leaves block patch: bounds=(-312, 2074, -281, 2105), shape=(1834, 1834)')",2025,E00022,True,,,False
20250329_0036_HARP12961_NOAA14039,2025-03-29 00:36:00+00:00,12961,14039,crop_patch_boundary,2025_HARP12961_20250328_0212_20250329_0036,"ValueError('Target crop leaves block patch: bounds=(-320, 2068, -281, 2107), shape=(1834, 1834)')",2025,E00022,True,,,False
20250329_0212_HARP12961_NOAA14039,2025-03-29 02:12:00+00:00,12961,14039,crop_patch_boundary,2025_HARP12961_20250329_0212_20250329_0212,"ValueError('Target crop leaves block patch: bounds=(-278, 2112, -278, 2111), shape=(1834, 1834)')",2025,E00022,True,,,False
20250329_0524_HARP12961_NOAA14039,2025-03-29 05:24:00+00:00,12961,14039,crop_patch_boundary,2025_HARP12961_20250329_0524_20250329_1812,"ValueError('Target crop leaves block patch: bounds=(-263, 2134, -284, 2112), shape=(1834, 1834)')",2025,E00022,True,,,False
20250329_0700_HARP12961_NOAA14039,2025-03-29 07:00:00+00:00,12961,14039,crop_patch_boundary,2025_HARP12961_20250329_0524_20250329_1812,"ValueError('Target crop leaves block patch: bounds=(-269, 2129, -285, 2113), shape=(1834, 1834)')",2025,E00022,True,,,False
20250329_0836_HARP12961_NOAA14039,2025-03-29 08:36:00+00:00,12961,14039,crop_patch_boundary,2025_HARP12961_20250329_0524_20250329_1812,"ValueError('Target crop leaves block patch: bounds=(-273, 2125, -284, 2115), shape=(1834, 1834)')",2025,E00022,True,,,False
20250329_1012_HARP12961_NOAA14039,2025-03-29 10:12:00+00:00,12961,14039,crop_patch_boundary,2025_HARP12961_20250329_0524_20250329_1812,"ValueError('Target crop leaves block patch: bounds=(-278, 2119, -283, 2115), shape=(1834, 1834)')",2025,E00022,True,,,False
20250329_1148_HARP12961_NOAA14039,2025-03-29 11:48:00+00:00,12961,14039,crop_patch_boundary,2025_HARP12961_20250329_0524_20250329_1812,"ValueError('Target crop leaves block patch: bounds=(-282, 2115, -282, 2115), shape=(1834, 1834)')",2025,E00022,True,,,False
20250329_1324_HARP12961_NOAA14039,2025-03-29 13:24:00+00:00,12961,14039,crop_patch_boundary,2025_HARP12961_20250329_0524_20250329_1812,"ValueError('Target crop leaves block patch: bounds=(-285, 2109, -280, 2114), shape=(1834, 1834)')",2025,E00022,True,,,False
20250329_1500_HARP12961_NOAA14039,2025-03-29 15:00:00+00:00,12961,14039,crop_patch_boundary,2025_HARP12961_20250329_0524_20250329_1812,"ValueError('Target crop leaves block patch: bounds=(-288, 2103, -277, 2115), shape=(1834, 1834)')",2025,E00022,True,,,False
20250329_1636_HARP12961_NOAA14039,2025-03-29 16:36:00+00:00,12961,14039,crop_patch_boundary,2025_HARP12961_20250329_0524_20250329_1812,"ValueError('Target crop leaves block patch: bounds=(-291, 2097, -275, 2113), shape=(1834, 1834)')",2025,E00022,True,,,False
20250329_1812_HARP12961_NOAA14039,2025-03-29 18:12:00+00:00,12961,14039,crop_patch_boundary,2025_HARP12961_20250329_0524_20250329_1812,"ValueError('Target crop leaves block patch: bounds=(-294, 2090, -272, 2112), shape=(1834, 1834)')",2025,E00022,True,,,False
20250329_2124_HARP12961_NOAA14039,2025-03-29 21:24:00+00:00,12961,14039,crop_patch_boundary,2025_HARP12961_20250329_2124_20250329_2300,"ValueError('Target crop leaves block patch: bounds=(-261, 2118, -273, 2106), shape=(1834, 1834)')",2025,E00022,True,,,False
20250329_2300_HARP12961_NOAA14039,2025-03-29 23:00:00+00:00,12961,14039,crop_patch_boundary,2025_HARP12961_20250329_2124_20250329_2300,"ValueError('Target crop leaves block patch: bounds=(-262, 2112, -270, 2104), shape=(1834, 1834)')",2025,E00022,True,,,False
20250330_0212_HARP12961_NOAA14039,2025-03-30 02:12:00+00:00,12961,14039,crop_patch_boundary,2025_HARP12961_20250330_0212_20250330_1812,"ValueError('Target crop leaves block patch: bounds=(-238, 2125, -250, 2113), shape=(1834, 1834)')",2025,E00022,True,,,False
20250330_0348_HARP12961_NOAA14039,2025-03-30 03:48:00+00:00,12961,14039,crop_patch_boundary,2025_HARP12961_20250330_0212_20250330_1812,"ValueError('Target crop leaves block patch: bounds=(-241, 2117, -247, 2111), shape=(1834, 1834)')",2025,E00022,True,,,False
20250330_0524_HARP12961_NOAA14039,2025-03-30 05:24:00+00:00,12961,14039,crop_patch_boundary,2025_HARP12961_20250330_0212_20250330_1812,"ValueError('Target crop leaves block patch: bounds=(-245, 2107, -244, 2109), shape=(1834, 1834)')",2025,E00022,True,,,False
20250330_0700_HARP12961_NOAA14039,2025-03-30 07:00:00+00:00,12961,14039,crop_patch_boundary,2025_HARP12961_20250330_0212_20250330_1812,"ValueError('Target crop leaves block patch: bounds=(-246, 2101, -255, 2091), shape=(1834, 1834)')",2025,E00022,True,,,False
20250330_0836_HARP12961_NOAA14039,2025-03-30 08:36:00+00:00,12961,14039,crop_patch_boundary,2025_HARP12961_20250330_0212_20250330_1812,"ValueError('Target crop leaves block patch: bounds=(-248, 2092, -251, 2089), shape=(1834, 1834)')",2025,E00022,True,,,False
20250330_1012_HARP12961_NOAA14039,2025-03-30 10:12:00+00:00,12961,14039,crop_patch_boundary,2025_HARP12961_20250330_0212_20250330_1812,"ValueError('Target crop leaves block patch: bounds=(-250, 2083, -250, 2083), shape=(1834, 1834)')",2025,E00022,True,,,False
20250330_1148_HARP12961_NOAA14039,2025-03-30 11:48:00+00:00,12961,14039,crop_patch_boundary,2025_HARP12961_20250330_0212_20250330_1812,"ValueError('Target crop leaves block patch: bounds=(-251, 2074, -247, 2078), shape=(1834, 1834)')",2025,E00022,True,,,False
20250330_1324_HARP12961_NOAA14039,2025-03-30 13:24:00+00:00,12961,14039,crop_patch_boundary,2025_HARP12961_20250330_0212_20250330_1812,"ValueError('Target crop leaves block patch: bounds=(-251, 2063, -244, 2071), shape=(1834, 1834)')",2025,E00022,True,,,False
20250330_1500_HARP12961_NOAA14039,2025-03-30 15:00:00+00:00,12961,14039,crop_patch_boundary,2025_HARP12961_20250330_0212_20250330_1812,"ValueError('Target crop leaves block patch: bounds=(-253, 2053, -238, 2068), shape=(1834, 1834)')",2025,E00022,True,,,False
20250330_1636_HARP12961_NOAA14039,2025-03-30 16:36:00+00:00,12961,14039,crop_patch_boundary,2025_HARP12961_20250330_0212_20250330_1812,"ValueError('Target crop leaves block patch: bounds=(-254, 2043, -233, 2064), shape=(1834, 1834)')",2025,E00022,True,,,False
20250330_1812_HARP12961_NOAA14039,2025-03-30 18:12:00+00:00,12961,14039,crop_patch_boundary,2025_HARP12961_20250330_0212_20250330_1812,"ValueError('Target crop leaves block patch: bounds=(-255, 2031, -226, 2060), shape=(1834, 1834)')",2025,E00022,True,,,False
20250330_2300_HARP12961_NOAA14039,2025-03-30 23:00:00+00:00,12961,14039,crop_patch_boundary,2025_HARP12961_20250330_2300_20250331_1812,"ValueError('Target crop leaves block patch: bounds=(-164, 2078, -214, 2028), shape=(1834, 1834)')",2025,E00023,True,,,False
20250331_0036_HARP12961_NOAA14039,2025-03-31 00:36:00+00:00,12961,14039,crop_patch_boundary,2025_HARP12961_20250330_2300_20250331_1812,"ValueError('Target crop leaves block patch: bounds=(-164, 2065, -206, 2023), shape=(1834, 1834)')",2025,E00023,True,,,False
20250331_0212_HARP12961_NOAA14039,2025-03-31 02:12:00+00:00,12961,14039,crop_patch_boundary,2025_HARP12961_20250330_2300_20250331_1812,"ValueError('Target crop leaves block patch: bounds=(-172, 2054, -200, 2026), shape=(1834, 1834)')",2025,E00023,True,,,False
20250331_0348_HARP12961_NOAA14039,2025-03-31 03:48:00+00:00,12961,14039,crop_patch_boundary,2025_HARP12961_20250330_2300_20250331_1812,"ValueError('Target crop leaves block patch: bounds=(-176, 2042, -193, 2024), shape=(1834, 1834)')",2025,E00023,True,,,False
20250331_0524_HARP12961_NOAA14039,2025-03-31 05:24:00+00:00,12961,14039,crop_patch_boundary,2025_HARP12961_20250330_2300_20250331_1812,"ValueError('Target crop leaves block patch: bounds=(-174, 2029, -184, 2019), shape=(1834, 1834)')",2025,E00023,True,,,False
20250331_0700_HARP12961_NOAA14039,2025-03-31 07:00:00+00:00,12961,14039,crop_patch_boundary,2025_HARP12961_20250330_2300_20250331_1812,"ValueError('Target crop leaves block patch: bounds=(-171, 2016, -177, 2010), shape=(1834, 1834)')",2025,E00023,True,,,False
20250331_0836_HARP12961_NOAA14039,2025-03-31 08:36:00+00:00,12961,14039,crop_patch_boundary,2025_HARP12961_20250330_2300_20250331_1812,"ValueError('Target crop leaves block patch: bounds=(-169, 2002, -169, 2002), shape=(1834, 1834)')",2025,E00023,True,,,False
20250331_1012_HARP12961_NOAA14039,2025-03-31 10:12:00+00:00,12961,14039,crop_patch_boundary,2025_HARP12961_20250330_2300_20250331_1812,"ValueError('Target crop leaves block patch: bounds=(-171, 1990, -164, 1997), shape=(1834, 1834)')",2025,E00023,True,,,False
20250331_1148_HARP12961_NOAA14039,2025-03-31 11:48:00+00:00,12961,14039,crop_patch_boundary,2025_HARP12961_20250330_2300_20250331_1812,"ValueError('Target crop leaves block patch: bounds=(-168, 1978, -155, 1991), shape=(1834, 1834)')",2025,E00023,True,,,False
20250331_1324_HARP12961_NOAA14039,2025-03-31 13:24:00+00:00,12961,14039,crop_patch_boundary,2025_HARP12961_20250330_2300_20250331_1812,"ValueError('Target crop leaves block patch: bounds=(-165, 1964, -146, 1983), shape=(1834, 1834)')",2025,E00023,True,,,False
20250331_1500_HARP12961_NOAA14039,2025-03-31 15:00:00+00:00,12961,14039,crop_patch_boundary,2025_HARP12961_20250330_2300_20250331_1812,"ValueError('Target crop leaves block patch: bounds=(-159, 1950, -135, 1974), shape=(1834, 1834)')",2025,E00023,True,,,False
20250331_1636_HARP12961_NOAA14039,2025-03-31 16:36:00+00:00,12961,14039,crop_patch_boundary,2025_HARP12961_20250330_2300_20250331_1812,"ValueError('Target crop leaves block patch: bounds=(-155, 1934, -124, 1965), shape=(1834, 1834)')",2025,E00023,True,,,False
20250331_1812_HARP12961_NOAA14039,2025-03-31 18:12:00+00:00,12961,14039,crop_patch_boundary,2025_HARP12961_20250330_2300_20250331_1812,"ValueError('Target crop leaves block patch: bounds=(-149, 1918, -112, 1955), shape=(1834, 1834)')",2025,E00023,True,,,False
20250401_0036_HARP12961_NOAA14039,2025-04-01 00:36:00+00:00,12961,14039,crop_patch_boundary,2025_HARP12961_20250401_0036_20250401_0036,"ValueError('Target crop leaves block patch: bounds=(-22, 1854, -21, 1855), shape=(1834, 1834)')",2025,E00024,True,,,False
20250326_1148_HARP12962_NOAA14040,2025-03-26 11:48:00+00:00,12962,14040,block_download_or_coverage,,,2025,E00025,False,,,False
20250326_1400_HARP12962_NOAA14040,2025-03-26 14:00:00+00:00,12962,14040,block_download_or_coverage,,,2025,E00025,False,,,False
20250326_1536_HARP12962_NOAA14040,2025-03-26 15:36:00+00:00,12962,14040,block_download_or_coverage,,,2025,E00025,False,,,False
20250326_1712_HARP12962_NOAA14040,2025-03-26 17:12:00+00:00,12962,14040,block_download_or_coverage,,,2025,E00025,False,,,False
20250326_1848_HARP12962_NOAA14040,2025-03-26 18:48:00+00:00,12962,14040,block_download_or_coverage,,,2025,E00025,False,,,False
20250326_2024_HARP12962_NOAA14040,2025-03-26 20:24:00+00:00,12962,14040,block_download_or_coverage,,,2025,E00025,False,,,False
20250326_2200_HARP12962_NOAA14040,2025-03-26 22:00:00+00:00,12962,14040,block_download_or_coverage,,,2025,E00025,False,,,False
20250405_0224_HARP12997_NOAA14046,2025-04-05 02:24:00+00:00,12997,14046,block_download_or_coverage,,,2025,E00026,False,,,False
20250405_0400_HARP12997_NOAA14046,2025-04-05 04:00:00+00:00,12997,14046,block_download_or_coverage,,,2025,E00026,False,,,False
20250405_0536_HARP12997_NOAA14046,2025-04-05 05:36:00+00:00,12997,14046,block_download_or_coverage,,,2025,E00026,False,,,False
20250405_0712_HARP12997_NOAA14046,2025-04-05 07:12:00+00:00,12997,14046,block_download_or_coverage,,,2025,E00026,False,,,False
20250405_0848_HARP12997_NOAA14046,2025-04-05 08:48:00+00:00,12997,14046,block_download_or_coverage,,,2025,E00026,False,,,False
20250405_1024_HARP12997_NOAA14046,2025-04-05 10:24:00+00:00,12997,14046,block_download_or_coverage,,,2025,E00026,False,,,False
20250405_1200_HARP12997_NOAA14046,2025-04-05 12:00:00+00:00,12997,14046,block_download_or_coverage,,,2025,E00026,False,,,False
20250405_1336_HARP12997_NOAA14046,2025-04-05 13:36:00+00:00,12997,14046,block_download_or_coverage,,,2025,E00026,False,,,False
20250405_1512_HARP12997_NOAA14046,2025-04-05 15:12:00+00:00,12997,14046,block_download_or_coverage,,,2025,E00026,False,,,False
20250405_1648_HARP12997_NOAA14046,2025-04-05 16:48:00+00:00,12997,14046,block_download_or_coverage,,,2025,E00026,False,,,False
20250405_1824_HARP12997_NOAA14046,2025-04-05 18:24:00+00:00,12997,14046,block_download_or_coverage,,,2025,E00026,False,,,False
20250405_2000_HARP12997_NOAA14046,2025-04-05 20:00:00+00:00,12997,14046,block_download_or_coverage,,,2025,E00026,False,,,False
20250405_2136_HARP12997_NOAA14046,2025-04-05 21:36:00+00:00,12997,14046,block_download_or_coverage,,,2025,E00026,False,,,False
20250405_2312_HARP12997_NOAA14046,2025-04-05 23:12:00+00:00,12997,14046,block_download_or_coverage,,,2025,E00026,False,,,False
20250404_0748_HARP13004_NOAA14048,2025-04-04 07:48:00+00:00,13004,14048,block_download_or_coverage,,,2025,E00027,False,54418.0,False,True
20250404_0924_HARP13004_NOAA14048,2025-04-04 09:24:00+00:00,13004,14048,block_download_or_coverage,,,2025,E00027,False,,,False
20250404_1100_HARP13004_NOAA14048,2025-04-04 11:00:00+00:00,13004,14048,block_download_or_coverage,,,2025,E00027,False,,,False
20250404_1236_HARP13004_NOAA14048,2025-04-04 12:36:00+00:00,13004,14048,block_download_or_coverage,,,2025,E00027,False,,,False
20250404_1412_HARP13004_NOAA14048,2025-04-04 14:12:00+00:00,13004,14048,block_download_or_coverage,,,2025,E00027,False,,,False
20250404_1548_HARP13004_NOAA14048,2025-04-04 15:48:00+00:00,13004,14048,block_download_or_coverage,,,2025,E00027,False,,,False
20250404_1724_HARP13004_NOAA14048,2025-04-04 17:24:00+00:00,13004,14048,block_download_or_coverage,,,2025,E00027,False,,,False
20250404_1900_HARP13004_NOAA14048,2025-04-04 19:00:00+00:00,13004,14048,block_download_or_coverage,,,2025,E00027,False,,,False
20250404_2036_HARP13004_NOAA14048,2025-04-04 20:36:00+00:00,13004,14048,block_download_or_coverage,,,2025,E00027,False,,,False
20250404_2212_HARP13004_NOAA14048,2025-04-04 22:12:00+00:00,13004,14048,block_download_or_coverage,,,2025,E00027,False,,,False
20250404_2348_HARP13004_NOAA14048,2025-04-04 23:48:00+00:00,13004,14048,block_download_or_coverage,,,2025,E00027,False,,,False
20250405_0124_HARP13004_NOAA14048,2025-04-05 01:24:00+00:00,13004,14048,block_download_or_coverage,,,2025,E00027,False,,,False
20250405_0300_HARP13004_NOAA14048,2025-04-05 03:00:00+00:00,13004,14048,block_download_or_coverage,,,2025,E00027,False,,,False
20250405_0436_HARP13004_NOAA14048,2025-04-05 04:36:00+00:00,13004,14048,block_download_or_coverage,,,2025,E00027,False,,,False
20250405_0612_HARP13004_NOAA14048,2025-04-05 06:12:00+00:00,13004,14048,block_download_or_coverage,,,2025,E00027,False,,,False
20250405_0748_HARP13004_NOAA14048,2025-04-05 07:48:00+00:00,13004,14048,block_download_or_coverage,,,2025,E00027,False,,,False
20250405_0924_HARP13004_NOAA14048,2025-04-05 09:24:00+00:00,13004,14048,block_download_or_coverage,,,2025,E00027,False,,,False
20250405_1100_HARP13004_NOAA14048,2025-04-05 11:00:00+00:00,13004,14048,block_download_or_coverage,,,2025,E00027,False,,,False
20250405_1236_HARP13004_NOAA14048,2025-04-05 12:36:00+00:00,13004,14048,block_download_or_coverage,,,2025,E00027,False,,,False
20250405_1412_HARP13004_NOAA14048,2025-04-05 14:12:00+00:00,13004,14048,block_download_or_coverage,,,2025,E00027,False,,,False
20250405_1548_HARP13004_NOAA14048,2025-04-05 15:48:00+00:00,13004,14048,block_download_or_coverage,,,2025,E00027,False,,,False
20250405_1724_HARP13004_NOAA14048,2025-04-05 17:24:00+00:00,13004,14048,block_download_or_coverage,,,2025,E00027,False,,,False
20250405_1900_HARP13004_NOAA14048,2025-04-05 19:00:00+00:00,13004,14048,block_download_or_coverage,,,2025,E00027,False,,,False
20250405_2036_HARP13004_NOAA14048,2025-04-05 20:36:00+00:00,13004,14048,block_download_or_coverage,,,2025,E00027,False,,,False
20250405_2212_HARP13004_NOAA14048,2025-04-05 22:12:00+00:00,13004,14048,block_download_or_coverage,,,2025,E00027,False,,,False
20250405_2348_HARP13004_NOAA14048,2025-04-05 23:48:00+00:00,13004,14048,block_download_or_coverage,,,2025,E00027,False,,,False
20250406_0124_HARP13004_NOAA14048,2025-04-06 01:24:00+00:00,13004,14048,block_download_or_coverage,,,2025,E00027,False,,,False
20250406_0300_HARP13004_NOAA14048,2025-04-06 03:00:00+00:00,13004,14048,block_download_or_coverage,,,2025,E00027,False,,,False
20250406_0436_HARP13004_NOAA14048,2025-04-06 04:36:00+00:00,13004,14048,block_download_or_coverage,,,2025,E00027,False,,,False
20250406_0612_HARP13004_NOAA14048,2025-04-06 06:12:00+00:00,13004,14048,block_download_or_coverage,,,2025,E00027,False,,,False
20250404_0748_HARP13009_NOAA14049,2025-04-04 07:48:00+00:00,13009,14049,block_download_or_coverage,,,2025,E00028,False,54419.0,False,True
20250404_0924_HARP13009_NOAA14049,2025-04-04 09:24:00+00:00,13009,14049,block_download_or_coverage,,,2025,E00028,False,,,False
20250404_1100_HARP13009_NOAA14049,2025-04-04 11:00:00+00:00,13009,14049,block_download_or_coverage,,,2025,E00028,False,,,False
20250404_1236_HARP13009_NOAA14049,2025-04-04 12:36:00+00:00,13009,14049,block_download_or_coverage,,,2025,E00028,False,,,False
20250404_1412_HARP13009_NOAA14049,2025-04-04 14:12:00+00:00,13009,14049,block_download_or_coverage,,,2025,E00028,False,,,False
20250404_1548_HARP13009_NOAA14049,2025-04-04 15:48:00+00:00,13009,14049,block_download_or_coverage,,,2025,E00028,False,,,False
20250404_1724_HARP13009_NOAA14049,2025-04-04 17:24:00+00:00,13009,14049,block_download_or_coverage,,,2025,E00028,False,,,False
20250404_1900_HARP13009_NOAA14049,2025-04-04 19:00:00+00:00,13009,14049,block_download_or_coverage,,,2025,E00028,False,,,False
20250404_2036_HARP13009_NOAA14049,2025-04-04 20:36:00+00:00,13009,14049,block_download_or_coverage,,,2025,E00028,False,,,False
20250404_2212_HARP13009_NOAA14049,2025-04-04 22:12:00+00:00,13009,14049,block_download_or_coverage,,,2025,E00028,False,,,False
20250404_2348_HARP13009_NOAA14049,2025-04-04 23:48:00+00:00,13009,14049,block_download_or_coverage,,,2025,E00028,False,,,False
20250405_0124_HARP13009_NOAA14049,2025-04-05 01:24:00+00:00,13009,14049,block_download_or_coverage,,,2025,E00028,False,,,False
20250405_0300_HARP13009_NOAA14049,2025-04-05 03:00:00+00:00,13009,14049,block_download_or_coverage,,,2025,E00028,False,,,False
20250405_0436_HARP13009_NOAA14049,2025-04-05 04:36:00+00:00,13009,14049,block_download_or_coverage,,,2025,E00028,False,,,False
20250405_0612_HARP13009_NOAA14049,2025-04-05 06:12:00+00:00,13009,14049,block_download_or_coverage,,,2025,E00028,False,,,False
20250404_2048_HARP13011_NOAA14050,2025-04-04 20:48:00+00:00,13011,14050,block_download_or_coverage,,,2025,E00029,False,54440.0,False,True
20250404_2224_HARP13011_NOAA14050,2025-04-04 22:24:00+00:00,13011,14050,block_download_or_coverage,,,2025,E00029,False,,,False
20250405_0000_HARP13011_NOAA14050,2025-04-05 00:00:00+00:00,13011,14050,block_download_or_coverage,,,2025,E00029,False,,,False
20250405_0136_HARP13011_NOAA14050,2025-04-05 01:36:00+00:00,13011,14050,block_download_or_coverage,,,2025,E00029,False,,,False
20250405_0312_HARP13011_NOAA14050,2025-04-05 03:12:00+00:00,13011,14050,block_download_or_coverage,,,2025,E00029,False,,,False
20250405_0448_HARP13011_NOAA14050,2025-04-05 04:48:00+00:00,13011,14050,block_download_or_coverage,,,2025,E00029,False,,,False
20250405_0624_HARP13011_NOAA14050,2025-04-05 06:24:00+00:00,13011,14050,block_download_or_coverage,,,2025,E00029,False,,,False
20250404_1424_HARP13024_NOAA14054,2025-04-04 14:24:00+00:00,13024,14054,block_download_or_coverage,,,2025,E00030,False,,,False
20250404_1600_HARP13024_NOAA14054,2025-04-04 16:00:00+00:00,13024,14054,block_download_or_coverage,,,2025,E00030,False,,,False
20250404_1736_HARP13024_NOAA14054,2025-04-04 17:36:00+00:00,13024,14054,block_download_or_coverage,,,2025,E00030,False,,,False
20250404_1912_HARP13024_NOAA14054,2025-04-04 19:12:00+00:00,13024,14054,block_download_or_coverage,,,2025,E00030,False,,,False
20250404_2048_HARP13024_NOAA14054,2025-04-04 20:48:00+00:00,13024,14054,block_download_or_coverage,,,2025,E00030,False,,,False
20250404_2224_HARP13024_NOAA14054,2025-04-04 22:24:00+00:00,13024,14054,block_download_or_coverage,,,2025,E00030,False,,,False
20250405_0000_HARP13024_NOAA14054,2025-04-05 00:00:00+00:00,13024,14054,block_download_or_coverage,,,2025,E00030,False,,,False
20250405_0136_HARP13024_NOAA14054,2025-04-05 01:36:00+00:00,13024,14054,block_download_or_coverage,,,2025,E00030,False,,,False
20250405_0312_HARP13024_NOAA14054,2025-04-05 03:12:00+00:00,13024,14054,block_download_or_coverage,,,2025,E00030,False,,,False
20250405_0448_HARP13024_NOAA14054,2025-04-05 04:48:00+00:00,13024,14054,block_download_or_coverage,,,2025,E00030,False,,,False
20250405_0624_HARP13024_NOAA14054,2025-04-05 06:24:00+00:00,13024,14054,block_download_or_coverage,,,2025,E00030,False,,,False
20250405_0800_HARP13024_NOAA14054,2025-04-05 08:00:00+00:00,13024,14054,block_download_or_coverage,,,2025,E00030,False,,,False
20250405_0936_HARP13024_NOAA14054,2025-04-05 09:36:00+00:00,13024,14054,block_download_or_coverage,,,2025,E00030,False,,,False
20250405_1112_HARP13024_NOAA14054,2025-04-05 11:12:00+00:00,13024,14054,block_download_or_coverage,,,2025,E00030,False,,,False
20250405_1248_HARP13024_NOAA14054,2025-04-05 12:48:00+00:00,13024,14054,block_download_or_coverage,,,2025,E00030,False,,,False
20250422_2012_HARP13105_NOAA14065,2025-04-22 20:12:00+00:00,13105,14065,block_download_or_coverage,,,2025,E00031,False,,,False
20250422_2148_HARP13105_NOAA14065,2025-04-22 21:48:00+00:00,13105,14065,block_download_or_coverage,,,2025,E00031,False,,,False
20250422_2324_HARP13105_NOAA14065,2025-04-22 23:24:00+00:00,13105,14065,block_download_or_coverage,,,2025,E00031,False,,,False
20250424_1936_HARP13118_NOAA14078,2025-04-24 19:36:00+00:00,13118,14078,block_download_or_coverage,,,2025,E00032,False,,,False
20250424_2112_HARP13118_NOAA14078,2025-04-24 21:12:00+00:00,13118,14078,block_download_or_coverage,,,2025,E00032,False,,,False
20250424_2248_HARP13118_NOAA14078,2025-04-24 22:48:00+00:00,13118,14078,block_download_or_coverage,,,2025,E00032,False,,,False
20250425_0024_HARP13118_NOAA14078,2025-04-25 00:24:00+00:00,13118,14078,block_download_or_coverage,,,2025,E00032,False,,,False
20250425_0200_HARP13118_NOAA14078,2025-04-25 02:00:00+00:00,13118,14078,block_download_or_coverage,,,2025,E00032,False,,,False
20250425_0336_HARP13118_NOAA14078,2025-04-25 03:36:00+00:00,13118,14078,block_download_or_coverage,,,2025,E00032,False,,,False
20250425_0512_HARP13118_NOAA14078,2025-04-25 05:12:00+00:00,13118,14078,block_download_or_coverage,,,2025,E00032,False,,,False
20250425_0648_HARP13118_NOAA14078,2025-04-25 06:48:00+00:00,13118,14078,block_download_or_coverage,,,2025,E00032,False,,,False
20250425_0824_HARP13118_NOAA14078,2025-04-25 08:24:00+00:00,13118,14078,block_download_or_coverage,,,2025,E00032,False,,,False
20250506_2024_HARP13182_NOAA14083,2025-05-06 20:24:00+00:00,13182,14083,block_download_or_coverage,,,2025,E00033,False,,,False
20250506_2200_HARP13182_NOAA14083,2025-05-06 22:00:00+00:00,13182,14083,block_download_or_coverage,,,2025,E00033,False,,,False
20250506_2336_HARP13182_NOAA14083,2025-05-06 23:36:00+00:00,13182,14083,block_download_or_coverage,,,2025,E00033,False,,,False
20250507_0112_HARP13182_NOAA14083,2025-05-07 01:12:00+00:00,13182,14083,block_download_or_coverage,,,2025,E00033,False,,,False
20250507_0248_HARP13182_NOAA14083,2025-05-07 02:48:00+00:00,13182,14083,block_download_or_coverage,,,2025,E00033,False,,,False
20250507_0424_HARP13182_NOAA14083,2025-05-07 04:24:00+00:00,13182,14083,block_download_or_coverage,,,2025,E00033,False,,,False
20250602_0436_HARP13306_NOAA14104,2025-06-02 04:36:00+00:00,13306,14104,block_download_or_coverage,,,2025,E00034,False,56047.0,False,True
20250602_0612_HARP13306_NOAA14104,2025-06-02 06:12:00+00:00,13306,14104,block_download_or_coverage,,,2025,E00034,False,,,False
20250602_0748_HARP13306_NOAA14104,2025-06-02 07:48:00+00:00,13306,14104,block_download_or_coverage,,,2025,E00034,False,,,False
20250602_0924_HARP13306_NOAA14104,2025-06-02 09:24:00+00:00,13306,14104,block_download_or_coverage,,,2025,E00034,False,,,False
20250602_1100_HARP13306_NOAA14104,2025-06-02 11:00:00+00:00,13306,14104,block_download_or_coverage,,,2025,E00034,False,,,False
20250602_1236_HARP13306_NOAA14104,2025-06-02 12:36:00+00:00,13306,14104,block_download_or_coverage,,,2025,E00034,False,,,False
20250602_1412_HARP13306_NOAA14104,2025-06-02 14:12:00+00:00,13306,14104,block_download_or_coverage,,,2025,E00034,False,,,False
20250602_1548_HARP13306_NOAA14104,2025-06-02 15:48:00+00:00,13306,14104,block_download_or_coverage,,,2025,E00034,False,,,False
20250602_1724_HARP13306_NOAA14104,2025-06-02 17:24:00+00:00,13306,14104,block_download_or_coverage,,,2025,E00034,False,,,False
20250602_1900_HARP13306_NOAA14104,2025-06-02 19:00:00+00:00,13306,14104,block_download_or_coverage,,,2025,E00034,False,,,False
20250602_2036_HARP13306_NOAA14104,2025-06-02 20:36:00+00:00,13306,14104,block_download_or_coverage,,,2025,E00034,False,,,False
20250602_2212_HARP13306_NOAA14104,2025-06-02 22:12:00+00:00,13306,14104,block_download_or_coverage,,,2025,E00034,False,,,False
20250602_2348_HARP13306_NOAA14104,2025-06-02 23:48:00+00:00,13306,14104,block_download_or_coverage,,,2025,E00034,False,,,False
20250603_0124_HARP13306_NOAA14104,2025-06-03 01:24:00+00:00,13306,14104,block_download_or_coverage,,,2025,E00034,False,,,False
20250603_0300_HARP13306_NOAA14104,2025-06-03 03:00:00+00:00,13306,14104,block_download_or_coverage,,,2025,E00034,False,,,False
20250604_0812_HARP13306_NOAA14104,2025-06-04 08:12:00+00:00,13306,14104,block_download_or_coverage,,,2025,E00035,False,,,False
20250604_0948_HARP13306_NOAA14104,2025-06-04 09:48:00+00:00,13306,14104,block_download_or_coverage,,,2025,E00035,False,,,False
20250604_1124_HARP13306_NOAA14104,2025-06-04 11:24:00+00:00,13306,14104,block_download_or_coverage,,,2025,E00035,False,,,False
20250604_1336_HARP13306_NOAA14104,2025-06-04 13:36:00+00:00,13306,14104,block_download_or_coverage,,,2025,E00035,False,,,False
20250604_1512_HARP13306_NOAA14104,2025-06-04 15:12:00+00:00,13306,14104,block_download_or_coverage,,,2025,E00035,False,,,False
20250604_1648_HARP13306_NOAA14104,2025-06-04 16:48:00+00:00,13306,14104,block_download_or_coverage,,,2025,E00035,False,,,False
20250604_1824_HARP13306_NOAA14104,2025-06-04 18:24:00+00:00,13306,14104,block_download_or_coverage,,,2025,E00035,False,,,False
20250604_2000_HARP13306_NOAA14104,2025-06-04 20:00:00+00:00,13306,14104,block_download_or_coverage,,,2025,E00035,False,,,False
20250604_2136_HARP13306_NOAA14104,2025-06-04 21:36:00+00:00,13306,14104,block_download_or_coverage,,,2025,E00035,False,,,False
20250604_2312_HARP13306_NOAA14104,2025-06-04 23:12:00+00:00,13306,14104,block_download_or_coverage,,,2025,E00035,False,,,False
20250605_0048_HARP13306_NOAA14104,2025-06-05 00:48:00+00:00,13306,14104,block_download_or_coverage,,,2025,E00035,False,,,False
20250605_0224_HARP13306_NOAA14104,2025-06-05 02:24:00+00:00,13306,14104,block_download_or_coverage,,,2025,E00035,False,,,False
20250605_0400_HARP13306_NOAA14104,2025-06-05 04:00:00+00:00,13306,14104,block_download_or_coverage,,,2025,E00035,False,,,False
20250605_0536_HARP13306_NOAA14104,2025-06-05 05:36:00+00:00,13306,14104,block_download_or_coverage,,,2025,E00035,False,,,False
20250605_0712_HARP13306_NOAA14104,2025-06-05 07:12:00+00:00,13306,14104,block_download_or_coverage,,,2025,E00035,False,,,False
20250604_0024_HARP13327_NOAA14106,2025-06-04 00:24:00+00:00,13327,14106,block_download_or_coverage,,,2025,E00036,False,,,False
20250604_0200_HARP13327_NOAA14106,2025-06-04 02:00:00+00:00,13327,14106,block_download_or_coverage,,,2025,E00036,False,,,False
20250604_0336_HARP13327_NOAA14106,2025-06-04 03:36:00+00:00,13327,14106,block_download_or_coverage,,,2025,E00036,False,,,False
20250604_0512_HARP13327_NOAA14106,2025-06-04 05:12:00+00:00,13327,14106,block_download_or_coverage,,,2025,E00036,False,,,False
20250604_0648_HARP13327_NOAA14106,2025-06-04 06:48:00+00:00,13327,14106,block_download_or_coverage,,,2025,E00036,False,,,False
20250604_0824_HARP13327_NOAA14106,2025-06-04 08:24:00+00:00,13327,14106,block_download_or_coverage,,,2025,E00036,False,,,False
20250604_1000_HARP13327_NOAA14106,2025-06-04 10:00:00+00:00,13327,14106,block_download_or_coverage,,,2025,E00036,False,,,False
20250604_1136_HARP13327_NOAA14106,2025-06-04 11:36:00+00:00,13327,14106,block_download_or_coverage,,,2025,E00036,False,,,False
20250604_1348_HARP13327_NOAA14106,2025-06-04 13:48:00+00:00,13327,14106,block_download_or_coverage,,,2025,E00036,False,,,False
20250604_1524_HARP13327_NOAA14106,2025-06-04 15:24:00+00:00,13327,14106,block_download_or_coverage,,,2025,E00036,False,,,False
20250604_1700_HARP13327_NOAA14106,2025-06-04 17:00:00+00:00,13327,14106,block_download_or_coverage,,,2025,E00036,False,,,False
20250604_1836_HARP13327_NOAA14106,2025-06-04 18:36:00+00:00,13327,14106,block_download_or_coverage,,,2025,E00036,False,,,False
20250604_2012_HARP13327_NOAA14106,2025-06-04 20:12:00+00:00,13327,14106,block_download_or_coverage,,,2025,E00036,False,,,False
20250604_2148_HARP13327_NOAA14106,2025-06-04 21:48:00+00:00,13327,14106,block_download_or_coverage,,,2025,E00036,False,,,False
20250604_2324_HARP13327_NOAA14106,2025-06-04 23:24:00+00:00,13327,14106,block_download_or_coverage,,,2025,E00036,False,,,False
20250625_2136_HARP13386_NOAA14117,2025-06-25 21:36:00+00:00,13386,14117,block_download_or_coverage,,,2025,E00037,False,,,False
20250625_2312_HARP13386_NOAA14117,2025-06-25 23:12:00+00:00,13386,14117,block_download_or_coverage,,,2025,E00037,False,,,False
20250626_0048_HARP13386_NOAA14117,2025-06-26 00:48:00+00:00,13386,14117,block_download_or_coverage,,,2025,E00037,False,56500.0,False,True
20250626_0224_HARP13386_NOAA14117,2025-06-26 02:24:00+00:00,13386,14117,block_download_or_coverage,,,2025,E00037,False,56503.0,False,True
20250626_0400_HARP13386_NOAA14117,2025-06-26 04:00:00+00:00,13386,14117,block_download_or_coverage,,,2025,E00037,False,56507.0,False,True
20250626_0536_HARP13386_NOAA14117,2025-06-26 05:36:00+00:00,13386,14117,block_download_or_coverage,,,2025,E00037,False,56511.0,False,True
20250626_0712_HARP13386_NOAA14117,2025-06-26 07:12:00+00:00,13386,14117,block_download_or_coverage,,,2025,E00037,False,56515.0,False,True
20250626_0848_HARP13386_NOAA14117,2025-06-26 08:48:00+00:00,13386,14117,block_download_or_coverage,,,2025,E00037,False,56519.0,False,True
20250626_1024_HARP13386_NOAA14117,2025-06-26 10:24:00+00:00,13386,14117,block_download_or_coverage,,,2025,E00037,False,56521.0,False,True
20250625_0736_HARP13403_NOAA14119,2025-06-25 07:36:00+00:00,13403,14119,block_download_or_coverage,,,2025,E00038,False,,,False
20250625_0912_HARP13403_NOAA14119,2025-06-25 09:12:00+00:00,13403,14119,block_download_or_coverage,,,2025,E00038,False,,,False
20250625_1112_HARP13403_NOAA14119,2025-06-25 11:12:00+00:00,13403,14119,block_download_or_coverage,,,2025,E00038,False,,,False
20250625_1248_HARP13403_NOAA14119,2025-06-25 12:48:00+00:00,13403,14119,block_download_or_coverage,,,2025,E00038,False,,,False
20250625_1424_HARP13403_NOAA14119,2025-06-25 14:24:00+00:00,13403,14119,block_download_or_coverage,,,2025,E00038,False,,,False
20250625_1600_HARP13403_NOAA14119,2025-06-25 16:00:00+00:00,13403,14119,block_download_or_coverage,,,2025,E00038,False,56492.0,False,True
20250625_1736_HARP13403_NOAA14119,2025-06-25 17:36:00+00:00,13403,14119,block_download_or_coverage,,,2025,E00038,False,56496.0,False,True
20250625_2100_HARP13403_NOAA14119,2025-06-25 21:00:00+00:00,13403,14119,block_download_or_coverage,,,2025,E00039,False,,,False
20250625_2236_HARP13403_NOAA14119,2025-06-25 22:36:00+00:00,13403,14119,block_download_or_coverage,,,2025,E00039,False,,,False
20250626_1036_HARP13412_NOAA14126,2025-06-26 10:36:00+00:00,13412,14126,block_download_or_coverage,,,2025,E00040,False,,,False
20250626_1212_HARP13412_NOAA14126,2025-06-26 12:12:00+00:00,13412,14126,block_download_or_coverage,,,2025,E00040,False,,,False
20250626_1348_HARP13412_NOAA14126,2025-06-26 13:48:00+00:00,13412,14126,block_download_or_coverage,,,2025,E00040,False,,,False
20250626_1524_HARP13412_NOAA14126,2025-06-26 15:24:00+00:00,13412,14126,block_download_or_coverage,,,2025,E00040,False,,,False
20250626_1700_HARP13412_NOAA14126,2025-06-26 17:00:00+00:00,13412,14126,block_download_or_coverage,,,2025,E00040,False,,,False
20250626_1836_HARP13412_NOAA14126,2025-06-26 18:36:00+00:00,13412,14126,block_download_or_coverage,,,2025,E00040,False,,,False
20250626_2012_HARP13412_NOAA14126,2025-06-26 20:12:00+00:00,13412,14126,block_download_or_coverage,,,2025,E00040,False,,,False
20250626_2212_HARP13412_NOAA14126,2025-06-26 22:12:00+00:00,13412,14126,block_download_or_coverage,,,2025,E00040,False,,,False
20250626_2348_HARP13412_NOAA14126,2025-06-26 23:48:00+00:00,13412,14126,block_download_or_coverage,,,2025,E00040,False,,,False
20250627_0124_HARP13412_NOAA14126,2025-06-27 01:24:00+00:00,13412,14126,block_download_or_coverage,,,2025,E00040,False,,,False
20250627_0300_HARP13412_NOAA14126,2025-06-27 03:00:00+00:00,13412,14126,block_download_or_coverage,,,2025,E00040,False,,,False
20250627_0436_HARP13412_NOAA14126,2025-06-27 04:36:00+00:00,13412,14126,block_download_or_coverage,,,2025,E00040,False,,,False
20250627_0612_HARP13412_NOAA14126,2025-06-27 06:12:00+00:00,13412,14126,block_download_or_coverage,,,2025,E00040,False,,,False
20250627_0748_HARP13412_NOAA14126,2025-06-27 07:48:00+00:00,13412,14126,block_download_or_coverage,,,2025,E00040,False,,,False
20250627_0924_HARP13412_NOAA14126,2025-06-27 09:24:00+00:00,13412,14126,block_download_or_coverage,,,2025,E00040,False,,,False
20250627_1100_HARP13412_NOAA14126,2025-06-27 11:00:00+00:00,13412,14126,block_download_or_coverage,,,2025,E00040,False,,,False
20250627_1236_HARP13412_NOAA14126,2025-06-27 12:36:00+00:00,13412,14126,block_download_or_coverage,,,2025,E00040,False,,,False
20250627_1412_HARP13412_NOAA14126,2025-06-27 14:12:00+00:00,13412,14126,block_download_or_coverage,,,2025,E00040,False,,,False
20250627_1548_HARP13412_NOAA14126,2025-06-27 15:48:00+00:00,13412,14126,block_download_or_coverage,,,2025,E00040,False,,,False
20250627_1724_HARP13412_NOAA14126,2025-06-27 17:24:00+00:00,13412,14126,block_download_or_coverage,,,2025,E00040,False,,,False
20250627_1900_HARP13412_NOAA14126,2025-06-27 19:00:00+00:00,13412,14126,block_download_or_coverage,,,2025,E00040,False,,,False
20250627_2036_HARP13412_NOAA14126,2025-06-27 20:36:00+00:00,13412,14126,block_download_or_coverage,,,2025,E00040,False,,,False
20250627_2212_HARP13412_NOAA14126,2025-06-27 22:12:00+00:00,13412,14126,block_download_or_coverage,,,2025,E00040,False,,,False
20250627_2348_HARP13412_NOAA14126,2025-06-27 23:48:00+00:00,13412,14126,block_download_or_coverage,,,2025,E00040,False,,,False
20250628_0124_HARP13412_NOAA14126,2025-06-28 01:24:00+00:00,13412,14126,block_download_or_coverage,,,2025,E00040,False,,,False
20250628_0300_HARP13412_NOAA14126,2025-06-28 03:00:00+00:00,13412,14126,block_download_or_coverage,,,2025,E00040,False,,,False
20250628_0436_HARP13412_NOAA14126,2025-06-28 04:36:00+00:00,13412,14126,block_download_or_coverage,,,2025,E00040,False,,,False
20250628_0612_HARP13412_NOAA14126,2025-06-28 06:12:00+00:00,13412,14126,block_download_or_coverage,,,2025,E00040,False,,,False
20250628_0748_HARP13412_NOAA14126,2025-06-28 07:48:00+00:00,13412,14126,block_download_or_coverage,,,2025,E00040,False,,,False
20250628_0924_HARP13412_NOAA14126,2025-06-28 09:24:00+00:00,13412,14126,block_download_or_coverage,,,2025,E00040,False,,,False
20250629_1136_HARP13412_NOAA14126,2025-06-29 11:36:00+00:00,13412,14126,block_download_or_coverage,,,2025,E00041,False,56569.0,False,True
20250629_1312_HARP13412_NOAA14126,2025-06-29 13:12:00+00:00,13412,14126,block_download_or_coverage,,,2025,E00041,False,56571.0,False,True
20250629_1448_HARP13412_NOAA14126,2025-06-29 14:48:00+00:00,13412,14126,block_download_or_coverage,,,2025,E00041,False,56573.0,False,True
20250629_1624_HARP13412_NOAA14126,2025-06-29 16:24:00+00:00,13412,14126,block_download_or_coverage,,,2025,E00041,False,56575.0,False,True
20250624_2112_HARP13415_NOAA14121,2025-06-24 21:12:00+00:00,13415,14121,block_download_or_coverage,,,2025,E00042,False,,,False
20250624_2248_HARP13415_NOAA14121,2025-06-24 22:48:00+00:00,13415,14121,block_download_or_coverage,,,2025,E00042,False,,,False
20250625_0024_HARP13415_NOAA14121,2025-06-25 00:24:00+00:00,13415,14121,block_download_or_coverage,,,2025,E00042,False,,,False
20250625_0200_HARP13415_NOAA14121,2025-06-25 02:00:00+00:00,13415,14121,block_download_or_coverage,,,2025,E00042,False,,,False
20250625_0336_HARP13415_NOAA14121,2025-06-25 03:36:00+00:00,13415,14121,block_download_or_coverage,,,2025,E00042,False,,,False
20250625_0512_HARP13415_NOAA14121,2025-06-25 05:12:00+00:00,13415,14121,block_download_or_coverage,,,2025,E00042,False,,,False
20250625_0648_HARP13415_NOAA14121,2025-06-25 06:48:00+00:00,13415,14121,block_download_or_coverage,,,2025,E00042,False,,,False
20250625_0824_HARP13415_NOAA14121,2025-06-25 08:24:00+00:00,13415,14121,block_download_or_coverage,,,2025,E00042,False,,,False
20250625_1000_HARP13415_NOAA14121,2025-06-25 10:00:00+00:00,13415,14121,block_download_or_coverage,,,2025,E00042,False,,,False
20250625_1200_HARP13415_NOAA14121,2025-06-25 12:00:00+00:00,13415,14121,block_download_or_coverage,,,2025,E00042,False,,,False
20250625_1336_HARP13415_NOAA14121,2025-06-25 13:36:00+00:00,13415,14121,block_download_or_coverage,,,2025,E00042,False,,,False
20250625_1512_HARP13415_NOAA14121,2025-06-25 15:12:00+00:00,13415,14121,block_download_or_coverage,,,2025,E00042,False,,,False
20250625_1648_HARP13415_NOAA14121,2025-06-25 16:48:00+00:00,13415,14121,block_download_or_coverage,,,2025,E00042,False,,,False
20250625_1824_HARP13415_NOAA14121,2025-06-25 18:24:00+00:00,13415,14121,block_download_or_coverage,,,2025,E00042,False,,,False
20250625_2012_HARP13415_NOAA14121,2025-06-25 20:12:00+00:00,13415,14121,block_download_or_coverage,,,2025,E00042,False,,,False
20250625_2148_HARP13415_NOAA14121,2025-06-25 21:48:00+00:00,13415,14121,block_download_or_coverage,,,2025,E00042,False,,,False
20250625_2324_HARP13415_NOAA14121,2025-06-25 23:24:00+00:00,13415,14121,block_download_or_coverage,,,2025,E00042,False,,,False
20250626_0100_HARP13415_NOAA14121,2025-06-26 01:00:00+00:00,13415,14121,block_download_or_coverage,,,2025,E00042,False,,,False
20250626_0236_HARP13415_NOAA14121,2025-06-26 02:36:00+00:00,13415,14121,block_download_or_coverage,,,2025,E00042,False,56505.0,False,True
20250626_0412_HARP13415_NOAA14121,2025-06-26 04:12:00+00:00,13415,14121,block_download_or_coverage,,,2025,E00042,False,56509.0,False,True
20250626_0548_HARP13415_NOAA14121,2025-06-26 05:48:00+00:00,13415,14121,block_download_or_coverage,,,2025,E00042,False,56513.0,False,True
20250626_0724_HARP13415_NOAA14121,2025-06-26 07:24:00+00:00,13415,14121,block_download_or_coverage,,,2025,E00042,False,56517.0,False,True
20250626_1036_HARP13415_NOAA14121,2025-06-26 10:36:00+00:00,13415,14121,block_download_or_coverage,,,2025,E00042,False,,,False
20250626_1212_HARP13415_NOAA14121,2025-06-26 12:12:00+00:00,13415,14121,block_download_or_coverage,,,2025,E00042,False,,,False
20250626_1348_HARP13415_NOAA14121,2025-06-26 13:48:00+00:00,13415,14121,block_download_or_coverage,,,2025,E00042,False,,,False
20250626_1524_HARP13415_NOAA14121,2025-06-26 15:24:00+00:00,13415,14121,block_download_or_coverage,,,2025,E00042,False,56524.0,False,True
20250626_1700_HARP13415_NOAA14121,2025-06-26 17:00:00+00:00,13415,14121,block_download_or_coverage,,,2025,E00042,False,56525.0,False,True
20250626_1836_HARP13415_NOAA14121,2025-06-26 18:36:00+00:00,13415,14121,block_download_or_coverage,,,2025,E00042,False,56526.0,False,True
20250626_2012_HARP13415_NOAA14121,2025-06-26 20:12:00+00:00,13415,14121,block_download_or_coverage,,,2025,E00042,False,56527.0,False,True
20250626_2212_HARP13415_NOAA14121,2025-06-26 22:12:00+00:00,13415,14121,block_download_or_coverage,,,2025,E00042,False,,,False
20250626_2348_HARP13415_NOAA14121,2025-06-26 23:48:00+00:00,13415,14121,block_download_or_coverage,,,2025,E00042,False,,,False
20250627_0124_HARP13415_NOAA14121,2025-06-27 01:24:00+00:00,13415,14121,block_download_or_coverage,,,2025,E00042,False,,,False
20250627_0300_HARP13415_NOAA14121,2025-06-27 03:00:00+00:00,13415,14121,block_download_or_coverage,,,2025,E00042,False,56528.0,False,True
20250627_0436_HARP13415_NOAA14121,2025-06-27 04:36:00+00:00,13415,14121,block_download_or_coverage,,,2025,E00042,False,56530.0,False,True
20250627_0612_HARP13415_NOAA14121,2025-06-27 06:12:00+00:00,13415,14121,block_download_or_coverage,,,2025,E00042,False,56532.0,False,True
20250627_0748_HARP13415_NOAA14121,2025-06-27 07:48:00+00:00,13415,14121,block_download_or_coverage,,,2025,E00042,False,56534.0,False,True
20250627_0924_HARP13415_NOAA14121,2025-06-27 09:24:00+00:00,13415,14121,block_download_or_coverage,,,2025,E00042,False,56536.0,False,True
20250627_1100_HARP13415_NOAA14121,2025-06-27 11:00:00+00:00,13415,14121,block_download_or_coverage,,,2025,E00042,False,56538.0,False,True
20250627_1236_HARP13415_NOAA14121,2025-06-27 12:36:00+00:00,13415,14121,block_download_or_coverage,,,2025,E00042,False,,,False
20250627_1412_HARP13415_NOAA14121,2025-06-27 14:12:00+00:00,13415,14121,block_download_or_coverage,,,2025,E00042,False,,,False
20250627_1548_HARP13415_NOAA14121,2025-06-27 15:48:00+00:00,13415,14121,block_download_or_coverage,,,2025,E00042,False,,,False
20250627_1724_HARP13415_NOAA14121,2025-06-27 17:24:00+00:00,13415,14121,block_download_or_coverage,,,2025,E00042,False,,,False
20250627_1900_HARP13415_NOAA14121,2025-06-27 19:00:00+00:00,13415,14121,block_download_or_coverage,,,2025,E00042,False,,,False
20250627_2036_HARP13415_NOAA14121,2025-06-27 20:36:00+00:00,13415,14121,block_download_or_coverage,,,2025,E00042,False,,,False
20250627_2212_HARP13415_NOAA14121,2025-06-27 22:12:00+00:00,13415,14121,block_download_or_coverage,,,2025,E00042,False,,,False
20250627_2348_HARP13415_NOAA14121,2025-06-27 23:48:00+00:00,13415,14121,block_download_or_coverage,,,2025,E00042,False,,,False
20250628_0124_HARP13415_NOAA14121,2025-06-28 01:24:00+00:00,13415,14121,block_download_or_coverage,,,2025,E00042,False,,,False
20250627_1936_HARP13424_NOAA14122,2025-06-27 19:36:00+00:00,13424,14122,block_download_or_coverage,,,2025,E00043,False,,,False
20250627_2112_HARP13424_NOAA14122,2025-06-27 21:12:00+00:00,13424,14122,block_download_or_coverage,,,2025,E00043,False,,,False
20250627_2248_HARP13424_NOAA14122,2025-06-27 22:48:00+00:00,13424,14122,block_download_or_coverage,,,2025,E00043,False,,,False
20250628_0024_HARP13424_NOAA14122,2025-06-28 00:24:00+00:00,13424,14122,block_download_or_coverage,,,2025,E00043,False,56546.0,False,True
20250628_0200_HARP13424_NOAA14122,2025-06-28 02:00:00+00:00,13424,14122,block_download_or_coverage,,,2025,E00043,False,56547.0,False,True
20250628_0336_HARP13424_NOAA14122,2025-06-28 03:36:00+00:00,13424,14122,block_download_or_coverage,,,2025,E00043,False,56548.0,False,True
20250628_0512_HARP13424_NOAA14122,2025-06-28 05:12:00+00:00,13424,14122,block_download_or_coverage,,,2025,E00043,False,56549.0,False,True
20250628_0648_HARP13424_NOAA14122,2025-06-28 06:48:00+00:00,13424,14122,block_download_or_coverage,,,2025,E00043,False,56550.0,False,True
20250628_0824_HARP13424_NOAA14122,2025-06-28 08:24:00+00:00,13424,14122,block_download_or_coverage,,,2025,E00043,False,56551.0,False,True
20250628_1000_HARP13424_NOAA14122,2025-06-28 10:00:00+00:00,13424,14122,block_download_or_coverage,,,2025,E00043,False,56552.0,False,True
20250628_1136_HARP13424_NOAA14122,2025-06-28 11:36:00+00:00,13424,14122,block_download_or_coverage,,,2025,E00043,False,56553.0,False,True
20250628_1312_HARP13424_NOAA14122,2025-06-28 13:12:00+00:00,13424,14122,block_download_or_coverage,,,2025,E00043,False,56554.0,False,True
20250628_1448_HARP13424_NOAA14122,2025-06-28 14:48:00+00:00,13424,14122,block_download_or_coverage,,,2025,E00043,False,56555.0,False,True
20250628_1624_HARP13424_NOAA14122,2025-06-28 16:24:00+00:00,13424,14122,block_download_or_coverage,,,2025,E00043,False,56557.0,False,True
20250628_1936_HARP13424_NOAA14122,2025-06-28 19:36:00+00:00,13424,14122,block_download_or_coverage,,,2025,E00043,False,,,False
20250628_2112_HARP13424_NOAA14122,2025-06-28 21:12:00+00:00,13424,14122,block_download_or_coverage,,,2025,E00043,False,,,False
20250628_2248_HARP13424_NOAA14122,2025-06-28 22:48:00+00:00,13424,14122,block_download_or_coverage,,,2025,E00043,False,,,False
20250629_0024_HARP13424_NOAA14122,2025-06-29 00:24:00+00:00,13424,14122,block_download_or_coverage,,,2025,E00043,False,,,False
20250629_0236_HARP13424_NOAA14122,2025-06-29 02:36:00+00:00,13424,14122,block_download_or_coverage,,,2025,E00043,False,,,False
20250629_0412_HARP13424_NOAA14122,2025-06-29 04:12:00+00:00,13424,14122,block_download_or_coverage,,,2025,E00043,False,,,False
20250629_0548_HARP13424_NOAA14122,2025-06-29 05:48:00+00:00,13424,14122,block_download_or_coverage,,,2025,E00043,False,,,False
20250629_0724_HARP13424_NOAA14122,2025-06-29 07:24:00+00:00,13424,14122,block_download_or_coverage,,,2025,E00043,False,,,False
20250629_0900_HARP13424_NOAA14122,2025-06-29 09:00:00+00:00,13424,14122,block_download_or_coverage,,,2025,E00043,False,,,False
20250629_1036_HARP13424_NOAA14122,2025-06-29 10:36:00+00:00,13424,14122,block_download_or_coverage,,,2025,E00043,False,,,False
20250629_1212_HARP13424_NOAA14122,2025-06-29 12:12:00+00:00,13424,14122,block_download_or_coverage,,,2025,E00043,False,,,False
20250629_1348_HARP13424_NOAA14122,2025-06-29 13:48:00+00:00,13424,14122,block_download_or_coverage,,,2025,E00043,False,,,False
20250629_1524_HARP13424_NOAA14122,2025-06-29 15:24:00+00:00,13424,14122,block_download_or_coverage,,,2025,E00043,False,,,False
20250629_1700_HARP13424_NOAA14122,2025-06-29 17:00:00+00:00,13424,14122,block_download_or_coverage,,,2025,E00043,False,,,False
20250629_1836_HARP13424_NOAA14122,2025-06-29 18:36:00+00:00,13424,14122,block_download_or_coverage,,,2025,E00043,False,,,False
20250629_2012_HARP13424_NOAA14122,2025-06-29 20:12:00+00:00,13424,14122,block_download_or_coverage,,,2025,E00043,False,,,False
20250629_2148_HARP13424_NOAA14122,2025-06-29 21:48:00+00:00,13424,14122,block_download_or_coverage,,,2025,E00043,False,,,False
20250629_2324_HARP13424_NOAA14122,2025-06-29 23:24:00+00:00,13424,14122,block_download_or_coverage,,,2025,E00043,False,,,False
20250630_0100_HARP13424_NOAA14122,2025-06-30 01:00:00+00:00,13424,14122,block_download_or_coverage,,,2025,E00043,False,56577.0,False,True
20250630_0236_HARP13424_NOAA14122,2025-06-30 02:36:00+00:00,13424,14122,block_download_or_coverage,,,2025,E00043,False,56578.0,False,True
20250630_0412_HARP13424_NOAA14122,2025-06-30 04:12:00+00:00,13424,14122,block_download_or_coverage,,,2025,E00043,False,56580.0,False,True
20250630_0548_HARP13424_NOAA14122,2025-06-30 05:48:00+00:00,13424,14122,block_download_or_coverage,,,2025,E00043,False,56582.0,False,True
20250630_0724_HARP13424_NOAA14122,2025-06-30 07:24:00+00:00,13424,14122,block_download_or_coverage,,,2025,E00043,False,56584.0,False,True
20250630_0900_HARP13424_NOAA14122,2025-06-30 09:00:00+00:00,13424,14122,block_download_or_coverage,,,2025,E00043,False,56586.0,False,True
20250630_1036_HARP13424_NOAA14122,2025-06-30 10:36:00+00:00,13424,14122,block_download_or_coverage,,,2025,E00043,False,56588.0,False,True
20250630_1212_HARP13424_NOAA14122,2025-06-30 12:12:00+00:00,13424,14122,block_download_or_coverage,,,2025,E00043,False,56590.0,False,True
20250630_1348_HARP13424_NOAA14122,2025-06-30 13:48:00+00:00,13424,14122,block_download_or_coverage,,,2025,E00043,False,56591.0,False,True
20250630_1524_HARP13424_NOAA14122,2025-06-30 15:24:00+00:00,13424,14122,block_download_or_coverage,,,2025,E00043,False,56592.0,False,True
20250630_1700_HARP13424_NOAA14122,2025-06-30 17:00:00+00:00,13424,14122,block_download_or_coverage,,,2025,E00043,False,56593.0,False,True
20250630_1836_HARP13424_NOAA14122,2025-06-30 18:36:00+00:00,13424,14122,block_download_or_coverage,,,2025,E00043,False,56594.0,False,True
20250630_2012_HARP13424_NOAA14122,2025-06-30 20:12:00+00:00,13424,14122,block_download_or_coverage,,,2025,E00043,False,56595.0,False,True
20250630_2148_HARP13424_NOAA14122,2025-06-30 21:48:00+00:00,13424,14122,block_download_or_coverage,,,2025,E00043,False,56596.0,False,True
20250701_0100_HARP13424_NOAA14122,2025-07-01 01:00:00+00:00,13424,14122,block_download_or_coverage,,,2025,E00043,False,,,False
20250701_0236_HARP13424_NOAA14122,2025-07-01 02:36:00+00:00,13424,14122,block_download_or_coverage,,,2025,E00043,False,,,False
20250701_0412_HARP13424_NOAA14122,2025-07-01 04:12:00+00:00,13424,14122,block_download_or_coverage,,,2025,E00043,False,,,False
20250701_0548_HARP13424_NOAA14122,2025-07-01 05:48:00+00:00,13424,14122,block_download_or_coverage,,,2025,E00043,False,,,False
20250701_0724_HARP13424_NOAA14122,2025-07-01 07:24:00+00:00,13424,14122,block_download_or_coverage,,,2025,E00043,False,,,False
20250701_0900_HARP13424_NOAA14122,2025-07-01 09:00:00+00:00,13424,14122,block_download_or_coverage,,,2025,E00043,False,,,False
20250701_1036_HARP13424_NOAA14122,2025-07-01 10:36:00+00:00,13424,14122,block_download_or_coverage,,,2025,E00043,False,,,False
20250701_1212_HARP13424_NOAA14122,2025-07-01 12:12:00+00:00,13424,14122,block_download_or_coverage,,,2025,E00043,False,,,False
20250701_1348_HARP13424_NOAA14122,2025-07-01 13:48:00+00:00,13424,14122,block_download_or_coverage,,,2025,E00043,False,,,False
20250701_1524_HARP13424_NOAA14122,2025-07-01 15:24:00+00:00,13424,14122,block_download_or_coverage,,,2025,E00043,False,,,False
20250701_1700_HARP13424_NOAA14122,2025-07-01 17:00:00+00:00,13424,14122,block_download_or_coverage,,,2025,E00043,False,,,False
20250701_1836_HARP13424_NOAA14122,2025-07-01 18:36:00+00:00,13424,14122,block_download_or_coverage,,,2025,E00043,False,,,False
20250701_2012_HARP13424_NOAA14122,2025-07-01 20:12:00+00:00,13424,14122,block_download_or_coverage,,,2025,E00043,False,,,False
20250701_2148_HARP13424_NOAA14122,2025-07-01 21:48:00+00:00,13424,14122,block_download_or_coverage,,,2025,E00043,False,,,False
20250701_2324_HARP13424_NOAA14122,2025-07-01 23:24:00+00:00,13424,14122,block_download_or_coverage,,,2025,E00043,False,,,False
20250702_0548_HARP13424_NOAA14122,2025-07-02 05:48:00+00:00,13424,14122,block_download_or_coverage,,,2025,E00044,False,,,False
20250702_0724_HARP13424_NOAA14122,2025-07-02 07:24:00+00:00,13424,14122,block_download_or_coverage,,,2025,E00044,False,,,False
20250702_0900_HARP13424_NOAA14122,2025-07-02 09:00:00+00:00,13424,14122,block_download_or_coverage,,,2025,E00044,False,,,False
20250629_2248_HARP13432_NOAA14124,2025-06-29 22:48:00+00:00,13432,14124,block_download_or_coverage,,,2025,E00045,False,,,False
20250630_0024_HARP13432_NOAA14124,2025-06-30 00:24:00+00:00,13432,14124,block_download_or_coverage,,,2025,E00045,False,,,False
20250630_0200_HARP13432_NOAA14124,2025-06-30 02:00:00+00:00,13432,14124,block_download_or_coverage,,,2025,E00045,False,,,False
20250630_0336_HARP13432_NOAA14124,2025-06-30 03:36:00+00:00,13432,14124,block_download_or_coverage,,,2025,E00045,False,56579.0,False,True
20250630_0512_HARP13432_NOAA14124,2025-06-30 05:12:00+00:00,13432,14124,block_download_or_coverage,,,2025,E00045,False,56581.0,False,True
20250630_0648_HARP13432_NOAA14124,2025-06-30 06:48:00+00:00,13432,14124,block_download_or_coverage,,,2025,E00045,False,56583.0,False,True
20250630_0824_HARP13432_NOAA14124,2025-06-30 08:24:00+00:00,13432,14124,block_download_or_coverage,,,2025,E00045,False,56585.0,False,True
20250630_1000_HARP13432_NOAA14124,2025-06-30 10:00:00+00:00,13432,14124,block_download_or_coverage,,,2025,E00045,False,56587.0,False,True
20250630_1136_HARP13432_NOAA14124,2025-06-30 11:36:00+00:00,13432,14124,block_download_or_coverage,,,2025,E00045,False,56589.0,False,True
20250630_1936_HARP13432_NOAA14124,2025-06-30 19:36:00+00:00,13432,14124,block_download_or_coverage,,,2025,E00046,False,,,False
20250630_2112_HARP13432_NOAA14124,2025-06-30 21:12:00+00:00,13432,14124,block_download_or_coverage,,,2025,E00046,False,,,False
20250630_2248_HARP13432_NOAA14124,2025-06-30 22:48:00+00:00,13432,14124,block_download_or_coverage,,,2025,E00046,False,,,False
20250701_0024_HARP13432_NOAA14124,2025-07-01 00:24:00+00:00,13432,14124,block_download_or_coverage,,,2025,E00046,False,56599.0,False,True
20250701_0336_HARP13432_NOAA14124,2025-07-01 03:36:00+00:00,13432,14124,block_download_or_coverage,,,2025,E00046,False,,,False
20250701_0512_HARP13432_NOAA14124,2025-07-01 05:12:00+00:00,13432,14124,block_download_or_coverage,,,2025,E00046,False,,,False
20250701_0648_HARP13432_NOAA14124,2025-07-01 06:48:00+00:00,13432,14124,block_download_or_coverage,,,2025,E00046,False,,,False
20250701_0824_HARP13432_NOAA14124,2025-07-01 08:24:00+00:00,13432,14124,block_download_or_coverage,,,2025,E00046,False,,,False
20250701_1000_HARP13432_NOAA14124,2025-07-01 10:00:00+00:00,13432,14124,block_download_or_coverage,,,2025,E00046,False,,,False
20250701_1136_HARP13432_NOAA14124,2025-07-01 11:36:00+00:00,13432,14124,block_download_or_coverage,,,2025,E00046,False,,,False
20250701_1312_HARP13432_NOAA14124,2025-07-01 13:12:00+00:00,13432,14124,block_download_or_coverage,,,2025,E00046,False,,,False
20250701_1448_HARP13432_NOAA14124,2025-07-01 14:48:00+00:00,13432,14124,block_download_or_coverage,,,2025,E00046,False,,,False
20250701_1624_HARP13432_NOAA14124,2025-07-01 16:24:00+00:00,13432,14124,block_download_or_coverage,,,2025,E00046,False,,,False
20250702_0200_HARP13432_NOAA14124,2025-07-02 02:00:00+00:00,13432,14124,block_download_or_coverage,,,2025,E00047,False,,,False
20250702_0336_HARP13432_NOAA14124,2025-07-02 03:36:00+00:00,13432,14124,block_download_or_coverage,,,2025,E00047,False,,,False
20250702_0512_HARP13432_NOAA14124,2025-07-02 05:12:00+00:00,13432,14124,block_download_or_coverage,,,2025,E00047,False,,,False
20250702_0648_HARP13432_NOAA14124,2025-07-02 06:48:00+00:00,13432,14124,block_download_or_coverage,,,2025,E00047,False,56624.0,False,True
20250702_0824_HARP13432_NOAA14124,2025-07-02 08:24:00+00:00,13432,14124,block_download_or_coverage,,,2025,E00047,False,56627.0,False,True
20250702_1000_HARP13432_NOAA14124,2025-07-02 10:00:00+00:00,13432,14124,block_download_or_coverage,,,2025,E00047,False,56630.0,False,True
20250702_1136_HARP13432_NOAA14124,2025-07-02 11:36:00+00:00,13432,14124,block_download_or_coverage,,,2025,E00047,False,56633.0,False,True
20250702_1312_HARP13432_NOAA14124,2025-07-02 13:12:00+00:00,13432,14124,block_download_or_coverage,,,2025,E00047,False,56636.0,False,True
20250702_1448_HARP13432_NOAA14124,2025-07-02 14:48:00+00:00,13432,14124,block_download_or_coverage,,,2025,E00047,False,56639.0,False,True
20250702_1624_HARP13432_NOAA14124,2025-07-02 16:24:00+00:00,13432,14124,block_download_or_coverage,,,2025,E00047,False,56642.0,False,True
20250702_2000_HARP13432_NOAA14124,2025-07-02 20:00:00+00:00,13432,14124,block_download_or_coverage,,,2025,E00048,False,,,False
20250702_2136_HARP13432_NOAA14124,2025-07-02 21:36:00+00:00,13432,14124,block_download_or_coverage,,,2025,E00048,False,,,False
20250702_2312_HARP13432_NOAA14124,2025-07-02 23:12:00+00:00,13432,14124,block_download_or_coverage,,,2025,E00048,False,,,False
20250703_0048_HARP13432_NOAA14124,2025-07-03 00:48:00+00:00,13432,14124,block_download_or_coverage,,,2025,E00048,False,56645.0,False,True
20250703_0400_HARP13432_NOAA14124,2025-07-03 04:00:00+00:00,13432,14124,block_download_or_coverage,,,2025,E00048,False,,,False
20250703_0536_HARP13432_NOAA14124,2025-07-03 05:36:00+00:00,13432,14124,block_download_or_coverage,,,2025,E00048,False,,,False
20250703_0712_HARP13432_NOAA14124,2025-07-03 07:12:00+00:00,13432,14124,block_download_or_coverage,,,2025,E00048,False,,,False
20250703_0848_HARP13432_NOAA14124,2025-07-03 08:48:00+00:00,13432,14124,block_download_or_coverage,,,2025,E00048,False,,,False
20250703_1024_HARP13432_NOAA14124,2025-07-03 10:24:00+00:00,13432,14124,block_download_or_coverage,,,2025,E00048,False,,,False
20250703_1200_HARP13432_NOAA14124,2025-07-03 12:00:00+00:00,13432,14124,block_download_or_coverage,,,2025,E00048,False,,,False
20250703_1336_HARP13432_NOAA14124,2025-07-03 13:36:00+00:00,13432,14124,block_download_or_coverage,,,2025,E00048,False,,,False
20250703_1512_HARP13432_NOAA14124,2025-07-03 15:12:00+00:00,13432,14124,block_download_or_coverage,,,2025,E00048,False,,,False
20250703_1648_HARP13432_NOAA14124,2025-07-03 16:48:00+00:00,13432,14124,block_download_or_coverage,,,2025,E00048,False,,,False
20250703_1824_HARP13432_NOAA14124,2025-07-03 18:24:00+00:00,13432,14124,block_download_or_coverage,,,2025,E00048,False,,,False
20250703_2000_HARP13432_NOAA14124,2025-07-03 20:00:00+00:00,13432,14124,block_download_or_coverage,,,2025,E00048,False,,,False
20250703_2312_HARP13432_NOAA14124,2025-07-03 23:12:00+00:00,13432,14124,block_download_or_coverage,,,2025,E00048,False,,,False
20250704_0048_HARP13432_NOAA14124,2025-07-04 00:48:00+00:00,13432,14124,block_download_or_coverage,,,2025,E00048,False,,,False
20250704_0224_HARP13432_NOAA14124,2025-07-04 02:24:00+00:00,13432,14124,block_download_or_coverage,,,2025,E00048,False,,,False
20250704_0400_HARP13432_NOAA14124,2025-07-04 04:00:00+00:00,13432,14124,block_download_or_coverage,,,2025,E00048,False,,,False
20250704_0536_HARP13432_NOAA14124,2025-07-04 05:36:00+00:00,13432,14124,block_download_or_coverage,,,2025,E00048,False,,,False
20250704_0712_HARP13432_NOAA14124,2025-07-04 07:12:00+00:00,13432,14124,block_download_or_coverage,,,2025,E00048,False,,,False
20250704_0848_HARP13432_NOAA14124,2025-07-04 08:48:00+00:00,13432,14124,block_download_or_coverage,,,2025,E00048,False,,,False
20250704_1024_HARP13432_NOAA14124,2025-07-04 10:24:00+00:00,13432,14124,block_download_or_coverage,,,2025,E00048,False,,,False
20250626_2012_HARP13434_NOAA14123,2025-06-26 20:12:00+00:00,13434,14123,block_download_or_coverage,,,2025,E00049,False,,,False
20250626_2212_HARP13434_NOAA14123,2025-06-26 22:12:00+00:00,13434,14123,block_download_or_coverage,,,2025,E00049,False,,,False
20250626_2348_HARP13434_NOAA14123,2025-06-26 23:48:00+00:00,13434,14123,block_download_or_coverage,,,2025,E00049,False,,,False
20250627_0124_HARP13434_NOAA14123,2025-06-27 01:24:00+00:00,13434,14123,block_download_or_coverage,,,2025,E00049,False,,,False
20250627_0300_HARP13434_NOAA14123,2025-06-27 03:00:00+00:00,13434,14123,block_download_or_coverage,,,2025,E00049,False,56529.0,False,True
20250627_0436_HARP13434_NOAA14123,2025-06-27 04:36:00+00:00,13434,14123,block_download_or_coverage,,,2025,E00049,False,56531.0,False,True
20250627_0612_HARP13434_NOAA14123,2025-06-27 06:12:00+00:00,13434,14123,block_download_or_coverage,,,2025,E00049,False,56533.0,False,True
20250627_0748_HARP13434_NOAA14123,2025-06-27 07:48:00+00:00,13434,14123,block_download_or_coverage,,,2025,E00049,False,56535.0,False,True
20250627_0924_HARP13434_NOAA14123,2025-06-27 09:24:00+00:00,13434,14123,block_download_or_coverage,,,2025,E00049,False,56537.0,False,True
20250627_1100_HARP13434_NOAA14123,2025-06-27 11:00:00+00:00,13434,14123,block_download_or_coverage,,,2025,E00049,False,56539.0,False,True
20250627_1236_HARP13434_NOAA14123,2025-06-27 12:36:00+00:00,13434,14123,block_download_or_coverage,,,2025,E00049,False,56540.0,False,True
20250627_1412_HARP13434_NOAA14123,2025-06-27 14:12:00+00:00,13434,14123,block_download_or_coverage,,,2025,E00049,False,56541.0,False,True
20250627_1548_HARP13434_NOAA14123,2025-06-27 15:48:00+00:00,13434,14123,block_download_or_coverage,,,2025,E00049,False,56542.0,False,True
20250627_1724_HARP13434_NOAA14123,2025-06-27 17:24:00+00:00,13434,14123,block_download_or_coverage,,,2025,E00049,False,56543.0,False,True
20250627_1900_HARP13434_NOAA14123,2025-06-27 19:00:00+00:00,13434,14123,block_download_or_coverage,,,2025,E00049,False,56544.0,False,True
20250627_2036_HARP13434_NOAA14123,2025-06-27 20:36:00+00:00,13434,14123,block_download_or_coverage,,,2025,E00049,False,56545.0,False,True
20250627_2212_HARP13434_NOAA14123,2025-06-27 22:12:00+00:00,13434,14123,block_download_or_coverage,,,2025,E00049,False,,,False
20250627_2348_HARP13434_NOAA14123,2025-06-27 23:48:00+00:00,13434,14123,block_download_or_coverage,,,2025,E00049,False,,,False
20250628_0124_HARP13434_NOAA14123,2025-06-28 01:24:00+00:00,13434,14123,block_download_or_coverage,,,2025,E00049,False,,,False
20250628_0300_HARP13434_NOAA14123,2025-06-28 03:00:00+00:00,13434,14123,block_download_or_coverage,,,2025,E00049,False,,,False
20250628_0436_HARP13434_NOAA14123,2025-06-28 04:36:00+00:00,13434,14123,block_download_or_coverage,,,2025,E00049,False,,,False
20250628_0612_HARP13434_NOAA14123,2025-06-28 06:12:00+00:00,13434,14123,block_download_or_coverage,,,2025,E00049,False,,,False
20250628_0748_HARP13434_NOAA14123,2025-06-28 07:48:00+00:00,13434,14123,block_download_or_coverage,,,2025,E00049,False,,,False
20250628_0924_HARP13434_NOAA14123,2025-06-28 09:24:00+00:00,13434,14123,block_download_or_coverage,,,2025,E00049,False,,,False
20250628_1100_HARP13434_NOAA14123,2025-06-28 11:00:00+00:00,13434,14123,block_download_or_coverage,,,2025,E00049,False,,,False
20250628_1236_HARP13434_NOAA14123,2025-06-28 12:36:00+00:00,13434,14123,block_download_or_coverage,,,2025,E00049,False,,,False
20250628_1412_HARP13434_NOAA14123,2025-06-28 14:12:00+00:00,13434,14123,block_download_or_coverage,,,2025,E00049,False,,,False
20250628_1548_HARP13434_NOAA14123,2025-06-28 15:48:00+00:00,13434,14123,block_download_or_coverage,,,2025,E00049,False,,,False
20250628_1724_HARP13434_NOAA14123,2025-06-28 17:24:00+00:00,13434,14123,block_download_or_coverage,,,2025,E00049,False,,,False
20250628_1900_HARP13434_NOAA14123,2025-06-28 19:00:00+00:00,13434,14123,block_download_or_coverage,,,2025,E00049,False,,,False
20250628_2036_HARP13434_NOAA14123,2025-06-28 20:36:00+00:00,13434,14123,block_download_or_coverage,,,2025,E00049,False,,,False
20250628_2212_HARP13434_NOAA14123,2025-06-28 22:12:00+00:00,13434,14123,block_download_or_coverage,,,2025,E00049,False,,,False
20250628_2348_HARP13434_NOAA14123,2025-06-28 23:48:00+00:00,13434,14123,block_download_or_coverage,,,2025,E00049,False,,,False
20250629_0200_HARP13434_NOAA14123,2025-06-29 02:00:00+00:00,13434,14123,block_download_or_coverage,,,2025,E00049,False,,,False
20250629_0336_HARP13434_NOAA14123,2025-06-29 03:36:00+00:00,13434,14123,block_download_or_coverage,,,2025,E00049,False,,,False
20250629_0512_HARP13434_NOAA14123,2025-06-29 05:12:00+00:00,13434,14123,block_download_or_coverage,,,2025,E00049,False,,,False
20250629_0648_HARP13434_NOAA14123,2025-06-29 06:48:00+00:00,13434,14123,block_download_or_coverage,,,2025,E00049,False,56564.0,False,True
20250629_0824_HARP13434_NOAA14123,2025-06-29 08:24:00+00:00,13434,14123,block_download_or_coverage,,,2025,E00049,False,56566.0,False,True
20250629_1000_HARP13434_NOAA14123,2025-06-29 10:00:00+00:00,13434,14123,block_download_or_coverage,,,2025,E00049,False,56568.0,False,True
20250629_1136_HARP13434_NOAA14123,2025-06-29 11:36:00+00:00,13434,14123,block_download_or_coverage,,,2025,E00049,False,56570.0,False,True
20250629_1312_HARP13434_NOAA14123,2025-06-29 13:12:00+00:00,13434,14123,block_download_or_coverage,,,2025,E00049,False,56572.0,False,True
20250629_1448_HARP13434_NOAA14123,2025-06-29 14:48:00+00:00,13434,14123,block_download_or_coverage,,,2025,E00049,False,56574.0,False,True
20250629_1624_HARP13434_NOAA14123,2025-06-29 16:24:00+00:00,13434,14123,block_download_or_coverage,,,2025,E00049,False,56576.0,False,True
20250629_1936_HARP13434_NOAA14123,2025-06-29 19:36:00+00:00,13434,14123,block_download_or_coverage,,,2025,E00049,False,,,False
20250629_2112_HARP13434_NOAA14123,2025-06-29 21:12:00+00:00,13434,14123,block_download_or_coverage,,,2025,E00049,False,,,False
20250629_2248_HARP13434_NOAA14123,2025-06-29 22:48:00+00:00,13434,14123,block_download_or_coverage,,,2025,E00049,False,,,False
20250630_0024_HARP13434_NOAA14123,2025-06-30 00:24:00+00:00,13434,14123,block_download_or_coverage,,,2025,E00049,False,,,False
20250630_0200_HARP13434_NOAA14123,2025-06-30 02:00:00+00:00,13434,14123,block_download_or_coverage,,,2025,E00049,False,,,False
20250630_0336_HARP13434_NOAA14123,2025-06-30 03:36:00+00:00,13434,14123,block_download_or_coverage,,,2025,E00049,False,,,False
20250630_0512_HARP13434_NOAA14123,2025-06-30 05:12:00+00:00,13434,14123,block_download_or_coverage,,,2025,E00049,False,,,False
20250630_0648_HARP13434_NOAA14123,2025-06-30 06:48:00+00:00,13434,14123,block_download_or_coverage,,,2025,E00049,False,,,False
20250630_0824_HARP13434_NOAA14123,2025-06-30 08:24:00+00:00,13434,14123,block_download_or_coverage,,,2025,E00049,False,,,False
20250630_1000_HARP13434_NOAA14123,2025-06-30 10:00:00+00:00,13434,14123,block_download_or_coverage,,,2025,E00049,False,,,False
20250630_1136_HARP13434_NOAA14123,2025-06-30 11:36:00+00:00,13434,14123,block_download_or_coverage,,,2025,E00049,False,,,False
20250630_1448_HARP13434_NOAA14123,2025-06-30 14:48:00+00:00,13434,14123,block_download_or_coverage,,,2025,E00049,False,,,False
20250630_1624_HARP13434_NOAA14123,2025-06-30 16:24:00+00:00,13434,14123,block_download_or_coverage,,,2025,E00049,False,,,False
20250701_0336_HARP13434_NOAA14123,2025-07-01 03:36:00+00:00,13434,14123,block_download_or_coverage,,,2025,E00050,False,,,False
20250701_0512_HARP13434_NOAA14123,2025-07-01 05:12:00+00:00,13434,14123,block_download_or_coverage,,,2025,E00050,False,,,False
20250701_0648_HARP13434_NOAA14123,2025-07-01 06:48:00+00:00,13434,14123,block_download_or_coverage,,,2025,E00050,False,,,False
20250701_0824_HARP13434_NOAA14123,2025-07-01 08:24:00+00:00,13434,14123,block_download_or_coverage,,,2025,E00050,False,56606.0,False,True
20250701_1000_HARP13434_NOAA14123,2025-07-01 10:00:00+00:00,13434,14123,block_download_or_coverage,,,2025,E00050,False,56609.0,False,True
20250701_1136_HARP13434_NOAA14123,2025-07-01 11:36:00+00:00,13434,14123,block_download_or_coverage,,,2025,E00050,False,56612.0,False,True
20250701_2112_HARP13436_NOAA14125,2025-07-01 21:12:00+00:00,13436,14125,block_download_or_coverage,,,2025,E00051,False,,,False
20250702_0200_HARP13436_NOAA14125,2025-07-02 02:00:00+00:00,13436,14125,block_download_or_coverage,,,2025,E00052,False,,,False
20250702_0336_HARP13436_NOAA14125,2025-07-02 03:36:00+00:00,13436,14125,block_download_or_coverage,,,2025,E00052,False,,,False
20250702_0512_HARP13436_NOAA14125,2025-07-02 05:12:00+00:00,13436,14125,block_download_or_coverage,,,2025,E00052,False,,,False
20250702_0648_HARP13436_NOAA14125,2025-07-02 06:48:00+00:00,13436,14125,block_download_or_coverage,,,2025,E00052,False,56625.0,False,True
20250702_0824_HARP13436_NOAA14125,2025-07-02 08:24:00+00:00,13436,14125,block_download_or_coverage,,,2025,E00052,False,56628.0,False,True
20250702_1000_HARP13436_NOAA14125,2025-07-02 10:00:00+00:00,13436,14125,block_download_or_coverage,,,2025,E00052,False,56631.0,False,True
20250702_1136_HARP13436_NOAA14125,2025-07-02 11:36:00+00:00,13436,14125,block_download_or_coverage,,,2025,E00052,False,56634.0,False,True
20250702_1312_HARP13436_NOAA14125,2025-07-02 13:12:00+00:00,13436,14125,block_download_or_coverage,,,2025,E00052,False,56637.0,False,True
20250702_1448_HARP13436_NOAA14125,2025-07-02 14:48:00+00:00,13436,14125,block_download_or_coverage,,,2025,E00052,False,56640.0,False,True
20250702_1624_HARP13436_NOAA14125,2025-07-02 16:24:00+00:00,13436,14125,block_download_or_coverage,,,2025,E00052,False,56643.0,False,True
20250703_0400_HARP13436_NOAA14125,2025-07-03 04:00:00+00:00,13436,14125,block_download_or_coverage,,,2025,E00053,False,,,False
20250703_0536_HARP13436_NOAA14125,2025-07-03 05:36:00+00:00,13436,14125,block_download_or_coverage,,,2025,E00053,False,,,False
20250703_0712_HARP13436_NOAA14125,2025-07-03 07:12:00+00:00,13436,14125,block_download_or_coverage,,,2025,E00053,False,,,False
20250703_0848_HARP13436_NOAA14125,2025-07-03 08:48:00+00:00,13436,14125,block_download_or_coverage,,,2025,E00053,False,56647.0,False,True
20250703_1024_HARP13436_NOAA14125,2025-07-03 10:24:00+00:00,13436,14125,block_download_or_coverage,,,2025,E00053,False,56649.0,False,True
20250703_1200_HARP13436_NOAA14125,2025-07-03 12:00:00+00:00,13436,14125,block_download_or_coverage,,,2025,E00053,False,56652.0,False,True
20250703_1336_HARP13436_NOAA14125,2025-07-03 13:36:00+00:00,13436,14125,block_download_or_coverage,,,2025,E00053,False,56655.0,False,True
20250703_1512_HARP13436_NOAA14125,2025-07-03 15:12:00+00:00,13436,14125,block_download_or_coverage,,,2025,E00053,False,56658.0,False,True
20250703_1648_HARP13436_NOAA14125,2025-07-03 16:48:00+00:00,13436,14125,block_download_or_coverage,,,2025,E00053,False,56661.0,False,True
20250703_1824_HARP13436_NOAA14125,2025-07-03 18:24:00+00:00,13436,14125,block_download_or_coverage,,,2025,E00053,False,56664.0,False,True
20250703_2000_HARP13436_NOAA14125,2025-07-03 20:00:00+00:00,13436,14125,block_download_or_coverage,,,2025,E00053,False,56667.0,False,True
20250703_2312_HARP13436_NOAA14125,2025-07-03 23:12:00+00:00,13436,14125,block_download_or_coverage,,,2025,E00053,False,,,False
20250704_0048_HARP13436_NOAA14125,2025-07-04 00:48:00+00:00,13436,14125,block_download_or_coverage,,,2025,E00053,False,,,False
20250704_0224_HARP13436_NOAA14125,2025-07-04 02:24:00+00:00,13436,14125,block_download_or_coverage,,,2025,E00053,False,,,False
20250704_0400_HARP13436_NOAA14125,2025-07-04 04:00:00+00:00,13436,14125,block_download_or_coverage,,,2025,E00053,False,56674.0,False,True
20250704_0536_HARP13436_NOAA14125,2025-07-04 05:36:00+00:00,13436,14125,block_download_or_coverage,,,2025,E00053,False,56678.0,False,True
20250704_0712_HARP13436_NOAA14125,2025-07-04 07:12:00+00:00,13436,14125,block_download_or_coverage,,,2025,E00053,False,56681.0,False,True
20250704_0848_HARP13436_NOAA14125,2025-07-04 08:48:00+00:00,13436,14125,block_download_or_coverage,,,2025,E00053,False,56683.0,False,True
20250704_1024_HARP13436_NOAA14125,2025-07-04 10:24:00+00:00,13436,14125,block_download_or_coverage,,,2025,E00053,False,56685.0,False,True
20250704_1200_HARP13436_NOAA14125,2025-07-04 12:00:00+00:00,13436,14125,block_download_or_coverage,,,2025,E00053,False,56687.0,False,True
20250704_1336_HARP13436_NOAA14125,2025-07-04 13:36:00+00:00,13436,14125,block_download_or_coverage,,,2025,E00053,False,56690.0,False,True
20250704_1512_HARP13436_NOAA14125,2025-07-04 15:12:00+00:00,13436,14125,block_download_or_coverage,,,2025,E00053,False,56693.0,False,True
20250704_1648_HARP13436_NOAA14125,2025-07-04 16:48:00+00:00,13436,14125,block_download_or_coverage,,,2025,E00053,False,56696.0,False,True
20250704_1824_HARP13436_NOAA14125,2025-07-04 18:24:00+00:00,13436,14125,block_download_or_coverage,,,2025,E00053,False,56699.0,False,True
20250704_2000_HARP13436_NOAA14125,2025-07-04 20:00:00+00:00,13436,14125,block_download_or_coverage,,,2025,E00053,False,56702.0,False,True
20250704_2136_HARP13436_NOAA14125,2025-07-04 21:36:00+00:00,13436,14125,block_download_or_coverage,,,2025,E00053,False,56705.0,False,True
20250704_2312_HARP13436_NOAA14125,2025-07-04 23:12:00+00:00,13436,14125,block_download_or_coverage,,,2025,E00053,False,56708.0,False,True
20250705_0048_HARP13436_NOAA14125,2025-07-05 00:48:00+00:00,13436,14125,block_download_or_coverage,,,2025,E00053,False,56711.0,False,True
20250705_0224_HARP13436_NOAA14125,2025-07-05 02:24:00+00:00,13436,14125,block_download_or_coverage,,,2025,E00053,False,56714.0,False,True
20250705_0400_HARP13436_NOAA14125,2025-07-05 04:00:00+00:00,13436,14125,block_download_or_coverage,,,2025,E00053,False,56717.0,False,True
20250705_0536_HARP13436_NOAA14125,2025-07-05 05:36:00+00:00,13436,14125,block_download_or_coverage,,,2025,E00053,False,56720.0,False,True
20250705_0712_HARP13436_NOAA14125,2025-07-05 07:12:00+00:00,13436,14125,block_download_or_coverage,,,2025,E00053,False,56722.0,False,True
20250705_0848_HARP13436_NOAA14125,2025-07-05 08:48:00+00:00,13436,14125,block_download_or_coverage,,,2025,E00053,False,56724.0,False,True
20250705_1024_HARP13436_NOAA14125,2025-07-05 10:24:00+00:00,13436,14125,block_download_or_coverage,,,2025,E00053,False,56726.0,False,True
20250705_1200_HARP13436_NOAA14125,2025-07-05 12:00:00+00:00,13436,14125,block_download_or_coverage,,,2025,E00053,False,56728.0,False,True
20250705_1336_HARP13436_NOAA14125,2025-07-05 13:36:00+00:00,13436,14125,block_download_or_coverage,,,2025,E00053,False,56730.0,False,True
20250705_1512_HARP13436_NOAA14125,2025-07-05 15:12:00+00:00,13436,14125,block_download_or_coverage,,,2025,E00053,False,56732.0,False,True
20250705_1648_HARP13436_NOAA14125,2025-07-05 16:48:00+00:00,13436,14125,block_download_or_coverage,,,2025,E00053,False,56734.0,False,True
20250705_1824_HARP13436_NOAA14125,2025-07-05 18:24:00+00:00,13436,14125,block_download_or_coverage,,,2025,E00053,False,56736.0,False,True
20250705_2000_HARP13436_NOAA14125,2025-07-05 20:00:00+00:00,13436,14125,block_download_or_coverage,,,2025,E00053,False,56738.0,False,True
20250705_2136_HARP13436_NOAA14125,2025-07-05 21:36:00+00:00,13436,14125,block_download_or_coverage,,,2025,E00053,False,56740.0,False,True
20250705_2312_HARP13436_NOAA14125,2025-07-05 23:12:00+00:00,13436,14125,block_download_or_coverage,,,2025,E00053,False,56742.0,False,True
20250706_0048_HARP13436_NOAA14125,2025-07-06 00:48:00+00:00,13436,14125,block_download_or_coverage,,,2025,E00053,False,56744.0,False,True
20250706_0224_HARP13436_NOAA14125,2025-07-06 02:24:00+00:00,13436,14125,block_download_or_coverage,,,2025,E00053,False,56746.0,False,True
20250706_0400_HARP13436_NOAA14125,2025-07-06 04:00:00+00:00,13436,14125,block_download_or_coverage,,,2025,E00053,False,56747.0,False,True
20250706_0536_HARP13436_NOAA14125,2025-07-06 05:36:00+00:00,13436,14125,block_download_or_coverage,,,2025,E00053,False,56748.0,False,True
20250706_0712_HARP13436_NOAA14125,2025-07-06 07:12:00+00:00,13436,14125,block_download_or_coverage,,,2025,E00053,False,56749.0,False,True
20250630_1948_HARP13439_NOAA14128,2025-06-30 19:48:00+00:00,13439,14128,block_download_or_coverage,,,2025,E00054,False,,,False
20250630_2124_HARP13439_NOAA14128,2025-06-30 21:24:00+00:00,13439,14128,block_download_or_coverage,,,2025,E00054,False,,,False
20250701_0036_HARP13439_NOAA14128,2025-07-01 00:36:00+00:00,13439,14128,block_download_or_coverage,,,2025,E00054,False,,,False
20250701_0348_HARP13439_NOAA14128,2025-07-01 03:48:00+00:00,13439,14128,block_download_or_coverage,,,2025,E00054,False,,,False
20250701_0524_HARP13439_NOAA14128,2025-07-01 05:24:00+00:00,13439,14128,block_download_or_coverage,,,2025,E00054,False,,,False
20250701_0700_HARP13439_NOAA14128,2025-07-01 07:00:00+00:00,13439,14128,block_download_or_coverage,,,2025,E00054,False,,,False
20250701_0836_HARP13439_NOAA14128,2025-07-01 08:36:00+00:00,13439,14128,block_download_or_coverage,,,2025,E00054,False,56607.0,False,True
20250701_1012_HARP13439_NOAA14128,2025-07-01 10:12:00+00:00,13439,14128,block_download_or_coverage,,,2025,E00054,False,56610.0,False,True
20250701_1148_HARP13439_NOAA14128,2025-07-01 11:48:00+00:00,13439,14128,block_download_or_coverage,,,2025,E00054,False,56613.0,False,True
20250701_1324_HARP13439_NOAA14128,2025-07-01 13:24:00+00:00,13439,14128,block_download_or_coverage,,,2025,E00054,False,56615.0,False,True
20250701_1500_HARP13439_NOAA14128,2025-07-01 15:00:00+00:00,13439,14128,block_download_or_coverage,,,2025,E00054,False,56617.0,False,True
20250701_1636_HARP13439_NOAA14128,2025-07-01 16:36:00+00:00,13439,14128,block_download_or_coverage,,,2025,E00054,False,56619.0,False,True
20250701_1812_HARP13439_NOAA14128,2025-07-01 18:12:00+00:00,13439,14128,block_download_or_coverage,,,2025,E00054,False,56621.0,False,True
20250701_1948_HARP13439_NOAA14128,2025-07-01 19:48:00+00:00,13439,14128,block_download_or_coverage,,,2025,E00054,False,56622.0,False,True
20250701_2124_HARP13439_NOAA14128,2025-07-01 21:24:00+00:00,13439,14128,block_download_or_coverage,,,2025,E00054,False,56623.0,False,True
20250702_0036_HARP13439_NOAA14128,2025-07-02 00:36:00+00:00,13439,14128,block_download_or_coverage,,,2025,E00054,False,,,False
20250702_0212_HARP13439_NOAA14128,2025-07-02 02:12:00+00:00,13439,14128,block_download_or_coverage,,,2025,E00054,False,,,False
20250702_0524_HARP13439_NOAA14128,2025-07-02 05:24:00+00:00,13439,14128,block_download_or_coverage,,,2025,E00054,False,,,False
20250702_0700_HARP13439_NOAA14128,2025-07-02 07:00:00+00:00,13439,14128,block_download_or_coverage,,,2025,E00054,False,,,False
20250702_0836_HARP13439_NOAA14128,2025-07-02 08:36:00+00:00,13439,14128,block_download_or_coverage,,,2025,E00054,False,,,False
20250702_1012_HARP13439_NOAA14128,2025-07-02 10:12:00+00:00,13439,14128,block_download_or_coverage,,,2025,E00054,False,,,False
20250702_1148_HARP13439_NOAA14128,2025-07-02 11:48:00+00:00,13439,14128,block_download_or_coverage,,,2025,E00054,False,,,False
20250702_1324_HARP13439_NOAA14128,2025-07-02 13:24:00+00:00,13439,14128,block_download_or_coverage,,,2025,E00054,False,,,False
20250702_1500_HARP13439_NOAA14128,2025-07-02 15:00:00+00:00,13439,14128,block_download_or_coverage,,,2025,E00054,False,,,False
20250702_1636_HARP13439_NOAA14128,2025-07-02 16:36:00+00:00,13439,14128,block_download_or_coverage,,,2025,E00054,False,,,False
20250702_1812_HARP13439_NOAA14128,2025-07-02 18:12:00+00:00,13439,14128,block_download_or_coverage,,,2025,E00054,False,,,False
20250702_2012_HARP13439_NOAA14128,2025-07-02 20:12:00+00:00,13439,14128,block_download_or_coverage,,,2025,E00054,False,,,False
20250702_2148_HARP13439_NOAA14128,2025-07-02 21:48:00+00:00,13439,14128,block_download_or_coverage,,,2025,E00054,False,,,False
20250702_2324_HARP13439_NOAA14128,2025-07-02 23:24:00+00:00,13439,14128,block_download_or_coverage,,,2025,E00054,False,,,False
20250703_0100_HARP13439_NOAA14128,2025-07-03 01:00:00+00:00,13439,14128,block_download_or_coverage,,,2025,E00054,False,,,False
20250703_0236_HARP13439_NOAA14128,2025-07-03 02:36:00+00:00,13439,14128,block_download_or_coverage,,,2025,E00054,False,,,False
20250703_0412_HARP13439_NOAA14128,2025-07-03 04:12:00+00:00,13439,14128,block_download_or_coverage,,,2025,E00054,False,,,False
20250704_0548_HARP13439_NOAA14128,2025-07-04 05:48:00+00:00,13439,14128,block_download_or_coverage,,,2025,E00055,False,56680.0,False,True
20250704_0724_HARP13439_NOAA14128,2025-07-04 07:24:00+00:00,13439,14128,block_download_or_coverage,,,2025,E00055,False,,,False
20250704_0900_HARP13439_NOAA14128,2025-07-04 09:00:00+00:00,13439,14128,block_download_or_coverage,,,2025,E00055,False,,,False
20250704_1036_HARP13439_NOAA14128,2025-07-04 10:36:00+00:00,13439,14128,block_download_or_coverage,,,2025,E00055,False,,,False
20250704_1212_HARP13439_NOAA14128,2025-07-04 12:12:00+00:00,13439,14128,block_download_or_coverage,,,2025,E00055,False,,,False
20250704_1348_HARP13439_NOAA14128,2025-07-04 13:48:00+00:00,13439,14128,block_download_or_coverage,,,2025,E00055,False,,,False
20250704_1524_HARP13439_NOAA14128,2025-07-04 15:24:00+00:00,13439,14128,block_download_or_coverage,,,2025,E00055,False,,,False
20250704_1700_HARP13439_NOAA14128,2025-07-04 17:00:00+00:00,13439,14128,block_download_or_coverage,,,2025,E00055,False,,,False
20250704_1836_HARP13439_NOAA14128,2025-07-04 18:36:00+00:00,13439,14128,block_download_or_coverage,,,2025,E00055,False,,,False
20250704_2012_HARP13439_NOAA14128,2025-07-04 20:12:00+00:00,13439,14128,block_download_or_coverage,,,2025,E00055,False,,,False
20250704_2148_HARP13439_NOAA14128,2025-07-04 21:48:00+00:00,13439,14128,block_download_or_coverage,,,2025,E00055,False,,,False
20250704_2324_HARP13439_NOAA14128,2025-07-04 23:24:00+00:00,13439,14128,block_download_or_coverage,,,2025,E00055,False,,,False
20250705_0100_HARP13439_NOAA14128,2025-07-05 01:00:00+00:00,13439,14128,block_download_or_coverage,,,2025,E00055,False,,,False
20250705_0236_HARP13439_NOAA14128,2025-07-05 02:36:00+00:00,13439,14128,block_download_or_coverage,,,2025,E00055,False,,,False
20250705_0412_HARP13439_NOAA14128,2025-07-05 04:12:00+00:00,13439,14128,block_download_or_coverage,,,2025,E00055,False,,,False
20250701_1624_HARP13445_NOAA14129,2025-07-01 16:24:00+00:00,13445,14129,block_download_or_coverage,,,2025,E00056,False,,,False
20250701_2112_HARP13445_NOAA14129,2025-07-01 21:12:00+00:00,13445,14129,block_download_or_coverage,,,2025,E00057,False,,,False
20250702_2000_HARP13445_NOAA14129,2025-07-02 20:00:00+00:00,13445,14129,block_download_or_coverage,,,2025,E00058,False,,,False
20250702_2136_HARP13445_NOAA14129,2025-07-02 21:36:00+00:00,13445,14129,block_download_or_coverage,,,2025,E00058,False,,,False
20250702_2312_HARP13445_NOAA14129,2025-07-02 23:12:00+00:00,13445,14129,block_download_or_coverage,,,2025,E00058,False,,,False
20250703_0048_HARP13445_NOAA14129,2025-07-03 00:48:00+00:00,13445,14129,block_download_or_coverage,,,2025,E00058,False,,,False
20250703_0400_HARP13445_NOAA14129,2025-07-03 04:00:00+00:00,13445,14129,block_download_or_coverage,,,2025,E00058,False,,,False
20250703_0536_HARP13445_NOAA14129,2025-07-03 05:36:00+00:00,13445,14129,block_download_or_coverage,,,2025,E00058,False,,,False
20250703_0712_HARP13445_NOAA14129,2025-07-03 07:12:00+00:00,13445,14129,block_download_or_coverage,,,2025,E00058,False,,,False
20250703_0848_HARP13445_NOAA14129,2025-07-03 08:48:00+00:00,13445,14129,block_download_or_coverage,,,2025,E00058,False,56648.0,False,True
20250703_1024_HARP13445_NOAA14129,2025-07-03 10:24:00+00:00,13445,14129,block_download_or_coverage,,,2025,E00058,False,56650.0,False,True
20250703_1200_HARP13445_NOAA14129,2025-07-03 12:00:00+00:00,13445,14129,block_download_or_coverage,,,2025,E00058,False,56653.0,False,True
20250703_1336_HARP13445_NOAA14129,2025-07-03 13:36:00+00:00,13445,14129,block_download_or_coverage,,,2025,E00058,False,56656.0,False,True
20250703_1512_HARP13445_NOAA14129,2025-07-03 15:12:00+00:00,13445,14129,block_download_or_coverage,,,2025,E00058,False,56659.0,False,True
20250703_1648_HARP13445_NOAA14129,2025-07-03 16:48:00+00:00,13445,14129,block_download_or_coverage,,,2025,E00058,False,56662.0,False,True
20250703_1824_HARP13445_NOAA14129,2025-07-03 18:24:00+00:00,13445,14129,block_download_or_coverage,,,2025,E00058,False,56665.0,False,True
20250703_2000_HARP13445_NOAA14129,2025-07-03 20:00:00+00:00,13445,14129,block_download_or_coverage,,,2025,E00058,False,56668.0,False,True
20250703_2312_HARP13445_NOAA14129,2025-07-03 23:12:00+00:00,13445,14129,block_download_or_coverage,,,2025,E00058,False,,,False
20250704_0048_HARP13445_NOAA14129,2025-07-04 00:48:00+00:00,13445,14129,block_download_or_coverage,,,2025,E00058,False,,,False
20250704_0224_HARP13445_NOAA14129,2025-07-04 02:24:00+00:00,13445,14129,block_download_or_coverage,,,2025,E00058,False,,,False
20250704_0400_HARP13445_NOAA14129,2025-07-04 04:00:00+00:00,13445,14129,block_download_or_coverage,,,2025,E00058,False,56675.0,False,True
20250704_0536_HARP13445_NOAA14129,2025-07-04 05:36:00+00:00,13445,14129,block_download_or_coverage,,,2025,E00058,False,56679.0,False,True
20250704_0712_HARP13445_NOAA14129,2025-07-04 07:12:00+00:00,13445,14129,block_download_or_coverage,,,2025,E00058,False,56682.0,False,True
20250704_0848_HARP13445_NOAA14129,2025-07-04 08:48:00+00:00,13445,14129,block_download_or_coverage,,,2025,E00058,False,56684.0,False,True
20250704_1024_HARP13445_NOAA14129,2025-07-04 10:24:00+00:00,13445,14129,block_download_or_coverage,,,2025,E00058,False,56686.0,False,True
20250704_1200_HARP13445_NOAA14129,2025-07-04 12:00:00+00:00,13445,14129,block_download_or_coverage,,,2025,E00058,False,56688.0,False,True
20250704_1336_HARP13445_NOAA14129,2025-07-04 13:36:00+00:00,13445,14129,block_download_or_coverage,,,2025,E00058,False,56691.0,False,True
20250704_1512_HARP13445_NOAA14129,2025-07-04 15:12:00+00:00,13445,14129,block_download_or_coverage,,,2025,E00058,False,56694.0,False,True
20250704_1648_HARP13445_NOAA14129,2025-07-04 16:48:00+00:00,13445,14129,block_download_or_coverage,,,2025,E00058,False,56697.0,False,True
20250704_1824_HARP13445_NOAA14129,2025-07-04 18:24:00+00:00,13445,14129,block_download_or_coverage,,,2025,E00058,False,56700.0,False,True
20250704_2000_HARP13445_NOAA14129,2025-07-04 20:00:00+00:00,13445,14129,block_download_or_coverage,,,2025,E00058,False,56703.0,False,True
20250704_2136_HARP13445_NOAA14129,2025-07-04 21:36:00+00:00,13445,14129,block_download_or_coverage,,,2025,E00058,False,56706.0,False,True
20250705_2312_HARP13445_NOAA14129,2025-07-05 23:12:00+00:00,13445,14129,block_download_or_coverage,,,2025,E00059,False,56743.0,False,True
20250706_0048_HARP13445_NOAA14129,2025-07-06 00:48:00+00:00,13445,14129,block_download_or_coverage,,,2025,E00059,False,56745.0,False,True
20250704_0736_HARP13446_NOAA13130,2025-07-04 07:36:00+00:00,13446,13130,block_download_or_coverage,,,2025,E00060,False,,,False
20250704_0912_HARP13446_NOAA13130,2025-07-04 09:12:00+00:00,13446,13130,block_download_or_coverage,,,2025,E00060,False,,,False
20250704_1048_HARP13446_NOAA13130,2025-07-04 10:48:00+00:00,13446,13130,block_download_or_coverage,,,2025,E00060,False,,,False
20250704_1224_HARP13446_NOAA13130,2025-07-04 12:24:00+00:00,13446,13130,block_download_or_coverage,,,2025,E00060,False,56689.0,False,True
20250704_1400_HARP13446_NOAA13130,2025-07-04 14:00:00+00:00,13446,13130,block_download_or_coverage,,,2025,E00060,False,56692.0,False,True
20250704_1536_HARP13446_NOAA13130,2025-07-04 15:36:00+00:00,13446,13130,block_download_or_coverage,,,2025,E00060,False,56695.0,False,True
20250704_1712_HARP13446_NOAA13130,2025-07-04 17:12:00+00:00,13446,13130,block_download_or_coverage,,,2025,E00060,False,56698.0,False,True
20250704_1848_HARP13446_NOAA13130,2025-07-04 18:48:00+00:00,13446,13130,block_download_or_coverage,,,2025,E00060,False,56701.0,False,True
20250704_2024_HARP13446_NOAA13130,2025-07-04 20:24:00+00:00,13446,13130,block_download_or_coverage,,,2025,E00060,False,56704.0,False,True
20250704_2200_HARP13446_NOAA13130,2025-07-04 22:00:00+00:00,13446,13130,block_download_or_coverage,,,2025,E00060,False,56707.0,False,True
20250704_2336_HARP13446_NOAA13130,2025-07-04 23:36:00+00:00,13446,13130,block_download_or_coverage,,,2025,E00060,False,56710.0,False,True
20250705_0112_HARP13446_NOAA13130,2025-07-05 01:12:00+00:00,13446,13130,block_download_or_coverage,,,2025,E00060,False,56713.0,False,True
20250705_0248_HARP13446_NOAA13130,2025-07-05 02:48:00+00:00,13446,13130,block_download_or_coverage,,,2025,E00060,False,56716.0,False,True
20250705_0424_HARP13446_NOAA13130,2025-07-05 04:24:00+00:00,13446,13130,block_download_or_coverage,,,2025,E00060,False,56719.0,False,True
20250705_0736_HARP13446_NOAA13130,2025-07-05 07:36:00+00:00,13446,13130,block_download_or_coverage,,,2025,E00060,False,,,False
20250705_0912_HARP13446_NOAA13130,2025-07-05 09:12:00+00:00,13446,13130,block_download_or_coverage,,,2025,E00060,False,,,False
20250705_1048_HARP13446_NOAA13130,2025-07-05 10:48:00+00:00,13446,13130,block_download_or_coverage,,,2025,E00060,False,,,False
20250705_1224_HARP13446_NOAA13130,2025-07-05 12:24:00+00:00,13446,13130,block_download_or_coverage,,,2025,E00060,False,,,False
20250705_1400_HARP13446_NOAA13130,2025-07-05 14:00:00+00:00,13446,13130,block_download_or_coverage,,,2025,E00060,False,,,False
20250705_1536_HARP13446_NOAA13130,2025-07-05 15:36:00+00:00,13446,13130,block_download_or_coverage,,,2025,E00060,False,,,False
20250705_1712_HARP13446_NOAA13130,2025-07-05 17:12:00+00:00,13446,13130,block_download_or_coverage,,,2025,E00060,False,,,False
20250705_1848_HARP13446_NOAA13130,2025-07-05 18:48:00+00:00,13446,13130,block_download_or_coverage,,,2025,E00060,False,,,False
20250705_2024_HARP13446_NOAA13130,2025-07-05 20:24:00+00:00,13446,13130,block_download_or_coverage,,,2025,E00060,False,,,False
20250705_2200_HARP13446_NOAA13130,2025-07-05 22:00:00+00:00,13446,13130,block_download_or_coverage,,,2025,E00060,False,,,False
20250705_2336_HARP13446_NOAA13130,2025-07-05 23:36:00+00:00,13446,13130,block_download_or_coverage,,,2025,E00060,False,,,False
20250706_0112_HARP13446_NOAA13130,2025-07-06 01:12:00+00:00,13446,13130,block_download_or_coverage,,,2025,E00060,False,,,False
20250706_0248_HARP13446_NOAA13130,2025-07-06 02:48:00+00:00,13446,13130,block_download_or_coverage,,,2025,E00060,False,,,False
20250706_2200_HARP13446_NOAA13130,2025-07-06 22:00:00+00:00,13446,13130,block_download_or_coverage,,,2025,E00061,False,,,False
20250706_2336_HARP13446_NOAA13130,2025-07-06 23:36:00+00:00,13446,13130,block_download_or_coverage,,,2025,E00061,False,,,False
20250707_0248_HARP13446_NOAA13130,2025-07-07 02:48:00+00:00,13446,13130,block_download_or_coverage,,,2025,E00061,False,,,False
20250707_0424_HARP13446_NOAA13130,2025-07-07 04:24:00+00:00,13446,13130,block_download_or_coverage,,,2025,E00061,False,,,False
20250707_0736_HARP13446_NOAA13130,2025-07-07 07:36:00+00:00,13446,13130,block_download_or_coverage,,,2025,E00061,False,,,False
20250707_0912_HARP13446_NOAA13130,2025-07-07 09:12:00+00:00,13446,13130,block_download_or_coverage,,,2025,E00061,False,,,False
20250707_1048_HARP13446_NOAA13130,2025-07-07 10:48:00+00:00,13446,13130,block_download_or_coverage,,,2025,E00061,False,,,False
20250707_1224_HARP13446_NOAA13130,2025-07-07 12:24:00+00:00,13446,13130,block_download_or_coverage,,,2025,E00061,False,56755.0,False,True
20250707_1400_HARP13446_NOAA13130,2025-07-07 14:00:00+00:00,13446,13130,block_download_or_coverage,,,2025,E00061,False,56756.0,False,True
20250707_1536_HARP13446_NOAA13130,2025-07-07 15:36:00+00:00,13446,13130,block_download_or_coverage,,,2025,E00061,False,56757.0,False,True
20250707_1712_HARP13446_NOAA13130,2025-07-07 17:12:00+00:00,13446,13130,block_download_or_coverage,,,2025,E00061,False,56758.0,False,True
20250707_1848_HARP13446_NOAA13130,2025-07-07 18:48:00+00:00,13446,13130,block_download_or_coverage,,,2025,E00061,False,56759.0,False,True
20250707_2024_HARP13446_NOAA13130,2025-07-07 20:24:00+00:00,13446,13130,block_download_or_coverage,,,2025,E00061,False,56760.0,False,True
20250707_2200_HARP13446_NOAA13130,2025-07-07 22:00:00+00:00,13446,13130,block_download_or_coverage,,,2025,E00061,False,56761.0,False,True
20250707_2336_HARP13446_NOAA13130,2025-07-07 23:36:00+00:00,13446,13130,block_download_or_coverage,,,2025,E00061,False,56762.0,False,True
20250708_0112_HARP13446_NOAA13130,2025-07-08 01:12:00+00:00,13446,13130,block_download_or_coverage,,,2025,E00061,False,56763.0,False,True
20250708_0248_HARP13446_NOAA13130,2025-07-08 02:48:00+00:00,13446,13130,block_download_or_coverage,,,2025,E00061,False,56764.0,False,True
20250708_0424_HARP13446_NOAA13130,2025-07-08 04:24:00+00:00,13446,13130,block_download_or_coverage,,,2025,E00061,False,56765.0,False,True
20250630_1748_HARP13449_NOAA14131,2025-06-30 17:48:00+00:00,13449,14131,block_download_or_coverage,,,2025,E00062,False,,,False
20250630_1924_HARP13449_NOAA14131,2025-06-30 19:24:00+00:00,13449,14131,block_download_or_coverage,,,2025,E00062,False,,,False
20250630_2100_HARP13449_NOAA14131,2025-06-30 21:00:00+00:00,13449,14131,block_download_or_coverage,,,2025,E00062,False,,,False
20250630_2236_HARP13449_NOAA14131,2025-06-30 22:36:00+00:00,13449,14131,block_download_or_coverage,,,2025,E00062,False,56597.0,False,True
20250701_0012_HARP13449_NOAA14131,2025-07-01 00:12:00+00:00,13449,14131,block_download_or_coverage,,,2025,E00062,False,56598.0,False,True
20250701_0148_HARP13449_NOAA14131,2025-07-01 01:48:00+00:00,13449,14131,block_download_or_coverage,,,2025,E00062,False,56601.0,False,True
20250701_0324_HARP13449_NOAA14131,2025-07-01 03:24:00+00:00,13449,14131,block_download_or_coverage,,,2025,E00062,False,56602.0,False,True
20250701_0500_HARP13449_NOAA14131,2025-07-01 05:00:00+00:00,13449,14131,block_download_or_coverage,,,2025,E00062,False,56603.0,False,True
20250701_0636_HARP13449_NOAA14131,2025-07-01 06:36:00+00:00,13449,14131,block_download_or_coverage,,,2025,E00062,False,56604.0,False,True
20250701_0812_HARP13449_NOAA14131,2025-07-01 08:12:00+00:00,13449,14131,block_download_or_coverage,,,2025,E00062,False,56605.0,False,True
20250701_0948_HARP13449_NOAA14131,2025-07-01 09:48:00+00:00,13449,14131,block_download_or_coverage,,,2025,E00062,False,56608.0,False,True
20250701_1124_HARP13449_NOAA14131,2025-07-01 11:24:00+00:00,13449,14131,block_download_or_coverage,,,2025,E00062,False,56611.0,False,True
20250701_1300_HARP13449_NOAA14131,2025-07-01 13:00:00+00:00,13449,14131,block_download_or_coverage,,,2025,E00062,False,56614.0,False,True
20250701_1436_HARP13449_NOAA14131,2025-07-01 14:36:00+00:00,13449,14131,block_download_or_coverage,,,2025,E00062,False,56616.0,False,True
20250701_1612_HARP13449_NOAA14131,2025-07-01 16:12:00+00:00,13449,14131,block_download_or_coverage,,,2025,E00062,False,56618.0,False,True
20250701_1748_HARP13449_NOAA14131,2025-07-01 17:48:00+00:00,13449,14131,block_download_or_coverage,,,2025,E00062,False,56620.0,False,True
20250701_2100_HARP13449_NOAA14131,2025-07-01 21:00:00+00:00,13449,14131,block_download_or_coverage,,,2025,E00062,False,,,False
20250701_2236_HARP13449_NOAA14131,2025-07-01 22:36:00+00:00,13449,14131,block_download_or_coverage,,,2025,E00062,False,,,False
20250702_0148_HARP13449_NOAA14131,2025-07-02 01:48:00+00:00,13449,14131,block_download_or_coverage,,,2025,E00062,False,,,False
20250702_0324_HARP13449_NOAA14131,2025-07-02 03:24:00+00:00,13449,14131,block_download_or_coverage,,,2025,E00062,False,,,False
20250702_0500_HARP13449_NOAA14131,2025-07-02 05:00:00+00:00,13449,14131,block_download_or_coverage,,,2025,E00062,False,,,False
20250702_0636_HARP13449_NOAA14131,2025-07-02 06:36:00+00:00,13449,14131,block_download_or_coverage,,,2025,E00062,False,,,False
20250702_0812_HARP13449_NOAA14131,2025-07-02 08:12:00+00:00,13449,14131,block_download_or_coverage,,,2025,E00062,False,,,False
20250702_0948_HARP13449_NOAA14131,2025-07-02 09:48:00+00:00,13449,14131,block_download_or_coverage,,,2025,E00062,False,,,False
20250702_1124_HARP13449_NOAA14131,2025-07-02 11:24:00+00:00,13449,14131,block_download_or_coverage,,,2025,E00062,False,,,False
20250702_1300_HARP13449_NOAA14131,2025-07-02 13:00:00+00:00,13449,14131,block_download_or_coverage,,,2025,E00062,False,,,False
20250702_1436_HARP13449_NOAA14131,2025-07-02 14:36:00+00:00,13449,14131,block_download_or_coverage,,,2025,E00062,False,,,False
20250702_1612_HARP13449_NOAA14131,2025-07-02 16:12:00+00:00,13449,14131,block_download_or_coverage,,,2025,E00062,False,,,False
20250702_1748_HARP13449_NOAA14131,2025-07-02 17:48:00+00:00,13449,14131,block_download_or_coverage,,,2025,E00062,False,,,False
20250702_2124_HARP13449_NOAA14131,2025-07-02 21:24:00+00:00,13449,14131,block_download_or_coverage,,,2025,E00063,False,,,False
20250703_0036_HARP13449_NOAA14131,2025-07-03 00:36:00+00:00,13449,14131,block_download_or_coverage,,,2025,E00063,False,,,False
20250711_0136_HARP13470_NOAA14135,2025-07-11 01:36:00+00:00,13470,14135,block_download_or_coverage,,,2025,E00064,False,,,False
20250711_0312_HARP13470_NOAA14135,2025-07-11 03:12:00+00:00,13470,14135,block_download_or_coverage,,,2025,E00064,False,,,False
20250711_0448_HARP13470_NOAA14135,2025-07-11 04:48:00+00:00,13470,14135,block_download_or_coverage,,,2025,E00064,False,,,False
20250711_0624_HARP13470_NOAA14135,2025-07-11 06:24:00+00:00,13470,14135,block_download_or_coverage,,,2025,E00064,False,56775.0,False,True
20250711_1000_HARP13470_NOAA14135,2025-07-11 10:00:00+00:00,13470,14135,block_download_or_coverage,,,2025,E00065,False,,,False
20250711_1136_HARP13470_NOAA14135,2025-07-11 11:36:00+00:00,13470,14135,block_download_or_coverage,,,2025,E00065,False,,,False
20250711_1312_HARP13470_NOAA14135,2025-07-11 13:12:00+00:00,13470,14135,block_download_or_coverage,,,2025,E00065,False,,,False
20250711_1448_HARP13470_NOAA14135,2025-07-11 14:48:00+00:00,13470,14135,block_download_or_coverage,,,2025,E00065,False,,,False
20250711_1624_HARP13470_NOAA14135,2025-07-11 16:24:00+00:00,13470,14135,block_download_or_coverage,,,2025,E00065,False,,,False
20250711_1936_HARP13470_NOAA14135,2025-07-11 19:36:00+00:00,13470,14135,block_download_or_coverage,,,2025,E00065,False,,,False
20250711_2112_HARP13470_NOAA14135,2025-07-11 21:12:00+00:00,13470,14135,block_download_or_coverage,,,2025,E00065,False,,,False
20250711_2248_HARP13470_NOAA14135,2025-07-11 22:48:00+00:00,13470,14135,block_download_or_coverage,,,2025,E00065,False,,,False
20250712_0024_HARP13470_NOAA14135,2025-07-12 00:24:00+00:00,13470,14135,block_download_or_coverage,,,2025,E00065,False,56784.0,False,True
20250712_0200_HARP13470_NOAA14135,2025-07-12 02:00:00+00:00,13470,14135,block_download_or_coverage,,,2025,E00065,False,56787.0,False,True
20250712_0336_HARP13470_NOAA14135,2025-07-12 03:36:00+00:00,13470,14135,block_download_or_coverage,,,2025,E00065,False,56790.0,False,True
20250712_0512_HARP13470_NOAA14135,2025-07-12 05:12:00+00:00,13470,14135,block_download_or_coverage,,,2025,E00065,False,56793.0,False,True
20250712_0648_HARP13470_NOAA14135,2025-07-12 06:48:00+00:00,13470,14135,block_download_or_coverage,,,2025,E00065,False,56796.0,False,True
20250712_1036_HARP13470_NOAA14135,2025-07-12 10:36:00+00:00,13470,14135,block_download_or_coverage,,,2025,E00066,False,,,False
20250712_1212_HARP13470_NOAA14135,2025-07-12 12:12:00+00:00,13470,14135,block_download_or_coverage,,,2025,E00066,False,,,False
20250712_1348_HARP13470_NOAA14135,2025-07-12 13:48:00+00:00,13470,14135,block_download_or_coverage,,,2025,E00066,False,,,False
20250712_1524_HARP13470_NOAA14135,2025-07-12 15:24:00+00:00,13470,14135,block_download_or_coverage,,,2025,E00066,False,56798.0,False,True
20250712_1700_HARP13470_NOAA14135,2025-07-12 17:00:00+00:00,13470,14135,block_download_or_coverage,,,2025,E00066,False,56800.0,False,True
20250712_1836_HARP13470_NOAA14135,2025-07-12 18:36:00+00:00,13470,14135,block_download_or_coverage,,,2025,E00066,False,56801.0,False,True
20250712_2012_HARP13470_NOAA14135,2025-07-12 20:12:00+00:00,13470,14135,block_download_or_coverage,,,2025,E00066,False,56802.0,False,True
20250712_2148_HARP13470_NOAA14135,2025-07-12 21:48:00+00:00,13470,14135,block_download_or_coverage,,,2025,E00066,False,56803.0,False,True
20250712_2324_HARP13470_NOAA14135,2025-07-12 23:24:00+00:00,13470,14135,block_download_or_coverage,,,2025,E00066,False,56804.0,False,True
20250713_0300_HARP13470_NOAA14135,2025-07-13 03:00:00+00:00,13470,14135,block_download_or_coverage,,,2025,E00067,False,,,False
20250713_0436_HARP13470_NOAA14135,2025-07-13 04:36:00+00:00,13470,14135,block_download_or_coverage,,,2025,E00067,False,,,False
20250713_0612_HARP13470_NOAA14135,2025-07-13 06:12:00+00:00,13470,14135,block_download_or_coverage,,,2025,E00067,False,,,False
20250713_1000_HARP13470_NOAA14135,2025-07-13 10:00:00+00:00,13470,14135,block_download_or_coverage,,,2025,E00068,False,,,False
20250713_1136_HARP13470_NOAA14135,2025-07-13 11:36:00+00:00,13470,14135,block_download_or_coverage,,,2025,E00068,False,,,False
20250713_1312_HARP13470_NOAA14135,2025-07-13 13:12:00+00:00,13470,14135,block_download_or_coverage,,,2025,E00068,False,,,False
20250713_1448_HARP13470_NOAA14135,2025-07-13 14:48:00+00:00,13470,14135,block_download_or_coverage,,,2025,E00068,False,56808.0,False,True
20250713_1624_HARP13470_NOAA14135,2025-07-13 16:24:00+00:00,13470,14135,block_download_or_coverage,,,2025,E00068,False,56810.0,False,True
20250714_1036_HARP13470_NOAA14135,2025-07-14 10:36:00+00:00,13470,14135,block_download_or_coverage,,,2025,E00069,False,,,False
20250714_1212_HARP13470_NOAA14135,2025-07-14 12:12:00+00:00,13470,14135,block_download_or_coverage,,,2025,E00069,False,,,False
20250714_1348_HARP13470_NOAA14135,2025-07-14 13:48:00+00:00,13470,14135,block_download_or_coverage,,,2025,E00069,False,,,False
20250714_1524_HARP13470_NOAA14135,2025-07-14 15:24:00+00:00,13470,14135,block_download_or_coverage,,,2025,E00069,False,56824.0,False,True
20250714_1700_HARP13470_NOAA14135,2025-07-14 17:00:00+00:00,13470,14135,block_download_or_coverage,,,2025,E00069,False,56825.0,False,True
20250714_1836_HARP13470_NOAA14135,2025-07-14 18:36:00+00:00,13470,14135,block_download_or_coverage,,,2025,E00069,False,56826.0,False,True
20250714_2012_HARP13470_NOAA14135,2025-07-14 20:12:00+00:00,13470,14135,block_download_or_coverage,,,2025,E00069,False,56827.0,False,True
20250714_2148_HARP13470_NOAA14135,2025-07-14 21:48:00+00:00,13470,14135,block_download_or_coverage,,,2025,E00069,False,56828.0,False,True
20250714_2324_HARP13470_NOAA14135,2025-07-14 23:24:00+00:00,13470,14135,block_download_or_coverage,,,2025,E00069,False,56829.0,False,True
20250715_0100_HARP13470_NOAA14135,2025-07-15 01:00:00+00:00,13470,14135,block_download_or_coverage,,,2025,E00069,False,56830.0,False,True
20250715_0236_HARP13470_NOAA14135,2025-07-15 02:36:00+00:00,13470,14135,block_download_or_coverage,,,2025,E00069,False,56831.0,False,True
20250715_0412_HARP13470_NOAA14135,2025-07-15 04:12:00+00:00,13470,14135,block_download_or_coverage,,,2025,E00069,False,56833.0,False,True
20250715_0548_HARP13470_NOAA14135,2025-07-15 05:48:00+00:00,13470,14135,block_download_or_coverage,,,2025,E00069,False,56835.0,False,True
20250711_1900_HARP13476_NOAA14136,2025-07-11 19:00:00+00:00,13476,14136,block_download_or_coverage,,,2025,E00070,False,,,False
20250711_2036_HARP13476_NOAA14136,2025-07-11 20:36:00+00:00,13476,14136,block_download_or_coverage,,,2025,E00070,False,,,False
20250711_2212_HARP13476_NOAA14136,2025-07-11 22:12:00+00:00,13476,14136,block_download_or_coverage,,,2025,E00070,False,,,False
20250711_2348_HARP13476_NOAA14136,2025-07-11 23:48:00+00:00,13476,14136,block_download_or_coverage,,,2025,E00070,False,56782.0,False,True
20250712_0124_HARP13476_NOAA14136,2025-07-12 01:24:00+00:00,13476,14136,block_download_or_coverage,,,2025,E00070,False,56785.0,False,True
20250712_0300_HARP13476_NOAA14136,2025-07-12 03:00:00+00:00,13476,14136,block_download_or_coverage,,,2025,E00070,False,56788.0,False,True
20250712_0436_HARP13476_NOAA14136,2025-07-12 04:36:00+00:00,13476,14136,block_download_or_coverage,,,2025,E00070,False,56791.0,False,True
20250712_0612_HARP13476_NOAA14136,2025-07-12 06:12:00+00:00,13476,14136,block_download_or_coverage,,,2025,E00070,False,56794.0,False,True
20250712_1936_HARP13476_NOAA14136,2025-07-12 19:36:00+00:00,13476,14136,block_download_or_coverage,,,2025,E00071,False,,,False
20250712_2112_HARP13476_NOAA14136,2025-07-12 21:12:00+00:00,13476,14136,block_download_or_coverage,,,2025,E00071,False,,,False
20250712_2248_HARP13476_NOAA14136,2025-07-12 22:48:00+00:00,13476,14136,block_download_or_coverage,,,2025,E00071,False,,,False
20250713_0024_HARP13476_NOAA14136,2025-07-13 00:24:00+00:00,13476,14136,block_download_or_coverage,,,2025,E00071,False,56805.0,False,True
20250713_0224_HARP13476_NOAA14136,2025-07-13 02:24:00+00:00,13476,14136,block_download_or_coverage,,,2025,E00071,False,,,False
20250713_0400_HARP13476_NOAA14136,2025-07-13 04:00:00+00:00,13476,14136,block_download_or_coverage,,,2025,E00071,False,,,False
20250713_0536_HARP13476_NOAA14136,2025-07-13 05:36:00+00:00,13476,14136,block_download_or_coverage,,,2025,E00071,False,,,False
20250713_0924_HARP13476_NOAA14136,2025-07-13 09:24:00+00:00,13476,14136,block_download_or_coverage,,,2025,E00072,False,,,False
20250713_1100_HARP13476_NOAA14136,2025-07-13 11:00:00+00:00,13476,14136,block_download_or_coverage,,,2025,E00072,False,,,False
20250713_1236_HARP13476_NOAA14136,2025-07-13 12:36:00+00:00,13476,14136,block_download_or_coverage,,,2025,E00072,False,,,False
20250713_1412_HARP13476_NOAA14136,2025-07-13 14:12:00+00:00,13476,14136,block_download_or_coverage,,,2025,E00072,False,56807.0,False,True
20250713_1548_HARP13476_NOAA14136,2025-07-13 15:48:00+00:00,13476,14136,block_download_or_coverage,,,2025,E00072,False,56809.0,False,True
20250713_1724_HARP13476_NOAA14136,2025-07-13 17:24:00+00:00,13476,14136,block_download_or_coverage,,,2025,E00072,False,56811.0,False,True
20250713_1900_HARP13476_NOAA14136,2025-07-13 19:00:00+00:00,13476,14136,block_download_or_coverage,,,2025,E00072,False,56812.0,False,True
20250713_2036_HARP13476_NOAA14136,2025-07-13 20:36:00+00:00,13476,14136,block_download_or_coverage,,,2025,E00072,False,56813.0,False,True
20250713_2212_HARP13476_NOAA14136,2025-07-13 22:12:00+00:00,13476,14136,block_download_or_coverage,,,2025,E00072,False,56814.0,False,True
20250713_2348_HARP13476_NOAA14136,2025-07-13 23:48:00+00:00,13476,14136,block_download_or_coverage,,,2025,E00072,False,56815.0,False,True
20250714_0124_HARP13476_NOAA14136,2025-07-14 01:24:00+00:00,13476,14136,block_download_or_coverage,,,2025,E00072,False,56817.0,False,True
20250714_0300_HARP13476_NOAA14136,2025-07-14 03:00:00+00:00,13476,14136,block_download_or_coverage,,,2025,E00072,False,56819.0,False,True
20250714_0436_HARP13476_NOAA14136,2025-07-14 04:36:00+00:00,13476,14136,block_download_or_coverage,,,2025,E00072,False,56821.0,False,True
20250714_1000_HARP13476_NOAA14136,2025-07-14 10:00:00+00:00,13476,14136,block_download_or_coverage,,,2025,E00073,False,,,False
20250714_1136_HARP13476_NOAA14136,2025-07-14 11:36:00+00:00,13476,14136,block_download_or_coverage,,,2025,E00073,False,,,False
20250714_1312_HARP13476_NOAA14136,2025-07-14 13:12:00+00:00,13476,14136,block_download_or_coverage,,,2025,E00073,False,,,False
20250714_1448_HARP13476_NOAA14136,2025-07-14 14:48:00+00:00,13476,14136,block_download_or_coverage,,,2025,E00073,False,,,False
20250714_1624_HARP13476_NOAA14136,2025-07-14 16:24:00+00:00,13476,14136,block_download_or_coverage,,,2025,E00073,False,,,False
20250714_2248_HARP13476_NOAA14136,2025-07-14 22:48:00+00:00,13476,14136,block_download_or_coverage,,,2025,E00074,False,,,False
20250715_0024_HARP13476_NOAA14136,2025-07-15 00:24:00+00:00,13476,14136,block_download_or_coverage,,,2025,E00074,False,,,False
20250715_0200_HARP13476_NOAA14136,2025-07-15 02:00:00+00:00,13476,14136,block_download_or_coverage,,,2025,E00074,False,,,False
20250715_0336_HARP13476_NOAA14136,2025-07-15 03:36:00+00:00,13476,14136,block_download_or_coverage,,,2025,E00074,False,56832.0,False,True
20250715_0912_HARP13476_NOAA14136,2025-07-15 09:12:00+00:00,13476,14136,block_download_or_coverage,,,2025,E00075,False,,,False
20250715_1048_HARP13476_NOAA14136,2025-07-15 10:48:00+00:00,13476,14136,block_download_or_coverage,,,2025,E00075,False,,,False
20250715_1224_HARP13476_NOAA14136,2025-07-15 12:24:00+00:00,13476,14136,block_download_or_coverage,,,2025,E00075,False,,,False
20250715_1400_HARP13476_NOAA14136,2025-07-15 14:00:00+00:00,13476,14136,block_download_or_coverage,,,2025,E00075,False,,,False
20250715_1536_HARP13476_NOAA14136,2025-07-15 15:36:00+00:00,13476,14136,block_download_or_coverage,,,2025,E00075,False,,,False
20250715_1712_HARP13476_NOAA14136,2025-07-15 17:12:00+00:00,13476,14136,block_download_or_coverage,,,2025,E00075,False,,,False
20250715_1848_HARP13476_NOAA14136,2025-07-15 18:48:00+00:00,13476,14136,block_download_or_coverage,,,2025,E00075,False,,,False
20250715_2048_HARP13476_NOAA14136,2025-07-15 20:48:00+00:00,13476,14136,block_download_or_coverage,,,2025,E00075,False,,,False
20250715_2224_HARP13476_NOAA14136,2025-07-15 22:24:00+00:00,13476,14136,block_download_or_coverage,,,2025,E00075,False,,,False
20250716_0000_HARP13476_NOAA14136,2025-07-16 00:00:00+00:00,13476,14136,block_download_or_coverage,,,2025,E00075,False,,,False
20250716_0136_HARP13476_NOAA14136,2025-07-16 01:36:00+00:00,13476,14136,block_download_or_coverage,,,2025,E00075,False,,,False
20250716_0312_HARP13476_NOAA14136,2025-07-16 03:12:00+00:00,13476,14136,block_download_or_coverage,,,2025,E00075,False,,,False
20250716_0448_HARP13476_NOAA14136,2025-07-16 04:48:00+00:00,13476,14136,block_download_or_coverage,,,2025,E00075,False,,,False
20250716_0624_HARP13476_NOAA14136,2025-07-16 06:24:00+00:00,13476,14136,block_download_or_coverage,,,2025,E00075,False,,,False
20250716_1024_HARP13476_NOAA14136,2025-07-16 10:24:00+00:00,13476,14136,block_download_or_coverage,,,2025,E00076,False,,,False
20250716_1200_HARP13476_NOAA14136,2025-07-16 12:00:00+00:00,13476,14136,block_download_or_coverage,,,2025,E00076,False,,,False
20250716_1336_HARP13476_NOAA14136,2025-07-16 13:36:00+00:00,13476,14136,block_download_or_coverage,,,2025,E00076,False,,,False
20250716_1512_HARP13476_NOAA14136,2025-07-16 15:12:00+00:00,13476,14136,block_download_or_coverage,,,2025,E00076,False,56844.0,False,True
20250716_1648_HARP13476_NOAA14136,2025-07-16 16:48:00+00:00,13476,14136,block_download_or_coverage,,,2025,E00076,False,56846.0,False,True
20250716_1824_HARP13476_NOAA14136,2025-07-16 18:24:00+00:00,13476,14136,block_download_or_coverage,,,2025,E00076,False,56848.0,False,True
20250716_2000_HARP13476_NOAA14136,2025-07-16 20:00:00+00:00,13476,14136,block_download_or_coverage,,,2025,E00076,False,56850.0,False,True
20250716_2136_HARP13476_NOAA14136,2025-07-16 21:36:00+00:00,13476,14136,block_download_or_coverage,,,2025,E00076,False,56852.0,False,True
20250717_0312_HARP13476_NOAA14136,2025-07-17 03:12:00+00:00,13476,14136,block_download_or_coverage,,,2025,E00077,False,,,False
20250714_0612_HARP13476_NOAA14136,2025-07-14 06:12:00+00:00,13476,14136,crop_patch_boundary,2025_HARP13476_20250713_0924_20250714_0612,"ValueError('Target crop leaves block patch: bounds=(-49, 1708, 42, 1799), shape=(1834, 1834)')",2025,E00078,True,56823.0,False,True
20250714_1936_HARP13476_NOAA14136,2025-07-14 19:36:00+00:00,13476,14136,crop_patch_boundary,2025_HARP13476_20250714_1936_20250715_0512,"ValueError('Target crop leaves block patch: bounds=(13, 1838, 6, 1831), shape=(1834, 1834)')",2025,E00079,True,,,False
20250714_2112_HARP13476_NOAA14136,2025-07-14 21:12:00+00:00,13476,14136,crop_patch_boundary,2025_HARP13476_20250714_1936_20250715_0512,"ValueError('Target crop leaves block patch: bounds=(7, 1835, 4, 1832), shape=(1834, 1834)')",2025,E00079,True,,,False
20250715_0512_HARP13476_NOAA14136,2025-07-15 05:12:00+00:00,13476,14136,crop_patch_boundary,2025_HARP13476_20250714_1936_20250715_0512,"ValueError('Target crop leaves block patch: bounds=(-1, 1813, 7, 1821), shape=(1834, 1834)')",2025,E00080,True,56834.0,False,True
20250708_1600_HARP13483_NOAA14137,2025-07-08 16:00:00+00:00,13483,14137,block_download_or_coverage,,,2025,E00081,False,,,False
20250708_1736_HARP13483_NOAA14137,2025-07-08 17:36:00+00:00,13483,14137,block_download_or_coverage,,,2025,E00081,False,,,False
20250708_1948_HARP13483_NOAA14137,2025-07-08 19:48:00+00:00,13483,14137,block_download_or_coverage,,,2025,E00081,False,,,False
20250708_2136_HARP13483_NOAA14137,2025-07-08 21:36:00+00:00,13483,14137,block_download_or_coverage,,,2025,E00081,False,,,False
20250708_2348_HARP13483_NOAA14137,2025-07-08 23:48:00+00:00,13483,14137,block_download_or_coverage,,,2025,E00081,False,,,False
20250709_0124_HARP13483_NOAA14137,2025-07-09 01:24:00+00:00,13483,14137,block_download_or_coverage,,,2025,E00081,False,,,False
20250709_0436_HARP13483_NOAA14137,2025-07-09 04:36:00+00:00,13483,14137,block_download_or_coverage,,,2025,E00081,False,,,False
20250709_0612_HARP13483_NOAA14137,2025-07-09 06:12:00+00:00,13483,14137,block_download_or_coverage,,,2025,E00081,False,,,False
20250709_0748_HARP13483_NOAA14137,2025-07-09 07:48:00+00:00,13483,14137,block_download_or_coverage,,,2025,E00081,False,,,False
20250709_0924_HARP13483_NOAA14137,2025-07-09 09:24:00+00:00,13483,14137,block_download_or_coverage,,,2025,E00081,False,,,False
20250709_1100_HARP13483_NOAA14137,2025-07-09 11:00:00+00:00,13483,14137,block_download_or_coverage,,,2025,E00081,False,,,False
20250709_1236_HARP13483_NOAA14137,2025-07-09 12:36:00+00:00,13483,14137,block_download_or_coverage,,,2025,E00081,False,,,False
20250709_1412_HARP13483_NOAA14137,2025-07-09 14:12:00+00:00,13483,14137,block_download_or_coverage,,,2025,E00081,False,,,False
20250709_1548_HARP13483_NOAA14137,2025-07-09 15:48:00+00:00,13483,14137,block_download_or_coverage,,,2025,E00081,False,,,False
20250710_0048_HARP13483_NOAA14137,2025-07-10 00:48:00+00:00,13483,14137,block_download_or_coverage,,,2025,E00082,False,,,False
20250710_0224_HARP13483_NOAA14137,2025-07-10 02:24:00+00:00,13483,14137,block_download_or_coverage,,,2025,E00082,False,,,False
20250710_0400_HARP13483_NOAA14137,2025-07-10 04:00:00+00:00,13483,14137,block_download_or_coverage,,,2025,E00082,False,,,False
20250710_0536_HARP13483_NOAA14137,2025-07-10 05:36:00+00:00,13483,14137,block_download_or_coverage,,,2025,E00082,False,56770.0,False,True
20250710_0800_HARP13483_NOAA14137,2025-07-10 08:00:00+00:00,13483,14137,block_download_or_coverage,,,2025,E00082,False,,,False
20250710_0936_HARP13483_NOAA14137,2025-07-10 09:36:00+00:00,13483,14137,block_download_or_coverage,,,2025,E00082,False,,,False
20250710_1112_HARP13483_NOAA14137,2025-07-10 11:12:00+00:00,13483,14137,block_download_or_coverage,,,2025,E00082,False,,,False
20250710_1248_HARP13483_NOAA14137,2025-07-10 12:48:00+00:00,13483,14137,block_download_or_coverage,,,2025,E00082,False,56771.0,False,True
20250710_1424_HARP13483_NOAA14137,2025-07-10 14:24:00+00:00,13483,14137,block_download_or_coverage,,,2025,E00082,False,56772.0,False,True
20250710_1600_HARP13483_NOAA14137,2025-07-10 16:00:00+00:00,13483,14137,block_download_or_coverage,,,2025,E00082,False,56773.0,False,True
20250710_2148_HARP13492_NOAA14138,2025-07-10 21:48:00+00:00,13492,14138,block_download_or_coverage,,,2025,E00083,False,,,False
20250711_0100_HARP13492_NOAA14138,2025-07-11 01:00:00+00:00,13492,14138,block_download_or_coverage,,,2025,E00083,False,,,False
20250711_0236_HARP13492_NOAA14138,2025-07-11 02:36:00+00:00,13492,14138,block_download_or_coverage,,,2025,E00083,False,,,False
20250711_0412_HARP13492_NOAA14138,2025-07-11 04:12:00+00:00,13492,14138,block_download_or_coverage,,,2025,E00083,False,,,False
20250711_0548_HARP13492_NOAA14138,2025-07-11 05:48:00+00:00,13492,14138,block_download_or_coverage,,,2025,E00083,False,56774.0,False,True
20250712_1000_HARP13492_NOAA14138,2025-07-12 10:00:00+00:00,13492,14138,block_download_or_coverage,,,2025,E00084,False,,,False
20250712_1136_HARP13492_NOAA14138,2025-07-12 11:36:00+00:00,13492,14138,block_download_or_coverage,,,2025,E00084,False,,,False
20250712_1312_HARP13492_NOAA14138,2025-07-12 13:12:00+00:00,13492,14138,block_download_or_coverage,,,2025,E00084,False,,,False
20250712_1448_HARP13492_NOAA14138,2025-07-12 14:48:00+00:00,13492,14138,block_download_or_coverage,,,2025,E00084,False,,,False
20250712_1624_HARP13492_NOAA14138,2025-07-12 16:24:00+00:00,13492,14138,block_download_or_coverage,,,2025,E00084,False,,,False
20250715_0912_HARP13493_NOAA14140,2025-07-15 09:12:00+00:00,13493,14140,block_download_or_coverage,,,2025,E00085,False,,,False
20250715_1048_HARP13493_NOAA14140,2025-07-15 10:48:00+00:00,13493,14140,block_download_or_coverage,,,2025,E00085,False,,,False
20250715_1224_HARP13493_NOAA14140,2025-07-15 12:24:00+00:00,13493,14140,block_download_or_coverage,,,2025,E00085,False,,,False
20250715_1400_HARP13493_NOAA14140,2025-07-15 14:00:00+00:00,13493,14140,block_download_or_coverage,,,2025,E00085,False,56836.0,False,True
20250715_1536_HARP13493_NOAA14140,2025-07-15 15:36:00+00:00,13493,14140,block_download_or_coverage,,,2025,E00085,False,56837.0,False,True
20250715_1712_HARP13493_NOAA14140,2025-07-15 17:12:00+00:00,13493,14140,block_download_or_coverage,,,2025,E00085,False,56838.0,False,True
20250715_1848_HARP13493_NOAA14140,2025-07-15 18:48:00+00:00,13493,14140,block_download_or_coverage,,,2025,E00085,False,56839.0,False,True
20250715_2048_HARP13493_NOAA14140,2025-07-15 20:48:00+00:00,13493,14140,block_download_or_coverage,,,2025,E00085,False,,,False
20250715_2224_HARP13493_NOAA14140,2025-07-15 22:24:00+00:00,13493,14140,block_download_or_coverage,,,2025,E00085,False,,,False
20250716_0000_HARP13493_NOAA14140,2025-07-16 00:00:00+00:00,13493,14140,block_download_or_coverage,,,2025,E00085,False,,,False
20250716_0136_HARP13493_NOAA14140,2025-07-16 01:36:00+00:00,13493,14140,block_download_or_coverage,,,2025,E00085,False,56840.0,False,True
20250716_0312_HARP13493_NOAA14140,2025-07-16 03:12:00+00:00,13493,14140,block_download_or_coverage,,,2025,E00085,False,56841.0,False,True
20250716_0448_HARP13493_NOAA14140,2025-07-16 04:48:00+00:00,13493,14140,block_download_or_coverage,,,2025,E00085,False,56842.0,False,True
20250716_0624_HARP13493_NOAA14140,2025-07-16 06:24:00+00:00,13493,14140,block_download_or_coverage,,,2025,E00085,False,56843.0,False,True
20250717_2312_HARP13493_NOAA14140,2025-07-17 23:12:00+00:00,13493,14140,block_download_or_coverage,,,2025,E00086,False,,,False
20250718_0048_HARP13493_NOAA14140,2025-07-18 00:48:00+00:00,13493,14140,block_download_or_coverage,,,2025,E00086,False,,,False
20250718_0224_HARP13493_NOAA14140,2025-07-18 02:24:00+00:00,13493,14140,block_download_or_coverage,,,2025,E00086,False,,,False
20250718_0400_HARP13493_NOAA14140,2025-07-18 04:00:00+00:00,13493,14140,block_download_or_coverage,,,2025,E00086,False,,,False
20250718_0536_HARP13493_NOAA14140,2025-07-18 05:36:00+00:00,13493,14140,block_download_or_coverage,,,2025,E00086,False,,,False
20250719_1036_HARP13493_NOAA14140,2025-07-19 10:36:00+00:00,13493,14140,block_download_or_coverage,,,2025,E00087,False,,,False
20250719_1212_HARP13493_NOAA14140,2025-07-19 12:12:00+00:00,13493,14140,block_download_or_coverage,,,2025,E00087,False,,,False
20250716_1100_HARP13501_NOAA14142,2025-07-16 11:00:00+00:00,13501,14142,block_download_or_coverage,,,2025,E00088,False,,,False
20250716_1236_HARP13501_NOAA14142,2025-07-16 12:36:00+00:00,13501,14142,block_download_or_coverage,,,2025,E00088,False,,,False
20250716_1412_HARP13501_NOAA14142,2025-07-16 14:12:00+00:00,13501,14142,block_download_or_coverage,,,2025,E00088,False,,,False
20250716_1548_HARP13501_NOAA14142,2025-07-16 15:48:00+00:00,13501,14142,block_download_or_coverage,,,2025,E00088,False,,,False
20250716_1724_HARP13501_NOAA14142,2025-07-16 17:24:00+00:00,13501,14142,block_download_or_coverage,,,2025,E00088,False,,,False
20250716_1900_HARP13501_NOAA14142,2025-07-16 19:00:00+00:00,13501,14142,block_download_or_coverage,,,2025,E00088,False,,,False
20250716_2036_HARP13501_NOAA14142,2025-07-16 20:36:00+00:00,13501,14142,block_download_or_coverage,,,2025,E00088,False,,,False
20250716_2212_HARP13501_NOAA14142,2025-07-16 22:12:00+00:00,13501,14142,block_download_or_coverage,,,2025,E00088,False,,,False
20250717_0036_HARP13501_NOAA14142,2025-07-17 00:36:00+00:00,13501,14142,block_download_or_coverage,,,2025,E00088,False,,,False
20250717_0212_HARP13501_NOAA14142,2025-07-17 02:12:00+00:00,13501,14142,block_download_or_coverage,,,2025,E00088,False,,,False
20250717_0348_HARP13501_NOAA14142,2025-07-17 03:48:00+00:00,13501,14142,block_download_or_coverage,,,2025,E00088,False,,,False
20250717_0524_HARP13501_NOAA14142,2025-07-17 05:24:00+00:00,13501,14142,block_download_or_coverage,,,2025,E00088,False,,,False
20250717_0924_HARP13501_NOAA14142,2025-07-17 09:24:00+00:00,13501,14142,block_download_or_coverage,,,2025,E00089,False,,,False
20250717_1100_HARP13501_NOAA14142,2025-07-17 11:00:00+00:00,13501,14142,block_download_or_coverage,,,2025,E00089,False,,,False
20250717_1236_HARP13501_NOAA14142,2025-07-17 12:36:00+00:00,13501,14142,block_download_or_coverage,,,2025,E00089,False,,,False
20250717_1412_HARP13501_NOAA14142,2025-07-17 14:12:00+00:00,13501,14142,block_download_or_coverage,,,2025,E00089,False,56856.0,False,True
20250717_1548_HARP13501_NOAA14142,2025-07-17 15:48:00+00:00,13501,14142,block_download_or_coverage,,,2025,E00089,False,56858.0,False,True
20250717_1724_HARP13501_NOAA14142,2025-07-17 17:24:00+00:00,13501,14142,block_download_or_coverage,,,2025,E00089,False,56860.0,False,True
20250717_1900_HARP13501_NOAA14142,2025-07-17 19:00:00+00:00,13501,14142,block_download_or_coverage,,,2025,E00089,False,56862.0,False,True
20250717_2036_HARP13501_NOAA14142,2025-07-17 20:36:00+00:00,13501,14142,block_download_or_coverage,,,2025,E00089,False,56864.0,False,True
20250717_2212_HARP13501_NOAA14142,2025-07-17 22:12:00+00:00,13501,14142,block_download_or_coverage,,,2025,E00089,False,56865.0,False,True
20250717_2348_HARP13501_NOAA14142,2025-07-17 23:48:00+00:00,13501,14142,block_download_or_coverage,,,2025,E00089,False,56866.0,False,True
20250718_0124_HARP13501_NOAA14142,2025-07-18 01:24:00+00:00,13501,14142,block_download_or_coverage,,,2025,E00089,False,56867.0,False,True
20250718_0300_HARP13501_NOAA14142,2025-07-18 03:00:00+00:00,13501,14142,block_download_or_coverage,,,2025,E00089,False,56868.0,False,True
20250718_0436_HARP13501_NOAA14142,2025-07-18 04:36:00+00:00,13501,14142,block_download_or_coverage,,,2025,E00089,False,56869.0,False,True
20250718_0612_HARP13501_NOAA14142,2025-07-18 06:12:00+00:00,13501,14142,block_download_or_coverage,,,2025,E00089,False,56870.0,False,True
20250718_1012_HARP13501_NOAA14142,2025-07-18 10:12:00+00:00,13501,14142,block_download_or_coverage,,,2025,E00090,False,,,False
20250718_1148_HARP13501_NOAA14142,2025-07-18 11:48:00+00:00,13501,14142,block_download_or_coverage,,,2025,E00090,False,,,False
20250718_1324_HARP13501_NOAA14142,2025-07-18 13:24:00+00:00,13501,14142,block_download_or_coverage,,,2025,E00090,False,,,False
20250718_1500_HARP13501_NOAA14142,2025-07-18 15:00:00+00:00,13501,14142,block_download_or_coverage,,,2025,E00090,False,56872.0,False,True
20250718_1636_HARP13501_NOAA14142,2025-07-18 16:36:00+00:00,13501,14142,block_download_or_coverage,,,2025,E00090,False,56875.0,False,True
20250718_1812_HARP13501_NOAA14142,2025-07-18 18:12:00+00:00,13501,14142,block_download_or_coverage,,,2025,E00090,False,56878.0,False,True
20250718_1948_HARP13501_NOAA14142,2025-07-18 19:48:00+00:00,13501,14142,block_download_or_coverage,,,2025,E00090,False,56881.0,False,True
20250718_2124_HARP13501_NOAA14142,2025-07-18 21:24:00+00:00,13501,14142,block_download_or_coverage,,,2025,E00090,False,56884.0,False,True
20250718_2300_HARP13501_NOAA14142,2025-07-18 23:00:00+00:00,13501,14142,block_download_or_coverage,,,2025,E00090,False,56887.0,False,True
20250719_0036_HARP13501_NOAA14142,2025-07-19 00:36:00+00:00,13501,14142,block_download_or_coverage,,,2025,E00090,False,56890.0,False,True
20250719_0212_HARP13501_NOAA14142,2025-07-19 02:12:00+00:00,13501,14142,block_download_or_coverage,,,2025,E00090,False,56893.0,False,True
20250719_0348_HARP13501_NOAA14142,2025-07-19 03:48:00+00:00,13501,14142,block_download_or_coverage,,,2025,E00090,False,56896.0,False,True
20250719_0524_HARP13501_NOAA14142,2025-07-19 05:24:00+00:00,13501,14142,block_download_or_coverage,,,2025,E00090,False,56899.0,False,True
20250720_1036_HARP13501_NOAA14142,2025-07-20 10:36:00+00:00,13501,14142,block_download_or_coverage,,,2025,E00091,False,,,False
20250720_1212_HARP13501_NOAA14142,2025-07-20 12:12:00+00:00,13501,14142,block_download_or_coverage,,,2025,E00091,False,,,False
20250720_1348_HARP13501_NOAA14142,2025-07-20 13:48:00+00:00,13501,14142,block_download_or_coverage,,,2025,E00091,False,,,False
20250720_1524_HARP13501_NOAA14142,2025-07-20 15:24:00+00:00,13501,14142,block_download_or_coverage,,,2025,E00091,False,,,False
20250720_1700_HARP13501_NOAA14142,2025-07-20 17:00:00+00:00,13501,14142,block_download_or_coverage,,,2025,E00091,False,,,False
20250718_0924_HARP13506_NOAA14144,2025-07-18 09:24:00+00:00,13506,14144,block_download_or_coverage,,,2025,E00092,False,,,False
20250718_1100_HARP13506_NOAA14144,2025-07-18 11:00:00+00:00,13506,14144,block_download_or_coverage,,,2025,E00092,False,,,False
20250718_1236_HARP13506_NOAA14144,2025-07-18 12:36:00+00:00,13506,14144,block_download_or_coverage,,,2025,E00092,False,,,False
20250718_1412_HARP13506_NOAA14144,2025-07-18 14:12:00+00:00,13506,14144,block_download_or_coverage,,,2025,E00092,False,56871.0,False,True
20250718_1548_HARP13506_NOAA14144,2025-07-18 15:48:00+00:00,13506,14144,block_download_or_coverage,,,2025,E00092,False,56873.0,False,True
20250718_1724_HARP13506_NOAA14144,2025-07-18 17:24:00+00:00,13506,14144,block_download_or_coverage,,,2025,E00092,False,56876.0,False,True
20250718_1900_HARP13506_NOAA14144,2025-07-18 19:00:00+00:00,13506,14144,block_download_or_coverage,,,2025,E00092,False,56879.0,False,True
20250718_2036_HARP13506_NOAA14144,2025-07-18 20:36:00+00:00,13506,14144,block_download_or_coverage,,,2025,E00092,False,56882.0,False,True
20250718_2212_HARP13506_NOAA14144,2025-07-18 22:12:00+00:00,13506,14144,block_download_or_coverage,,,2025,E00092,False,56885.0,False,True
20250718_2348_HARP13506_NOAA14144,2025-07-18 23:48:00+00:00,13506,14144,block_download_or_coverage,,,2025,E00092,False,56888.0,False,True
20250719_0124_HARP13506_NOAA14144,2025-07-19 01:24:00+00:00,13506,14144,block_download_or_coverage,,,2025,E00092,False,56891.0,False,True
20250719_0300_HARP13506_NOAA14144,2025-07-19 03:00:00+00:00,13506,14144,block_download_or_coverage,,,2025,E00092,False,56894.0,False,True
20250719_0436_HARP13506_NOAA14144,2025-07-19 04:36:00+00:00,13506,14144,block_download_or_coverage,,,2025,E00092,False,56897.0,False,True
20250719_0612_HARP13506_NOAA14144,2025-07-19 06:12:00+00:00,13506,14144,block_download_or_coverage,,,2025,E00092,False,56900.0,False,True
20250719_1024_HARP13506_NOAA14144,2025-07-19 10:24:00+00:00,13506,14144,block_download_or_coverage,,,2025,E00093,False,,,False
20250719_1200_HARP13506_NOAA14144,2025-07-19 12:00:00+00:00,13506,14144,block_download_or_coverage,,,2025,E00093,False,,,False
20250719_1336_HARP13506_NOAA14144,2025-07-19 13:36:00+00:00,13506,14144,block_download_or_coverage,,,2025,E00093,False,,,False
20250719_1512_HARP13506_NOAA14144,2025-07-19 15:12:00+00:00,13506,14144,block_download_or_coverage,,,2025,E00093,False,56902.0,False,True
20250719_1648_HARP13506_NOAA14144,2025-07-19 16:48:00+00:00,13506,14144,block_download_or_coverage,,,2025,E00093,False,56904.0,False,True
20250719_1824_HARP13506_NOAA14144,2025-07-19 18:24:00+00:00,13506,14144,block_download_or_coverage,,,2025,E00093,False,56907.0,False,True
20250719_2000_HARP13506_NOAA14144,2025-07-19 20:00:00+00:00,13506,14144,block_download_or_coverage,,,2025,E00093,False,56910.0,False,True
20250719_2136_HARP13506_NOAA14144,2025-07-19 21:36:00+00:00,13506,14144,block_download_or_coverage,,,2025,E00093,False,56913.0,False,True
20250719_2312_HARP13506_NOAA14144,2025-07-19 23:12:00+00:00,13506,14144,block_download_or_coverage,,,2025,E00093,False,56916.0,False,True
20250720_0048_HARP13506_NOAA14144,2025-07-20 00:48:00+00:00,13506,14144,block_download_or_coverage,,,2025,E00093,False,56920.0,False,True
20250720_0224_HARP13506_NOAA14144,2025-07-20 02:24:00+00:00,13506,14144,block_download_or_coverage,,,2025,E00093,False,56924.0,False,True
20250720_0400_HARP13506_NOAA14144,2025-07-20 04:00:00+00:00,13506,14144,block_download_or_coverage,,,2025,E00093,False,56928.0,False,True
20250720_0536_HARP13506_NOAA14144,2025-07-20 05:36:00+00:00,13506,14144,block_download_or_coverage,,,2025,E00093,False,56932.0,False,True
20250721_0912_HARP13506_NOAA14144,2025-07-21 09:12:00+00:00,13506,14144,block_download_or_coverage,,,2025,E00094,False,,,False
20250721_1048_HARP13506_NOAA14144,2025-07-21 10:48:00+00:00,13506,14144,block_download_or_coverage,,,2025,E00094,False,,,False
20250721_1224_HARP13506_NOAA14144,2025-07-21 12:24:00+00:00,13506,14144,block_download_or_coverage,,,2025,E00094,False,,,False
20250721_1400_HARP13506_NOAA14144,2025-07-21 14:00:00+00:00,13506,14144,block_download_or_coverage,,,2025,E00094,False,56960.0,False,True
20250721_1536_HARP13506_NOAA14144,2025-07-21 15:36:00+00:00,13506,14144,block_download_or_coverage,,,2025,E00094,False,56963.0,False,True
20250721_1712_HARP13506_NOAA14144,2025-07-21 17:12:00+00:00,13506,14144,block_download_or_coverage,,,2025,E00094,False,56966.0,False,True
20250721_1848_HARP13506_NOAA14144,2025-07-21 18:48:00+00:00,13506,14144,block_download_or_coverage,,,2025,E00094,False,56968.0,False,True
20250721_2024_HARP13506_NOAA14144,2025-07-21 20:24:00+00:00,13506,14144,block_download_or_coverage,,,2025,E00094,False,56970.0,False,True
20250721_2200_HARP13506_NOAA14144,2025-07-21 22:00:00+00:00,13506,14144,block_download_or_coverage,,,2025,E00094,False,56972.0,False,True
20250721_2336_HARP13506_NOAA14144,2025-07-21 23:36:00+00:00,13506,14144,block_download_or_coverage,,,2025,E00094,False,56974.0,False,True
20250722_0112_HARP13506_NOAA14144,2025-07-22 01:12:00+00:00,13506,14144,block_download_or_coverage,,,2025,E00094,False,56977.0,False,True
20250722_0248_HARP13506_NOAA14144,2025-07-22 02:48:00+00:00,13506,14144,block_download_or_coverage,,,2025,E00094,False,56980.0,False,True
20250722_0424_HARP13506_NOAA14144,2025-07-22 04:24:00+00:00,13506,14144,block_download_or_coverage,,,2025,E00094,False,56983.0,False,True
20250722_1012_HARP13506_NOAA14144,2025-07-22 10:12:00+00:00,13506,14144,block_download_or_coverage,,,2025,E00095,False,,,False
20250722_1148_HARP13506_NOAA14144,2025-07-22 11:48:00+00:00,13506,14144,block_download_or_coverage,,,2025,E00095,False,,,False
20250722_1324_HARP13506_NOAA14144,2025-07-22 13:24:00+00:00,13506,14144,block_download_or_coverage,,,2025,E00095,False,,,False
20250722_1624_HARP13506_NOAA14144,2025-07-22 16:24:00+00:00,13506,14144,block_download_or_coverage,,,2025,E00095,False,,,False
20250719_0524_HARP13507_NOAA14147,2025-07-19 05:24:00+00:00,13507,14147,block_download_or_coverage,,,2025,E00096,False,,,False
20250719_1112_HARP13507_NOAA14147,2025-07-19 11:12:00+00:00,13507,14147,block_download_or_coverage,,,2025,E00097,False,,,False
20250719_1248_HARP13507_NOAA14147,2025-07-19 12:48:00+00:00,13507,14147,block_download_or_coverage,,,2025,E00097,False,,,False
20250719_1424_HARP13507_NOAA14147,2025-07-19 14:24:00+00:00,13507,14147,block_download_or_coverage,,,2025,E00097,False,,,False
20250719_1600_HARP13507_NOAA14147,2025-07-19 16:00:00+00:00,13507,14147,block_download_or_coverage,,,2025,E00097,False,,,False
20250719_1736_HARP13507_NOAA14147,2025-07-19 17:36:00+00:00,13507,14147,block_download_or_coverage,,,2025,E00097,False,,,False
20250719_1912_HARP13507_NOAA14147,2025-07-19 19:12:00+00:00,13507,14147,block_download_or_coverage,,,2025,E00097,False,,,False
20250719_2048_HARP13507_NOAA14147,2025-07-19 20:48:00+00:00,13507,14147,block_download_or_coverage,,,2025,E00097,False,,,False
20250719_2224_HARP13507_NOAA14147,2025-07-19 22:24:00+00:00,13507,14147,block_download_or_coverage,,,2025,E00097,False,,,False
20250720_0000_HARP13507_NOAA14147,2025-07-20 00:00:00+00:00,13507,14147,block_download_or_coverage,,,2025,E00097,False,,,False
20250720_0136_HARP13507_NOAA14147,2025-07-20 01:36:00+00:00,13507,14147,block_download_or_coverage,,,2025,E00097,False,,,False
20250720_0312_HARP13507_NOAA14147,2025-07-20 03:12:00+00:00,13507,14147,block_download_or_coverage,,,2025,E00097,False,,,False
20250720_0448_HARP13507_NOAA14147,2025-07-20 04:48:00+00:00,13507,14147,block_download_or_coverage,,,2025,E00097,False,,,False
20250720_0624_HARP13507_NOAA14147,2025-07-20 06:24:00+00:00,13507,14147,block_download_or_coverage,,,2025,E00097,False,,,False
20250720_1036_HARP13507_NOAA14147,2025-07-20 10:36:00+00:00,13507,14147,block_download_or_coverage,,,2025,E00098,False,,,False
20250720_1212_HARP13507_NOAA14147,2025-07-20 12:12:00+00:00,13507,14147,block_download_or_coverage,,,2025,E00098,False,,,False
20250720_1348_HARP13507_NOAA14147,2025-07-20 13:48:00+00:00,13507,14147,block_download_or_coverage,,,2025,E00098,False,,,False
20250720_1524_HARP13507_NOAA14147,2025-07-20 15:24:00+00:00,13507,14147,block_download_or_coverage,,,2025,E00098,False,56934.0,False,True
20250720_1700_HARP13507_NOAA14147,2025-07-20 17:00:00+00:00,13507,14147,block_download_or_coverage,,,2025,E00098,False,56936.0,False,True
20250720_1836_HARP13507_NOAA14147,2025-07-20 18:36:00+00:00,13507,14147,block_download_or_coverage,,,2025,E00098,False,56938.0,False,True
20250720_2012_HARP13507_NOAA14147,2025-07-20 20:12:00+00:00,13507,14147,block_download_or_coverage,,,2025,E00098,False,56940.0,False,True
20250720_2148_HARP13507_NOAA14147,2025-07-20 21:48:00+00:00,13507,14147,block_download_or_coverage,,,2025,E00098,False,56943.0,False,True
20250720_2324_HARP13507_NOAA14147,2025-07-20 23:24:00+00:00,13507,14147,block_download_or_coverage,,,2025,E00098,False,56946.0,False,True
20250721_0100_HARP13507_NOAA14147,2025-07-21 01:00:00+00:00,13507,14147,block_download_or_coverage,,,2025,E00098,False,56949.0,False,True
20250721_0236_HARP13507_NOAA14147,2025-07-21 02:36:00+00:00,13507,14147,block_download_or_coverage,,,2025,E00098,False,56952.0,False,True
20250721_0412_HARP13507_NOAA14147,2025-07-21 04:12:00+00:00,13507,14147,block_download_or_coverage,,,2025,E00098,False,56955.0,False,True
20250721_0548_HARP13507_NOAA14147,2025-07-21 05:48:00+00:00,13507,14147,block_download_or_coverage,,,2025,E00098,False,56958.0,False,True
20250721_1936_HARP13507_NOAA14147,2025-07-21 19:36:00+00:00,13507,14147,block_download_or_coverage,,,2025,E00099,False,,,False
20250721_2112_HARP13507_NOAA14147,2025-07-21 21:12:00+00:00,13507,14147,block_download_or_coverage,,,2025,E00099,False,,,False
20250721_2248_HARP13507_NOAA14147,2025-07-21 22:48:00+00:00,13507,14147,block_download_or_coverage,,,2025,E00099,False,,,False
20250722_0024_HARP13507_NOAA14147,2025-07-22 00:24:00+00:00,13507,14147,block_download_or_coverage,,,2025,E00099,False,56975.0,False,True
20250722_0200_HARP13507_NOAA14147,2025-07-22 02:00:00+00:00,13507,14147,block_download_or_coverage,,,2025,E00099,False,56978.0,False,True
20250722_0336_HARP13507_NOAA14147,2025-07-22 03:36:00+00:00,13507,14147,block_download_or_coverage,,,2025,E00099,False,56981.0,False,True
20250722_0512_HARP13507_NOAA14147,2025-07-22 05:12:00+00:00,13507,14147,block_download_or_coverage,,,2025,E00099,False,56984.0,False,True
20250723_1012_HARP13507_NOAA14147,2025-07-23 10:12:00+00:00,13507,14147,block_download_or_coverage,,,2025,E00100,False,,,False
20250723_1148_HARP13507_NOAA14147,2025-07-23 11:48:00+00:00,13507,14147,block_download_or_coverage,,,2025,E00100,False,,,False
20250723_1324_HARP13507_NOAA14147,2025-07-23 13:24:00+00:00,13507,14147,block_download_or_coverage,,,2025,E00100,False,,,False
20250719_1324_HARP13517_NOAA14158,2025-07-19 13:24:00+00:00,13517,14158,block_download_or_coverage,,,2025,E00101,False,,,False
20250719_1500_HARP13517_NOAA14158,2025-07-19 15:00:00+00:00,13517,14158,block_download_or_coverage,,,2025,E00101,False,,,False
20250719_1636_HARP13517_NOAA14158,2025-07-19 16:36:00+00:00,13517,14158,block_download_or_coverage,,,2025,E00101,False,,,False
20250719_1812_HARP13517_NOAA14158,2025-07-19 18:12:00+00:00,13517,14158,block_download_or_coverage,,,2025,E00101,False,56906.0,False,True
20250719_1948_HARP13517_NOAA14158,2025-07-19 19:48:00+00:00,13517,14158,block_download_or_coverage,,,2025,E00101,False,56909.0,False,True
20250719_2124_HARP13517_NOAA14158,2025-07-19 21:24:00+00:00,13517,14158,block_download_or_coverage,,,2025,E00101,False,56912.0,False,True
20250719_2300_HARP13517_NOAA14158,2025-07-19 23:00:00+00:00,13517,14158,block_download_or_coverage,,,2025,E00101,False,56915.0,False,True
20250720_0036_HARP13517_NOAA14158,2025-07-20 00:36:00+00:00,13517,14158,block_download_or_coverage,,,2025,E00101,False,56919.0,False,True
20250720_0212_HARP13517_NOAA14158,2025-07-20 02:12:00+00:00,13517,14158,block_download_or_coverage,,,2025,E00101,False,56923.0,False,True
20250720_0348_HARP13517_NOAA14158,2025-07-20 03:48:00+00:00,13517,14158,block_download_or_coverage,,,2025,E00101,False,56927.0,False,True
20250720_0524_HARP13517_NOAA14158,2025-07-20 05:24:00+00:00,13517,14158,block_download_or_coverage,,,2025,E00101,False,56931.0,False,True
20250720_1112_HARP13517_NOAA14158,2025-07-20 11:12:00+00:00,13517,14158,block_download_or_coverage,,,2025,E00102,False,,,False
20250720_1248_HARP13517_NOAA14158,2025-07-20 12:48:00+00:00,13517,14158,block_download_or_coverage,,,2025,E00102,False,,,False
20250720_1600_HARP13517_NOAA14158,2025-07-20 16:00:00+00:00,13517,14158,block_download_or_coverage,,,2025,E00102,False,,,False
20250720_1736_HARP13517_NOAA14158,2025-07-20 17:36:00+00:00,13517,14158,block_download_or_coverage,,,2025,E00102,False,,,False
20250720_1912_HARP13517_NOAA14158,2025-07-20 19:12:00+00:00,13517,14158,block_download_or_coverage,,,2025,E00102,False,,,False
20250720_2048_HARP13517_NOAA14158,2025-07-20 20:48:00+00:00,13517,14158,block_download_or_coverage,,,2025,E00102,False,56941.0,False,True
20250720_2224_HARP13517_NOAA14158,2025-07-20 22:24:00+00:00,13517,14158,block_download_or_coverage,,,2025,E00102,False,56944.0,False,True
20250721_0000_HARP13517_NOAA14158,2025-07-21 00:00:00+00:00,13517,14158,block_download_or_coverage,,,2025,E00102,False,56947.0,False,True
20250721_0136_HARP13517_NOAA14158,2025-07-21 01:36:00+00:00,13517,14158,block_download_or_coverage,,,2025,E00102,False,56950.0,False,True
20250721_0312_HARP13517_NOAA14158,2025-07-21 03:12:00+00:00,13517,14158,block_download_or_coverage,,,2025,E00102,False,56953.0,False,True
20250721_0448_HARP13517_NOAA14158,2025-07-21 04:48:00+00:00,13517,14158,block_download_or_coverage,,,2025,E00102,False,56956.0,False,True
20250721_0624_HARP13517_NOAA14158,2025-07-21 06:24:00+00:00,13517,14158,block_download_or_coverage,,,2025,E00102,False,56959.0,False,True
20250721_1036_HARP13517_NOAA14158,2025-07-21 10:36:00+00:00,13517,14158,block_download_or_coverage,,,2025,E00103,False,,,False
20250721_1212_HARP13517_NOAA14158,2025-07-21 12:12:00+00:00,13517,14158,block_download_or_coverage,,,2025,E00103,False,,,False
20250721_1348_HARP13517_NOAA14158,2025-07-21 13:48:00+00:00,13517,14158,block_download_or_coverage,,,2025,E00103,False,,,False
20250721_1524_HARP13517_NOAA14158,2025-07-21 15:24:00+00:00,13517,14158,block_download_or_coverage,,,2025,E00103,False,56962.0,False,True
20250721_1700_HARP13517_NOAA14158,2025-07-21 17:00:00+00:00,13517,14158,block_download_or_coverage,,,2025,E00103,False,56965.0,False,True
20250721_1836_HARP13517_NOAA14158,2025-07-21 18:36:00+00:00,13517,14158,block_download_or_coverage,,,2025,E00103,False,56967.0,False,True
20250721_2012_HARP13517_NOAA14158,2025-07-21 20:12:00+00:00,13517,14158,block_download_or_coverage,,,2025,E00103,False,56969.0,False,True
20250721_2148_HARP13517_NOAA14158,2025-07-21 21:48:00+00:00,13517,14158,block_download_or_coverage,,,2025,E00103,False,56971.0,False,True
20250721_2324_HARP13517_NOAA14158,2025-07-21 23:24:00+00:00,13517,14158,block_download_or_coverage,,,2025,E00103,False,56973.0,False,True
20250722_0100_HARP13517_NOAA14158,2025-07-22 01:00:00+00:00,13517,14158,block_download_or_coverage,,,2025,E00103,False,56976.0,False,True
20250722_0236_HARP13517_NOAA14158,2025-07-22 02:36:00+00:00,13517,14158,block_download_or_coverage,,,2025,E00103,False,56979.0,False,True
20250722_0412_HARP13517_NOAA14158,2025-07-22 04:12:00+00:00,13517,14158,block_download_or_coverage,,,2025,E00103,False,56982.0,False,True
20250722_0548_HARP13517_NOAA14158,2025-07-22 05:48:00+00:00,13517,14158,block_download_or_coverage,,,2025,E00103,False,56985.0,False,True
20250722_1000_HARP13517_NOAA14158,2025-07-22 10:00:00+00:00,13517,14158,block_download_or_coverage,,,2025,E00104,False,,,False
20250722_1136_HARP13517_NOAA14158,2025-07-22 11:36:00+00:00,13517,14158,block_download_or_coverage,,,2025,E00104,False,,,False
20250722_1312_HARP13517_NOAA14158,2025-07-22 13:12:00+00:00,13517,14158,block_download_or_coverage,,,2025,E00104,False,,,False
20250722_1612_HARP13517_NOAA14158,2025-07-22 16:12:00+00:00,13517,14158,block_download_or_coverage,,,2025,E00104,False,,,False
20250722_1748_HARP13517_NOAA14158,2025-07-22 17:48:00+00:00,13517,14158,block_download_or_coverage,,,2025,E00104,False,,,False
20250722_1924_HARP13517_NOAA14158,2025-07-22 19:24:00+00:00,13517,14158,block_download_or_coverage,,,2025,E00104,False,,,False
20250722_2100_HARP13517_NOAA14158,2025-07-22 21:00:00+00:00,13517,14158,block_download_or_coverage,,,2025,E00104,False,,,False
20250722_2236_HARP13517_NOAA14158,2025-07-22 22:36:00+00:00,13517,14158,block_download_or_coverage,,,2025,E00104,False,,,False
20250723_0012_HARP13517_NOAA14158,2025-07-23 00:12:00+00:00,13517,14158,block_download_or_coverage,,,2025,E00104,False,,,False
20250723_0148_HARP13517_NOAA14158,2025-07-23 01:48:00+00:00,13517,14158,block_download_or_coverage,,,2025,E00104,False,,,False
20250723_0324_HARP13517_NOAA14158,2025-07-23 03:24:00+00:00,13517,14158,block_download_or_coverage,,,2025,E00104,False,,,False
20250723_0500_HARP13517_NOAA14158,2025-07-23 05:00:00+00:00,13517,14158,block_download_or_coverage,,,2025,E00104,False,,,False
20250723_2148_HARP13517_NOAA14158,2025-07-23 21:48:00+00:00,13517,14158,block_download_or_coverage,,,2025,E00105,False,,,False
20250723_2324_HARP13517_NOAA14158,2025-07-23 23:24:00+00:00,13517,14158,block_download_or_coverage,,,2025,E00105,False,,,False
20250724_0100_HARP13517_NOAA14158,2025-07-24 01:00:00+00:00,13517,14158,block_download_or_coverage,,,2025,E00105,False,,,False
20250722_2136_HARP13522_NOAA14150,2025-07-22 21:36:00+00:00,13522,14150,block_download_or_coverage,,,2025,E00106,False,,,False
20250722_2312_HARP13522_NOAA14150,2025-07-22 23:12:00+00:00,13522,14150,block_download_or_coverage,,,2025,E00106,False,,,False
20250723_0048_HARP13522_NOAA14150,2025-07-23 00:48:00+00:00,13522,14150,block_download_or_coverage,,,2025,E00106,False,,,False
20250723_0224_HARP13522_NOAA14150,2025-07-23 02:24:00+00:00,13522,14150,block_download_or_coverage,,,2025,E00106,False,56990.0,False,True
20250723_0400_HARP13522_NOAA14150,2025-07-23 04:00:00+00:00,13522,14150,block_download_or_coverage,,,2025,E00106,False,56992.0,False,True
20250723_0536_HARP13522_NOAA14150,2025-07-23 05:36:00+00:00,13522,14150,block_download_or_coverage,,,2025,E00106,False,56994.0,False,True
20250723_1124_HARP13522_NOAA14150,2025-07-23 11:24:00+00:00,13522,14150,block_download_or_coverage,,,2025,E00107,False,,,False
20250723_1300_HARP13522_NOAA14150,2025-07-23 13:00:00+00:00,13522,14150,block_download_or_coverage,,,2025,E00107,False,,,False
20250723_1436_HARP13522_NOAA14150,2025-07-23 14:36:00+00:00,13522,14150,block_download_or_coverage,,,2025,E00107,False,,,False
20250724_1036_HARP13522_NOAA14150,2025-07-24 10:36:00+00:00,13522,14150,block_download_or_coverage,,,2025,E00108,False,,,False
20250724_1212_HARP13522_NOAA14150,2025-07-24 12:12:00+00:00,13522,14150,block_download_or_coverage,,,2025,E00108,False,,,False
20250724_1348_HARP13522_NOAA14150,2025-07-24 13:48:00+00:00,13522,14150,block_download_or_coverage,,,2025,E00108,False,,,False
20250724_1524_HARP13522_NOAA14150,2025-07-24 15:24:00+00:00,13522,14150,block_download_or_coverage,,,2025,E00108,False,56998.0,False,True
20250724_1700_HARP13522_NOAA14150,2025-07-24 17:00:00+00:00,13522,14150,block_download_or_coverage,,,2025,E00108,False,57000.0,False,True
20250724_1836_HARP13522_NOAA14150,2025-07-24 18:36:00+00:00,13522,14150,block_download_or_coverage,,,2025,E00108,False,57002.0,False,True
20250724_2012_HARP13522_NOAA14150,2025-07-24 20:12:00+00:00,13522,14150,block_download_or_coverage,,,2025,E00108,False,57003.0,False,True
20250724_2200_HARP13522_NOAA14150,2025-07-24 22:00:00+00:00,13522,14150,block_download_or_coverage,,,2025,E00108,False,,,False
20250724_2336_HARP13522_NOAA14150,2025-07-24 23:36:00+00:00,13522,14150,block_download_or_coverage,,,2025,E00108,False,,,False
20250725_0112_HARP13522_NOAA14150,2025-07-25 01:12:00+00:00,13522,14150,block_download_or_coverage,,,2025,E00108,False,,,False
20250725_0500_HARP13522_NOAA14150,2025-07-25 05:00:00+00:00,13522,14150,block_download_or_coverage,,,2025,E00109,False,,,False
20250725_0912_HARP13522_NOAA14150,2025-07-25 09:12:00+00:00,13522,14150,block_download_or_coverage,,,2025,E00110,False,,,False
20250725_1048_HARP13522_NOAA14150,2025-07-25 10:48:00+00:00,13522,14150,block_download_or_coverage,,,2025,E00110,False,,,False
20250725_1224_HARP13522_NOAA14150,2025-07-25 12:24:00+00:00,13522,14150,block_download_or_coverage,,,2025,E00110,False,,,False
20250725_1400_HARP13522_NOAA14150,2025-07-25 14:00:00+00:00,13522,14150,block_download_or_coverage,,,2025,E00110,False,,,False
20250725_1536_HARP13522_NOAA14150,2025-07-25 15:36:00+00:00,13522,14150,block_download_or_coverage,,,2025,E00110,False,,,False
20250725_1712_HARP13522_NOAA14150,2025-07-25 17:12:00+00:00,13522,14150,block_download_or_coverage,,,2025,E00110,False,,,False
20250725_1848_HARP13522_NOAA14150,2025-07-25 18:48:00+00:00,13522,14150,block_download_or_coverage,,,2025,E00110,False,,,False
20250725_2024_HARP13522_NOAA14150,2025-07-25 20:24:00+00:00,13522,14150,block_download_or_coverage,,,2025,E00110,False,,,False
20250725_2200_HARP13522_NOAA14150,2025-07-25 22:00:00+00:00,13522,14150,block_download_or_coverage,,,2025,E00110,False,,,False
20250725_2336_HARP13522_NOAA14150,2025-07-25 23:36:00+00:00,13522,14150,block_download_or_coverage,,,2025,E00110,False,,,False
20250726_0112_HARP13522_NOAA14150,2025-07-26 01:12:00+00:00,13522,14150,block_download_or_coverage,,,2025,E00110,False,,,False
20250726_0248_HARP13522_NOAA14150,2025-07-26 02:48:00+00:00,13522,14150,block_download_or_coverage,,,2025,E00110,False,,,False
20250726_0424_HARP13522_NOAA14150,2025-07-26 04:24:00+00:00,13522,14150,block_download_or_coverage,,,2025,E00110,False,,,False
20250727_0524_HARP13522_NOAA14150,2025-07-27 05:24:00+00:00,13522,14150,block_download_or_coverage,,,2025,E00111,False,,,False
20250724_0000_HARP13524_NOAA14149,2025-07-24 00:00:00+00:00,13524,14149,block_download_or_coverage,,,2025,E00112,False,,,False
20250724_0136_HARP13524_NOAA14149,2025-07-24 01:36:00+00:00,13524,14149,block_download_or_coverage,,,2025,E00112,False,,,False
20250724_0312_HARP13524_NOAA14149,2025-07-24 03:12:00+00:00,13524,14149,block_download_or_coverage,,,2025,E00112,False,,,False
20250724_0448_HARP13524_NOAA14149,2025-07-24 04:48:00+00:00,13524,14149,block_download_or_coverage,,,2025,E00112,False,,,False
20250724_0624_HARP13524_NOAA14149,2025-07-24 06:24:00+00:00,13524,14149,block_download_or_coverage,,,2025,E00112,False,,,False
20250724_1036_HARP13524_NOAA14149,2025-07-24 10:36:00+00:00,13524,14149,block_download_or_coverage,,,2025,E00113,False,,,False
20250724_1212_HARP13524_NOAA14149,2025-07-24 12:12:00+00:00,13524,14149,block_download_or_coverage,,,2025,E00113,False,,,False
20250724_1348_HARP13524_NOAA14149,2025-07-24 13:48:00+00:00,13524,14149,block_download_or_coverage,,,2025,E00113,False,,,False
20250724_1524_HARP13524_NOAA14149,2025-07-24 15:24:00+00:00,13524,14149,block_download_or_coverage,,,2025,E00113,False,56999.0,False,True
20250724_2200_HARP13524_NOAA14149,2025-07-24 22:00:00+00:00,13524,14149,block_download_or_coverage,,,2025,E00114,False,,,False
20250724_2336_HARP13524_NOAA14149,2025-07-24 23:36:00+00:00,13524,14149,block_download_or_coverage,,,2025,E00114,False,,,False
20250726_1012_HARP13524_NOAA14149,2025-07-26 10:12:00+00:00,13524,14149,block_download_or_coverage,,,2025,E00115,False,,,False
20250726_1148_HARP13524_NOAA14149,2025-07-26 11:48:00+00:00,13524,14149,block_download_or_coverage,,,2025,E00115,False,,,False
20250726_1324_HARP13524_NOAA14149,2025-07-26 13:24:00+00:00,13524,14149,block_download_or_coverage,,,2025,E00115,False,,,False
20250726_1500_HARP13524_NOAA14149,2025-07-26 15:00:00+00:00,13524,14149,block_download_or_coverage,,,2025,E00115,False,,,False
20250726_1636_HARP13524_NOAA14149,2025-07-26 16:36:00+00:00,13524,14149,block_download_or_coverage,,,2025,E00115,False,,,False
20250726_1812_HARP13524_NOAA14149,2025-07-26 18:12:00+00:00,13524,14149,block_download_or_coverage,,,2025,E00115,False,,,False
20250726_1948_HARP13524_NOAA14149,2025-07-26 19:48:00+00:00,13524,14149,block_download_or_coverage,,,2025,E00115,False,,,False
20250726_2124_HARP13524_NOAA14149,2025-07-26 21:24:00+00:00,13524,14149,block_download_or_coverage,,,2025,E00115,False,,,False
20250726_2300_HARP13524_NOAA14149,2025-07-26 23:00:00+00:00,13524,14149,block_download_or_coverage,,,2025,E00115,False,,,False
20250727_0036_HARP13524_NOAA14149,2025-07-27 00:36:00+00:00,13524,14149,block_download_or_coverage,,,2025,E00115,False,,,False
20250727_0212_HARP13524_NOAA14149,2025-07-27 02:12:00+00:00,13524,14149,block_download_or_coverage,,,2025,E00115,False,,,False
20250727_2224_HARP13524_NOAA14149,2025-07-27 22:24:00+00:00,13524,14149,block_download_or_coverage,,,2025,E00116,False,,,False
20250728_0000_HARP13524_NOAA14149,2025-07-28 00:00:00+00:00,13524,14149,block_download_or_coverage,,,2025,E00116,False,,,False
20250728_0136_HARP13524_NOAA14149,2025-07-28 01:36:00+00:00,13524,14149,block_download_or_coverage,,,2025,E00116,False,,,False
20250728_0312_HARP13524_NOAA14149,2025-07-28 03:12:00+00:00,13524,14149,block_download_or_coverage,,,2025,E00116,False,57073.0,False,True
20250728_0448_HARP13524_NOAA14149,2025-07-28 04:48:00+00:00,13524,14149,block_download_or_coverage,,,2025,E00116,False,57078.0,False,True
20250728_1524_HARP13524_NOAA14149,2025-07-28 15:24:00+00:00,13524,14149,block_download_or_coverage,,,2025,E00117,False,,,False
20250728_1700_HARP13524_NOAA14149,2025-07-28 17:00:00+00:00,13524,14149,block_download_or_coverage,,,2025,E00117,False,,,False
20250728_1836_HARP13524_NOAA14149,2025-07-28 18:36:00+00:00,13524,14149,block_download_or_coverage,,,2025,E00117,False,,,False
20250724_1700_HARP13524_NOAA14149,2025-07-24 17:00:00+00:00,13524,14149,crop_patch_boundary,2025_HARP13524_20250724_1036_20250725_0112,"ValueError('Target crop leaves block patch: bounds=(7, 1819, -9, 1803), shape=(1834, 1834)')",2025,E00118,True,57001.0,False,True
20250724_1836_HARP13524_NOAA14149,2025-07-24 18:36:00+00:00,13524,14149,crop_patch_boundary,2025_HARP13524_20250724_1036_20250725_0112,"ValueError('Target crop leaves block patch: bounds=(4, 1819, -10, 1805), shape=(1834, 1834)')",2025,E00118,True,,,False
20250724_2012_HARP13524_NOAA14149,2025-07-24 20:12:00+00:00,13524,14149,crop_patch_boundary,2025_HARP13524_20250724_1036_20250725_0112,"ValueError('Target crop leaves block patch: bounds=(0, 1819, -11, 1807), shape=(1834, 1834)')",2025,E00118,True,,,False
20250725_0112_HARP13524_NOAA14149,2025-07-25 01:12:00+00:00,13524,14149,crop_patch_boundary,2025_HARP13524_20250724_1036_20250725_0112,"ValueError('Target crop leaves block patch: bounds=(-4, 1842, -5, 1841), shape=(1834, 1834)')",2025,E00119,True,,,False
20250725_0500_HARP13524_NOAA14149,2025-07-25 05:00:00+00:00,13524,14149,crop_patch_boundary,2025_HARP13524_20250725_0500_20250725_0500,"ValueError('Target crop leaves block patch: bounds=(-17, 1851, -18, 1850), shape=(1834, 1834)')",2025,E00120,True,,,False
20250725_0912_HARP13524_NOAA14149,2025-07-25 09:12:00+00:00,13524,14149,crop_patch_boundary,2025_HARP13524_20250725_0912_20250726_0424,"ValueError('Target crop leaves block patch: bounds=(-10, 1880, -26, 1864), shape=(1834, 1834)')",2025,E00121,True,,,False
20250725_1048_HARP13524_NOAA14149,2025-07-25 10:48:00+00:00,13524,14149,crop_patch_boundary,2025_HARP13524_20250725_0912_20250726_0424,"ValueError('Target crop leaves block patch: bounds=(-13, 1885, -30, 1868), shape=(1834, 1834)')",2025,E00121,True,,,False
20250725_1224_HARP13524_NOAA14149,2025-07-25 12:24:00+00:00,13524,14149,crop_patch_boundary,2025_HARP13524_20250725_0912_20250726_0424,"ValueError('Target crop leaves block patch: bounds=(-17, 1886, -34, 1869), shape=(1834, 1834)')",2025,E00121,True,,,False
20250725_1400_HARP13524_NOAA14149,2025-07-25 14:00:00+00:00,13524,14149,crop_patch_boundary,2025_HARP13524_20250725_0912_20250726_0424,"ValueError('Target crop leaves block patch: bounds=(-20, 1894, -40, 1874), shape=(1834, 1834)')",2025,E00121,True,,,False
20250725_1536_HARP13524_NOAA14149,2025-07-25 15:36:00+00:00,13524,14149,crop_patch_boundary,2025_HARP13524_20250725_0912_20250726_0424,"ValueError('Target crop leaves block patch: bounds=(-61, 1900, -66, 1895), shape=(1834, 1834)')",2025,E00121,True,,,False
20250725_1712_HARP13524_NOAA14149,2025-07-25 17:12:00+00:00,13524,14149,crop_patch_boundary,2025_HARP13524_20250725_0912_20250726_0424,"ValueError('Target crop leaves block patch: bounds=(-68, 1903, -71, 1900), shape=(1834, 1834)')",2025,E00121,True,,,False
20250725_1848_HARP13524_NOAA14149,2025-07-25 18:48:00+00:00,13524,14149,crop_patch_boundary,2025_HARP13524_20250725_0912_20250726_0424,"ValueError('Target crop leaves block patch: bounds=(-71, 1904, -70, 1904), shape=(1834, 1834)')",2025,E00121,True,,,False
20250725_2024_HARP13524_NOAA14149,2025-07-25 20:24:00+00:00,13524,14149,crop_patch_boundary,2025_HARP13524_20250725_0912_20250726_0424,"ValueError('Target crop leaves block patch: bounds=(-72, 1903, -70, 1905), shape=(1834, 1834)')",2025,E00121,True,,,False
20250725_2200_HARP13524_NOAA14149,2025-07-25 22:00:00+00:00,13524,14149,crop_patch_boundary,2025_HARP13524_20250725_0912_20250726_0424,"ValueError('Target crop leaves block patch: bounds=(-73, 1902, -69, 1906), shape=(1834, 1834)')",2025,E00121,True,,,False
20250725_2336_HARP13524_NOAA14149,2025-07-25 23:36:00+00:00,13524,14149,crop_patch_boundary,2025_HARP13524_20250725_0912_20250726_0424,"ValueError('Target crop leaves block patch: bounds=(-73, 1900, -67, 1906), shape=(1834, 1834)')",2025,E00121,True,,,False
20250726_0112_HARP13524_NOAA14149,2025-07-26 01:12:00+00:00,13524,14149,crop_patch_boundary,2025_HARP13524_20250725_0912_20250726_0424,"ValueError('Target crop leaves block patch: bounds=(-70, 1897, -60, 1907), shape=(1834, 1834)')",2025,E00121,True,,,False
20250726_0248_HARP13524_NOAA14149,2025-07-26 02:48:00+00:00,13524,14149,crop_patch_boundary,2025_HARP13524_20250725_0912_20250726_0424,"ValueError('Target crop leaves block patch: bounds=(-60, 1890, -49, 1901), shape=(1834, 1834)')",2025,E00121,True,,,False
20250726_0424_HARP13524_NOAA14149,2025-07-26 04:24:00+00:00,13524,14149,crop_patch_boundary,2025_HARP13524_20250725_0912_20250726_0424,"ValueError('Target crop leaves block patch: bounds=(-58, 1887, -32, 1914), shape=(1834, 1834)')",2025,E00121,True,,,False
20250727_0524_HARP13524_NOAA14149,2025-07-27 05:24:00+00:00,13524,14149,crop_patch_boundary,2025_HARP13524_20250727_0524_20250727_0524,"ValueError('Target crop leaves block patch: bounds=(-45, 1878, -45, 1878), shape=(1834, 1834)')",2025,E00122,True,,,False
20250727_1112_HARP13524_NOAA14149,2025-07-27 11:12:00+00:00,13524,14149,crop_patch_boundary,2025_HARP13524_20250727_1112_20250728_0448,"ValueError('Target crop leaves block patch: bounds=(-20, 1895, -36, 1879), shape=(1834, 1834)')",2025,E00123,True,,,False
20250727_1248_HARP13524_NOAA14149,2025-07-27 12:48:00+00:00,13524,14149,crop_patch_boundary,2025_HARP13524_20250727_1112_20250728_0448,"ValueError('Target crop leaves block patch: bounds=(-17, 1890, -32, 1874), shape=(1834, 1834)')",2025,E00123,True,,,False
20250727_1424_HARP13524_NOAA14149,2025-07-27 14:24:00+00:00,13524,14149,crop_patch_boundary,2025_HARP13524_20250727_1112_20250728_0448,"ValueError('Target crop leaves block patch: bounds=(-13, 1883, -28, 1868), shape=(1834, 1834)')",2025,E00123,True,,,False
20250727_1600_HARP13524_NOAA14149,2025-07-27 16:00:00+00:00,13524,14149,crop_patch_boundary,2025_HARP13524_20250727_1112_20250728_0448,"ValueError('Target crop leaves block patch: bounds=(-10, 1875, -23, 1862), shape=(1834, 1834)')",2025,E00123,True,,,False
20250727_1736_HARP13524_NOAA14149,2025-07-27 17:36:00+00:00,13524,14149,crop_patch_boundary,2025_HARP13524_20250727_1112_20250728_0448,"ValueError('Target crop leaves block patch: bounds=(-6, 1867, -18, 1854), shape=(1834, 1834)')",2025,E00123,True,,,False
20250727_1912_HARP13524_NOAA14149,2025-07-27 19:12:00+00:00,13524,14149,crop_patch_boundary,2025_HARP13524_20250727_1112_20250728_0448,"ValueError('Target crop leaves block patch: bounds=(-4, 1858, -14, 1847), shape=(1834, 1834)')",2025,E00123,True,,,False
20250727_2048_HARP13524_NOAA14149,2025-07-27 20:48:00+00:00,13524,14149,crop_patch_boundary,2025_HARP13524_20250727_1112_20250728_0448,"ValueError('Target crop leaves block patch: bounds=(1, 1849, -8, 1840), shape=(1834, 1834)')",2025,E00123,True,,,False
20250719_1936_HARP13532_NOAA14151,2025-07-19 19:36:00+00:00,13532,14151,block_download_or_coverage,,,2025,E00124,False,,,False
20250719_2112_HARP13532_NOAA14151,2025-07-19 21:12:00+00:00,13532,14151,block_download_or_coverage,,,2025,E00124,False,,,False
20250719_2248_HARP13532_NOAA14151,2025-07-19 22:48:00+00:00,13532,14151,block_download_or_coverage,,,2025,E00124,False,,,False
20250720_0024_HARP13532_NOAA14151,2025-07-20 00:24:00+00:00,13532,14151,block_download_or_coverage,,,2025,E00124,False,56918.0,False,True
20250720_0200_HARP13532_NOAA14151,2025-07-20 02:00:00+00:00,13532,14151,block_download_or_coverage,,,2025,E00124,False,56922.0,False,True
20250720_0336_HARP13532_NOAA14151,2025-07-20 03:36:00+00:00,13532,14151,block_download_or_coverage,,,2025,E00124,False,56926.0,False,True
20250720_0512_HARP13532_NOAA14151,2025-07-20 05:12:00+00:00,13532,14151,block_download_or_coverage,,,2025,E00124,False,56930.0,False,True
20250720_1548_HARP13532_NOAA14151,2025-07-20 15:48:00+00:00,13532,14151,block_download_or_coverage,,,2025,E00125,False,,,False
20250720_1724_HARP13532_NOAA14151,2025-07-20 17:24:00+00:00,13532,14151,block_download_or_coverage,,,2025,E00125,False,,,False
20250720_1900_HARP13532_NOAA14151,2025-07-20 19:00:00+00:00,13532,14151,block_download_or_coverage,,,2025,E00125,False,,,False
20250720_2036_HARP13532_NOAA14151,2025-07-20 20:36:00+00:00,13532,14151,block_download_or_coverage,,,2025,E00125,False,,,False
20250720_2212_HARP13532_NOAA14151,2025-07-20 22:12:00+00:00,13532,14151,block_download_or_coverage,,,2025,E00125,False,,,False
20250720_2348_HARP13532_NOAA14151,2025-07-20 23:48:00+00:00,13532,14151,block_download_or_coverage,,,2025,E00125,False,,,False
20250721_0124_HARP13532_NOAA14151,2025-07-21 01:24:00+00:00,13532,14151,block_download_or_coverage,,,2025,E00125,False,,,False
20250721_0300_HARP13532_NOAA14151,2025-07-21 03:00:00+00:00,13532,14151,block_download_or_coverage,,,2025,E00125,False,,,False
20250721_0436_HARP13532_NOAA14151,2025-07-21 04:36:00+00:00,13532,14151,block_download_or_coverage,,,2025,E00125,False,,,False
20250721_0612_HARP13532_NOAA14151,2025-07-21 06:12:00+00:00,13532,14151,block_download_or_coverage,,,2025,E00125,False,,,False
20250721_1024_HARP13532_NOAA14151,2025-07-21 10:24:00+00:00,13532,14151,block_download_or_coverage,,,2025,E00126,False,,,False
20250721_1200_HARP13532_NOAA14151,2025-07-21 12:00:00+00:00,13532,14151,block_download_or_coverage,,,2025,E00126,False,,,False
20250725_0548_HARP13542_NOAA14153,2025-07-25 05:48:00+00:00,13542,14153,block_download_or_coverage,,,2025,E00127,False,,,False
20250725_1000_HARP13542_NOAA14153,2025-07-25 10:00:00+00:00,13542,14153,block_download_or_coverage,,,2025,E00128,False,,,False
20250725_1136_HARP13542_NOAA14153,2025-07-25 11:36:00+00:00,13542,14153,block_download_or_coverage,,,2025,E00128,False,,,False
20250725_1312_HARP13542_NOAA14153,2025-07-25 13:12:00+00:00,13542,14153,block_download_or_coverage,,,2025,E00128,False,,,False
20250725_1448_HARP13542_NOAA14153,2025-07-25 14:48:00+00:00,13542,14153,block_download_or_coverage,,,2025,E00128,False,57004.0,False,True
20250725_1624_HARP13542_NOAA14153,2025-07-25 16:24:00+00:00,13542,14153,block_download_or_coverage,,,2025,E00128,False,57006.0,False,True
20250725_1936_HARP13542_NOAA14153,2025-07-25 19:36:00+00:00,13542,14153,block_download_or_coverage,,,2025,E00128,False,,,False
20250725_2112_HARP13542_NOAA14153,2025-07-25 21:12:00+00:00,13542,14153,block_download_or_coverage,,,2025,E00128,False,,,False
20250725_2248_HARP13542_NOAA14153,2025-07-25 22:48:00+00:00,13542,14153,block_download_or_coverage,,,2025,E00128,False,,,False
20250726_0024_HARP13542_NOAA14153,2025-07-26 00:24:00+00:00,13542,14153,block_download_or_coverage,,,2025,E00128,False,,,False
20250726_0200_HARP13542_NOAA14153,2025-07-26 02:00:00+00:00,13542,14153,block_download_or_coverage,,,2025,E00128,False,,,False
20250726_0336_HARP13542_NOAA14153,2025-07-26 03:36:00+00:00,13542,14153,block_download_or_coverage,,,2025,E00128,False,,,False
20250726_0512_HARP13542_NOAA14153,2025-07-26 05:12:00+00:00,13542,14153,block_download_or_coverage,,,2025,E00128,False,,,False
20250726_0924_HARP13542_NOAA14153,2025-07-26 09:24:00+00:00,13542,14153,block_download_or_coverage,,,2025,E00129,False,,,False
20250726_1100_HARP13542_NOAA14153,2025-07-26 11:00:00+00:00,13542,14153,block_download_or_coverage,,,2025,E00129,False,,,False
20250726_1236_HARP13542_NOAA14153,2025-07-26 12:36:00+00:00,13542,14153,block_download_or_coverage,,,2025,E00129,False,,,False
20250726_1412_HARP13542_NOAA14153,2025-07-26 14:12:00+00:00,13542,14153,block_download_or_coverage,,,2025,E00129,False,57016.0,False,True
20250726_1548_HARP13542_NOAA14153,2025-07-26 15:48:00+00:00,13542,14153,block_download_or_coverage,,,2025,E00129,False,57019.0,False,True
20250726_1724_HARP13542_NOAA14153,2025-07-26 17:24:00+00:00,13542,14153,block_download_or_coverage,,,2025,E00129,False,57022.0,False,True
20250726_1900_HARP13542_NOAA14153,2025-07-26 19:00:00+00:00,13542,14153,block_download_or_coverage,,,2025,E00129,False,57024.0,False,True
20250726_2036_HARP13542_NOAA14153,2025-07-26 20:36:00+00:00,13542,14153,block_download_or_coverage,,,2025,E00129,False,57026.0,False,True
20250726_2212_HARP13542_NOAA14153,2025-07-26 22:12:00+00:00,13542,14153,block_download_or_coverage,,,2025,E00129,False,57028.0,False,True
20250726_2348_HARP13542_NOAA14153,2025-07-26 23:48:00+00:00,13542,14153,block_download_or_coverage,,,2025,E00129,False,57031.0,False,True
20250727_0124_HARP13542_NOAA14153,2025-07-27 01:24:00+00:00,13542,14153,block_download_or_coverage,,,2025,E00129,False,57035.0,False,True
20250727_0300_HARP13542_NOAA14153,2025-07-27 03:00:00+00:00,13542,14153,block_download_or_coverage,,,2025,E00129,False,57039.0,False,True
20250727_0436_HARP13542_NOAA14153,2025-07-27 04:36:00+00:00,13542,14153,block_download_or_coverage,,,2025,E00129,False,57042.0,False,True
20250727_0612_HARP13542_NOAA14153,2025-07-27 06:12:00+00:00,13542,14153,block_download_or_coverage,,,2025,E00129,False,57045.0,False,True
20250727_1024_HARP13542_NOAA14153,2025-07-27 10:24:00+00:00,13542,14153,block_download_or_coverage,,,2025,E00130,False,,,False
20250727_1200_HARP13542_NOAA14153,2025-07-27 12:00:00+00:00,13542,14153,block_download_or_coverage,,,2025,E00130,False,,,False
20250727_1336_HARP13542_NOAA14153,2025-07-27 13:36:00+00:00,13542,14153,block_download_or_coverage,,,2025,E00130,False,,,False
20250727_1512_HARP13542_NOAA14153,2025-07-27 15:12:00+00:00,13542,14153,block_download_or_coverage,,,2025,E00130,False,,,False
20250727_1648_HARP13542_NOAA14153,2025-07-27 16:48:00+00:00,13542,14153,block_download_or_coverage,,,2025,E00130,False,,,False
20250727_1824_HARP13542_NOAA14153,2025-07-27 18:24:00+00:00,13542,14153,block_download_or_coverage,,,2025,E00130,False,,,False
20250727_2000_HARP13542_NOAA14153,2025-07-27 20:00:00+00:00,13542,14153,block_download_or_coverage,,,2025,E00130,False,,,False
20250727_2136_HARP13542_NOAA14153,2025-07-27 21:36:00+00:00,13542,14153,block_download_or_coverage,,,2025,E00130,False,,,False
20250727_2312_HARP13542_NOAA14153,2025-07-27 23:12:00+00:00,13542,14153,block_download_or_coverage,,,2025,E00130,False,,,False
20250728_0048_HARP13542_NOAA14153,2025-07-28 00:48:00+00:00,13542,14153,block_download_or_coverage,,,2025,E00130,False,,,False
20250728_0224_HARP13542_NOAA14153,2025-07-28 02:24:00+00:00,13542,14153,block_download_or_coverage,,,2025,E00130,False,,,False
20250728_0400_HARP13542_NOAA14153,2025-07-28 04:00:00+00:00,13542,14153,block_download_or_coverage,,,2025,E00130,False,,,False
20250728_0536_HARP13542_NOAA14153,2025-07-28 05:36:00+00:00,13542,14153,block_download_or_coverage,,,2025,E00130,False,,,False
20250728_1124_HARP13542_NOAA14153,2025-07-28 11:24:00+00:00,13542,14153,block_download_or_coverage,,,2025,E00131,False,,,False
20250728_1300_HARP13542_NOAA14153,2025-07-28 13:00:00+00:00,13542,14153,block_download_or_coverage,,,2025,E00131,False,,,False
20250728_1612_HARP13542_NOAA14153,2025-07-28 16:12:00+00:00,13542,14153,block_download_or_coverage,,,2025,E00131,False,,,False
20250728_1748_HARP13542_NOAA14153,2025-07-28 17:48:00+00:00,13542,14153,block_download_or_coverage,,,2025,E00131,False,,,False
20250728_2100_HARP13542_NOAA14153,2025-07-28 21:00:00+00:00,13542,14153,block_download_or_coverage,,,2025,E00131,False,,,False
20250728_2236_HARP13542_NOAA14153,2025-07-28 22:36:00+00:00,13542,14153,block_download_or_coverage,,,2025,E00131,False,,,False
20250729_0012_HARP13542_NOAA14153,2025-07-29 00:12:00+00:00,13542,14153,block_download_or_coverage,,,2025,E00131,False,,,False
20250729_0148_HARP13542_NOAA14153,2025-07-29 01:48:00+00:00,13542,14153,block_download_or_coverage,,,2025,E00131,False,,,False
20250729_0324_HARP13542_NOAA14153,2025-07-29 03:24:00+00:00,13542,14153,block_download_or_coverage,,,2025,E00131,False,,,False
20250729_1136_HARP13542_NOAA14153,2025-07-29 11:36:00+00:00,13542,14153,block_download_or_coverage,,,2025,E00132,False,,,False
20250729_1312_HARP13542_NOAA14153,2025-07-29 13:12:00+00:00,13542,14153,block_download_or_coverage,,,2025,E00132,False,,,False
20250729_1448_HARP13542_NOAA14153,2025-07-29 14:48:00+00:00,13542,14153,block_download_or_coverage,,,2025,E00132,False,,,False
20250729_1624_HARP13542_NOAA14153,2025-07-29 16:24:00+00:00,13542,14153,block_download_or_coverage,,,2025,E00132,False,57095.0,False,True
20250726_1300_HARP13543_NOAA14154,2025-07-26 13:00:00+00:00,13543,14154,block_download_or_coverage,,,2025,E00133,False,,,False
20250726_1748_HARP13543_NOAA14154,2025-07-26 17:48:00+00:00,13543,14154,block_download_or_coverage,,,2025,E00134,False,,,False
20250726_1924_HARP13543_NOAA14154,2025-07-26 19:24:00+00:00,13543,14154,block_download_or_coverage,,,2025,E00134,False,,,False
20250726_2100_HARP13543_NOAA14154,2025-07-26 21:00:00+00:00,13543,14154,block_download_or_coverage,,,2025,E00134,False,,,False
20250726_2236_HARP13543_NOAA14154,2025-07-26 22:36:00+00:00,13543,14154,block_download_or_coverage,,,2025,E00134,False,57029.0,False,True
20250727_0012_HARP13543_NOAA14154,2025-07-27 00:12:00+00:00,13543,14154,block_download_or_coverage,,,2025,E00134,False,57032.0,False,True
20250727_0148_HARP13543_NOAA14154,2025-07-27 01:48:00+00:00,13543,14154,block_download_or_coverage,,,2025,E00134,False,57036.0,False,True
20250727_0324_HARP13543_NOAA14154,2025-07-27 03:24:00+00:00,13543,14154,block_download_or_coverage,,,2025,E00134,False,57040.0,False,True
20250727_0500_HARP13543_NOAA14154,2025-07-27 05:00:00+00:00,13543,14154,block_download_or_coverage,,,2025,E00134,False,57043.0,False,True
20250727_0912_HARP13543_NOAA14154,2025-07-27 09:12:00+00:00,13543,14154,block_download_or_coverage,,,2025,E00135,False,,,False
20250727_1048_HARP13543_NOAA14154,2025-07-27 10:48:00+00:00,13543,14154,block_download_or_coverage,,,2025,E00135,False,,,False
20250727_1224_HARP13543_NOAA14154,2025-07-27 12:24:00+00:00,13543,14154,block_download_or_coverage,,,2025,E00135,False,,,False
20250727_1400_HARP13543_NOAA14154,2025-07-27 14:00:00+00:00,13543,14154,block_download_or_coverage,,,2025,E00135,False,57046.0,False,True
20250727_1536_HARP13543_NOAA14154,2025-07-27 15:36:00+00:00,13543,14154,block_download_or_coverage,,,2025,E00135,False,57048.0,False,True
20250727_1712_HARP13543_NOAA14154,2025-07-27 17:12:00+00:00,13543,14154,block_download_or_coverage,,,2025,E00135,False,57051.0,False,True
20250727_1848_HARP13543_NOAA14154,2025-07-27 18:48:00+00:00,13543,14154,block_download_or_coverage,,,2025,E00135,False,57054.0,False,True
20250727_2024_HARP13543_NOAA14154,2025-07-27 20:24:00+00:00,13543,14154,block_download_or_coverage,,,2025,E00135,False,57057.0,False,True
20250727_2200_HARP13543_NOAA14154,2025-07-27 22:00:00+00:00,13543,14154,block_download_or_coverage,,,2025,E00135,False,57060.0,False,True
20250727_2336_HARP13543_NOAA14154,2025-07-27 23:36:00+00:00,13543,14154,block_download_or_coverage,,,2025,E00135,False,57063.0,False,True
20250728_0112_HARP13543_NOAA14154,2025-07-28 01:12:00+00:00,13543,14154,block_download_or_coverage,,,2025,E00135,False,57067.0,False,True
20250728_0248_HARP13543_NOAA14154,2025-07-28 02:48:00+00:00,13543,14154,block_download_or_coverage,,,2025,E00135,False,57071.0,False,True
20250728_0424_HARP13543_NOAA14154,2025-07-28 04:24:00+00:00,13543,14154,block_download_or_coverage,,,2025,E00135,False,57076.0,False,True
20250728_1012_HARP13543_NOAA14154,2025-07-28 10:12:00+00:00,13543,14154,block_download_or_coverage,,,2025,E00136,False,,,False
20250728_1148_HARP13543_NOAA14154,2025-07-28 11:48:00+00:00,13543,14154,block_download_or_coverage,,,2025,E00136,False,,,False
20250728_1636_HARP13543_NOAA14154,2025-07-28 16:36:00+00:00,13543,14154,block_download_or_coverage,,,2025,E00137,False,,,False
20250728_1812_HARP13543_NOAA14154,2025-07-28 18:12:00+00:00,13543,14154,block_download_or_coverage,,,2025,E00137,False,,,False
20250728_1948_HARP13543_NOAA14154,2025-07-28 19:48:00+00:00,13543,14154,block_download_or_coverage,,,2025,E00137,False,,,False
20250728_2300_HARP13543_NOAA14154,2025-07-28 23:00:00+00:00,13543,14154,block_download_or_coverage,,,2025,E00137,False,,,False
20250729_0036_HARP13543_NOAA14154,2025-07-29 00:36:00+00:00,13543,14154,block_download_or_coverage,,,2025,E00137,False,,,False
20250729_0212_HARP13543_NOAA14154,2025-07-29 02:12:00+00:00,13543,14154,block_download_or_coverage,,,2025,E00137,False,,,False
20250729_1024_HARP13543_NOAA14154,2025-07-29 10:24:00+00:00,13543,14154,block_download_or_coverage,,,2025,E00138,False,,,False
20250729_1200_HARP13543_NOAA14154,2025-07-29 12:00:00+00:00,13543,14154,block_download_or_coverage,,,2025,E00138,False,,,False
20250729_1336_HARP13543_NOAA14154,2025-07-29 13:36:00+00:00,13543,14154,block_download_or_coverage,,,2025,E00138,False,,,False
20250729_1512_HARP13543_NOAA14154,2025-07-29 15:12:00+00:00,13543,14154,block_download_or_coverage,,,2025,E00138,False,,,False
20250729_1648_HARP13543_NOAA14154,2025-07-29 16:48:00+00:00,13543,14154,block_download_or_coverage,,,2025,E00138,False,,,False
20250729_1824_HARP13543_NOAA14154,2025-07-29 18:24:00+00:00,13543,14154,block_download_or_coverage,,,2025,E00138,False,,,False
20250729_2024_HARP13543_NOAA14154,2025-07-29 20:24:00+00:00,13543,14154,block_download_or_coverage,,,2025,E00138,False,,,False
20250729_2200_HARP13543_NOAA14154,2025-07-29 22:00:00+00:00,13543,14154,block_download_or_coverage,,,2025,E00138,False,,,False
20250729_2336_HARP13543_NOAA14154,2025-07-29 23:36:00+00:00,13543,14154,block_download_or_coverage,,,2025,E00138,False,,,False
20250730_0112_HARP13543_NOAA14154,2025-07-30 01:12:00+00:00,13543,14154,block_download_or_coverage,,,2025,E00138,False,,,False
20250730_0248_HARP13543_NOAA14154,2025-07-30 02:48:00+00:00,13543,14154,block_download_or_coverage,,,2025,E00138,False,,,False
20250730_0424_HARP13543_NOAA14154,2025-07-30 04:24:00+00:00,13543,14154,block_download_or_coverage,,,2025,E00138,False,,,False
20250730_1700_HARP13543_NOAA14154,2025-07-30 17:00:00+00:00,13543,14154,block_download_or_coverage,,,2025,E00139,False,,,False
20250730_1836_HARP13543_NOAA14154,2025-07-30 18:36:00+00:00,13543,14154,block_download_or_coverage,,,2025,E00139,False,,,False
20250730_2012_HARP13543_NOAA14154,2025-07-30 20:12:00+00:00,13543,14154,block_download_or_coverage,,,2025,E00139,False,,,False
20250730_2148_HARP13543_NOAA14154,2025-07-30 21:48:00+00:00,13543,14154,block_download_or_coverage,,,2025,E00139,False,57100.0,False,True
20250730_2324_HARP13543_NOAA14154,2025-07-30 23:24:00+00:00,13543,14154,block_download_or_coverage,,,2025,E00139,False,57102.0,False,True
20250731_0236_HARP13543_NOAA14154,2025-07-31 02:36:00+00:00,13543,14154,block_download_or_coverage,,,2025,E00139,False,,,False
20250731_0412_HARP13543_NOAA14154,2025-07-31 04:12:00+00:00,13543,14154,block_download_or_coverage,,,2025,E00139,False,,,False
20250731_0548_HARP13543_NOAA14154,2025-07-31 05:48:00+00:00,13543,14154,block_download_or_coverage,,,2025,E00139,False,,,False
20250727_1936_HARP13548_NOAA14155,2025-07-27 19:36:00+00:00,13548,14155,block_download_or_coverage,,,2025,E00140,False,,,False
20250727_2112_HARP13548_NOAA14155,2025-07-27 21:12:00+00:00,13548,14155,block_download_or_coverage,,,2025,E00140,False,,,False
20250727_2248_HARP13548_NOAA14155,2025-07-27 22:48:00+00:00,13548,14155,block_download_or_coverage,,,2025,E00140,False,,,False
20250728_0024_HARP13548_NOAA14155,2025-07-28 00:24:00+00:00,13548,14155,block_download_or_coverage,,,2025,E00140,False,,,False
20250728_0200_HARP13548_NOAA14155,2025-07-28 02:00:00+00:00,13548,14155,block_download_or_coverage,,,2025,E00140,False,,,False
20250728_0336_HARP13548_NOAA14155,2025-07-28 03:36:00+00:00,13548,14155,block_download_or_coverage,,,2025,E00140,False,,,False
20250728_0512_HARP13548_NOAA14155,2025-07-28 05:12:00+00:00,13548,14155,block_download_or_coverage,,,2025,E00140,False,,,False
20250728_0924_HARP13548_NOAA14155,2025-07-28 09:24:00+00:00,13548,14155,block_download_or_coverage,,,2025,E00141,False,,,False
20250728_1100_HARP13548_NOAA14155,2025-07-28 11:00:00+00:00,13548,14155,block_download_or_coverage,,,2025,E00141,False,,,False
20250728_1236_HARP13548_NOAA14155,2025-07-28 12:36:00+00:00,13548,14155,block_download_or_coverage,,,2025,E00141,False,,,False
20250728_1548_HARP13548_NOAA14155,2025-07-28 15:48:00+00:00,13548,14155,block_download_or_coverage,,,2025,E00141,False,,,False
20250728_1724_HARP13548_NOAA14155,2025-07-28 17:24:00+00:00,13548,14155,block_download_or_coverage,,,2025,E00141,False,,,False
20250728_1900_HARP13548_NOAA14155,2025-07-28 19:00:00+00:00,13548,14155,block_download_or_coverage,,,2025,E00141,False,,,False
20250728_2036_HARP13548_NOAA14155,2025-07-28 20:36:00+00:00,13548,14155,block_download_or_coverage,,,2025,E00141,False,57082.0,False,True
20250728_2212_HARP13548_NOAA14155,2025-07-28 22:12:00+00:00,13548,14155,block_download_or_coverage,,,2025,E00141,False,57084.0,False,True
20250728_2348_HARP13548_NOAA14155,2025-07-28 23:48:00+00:00,13548,14155,block_download_or_coverage,,,2025,E00141,False,57086.0,False,True
20250729_0124_HARP13548_NOAA14155,2025-07-29 01:24:00+00:00,13548,14155,block_download_or_coverage,,,2025,E00141,False,57089.0,False,True
20250729_0300_HARP13548_NOAA14155,2025-07-29 03:00:00+00:00,13548,14155,block_download_or_coverage,,,2025,E00141,False,57092.0,False,True
20250729_0536_HARP13548_NOAA14155,2025-07-29 05:36:00+00:00,13548,14155,block_download_or_coverage,,,2025,E00141,False,,,False
20250729_1112_HARP13548_NOAA14155,2025-07-29 11:12:00+00:00,13548,14155,block_download_or_coverage,,,2025,E00142,False,,,False
20250729_1248_HARP13548_NOAA14155,2025-07-29 12:48:00+00:00,13548,14155,block_download_or_coverage,,,2025,E00142,False,,,False
20250729_1424_HARP13548_NOAA14155,2025-07-29 14:24:00+00:00,13548,14155,block_download_or_coverage,,,2025,E00142,False,,,False
20250729_1600_HARP13548_NOAA14155,2025-07-29 16:00:00+00:00,13548,14155,block_download_or_coverage,,,2025,E00142,False,,,False
20250729_1736_HARP13548_NOAA14155,2025-07-29 17:36:00+00:00,13548,14155,block_download_or_coverage,,,2025,E00142,False,,,False
20250729_2112_HARP13548_NOAA14155,2025-07-29 21:12:00+00:00,13548,14155,block_download_or_coverage,,,2025,E00143,False,,,False
20250729_2248_HARP13548_NOAA14155,2025-07-29 22:48:00+00:00,13548,14155,block_download_or_coverage,,,2025,E00143,False,,,False
20250730_0024_HARP13548_NOAA14155,2025-07-30 00:24:00+00:00,13548,14155,block_download_or_coverage,,,2025,E00143,False,,,False
20250730_0200_HARP13548_NOAA14155,2025-07-30 02:00:00+00:00,13548,14155,block_download_or_coverage,,,2025,E00143,False,,,False
20250730_0336_HARP13548_NOAA14155,2025-07-30 03:36:00+00:00,13548,14155,block_download_or_coverage,,,2025,E00143,False,,,False
20250730_0512_HARP13548_NOAA14155,2025-07-30 05:12:00+00:00,13548,14155,block_download_or_coverage,,,2025,E00143,False,,,False
20250730_0912_HARP13548_NOAA14155,2025-07-30 09:12:00+00:00,13548,14155,block_download_or_coverage,,,2025,E00144,False,,,False
20250730_1048_HARP13548_NOAA14155,2025-07-30 10:48:00+00:00,13548,14155,block_download_or_coverage,,,2025,E00144,False,,,False
20250730_1224_HARP13548_NOAA14155,2025-07-30 12:24:00+00:00,13548,14155,block_download_or_coverage,,,2025,E00144,False,,,False
20250730_1400_HARP13548_NOAA14155,2025-07-30 14:00:00+00:00,13548,14155,block_download_or_coverage,,,2025,E00144,False,,,False
20250730_1612_HARP13548_NOAA14155,2025-07-30 16:12:00+00:00,13548,14155,block_download_or_coverage,,,2025,E00144,False,,,False
20250730_1748_HARP13548_NOAA14155,2025-07-30 17:48:00+00:00,13548,14155,block_download_or_coverage,,,2025,E00144,False,,,False
20250730_1924_HARP13548_NOAA14155,2025-07-30 19:24:00+00:00,13548,14155,block_download_or_coverage,,,2025,E00144,False,,,False
20250730_2100_HARP13548_NOAA14155,2025-07-30 21:00:00+00:00,13548,14155,block_download_or_coverage,,,2025,E00144,False,,,False
20250730_2236_HARP13548_NOAA14155,2025-07-30 22:36:00+00:00,13548,14155,block_download_or_coverage,,,2025,E00144,False,,,False
20250731_0012_HARP13548_NOAA14155,2025-07-31 00:12:00+00:00,13548,14155,block_download_or_coverage,,,2025,E00144,False,,,False
20250731_0148_HARP13548_NOAA14155,2025-07-31 01:48:00+00:00,13548,14155,block_download_or_coverage,,,2025,E00144,False,,,False
20250731_0324_HARP13548_NOAA14155,2025-07-31 03:24:00+00:00,13548,14155,block_download_or_coverage,,,2025,E00144,False,,,False
20250731_0500_HARP13548_NOAA14155,2025-07-31 05:00:00+00:00,13548,14155,block_download_or_coverage,,,2025,E00144,False,,,False
20250731_1036_HARP13548_NOAA14155,2025-07-31 10:36:00+00:00,13548,14155,block_download_or_coverage,,,2025,E00145,False,,,False
20250731_1212_HARP13548_NOAA14155,2025-07-31 12:12:00+00:00,13548,14155,block_download_or_coverage,,,2025,E00145,False,,,False
20250731_1348_HARP13548_NOAA14155,2025-07-31 13:48:00+00:00,13548,14155,block_download_or_coverage,,,2025,E00145,False,,,False
20250731_1524_HARP13548_NOAA14155,2025-07-31 15:24:00+00:00,13548,14155,block_download_or_coverage,,,2025,E00145,False,57108.0,False,True
20250731_1700_HARP13548_NOAA14155,2025-07-31 17:00:00+00:00,13548,14155,block_download_or_coverage,,,2025,E00145,False,57111.0,False,True
20250731_1836_HARP13548_NOAA14155,2025-07-31 18:36:00+00:00,13548,14155,block_download_or_coverage,,,2025,E00145,False,57114.0,False,True
20250731_2012_HARP13548_NOAA14155,2025-07-31 20:12:00+00:00,13548,14155,block_download_or_coverage,,,2025,E00145,False,57117.0,False,True
20250731_2148_HARP13548_NOAA14155,2025-07-31 21:48:00+00:00,13548,14155,block_download_or_coverage,,,2025,E00145,False,57120.0,False,True
20250731_2324_HARP13548_NOAA14155,2025-07-31 23:24:00+00:00,13548,14155,block_download_or_coverage,,,2025,E00145,False,57123.0,False,True
20250727_1936_HARP13552_NOAA14156,2025-07-27 19:36:00+00:00,13552,14156,block_download_or_coverage,,,2025,E00146,False,,,False
20250727_2112_HARP13552_NOAA14156,2025-07-27 21:12:00+00:00,13552,14156,block_download_or_coverage,,,2025,E00146,False,,,False
20250727_2248_HARP13552_NOAA14156,2025-07-27 22:48:00+00:00,13552,14156,block_download_or_coverage,,,2025,E00146,False,,,False
20250728_0024_HARP13552_NOAA14156,2025-07-28 00:24:00+00:00,13552,14156,block_download_or_coverage,,,2025,E00146,False,57065.0,False,True
20250728_0200_HARP13552_NOAA14156,2025-07-28 02:00:00+00:00,13552,14156,block_download_or_coverage,,,2025,E00146,False,57069.0,False,True
20250728_0336_HARP13552_NOAA14156,2025-07-28 03:36:00+00:00,13552,14156,block_download_or_coverage,,,2025,E00146,False,57074.0,False,True
20250728_0512_HARP13552_NOAA14156,2025-07-28 05:12:00+00:00,13552,14156,block_download_or_coverage,,,2025,E00146,False,57079.0,False,True
20250729_1112_HARP13552_NOAA14156,2025-07-29 11:12:00+00:00,13552,14156,block_download_or_coverage,,,2025,E00147,False,,,False
20250729_1248_HARP13552_NOAA14156,2025-07-29 12:48:00+00:00,13552,14156,block_download_or_coverage,,,2025,E00147,False,,,False
20250729_1424_HARP13552_NOAA14156,2025-07-29 14:24:00+00:00,13552,14156,block_download_or_coverage,,,2025,E00147,False,,,False
20250729_1600_HARP13552_NOAA14156,2025-07-29 16:00:00+00:00,13552,14156,block_download_or_coverage,,,2025,E00147,False,57094.0,False,True
20250729_1736_HARP13552_NOAA14156,2025-07-29 17:36:00+00:00,13552,14156,block_download_or_coverage,,,2025,E00147,False,57096.0,False,True
20250729_2112_HARP13552_NOAA14156,2025-07-29 21:12:00+00:00,13552,14156,block_download_or_coverage,,,2025,E00148,False,,,False
20250729_2248_HARP13552_NOAA14156,2025-07-29 22:48:00+00:00,13552,14156,block_download_or_coverage,,,2025,E00148,False,,,False
20250730_0024_HARP13552_NOAA14156,2025-07-30 00:24:00+00:00,13552,14156,block_download_or_coverage,,,2025,E00148,False,,,False
20250730_0200_HARP13552_NOAA14156,2025-07-30 02:00:00+00:00,13552,14156,block_download_or_coverage,,,2025,E00148,False,57097.0,False,True
20250730_0336_HARP13552_NOAA14156,2025-07-30 03:36:00+00:00,13552,14156,block_download_or_coverage,,,2025,E00148,False,57098.0,False,True
20250730_0512_HARP13552_NOAA14156,2025-07-30 05:12:00+00:00,13552,14156,block_download_or_coverage,,,2025,E00148,False,57099.0,False,True
20250730_0912_HARP13552_NOAA14156,2025-07-30 09:12:00+00:00,13552,14156,block_download_or_coverage,,,2025,E00149,False,,,False
20250730_1048_HARP13552_NOAA14156,2025-07-30 10:48:00+00:00,13552,14156,block_download_or_coverage,,,2025,E00149,False,,,False
20250730_1224_HARP13552_NOAA14156,2025-07-30 12:24:00+00:00,13552,14156,block_download_or_coverage,,,2025,E00149,False,,,False
20250730_1400_HARP13552_NOAA14156,2025-07-30 14:00:00+00:00,13552,14156,block_download_or_coverage,,,2025,E00149,False,,,False
20250730_1612_HARP13552_NOAA14156,2025-07-30 16:12:00+00:00,13552,14156,block_download_or_coverage,,,2025,E00149,False,,,False
20250730_1748_HARP13552_NOAA14156,2025-07-30 17:48:00+00:00,13552,14156,block_download_or_coverage,,,2025,E00149,False,,,False
20250730_1924_HARP13552_NOAA14156,2025-07-30 19:24:00+00:00,13552,14156,block_download_or_coverage,,,2025,E00149,False,,,False
20250730_2100_HARP13552_NOAA14156,2025-07-30 21:00:00+00:00,13552,14156,block_download_or_coverage,,,2025,E00149,False,,,False
20250730_2236_HARP13552_NOAA14156,2025-07-30 22:36:00+00:00,13552,14156,block_download_or_coverage,,,2025,E00149,False,,,False
20250731_0012_HARP13552_NOAA14156,2025-07-31 00:12:00+00:00,13552,14156,block_download_or_coverage,,,2025,E00149,False,,,False
20250731_0148_HARP13552_NOAA14156,2025-07-31 01:48:00+00:00,13552,14156,block_download_or_coverage,,,2025,E00149,False,,,False
20250731_0324_HARP13552_NOAA14156,2025-07-31 03:24:00+00:00,13552,14156,block_download_or_coverage,,,2025,E00149,False,,,False
20250731_0500_HARP13552_NOAA14156,2025-07-31 05:00:00+00:00,13552,14156,block_download_or_coverage,,,2025,E00149,False,,,False
20250726_1000_HARP13561_NOAA14159,2025-07-26 10:00:00+00:00,13561,14159,block_download_or_coverage,,,2025,E00150,False,,,False
20250726_1136_HARP13561_NOAA14159,2025-07-26 11:36:00+00:00,13561,14159,block_download_or_coverage,,,2025,E00150,False,,,False
20250726_1312_HARP13561_NOAA14159,2025-07-26 13:12:00+00:00,13561,14159,block_download_or_coverage,,,2025,E00150,False,,,False
20250726_1448_HARP13561_NOAA14159,2025-07-26 14:48:00+00:00,13561,14159,block_download_or_coverage,,,2025,E00150,False,57017.0,False,True
20250726_1624_HARP13561_NOAA14159,2025-07-26 16:24:00+00:00,13561,14159,block_download_or_coverage,,,2025,E00150,False,57020.0,False,True
20250728_1024_HARP13561_NOAA14159,2025-07-28 10:24:00+00:00,13561,14159,block_download_or_coverage,,,2025,E00151,False,,,False
20250728_1200_HARP13561_NOAA14159,2025-07-28 12:00:00+00:00,13561,14159,block_download_or_coverage,,,2025,E00151,False,,,False
20250731_1636_HARP13567_NOAA14161,2025-07-31 16:36:00+00:00,13567,14161,block_download_or_coverage,,,2025,E00152,False,,,False
20250731_1812_HARP13567_NOAA14161,2025-07-31 18:12:00+00:00,13567,14161,block_download_or_coverage,,,2025,E00152,False,,,False
20250731_1948_HARP13567_NOAA14161,2025-07-31 19:48:00+00:00,13567,14161,block_download_or_coverage,,,2025,E00152,False,,,False
20250731_2124_HARP13567_NOAA14161,2025-07-31 21:24:00+00:00,13567,14161,block_download_or_coverage,,,2025,E00152,False,,,False
20250731_2300_HARP13567_NOAA14161,2025-07-31 23:00:00+00:00,13567,14161,block_download_or_coverage,,,2025,E00152,False,,,False
20250801_0036_HARP13567_NOAA14161,2025-08-01 00:36:00+00:00,13567,14161,block_download_or_coverage,,,2025,E00152,False,,,False
20250801_0212_HARP13567_NOAA14161,2025-08-01 02:12:00+00:00,13567,14161,block_download_or_coverage,,,2025,E00152,False,,,False
20250801_0524_HARP13567_NOAA14161,2025-08-01 05:24:00+00:00,13567,14161,block_download_or_coverage,,,2025,E00152,False,,,False
20250801_0924_HARP13567_NOAA14161,2025-08-01 09:24:00+00:00,13567,14161,block_download_or_coverage,,,2025,E00153,False,,,False
20250801_1100_HARP13567_NOAA14161,2025-08-01 11:00:00+00:00,13567,14161,block_download_or_coverage,,,2025,E00153,False,,,False
20250801_1236_HARP13567_NOAA14161,2025-08-01 12:36:00+00:00,13567,14161,block_download_or_coverage,,,2025,E00153,False,,,False
20250801_1412_HARP13567_NOAA14161,2025-08-01 14:12:00+00:00,13567,14161,block_download_or_coverage,,,2025,E00153,False,57129.0,False,True
20250801_1548_HARP13567_NOAA14161,2025-08-01 15:48:00+00:00,13567,14161,block_download_or_coverage,,,2025,E00153,False,57131.0,False,True
20250801_1724_HARP13567_NOAA14161,2025-08-01 17:24:00+00:00,13567,14161,block_download_or_coverage,,,2025,E00153,False,57133.0,False,True
20250801_1900_HARP13567_NOAA14161,2025-08-01 19:00:00+00:00,13567,14161,block_download_or_coverage,,,2025,E00153,False,57135.0,False,True
20250801_2036_HARP13567_NOAA14161,2025-08-01 20:36:00+00:00,13567,14161,block_download_or_coverage,,,2025,E00153,False,57137.0,False,True
20250801_2212_HARP13567_NOAA14161,2025-08-01 22:12:00+00:00,13567,14161,block_download_or_coverage,,,2025,E00153,False,57139.0,False,True
20250801_2348_HARP13567_NOAA14161,2025-08-01 23:48:00+00:00,13567,14161,block_download_or_coverage,,,2025,E00153,False,57141.0,False,True
20250802_0124_HARP13567_NOAA14161,2025-08-02 01:24:00+00:00,13567,14161,block_download_or_coverage,,,2025,E00153,False,57143.0,False,True
20250802_0300_HARP13567_NOAA14161,2025-08-02 03:00:00+00:00,13567,14161,block_download_or_coverage,,,2025,E00153,False,57145.0,False,True
20250802_0436_HARP13567_NOAA14161,2025-08-02 04:36:00+00:00,13567,14161,block_download_or_coverage,,,2025,E00153,False,57147.0,False,True
20250802_0612_HARP13567_NOAA14161,2025-08-02 06:12:00+00:00,13567,14161,block_download_or_coverage,,,2025,E00153,False,57149.0,False,True
20250802_1000_HARP13567_NOAA14161,2025-08-02 10:00:00+00:00,13567,14161,block_download_or_coverage,,,2025,E00154,False,,,False
20250802_1136_HARP13567_NOAA14161,2025-08-02 11:36:00+00:00,13567,14161,block_download_or_coverage,,,2025,E00154,False,,,False
20250802_1312_HARP13567_NOAA14161,2025-08-02 13:12:00+00:00,13567,14161,block_download_or_coverage,,,2025,E00154,False,,,False
20250802_1448_HARP13567_NOAA14161,2025-08-02 14:48:00+00:00,13567,14161,block_download_or_coverage,,,2025,E00154,False,57150.0,False,True
20250802_1624_HARP13567_NOAA14161,2025-08-02 16:24:00+00:00,13567,14161,block_download_or_coverage,,,2025,E00154,False,57151.0,False,True
20250802_1936_HARP13567_NOAA14161,2025-08-02 19:36:00+00:00,13567,14161,block_download_or_coverage,,,2025,E00154,False,,,False
20250802_2112_HARP13567_NOAA14161,2025-08-02 21:12:00+00:00,13567,14161,block_download_or_coverage,,,2025,E00154,False,,,False
20250802_2248_HARP13567_NOAA14161,2025-08-02 22:48:00+00:00,13567,14161,block_download_or_coverage,,,2025,E00154,False,,,False
20250803_0024_HARP13567_NOAA14161,2025-08-03 00:24:00+00:00,13567,14161,block_download_or_coverage,,,2025,E00154,False,57152.0,False,True
20250803_0200_HARP13567_NOAA14161,2025-08-03 02:00:00+00:00,13567,14161,block_download_or_coverage,,,2025,E00154,False,57153.0,False,True
20250803_0336_HARP13567_NOAA14161,2025-08-03 03:36:00+00:00,13567,14161,block_download_or_coverage,,,2025,E00154,False,57154.0,False,True
20250803_0512_HARP13567_NOAA14161,2025-08-03 05:12:00+00:00,13567,14161,block_download_or_coverage,,,2025,E00154,False,57155.0,False,True
20250803_1036_HARP13567_NOAA14161,2025-08-03 10:36:00+00:00,13567,14161,block_download_or_coverage,,,2025,E00155,False,,,False
20250803_1212_HARP13567_NOAA14161,2025-08-03 12:12:00+00:00,13567,14161,block_download_or_coverage,,,2025,E00155,False,,,False
20250803_1348_HARP13567_NOAA14161,2025-08-03 13:48:00+00:00,13567,14161,block_download_or_coverage,,,2025,E00155,False,,,False
20250803_1524_HARP13567_NOAA14161,2025-08-03 15:24:00+00:00,13567,14161,block_download_or_coverage,,,2025,E00155,False,,,False
20250803_1700_HARP13567_NOAA14161,2025-08-03 17:00:00+00:00,13567,14161,block_download_or_coverage,,,2025,E00155,False,,,False
20250803_1836_HARP13567_NOAA14161,2025-08-03 18:36:00+00:00,13567,14161,block_download_or_coverage,,,2025,E00155,False,,,False
20250803_2012_HARP13567_NOAA14161,2025-08-03 20:12:00+00:00,13567,14161,block_download_or_coverage,,,2025,E00155,False,,,False
20250803_2148_HARP13567_NOAA14161,2025-08-03 21:48:00+00:00,13567,14161,block_download_or_coverage,,,2025,E00155,False,,,False
20250803_2324_HARP13567_NOAA14161,2025-08-03 23:24:00+00:00,13567,14161,block_download_or_coverage,,,2025,E00155,False,,,False
20250804_0100_HARP13567_NOAA14161,2025-08-04 01:00:00+00:00,13567,14161,block_download_or_coverage,,,2025,E00155,False,,,False
20250804_0236_HARP13567_NOAA14161,2025-08-04 02:36:00+00:00,13567,14161,block_download_or_coverage,,,2025,E00155,False,,,False
20250804_0412_HARP13567_NOAA14161,2025-08-04 04:12:00+00:00,13567,14161,block_download_or_coverage,,,2025,E00155,False,,,False
20250804_0548_HARP13567_NOAA14161,2025-08-04 05:48:00+00:00,13567,14161,block_download_or_coverage,,,2025,E00155,False,,,False
20250804_0936_HARP13567_NOAA14161,2025-08-04 09:36:00+00:00,13567,14161,block_download_or_coverage,,,2025,E00156,False,,,False
20250804_1112_HARP13567_NOAA14161,2025-08-04 11:12:00+00:00,13567,14161,block_download_or_coverage,,,2025,E00156,False,,,False
20250804_1248_HARP13567_NOAA14161,2025-08-04 12:48:00+00:00,13567,14161,block_download_or_coverage,,,2025,E00156,False,,,False
20250804_1600_HARP13567_NOAA14161,2025-08-04 16:00:00+00:00,13567,14161,block_download_or_coverage,,,2025,E00156,False,,,False
20250804_1736_HARP13567_NOAA14161,2025-08-04 17:36:00+00:00,13567,14161,block_download_or_coverage,,,2025,E00156,False,,,False
20250804_1912_HARP13567_NOAA14161,2025-08-04 19:12:00+00:00,13567,14161,block_download_or_coverage,,,2025,E00156,False,,,False
20250804_2048_HARP13567_NOAA14161,2025-08-04 20:48:00+00:00,13567,14161,block_download_or_coverage,,,2025,E00156,False,,,False
20250804_2224_HARP13567_NOAA14161,2025-08-04 22:24:00+00:00,13567,14161,block_download_or_coverage,,,2025,E00156,False,,,False
20250805_0000_HARP13567_NOAA14161,2025-08-05 00:00:00+00:00,13567,14161,block_download_or_coverage,,,2025,E00156,False,,,False
20250805_0136_HARP13567_NOAA14161,2025-08-05 01:36:00+00:00,13567,14161,block_download_or_coverage,,,2025,E00156,False,,,False
20250805_0312_HARP13567_NOAA14161,2025-08-05 03:12:00+00:00,13567,14161,block_download_or_coverage,,,2025,E00156,False,,,False
20250805_0448_HARP13567_NOAA14161,2025-08-05 04:48:00+00:00,13567,14161,block_download_or_coverage,,,2025,E00156,False,,,False
20250805_0624_HARP13567_NOAA14161,2025-08-05 06:24:00+00:00,13567,14161,block_download_or_coverage,,,2025,E00156,False,,,False
20250805_1000_HARP13567_NOAA14161,2025-08-05 10:00:00+00:00,13567,14161,block_download_or_coverage,,,2025,E00157,False,,,False
20250727_1212_HARP13568_NOAA14163,2025-07-27 12:12:00+00:00,13568,14163,block_download_or_coverage,,,2025,E00158,False,,,False
20250727_1348_HARP13568_NOAA14163,2025-07-27 13:48:00+00:00,13568,14163,block_download_or_coverage,,,2025,E00158,False,,,False
20250727_1524_HARP13568_NOAA14163,2025-07-27 15:24:00+00:00,13568,14163,block_download_or_coverage,,,2025,E00158,False,,,False
20250727_1700_HARP13568_NOAA14163,2025-07-27 17:00:00+00:00,13568,14163,block_download_or_coverage,,,2025,E00158,False,57050.0,False,True
20250727_1836_HARP13568_NOAA14163,2025-07-27 18:36:00+00:00,13568,14163,block_download_or_coverage,,,2025,E00158,False,57053.0,False,True
20250727_2012_HARP13568_NOAA14163,2025-07-27 20:12:00+00:00,13568,14163,block_download_or_coverage,,,2025,E00158,False,57056.0,False,True
20250727_2148_HARP13568_NOAA14163,2025-07-27 21:48:00+00:00,13568,14163,block_download_or_coverage,,,2025,E00158,False,57059.0,False,True
20250727_2324_HARP13568_NOAA14163,2025-07-27 23:24:00+00:00,13568,14163,block_download_or_coverage,,,2025,E00158,False,57062.0,False,True
20250728_0100_HARP13568_NOAA14163,2025-07-28 01:00:00+00:00,13568,14163,block_download_or_coverage,,,2025,E00158,False,57066.0,False,True
20250728_0236_HARP13568_NOAA14163,2025-07-28 02:36:00+00:00,13568,14163,block_download_or_coverage,,,2025,E00158,False,57070.0,False,True
20250728_0412_HARP13568_NOAA14163,2025-07-28 04:12:00+00:00,13568,14163,block_download_or_coverage,,,2025,E00158,False,57075.0,False,True
20250728_0548_HARP13568_NOAA14163,2025-07-28 05:48:00+00:00,13568,14163,block_download_or_coverage,,,2025,E00158,False,57080.0,False,True
20250728_1000_HARP13568_NOAA14163,2025-07-28 10:00:00+00:00,13568,14163,block_download_or_coverage,,,2025,E00159,False,,,False
20250728_1136_HARP13568_NOAA14163,2025-07-28 11:36:00+00:00,13568,14163,block_download_or_coverage,,,2025,E00159,False,,,False
20250728_1624_HARP13568_NOAA14163,2025-07-28 16:24:00+00:00,13568,14163,block_download_or_coverage,,,2025,E00160,False,,,False
20250729_0612_HARP13568_NOAA14163,2025-07-29 06:12:00+00:00,13568,14163,block_download_or_coverage,,,2025,E00161,False,,,False
20250729_1148_HARP13568_NOAA14163,2025-07-29 11:48:00+00:00,13568,14163,block_download_or_coverage,,,2025,E00162,False,,,False
20250729_1324_HARP13568_NOAA14163,2025-07-29 13:24:00+00:00,13568,14163,block_download_or_coverage,,,2025,E00162,False,,,False
20250729_1500_HARP13568_NOAA14163,2025-07-29 15:00:00+00:00,13568,14163,block_download_or_coverage,,,2025,E00162,False,,,False
20250729_1636_HARP13568_NOAA14163,2025-07-29 16:36:00+00:00,13568,14163,block_download_or_coverage,,,2025,E00162,False,,,False
20250729_1812_HARP13568_NOAA14163,2025-07-29 18:12:00+00:00,13568,14163,block_download_or_coverage,,,2025,E00162,False,,,False
20250729_2012_HARP13568_NOAA14163,2025-07-29 20:12:00+00:00,13568,14163,block_download_or_coverage,,,2025,E00162,False,,,False
20250729_2148_HARP13568_NOAA14163,2025-07-29 21:48:00+00:00,13568,14163,block_download_or_coverage,,,2025,E00162,False,,,False
20250729_2324_HARP13568_NOAA14163,2025-07-29 23:24:00+00:00,13568,14163,block_download_or_coverage,,,2025,E00162,False,,,False
20250730_0100_HARP13568_NOAA14163,2025-07-30 01:00:00+00:00,13568,14163,block_download_or_coverage,,,2025,E00162,False,,,False
20250730_0236_HARP13568_NOAA14163,2025-07-30 02:36:00+00:00,13568,14163,block_download_or_coverage,,,2025,E00162,False,,,False
20250730_1148_HARP13568_NOAA14163,2025-07-30 11:48:00+00:00,13568,14163,block_download_or_coverage,,,2025,E00163,False,,,False
20250803_1036_HARP13574_NOAA14165,2025-08-03 10:36:00+00:00,13574,14165,block_download_or_coverage,,,2025,E00164,False,,,False
20250803_1212_HARP13574_NOAA14165,2025-08-03 12:12:00+00:00,13574,14165,block_download_or_coverage,,,2025,E00164,False,,,False
20250803_1348_HARP13574_NOAA14165,2025-08-03 13:48:00+00:00,13574,14165,block_download_or_coverage,,,2025,E00164,False,,,False
20250803_1524_HARP13574_NOAA14165,2025-08-03 15:24:00+00:00,13574,14165,block_download_or_coverage,,,2025,E00164,False,57156.0,False,True
20250803_1700_HARP13574_NOAA14165,2025-08-03 17:00:00+00:00,13574,14165,block_download_or_coverage,,,2025,E00164,False,57157.0,False,True
20250803_1836_HARP13574_NOAA14165,2025-08-03 18:36:00+00:00,13574,14165,block_download_or_coverage,,,2025,E00164,False,57158.0,False,True
20250803_2012_HARP13574_NOAA14165,2025-08-03 20:12:00+00:00,13574,14165,block_download_or_coverage,,,2025,E00164,False,57159.0,False,True
20250803_2148_HARP13574_NOAA14165,2025-08-03 21:48:00+00:00,13574,14165,block_download_or_coverage,,,2025,E00164,False,57160.0,False,True
20250803_2324_HARP13574_NOAA14165,2025-08-03 23:24:00+00:00,13574,14165,block_download_or_coverage,,,2025,E00164,False,57161.0,False,True
20250804_0100_HARP13574_NOAA14165,2025-08-04 01:00:00+00:00,13574,14165,block_download_or_coverage,,,2025,E00164,False,57162.0,False,True
20250804_0236_HARP13574_NOAA14165,2025-08-04 02:36:00+00:00,13574,14165,block_download_or_coverage,,,2025,E00164,False,57163.0,False,True
20250804_0412_HARP13574_NOAA14165,2025-08-04 04:12:00+00:00,13574,14165,block_download_or_coverage,,,2025,E00164,False,57164.0,False,True
20250804_0548_HARP13574_NOAA14165,2025-08-04 05:48:00+00:00,13574,14165,block_download_or_coverage,,,2025,E00164,False,57165.0,False,True
20250804_1600_HARP13574_NOAA14165,2025-08-04 16:00:00+00:00,13574,14165,block_download_or_coverage,,,2025,E00165,False,,,False
20250804_1736_HARP13574_NOAA14165,2025-08-04 17:36:00+00:00,13574,14165,block_download_or_coverage,,,2025,E00165,False,,,False
20250804_1912_HARP13574_NOAA14165,2025-08-04 19:12:00+00:00,13574,14165,block_download_or_coverage,,,2025,E00165,False,,,False
20250804_2048_HARP13574_NOAA14165,2025-08-04 20:48:00+00:00,13574,14165,block_download_or_coverage,,,2025,E00165,False,57166.0,False,True
20250804_2224_HARP13574_NOAA14165,2025-08-04 22:24:00+00:00,13574,14165,block_download_or_coverage,,,2025,E00165,False,57167.0,False,True
20250805_0000_HARP13574_NOAA14165,2025-08-05 00:00:00+00:00,13574,14165,block_download_or_coverage,,,2025,E00165,False,57168.0,False,True
20250805_0136_HARP13574_NOAA14165,2025-08-05 01:36:00+00:00,13574,14165,block_download_or_coverage,,,2025,E00165,False,57169.0,False,True
20250805_0312_HARP13574_NOAA14165,2025-08-05 03:12:00+00:00,13574,14165,block_download_or_coverage,,,2025,E00165,False,57170.0,False,True
20250805_0448_HARP13574_NOAA14165,2025-08-05 04:48:00+00:00,13574,14165,block_download_or_coverage,,,2025,E00165,False,57171.0,False,True
20250805_0624_HARP13574_NOAA14165,2025-08-05 06:24:00+00:00,13574,14165,block_download_or_coverage,,,2025,E00165,False,57172.0,False,True
20250805_1936_HARP13574_NOAA14165,2025-08-05 19:36:00+00:00,13574,14165,block_download_or_coverage,,,2025,E00166,False,,,False
20250805_2112_HARP13574_NOAA14165,2025-08-05 21:12:00+00:00,13574,14165,block_download_or_coverage,,,2025,E00166,False,,,False
20250805_2248_HARP13574_NOAA14165,2025-08-05 22:48:00+00:00,13574,14165,block_download_or_coverage,,,2025,E00166,False,,,False
20250806_0024_HARP13574_NOAA14165,2025-08-06 00:24:00+00:00,13574,14165,block_download_or_coverage,,,2025,E00166,False,,,False
20250806_0200_HARP13574_NOAA14165,2025-08-06 02:00:00+00:00,13574,14165,block_download_or_coverage,,,2025,E00166,False,,,False
20250806_0336_HARP13574_NOAA14165,2025-08-06 03:36:00+00:00,13574,14165,block_download_or_coverage,,,2025,E00166,False,,,False
20250806_0512_HARP13574_NOAA14165,2025-08-06 05:12:00+00:00,13574,14165,block_download_or_coverage,,,2025,E00166,False,,,False
20250806_0836_HARP13574_NOAA14165,2025-08-06 08:36:00+00:00,13574,14165,block_download_or_coverage,,,2025,E00167,False,,,False
20250806_1012_HARP13574_NOAA14165,2025-08-06 10:12:00+00:00,13574,14165,block_download_or_coverage,,,2025,E00167,False,,,False
20250806_1148_HARP13574_NOAA14165,2025-08-06 11:48:00+00:00,13574,14165,block_download_or_coverage,,,2025,E00167,False,,,False
20250806_1324_HARP13574_NOAA14165,2025-08-06 13:24:00+00:00,13574,14165,block_download_or_coverage,,,2025,E00167,False,57175.0,False,True
20250806_1500_HARP13574_NOAA14165,2025-08-06 15:00:00+00:00,13574,14165,block_download_or_coverage,,,2025,E00167,False,57176.0,False,True
20250806_1636_HARP13574_NOAA14165,2025-08-06 16:36:00+00:00,13574,14165,block_download_or_coverage,,,2025,E00167,False,57177.0,False,True
20250806_1812_HARP13574_NOAA14165,2025-08-06 18:12:00+00:00,13574,14165,block_download_or_coverage,,,2025,E00167,False,57179.0,False,True
20250806_2000_HARP13574_NOAA14165,2025-08-06 20:00:00+00:00,13574,14165,block_download_or_coverage,,,2025,E00167,False,,,False
20250806_2136_HARP13574_NOAA14165,2025-08-06 21:36:00+00:00,13574,14165,block_download_or_coverage,,,2025,E00167,False,,,False
20250806_2312_HARP13574_NOAA14165,2025-08-06 23:12:00+00:00,13574,14165,block_download_or_coverage,,,2025,E00167,False,,,False
20250807_0048_HARP13574_NOAA14165,2025-08-07 00:48:00+00:00,13574,14165,block_download_or_coverage,,,2025,E00167,False,57181.0,False,True
20250807_0224_HARP13574_NOAA14165,2025-08-07 02:24:00+00:00,13574,14165,block_download_or_coverage,,,2025,E00167,False,57184.0,False,True
20250807_0400_HARP13574_NOAA14165,2025-08-07 04:00:00+00:00,13574,14165,block_download_or_coverage,,,2025,E00167,False,57187.0,False,True
20250807_0536_HARP13574_NOAA14165,2025-08-07 05:36:00+00:00,13574,14165,block_download_or_coverage,,,2025,E00167,False,57190.0,False,True
20250807_0748_HARP13574_NOAA14165,2025-08-07 07:48:00+00:00,13574,14165,block_download_or_coverage,,,2025,E00167,False,,,False
20250807_0924_HARP13574_NOAA14165,2025-08-07 09:24:00+00:00,13574,14165,block_download_or_coverage,,,2025,E00167,False,,,False
20250807_1100_HARP13574_NOAA14165,2025-08-07 11:00:00+00:00,13574,14165,block_download_or_coverage,,,2025,E00167,False,,,False
20250807_1236_HARP13574_NOAA14165,2025-08-07 12:36:00+00:00,13574,14165,block_download_or_coverage,,,2025,E00167,False,,,False
20250807_1412_HARP13574_NOAA14165,2025-08-07 14:12:00+00:00,13574,14165,block_download_or_coverage,,,2025,E00167,False,,,False
20250730_0236_HARP13576_NOAA14166,2025-07-30 02:36:00+00:00,13576,14166,block_download_or_coverage,,,2025,E00168,False,,,False
20250730_0548_HARP13576_NOAA14166,2025-07-30 05:48:00+00:00,13576,14166,block_download_or_coverage,,,2025,E00168,False,,,False
20250730_1124_HARP13576_NOAA14166,2025-07-30 11:24:00+00:00,13576,14166,block_download_or_coverage,,,2025,E00169,False,,,False
20250730_1300_HARP13576_NOAA14166,2025-07-30 13:00:00+00:00,13576,14166,block_download_or_coverage,,,2025,E00169,False,,,False
20250730_1436_HARP13576_NOAA14166,2025-07-30 14:36:00+00:00,13576,14166,block_download_or_coverage,,,2025,E00169,False,,,False
20250730_1648_HARP13576_NOAA14166,2025-07-30 16:48:00+00:00,13576,14166,block_download_or_coverage,,,2025,E00169,False,,,False
20250730_1824_HARP13576_NOAA14166,2025-07-30 18:24:00+00:00,13576,14166,block_download_or_coverage,,,2025,E00169,False,,,False
20250730_2000_HARP13576_NOAA14166,2025-07-30 20:00:00+00:00,13576,14166,block_download_or_coverage,,,2025,E00169,False,,,False
20250730_2136_HARP13576_NOAA14166,2025-07-30 21:36:00+00:00,13576,14166,block_download_or_coverage,,,2025,E00169,False,,,False
20250730_2312_HARP13576_NOAA14166,2025-07-30 23:12:00+00:00,13576,14166,block_download_or_coverage,,,2025,E00169,False,,,False
20250731_0048_HARP13576_NOAA14166,2025-07-31 00:48:00+00:00,13576,14166,block_download_or_coverage,,,2025,E00169,False,,,False
20250731_0224_HARP13576_NOAA14166,2025-07-31 02:24:00+00:00,13576,14166,block_download_or_coverage,,,2025,E00169,False,,,False
20250731_0400_HARP13576_NOAA14166,2025-07-31 04:00:00+00:00,13576,14166,block_download_or_coverage,,,2025,E00169,False,,,False
20250731_0536_HARP13576_NOAA14166,2025-07-31 05:36:00+00:00,13576,14166,block_download_or_coverage,,,2025,E00169,False,,,False
20250731_0924_HARP13581_NOAA14167,2025-07-31 09:24:00+00:00,13581,14167,block_download_or_coverage,,,2025,E00170,False,,,False
20250731_1100_HARP13581_NOAA14167,2025-07-31 11:00:00+00:00,13581,14167,block_download_or_coverage,,,2025,E00170,False,,,False
20250731_1236_HARP13581_NOAA14167,2025-07-31 12:36:00+00:00,13581,14167,block_download_or_coverage,,,2025,E00170,False,,,False
20250731_1412_HARP13581_NOAA14167,2025-07-31 14:12:00+00:00,13581,14167,block_download_or_coverage,,,2025,E00170,False,57107.0,False,True
20250731_1548_HARP13581_NOAA14167,2025-07-31 15:48:00+00:00,13581,14167,block_download_or_coverage,,,2025,E00170,False,57110.0,False,True
20250731_1724_HARP13581_NOAA14167,2025-07-31 17:24:00+00:00,13581,14167,block_download_or_coverage,,,2025,E00170,False,57113.0,False,True
20250731_1900_HARP13581_NOAA14167,2025-07-31 19:00:00+00:00,13581,14167,block_download_or_coverage,,,2025,E00170,False,57116.0,False,True
20250731_2036_HARP13581_NOAA14167,2025-07-31 20:36:00+00:00,13581,14167,block_download_or_coverage,,,2025,E00170,False,57119.0,False,True
20250731_2212_HARP13581_NOAA14167,2025-07-31 22:12:00+00:00,13581,14167,block_download_or_coverage,,,2025,E00170,False,57122.0,False,True
20250731_2348_HARP13581_NOAA14167,2025-07-31 23:48:00+00:00,13581,14167,block_download_or_coverage,,,2025,E00170,False,57124.0,False,True
20250801_0124_HARP13581_NOAA14167,2025-08-01 01:24:00+00:00,13581,14167,block_download_or_coverage,,,2025,E00170,False,57125.0,False,True
20250801_0300_HARP13581_NOAA14167,2025-08-01 03:00:00+00:00,13581,14167,block_download_or_coverage,,,2025,E00170,False,57126.0,False,True
20250801_0436_HARP13581_NOAA14167,2025-08-01 04:36:00+00:00,13581,14167,block_download_or_coverage,,,2025,E00170,False,57127.0,False,True
20250801_0612_HARP13581_NOAA14167,2025-08-01 06:12:00+00:00,13581,14167,block_download_or_coverage,,,2025,E00170,False,57128.0,False,True
20250802_0912_HARP13581_NOAA14167,2025-08-02 09:12:00+00:00,13581,14167,block_download_or_coverage,,,2025,E00171,False,,,False
20250802_1048_HARP13581_NOAA14167,2025-08-02 10:48:00+00:00,13581,14167,block_download_or_coverage,,,2025,E00171,False,,,False
20250809_1424_HARP13597_NOAA14169,2025-08-09 14:24:00+00:00,13597,14169,block_download_or_coverage,,,2025,E00172,False,,,False
20250809_1600_HARP13597_NOAA14169,2025-08-09 16:00:00+00:00,13597,14169,block_download_or_coverage,,,2025,E00172,False,,,False
20250809_1736_HARP13597_NOAA14169,2025-08-09 17:36:00+00:00,13597,14169,block_download_or_coverage,,,2025,E00172,False,,,False
20250809_1912_HARP13597_NOAA14169,2025-08-09 19:12:00+00:00,13597,14169,block_download_or_coverage,,,2025,E00172,False,,,False
20250809_2048_HARP13597_NOAA14169,2025-08-09 20:48:00+00:00,13597,14169,block_download_or_coverage,,,2025,E00172,False,,,False
20250809_2224_HARP13597_NOAA14169,2025-08-09 22:24:00+00:00,13597,14169,block_download_or_coverage,,,2025,E00172,False,,,False
20250810_0000_HARP13597_NOAA14169,2025-08-10 00:00:00+00:00,13597,14169,block_download_or_coverage,,,2025,E00172,False,,,False
20250810_0136_HARP13597_NOAA14169,2025-08-10 01:36:00+00:00,13597,14169,block_download_or_coverage,,,2025,E00172,False,,,False
20250810_0824_HARP13597_NOAA14169,2025-08-10 08:24:00+00:00,13597,14169,block_download_or_coverage,,,2025,E00173,False,,,False
20250810_1000_HARP13597_NOAA14169,2025-08-10 10:00:00+00:00,13597,14169,block_download_or_coverage,,,2025,E00173,False,,,False
20250810_1136_HARP13597_NOAA14169,2025-08-10 11:36:00+00:00,13597,14169,block_download_or_coverage,,,2025,E00173,False,,,False
20250810_1312_HARP13597_NOAA14169,2025-08-10 13:12:00+00:00,13597,14169,block_download_or_coverage,,,2025,E00173,False,,,False
20250810_1448_HARP13597_NOAA14169,2025-08-10 14:48:00+00:00,13597,14169,block_download_or_coverage,,,2025,E00173,False,,,False
20250810_1624_HARP13597_NOAA14169,2025-08-10 16:24:00+00:00,13597,14169,block_download_or_coverage,,,2025,E00173,False,,,False
20250810_1936_HARP13597_NOAA14169,2025-08-10 19:36:00+00:00,13597,14169,block_download_or_coverage,,,2025,E00173,False,,,False
20250810_2112_HARP13597_NOAA14169,2025-08-10 21:12:00+00:00,13597,14169,block_download_or_coverage,,,2025,E00173,False,,,False
20250810_2248_HARP13597_NOAA14169,2025-08-10 22:48:00+00:00,13597,14169,block_download_or_coverage,,,2025,E00173,False,,,False
20250811_0024_HARP13597_NOAA14169,2025-08-11 00:24:00+00:00,13597,14169,block_download_or_coverage,,,2025,E00173,False,,,False
20250811_0200_HARP13597_NOAA14169,2025-08-11 02:00:00+00:00,13597,14169,block_download_or_coverage,,,2025,E00173,False,,,False
20250811_0336_HARP13597_NOAA14169,2025-08-11 03:36:00+00:00,13597,14169,block_download_or_coverage,,,2025,E00173,False,,,False
20250811_0512_HARP13597_NOAA14169,2025-08-11 05:12:00+00:00,13597,14169,block_download_or_coverage,,,2025,E00173,False,,,False
20250811_0648_HARP13597_NOAA14169,2025-08-11 06:48:00+00:00,13597,14169,block_download_or_coverage,,,2025,E00173,False,,,False
20250811_0824_HARP13597_NOAA14169,2025-08-11 08:24:00+00:00,13597,14169,block_download_or_coverage,,,2025,E00173,False,,,False
20250811_1000_HARP13597_NOAA14169,2025-08-11 10:00:00+00:00,13597,14169,block_download_or_coverage,,,2025,E00173,False,,,False
20250811_1136_HARP13597_NOAA14169,2025-08-11 11:36:00+00:00,13597,14169,block_download_or_coverage,,,2025,E00173,False,,,False
20250811_1312_HARP13597_NOAA14169,2025-08-11 13:12:00+00:00,13597,14169,block_download_or_coverage,,,2025,E00173,False,,,False
20250811_1448_HARP13597_NOAA14169,2025-08-11 14:48:00+00:00,13597,14169,block_download_or_coverage,,,2025,E00173,False,,,False
20250811_1624_HARP13597_NOAA14169,2025-08-11 16:24:00+00:00,13597,14169,block_download_or_coverage,,,2025,E00173,False,,,False
20250811_1936_HARP13597_NOAA14169,2025-08-11 19:36:00+00:00,13597,14169,block_download_or_coverage,,,2025,E00173,False,,,False
20250811_2112_HARP13597_NOAA14169,2025-08-11 21:12:00+00:00,13597,14169,block_download_or_coverage,,,2025,E00173,False,,,False
20250811_2248_HARP13597_NOAA14169,2025-08-11 22:48:00+00:00,13597,14169,block_download_or_coverage,,,2025,E00173,False,,,False
20250812_0024_HARP13597_NOAA14169,2025-08-12 00:24:00+00:00,13597,14169,block_download_or_coverage,,,2025,E00173,False,,,False
20250812_0200_HARP13597_NOAA14169,2025-08-12 02:00:00+00:00,13597,14169,block_download_or_coverage,,,2025,E00173,False,57214.0,False,True
20250812_0336_HARP13597_NOAA14169,2025-08-12 03:36:00+00:00,13597,14169,block_download_or_coverage,,,2025,E00173,False,57217.0,False,True
20250812_0512_HARP13597_NOAA14169,2025-08-12 05:12:00+00:00,13597,14169,block_download_or_coverage,,,2025,E00173,False,57220.0,False,True
20250812_0648_HARP13597_NOAA14169,2025-08-12 06:48:00+00:00,13597,14169,block_download_or_coverage,,,2025,E00173,False,57223.0,False,True
20250812_0824_HARP13597_NOAA14169,2025-08-12 08:24:00+00:00,13597,14169,block_download_or_coverage,,,2025,E00173,False,57227.0,False,True
20250812_1000_HARP13597_NOAA14169,2025-08-12 10:00:00+00:00,13597,14169,block_download_or_coverage,,,2025,E00173,False,57230.0,False,True
20250812_1136_HARP13597_NOAA14169,2025-08-12 11:36:00+00:00,13597,14169,block_download_or_coverage,,,2025,E00173,False,57232.0,False,True
20250812_1312_HARP13597_NOAA14169,2025-08-12 13:12:00+00:00,13597,14169,block_download_or_coverage,,,2025,E00173,False,57234.0,False,True
20250812_1448_HARP13597_NOAA14169,2025-08-12 14:48:00+00:00,13597,14169,block_download_or_coverage,,,2025,E00173,False,57236.0,False,True
20250812_1624_HARP13597_NOAA14169,2025-08-12 16:24:00+00:00,13597,14169,block_download_or_coverage,,,2025,E00173,False,57238.0,False,True
20250812_1936_HARP13597_NOAA14169,2025-08-12 19:36:00+00:00,13597,14169,block_download_or_coverage,,,2025,E00173,False,,,False
20250812_2112_HARP13597_NOAA14169,2025-08-12 21:12:00+00:00,13597,14169,block_download_or_coverage,,,2025,E00173,False,,,False
20250812_2248_HARP13597_NOAA14169,2025-08-12 22:48:00+00:00,13597,14169,block_download_or_coverage,,,2025,E00173,False,,,False
20250813_0024_HARP13597_NOAA14169,2025-08-13 00:24:00+00:00,13597,14169,block_download_or_coverage,,,2025,E00173,False,57240.0,False,True
20250813_0200_HARP13597_NOAA14169,2025-08-13 02:00:00+00:00,13597,14169,block_download_or_coverage,,,2025,E00173,False,57242.0,False,True
20250813_0336_HARP13597_NOAA14169,2025-08-13 03:36:00+00:00,13597,14169,block_download_or_coverage,,,2025,E00173,False,57244.0,False,True
20250813_0512_HARP13597_NOAA14169,2025-08-13 05:12:00+00:00,13597,14169,block_download_or_coverage,,,2025,E00173,False,57246.0,False,True
20250813_0648_HARP13597_NOAA14169,2025-08-13 06:48:00+00:00,13597,14169,block_download_or_coverage,,,2025,E00173,False,57248.0,False,True
20250813_0824_HARP13597_NOAA14169,2025-08-13 08:24:00+00:00,13597,14169,block_download_or_coverage,,,2025,E00173,False,57250.0,False,True
20250813_1000_HARP13597_NOAA14169,2025-08-13 10:00:00+00:00,13597,14169,block_download_or_coverage,,,2025,E00173,False,57252.0,False,True
20250813_1136_HARP13597_NOAA14169,2025-08-13 11:36:00+00:00,13597,14169,block_download_or_coverage,,,2025,E00173,False,,,False
20250813_1312_HARP13597_NOAA14169,2025-08-13 13:12:00+00:00,13597,14169,block_download_or_coverage,,,2025,E00173,False,,,False
20250813_1448_HARP13597_NOAA14169,2025-08-13 14:48:00+00:00,13597,14169,block_download_or_coverage,,,2025,E00173,False,,,False
20250813_1624_HARP13597_NOAA14169,2025-08-13 16:24:00+00:00,13597,14169,block_download_or_coverage,,,2025,E00173,False,57257.0,False,True
20250813_2000_HARP13597_NOAA14169,2025-08-13 20:00:00+00:00,13597,14169,block_download_or_coverage,,,2025,E00174,False,,,False
20250813_2136_HARP13597_NOAA14169,2025-08-13 21:36:00+00:00,13597,14169,block_download_or_coverage,,,2025,E00174,False,,,False
20250813_2312_HARP13597_NOAA14169,2025-08-13 23:12:00+00:00,13597,14169,block_download_or_coverage,,,2025,E00174,False,,,False
20250814_0048_HARP13597_NOAA14169,2025-08-14 00:48:00+00:00,13597,14169,block_download_or_coverage,,,2025,E00174,False,57259.0,False,True
20250814_0224_HARP13597_NOAA14169,2025-08-14 02:24:00+00:00,13597,14169,block_download_or_coverage,,,2025,E00174,False,57262.0,False,True
20250814_0400_HARP13597_NOAA14169,2025-08-14 04:00:00+00:00,13597,14169,block_download_or_coverage,,,2025,E00174,False,57265.0,False,True
20250814_0536_HARP13597_NOAA14169,2025-08-14 05:36:00+00:00,13597,14169,block_download_or_coverage,,,2025,E00174,False,57268.0,False,True
20250814_0712_HARP13597_NOAA14169,2025-08-14 07:12:00+00:00,13597,14169,block_download_or_coverage,,,2025,E00174,False,57271.0,False,True
20250814_0848_HARP13597_NOAA14169,2025-08-14 08:48:00+00:00,13597,14169,block_download_or_coverage,,,2025,E00174,False,57274.0,False,True
20250807_2200_HARP13599_NOAA14178,2025-08-07 22:00:00+00:00,13599,14178,block_download_or_coverage,,,2025,E00175,False,,,False
20250807_2336_HARP13599_NOAA14178,2025-08-07 23:36:00+00:00,13599,14178,block_download_or_coverage,,,2025,E00175,False,,,False
20250808_0112_HARP13599_NOAA14178,2025-08-08 01:12:00+00:00,13599,14178,block_download_or_coverage,,,2025,E00175,False,,,False
20250808_0248_HARP13599_NOAA14178,2025-08-08 02:48:00+00:00,13599,14178,block_download_or_coverage,,,2025,E00175,False,57198.0,False,True
20250808_0424_HARP13599_NOAA14178,2025-08-08 04:24:00+00:00,13599,14178,block_download_or_coverage,,,2025,E00175,False,57200.0,False,True
20250808_0736_HARP13599_NOAA14178,2025-08-08 07:36:00+00:00,13599,14178,block_download_or_coverage,,,2025,E00175,False,,,False
20250808_0912_HARP13599_NOAA14178,2025-08-08 09:12:00+00:00,13599,14178,block_download_or_coverage,,,2025,E00175,False,,,False
20250808_1048_HARP13599_NOAA14178,2025-08-08 10:48:00+00:00,13599,14178,block_download_or_coverage,,,2025,E00175,False,,,False
20250808_1224_HARP13599_NOAA14178,2025-08-08 12:24:00+00:00,13599,14178,block_download_or_coverage,,,2025,E00175,False,,,False
20250808_1400_HARP13599_NOAA14178,2025-08-08 14:00:00+00:00,13599,14178,block_download_or_coverage,,,2025,E00175,False,,,False
20250808_1712_HARP13599_NOAA14178,2025-08-08 17:12:00+00:00,13599,14178,block_download_or_coverage,,,2025,E00175,False,,,False
20250808_1848_HARP13599_NOAA14178,2025-08-08 18:48:00+00:00,13599,14178,block_download_or_coverage,,,2025,E00175,False,,,False
20250808_2024_HARP13599_NOAA14178,2025-08-08 20:24:00+00:00,13599,14178,block_download_or_coverage,,,2025,E00175,False,,,False
20250808_2200_HARP13599_NOAA14178,2025-08-08 22:00:00+00:00,13599,14178,block_download_or_coverage,,,2025,E00175,False,57213.0,False,True
20250808_2336_HARP13599_NOAA14178,2025-08-08 23:36:00+00:00,13599,14178,block_download_or_coverage,,,2025,E00175,False,,,False
20250809_0112_HARP13599_NOAA14178,2025-08-09 01:12:00+00:00,13599,14178,block_download_or_coverage,,,2025,E00175,False,,,False
20250809_0248_HARP13599_NOAA14178,2025-08-09 02:48:00+00:00,13599,14178,block_download_or_coverage,,,2025,E00175,False,,,False
20250809_0424_HARP13599_NOAA14178,2025-08-09 04:24:00+00:00,13599,14178,block_download_or_coverage,,,2025,E00175,False,,,False
20250809_0736_HARP13599_NOAA14178,2025-08-09 07:36:00+00:00,13599,14178,block_download_or_coverage,,,2025,E00175,False,,,False
20250809_0912_HARP13599_NOAA14178,2025-08-09 09:12:00+00:00,13599,14178,block_download_or_coverage,,,2025,E00175,False,,,False
20250809_1048_HARP13599_NOAA14178,2025-08-09 10:48:00+00:00,13599,14178,block_download_or_coverage,,,2025,E00175,False,,,False
20250809_1224_HARP13599_NOAA14178,2025-08-09 12:24:00+00:00,13599,14178,block_download_or_coverage,,,2025,E00175,False,,,False
20250809_1400_HARP13599_NOAA14178,2025-08-09 14:00:00+00:00,13599,14178,block_download_or_coverage,,,2025,E00175,False,,,False
20250809_1536_HARP13599_NOAA14178,2025-08-09 15:36:00+00:00,13599,14178,block_download_or_coverage,,,2025,E00175,False,,,False
20250809_1712_HARP13599_NOAA14178,2025-08-09 17:12:00+00:00,13599,14178,block_download_or_coverage,,,2025,E00175,False,,,False
20250809_1848_HARP13599_NOAA14178,2025-08-09 18:48:00+00:00,13599,14178,block_download_or_coverage,,,2025,E00175,False,,,False
20250809_2024_HARP13599_NOAA14178,2025-08-09 20:24:00+00:00,13599,14178,block_download_or_coverage,,,2025,E00175,False,,,False
20250809_2200_HARP13599_NOAA14178,2025-08-09 22:00:00+00:00,13599,14178,block_download_or_coverage,,,2025,E00175,False,,,False
20250809_2336_HARP13599_NOAA14178,2025-08-09 23:36:00+00:00,13599,14178,block_download_or_coverage,,,2025,E00175,False,,,False
20250810_0112_HARP13599_NOAA14178,2025-08-10 01:12:00+00:00,13599,14178,block_download_or_coverage,,,2025,E00175,False,,,False
20250810_0248_HARP13599_NOAA14178,2025-08-10 02:48:00+00:00,13599,14178,block_download_or_coverage,,,2025,E00175,False,,,False
20250808_1612_HARP13606_NOAA14169,2025-08-08 16:12:00+00:00,13606,14169,block_download_or_coverage,,,2025,E00176,False,,,False
20250808_1748_HARP13606_NOAA14169,2025-08-08 17:48:00+00:00,13606,14169,block_download_or_coverage,,,2025,E00176,False,,,False
20250808_1924_HARP13606_NOAA14169,2025-08-08 19:24:00+00:00,13606,14169,block_download_or_coverage,,,2025,E00176,False,,,False
20250808_2100_HARP13606_NOAA14169,2025-08-08 21:00:00+00:00,13606,14169,block_download_or_coverage,,,2025,E00176,False,57212.0,False,True
20250808_2236_HARP13606_NOAA14169,2025-08-08 22:36:00+00:00,13606,14169,block_download_or_coverage,,,2025,E00176,False,,,False
20250809_0012_HARP13606_NOAA14169,2025-08-09 00:12:00+00:00,13606,14169,block_download_or_coverage,,,2025,E00176,False,,,False
20250809_0148_HARP13606_NOAA14169,2025-08-09 01:48:00+00:00,13606,14169,block_download_or_coverage,,,2025,E00176,False,,,False
20250809_0324_HARP13606_NOAA14169,2025-08-09 03:24:00+00:00,13606,14169,block_download_or_coverage,,,2025,E00176,False,,,False
20250809_0500_HARP13606_NOAA14169,2025-08-09 05:00:00+00:00,13606,14169,block_download_or_coverage,,,2025,E00176,False,,,False
20250809_0636_HARP13606_NOAA14169,2025-08-09 06:36:00+00:00,13606,14169,block_download_or_coverage,,,2025,E00176,False,,,False
20250809_0812_HARP13606_NOAA14169,2025-08-09 08:12:00+00:00,13606,14169,block_download_or_coverage,,,2025,E00176,False,,,False
20250809_0948_HARP13606_NOAA14169,2025-08-09 09:48:00+00:00,13606,14169,block_download_or_coverage,,,2025,E00176,False,,,False
20250809_1124_HARP13606_NOAA14169,2025-08-09 11:24:00+00:00,13606,14169,block_download_or_coverage,,,2025,E00176,False,,,False
20250809_1300_HARP13606_NOAA14169,2025-08-09 13:00:00+00:00,13606,14169,block_download_or_coverage,,,2025,E00176,False,,,False
20250809_1436_HARP13606_NOAA14169,2025-08-09 14:36:00+00:00,13606,14169,block_download_or_coverage,,,2025,E00176,False,,,False
20250809_1612_HARP13606_NOAA14169,2025-08-09 16:12:00+00:00,13606,14169,block_download_or_coverage,,,2025,E00176,False,,,False
20250809_1748_HARP13606_NOAA14169,2025-08-09 17:48:00+00:00,13606,14169,block_download_or_coverage,,,2025,E00176,False,,,False
20250809_1924_HARP13606_NOAA14169,2025-08-09 19:24:00+00:00,13606,14169,block_download_or_coverage,,,2025,E00176,False,,,False
20250809_2100_HARP13606_NOAA14169,2025-08-09 21:00:00+00:00,13606,14169,block_download_or_coverage,,,2025,E00176,False,,,False
20250809_2236_HARP13606_NOAA14169,2025-08-09 22:36:00+00:00,13606,14169,block_download_or_coverage,,,2025,E00176,False,,,False
20250810_0012_HARP13606_NOAA14169,2025-08-10 00:12:00+00:00,13606,14169,block_download_or_coverage,,,2025,E00176,False,,,False
20250810_0148_HARP13606_NOAA14169,2025-08-10 01:48:00+00:00,13606,14169,block_download_or_coverage,,,2025,E00176,False,,,False
20250810_0836_HARP13606_NOAA14169,2025-08-10 08:36:00+00:00,13606,14169,block_download_or_coverage,,,2025,E00177,False,,,False
20250810_1012_HARP13606_NOAA14169,2025-08-10 10:12:00+00:00,13606,14169,block_download_or_coverage,,,2025,E00177,False,,,False
20250810_1148_HARP13606_NOAA14169,2025-08-10 11:48:00+00:00,13606,14169,block_download_or_coverage,,,2025,E00177,False,,,False
20250810_1324_HARP13606_NOAA14169,2025-08-10 13:24:00+00:00,13606,14169,block_download_or_coverage,,,2025,E00177,False,,,False
20250810_1500_HARP13606_NOAA14169,2025-08-10 15:00:00+00:00,13606,14169,block_download_or_coverage,,,2025,E00177,False,,,False
20250810_1636_HARP13606_NOAA14169,2025-08-10 16:36:00+00:00,13606,14169,block_download_or_coverage,,,2025,E00177,False,,,False
20250810_1812_HARP13606_NOAA14169,2025-08-10 18:12:00+00:00,13606,14169,block_download_or_coverage,,,2025,E00177,False,,,False
20250810_1948_HARP13606_NOAA14169,2025-08-10 19:48:00+00:00,13606,14169,block_download_or_coverage,,,2025,E00177,False,,,False
20250810_2124_HARP13606_NOAA14169,2025-08-10 21:24:00+00:00,13606,14169,block_download_or_coverage,,,2025,E00177,False,,,False
20250810_2300_HARP13606_NOAA14169,2025-08-10 23:00:00+00:00,13606,14169,block_download_or_coverage,,,2025,E00177,False,,,False
20250811_0036_HARP13606_NOAA14169,2025-08-11 00:36:00+00:00,13606,14169,block_download_or_coverage,,,2025,E00177,False,,,False
20250811_0212_HARP13606_NOAA14169,2025-08-11 02:12:00+00:00,13606,14169,block_download_or_coverage,,,2025,E00177,False,,,False
20250811_0348_HARP13606_NOAA14169,2025-08-11 03:48:00+00:00,13606,14169,block_download_or_coverage,,,2025,E00177,False,,,False
20250811_0524_HARP13606_NOAA14169,2025-08-11 05:24:00+00:00,13606,14169,block_download_or_coverage,,,2025,E00177,False,,,False
20250811_0700_HARP13606_NOAA14169,2025-08-11 07:00:00+00:00,13606,14169,block_download_or_coverage,,,2025,E00177,False,,,False
20250812_0836_HARP13606_NOAA14169,2025-08-12 08:36:00+00:00,13606,14169,block_download_or_coverage,,,2025,E00178,False,57229.0,False,True
20250812_1012_HARP13606_NOAA14169,2025-08-12 10:12:00+00:00,13606,14169,block_download_or_coverage,,,2025,E00178,False,,,False
20250812_1148_HARP13606_NOAA14169,2025-08-12 11:48:00+00:00,13606,14169,block_download_or_coverage,,,2025,E00178,False,,,False
20250812_1324_HARP13606_NOAA14169,2025-08-12 13:24:00+00:00,13606,14169,block_download_or_coverage,,,2025,E00178,False,,,False
20250812_1500_HARP13606_NOAA14169,2025-08-12 15:00:00+00:00,13606,14169,block_download_or_coverage,,,2025,E00178,False,,,False
20250812_1636_HARP13606_NOAA14169,2025-08-12 16:36:00+00:00,13606,14169,block_download_or_coverage,,,2025,E00178,False,,,False
20250812_1812_HARP13606_NOAA14169,2025-08-12 18:12:00+00:00,13606,14169,block_download_or_coverage,,,2025,E00178,False,,,False
20250812_1948_HARP13606_NOAA14169,2025-08-12 19:48:00+00:00,13606,14169,block_download_or_coverage,,,2025,E00178,False,,,False
20250812_2124_HARP13606_NOAA14169,2025-08-12 21:24:00+00:00,13606,14169,block_download_or_coverage,,,2025,E00178,False,,,False
20250812_2300_HARP13606_NOAA14169,2025-08-12 23:00:00+00:00,13606,14169,block_download_or_coverage,,,2025,E00178,False,,,False
20250813_0036_HARP13606_NOAA14169,2025-08-13 00:36:00+00:00,13606,14169,block_download_or_coverage,,,2025,E00178,False,,,False
20250806_1200_HARP13610_NOAA14174,2025-08-06 12:00:00+00:00,13610,14174,block_download_or_coverage,,,2025,E00179,False,,,False
20250806_1336_HARP13610_NOAA14174,2025-08-06 13:36:00+00:00,13610,14174,block_download_or_coverage,,,2025,E00179,False,,,False
20250806_1512_HARP13610_NOAA14174,2025-08-06 15:12:00+00:00,13610,14174,block_download_or_coverage,,,2025,E00179,False,,,False
20250806_1648_HARP13610_NOAA14174,2025-08-06 16:48:00+00:00,13610,14174,block_download_or_coverage,,,2025,E00179,False,57178.0,False,True
20250806_1824_HARP13610_NOAA14174,2025-08-06 18:24:00+00:00,13610,14174,block_download_or_coverage,,,2025,E00179,False,57180.0,False,True
20250806_2012_HARP13610_NOAA14174,2025-08-06 20:12:00+00:00,13610,14174,block_download_or_coverage,,,2025,E00179,False,,,False
20250806_2148_HARP13610_NOAA14174,2025-08-06 21:48:00+00:00,13610,14174,block_download_or_coverage,,,2025,E00179,False,,,False
20250806_2324_HARP13610_NOAA14174,2025-08-06 23:24:00+00:00,13610,14174,block_download_or_coverage,,,2025,E00179,False,,,False
20250807_0100_HARP13610_NOAA14174,2025-08-07 01:00:00+00:00,13610,14174,block_download_or_coverage,,,2025,E00179,False,57182.0,False,True
20250807_0236_HARP13610_NOAA14174,2025-08-07 02:36:00+00:00,13610,14174,block_download_or_coverage,,,2025,E00179,False,57185.0,False,True
20250807_0412_HARP13610_NOAA14174,2025-08-07 04:12:00+00:00,13610,14174,block_download_or_coverage,,,2025,E00179,False,57188.0,False,True
20250807_0548_HARP13610_NOAA14174,2025-08-07 05:48:00+00:00,13610,14174,block_download_or_coverage,,,2025,E00179,False,57191.0,False,True
20250807_0800_HARP13610_NOAA14174,2025-08-07 08:00:00+00:00,13610,14174,block_download_or_coverage,,,2025,E00179,False,,,False
20250807_0936_HARP13610_NOAA14174,2025-08-07 09:36:00+00:00,13610,14174,block_download_or_coverage,,,2025,E00179,False,,,False
20250807_1112_HARP13610_NOAA14174,2025-08-07 11:12:00+00:00,13610,14174,block_download_or_coverage,,,2025,E00179,False,,,False
20250807_1248_HARP13610_NOAA14174,2025-08-07 12:48:00+00:00,13610,14174,block_download_or_coverage,,,2025,E00179,False,57193.0,False,True
20250807_1424_HARP13610_NOAA14174,2025-08-07 14:24:00+00:00,13610,14174,block_download_or_coverage,,,2025,E00179,False,57195.0,False,True
20250807_1600_HARP13610_NOAA14174,2025-08-07 16:00:00+00:00,13610,14174,block_download_or_coverage,,,2025,E00179,False,57197.0,False,True
20250811_1312_HARP13612_NOAA14175,2025-08-11 13:12:00+00:00,13612,14175,block_download_or_coverage,,,2025,E00180,False,,,False
20250811_1448_HARP13612_NOAA14175,2025-08-11 14:48:00+00:00,13612,14175,block_download_or_coverage,,,2025,E00180,False,,,False
20250811_1624_HARP13612_NOAA14175,2025-08-11 16:24:00+00:00,13612,14175,block_download_or_coverage,,,2025,E00180,False,,,False
20250811_1936_HARP13612_NOAA14175,2025-08-11 19:36:00+00:00,13612,14175,block_download_or_coverage,,,2025,E00180,False,,,False
20250811_2112_HARP13612_NOAA14175,2025-08-11 21:12:00+00:00,13612,14175,block_download_or_coverage,,,2025,E00180,False,,,False
20250811_2248_HARP13612_NOAA14175,2025-08-11 22:48:00+00:00,13612,14175,block_download_or_coverage,,,2025,E00180,False,,,False
20250812_0024_HARP13612_NOAA14175,2025-08-12 00:24:00+00:00,13612,14175,block_download_or_coverage,,,2025,E00180,False,,,False
20250812_0200_HARP13612_NOAA14175,2025-08-12 02:00:00+00:00,13612,14175,block_download_or_coverage,,,2025,E00180,False,57215.0,False,True
20250812_0336_HARP13612_NOAA14175,2025-08-12 03:36:00+00:00,13612,14175,block_download_or_coverage,,,2025,E00180,False,57218.0,False,True
20250812_0512_HARP13612_NOAA14175,2025-08-12 05:12:00+00:00,13612,14175,block_download_or_coverage,,,2025,E00180,False,57221.0,False,True
20250812_0648_HARP13612_NOAA14175,2025-08-12 06:48:00+00:00,13612,14175,block_download_or_coverage,,,2025,E00180,False,57224.0,False,True
20250812_0824_HARP13612_NOAA14175,2025-08-12 08:24:00+00:00,13612,14175,block_download_or_coverage,,,2025,E00180,False,57228.0,False,True
20250812_1000_HARP13612_NOAA14175,2025-08-12 10:00:00+00:00,13612,14175,block_download_or_coverage,,,2025,E00180,False,57231.0,False,True
20250812_1136_HARP13612_NOAA14175,2025-08-12 11:36:00+00:00,13612,14175,block_download_or_coverage,,,2025,E00180,False,57233.0,False,True
20250812_1312_HARP13612_NOAA14175,2025-08-12 13:12:00+00:00,13612,14175,block_download_or_coverage,,,2025,E00180,False,57235.0,False,True
20250812_1448_HARP13612_NOAA14175,2025-08-12 14:48:00+00:00,13612,14175,block_download_or_coverage,,,2025,E00180,False,57237.0,False,True
20250812_1624_HARP13612_NOAA14175,2025-08-12 16:24:00+00:00,13612,14175,block_download_or_coverage,,,2025,E00180,False,57239.0,False,True
20250813_2000_HARP13612_NOAA14175,2025-08-13 20:00:00+00:00,13612,14175,block_download_or_coverage,,,2025,E00181,False,,,False
20250813_2136_HARP13612_NOAA14175,2025-08-13 21:36:00+00:00,13612,14175,block_download_or_coverage,,,2025,E00181,False,,,False
20250813_2312_HARP13612_NOAA14175,2025-08-13 23:12:00+00:00,13612,14175,block_download_or_coverage,,,2025,E00181,False,,,False
20250814_0048_HARP13612_NOAA14175,2025-08-14 00:48:00+00:00,13612,14175,block_download_or_coverage,,,2025,E00181,False,57260.0,False,True
20250814_0224_HARP13612_NOAA14175,2025-08-14 02:24:00+00:00,13612,14175,block_download_or_coverage,,,2025,E00181,False,57263.0,False,True
20250814_0400_HARP13612_NOAA14175,2025-08-14 04:00:00+00:00,13612,14175,block_download_or_coverage,,,2025,E00181,False,57266.0,False,True
20250814_0536_HARP13612_NOAA14175,2025-08-14 05:36:00+00:00,13612,14175,block_download_or_coverage,,,2025,E00181,False,57269.0,False,True
20250814_0712_HARP13612_NOAA14175,2025-08-14 07:12:00+00:00,13612,14175,block_download_or_coverage,,,2025,E00181,False,57272.0,False,True
20250814_0848_HARP13612_NOAA14175,2025-08-14 08:48:00+00:00,13612,14175,block_download_or_coverage,,,2025,E00181,False,57275.0,False,True
20250814_1024_HARP13612_NOAA14175,2025-08-14 10:24:00+00:00,13612,14175,block_download_or_coverage,,,2025,E00181,False,57277.0,False,True
20250814_1200_HARP13612_NOAA14175,2025-08-14 12:00:00+00:00,13612,14175,block_download_or_coverage,,,2025,E00181,False,57279.0,False,True
20250814_1336_HARP13612_NOAA14175,2025-08-14 13:36:00+00:00,13612,14175,block_download_or_coverage,,,2025,E00181,False,57281.0,False,True
20250814_1512_HARP13612_NOAA14175,2025-08-14 15:12:00+00:00,13612,14175,block_download_or_coverage,,,2025,E00181,False,57283.0,False,True
20250814_1648_HARP13612_NOAA14175,2025-08-14 16:48:00+00:00,13612,14175,block_download_or_coverage,,,2025,E00181,False,57285.0,False,True
20250814_1824_HARP13612_NOAA14175,2025-08-14 18:24:00+00:00,13612,14175,block_download_or_coverage,,,2025,E00181,False,57286.0,False,True
20250815_1824_HARP13612_NOAA14175,2025-08-15 18:24:00+00:00,13612,14175,block_download_or_coverage,,,2025,E00182,False,,,False
20250814_0748_HARP13624_NOAA14179,2025-08-14 07:48:00+00:00,13624,14179,block_download_or_coverage,,,2025,E00183,False,,,False
20250814_0924_HARP13624_NOAA14179,2025-08-14 09:24:00+00:00,13624,14179,block_download_or_coverage,,,2025,E00183,False,,,False
20250814_1100_HARP13624_NOAA14179,2025-08-14 11:00:00+00:00,13624,14179,block_download_or_coverage,,,2025,E00183,False,,,False
20250814_1236_HARP13624_NOAA14179,2025-08-14 12:36:00+00:00,13624,14179,block_download_or_coverage,,,2025,E00183,False,,,False
20250814_1412_HARP13624_NOAA14179,2025-08-14 14:12:00+00:00,13624,14179,block_download_or_coverage,,,2025,E00183,False,,,False
20250814_1548_HARP13624_NOAA14179,2025-08-14 15:48:00+00:00,13624,14179,block_download_or_coverage,,,2025,E00183,False,,,False
20250814_1900_HARP13624_NOAA14179,2025-08-14 19:00:00+00:00,13624,14179,block_download_or_coverage,,,2025,E00183,False,,,False
20250814_2036_HARP13624_NOAA14179,2025-08-14 20:36:00+00:00,13624,14179,block_download_or_coverage,,,2025,E00183,False,,,False
20250814_2212_HARP13624_NOAA14179,2025-08-14 22:12:00+00:00,13624,14179,block_download_or_coverage,,,2025,E00183,False,,,False
20250814_2348_HARP13624_NOAA14179,2025-08-14 23:48:00+00:00,13624,14179,block_download_or_coverage,,,2025,E00183,False,57290.0,False,True
20250815_0124_HARP13624_NOAA14179,2025-08-15 01:24:00+00:00,13624,14179,block_download_or_coverage,,,2025,E00183,False,57292.0,False,True
20250815_0300_HARP13624_NOAA14179,2025-08-15 03:00:00+00:00,13624,14179,block_download_or_coverage,,,2025,E00183,False,57294.0,False,True
20250815_0436_HARP13624_NOAA14179,2025-08-15 04:36:00+00:00,13624,14179,block_download_or_coverage,,,2025,E00183,False,57296.0,False,True
20250815_0612_HARP13624_NOAA14179,2025-08-15 06:12:00+00:00,13624,14179,block_download_or_coverage,,,2025,E00183,False,57298.0,False,True
20250815_0748_HARP13624_NOAA14179,2025-08-15 07:48:00+00:00,13624,14179,block_download_or_coverage,,,2025,E00183,False,57300.0,False,True
20250815_0924_HARP13624_NOAA14179,2025-08-15 09:24:00+00:00,13624,14179,block_download_or_coverage,,,2025,E00183,False,57302.0,False,True
20250815_1100_HARP13624_NOAA14179,2025-08-15 11:00:00+00:00,13624,14179,block_download_or_coverage,,,2025,E00183,False,57304.0,False,True
20250815_1236_HARP13624_NOAA14179,2025-08-15 12:36:00+00:00,13624,14179,block_download_or_coverage,,,2025,E00183,False,57306.0,False,True
20250815_1412_HARP13624_NOAA14179,2025-08-15 14:12:00+00:00,13624,14179,block_download_or_coverage,,,2025,E00183,False,57308.0,False,True
20250815_1548_HARP13624_NOAA14179,2025-08-15 15:48:00+00:00,13624,14179,block_download_or_coverage,,,2025,E00183,False,57310.0,False,True
20250815_1724_HARP13624_NOAA14179,2025-08-15 17:24:00+00:00,13624,14179,block_download_or_coverage,,,2025,E00183,False,57311.0,False,True
20250815_1900_HARP13624_NOAA14179,2025-08-15 19:00:00+00:00,13624,14179,block_download_or_coverage,,,2025,E00183,False,57312.0,False,True
20250815_2036_HARP13624_NOAA14179,2025-08-15 20:36:00+00:00,13624,14179,block_download_or_coverage,,,2025,E00183,False,57313.0,False,True
20250815_2212_HARP13624_NOAA14179,2025-08-15 22:12:00+00:00,13624,14179,block_download_or_coverage,,,2025,E00183,False,57314.0,False,True
20250815_2348_HARP13624_NOAA14179,2025-08-15 23:48:00+00:00,13624,14179,block_download_or_coverage,,,2025,E00183,False,57315.0,False,True
20250816_0124_HARP13624_NOAA14179,2025-08-16 01:24:00+00:00,13624,14179,block_download_or_coverage,,,2025,E00183,False,57316.0,False,True
20250816_0300_HARP13624_NOAA14179,2025-08-16 03:00:00+00:00,13624,14179,block_download_or_coverage,,,2025,E00183,False,57317.0,False,True
20250816_0436_HARP13624_NOAA14179,2025-08-16 04:36:00+00:00,13624,14179,block_download_or_coverage,,,2025,E00183,False,,,False
20250816_0612_HARP13624_NOAA14179,2025-08-16 06:12:00+00:00,13624,14179,block_download_or_coverage,,,2025,E00183,False,,,False
20250816_0748_HARP13624_NOAA14179,2025-08-16 07:48:00+00:00,13624,14179,block_download_or_coverage,,,2025,E00183,False,,,False
20250816_0924_HARP13624_NOAA14179,2025-08-16 09:24:00+00:00,13624,14179,block_download_or_coverage,,,2025,E00183,False,,,False
20250816_1100_HARP13624_NOAA14179,2025-08-16 11:00:00+00:00,13624,14179,block_download_or_coverage,,,2025,E00183,False,,,False
20250816_1236_HARP13624_NOAA14179,2025-08-16 12:36:00+00:00,13624,14179,block_download_or_coverage,,,2025,E00183,False,,,False
20250816_1412_HARP13624_NOAA14179,2025-08-16 14:12:00+00:00,13624,14179,block_download_or_coverage,,,2025,E00183,False,,,False
20250816_1548_HARP13624_NOAA14179,2025-08-16 15:48:00+00:00,13624,14179,block_download_or_coverage,,,2025,E00183,False,,,False
20250816_1724_HARP13624_NOAA14179,2025-08-16 17:24:00+00:00,13624,14179,block_download_or_coverage,,,2025,E00183,False,,,False
20250816_1900_HARP13624_NOAA14179,2025-08-16 19:00:00+00:00,13624,14179,block_download_or_coverage,,,2025,E00183,False,,,False
20250816_2036_HARP13624_NOAA14179,2025-08-16 20:36:00+00:00,13624,14179,block_download_or_coverage,,,2025,E00183,False,,,False
20250816_2212_HARP13624_NOAA14179,2025-08-16 22:12:00+00:00,13624,14179,block_download_or_coverage,,,2025,E00183,False,,,False
20250816_2348_HARP13624_NOAA14179,2025-08-16 23:48:00+00:00,13624,14179,block_download_or_coverage,,,2025,E00183,False,,,False
20250817_0124_HARP13624_NOAA14179,2025-08-17 01:24:00+00:00,13624,14179,block_download_or_coverage,,,2025,E00183,False,,,False
20250817_0300_HARP13624_NOAA14179,2025-08-17 03:00:00+00:00,13624,14179,block_download_or_coverage,,,2025,E00183,False,,,False
20250817_0436_HARP13624_NOAA14179,2025-08-17 04:36:00+00:00,13624,14179,block_download_or_coverage,,,2025,E00183,False,,,False
20250817_0612_HARP13624_NOAA14179,2025-08-17 06:12:00+00:00,13624,14179,block_download_or_coverage,,,2025,E00183,False,,,False
20250817_0748_HARP13624_NOAA14179,2025-08-17 07:48:00+00:00,13624,14179,block_download_or_coverage,,,2025,E00183,False,,,False
20250817_0924_HARP13624_NOAA14179,2025-08-17 09:24:00+00:00,13624,14179,block_download_or_coverage,,,2025,E00183,False,,,False
20250817_1100_HARP13624_NOAA14179,2025-08-17 11:00:00+00:00,13624,14179,block_download_or_coverage,,,2025,E00183,False,,,False
20250817_1236_HARP13624_NOAA14179,2025-08-17 12:36:00+00:00,13624,14179,block_download_or_coverage,,,2025,E00183,False,,,False
20250817_1412_HARP13624_NOAA14179,2025-08-17 14:12:00+00:00,13624,14179,block_download_or_coverage,,,2025,E00183,False,,,False
20250817_1548_HARP13624_NOAA14179,2025-08-17 15:48:00+00:00,13624,14179,block_download_or_coverage,,,2025,E00183,False,,,False
20250817_1724_HARP13624_NOAA14179,2025-08-17 17:24:00+00:00,13624,14179,block_download_or_coverage,,,2025,E00183,False,,,False
20250818_1912_HARP13624_NOAA14179,2025-08-18 19:12:00+00:00,13624,14179,block_download_or_coverage,,,2025,E00184,False,,,False
20250818_2048_HARP13624_NOAA14179,2025-08-18 20:48:00+00:00,13624,14179,block_download_or_coverage,,,2025,E00184,False,,,False
20250815_0236_HARP13627_NOAA14180,2025-08-15 02:36:00+00:00,13627,14180,block_download_or_coverage,,,2025,E00185,False,,,False
20250815_0412_HARP13627_NOAA14180,2025-08-15 04:12:00+00:00,13627,14180,block_download_or_coverage,,,2025,E00185,False,,,False
20250815_0548_HARP13627_NOAA14180,2025-08-15 05:48:00+00:00,13627,14180,block_download_or_coverage,,,2025,E00185,False,,,False
20250815_0724_HARP13627_NOAA14180,2025-08-15 07:24:00+00:00,13627,14180,block_download_or_coverage,,,2025,E00185,False,,,False
20250815_0900_HARP13627_NOAA14180,2025-08-15 09:00:00+00:00,13627,14180,block_download_or_coverage,,,2025,E00185,False,,,False
20250815_1036_HARP13627_NOAA14180,2025-08-15 10:36:00+00:00,13627,14180,block_download_or_coverage,,,2025,E00185,False,,,False
20250815_1212_HARP13627_NOAA14180,2025-08-15 12:12:00+00:00,13627,14180,block_download_or_coverage,,,2025,E00185,False,,,False
20250815_1348_HARP13627_NOAA14180,2025-08-15 13:48:00+00:00,13627,14180,block_download_or_coverage,,,2025,E00185,False,,,False
20250815_1524_HARP13627_NOAA14180,2025-08-15 15:24:00+00:00,13627,14180,block_download_or_coverage,,,2025,E00185,False,,,False
20250815_1700_HARP13627_NOAA14180,2025-08-15 17:00:00+00:00,13627,14180,block_download_or_coverage,,,2025,E00185,False,,,False
20250815_1836_HARP13627_NOAA14180,2025-08-15 18:36:00+00:00,13627,14180,block_download_or_coverage,,,2025,E00185,False,,,False
20250815_2012_HARP13627_NOAA14180,2025-08-15 20:12:00+00:00,13627,14180,block_download_or_coverage,,,2025,E00185,False,,,False
20250815_2148_HARP13627_NOAA14180,2025-08-15 21:48:00+00:00,13627,14180,block_download_or_coverage,,,2025,E00185,False,,,False
20250815_2324_HARP13627_NOAA14180,2025-08-15 23:24:00+00:00,13627,14180,block_download_or_coverage,,,2025,E00185,False,,,False
20250816_0100_HARP13627_NOAA14180,2025-08-16 01:00:00+00:00,13627,14180,block_download_or_coverage,,,2025,E00185,False,,,False
20250817_0236_HARP13627_NOAA14180,2025-08-17 02:36:00+00:00,13627,14180,block_download_or_coverage,,,2025,E00186,False,,,False
20250817_0412_HARP13627_NOAA14180,2025-08-17 04:12:00+00:00,13627,14180,block_download_or_coverage,,,2025,E00186,False,,,False
20250817_0548_HARP13627_NOAA14180,2025-08-17 05:48:00+00:00,13627,14180,block_download_or_coverage,,,2025,E00186,False,,,False
20250817_0724_HARP13627_NOAA14180,2025-08-17 07:24:00+00:00,13627,14180,block_download_or_coverage,,,2025,E00186,False,,,False
20250817_0900_HARP13627_NOAA14180,2025-08-17 09:00:00+00:00,13627,14180,block_download_or_coverage,,,2025,E00186,False,,,False
20250817_1036_HARP13627_NOAA14180,2025-08-17 10:36:00+00:00,13627,14180,block_download_or_coverage,,,2025,E00186,False,,,False
20250817_1212_HARP13627_NOAA14180,2025-08-17 12:12:00+00:00,13627,14180,block_download_or_coverage,,,2025,E00186,False,,,False
20250817_1348_HARP13627_NOAA14180,2025-08-17 13:48:00+00:00,13627,14180,block_download_or_coverage,,,2025,E00186,False,,,False
20250817_1524_HARP13627_NOAA14180,2025-08-17 15:24:00+00:00,13627,14180,block_download_or_coverage,,,2025,E00186,False,,,False
20250817_1700_HARP13627_NOAA14180,2025-08-17 17:00:00+00:00,13627,14180,block_download_or_coverage,,,2025,E00186,False,,,False
20250817_1836_HARP13627_NOAA14180,2025-08-17 18:36:00+00:00,13627,14180,block_download_or_coverage,,,2025,E00186,False,,,False
20250817_2012_HARP13627_NOAA14180,2025-08-17 20:12:00+00:00,13627,14180,block_download_or_coverage,,,2025,E00186,False,,,False
20250817_2148_HARP13627_NOAA14180,2025-08-17 21:48:00+00:00,13627,14180,block_download_or_coverage,,,2025,E00186,False,,,False
20250817_2324_HARP13627_NOAA14180,2025-08-17 23:24:00+00:00,13627,14180,block_download_or_coverage,,,2025,E00186,False,,,False
20250818_0100_HARP13627_NOAA14180,2025-08-18 01:00:00+00:00,13627,14180,block_download_or_coverage,,,2025,E00186,False,,,False
20250818_0236_HARP13627_NOAA14180,2025-08-18 02:36:00+00:00,13627,14180,block_download_or_coverage,,,2025,E00186,False,,,False
20250818_0412_HARP13627_NOAA14180,2025-08-18 04:12:00+00:00,13627,14180,block_download_or_coverage,,,2025,E00186,False,,,False
20250818_0548_HARP13627_NOAA14180,2025-08-18 05:48:00+00:00,13627,14180,block_download_or_coverage,,,2025,E00186,False,,,False
20250818_0724_HARP13627_NOAA14180,2025-08-18 07:24:00+00:00,13627,14180,block_download_or_coverage,,,2025,E00186,False,,,False
20250818_0900_HARP13627_NOAA14180,2025-08-18 09:00:00+00:00,13627,14180,block_download_or_coverage,,,2025,E00186,False,,,False
20250818_1036_HARP13627_NOAA14180,2025-08-18 10:36:00+00:00,13627,14180,block_download_or_coverage,,,2025,E00186,False,,,False
20250818_1212_HARP13627_NOAA14180,2025-08-18 12:12:00+00:00,13627,14180,block_download_or_coverage,,,2025,E00186,False,,,False
20250818_1348_HARP13627_NOAA14180,2025-08-18 13:48:00+00:00,13627,14180,block_download_or_coverage,,,2025,E00186,False,,,False
20250818_1524_HARP13627_NOAA14180,2025-08-18 15:24:00+00:00,13627,14180,block_download_or_coverage,,,2025,E00186,False,,,False
20250818_1712_HARP13627_NOAA14180,2025-08-18 17:12:00+00:00,13627,14180,block_download_or_coverage,,,2025,E00186,False,,,False
20250818_1848_HARP13627_NOAA14180,2025-08-18 18:48:00+00:00,13627,14180,block_download_or_coverage,,,2025,E00186,False,,,False
20250818_2024_HARP13627_NOAA14180,2025-08-18 20:24:00+00:00,13627,14180,block_download_or_coverage,,,2025,E00186,False,,,False
20250818_2200_HARP13627_NOAA14180,2025-08-18 22:00:00+00:00,13627,14180,block_download_or_coverage,,,2025,E00186,False,,,False
20250818_2336_HARP13627_NOAA14180,2025-08-18 23:36:00+00:00,13627,14180,block_download_or_coverage,,,2025,E00186,False,,,False
20250819_0112_HARP13627_NOAA14180,2025-08-19 01:12:00+00:00,13627,14180,block_download_or_coverage,,,2025,E00186,False,,,False
20250819_0248_HARP13627_NOAA14180,2025-08-19 02:48:00+00:00,13627,14180,block_download_or_coverage,,,2025,E00186,False,,,False
20250819_0424_HARP13627_NOAA14180,2025-08-19 04:24:00+00:00,13627,14180,block_download_or_coverage,,,2025,E00186,False,57318.0,False,True
20250812_1036_HARP13636_NOAA14181,2025-08-12 10:36:00+00:00,13636,14181,block_download_or_coverage,,,2025,E00187,False,,,False
20250812_1212_HARP13636_NOAA14181,2025-08-12 12:12:00+00:00,13636,14181,block_download_or_coverage,,,2025,E00187,False,,,False
20250812_1348_HARP13636_NOAA14181,2025-08-12 13:48:00+00:00,13636,14181,block_download_or_coverage,,,2025,E00187,False,,,False
20250812_1524_HARP13636_NOAA14181,2025-08-12 15:24:00+00:00,13636,14181,block_download_or_coverage,,,2025,E00187,False,,,False
20250812_1700_HARP13636_NOAA14181,2025-08-12 17:00:00+00:00,13636,14181,block_download_or_coverage,,,2025,E00187,False,,,False
20250812_1836_HARP13636_NOAA14181,2025-08-12 18:36:00+00:00,13636,14181,block_download_or_coverage,,,2025,E00187,False,,,False
20250812_2012_HARP13636_NOAA14181,2025-08-12 20:12:00+00:00,13636,14181,block_download_or_coverage,,,2025,E00187,False,,,False
20250812_2148_HARP13636_NOAA14181,2025-08-12 21:48:00+00:00,13636,14181,block_download_or_coverage,,,2025,E00187,False,,,False
20250812_2324_HARP13636_NOAA14181,2025-08-12 23:24:00+00:00,13636,14181,block_download_or_coverage,,,2025,E00187,False,,,False
20250813_0100_HARP13636_NOAA14181,2025-08-13 01:00:00+00:00,13636,14181,block_download_or_coverage,,,2025,E00187,False,,,False
20250813_0236_HARP13636_NOAA14181,2025-08-13 02:36:00+00:00,13636,14181,block_download_or_coverage,,,2025,E00187,False,,,False
20250813_0412_HARP13636_NOAA14181,2025-08-13 04:12:00+00:00,13636,14181,block_download_or_coverage,,,2025,E00187,False,,,False
20250813_0548_HARP13636_NOAA14181,2025-08-13 05:48:00+00:00,13636,14181,block_download_or_coverage,,,2025,E00187,False,,,False
20250813_0724_HARP13636_NOAA14181,2025-08-13 07:24:00+00:00,13636,14181,block_download_or_coverage,,,2025,E00187,False,,,False
20250813_0900_HARP13636_NOAA14181,2025-08-13 09:00:00+00:00,13636,14181,block_download_or_coverage,,,2025,E00187,False,,,False
20250813_1036_HARP13636_NOAA14181,2025-08-13 10:36:00+00:00,13636,14181,block_download_or_coverage,,,2025,E00187,False,,,False
20250813_1212_HARP13636_NOAA14181,2025-08-13 12:12:00+00:00,13636,14181,block_download_or_coverage,,,2025,E00187,False,,,False
20250813_1348_HARP13636_NOAA14181,2025-08-13 13:48:00+00:00,13636,14181,block_download_or_coverage,,,2025,E00187,False,,,False
20250813_1524_HARP13636_NOAA14181,2025-08-13 15:24:00+00:00,13636,14181,block_download_or_coverage,,,2025,E00187,False,,,False
20250813_1700_HARP13636_NOAA14181,2025-08-13 17:00:00+00:00,13636,14181,block_download_or_coverage,,,2025,E00187,False,,,False
20250813_1836_HARP13636_NOAA14181,2025-08-13 18:36:00+00:00,13636,14181,block_download_or_coverage,,,2025,E00187,False,,,False
20250813_2036_HARP13636_NOAA14181,2025-08-13 20:36:00+00:00,13636,14181,block_download_or_coverage,,,2025,E00187,False,,,False
20250813_2212_HARP13636_NOAA14181,2025-08-13 22:12:00+00:00,13636,14181,block_download_or_coverage,,,2025,E00187,False,,,False
20250813_2348_HARP13636_NOAA14181,2025-08-13 23:48:00+00:00,13636,14181,block_download_or_coverage,,,2025,E00187,False,,,False
20250814_0124_HARP13636_NOAA14181,2025-08-14 01:24:00+00:00,13636,14181,block_download_or_coverage,,,2025,E00187,False,,,False
20250814_0300_HARP13636_NOAA14181,2025-08-14 03:00:00+00:00,13636,14181,block_download_or_coverage,,,2025,E00187,False,,,False
20250814_0436_HARP13636_NOAA14181,2025-08-14 04:36:00+00:00,13636,14181,block_download_or_coverage,,,2025,E00187,False,,,False
20250814_0612_HARP13636_NOAA14181,2025-08-14 06:12:00+00:00,13636,14181,block_download_or_coverage,,,2025,E00187,False,,,False
20250814_0748_HARP13636_NOAA14181,2025-08-14 07:48:00+00:00,13636,14181,block_download_or_coverage,,,2025,E00187,False,,,False
20250816_2112_HARP13641_NOAA14182,2025-08-16 21:12:00+00:00,13641,14182,block_download_or_coverage,,,2025,E00188,False,,,False
20250816_2248_HARP13641_NOAA14182,2025-08-16 22:48:00+00:00,13641,14182,block_download_or_coverage,,,2025,E00188,False,,,False
20250817_0024_HARP13641_NOAA14182,2025-08-17 00:24:00+00:00,13641,14182,block_download_or_coverage,,,2025,E00188,False,,,False
20250817_0200_HARP13641_NOAA14182,2025-08-17 02:00:00+00:00,13641,14182,block_download_or_coverage,,,2025,E00188,False,,,False
20250817_0336_HARP13641_NOAA14182,2025-08-17 03:36:00+00:00,13641,14182,block_download_or_coverage,,,2025,E00188,False,,,False
20250817_0512_HARP13641_NOAA14182,2025-08-17 05:12:00+00:00,13641,14182,block_download_or_coverage,,,2025,E00188,False,,,False
20250817_0648_HARP13641_NOAA14182,2025-08-17 06:48:00+00:00,13641,14182,block_download_or_coverage,,,2025,E00188,False,,,False
20250817_0824_HARP13641_NOAA14182,2025-08-17 08:24:00+00:00,13641,14182,block_download_or_coverage,,,2025,E00188,False,,,False
20250817_1000_HARP13641_NOAA14182,2025-08-17 10:00:00+00:00,13641,14182,block_download_or_coverage,,,2025,E00188,False,,,False
20250817_1136_HARP13641_NOAA14182,2025-08-17 11:36:00+00:00,13641,14182,block_download_or_coverage,,,2025,E00188,False,,,False
20250817_1312_HARP13641_NOAA14182,2025-08-17 13:12:00+00:00,13641,14182,block_download_or_coverage,,,2025,E00188,False,,,False
20250817_1448_HARP13641_NOAA14182,2025-08-17 14:48:00+00:00,13641,14182,block_download_or_coverage,,,2025,E00188,False,,,False
20250817_1624_HARP13641_NOAA14182,2025-08-17 16:24:00+00:00,13641,14182,block_download_or_coverage,,,2025,E00188,False,,,False
20250817_1936_HARP13641_NOAA14182,2025-08-17 19:36:00+00:00,13641,14182,block_download_or_coverage,,,2025,E00188,False,,,False
20250817_2112_HARP13641_NOAA14182,2025-08-17 21:12:00+00:00,13641,14182,block_download_or_coverage,,,2025,E00188,False,,,False
20250817_2248_HARP13641_NOAA14182,2025-08-17 22:48:00+00:00,13641,14182,block_download_or_coverage,,,2025,E00188,False,,,False
20250818_0024_HARP13641_NOAA14182,2025-08-18 00:24:00+00:00,13641,14182,block_download_or_coverage,,,2025,E00188,False,,,False
20250818_0200_HARP13641_NOAA14182,2025-08-18 02:00:00+00:00,13641,14182,block_download_or_coverage,,,2025,E00188,False,,,False
20250818_0336_HARP13641_NOAA14182,2025-08-18 03:36:00+00:00,13641,14182,block_download_or_coverage,,,2025,E00188,False,,,False
20250818_0512_HARP13641_NOAA14182,2025-08-18 05:12:00+00:00,13641,14182,block_download_or_coverage,,,2025,E00188,False,,,False
20250818_0648_HARP13641_NOAA14182,2025-08-18 06:48:00+00:00,13641,14182,block_download_or_coverage,,,2025,E00188,False,,,False
20250818_0824_HARP13641_NOAA14182,2025-08-18 08:24:00+00:00,13641,14182,block_download_or_coverage,,,2025,E00188,False,,,False
20250818_1000_HARP13641_NOAA14182,2025-08-18 10:00:00+00:00,13641,14182,block_download_or_coverage,,,2025,E00188,False,,,False
20250818_1136_HARP13641_NOAA14182,2025-08-18 11:36:00+00:00,13641,14182,block_download_or_coverage,,,2025,E00188,False,,,False
20250818_1312_HARP13641_NOAA14182,2025-08-18 13:12:00+00:00,13641,14182,block_download_or_coverage,,,2025,E00188,False,,,False
20250818_1448_HARP13641_NOAA14182,2025-08-18 14:48:00+00:00,13641,14182,block_download_or_coverage,,,2025,E00188,False,,,False
20250818_1636_HARP13641_NOAA14182,2025-08-18 16:36:00+00:00,13641,14182,block_download_or_coverage,,,2025,E00188,False,,,False
20250818_1812_HARP13641_NOAA14182,2025-08-18 18:12:00+00:00,13641,14182,block_download_or_coverage,,,2025,E00188,False,,,False
20250819_1948_HARP13641_NOAA14182,2025-08-19 19:48:00+00:00,13641,14182,block_download_or_coverage,,,2025,E00189,False,,,False
20250819_2124_HARP13641_NOAA14182,2025-08-19 21:24:00+00:00,13641,14182,block_download_or_coverage,,,2025,E00189,False,,,False
20250819_2300_HARP13641_NOAA14182,2025-08-19 23:00:00+00:00,13641,14182,block_download_or_coverage,,,2025,E00189,False,,,False
20250820_0036_HARP13641_NOAA14182,2025-08-20 00:36:00+00:00,13641,14182,block_download_or_coverage,,,2025,E00189,False,,,False
20250820_0212_HARP13641_NOAA14182,2025-08-20 02:12:00+00:00,13641,14182,block_download_or_coverage,,,2025,E00189,False,,,False
20250820_0348_HARP13641_NOAA14182,2025-08-20 03:48:00+00:00,13641,14182,block_download_or_coverage,,,2025,E00189,False,,,False
20250820_0524_HARP13641_NOAA14182,2025-08-20 05:24:00+00:00,13641,14182,block_download_or_coverage,,,2025,E00189,False,,,False
20250820_0700_HARP13641_NOAA14182,2025-08-20 07:00:00+00:00,13641,14182,block_download_or_coverage,,,2025,E00189,False,,,False
20250820_0836_HARP13641_NOAA14182,2025-08-20 08:36:00+00:00,13641,14182,block_download_or_coverage,,,2025,E00189,False,,,False
20250820_1012_HARP13641_NOAA14182,2025-08-20 10:12:00+00:00,13641,14182,block_download_or_coverage,,,2025,E00189,False,,,False
20250820_1148_HARP13641_NOAA14182,2025-08-20 11:48:00+00:00,13641,14182,block_download_or_coverage,,,2025,E00189,False,,,False
20250820_1324_HARP13641_NOAA14182,2025-08-20 13:24:00+00:00,13641,14182,block_download_or_coverage,,,2025,E00189,False,,,False
20250820_1500_HARP13641_NOAA14182,2025-08-20 15:00:00+00:00,13641,14182,block_download_or_coverage,,,2025,E00189,False,,,False
20250820_1636_HARP13641_NOAA14182,2025-08-20 16:36:00+00:00,13641,14182,block_download_or_coverage,,,2025,E00189,False,,,False
20250820_1812_HARP13641_NOAA14182,2025-08-20 18:12:00+00:00,13641,14182,block_download_or_coverage,,,2025,E00189,False,,,False
20250814_1600_HARP13649_NOAA14186,2025-08-14 16:00:00+00:00,13649,14186,block_download_or_coverage,,,2025,E00190,False,,,False
20250814_1736_HARP13649_NOAA14186,2025-08-14 17:36:00+00:00,13649,14186,block_download_or_coverage,,,2025,E00190,False,,,False
20250819_0536_HARP13652_NOAA14203,2025-08-19 05:36:00+00:00,13652,14203,block_download_or_coverage,,,2025,E00191,False,,,False
20250819_0712_HARP13652_NOAA14203,2025-08-19 07:12:00+00:00,13652,14203,block_download_or_coverage,,,2025,E00191,False,,,False
20250819_0848_HARP13652_NOAA14203,2025-08-19 08:48:00+00:00,13652,14203,block_download_or_coverage,,,2025,E00191,False,,,False
20250819_1024_HARP13652_NOAA14203,2025-08-19 10:24:00+00:00,13652,14203,block_download_or_coverage,,,2025,E00191,False,57323.0,False,True
20250819_1200_HARP13652_NOAA14203,2025-08-19 12:00:00+00:00,13652,14203,block_download_or_coverage,,,2025,E00191,False,57325.0,False,True
20250819_1336_HARP13652_NOAA14203,2025-08-19 13:36:00+00:00,13652,14203,block_download_or_coverage,,,2025,E00191,False,57327.0,False,True
20250819_1512_HARP13652_NOAA14203,2025-08-19 15:12:00+00:00,13652,14203,block_download_or_coverage,,,2025,E00191,False,57329.0,False,True
20250819_1648_HARP13652_NOAA14203,2025-08-19 16:48:00+00:00,13652,14203,block_download_or_coverage,,,2025,E00191,False,57331.0,False,True
20250819_1824_HARP13652_NOAA14203,2025-08-19 18:24:00+00:00,13652,14203,block_download_or_coverage,,,2025,E00191,False,,,False
20250819_2000_HARP13652_NOAA14203,2025-08-19 20:00:00+00:00,13652,14203,block_download_or_coverage,,,2025,E00191,False,,,False
20250819_2136_HARP13652_NOAA14203,2025-08-19 21:36:00+00:00,13652,14203,block_download_or_coverage,,,2025,E00191,False,,,False
20250819_2312_HARP13652_NOAA14203,2025-08-19 23:12:00+00:00,13652,14203,block_download_or_coverage,,,2025,E00191,False,,,False
20250820_0048_HARP13652_NOAA14203,2025-08-20 00:48:00+00:00,13652,14203,block_download_or_coverage,,,2025,E00191,False,,,False
20250820_0224_HARP13652_NOAA14203,2025-08-20 02:24:00+00:00,13652,14203,block_download_or_coverage,,,2025,E00191,False,,,False
20250820_0400_HARP13652_NOAA14203,2025-08-20 04:00:00+00:00,13652,14203,block_download_or_coverage,,,2025,E00191,False,,,False
20250820_0536_HARP13652_NOAA14203,2025-08-20 05:36:00+00:00,13652,14203,block_download_or_coverage,,,2025,E00191,False,,,False
20250820_0712_HARP13652_NOAA14203,2025-08-20 07:12:00+00:00,13652,14203,block_download_or_coverage,,,2025,E00191,False,,,False
20250820_0848_HARP13652_NOAA14203,2025-08-20 08:48:00+00:00,13652,14203,block_download_or_coverage,,,2025,E00191,False,,,False
20250820_1024_HARP13652_NOAA14203,2025-08-20 10:24:00+00:00,13652,14203,block_download_or_coverage,,,2025,E00191,False,,,False
20250820_1200_HARP13652_NOAA14203,2025-08-20 12:00:00+00:00,13652,14203,block_download_or_coverage,,,2025,E00191,False,,,False
20250820_1336_HARP13652_NOAA14203,2025-08-20 13:36:00+00:00,13652,14203,block_download_or_coverage,,,2025,E00191,False,,,False
20250820_1512_HARP13652_NOAA14203,2025-08-20 15:12:00+00:00,13652,14203,block_download_or_coverage,,,2025,E00191,False,,,False
20250820_1648_HARP13652_NOAA14203,2025-08-20 16:48:00+00:00,13652,14203,block_download_or_coverage,,,2025,E00191,False,,,False
20250820_1824_HARP13652_NOAA14203,2025-08-20 18:24:00+00:00,13652,14203,block_download_or_coverage,,,2025,E00191,False,,,False
20250820_2012_HARP13652_NOAA14203,2025-08-20 20:12:00+00:00,13652,14203,block_download_or_coverage,,,2025,E00191,False,,,False
20250820_2148_HARP13652_NOAA14203,2025-08-20 21:48:00+00:00,13652,14203,block_download_or_coverage,,,2025,E00191,False,,,False
20250820_2324_HARP13652_NOAA14203,2025-08-20 23:24:00+00:00,13652,14203,block_download_or_coverage,,,2025,E00191,False,,,False
20250821_0100_HARP13652_NOAA14203,2025-08-21 01:00:00+00:00,13652,14203,block_download_or_coverage,,,2025,E00191,False,,,False
20250821_0236_HARP13652_NOAA14203,2025-08-21 02:36:00+00:00,13652,14203,block_download_or_coverage,,,2025,E00191,False,,,False
20250821_0412_HARP13652_NOAA14203,2025-08-21 04:12:00+00:00,13652,14203,block_download_or_coverage,,,2025,E00191,False,,,False
20250821_0548_HARP13652_NOAA14203,2025-08-21 05:48:00+00:00,13652,14203,block_download_or_coverage,,,2025,E00191,False,,,False
20250821_0724_HARP13652_NOAA14203,2025-08-21 07:24:00+00:00,13652,14203,block_download_or_coverage,,,2025,E00191,False,,,False
20250821_0900_HARP13652_NOAA14203,2025-08-21 09:00:00+00:00,13652,14203,block_download_or_coverage,,,2025,E00191,False,,,False
20250821_1036_HARP13652_NOAA14203,2025-08-21 10:36:00+00:00,13652,14203,block_download_or_coverage,,,2025,E00191,False,,,False
20250821_1212_HARP13652_NOAA14203,2025-08-21 12:12:00+00:00,13652,14203,block_download_or_coverage,,,2025,E00191,False,,,False
20250821_1348_HARP13652_NOAA14203,2025-08-21 13:48:00+00:00,13652,14203,block_download_or_coverage,,,2025,E00191,False,,,False
20250821_1524_HARP13652_NOAA14203,2025-08-21 15:24:00+00:00,13652,14203,block_download_or_coverage,,,2025,E00191,False,,,False
20250821_1700_HARP13652_NOAA14203,2025-08-21 17:00:00+00:00,13652,14203,block_download_or_coverage,,,2025,E00191,False,,,False
20250821_1836_HARP13652_NOAA14203,2025-08-21 18:36:00+00:00,13652,14203,block_download_or_coverage,,,2025,E00191,False,,,False
20250821_2012_HARP13652_NOAA14203,2025-08-21 20:12:00+00:00,13652,14203,block_download_or_coverage,,,2025,E00191,False,,,False
20250821_2148_HARP13652_NOAA14203,2025-08-21 21:48:00+00:00,13652,14203,block_download_or_coverage,,,2025,E00191,False,,,False
20250821_2324_HARP13652_NOAA14203,2025-08-21 23:24:00+00:00,13652,14203,block_download_or_coverage,,,2025,E00191,False,,,False
20250822_0100_HARP13652_NOAA14203,2025-08-22 01:00:00+00:00,13652,14203,block_download_or_coverage,,,2025,E00191,False,,,False
20250822_0236_HARP13652_NOAA14203,2025-08-22 02:36:00+00:00,13652,14203,block_download_or_coverage,,,2025,E00191,False,,,False
20250822_0412_HARP13652_NOAA14203,2025-08-22 04:12:00+00:00,13652,14203,block_download_or_coverage,,,2025,E00191,False,,,False
20250822_0548_HARP13652_NOAA14203,2025-08-22 05:48:00+00:00,13652,14203,block_download_or_coverage,,,2025,E00191,False,,,False
20250822_0724_HARP13652_NOAA14203,2025-08-22 07:24:00+00:00,13652,14203,block_download_or_coverage,,,2025,E00191,False,,,False
20250822_0900_HARP13652_NOAA14203,2025-08-22 09:00:00+00:00,13652,14203,block_download_or_coverage,,,2025,E00191,False,,,False
20250822_1036_HARP13652_NOAA14203,2025-08-22 10:36:00+00:00,13652,14203,block_download_or_coverage,,,2025,E00191,False,,,False
20250822_1212_HARP13652_NOAA14203,2025-08-22 12:12:00+00:00,13652,14203,block_download_or_coverage,,,2025,E00191,False,,,False
20250822_1348_HARP13652_NOAA14203,2025-08-22 13:48:00+00:00,13652,14203,block_download_or_coverage,,,2025,E00191,False,,,False
20250822_1524_HARP13652_NOAA14203,2025-08-22 15:24:00+00:00,13652,14203,block_download_or_coverage,,,2025,E00191,False,,,False
20250822_1700_HARP13652_NOAA14203,2025-08-22 17:00:00+00:00,13652,14203,block_download_or_coverage,,,2025,E00191,False,,,False
20250822_1836_HARP13652_NOAA14203,2025-08-22 18:36:00+00:00,13652,14203,block_download_or_coverage,,,2025,E00191,False,,,False
20250822_2012_HARP13652_NOAA14203,2025-08-22 20:12:00+00:00,13652,14203,block_download_or_coverage,,,2025,E00191,False,,,False
20250822_2148_HARP13652_NOAA14203,2025-08-22 21:48:00+00:00,13652,14203,block_download_or_coverage,,,2025,E00191,False,,,False
20250822_2324_HARP13652_NOAA14203,2025-08-22 23:24:00+00:00,13652,14203,block_download_or_coverage,,,2025,E00191,False,,,False
20250823_0100_HARP13652_NOAA14203,2025-08-23 01:00:00+00:00,13652,14203,block_download_or_coverage,,,2025,E00191,False,,,False
20250823_0236_HARP13652_NOAA14203,2025-08-23 02:36:00+00:00,13652,14203,block_download_or_coverage,,,2025,E00191,False,,,False
20250823_0412_HARP13652_NOAA14203,2025-08-23 04:12:00+00:00,13652,14203,block_download_or_coverage,,,2025,E00191,False,,,False
20250823_0548_HARP13652_NOAA14203,2025-08-23 05:48:00+00:00,13652,14203,block_download_or_coverage,,,2025,E00191,False,,,False
20250823_0724_HARP13652_NOAA14203,2025-08-23 07:24:00+00:00,13652,14203,block_download_or_coverage,,,2025,E00191,False,,,False
20250823_0900_HARP13652_NOAA14203,2025-08-23 09:00:00+00:00,13652,14203,block_download_or_coverage,,,2025,E00191,False,,,False
20250823_1036_HARP13652_NOAA14203,2025-08-23 10:36:00+00:00,13652,14203,block_download_or_coverage,,,2025,E00191,False,,,False
20250823_1212_HARP13652_NOAA14203,2025-08-23 12:12:00+00:00,13652,14203,block_download_or_coverage,,,2025,E00191,False,,,False
20250823_1348_HARP13652_NOAA14203,2025-08-23 13:48:00+00:00,13652,14203,block_download_or_coverage,,,2025,E00191,False,,,False
20250823_1524_HARP13652_NOAA14203,2025-08-23 15:24:00+00:00,13652,14203,block_download_or_coverage,,,2025,E00191,False,,,False
20250823_1700_HARP13652_NOAA14203,2025-08-23 17:00:00+00:00,13652,14203,block_download_or_coverage,,,2025,E00191,False,,,False
20250823_1836_HARP13652_NOAA14203,2025-08-23 18:36:00+00:00,13652,14203,block_download_or_coverage,,,2025,E00191,False,,,False
20250822_1636_HARP13662_NOAA14188,2025-08-22 16:36:00+00:00,13662,14188,block_download_or_coverage,,,2025,E00192,False,,,False
20250822_1812_HARP13662_NOAA14188,2025-08-22 18:12:00+00:00,13662,14188,block_download_or_coverage,,,2025,E00192,False,,,False
20250822_1948_HARP13662_NOAA14188,2025-08-22 19:48:00+00:00,13662,14188,block_download_or_coverage,,,2025,E00192,False,,,False
20250822_2124_HARP13662_NOAA14188,2025-08-22 21:24:00+00:00,13662,14188,block_download_or_coverage,,,2025,E00192,False,,,False
20250822_2300_HARP13662_NOAA14188,2025-08-22 23:00:00+00:00,13662,14188,block_download_or_coverage,,,2025,E00192,False,,,False
20250823_0036_HARP13662_NOAA14188,2025-08-23 00:36:00+00:00,13662,14188,block_download_or_coverage,,,2025,E00192,False,,,False
20250823_0212_HARP13662_NOAA14188,2025-08-23 02:12:00+00:00,13662,14188,block_download_or_coverage,,,2025,E00192,False,,,False
20250823_0348_HARP13662_NOAA14188,2025-08-23 03:48:00+00:00,13662,14188,block_download_or_coverage,,,2025,E00192,False,,,False
20250823_0524_HARP13662_NOAA14188,2025-08-23 05:24:00+00:00,13662,14188,block_download_or_coverage,,,2025,E00192,False,,,False
20250823_0700_HARP13662_NOAA14188,2025-08-23 07:00:00+00:00,13662,14188,block_download_or_coverage,,,2025,E00192,False,,,False
20250823_0836_HARP13662_NOAA14188,2025-08-23 08:36:00+00:00,13662,14188,block_download_or_coverage,,,2025,E00192,False,,,False
20250823_1012_HARP13662_NOAA14188,2025-08-23 10:12:00+00:00,13662,14188,block_download_or_coverage,,,2025,E00192,False,,,False
20250823_1148_HARP13662_NOAA14188,2025-08-23 11:48:00+00:00,13662,14188,block_download_or_coverage,,,2025,E00192,False,,,False
20250823_1324_HARP13662_NOAA14188,2025-08-23 13:24:00+00:00,13662,14188,block_download_or_coverage,,,2025,E00192,False,,,False
20250823_1500_HARP13662_NOAA14188,2025-08-23 15:00:00+00:00,13662,14188,block_download_or_coverage,,,2025,E00192,False,,,False
20250824_1636_HARP13662_NOAA14188,2025-08-24 16:36:00+00:00,13662,14188,block_download_or_coverage,,,2025,E00193,False,57352.0,False,True
20250824_1812_HARP13662_NOAA14188,2025-08-24 18:12:00+00:00,13662,14188,block_download_or_coverage,,,2025,E00193,False,,,False
20250824_1948_HARP13662_NOAA14188,2025-08-24 19:48:00+00:00,13662,14188,block_download_or_coverage,,,2025,E00193,False,,,False
20250824_2124_HARP13662_NOAA14188,2025-08-24 21:24:00+00:00,13662,14188,block_download_or_coverage,,,2025,E00193,False,,,False
20250824_2300_HARP13662_NOAA14188,2025-08-24 23:00:00+00:00,13662,14188,block_download_or_coverage,,,2025,E00193,False,,,False
20250825_0036_HARP13662_NOAA14188,2025-08-25 00:36:00+00:00,13662,14188,block_download_or_coverage,,,2025,E00193,False,,,False
20250825_0212_HARP13662_NOAA14188,2025-08-25 02:12:00+00:00,13662,14188,block_download_or_coverage,,,2025,E00193,False,,,False
20250825_0348_HARP13662_NOAA14188,2025-08-25 03:48:00+00:00,13662,14188,block_download_or_coverage,,,2025,E00193,False,,,False
20250825_0524_HARP13662_NOAA14188,2025-08-25 05:24:00+00:00,13662,14188,block_download_or_coverage,,,2025,E00193,False,,,False
20250825_0700_HARP13662_NOAA14188,2025-08-25 07:00:00+00:00,13662,14188,block_download_or_coverage,,,2025,E00193,False,,,False
20250825_0836_HARP13662_NOAA14188,2025-08-25 08:36:00+00:00,13662,14188,block_download_or_coverage,,,2025,E00193,False,,,False
20250825_1012_HARP13662_NOAA14188,2025-08-25 10:12:00+00:00,13662,14188,block_download_or_coverage,,,2025,E00193,False,,,False
20250825_1148_HARP13662_NOAA14188,2025-08-25 11:48:00+00:00,13662,14188,block_download_or_coverage,,,2025,E00193,False,,,False
20250825_1324_HARP13662_NOAA14188,2025-08-25 13:24:00+00:00,13662,14188,block_download_or_coverage,,,2025,E00193,False,,,False
20250825_1500_HARP13662_NOAA14188,2025-08-25 15:00:00+00:00,13662,14188,block_download_or_coverage,,,2025,E00193,False,,,False
20250825_1636_HARP13662_NOAA14188,2025-08-25 16:36:00+00:00,13662,14188,block_download_or_coverage,,,2025,E00193,False,,,False
20250825_1812_HARP13662_NOAA14188,2025-08-25 18:12:00+00:00,13662,14188,block_download_or_coverage,,,2025,E00193,False,,,False
20250825_1948_HARP13662_NOAA14188,2025-08-25 19:48:00+00:00,13662,14188,block_download_or_coverage,,,2025,E00193,False,,,False
20250825_2124_HARP13662_NOAA14188,2025-08-25 21:24:00+00:00,13662,14188,block_download_or_coverage,,,2025,E00193,False,,,False
20250825_2300_HARP13662_NOAA14188,2025-08-25 23:00:00+00:00,13662,14188,block_download_or_coverage,,,2025,E00193,False,,,False
20250826_0036_HARP13662_NOAA14188,2025-08-26 00:36:00+00:00,13662,14188,block_download_or_coverage,,,2025,E00193,False,,,False
20250826_0212_HARP13662_NOAA14188,2025-08-26 02:12:00+00:00,13662,14188,block_download_or_coverage,,,2025,E00193,False,,,False
20250826_0348_HARP13662_NOAA14188,2025-08-26 03:48:00+00:00,13662,14188,block_download_or_coverage,,,2025,E00193,False,,,False
20250826_0524_HARP13662_NOAA14188,2025-08-26 05:24:00+00:00,13662,14188,block_download_or_coverage,,,2025,E00193,False,,,False
20250826_0700_HARP13662_NOAA14188,2025-08-26 07:00:00+00:00,13662,14188,block_download_or_coverage,,,2025,E00193,False,,,False
20250826_0836_HARP13662_NOAA14188,2025-08-26 08:36:00+00:00,13662,14188,block_download_or_coverage,,,2025,E00193,False,,,False
20250826_1012_HARP13662_NOAA14188,2025-08-26 10:12:00+00:00,13662,14188,block_download_or_coverage,,,2025,E00193,False,,,False
20250826_1148_HARP13662_NOAA14188,2025-08-26 11:48:00+00:00,13662,14188,block_download_or_coverage,,,2025,E00193,False,,,False
20250826_1324_HARP13662_NOAA14188,2025-08-26 13:24:00+00:00,13662,14188,block_download_or_coverage,,,2025,E00193,False,,,False
20250826_1500_HARP13662_NOAA14188,2025-08-26 15:00:00+00:00,13662,14188,block_download_or_coverage,,,2025,E00193,False,,,False
20250826_1636_HARP13662_NOAA14188,2025-08-26 16:36:00+00:00,13662,14188,block_download_or_coverage,,,2025,E00193,False,,,False
20250826_1812_HARP13662_NOAA14188,2025-08-26 18:12:00+00:00,13662,14188,block_download_or_coverage,,,2025,E00193,False,,,False
20250826_1948_HARP13662_NOAA14188,2025-08-26 19:48:00+00:00,13662,14188,block_download_or_coverage,,,2025,E00193,False,,,False
20250826_2124_HARP13662_NOAA14188,2025-08-26 21:24:00+00:00,13662,14188,block_download_or_coverage,,,2025,E00193,False,57454.0,False,True
20250826_2300_HARP13662_NOAA14188,2025-08-26 23:00:00+00:00,13662,14188,block_download_or_coverage,,,2025,E00193,False,57457.0,False,True
20250827_0036_HARP13662_NOAA14188,2025-08-27 00:36:00+00:00,13662,14188,block_download_or_coverage,,,2025,E00193,False,57461.0,False,True
20250818_2000_HARP13663_NOAA14187,2025-08-18 20:00:00+00:00,13663,14187,block_download_or_coverage,,,2025,E00194,False,,,False
20250818_2136_HARP13663_NOAA14187,2025-08-18 21:36:00+00:00,13663,14187,block_download_or_coverage,,,2025,E00194,False,,,False
20250818_2312_HARP13663_NOAA14187,2025-08-18 23:12:00+00:00,13663,14187,block_download_or_coverage,,,2025,E00194,False,,,False
20250819_0048_HARP13663_NOAA14187,2025-08-19 00:48:00+00:00,13663,14187,block_download_or_coverage,,,2025,E00194,False,,,False
20250819_0224_HARP13663_NOAA14187,2025-08-19 02:24:00+00:00,13663,14187,block_download_or_coverage,,,2025,E00194,False,,,False
20250819_0400_HARP13663_NOAA14187,2025-08-19 04:00:00+00:00,13663,14187,block_download_or_coverage,,,2025,E00194,False,,,False
20250819_0536_HARP13663_NOAA14187,2025-08-19 05:36:00+00:00,13663,14187,block_download_or_coverage,,,2025,E00194,False,,,False
20250819_0712_HARP13663_NOAA14187,2025-08-19 07:12:00+00:00,13663,14187,block_download_or_coverage,,,2025,E00194,False,,,False
20250819_0848_HARP13663_NOAA14187,2025-08-19 08:48:00+00:00,13663,14187,block_download_or_coverage,,,2025,E00194,False,,,False
20250819_1024_HARP13663_NOAA14187,2025-08-19 10:24:00+00:00,13663,14187,block_download_or_coverage,,,2025,E00194,False,,,False
20250819_1200_HARP13663_NOAA14187,2025-08-19 12:00:00+00:00,13663,14187,block_download_or_coverage,,,2025,E00194,False,,,False
20250819_1336_HARP13663_NOAA14187,2025-08-19 13:36:00+00:00,13663,14187,block_download_or_coverage,,,2025,E00194,False,,,False
20250819_1512_HARP13663_NOAA14187,2025-08-19 15:12:00+00:00,13663,14187,block_download_or_coverage,,,2025,E00194,False,,,False
20250819_1648_HARP13663_NOAA14187,2025-08-19 16:48:00+00:00,13663,14187,block_download_or_coverage,,,2025,E00194,False,,,False
20250819_1824_HARP13663_NOAA14187,2025-08-19 18:24:00+00:00,13663,14187,block_download_or_coverage,,,2025,E00194,False,,,False
20250819_2000_HARP13663_NOAA14187,2025-08-19 20:00:00+00:00,13663,14187,block_download_or_coverage,,,2025,E00194,False,,,False
20250819_2136_HARP13663_NOAA14187,2025-08-19 21:36:00+00:00,13663,14187,block_download_or_coverage,,,2025,E00194,False,,,False
20250819_2312_HARP13663_NOAA14187,2025-08-19 23:12:00+00:00,13663,14187,block_download_or_coverage,,,2025,E00194,False,,,False
20250820_0048_HARP13663_NOAA14187,2025-08-20 00:48:00+00:00,13663,14187,block_download_or_coverage,,,2025,E00194,False,,,False
20250820_0224_HARP13663_NOAA14187,2025-08-20 02:24:00+00:00,13663,14187,block_download_or_coverage,,,2025,E00194,False,,,False
20250820_0400_HARP13663_NOAA14187,2025-08-20 04:00:00+00:00,13663,14187,block_download_or_coverage,,,2025,E00194,False,,,False
20250820_0536_HARP13663_NOAA14187,2025-08-20 05:36:00+00:00,13663,14187,block_download_or_coverage,,,2025,E00194,False,,,False
20250820_0712_HARP13663_NOAA14187,2025-08-20 07:12:00+00:00,13663,14187,block_download_or_coverage,,,2025,E00194,False,,,False
20250820_0848_HARP13663_NOAA14187,2025-08-20 08:48:00+00:00,13663,14187,block_download_or_coverage,,,2025,E00194,False,,,False
20250820_1024_HARP13663_NOAA14187,2025-08-20 10:24:00+00:00,13663,14187,block_download_or_coverage,,,2025,E00194,False,,,False
20250820_1200_HARP13663_NOAA14187,2025-08-20 12:00:00+00:00,13663,14187,block_download_or_coverage,,,2025,E00194,False,,,False
20250820_1336_HARP13663_NOAA14187,2025-08-20 13:36:00+00:00,13663,14187,block_download_or_coverage,,,2025,E00194,False,,,False
20250820_1512_HARP13663_NOAA14187,2025-08-20 15:12:00+00:00,13663,14187,block_download_or_coverage,,,2025,E00194,False,,,False
20250820_1648_HARP13663_NOAA14187,2025-08-20 16:48:00+00:00,13663,14187,block_download_or_coverage,,,2025,E00194,False,,,False
20250820_1824_HARP13663_NOAA14187,2025-08-20 18:24:00+00:00,13663,14187,block_download_or_coverage,,,2025,E00194,False,,,False
20250820_2012_HARP13663_NOAA14187,2025-08-20 20:12:00+00:00,13663,14187,block_download_or_coverage,,,2025,E00194,False,,,False
20250820_2148_HARP13663_NOAA14187,2025-08-20 21:48:00+00:00,13663,14187,block_download_or_coverage,,,2025,E00194,False,,,False
20250820_2324_HARP13663_NOAA14187,2025-08-20 23:24:00+00:00,13663,14187,block_download_or_coverage,,,2025,E00194,False,,,False
20250821_0100_HARP13663_NOAA14187,2025-08-21 01:00:00+00:00,13663,14187,block_download_or_coverage,,,2025,E00194,False,,,False
20250821_0236_HARP13663_NOAA14187,2025-08-21 02:36:00+00:00,13663,14187,block_download_or_coverage,,,2025,E00194,False,,,False
20250821_0412_HARP13663_NOAA14187,2025-08-21 04:12:00+00:00,13663,14187,block_download_or_coverage,,,2025,E00194,False,,,False
20250821_0548_HARP13663_NOAA14187,2025-08-21 05:48:00+00:00,13663,14187,block_download_or_coverage,,,2025,E00194,False,,,False
20250821_0724_HARP13663_NOAA14187,2025-08-21 07:24:00+00:00,13663,14187,block_download_or_coverage,,,2025,E00194,False,,,False
20250821_0900_HARP13663_NOAA14187,2025-08-21 09:00:00+00:00,13663,14187,block_download_or_coverage,,,2025,E00194,False,,,False
20250821_1036_HARP13663_NOAA14187,2025-08-21 10:36:00+00:00,13663,14187,block_download_or_coverage,,,2025,E00194,False,,,False
20250821_1212_HARP13663_NOAA14187,2025-08-21 12:12:00+00:00,13663,14187,block_download_or_coverage,,,2025,E00194,False,,,False
20250821_1348_HARP13663_NOAA14187,2025-08-21 13:48:00+00:00,13663,14187,block_download_or_coverage,,,2025,E00194,False,,,False
20250821_1524_HARP13663_NOAA14187,2025-08-21 15:24:00+00:00,13663,14187,block_download_or_coverage,,,2025,E00194,False,,,False
20250821_1700_HARP13663_NOAA14187,2025-08-21 17:00:00+00:00,13663,14187,block_download_or_coverage,,,2025,E00194,False,,,False
20250821_1836_HARP13663_NOAA14187,2025-08-21 18:36:00+00:00,13663,14187,block_download_or_coverage,,,2025,E00194,False,,,False
20250821_2012_HARP13663_NOAA14187,2025-08-21 20:12:00+00:00,13663,14187,block_download_or_coverage,,,2025,E00194,False,,,False
20250821_2148_HARP13663_NOAA14187,2025-08-21 21:48:00+00:00,13663,14187,block_download_or_coverage,,,2025,E00194,False,,,False
20250821_2324_HARP13663_NOAA14187,2025-08-21 23:24:00+00:00,13663,14187,block_download_or_coverage,,,2025,E00194,False,,,False
20250822_0100_HARP13663_NOAA14187,2025-08-22 01:00:00+00:00,13663,14187,block_download_or_coverage,,,2025,E00194,False,,,False
20250822_0236_HARP13663_NOAA14187,2025-08-22 02:36:00+00:00,13663,14187,block_download_or_coverage,,,2025,E00194,False,,,False
20250822_0412_HARP13663_NOAA14187,2025-08-22 04:12:00+00:00,13663,14187,block_download_or_coverage,,,2025,E00194,False,,,False
20250822_0548_HARP13663_NOAA14187,2025-08-22 05:48:00+00:00,13663,14187,block_download_or_coverage,,,2025,E00194,False,,,False
20250822_0724_HARP13663_NOAA14187,2025-08-22 07:24:00+00:00,13663,14187,block_download_or_coverage,,,2025,E00194,False,,,False
20250822_0900_HARP13663_NOAA14187,2025-08-22 09:00:00+00:00,13663,14187,block_download_or_coverage,,,2025,E00194,False,,,False
20250822_1036_HARP13663_NOAA14187,2025-08-22 10:36:00+00:00,13663,14187,block_download_or_coverage,,,2025,E00194,False,,,False
20250822_1212_HARP13663_NOAA14187,2025-08-22 12:12:00+00:00,13663,14187,block_download_or_coverage,,,2025,E00194,False,,,False
20250822_1348_HARP13663_NOAA14187,2025-08-22 13:48:00+00:00,13663,14187,block_download_or_coverage,,,2025,E00194,False,,,False
20250822_1524_HARP13663_NOAA14187,2025-08-22 15:24:00+00:00,13663,14187,block_download_or_coverage,,,2025,E00194,False,,,False
20250822_1700_HARP13663_NOAA14187,2025-08-22 17:00:00+00:00,13663,14187,block_download_or_coverage,,,2025,E00194,False,,,False
20250822_1836_HARP13663_NOAA14187,2025-08-22 18:36:00+00:00,13663,14187,block_download_or_coverage,,,2025,E00194,False,,,False
20250823_0524_HARP13671_NOAA14193,2025-08-23 05:24:00+00:00,13671,14193,block_download_or_coverage,,,2025,E00195,False,,,False
20250823_0700_HARP13671_NOAA14193,2025-08-23 07:00:00+00:00,13671,14193,block_download_or_coverage,,,2025,E00195,False,,,False
20250823_0836_HARP13671_NOAA14193,2025-08-23 08:36:00+00:00,13671,14193,block_download_or_coverage,,,2025,E00195,False,,,False
20250823_1012_HARP13671_NOAA14193,2025-08-23 10:12:00+00:00,13671,14193,block_download_or_coverage,,,2025,E00195,False,,,False
20250823_1148_HARP13671_NOAA14193,2025-08-23 11:48:00+00:00,13671,14193,block_download_or_coverage,,,2025,E00195,False,,,False
20250823_1324_HARP13671_NOAA14193,2025-08-23 13:24:00+00:00,13671,14193,block_download_or_coverage,,,2025,E00195,False,,,False
20250823_1500_HARP13671_NOAA14193,2025-08-23 15:00:00+00:00,13671,14193,block_download_or_coverage,,,2025,E00195,False,,,False
20250823_1636_HARP13671_NOAA14193,2025-08-23 16:36:00+00:00,13671,14193,block_download_or_coverage,,,2025,E00195,False,,,False
20250823_1812_HARP13671_NOAA14193,2025-08-23 18:12:00+00:00,13671,14193,block_download_or_coverage,,,2025,E00195,False,,,False
20250823_1948_HARP13671_NOAA14193,2025-08-23 19:48:00+00:00,13671,14193,block_download_or_coverage,,,2025,E00195,False,,,False
20250823_2124_HARP13671_NOAA14193,2025-08-23 21:24:00+00:00,13671,14193,block_download_or_coverage,,,2025,E00195,False,,,False
20250823_2300_HARP13671_NOAA14193,2025-08-23 23:00:00+00:00,13671,14193,block_download_or_coverage,,,2025,E00195,False,,,False
20250824_0036_HARP13671_NOAA14193,2025-08-24 00:36:00+00:00,13671,14193,block_download_or_coverage,,,2025,E00195,False,,,False
20250824_0212_HARP13671_NOAA14193,2025-08-24 02:12:00+00:00,13671,14193,block_download_or_coverage,,,2025,E00195,False,,,False
20250824_0348_HARP13671_NOAA14193,2025-08-24 03:48:00+00:00,13671,14193,block_download_or_coverage,,,2025,E00195,False,,,False
20250825_0524_HARP13671_NOAA14193,2025-08-25 05:24:00+00:00,13671,14193,block_download_or_coverage,,,2025,E00196,False,57375.0,False,True
20250825_0700_HARP13671_NOAA14193,2025-08-25 07:00:00+00:00,13671,14193,block_download_or_coverage,,,2025,E00196,False,,,False
20250825_0836_HARP13671_NOAA14193,2025-08-25 08:36:00+00:00,13671,14193,block_download_or_coverage,,,2025,E00196,False,,,False
20250825_1012_HARP13671_NOAA14193,2025-08-25 10:12:00+00:00,13671,14193,block_download_or_coverage,,,2025,E00196,False,,,False
20250825_1148_HARP13671_NOAA14193,2025-08-25 11:48:00+00:00,13671,14193,block_download_or_coverage,,,2025,E00196,False,,,False
20250825_1324_HARP13671_NOAA14193,2025-08-25 13:24:00+00:00,13671,14193,block_download_or_coverage,,,2025,E00196,False,,,False
20250825_1500_HARP13671_NOAA14193,2025-08-25 15:00:00+00:00,13671,14193,block_download_or_coverage,,,2025,E00196,False,,,False
20250825_1636_HARP13671_NOAA14193,2025-08-25 16:36:00+00:00,13671,14193,block_download_or_coverage,,,2025,E00196,False,,,False
20250825_1812_HARP13671_NOAA14193,2025-08-25 18:12:00+00:00,13671,14193,block_download_or_coverage,,,2025,E00196,False,,,False
20250825_1948_HARP13671_NOAA14193,2025-08-25 19:48:00+00:00,13671,14193,block_download_or_coverage,,,2025,E00196,False,,,False
20250825_2124_HARP13671_NOAA14193,2025-08-25 21:24:00+00:00,13671,14193,block_download_or_coverage,,,2025,E00196,False,,,False
20250825_2300_HARP13671_NOAA14193,2025-08-25 23:00:00+00:00,13671,14193,block_download_or_coverage,,,2025,E00196,False,,,False
20250826_0036_HARP13671_NOAA14193,2025-08-26 00:36:00+00:00,13671,14193,block_download_or_coverage,,,2025,E00196,False,,,False
20250826_0212_HARP13671_NOAA14193,2025-08-26 02:12:00+00:00,13671,14193,block_download_or_coverage,,,2025,E00196,False,,,False
20250826_0348_HARP13671_NOAA14193,2025-08-26 03:48:00+00:00,13671,14193,block_download_or_coverage,,,2025,E00196,False,,,False
20250822_2200_HARP13673_NOAA14190,2025-08-22 22:00:00+00:00,13673,14190,block_download_or_coverage,,,2025,E00197,False,,,False
20250822_2336_HARP13673_NOAA14190,2025-08-22 23:36:00+00:00,13673,14190,block_download_or_coverage,,,2025,E00197,False,,,False
20250823_0112_HARP13673_NOAA14190,2025-08-23 01:12:00+00:00,13673,14190,block_download_or_coverage,,,2025,E00197,False,,,False
20250823_0312_HARP13673_NOAA14190,2025-08-23 03:12:00+00:00,13673,14190,block_download_or_coverage,,,2025,E00197,False,,,False
20250823_0448_HARP13673_NOAA14190,2025-08-23 04:48:00+00:00,13673,14190,block_download_or_coverage,,,2025,E00197,False,,,False
20250823_0624_HARP13673_NOAA14190,2025-08-23 06:24:00+00:00,13673,14190,block_download_or_coverage,,,2025,E00197,False,,,False
20250823_0800_HARP13673_NOAA14190,2025-08-23 08:00:00+00:00,13673,14190,block_download_or_coverage,,,2025,E00197,False,,,False
20250823_0936_HARP13673_NOAA14190,2025-08-23 09:36:00+00:00,13673,14190,block_download_or_coverage,,,2025,E00197,False,,,False
20250823_1112_HARP13673_NOAA14190,2025-08-23 11:12:00+00:00,13673,14190,block_download_or_coverage,,,2025,E00197,False,,,False
20250823_1248_HARP13673_NOAA14190,2025-08-23 12:48:00+00:00,13673,14190,block_download_or_coverage,,,2025,E00197,False,,,False
20250823_1424_HARP13673_NOAA14190,2025-08-23 14:24:00+00:00,13673,14190,block_download_or_coverage,,,2025,E00197,False,,,False
20250823_1924_HARP13673_NOAA14190,2025-08-23 19:24:00+00:00,13673,14190,block_download_or_coverage,,,2025,E00198,False,,,False
20250823_2124_HARP13673_NOAA14190,2025-08-23 21:24:00+00:00,13673,14190,block_download_or_coverage,,,2025,E00198,False,,,False
20250823_2336_HARP13673_NOAA14190,2025-08-23 23:36:00+00:00,13673,14190,block_download_or_coverage,,,2025,E00198,False,,,False
20250824_0112_HARP13673_NOAA14190,2025-08-24 01:12:00+00:00,13673,14190,block_download_or_coverage,,,2025,E00198,False,,,False
20250824_0336_HARP13673_NOAA14190,2025-08-24 03:36:00+00:00,13673,14190,block_download_or_coverage,,,2025,E00198,False,,,False
20250824_0624_HARP13673_NOAA14190,2025-08-24 06:24:00+00:00,13673,14190,block_download_or_coverage,,,2025,E00198,False,,,False
20250824_0824_HARP13673_NOAA14190,2025-08-24 08:24:00+00:00,13673,14190,block_download_or_coverage,,,2025,E00198,False,,,False
20250824_1000_HARP13673_NOAA14190,2025-08-24 10:00:00+00:00,13673,14190,block_download_or_coverage,,,2025,E00198,False,,,False
20250824_1148_HARP13673_NOAA14190,2025-08-24 11:48:00+00:00,13673,14190,block_download_or_coverage,,,2025,E00198,False,,,False
20250824_1636_HARP13673_NOAA14190,2025-08-24 16:36:00+00:00,13673,14190,block_download_or_coverage,,,2025,E00199,False,,,False
20250824_1812_HARP13673_NOAA14190,2025-08-24 18:12:00+00:00,13673,14190,block_download_or_coverage,,,2025,E00199,False,,,False
20250824_1948_HARP13673_NOAA14190,2025-08-24 19:48:00+00:00,13673,14190,block_download_or_coverage,,,2025,E00199,False,,,False
20250824_2124_HARP13673_NOAA14190,2025-08-24 21:24:00+00:00,13673,14190,block_download_or_coverage,,,2025,E00199,False,57360.0,False,True
20250824_2300_HARP13673_NOAA14190,2025-08-24 23:00:00+00:00,13673,14190,block_download_or_coverage,,,2025,E00199,False,57363.0,False,True
20250825_0812_HARP13673_NOAA14190,2025-08-25 08:12:00+00:00,13673,14190,block_download_or_coverage,,,2025,E00200,False,,,False
20250825_1000_HARP13673_NOAA14190,2025-08-25 10:00:00+00:00,13673,14190,block_download_or_coverage,,,2025,E00200,False,,,False
20250825_1136_HARP13673_NOAA14190,2025-08-25 11:36:00+00:00,13673,14190,block_download_or_coverage,,,2025,E00200,False,,,False
20250825_1312_HARP13673_NOAA14190,2025-08-25 13:12:00+00:00,13673,14190,block_download_or_coverage,,,2025,E00200,False,,,False
20250825_1448_HARP13673_NOAA14190,2025-08-25 14:48:00+00:00,13673,14190,block_download_or_coverage,,,2025,E00200,False,57389.0,False,True
20250825_1624_HARP13673_NOAA14190,2025-08-25 16:24:00+00:00,13673,14190,block_download_or_coverage,,,2025,E00200,False,57394.0,False,True
20250825_1936_HARP13673_NOAA14190,2025-08-25 19:36:00+00:00,13673,14190,block_download_or_coverage,,,2025,E00200,False,,,False
20250825_2112_HARP13673_NOAA14190,2025-08-25 21:12:00+00:00,13673,14190,block_download_or_coverage,,,2025,E00200,False,,,False
20250825_2248_HARP13673_NOAA14190,2025-08-25 22:48:00+00:00,13673,14190,block_download_or_coverage,,,2025,E00200,False,,,False
20250826_0024_HARP13673_NOAA14190,2025-08-26 00:24:00+00:00,13673,14190,block_download_or_coverage,,,2025,E00200,False,57410.0,False,True
20250826_0200_HARP13673_NOAA14190,2025-08-26 02:00:00+00:00,13673,14190,block_download_or_coverage,,,2025,E00200,False,57414.0,False,True
20250826_0336_HARP13673_NOAA14190,2025-08-26 03:36:00+00:00,13673,14190,block_download_or_coverage,,,2025,E00200,False,57418.0,False,True
20250826_0512_HARP13673_NOAA14190,2025-08-26 05:12:00+00:00,13673,14190,block_download_or_coverage,,,2025,E00200,False,57422.0,False,True
20250826_0648_HARP13673_NOAA14190,2025-08-26 06:48:00+00:00,13673,14190,block_download_or_coverage,,,2025,E00200,False,57426.0,False,True
20250826_0824_HARP13673_NOAA14190,2025-08-26 08:24:00+00:00,13673,14190,block_download_or_coverage,,,2025,E00200,False,57430.0,False,True
20250826_1000_HARP13673_NOAA14190,2025-08-26 10:00:00+00:00,13673,14190,block_download_or_coverage,,,2025,E00200,False,57434.0,False,True
20250826_1136_HARP13673_NOAA14190,2025-08-26 11:36:00+00:00,13673,14190,block_download_or_coverage,,,2025,E00200,False,57438.0,False,True
20250826_1312_HARP13673_NOAA14190,2025-08-26 13:12:00+00:00,13673,14190,block_download_or_coverage,,,2025,E00200,False,57441.0,False,True
20250826_1448_HARP13673_NOAA14190,2025-08-26 14:48:00+00:00,13673,14190,block_download_or_coverage,,,2025,E00200,False,57444.0,False,True
20250826_1624_HARP13673_NOAA14190,2025-08-26 16:24:00+00:00,13673,14190,block_download_or_coverage,,,2025,E00200,False,57447.0,False,True
20250826_1036_HARP13675_NOAA14191,2025-08-26 10:36:00+00:00,13675,14191,block_download_or_coverage,,,2025,E00201,False,57436.0,False,True
20250826_1212_HARP13675_NOAA14191,2025-08-26 12:12:00+00:00,13675,14191,block_download_or_coverage,,,2025,E00201,False,,,False
20250826_1348_HARP13675_NOAA14191,2025-08-26 13:48:00+00:00,13675,14191,block_download_or_coverage,,,2025,E00201,False,,,False
20250826_1524_HARP13675_NOAA14191,2025-08-26 15:24:00+00:00,13675,14191,block_download_or_coverage,,,2025,E00201,False,,,False
20250826_1700_HARP13675_NOAA14191,2025-08-26 17:00:00+00:00,13675,14191,block_download_or_coverage,,,2025,E00201,False,,,False
20250826_1836_HARP13675_NOAA14191,2025-08-26 18:36:00+00:00,13675,14191,block_download_or_coverage,,,2025,E00201,False,,,False
20250826_2012_HARP13675_NOAA14191,2025-08-26 20:12:00+00:00,13675,14191,block_download_or_coverage,,,2025,E00201,False,,,False
20250826_2148_HARP13675_NOAA14191,2025-08-26 21:48:00+00:00,13675,14191,block_download_or_coverage,,,2025,E00201,False,,,False
20250826_2324_HARP13675_NOAA14191,2025-08-26 23:24:00+00:00,13675,14191,block_download_or_coverage,,,2025,E00201,False,,,False
20250827_0100_HARP13675_NOAA14191,2025-08-27 01:00:00+00:00,13675,14191,block_download_or_coverage,,,2025,E00201,False,,,False
20250827_0236_HARP13675_NOAA14191,2025-08-27 02:36:00+00:00,13675,14191,block_download_or_coverage,,,2025,E00201,False,,,False
20250827_0412_HARP13675_NOAA14191,2025-08-27 04:12:00+00:00,13675,14191,block_download_or_coverage,,,2025,E00201,False,,,False
20250827_0548_HARP13675_NOAA14191,2025-08-27 05:48:00+00:00,13675,14191,block_download_or_coverage,,,2025,E00201,False,,,False
20250827_0724_HARP13675_NOAA14191,2025-08-27 07:24:00+00:00,13675,14191,block_download_or_coverage,,,2025,E00201,False,,,False
20250827_0900_HARP13675_NOAA14191,2025-08-27 09:00:00+00:00,13675,14191,block_download_or_coverage,,,2025,E00201,False,,,False
20250827_1036_HARP13675_NOAA14191,2025-08-27 10:36:00+00:00,13675,14191,block_download_or_coverage,,,2025,E00201,False,,,False
20250827_1212_HARP13675_NOAA14191,2025-08-27 12:12:00+00:00,13675,14191,block_download_or_coverage,,,2025,E00201,False,,,False
20250827_1348_HARP13675_NOAA14191,2025-08-27 13:48:00+00:00,13675,14191,block_download_or_coverage,,,2025,E00201,False,,,False
20250827_1524_HARP13675_NOAA14191,2025-08-27 15:24:00+00:00,13675,14191,block_download_or_coverage,,,2025,E00201,False,57478.0,False,True
20250827_1700_HARP13675_NOAA14191,2025-08-27 17:00:00+00:00,13675,14191,block_download_or_coverage,,,2025,E00201,False,57480.0,False,True
20250827_1836_HARP13675_NOAA14191,2025-08-27 18:36:00+00:00,13675,14191,block_download_or_coverage,,,2025,E00201,False,57482.0,False,True
20250827_2036_HARP13675_NOAA14191,2025-08-27 20:36:00+00:00,13675,14191,block_download_or_coverage,,,2025,E00201,False,,,False
20250827_2212_HARP13675_NOAA14191,2025-08-27 22:12:00+00:00,13675,14191,block_download_or_coverage,,,2025,E00201,False,,,False
20250827_2348_HARP13675_NOAA14191,2025-08-27 23:48:00+00:00,13675,14191,block_download_or_coverage,,,2025,E00201,False,,,False
20250828_0124_HARP13675_NOAA14191,2025-08-28 01:24:00+00:00,13675,14191,block_download_or_coverage,,,2025,E00201,False,57484.0,False,True
20250828_0300_HARP13675_NOAA14191,2025-08-28 03:00:00+00:00,13675,14191,block_download_or_coverage,,,2025,E00201,False,57486.0,False,True
20250828_0436_HARP13675_NOAA14191,2025-08-28 04:36:00+00:00,13675,14191,block_download_or_coverage,,,2025,E00201,False,57488.0,False,True
20250828_0612_HARP13675_NOAA14191,2025-08-28 06:12:00+00:00,13675,14191,block_download_or_coverage,,,2025,E00201,False,57490.0,False,True
20250828_0748_HARP13675_NOAA14191,2025-08-28 07:48:00+00:00,13675,14191,block_download_or_coverage,,,2025,E00201,False,57491.0,False,True
20250828_0924_HARP13675_NOAA14191,2025-08-28 09:24:00+00:00,13675,14191,block_download_or_coverage,,,2025,E00201,False,57493.0,False,True
20250828_1100_HARP13675_NOAA14191,2025-08-28 11:00:00+00:00,13675,14191,block_download_or_coverage,,,2025,E00201,False,57495.0,False,True
20250828_1236_HARP13675_NOAA14191,2025-08-28 12:36:00+00:00,13675,14191,block_download_or_coverage,,,2025,E00201,False,57497.0,False,True
20250828_1412_HARP13675_NOAA14191,2025-08-28 14:12:00+00:00,13675,14191,block_download_or_coverage,,,2025,E00201,False,57499.0,False,True
20250828_1548_HARP13675_NOAA14191,2025-08-28 15:48:00+00:00,13675,14191,block_download_or_coverage,,,2025,E00201,False,57501.0,False,True
20250828_1724_HARP13675_NOAA14191,2025-08-28 17:24:00+00:00,13675,14191,block_download_or_coverage,,,2025,E00201,False,57503.0,False,True
20250828_1900_HARP13675_NOAA14191,2025-08-28 19:00:00+00:00,13675,14191,block_download_or_coverage,,,2025,E00201,False,57505.0,False,True
20250828_2036_HARP13675_NOAA14191,2025-08-28 20:36:00+00:00,13675,14191,block_download_or_coverage,,,2025,E00201,False,57507.0,False,True
20250828_2212_HARP13675_NOAA14191,2025-08-28 22:12:00+00:00,13675,14191,block_download_or_coverage,,,2025,E00201,False,57509.0,False,True
20250828_2348_HARP13675_NOAA14191,2025-08-28 23:48:00+00:00,13675,14191,block_download_or_coverage,,,2025,E00201,False,57511.0,False,True
20250829_0124_HARP13675_NOAA14191,2025-08-29 01:24:00+00:00,13675,14191,block_download_or_coverage,,,2025,E00201,False,57513.0,False,True
20250829_0300_HARP13675_NOAA14191,2025-08-29 03:00:00+00:00,13675,14191,block_download_or_coverage,,,2025,E00201,False,57515.0,False,True
20250829_0436_HARP13675_NOAA14191,2025-08-29 04:36:00+00:00,13675,14191,block_download_or_coverage,,,2025,E00201,False,57517.0,False,True
20250829_0612_HARP13675_NOAA14191,2025-08-29 06:12:00+00:00,13675,14191,block_download_or_coverage,,,2025,E00201,False,57519.0,False,True
20250821_0512_HARP13676_NOAA14189,2025-08-21 05:12:00+00:00,13676,14189,block_download_or_coverage,,,2025,E00202,False,,,False
20250821_0648_HARP13676_NOAA14189,2025-08-21 06:48:00+00:00,13676,14189,block_download_or_coverage,,,2025,E00202,False,,,False
20250821_0824_HARP13676_NOAA14189,2025-08-21 08:24:00+00:00,13676,14189,block_download_or_coverage,,,2025,E00202,False,,,False
20250821_1000_HARP13676_NOAA14189,2025-08-21 10:00:00+00:00,13676,14189,block_download_or_coverage,,,2025,E00202,False,,,False
20250821_1136_HARP13676_NOAA14189,2025-08-21 11:36:00+00:00,13676,14189,block_download_or_coverage,,,2025,E00202,False,,,False
20250821_1312_HARP13676_NOAA14189,2025-08-21 13:12:00+00:00,13676,14189,block_download_or_coverage,,,2025,E00202,False,,,False
20250821_1448_HARP13676_NOAA14189,2025-08-21 14:48:00+00:00,13676,14189,block_download_or_coverage,,,2025,E00202,False,,,False
20250821_1624_HARP13676_NOAA14189,2025-08-21 16:24:00+00:00,13676,14189,block_download_or_coverage,,,2025,E00202,False,,,False
20250821_1936_HARP13676_NOAA14189,2025-08-21 19:36:00+00:00,13676,14189,block_download_or_coverage,,,2025,E00202,False,,,False
20250821_2112_HARP13676_NOAA14189,2025-08-21 21:12:00+00:00,13676,14189,block_download_or_coverage,,,2025,E00202,False,,,False
20250821_2248_HARP13676_NOAA14189,2025-08-21 22:48:00+00:00,13676,14189,block_download_or_coverage,,,2025,E00202,False,,,False
20250822_0024_HARP13676_NOAA14189,2025-08-22 00:24:00+00:00,13676,14189,block_download_or_coverage,,,2025,E00202,False,,,False
20250822_0200_HARP13676_NOAA14189,2025-08-22 02:00:00+00:00,13676,14189,block_download_or_coverage,,,2025,E00202,False,,,False
20250822_0512_HARP13676_NOAA14189,2025-08-22 05:12:00+00:00,13676,14189,block_download_or_coverage,,,2025,E00202,False,,,False
20250822_0648_HARP13676_NOAA14189,2025-08-22 06:48:00+00:00,13676,14189,block_download_or_coverage,,,2025,E00202,False,,,False
20250822_0824_HARP13676_NOAA14189,2025-08-22 08:24:00+00:00,13676,14189,block_download_or_coverage,,,2025,E00202,False,,,False
20250822_1000_HARP13676_NOAA14189,2025-08-22 10:00:00+00:00,13676,14189,block_download_or_coverage,,,2025,E00202,False,,,False
20250822_1136_HARP13676_NOAA14189,2025-08-22 11:36:00+00:00,13676,14189,block_download_or_coverage,,,2025,E00202,False,,,False
20250822_1312_HARP13676_NOAA14189,2025-08-22 13:12:00+00:00,13676,14189,block_download_or_coverage,,,2025,E00202,False,,,False
20250822_1448_HARP13676_NOAA14189,2025-08-22 14:48:00+00:00,13676,14189,block_download_or_coverage,,,2025,E00202,False,,,False
20250822_1624_HARP13676_NOAA14189,2025-08-22 16:24:00+00:00,13676,14189,block_download_or_coverage,,,2025,E00202,False,,,False
20250822_1936_HARP13676_NOAA14189,2025-08-22 19:36:00+00:00,13676,14189,block_download_or_coverage,,,2025,E00202,False,,,False
20250822_2112_HARP13676_NOAA14189,2025-08-22 21:12:00+00:00,13676,14189,block_download_or_coverage,,,2025,E00202,False,,,False
20250822_2248_HARP13676_NOAA14189,2025-08-22 22:48:00+00:00,13676,14189,block_download_or_coverage,,,2025,E00202,False,,,False
20250823_0024_HARP13676_NOAA14189,2025-08-23 00:24:00+00:00,13676,14189,block_download_or_coverage,,,2025,E00202,False,,,False
20250823_0200_HARP13676_NOAA14189,2025-08-23 02:00:00+00:00,13676,14189,block_download_or_coverage,,,2025,E00202,False,,,False
20250823_0336_HARP13676_NOAA14189,2025-08-23 03:36:00+00:00,13676,14189,block_download_or_coverage,,,2025,E00202,False,,,False
20250823_0512_HARP13676_NOAA14189,2025-08-23 05:12:00+00:00,13676,14189,block_download_or_coverage,,,2025,E00202,False,,,False
20250823_0648_HARP13676_NOAA14189,2025-08-23 06:48:00+00:00,13676,14189,block_download_or_coverage,,,2025,E00202,False,,,False
20250823_0824_HARP13676_NOAA14189,2025-08-23 08:24:00+00:00,13676,14189,block_download_or_coverage,,,2025,E00202,False,,,False
20250823_1000_HARP13676_NOAA14189,2025-08-23 10:00:00+00:00,13676,14189,block_download_or_coverage,,,2025,E00202,False,,,False
20250823_1136_HARP13676_NOAA14189,2025-08-23 11:36:00+00:00,13676,14189,block_download_or_coverage,,,2025,E00202,False,,,False
20250823_1312_HARP13676_NOAA14189,2025-08-23 13:12:00+00:00,13676,14189,block_download_or_coverage,,,2025,E00202,False,,,False
20250823_1448_HARP13676_NOAA14189,2025-08-23 14:48:00+00:00,13676,14189,block_download_or_coverage,,,2025,E00202,False,,,False
20250823_1624_HARP13676_NOAA14189,2025-08-23 16:24:00+00:00,13676,14189,block_download_or_coverage,,,2025,E00202,False,,,False
20250823_1936_HARP13676_NOAA14189,2025-08-23 19:36:00+00:00,13676,14189,block_download_or_coverage,,,2025,E00202,False,,,False
20250823_2112_HARP13676_NOAA14189,2025-08-23 21:12:00+00:00,13676,14189,block_download_or_coverage,,,2025,E00202,False,,,False
20250823_2248_HARP13676_NOAA14189,2025-08-23 22:48:00+00:00,13676,14189,block_download_or_coverage,,,2025,E00202,False,,,False
20250824_0024_HARP13676_NOAA14189,2025-08-24 00:24:00+00:00,13676,14189,block_download_or_coverage,,,2025,E00202,False,,,False
20250824_0200_HARP13676_NOAA14189,2025-08-24 02:00:00+00:00,13676,14189,block_download_or_coverage,,,2025,E00202,False,,,False
20250824_0336_HARP13676_NOAA14189,2025-08-24 03:36:00+00:00,13676,14189,block_download_or_coverage,,,2025,E00202,False,,,False
20250824_0512_HARP13676_NOAA14189,2025-08-24 05:12:00+00:00,13676,14189,block_download_or_coverage,,,2025,E00202,False,,,False
20250824_0648_HARP13676_NOAA14189,2025-08-24 06:48:00+00:00,13676,14189,block_download_or_coverage,,,2025,E00202,False,,,False
20250824_0824_HARP13676_NOAA14189,2025-08-24 08:24:00+00:00,13676,14189,block_download_or_coverage,,,2025,E00202,False,,,False
20250824_1000_HARP13676_NOAA14189,2025-08-24 10:00:00+00:00,13676,14189,block_download_or_coverage,,,2025,E00202,False,57335.0,False,True
20250824_1136_HARP13676_NOAA14189,2025-08-24 11:36:00+00:00,13676,14189,block_download_or_coverage,,,2025,E00202,False,57339.0,False,True
20250824_1312_HARP13676_NOAA14189,2025-08-24 13:12:00+00:00,13676,14189,block_download_or_coverage,,,2025,E00202,False,57343.0,False,True
20250824_1448_HARP13676_NOAA14189,2025-08-24 14:48:00+00:00,13676,14189,block_download_or_coverage,,,2025,E00202,False,57347.0,False,True
20250824_1624_HARP13676_NOAA14189,2025-08-24 16:24:00+00:00,13676,14189,block_download_or_coverage,,,2025,E00202,False,57351.0,False,True
20250829_0300_HARP13691_NOAA14195,2025-08-29 03:00:00+00:00,13691,14195,block_download_or_coverage,,,2025,E00203,False,57516.0,False,True
20250829_0436_HARP13691_NOAA14195,2025-08-29 04:36:00+00:00,13691,14195,block_download_or_coverage,,,2025,E00203,False,57518.0,False,True
20250829_0612_HARP13691_NOAA14195,2025-08-29 06:12:00+00:00,13691,14195,block_download_or_coverage,,,2025,E00203,False,57520.0,False,True
20250829_0924_HARP13691_NOAA14195,2025-08-29 09:24:00+00:00,13691,14195,block_download_or_coverage,,,2025,E00203,False,,,False
20250829_1100_HARP13691_NOAA14195,2025-08-29 11:00:00+00:00,13691,14195,block_download_or_coverage,,,2025,E00203,False,,,False
20250829_1236_HARP13691_NOAA14195,2025-08-29 12:36:00+00:00,13691,14195,block_download_or_coverage,,,2025,E00203,False,,,False
20250829_1412_HARP13691_NOAA14195,2025-08-29 14:12:00+00:00,13691,14195,block_download_or_coverage,,,2025,E00203,False,,,False
20250829_1548_HARP13691_NOAA14195,2025-08-29 15:48:00+00:00,13691,14195,block_download_or_coverage,,,2025,E00203,False,,,False
20250829_1724_HARP13691_NOAA14195,2025-08-29 17:24:00+00:00,13691,14195,block_download_or_coverage,,,2025,E00203,False,,,False
20250829_1900_HARP13691_NOAA14195,2025-08-29 19:00:00+00:00,13691,14195,block_download_or_coverage,,,2025,E00203,False,,,False
20250829_2036_HARP13691_NOAA14195,2025-08-29 20:36:00+00:00,13691,14195,block_download_or_coverage,,,2025,E00203,False,,,False
20250829_2212_HARP13691_NOAA14195,2025-08-29 22:12:00+00:00,13691,14195,block_download_or_coverage,,,2025,E00203,False,,,False
20250829_2348_HARP13691_NOAA14195,2025-08-29 23:48:00+00:00,13691,14195,block_download_or_coverage,,,2025,E00203,False,,,False
20250830_0124_HARP13691_NOAA14195,2025-08-30 01:24:00+00:00,13691,14195,block_download_or_coverage,,,2025,E00203,False,,,False
20250830_0300_HARP13691_NOAA14195,2025-08-30 03:00:00+00:00,13691,14195,block_download_or_coverage,,,2025,E00203,False,,,False
20250830_0436_HARP13691_NOAA14195,2025-08-30 04:36:00+00:00,13691,14195,block_download_or_coverage,,,2025,E00203,False,,,False
20250830_0612_HARP13691_NOAA14195,2025-08-30 06:12:00+00:00,13691,14195,block_download_or_coverage,,,2025,E00203,False,,,False
20250830_0748_HARP13691_NOAA14195,2025-08-30 07:48:00+00:00,13691,14195,block_download_or_coverage,,,2025,E00203,False,,,False
20250831_0924_HARP13691_NOAA14195,2025-08-31 09:24:00+00:00,13691,14195,block_download_or_coverage,,,2025,E00204,False,57542.0,False,True
20250831_1100_HARP13691_NOAA14195,2025-08-31 11:00:00+00:00,13691,14195,block_download_or_coverage,,,2025,E00204,False,57543.0,False,True
20250831_1236_HARP13691_NOAA14195,2025-08-31 12:36:00+00:00,13691,14195,block_download_or_coverage,,,2025,E00204,False,57544.0,False,True
20250831_1412_HARP13691_NOAA14195,2025-08-31 14:12:00+00:00,13691,14195,block_download_or_coverage,,,2025,E00204,False,57545.0,False,True
20250831_1548_HARP13691_NOAA14195,2025-08-31 15:48:00+00:00,13691,14195,block_download_or_coverage,,,2025,E00204,False,57546.0,False,True
20250831_1812_HARP13691_NOAA14195,2025-08-31 18:12:00+00:00,13691,14195,block_download_or_coverage,,,2025,E00204,False,,,False
20250831_1948_HARP13691_NOAA14195,2025-08-31 19:48:00+00:00,13691,14195,block_download_or_coverage,,,2025,E00204,False,,,False
20250831_2124_HARP13691_NOAA14195,2025-08-31 21:24:00+00:00,13691,14195,block_download_or_coverage,,,2025,E00204,False,,,False
20250831_2300_HARP13691_NOAA14195,2025-08-31 23:00:00+00:00,13691,14195,block_download_or_coverage,,,2025,E00204,False,57547.0,False,True
20250901_0036_HARP13691_NOAA14195,2025-09-01 00:36:00+00:00,13691,14195,block_download_or_coverage,,,2025,E00204,False,57549.0,False,True
20250901_0212_HARP13691_NOAA14195,2025-09-01 02:12:00+00:00,13691,14195,block_download_or_coverage,,,2025,E00204,False,57551.0,False,True
20250901_0348_HARP13691_NOAA14195,2025-09-01 03:48:00+00:00,13691,14195,block_download_or_coverage,,,2025,E00204,False,57553.0,False,True
20250901_0524_HARP13691_NOAA14195,2025-09-01 05:24:00+00:00,13691,14195,block_download_or_coverage,,,2025,E00204,False,57555.0,False,True
20250901_0700_HARP13691_NOAA14195,2025-09-01 07:00:00+00:00,13691,14195,block_download_or_coverage,,,2025,E00204,False,57556.0,False,True
20250901_0836_HARP13691_NOAA14195,2025-09-01 08:36:00+00:00,13691,14195,block_download_or_coverage,,,2025,E00204,False,57557.0,False,True
20250901_1012_HARP13691_NOAA14195,2025-09-01 10:12:00+00:00,13691,14195,block_download_or_coverage,,,2025,E00204,False,57558.0,False,True
20250901_1148_HARP13691_NOAA14195,2025-09-01 11:48:00+00:00,13691,14195,block_download_or_coverage,,,2025,E00204,False,,,False
20250901_1324_HARP13691_NOAA14195,2025-09-01 13:24:00+00:00,13691,14195,block_download_or_coverage,,,2025,E00204,False,,,False
20250901_1500_HARP13691_NOAA14195,2025-09-01 15:00:00+00:00,13691,14195,block_download_or_coverage,,,2025,E00204,False,,,False
20250901_1636_HARP13691_NOAA14195,2025-09-01 16:36:00+00:00,13691,14195,block_download_or_coverage,,,2025,E00204,False,,,False
20250901_1812_HARP13691_NOAA14195,2025-09-01 18:12:00+00:00,13691,14195,block_download_or_coverage,,,2025,E00204,False,,,False
20250901_1948_HARP13691_NOAA14195,2025-09-01 19:48:00+00:00,13691,14195,block_download_or_coverage,,,2025,E00204,False,,,False
20250830_0924_HARP13691_NOAA14195,2025-08-30 09:24:00+00:00,13691,14195,crop_patch_boundary,2025_HARP13691_20250830_0924_20250831_0748,"ValueError('Target crop leaves block patch: bounds=(19, 1841, 10, 1831), shape=(1834, 1834)')",2025,E00205,True,,,False
20250830_1100_HARP13691_NOAA14195,2025-08-30 11:00:00+00:00,13691,14195,crop_patch_boundary,2025_HARP13691_20250830_0924_20250831_0748,"ValueError('Target crop leaves block patch: bounds=(18, 1839, 10, 1830), shape=(1834, 1834)')",2025,E00205,True,,,False
20250830_1236_HARP13691_NOAA14195,2025-08-30 12:36:00+00:00,13691,14195,crop_patch_boundary,2025_HARP13691_20250830_0924_20250831_0748,"ValueError('Target crop leaves block patch: bounds=(12, 1838, 7, 1833), shape=(1834, 1834)')",2025,E00205,True,,,False
20250830_1412_HARP13691_NOAA14195,2025-08-30 14:12:00+00:00,13691,14195,crop_patch_boundary,2025_HARP13691_20250830_0924_20250831_0748,"ValueError('Target crop leaves block patch: bounds=(6, 1835, 4, 1833), shape=(1834, 1834)')",2025,E00205,True,,,False
20250830_1548_HARP13691_NOAA14195,2025-08-30 15:48:00+00:00,13691,14195,crop_patch_boundary,2025_HARP13691_20250830_0924_20250831_0748,"ValueError('Target crop leaves block patch: bounds=(4, 1837, 2, 1835), shape=(1834, 1834)')",2025,E00205,True,,,False
20250830_1724_HARP13691_NOAA14195,2025-08-30 17:24:00+00:00,13691,14195,crop_patch_boundary,2025_HARP13691_20250830_0924_20250831_0748,"ValueError('Target crop leaves block patch: bounds=(2, 1838, -2, 1834), shape=(1834, 1834)')",2025,E00205,True,,,False
20250830_1900_HARP13691_NOAA14195,2025-08-30 19:00:00+00:00,13691,14195,crop_patch_boundary,2025_HARP13691_20250830_0924_20250831_0748,"ValueError('Target crop leaves block patch: bounds=(1, 1836, -1, 1833), shape=(1834, 1834)')",2025,E00205,True,,,False
20250823_1924_HARP13694_NOAA14194,2025-08-23 19:24:00+00:00,13694,14194,block_download_or_coverage,,,2025,E00206,False,,,False
20250823_2100_HARP13694_NOAA14194,2025-08-23 21:00:00+00:00,13694,14194,block_download_or_coverage,,,2025,E00206,False,,,False
20250823_2236_HARP13694_NOAA14194,2025-08-23 22:36:00+00:00,13694,14194,block_download_or_coverage,,,2025,E00206,False,,,False
20250824_0012_HARP13694_NOAA14194,2025-08-24 00:12:00+00:00,13694,14194,block_download_or_coverage,,,2025,E00206,False,,,False
20250824_0148_HARP13694_NOAA14194,2025-08-24 01:48:00+00:00,13694,14194,block_download_or_coverage,,,2025,E00206,False,,,False
20250824_0324_HARP13694_NOAA14194,2025-08-24 03:24:00+00:00,13694,14194,block_download_or_coverage,,,2025,E00206,False,,,False
20250824_0500_HARP13694_NOAA14194,2025-08-24 05:00:00+00:00,13694,14194,block_download_or_coverage,,,2025,E00206,False,,,False
20250824_0636_HARP13694_NOAA14194,2025-08-24 06:36:00+00:00,13694,14194,block_download_or_coverage,,,2025,E00206,False,,,False
20250824_0812_HARP13694_NOAA14194,2025-08-24 08:12:00+00:00,13694,14194,block_download_or_coverage,,,2025,E00206,False,,,False
20250824_0948_HARP13694_NOAA14194,2025-08-24 09:48:00+00:00,13694,14194,block_download_or_coverage,,,2025,E00206,False,57334.0,False,True
20250824_1124_HARP13694_NOAA14194,2025-08-24 11:24:00+00:00,13694,14194,block_download_or_coverage,,,2025,E00206,False,57338.0,False,True
20250824_1300_HARP13694_NOAA14194,2025-08-24 13:00:00+00:00,13694,14194,block_download_or_coverage,,,2025,E00206,False,57342.0,False,True
20250824_1436_HARP13694_NOAA14194,2025-08-24 14:36:00+00:00,13694,14194,block_download_or_coverage,,,2025,E00206,False,57346.0,False,True
20250824_1612_HARP13694_NOAA14194,2025-08-24 16:12:00+00:00,13694,14194,block_download_or_coverage,,,2025,E00206,False,57350.0,False,True
20250824_1748_HARP13694_NOAA14194,2025-08-24 17:48:00+00:00,13694,14194,block_download_or_coverage,,,2025,E00206,False,57354.0,False,True
20250824_1924_HARP13694_NOAA14194,2025-08-24 19:24:00+00:00,13694,14194,block_download_or_coverage,,,2025,E00206,False,57356.0,False,True
20250824_2100_HARP13694_NOAA14194,2025-08-24 21:00:00+00:00,13694,14194,block_download_or_coverage,,,2025,E00206,False,57358.0,False,True
20250824_2236_HARP13694_NOAA14194,2025-08-24 22:36:00+00:00,13694,14194,block_download_or_coverage,,,2025,E00206,False,57361.0,False,True
20250825_0012_HARP13694_NOAA14194,2025-08-25 00:12:00+00:00,13694,14194,block_download_or_coverage,,,2025,E00206,False,57364.0,False,True
20250825_0148_HARP13694_NOAA14194,2025-08-25 01:48:00+00:00,13694,14194,block_download_or_coverage,,,2025,E00206,False,57367.0,False,True
20250825_0324_HARP13694_NOAA14194,2025-08-25 03:24:00+00:00,13694,14194,block_download_or_coverage,,,2025,E00206,False,57370.0,False,True
20250825_0500_HARP13694_NOAA14194,2025-08-25 05:00:00+00:00,13694,14194,block_download_or_coverage,,,2025,E00206,False,57373.0,False,True
20250825_0636_HARP13694_NOAA14194,2025-08-25 06:36:00+00:00,13694,14194,block_download_or_coverage,,,2025,E00206,False,57376.0,False,True
20250825_0812_HARP13694_NOAA14194,2025-08-25 08:12:00+00:00,13694,14194,block_download_or_coverage,,,2025,E00206,False,57378.0,False,True
20250825_0948_HARP13694_NOAA14194,2025-08-25 09:48:00+00:00,13694,14194,block_download_or_coverage,,,2025,E00206,False,57380.0,False,True
20250825_1124_HARP13694_NOAA14194,2025-08-25 11:24:00+00:00,13694,14194,block_download_or_coverage,,,2025,E00206,False,57382.0,False,True
20250825_1300_HARP13694_NOAA14194,2025-08-25 13:00:00+00:00,13694,14194,block_download_or_coverage,,,2025,E00206,False,57385.0,False,True
20250825_1436_HARP13694_NOAA14194,2025-08-25 14:36:00+00:00,13694,14194,block_download_or_coverage,,,2025,E00206,False,57388.0,False,True
20250825_1612_HARP13694_NOAA14194,2025-08-25 16:12:00+00:00,13694,14194,block_download_or_coverage,,,2025,E00206,False,57393.0,False,True
20250825_1748_HARP13694_NOAA14194,2025-08-25 17:48:00+00:00,13694,14194,block_download_or_coverage,,,2025,E00206,False,57397.0,False,True
20250825_1924_HARP13694_NOAA14194,2025-08-25 19:24:00+00:00,13694,14194,block_download_or_coverage,,,2025,E00206,False,57400.0,False,True
20250825_2100_HARP13694_NOAA14194,2025-08-25 21:00:00+00:00,13694,14194,block_download_or_coverage,,,2025,E00206,False,57403.0,False,True
20250825_2236_HARP13694_NOAA14194,2025-08-25 22:36:00+00:00,13694,14194,block_download_or_coverage,,,2025,E00206,False,57406.0,False,True
20250826_0012_HARP13694_NOAA14194,2025-08-26 00:12:00+00:00,13694,14194,block_download_or_coverage,,,2025,E00206,False,57409.0,False,True
20250826_0148_HARP13694_NOAA14194,2025-08-26 01:48:00+00:00,13694,14194,block_download_or_coverage,,,2025,E00206,False,57413.0,False,True
20250826_0324_HARP13694_NOAA14194,2025-08-26 03:24:00+00:00,13694,14194,block_download_or_coverage,,,2025,E00206,False,57417.0,False,True
20250826_0500_HARP13694_NOAA14194,2025-08-26 05:00:00+00:00,13694,14194,block_download_or_coverage,,,2025,E00206,False,57421.0,False,True
20250826_0636_HARP13694_NOAA14194,2025-08-26 06:36:00+00:00,13694,14194,block_download_or_coverage,,,2025,E00206,False,57425.0,False,True
20250826_0812_HARP13694_NOAA14194,2025-08-26 08:12:00+00:00,13694,14194,block_download_or_coverage,,,2025,E00206,False,57429.0,False,True
20250826_0948_HARP13694_NOAA14194,2025-08-26 09:48:00+00:00,13694,14194,block_download_or_coverage,,,2025,E00206,False,57433.0,False,True
20250826_1124_HARP13694_NOAA14194,2025-08-26 11:24:00+00:00,13694,14194,block_download_or_coverage,,,2025,E00206,False,57437.0,False,True
20250826_1300_HARP13694_NOAA14194,2025-08-26 13:00:00+00:00,13694,14194,block_download_or_coverage,,,2025,E00206,False,57440.0,False,True
20250826_1436_HARP13694_NOAA14194,2025-08-26 14:36:00+00:00,13694,14194,block_download_or_coverage,,,2025,E00206,False,57443.0,False,True
20250826_1612_HARP13694_NOAA14194,2025-08-26 16:12:00+00:00,13694,14194,block_download_or_coverage,,,2025,E00206,False,57446.0,False,True
20250826_1748_HARP13694_NOAA14194,2025-08-26 17:48:00+00:00,13694,14194,block_download_or_coverage,,,2025,E00206,False,57449.0,False,True
20250826_1924_HARP13694_NOAA14194,2025-08-26 19:24:00+00:00,13694,14194,block_download_or_coverage,,,2025,E00206,False,57451.0,False,True
20250826_2100_HARP13694_NOAA14194,2025-08-26 21:00:00+00:00,13694,14194,block_download_or_coverage,,,2025,E00206,False,57453.0,False,True
20250826_2236_HARP13694_NOAA14194,2025-08-26 22:36:00+00:00,13694,14194,block_download_or_coverage,,,2025,E00206,False,57456.0,False,True
20250827_0012_HARP13694_NOAA14194,2025-08-27 00:12:00+00:00,13694,14194,block_download_or_coverage,,,2025,E00206,False,57459.0,False,True
20250827_0148_HARP13694_NOAA14194,2025-08-27 01:48:00+00:00,13694,14194,block_download_or_coverage,,,2025,E00206,False,57463.0,False,True
20250827_0324_HARP13694_NOAA14194,2025-08-27 03:24:00+00:00,13694,14194,block_download_or_coverage,,,2025,E00206,False,57466.0,False,True
20250827_0500_HARP13694_NOAA14194,2025-08-27 05:00:00+00:00,13694,14194,block_download_or_coverage,,,2025,E00206,False,57469.0,False,True
20250827_0636_HARP13694_NOAA14194,2025-08-27 06:36:00+00:00,13694,14194,block_download_or_coverage,,,2025,E00206,False,57471.0,False,True
20250827_0812_HARP13694_NOAA14194,2025-08-27 08:12:00+00:00,13694,14194,block_download_or_coverage,,,2025,E00206,False,57473.0,False,True
20250827_0948_HARP13694_NOAA14194,2025-08-27 09:48:00+00:00,13694,14194,block_download_or_coverage,,,2025,E00206,False,57474.0,False,True
20250827_1124_HARP13694_NOAA14194,2025-08-27 11:24:00+00:00,13694,14194,block_download_or_coverage,,,2025,E00206,False,57475.0,False,True
20250827_1300_HARP13694_NOAA14194,2025-08-27 13:00:00+00:00,13694,14194,block_download_or_coverage,,,2025,E00206,False,57476.0,False,True
20250827_1436_HARP13694_NOAA14194,2025-08-27 14:36:00+00:00,13694,14194,block_download_or_coverage,,,2025,E00206,False,57477.0,False,True
20250827_1612_HARP13694_NOAA14194,2025-08-27 16:12:00+00:00,13694,14194,block_download_or_coverage,,,2025,E00206,False,57479.0,False,True
20250827_1748_HARP13694_NOAA14194,2025-08-27 17:48:00+00:00,13694,14194,block_download_or_coverage,,,2025,E00206,False,57481.0,False,True
20250827_1948_HARP13694_NOAA14194,2025-08-27 19:48:00+00:00,13694,14194,block_download_or_coverage,,,2025,E00206,False,,,False
20250827_2124_HARP13694_NOAA14194,2025-08-27 21:24:00+00:00,13694,14194,block_download_or_coverage,,,2025,E00206,False,,,False
20250827_2300_HARP13694_NOAA14194,2025-08-27 23:00:00+00:00,13694,14194,block_download_or_coverage,,,2025,E00206,False,,,False
20250828_0036_HARP13694_NOAA14194,2025-08-28 00:36:00+00:00,13694,14194,block_download_or_coverage,,,2025,E00206,False,57483.0,False,True
20250828_0212_HARP13694_NOAA14194,2025-08-28 02:12:00+00:00,13694,14194,block_download_or_coverage,,,2025,E00206,False,57485.0,False,True
20250828_0348_HARP13694_NOAA14194,2025-08-28 03:48:00+00:00,13694,14194,block_download_or_coverage,,,2025,E00206,False,57487.0,False,True
20250828_0524_HARP13694_NOAA14194,2025-08-28 05:24:00+00:00,13694,14194,block_download_or_coverage,,,2025,E00206,False,57489.0,False,True
20250829_1624_HARP13708_NOAA14199,2025-08-29 16:24:00+00:00,13708,14199,block_download_or_coverage,,,2025,E00207,False,,,False
20250829_1936_HARP13708_NOAA14199,2025-08-29 19:36:00+00:00,13708,14199,block_download_or_coverage,,,2025,E00207,False,,,False
20250829_2112_HARP13708_NOAA14199,2025-08-29 21:12:00+00:00,13708,14199,block_download_or_coverage,,,2025,E00207,False,,,False
20250829_2248_HARP13708_NOAA14199,2025-08-29 22:48:00+00:00,13708,14199,block_download_or_coverage,,,2025,E00207,False,,,False
20250830_0024_HARP13708_NOAA14199,2025-08-30 00:24:00+00:00,13708,14199,block_download_or_coverage,,,2025,E00207,False,57526.0,False,True
20250830_0200_HARP13708_NOAA14199,2025-08-30 02:00:00+00:00,13708,14199,block_download_or_coverage,,,2025,E00207,False,57527.0,False,True
20250830_0336_HARP13708_NOAA14199,2025-08-30 03:36:00+00:00,13708,14199,block_download_or_coverage,,,2025,E00207,False,57528.0,False,True
20250830_0512_HARP13708_NOAA14199,2025-08-30 05:12:00+00:00,13708,14199,block_download_or_coverage,,,2025,E00207,False,57529.0,False,True
20250830_0648_HARP13708_NOAA14199,2025-08-30 06:48:00+00:00,13708,14199,block_download_or_coverage,,,2025,E00207,False,57530.0,False,True
20250830_0824_HARP13708_NOAA14199,2025-08-30 08:24:00+00:00,13708,14199,block_download_or_coverage,,,2025,E00207,False,57531.0,False,True
20250830_1000_HARP13708_NOAA14199,2025-08-30 10:00:00+00:00,13708,14199,block_download_or_coverage,,,2025,E00207,False,57532.0,False,True
20250830_1136_HARP13708_NOAA14199,2025-08-30 11:36:00+00:00,13708,14199,block_download_or_coverage,,,2025,E00207,False,57533.0,False,True
20250830_1312_HARP13708_NOAA14199,2025-08-30 13:12:00+00:00,13708,14199,block_download_or_coverage,,,2025,E00207,False,57534.0,False,True
20250830_1448_HARP13708_NOAA14199,2025-08-30 14:48:00+00:00,13708,14199,block_download_or_coverage,,,2025,E00207,False,57535.0,False,True
20250830_1624_HARP13708_NOAA14199,2025-08-30 16:24:00+00:00,13708,14199,block_download_or_coverage,,,2025,E00207,False,57536.0,False,True
20250830_1936_HARP13708_NOAA14199,2025-08-30 19:36:00+00:00,13708,14199,block_download_or_coverage,,,2025,E00207,False,,,False
20250830_2112_HARP13708_NOAA14199,2025-08-30 21:12:00+00:00,13708,14199,block_download_or_coverage,,,2025,E00207,False,,,False
20250830_2248_HARP13708_NOAA14199,2025-08-30 22:48:00+00:00,13708,14199,block_download_or_coverage,,,2025,E00207,False,,,False
20250831_0024_HARP13708_NOAA14199,2025-08-31 00:24:00+00:00,13708,14199,block_download_or_coverage,,,2025,E00207,False,,,False
20250831_0200_HARP13708_NOAA14199,2025-08-31 02:00:00+00:00,13708,14199,block_download_or_coverage,,,2025,E00207,False,,,False
20250831_0336_HARP13708_NOAA14199,2025-08-31 03:36:00+00:00,13708,14199,block_download_or_coverage,,,2025,E00207,False,,,False
20250831_0512_HARP13708_NOAA14199,2025-08-31 05:12:00+00:00,13708,14199,block_download_or_coverage,,,2025,E00207,False,,,False
20250831_0648_HARP13708_NOAA14199,2025-08-31 06:48:00+00:00,13708,14199,block_download_or_coverage,,,2025,E00207,False,,,False
20250831_0824_HARP13708_NOAA14199,2025-08-31 08:24:00+00:00,13708,14199,block_download_or_coverage,,,2025,E00207,False,,,False
20250831_1000_HARP13708_NOAA14199,2025-08-31 10:00:00+00:00,13708,14199,block_download_or_coverage,,,2025,E00207,False,,,False
20250831_1136_HARP13708_NOAA14199,2025-08-31 11:36:00+00:00,13708,14199,block_download_or_coverage,,,2025,E00207,False,,,False
20250831_1312_HARP13708_NOAA14199,2025-08-31 13:12:00+00:00,13708,14199,block_download_or_coverage,,,2025,E00207,False,,,False
20250831_1448_HARP13708_NOAA14199,2025-08-31 14:48:00+00:00,13708,14199,block_download_or_coverage,,,2025,E00207,False,,,False
20250831_1848_HARP13708_NOAA14199,2025-08-31 18:48:00+00:00,13708,14199,block_download_or_coverage,,,2025,E00208,False,,,False
20250831_2024_HARP13708_NOAA14199,2025-08-31 20:24:00+00:00,13708,14199,block_download_or_coverage,,,2025,E00208,False,,,False
20250831_2200_HARP13708_NOAA14199,2025-08-31 22:00:00+00:00,13708,14199,block_download_or_coverage,,,2025,E00208,False,,,False
20250831_2336_HARP13708_NOAA14199,2025-08-31 23:36:00+00:00,13708,14199,block_download_or_coverage,,,2025,E00208,False,57548.0,False,True
20250901_0112_HARP13708_NOAA14199,2025-09-01 01:12:00+00:00,13708,14199,block_download_or_coverage,,,2025,E00208,False,57550.0,False,True
20250901_0248_HARP13708_NOAA14199,2025-09-01 02:48:00+00:00,13708,14199,block_download_or_coverage,,,2025,E00208,False,57552.0,False,True
20250901_0424_HARP13708_NOAA14199,2025-09-01 04:24:00+00:00,13708,14199,block_download_or_coverage,,,2025,E00208,False,57554.0,False,True
20250902_2200_HARP13708_NOAA14199,2025-09-02 22:00:00+00:00,13708,14199,block_download_or_coverage,,,2025,E00209,False,,,False
20250902_2336_HARP13708_NOAA14199,2025-09-02 23:36:00+00:00,13708,14199,block_download_or_coverage,,,2025,E00209,False,,,False
20250903_0112_HARP13708_NOAA14199,2025-09-03 01:12:00+00:00,13708,14199,block_download_or_coverage,,,2025,E00209,False,,,False
20250903_0248_HARP13708_NOAA14199,2025-09-03 02:48:00+00:00,13708,14199,block_download_or_coverage,,,2025,E00209,False,,,False
20250825_0712_HARP13711_NOAA14200,2025-08-25 07:12:00+00:00,13711,14200,block_download_or_coverage,,,2025,E00210,False,,,False
20250825_0848_HARP13711_NOAA14200,2025-08-25 08:48:00+00:00,13711,14200,block_download_or_coverage,,,2025,E00210,False,,,False
20250825_1024_HARP13711_NOAA14200,2025-08-25 10:24:00+00:00,13711,14200,block_download_or_coverage,,,2025,E00210,False,,,False
20250825_1200_HARP13711_NOAA14200,2025-08-25 12:00:00+00:00,13711,14200,block_download_or_coverage,,,2025,E00210,False,57384.0,False,True
20250825_1336_HARP13711_NOAA14200,2025-08-25 13:36:00+00:00,13711,14200,block_download_or_coverage,,,2025,E00210,False,57387.0,False,True
20250825_1512_HARP13711_NOAA14200,2025-08-25 15:12:00+00:00,13711,14200,block_download_or_coverage,,,2025,E00210,False,57391.0,False,True
20250825_1648_HARP13711_NOAA14200,2025-08-25 16:48:00+00:00,13711,14200,block_download_or_coverage,,,2025,E00210,False,57395.0,False,True
20250825_1824_HARP13711_NOAA14200,2025-08-25 18:24:00+00:00,13711,14200,block_download_or_coverage,,,2025,E00210,False,57398.0,False,True
20250825_2000_HARP13711_NOAA14200,2025-08-25 20:00:00+00:00,13711,14200,block_download_or_coverage,,,2025,E00210,False,57401.0,False,True
20250825_2136_HARP13711_NOAA14200,2025-08-25 21:36:00+00:00,13711,14200,block_download_or_coverage,,,2025,E00210,False,57404.0,False,True
20250825_2312_HARP13711_NOAA14200,2025-08-25 23:12:00+00:00,13711,14200,block_download_or_coverage,,,2025,E00210,False,57407.0,False,True
20250826_0048_HARP13711_NOAA14200,2025-08-26 00:48:00+00:00,13711,14200,block_download_or_coverage,,,2025,E00210,False,57411.0,False,True
20250826_0224_HARP13711_NOAA14200,2025-08-26 02:24:00+00:00,13711,14200,block_download_or_coverage,,,2025,E00210,False,57415.0,False,True
20250826_0400_HARP13711_NOAA14200,2025-08-26 04:00:00+00:00,13711,14200,block_download_or_coverage,,,2025,E00210,False,57419.0,False,True
20250826_0536_HARP13711_NOAA14200,2025-08-26 05:36:00+00:00,13711,14200,block_download_or_coverage,,,2025,E00210,False,57423.0,False,True
20250827_0712_HARP13711_NOAA14200,2025-08-27 07:12:00+00:00,13711,14200,block_download_or_coverage,,,2025,E00211,False,57472.0,False,True
20250827_0848_HARP13711_NOAA14200,2025-08-27 08:48:00+00:00,13711,14200,block_download_or_coverage,,,2025,E00211,False,,,False
20250827_1024_HARP13711_NOAA14200,2025-08-27 10:24:00+00:00,13711,14200,block_download_or_coverage,,,2025,E00211,False,,,False
20250827_1200_HARP13711_NOAA14200,2025-08-27 12:00:00+00:00,13711,14200,block_download_or_coverage,,,2025,E00211,False,,,False
20250827_1336_HARP13711_NOAA14200,2025-08-27 13:36:00+00:00,13711,14200,block_download_or_coverage,,,2025,E00211,False,,,False
20250827_1512_HARP13711_NOAA14200,2025-08-27 15:12:00+00:00,13711,14200,block_download_or_coverage,,,2025,E00211,False,,,False
20250827_1648_HARP13711_NOAA14200,2025-08-27 16:48:00+00:00,13711,14200,block_download_or_coverage,,,2025,E00211,False,,,False
20250827_1824_HARP13711_NOAA14200,2025-08-27 18:24:00+00:00,13711,14200,block_download_or_coverage,,,2025,E00211,False,,,False
20250827_2024_HARP13711_NOAA14200,2025-08-27 20:24:00+00:00,13711,14200,block_download_or_coverage,,,2025,E00211,False,,,False
20250827_2200_HARP13711_NOAA14200,2025-08-27 22:00:00+00:00,13711,14200,block_download_or_coverage,,,2025,E00211,False,,,False
20250827_2336_HARP13711_NOAA14200,2025-08-27 23:36:00+00:00,13711,14200,block_download_or_coverage,,,2025,E00211,False,,,False
20250828_0112_HARP13711_NOAA14200,2025-08-28 01:12:00+00:00,13711,14200,block_download_or_coverage,,,2025,E00211,False,,,False
20250828_0248_HARP13711_NOAA14200,2025-08-28 02:48:00+00:00,13711,14200,block_download_or_coverage,,,2025,E00211,False,,,False
20250828_0424_HARP13711_NOAA14200,2025-08-28 04:24:00+00:00,13711,14200,block_download_or_coverage,,,2025,E00211,False,,,False
20250828_0736_HARP13711_NOAA14200,2025-08-28 07:36:00+00:00,13711,14200,block_download_or_coverage,,,2025,E00211,False,,,False
20250828_0912_HARP13711_NOAA14200,2025-08-28 09:12:00+00:00,13711,14200,block_download_or_coverage,,,2025,E00211,False,,,False
20250828_1048_HARP13711_NOAA14200,2025-08-28 10:48:00+00:00,13711,14200,block_download_or_coverage,,,2025,E00211,False,,,False
20250828_1224_HARP13711_NOAA14200,2025-08-28 12:24:00+00:00,13711,14200,block_download_or_coverage,,,2025,E00211,False,,,False
20250828_1400_HARP13711_NOAA14200,2025-08-28 14:00:00+00:00,13711,14200,block_download_or_coverage,,,2025,E00211,False,,,False
20250828_1536_HARP13711_NOAA14200,2025-08-28 15:36:00+00:00,13711,14200,block_download_or_coverage,,,2025,E00211,False,,,False
20250828_1712_HARP13711_NOAA14200,2025-08-28 17:12:00+00:00,13711,14200,block_download_or_coverage,,,2025,E00211,False,,,False
20250828_1848_HARP13711_NOAA14200,2025-08-28 18:48:00+00:00,13711,14200,block_download_or_coverage,,,2025,E00211,False,,,False
20250828_2024_HARP13711_NOAA14200,2025-08-28 20:24:00+00:00,13711,14200,block_download_or_coverage,,,2025,E00211,False,,,False
20250828_2200_HARP13711_NOAA14200,2025-08-28 22:00:00+00:00,13711,14200,block_download_or_coverage,,,2025,E00211,False,,,False
20250828_2336_HARP13711_NOAA14200,2025-08-28 23:36:00+00:00,13711,14200,block_download_or_coverage,,,2025,E00211,False,,,False
20250829_0112_HARP13711_NOAA14200,2025-08-29 01:12:00+00:00,13711,14200,block_download_or_coverage,,,2025,E00211,False,,,False
20250829_0248_HARP13711_NOAA14200,2025-08-29 02:48:00+00:00,13711,14200,block_download_or_coverage,,,2025,E00211,False,,,False
20250829_0424_HARP13711_NOAA14200,2025-08-29 04:24:00+00:00,13711,14200,block_download_or_coverage,,,2025,E00211,False,,,False
20250901_2312_HARP13722_NOAA14205,2025-09-01 23:12:00+00:00,13722,14205,block_download_or_coverage,,,2025,E00212,False,,,False
20250902_0048_HARP13722_NOAA14205,2025-09-02 00:48:00+00:00,13722,14205,block_download_or_coverage,,,2025,E00212,False,,,False
20250902_0224_HARP13722_NOAA14205,2025-09-02 02:24:00+00:00,13722,14205,block_download_or_coverage,,,2025,E00212,False,,,False
20250902_0400_HARP13722_NOAA14205,2025-09-02 04:00:00+00:00,13722,14205,block_download_or_coverage,,,2025,E00212,False,57569.0,False,True
20250902_0536_HARP13722_NOAA14205,2025-09-02 05:36:00+00:00,13722,14205,block_download_or_coverage,,,2025,E00212,False,57571.0,False,True
20250902_0712_HARP13722_NOAA14205,2025-09-02 07:12:00+00:00,13722,14205,block_download_or_coverage,,,2025,E00212,False,57573.0,False,True
20250902_0848_HARP13722_NOAA14205,2025-09-02 08:48:00+00:00,13722,14205,block_download_or_coverage,,,2025,E00212,False,57575.0,False,True
20250902_1024_HARP13722_NOAA14205,2025-09-02 10:24:00+00:00,13722,14205,block_download_or_coverage,,,2025,E00212,False,57577.0,False,True
20250902_1200_HARP13722_NOAA14205,2025-09-02 12:00:00+00:00,13722,14205,block_download_or_coverage,,,2025,E00212,False,57579.0,False,True
20250902_1336_HARP13722_NOAA14205,2025-09-02 13:36:00+00:00,13722,14205,block_download_or_coverage,,,2025,E00212,False,57582.0,False,True
20250902_1512_HARP13722_NOAA14205,2025-09-02 15:12:00+00:00,13722,14205,block_download_or_coverage,,,2025,E00212,False,57585.0,False,True
20250902_1648_HARP13722_NOAA14205,2025-09-02 16:48:00+00:00,13722,14205,block_download_or_coverage,,,2025,E00212,False,57588.0,False,True
20250902_1824_HARP13722_NOAA14205,2025-09-02 18:24:00+00:00,13722,14205,block_download_or_coverage,,,2025,E00212,False,57591.0,False,True
20250902_2000_HARP13722_NOAA14205,2025-09-02 20:00:00+00:00,13722,14205,block_download_or_coverage,,,2025,E00212,False,57594.0,False,True
20250902_2136_HARP13722_NOAA14205,2025-09-02 21:36:00+00:00,13722,14205,block_download_or_coverage,,,2025,E00212,False,57596.0,False,True
20250902_2312_HARP13722_NOAA14205,2025-09-02 23:12:00+00:00,13722,14205,block_download_or_coverage,,,2025,E00212,False,57598.0,False,True
20250903_0048_HARP13722_NOAA14205,2025-09-03 00:48:00+00:00,13722,14205,block_download_or_coverage,,,2025,E00212,False,57600.0,False,True
20250903_0224_HARP13722_NOAA14205,2025-09-03 02:24:00+00:00,13722,14205,block_download_or_coverage,,,2025,E00212,False,57602.0,False,True
20250903_0400_HARP13722_NOAA14205,2025-09-03 04:00:00+00:00,13722,14205,block_download_or_coverage,,,2025,E00212,False,57604.0,False,True
20250903_0536_HARP13722_NOAA14205,2025-09-03 05:36:00+00:00,13722,14205,block_download_or_coverage,,,2025,E00212,False,57606.0,False,True
20250903_0712_HARP13722_NOAA14205,2025-09-03 07:12:00+00:00,13722,14205,block_download_or_coverage,,,2025,E00212,False,57608.0,False,True
20250903_0848_HARP13722_NOAA14205,2025-09-03 08:48:00+00:00,13722,14205,block_download_or_coverage,,,2025,E00212,False,57610.0,False,True
20250903_1024_HARP13722_NOAA14205,2025-09-03 10:24:00+00:00,13722,14205,block_download_or_coverage,,,2025,E00212,False,57612.0,False,True
20250903_1200_HARP13722_NOAA14205,2025-09-03 12:00:00+00:00,13722,14205,block_download_or_coverage,,,2025,E00212,False,57614.0,False,True
20250903_1336_HARP13722_NOAA14205,2025-09-03 13:36:00+00:00,13722,14205,block_download_or_coverage,,,2025,E00212,False,57616.0,False,True
20250903_1512_HARP13722_NOAA14205,2025-09-03 15:12:00+00:00,13722,14205,block_download_or_coverage,,,2025,E00212,False,57618.0,False,True
20250903_1648_HARP13722_NOAA14205,2025-09-03 16:48:00+00:00,13722,14205,block_download_or_coverage,,,2025,E00212,False,57620.0,False,True
20250903_1824_HARP13722_NOAA14205,2025-09-03 18:24:00+00:00,13722,14205,block_download_or_coverage,,,2025,E00212,False,57622.0,False,True
20250903_2012_HARP13722_NOAA14205,2025-09-03 20:12:00+00:00,13722,14205,block_download_or_coverage,,,2025,E00212,False,,,False
20250903_2148_HARP13722_NOAA14205,2025-09-03 21:48:00+00:00,13722,14205,block_download_or_coverage,,,2025,E00212,False,,,False
20250903_2324_HARP13722_NOAA14205,2025-09-03 23:24:00+00:00,13722,14205,block_download_or_coverage,,,2025,E00212,False,,,False
20250904_0100_HARP13722_NOAA14205,2025-09-04 01:00:00+00:00,13722,14205,block_download_or_coverage,,,2025,E00212,False,,,False
20250904_0236_HARP13722_NOAA14205,2025-09-04 02:36:00+00:00,13722,14205,block_download_or_coverage,,,2025,E00212,False,,,False
20250904_0412_HARP13722_NOAA14205,2025-09-04 04:12:00+00:00,13722,14205,block_download_or_coverage,,,2025,E00212,False,,,False
20250904_0548_HARP13722_NOAA14205,2025-09-04 05:48:00+00:00,13722,14205,block_download_or_coverage,,,2025,E00212,False,,,False
20250904_0724_HARP13722_NOAA14205,2025-09-04 07:24:00+00:00,13722,14205,block_download_or_coverage,,,2025,E00212,False,,,False
20250904_0900_HARP13722_NOAA14205,2025-09-04 09:00:00+00:00,13722,14205,block_download_or_coverage,,,2025,E00212,False,,,False
20250904_1036_HARP13722_NOAA14205,2025-09-04 10:36:00+00:00,13722,14205,block_download_or_coverage,,,2025,E00212,False,,,False
20250904_1212_HARP13722_NOAA14205,2025-09-04 12:12:00+00:00,13722,14205,block_download_or_coverage,,,2025,E00212,False,,,False
20250904_1348_HARP13722_NOAA14205,2025-09-04 13:48:00+00:00,13722,14205,block_download_or_coverage,,,2025,E00212,False,,,False
20250904_1524_HARP13722_NOAA14205,2025-09-04 15:24:00+00:00,13722,14205,block_download_or_coverage,,,2025,E00212,False,,,False
20250904_1700_HARP13722_NOAA14205,2025-09-04 17:00:00+00:00,13722,14205,block_download_or_coverage,,,2025,E00212,False,,,False
20250904_1836_HARP13722_NOAA14205,2025-09-04 18:36:00+00:00,13722,14205,block_download_or_coverage,,,2025,E00212,False,,,False
20250904_2012_HARP13722_NOAA14205,2025-09-04 20:12:00+00:00,13722,14205,block_download_or_coverage,,,2025,E00212,False,,,False
20250904_2148_HARP13722_NOAA14205,2025-09-04 21:48:00+00:00,13722,14205,block_download_or_coverage,,,2025,E00212,False,,,False
20250904_2324_HARP13722_NOAA14205,2025-09-04 23:24:00+00:00,13722,14205,block_download_or_coverage,,,2025,E00212,False,,,False
20250905_0100_HARP13722_NOAA14205,2025-09-05 01:00:00+00:00,13722,14205,block_download_or_coverage,,,2025,E00212,False,,,False
20250905_0236_HARP13722_NOAA14205,2025-09-05 02:36:00+00:00,13722,14205,block_download_or_coverage,,,2025,E00212,False,,,False
20250905_0412_HARP13722_NOAA14205,2025-09-05 04:12:00+00:00,13722,14205,block_download_or_coverage,,,2025,E00212,False,57653.0,False,True
20250905_0548_HARP13722_NOAA14205,2025-09-05 05:48:00+00:00,13722,14205,block_download_or_coverage,,,2025,E00212,False,57656.0,False,True
20250905_0724_HARP13722_NOAA14205,2025-09-05 07:24:00+00:00,13722,14205,block_download_or_coverage,,,2025,E00212,False,57658.0,False,True
20250905_0900_HARP13722_NOAA14205,2025-09-05 09:00:00+00:00,13722,14205,block_download_or_coverage,,,2025,E00212,False,57660.0,False,True
20250905_1036_HARP13722_NOAA14205,2025-09-05 10:36:00+00:00,13722,14205,block_download_or_coverage,,,2025,E00212,False,57662.0,False,True
20250905_1212_HARP13722_NOAA14205,2025-09-05 12:12:00+00:00,13722,14205,block_download_or_coverage,,,2025,E00212,False,57664.0,False,True
20250905_1348_HARP13722_NOAA14205,2025-09-05 13:48:00+00:00,13722,14205,block_download_or_coverage,,,2025,E00212,False,57667.0,False,True
20250905_1524_HARP13722_NOAA14205,2025-09-05 15:24:00+00:00,13722,14205,block_download_or_coverage,,,2025,E00212,False,57670.0,False,True
20250905_1700_HARP13722_NOAA14205,2025-09-05 17:00:00+00:00,13722,14205,block_download_or_coverage,,,2025,E00212,False,57673.0,False,True
20250905_1836_HARP13722_NOAA14205,2025-09-05 18:36:00+00:00,13722,14205,block_download_or_coverage,,,2025,E00212,False,57675.0,False,True
20250905_2012_HARP13722_NOAA14205,2025-09-05 20:12:00+00:00,13722,14205,block_download_or_coverage,,,2025,E00212,False,57677.0,False,True
20250905_2148_HARP13722_NOAA14205,2025-09-05 21:48:00+00:00,13722,14205,block_download_or_coverage,,,2025,E00212,False,57679.0,False,True
20250905_2324_HARP13722_NOAA14205,2025-09-05 23:24:00+00:00,13722,14205,block_download_or_coverage,,,2025,E00212,False,57681.0,False,True
20250906_0100_HARP13722_NOAA14205,2025-09-06 01:00:00+00:00,13722,14205,block_download_or_coverage,,,2025,E00212,False,57684.0,False,True
20250906_0236_HARP13722_NOAA14205,2025-09-06 02:36:00+00:00,13722,14205,block_download_or_coverage,,,2025,E00212,False,57687.0,False,True
20250906_0412_HARP13722_NOAA14205,2025-09-06 04:12:00+00:00,13722,14205,block_download_or_coverage,,,2025,E00212,False,57690.0,False,True
20250906_0548_HARP13722_NOAA14205,2025-09-06 05:48:00+00:00,13722,14205,block_download_or_coverage,,,2025,E00212,False,57693.0,False,True
20250906_0724_HARP13722_NOAA14205,2025-09-06 07:24:00+00:00,13722,14205,block_download_or_coverage,,,2025,E00212,False,57695.0,False,True
20250906_0900_HARP13722_NOAA14205,2025-09-06 09:00:00+00:00,13722,14205,block_download_or_coverage,,,2025,E00212,False,57697.0,False,True
20250906_1036_HARP13722_NOAA14205,2025-09-06 10:36:00+00:00,13722,14205,block_download_or_coverage,,,2025,E00212,False,57699.0,False,True
20250902_0100_HARP13723_NOAA14206,2025-09-02 01:00:00+00:00,13723,14206,block_download_or_coverage,,,2025,E00213,False,,,False
20250902_0236_HARP13723_NOAA14206,2025-09-02 02:36:00+00:00,13723,14206,block_download_or_coverage,,,2025,E00213,False,,,False
20250902_0412_HARP13723_NOAA14206,2025-09-02 04:12:00+00:00,13723,14206,block_download_or_coverage,,,2025,E00213,False,,,False
20250902_0548_HARP13723_NOAA14206,2025-09-02 05:48:00+00:00,13723,14206,block_download_or_coverage,,,2025,E00213,False,57572.0,False,True
20250902_0724_HARP13723_NOAA14206,2025-09-02 07:24:00+00:00,13723,14206,block_download_or_coverage,,,2025,E00213,False,57574.0,False,True
20250902_0900_HARP13723_NOAA14206,2025-09-02 09:00:00+00:00,13723,14206,block_download_or_coverage,,,2025,E00213,False,57576.0,False,True
20250902_1036_HARP13723_NOAA14206,2025-09-02 10:36:00+00:00,13723,14206,block_download_or_coverage,,,2025,E00213,False,57578.0,False,True
20250902_1212_HARP13723_NOAA14206,2025-09-02 12:12:00+00:00,13723,14206,block_download_or_coverage,,,2025,E00213,False,57580.0,False,True
20250902_1348_HARP13723_NOAA14206,2025-09-02 13:48:00+00:00,13723,14206,block_download_or_coverage,,,2025,E00213,False,57583.0,False,True
20250902_1524_HARP13723_NOAA14206,2025-09-02 15:24:00+00:00,13723,14206,block_download_or_coverage,,,2025,E00213,False,57586.0,False,True
20250902_1700_HARP13723_NOAA14206,2025-09-02 17:00:00+00:00,13723,14206,block_download_or_coverage,,,2025,E00213,False,57589.0,False,True
20250902_1836_HARP13723_NOAA14206,2025-09-02 18:36:00+00:00,13723,14206,block_download_or_coverage,,,2025,E00213,False,57592.0,False,True
20250902_2012_HARP13723_NOAA14206,2025-09-02 20:12:00+00:00,13723,14206,block_download_or_coverage,,,2025,E00213,False,57595.0,False,True
20250902_2148_HARP13723_NOAA14206,2025-09-02 21:48:00+00:00,13723,14206,block_download_or_coverage,,,2025,E00213,False,57597.0,False,True
20250902_2324_HARP13723_NOAA14206,2025-09-02 23:24:00+00:00,13723,14206,block_download_or_coverage,,,2025,E00213,False,57599.0,False,True
20250903_0100_HARP13723_NOAA14206,2025-09-03 01:00:00+00:00,13723,14206,block_download_or_coverage,,,2025,E00213,False,57601.0,False,True
20250903_0236_HARP13723_NOAA14206,2025-09-03 02:36:00+00:00,13723,14206,block_download_or_coverage,,,2025,E00213,False,57603.0,False,True
20250903_0412_HARP13723_NOAA14206,2025-09-03 04:12:00+00:00,13723,14206,block_download_or_coverage,,,2025,E00213,False,57605.0,False,True
20250903_0548_HARP13723_NOAA14206,2025-09-03 05:48:00+00:00,13723,14206,block_download_or_coverage,,,2025,E00213,False,57607.0,False,True
20250903_0724_HARP13723_NOAA14206,2025-09-03 07:24:00+00:00,13723,14206,block_download_or_coverage,,,2025,E00213,False,57609.0,False,True
20250903_0900_HARP13723_NOAA14206,2025-09-03 09:00:00+00:00,13723,14206,block_download_or_coverage,,,2025,E00213,False,57611.0,False,True
20250903_1036_HARP13723_NOAA14206,2025-09-03 10:36:00+00:00,13723,14206,block_download_or_coverage,,,2025,E00213,False,57613.0,False,True
20250903_1212_HARP13723_NOAA14206,2025-09-03 12:12:00+00:00,13723,14206,block_download_or_coverage,,,2025,E00213,False,57615.0,False,True
20250903_1348_HARP13723_NOAA14206,2025-09-03 13:48:00+00:00,13723,14206,block_download_or_coverage,,,2025,E00213,False,57617.0,False,True
20250903_1524_HARP13723_NOAA14206,2025-09-03 15:24:00+00:00,13723,14206,block_download_or_coverage,,,2025,E00213,False,57619.0,False,True
20250903_1700_HARP13723_NOAA14206,2025-09-03 17:00:00+00:00,13723,14206,block_download_or_coverage,,,2025,E00213,False,57621.0,False,True
20250903_1836_HARP13723_NOAA14206,2025-09-03 18:36:00+00:00,13723,14206,block_download_or_coverage,,,2025,E00213,False,57623.0,False,True
20250903_2024_HARP13723_NOAA14206,2025-09-03 20:24:00+00:00,13723,14206,block_download_or_coverage,,,2025,E00213,False,,,False
20250903_2200_HARP13723_NOAA14206,2025-09-03 22:00:00+00:00,13723,14206,block_download_or_coverage,,,2025,E00213,False,,,False
20250903_2336_HARP13723_NOAA14206,2025-09-03 23:36:00+00:00,13723,14206,block_download_or_coverage,,,2025,E00213,False,,,False
20250904_0112_HARP13723_NOAA14206,2025-09-04 01:12:00+00:00,13723,14206,block_download_or_coverage,,,2025,E00213,False,57624.0,False,True
20250904_0248_HARP13723_NOAA14206,2025-09-04 02:48:00+00:00,13723,14206,block_download_or_coverage,,,2025,E00213,False,57625.0,False,True
20250904_0424_HARP13723_NOAA14206,2025-09-04 04:24:00+00:00,13723,14206,block_download_or_coverage,,,2025,E00213,False,57627.0,False,True
20250904_2224_HARP13726_NOAA14207,2025-09-04 22:24:00+00:00,13726,14207,block_download_or_coverage,,,2025,E00214,False,57646.0,False,True
20250905_0000_HARP13726_NOAA14207,2025-09-05 00:00:00+00:00,13726,14207,block_download_or_coverage,,,2025,E00214,False,57648.0,False,True
20250905_0136_HARP13726_NOAA14207,2025-09-05 01:36:00+00:00,13726,14207,block_download_or_coverage,,,2025,E00214,False,57650.0,False,True
20250905_0312_HARP13726_NOAA14207,2025-09-05 03:12:00+00:00,13726,14207,block_download_or_coverage,,,2025,E00214,False,57652.0,False,True
20250905_0448_HARP13726_NOAA14207,2025-09-05 04:48:00+00:00,13726,14207,block_download_or_coverage,,,2025,E00214,False,57655.0,False,True
20250905_0624_HARP13726_NOAA14207,2025-09-05 06:24:00+00:00,13726,14207,block_download_or_coverage,,,2025,E00214,False,57657.0,False,True
20250905_0800_HARP13726_NOAA14207,2025-09-05 08:00:00+00:00,13726,14207,block_download_or_coverage,,,2025,E00214,False,57659.0,False,True
20250905_0936_HARP13726_NOAA14207,2025-09-05 09:36:00+00:00,13726,14207,block_download_or_coverage,,,2025,E00214,False,57661.0,False,True
20250905_1112_HARP13726_NOAA14207,2025-09-05 11:12:00+00:00,13726,14207,block_download_or_coverage,,,2025,E00214,False,57663.0,False,True
20250905_1248_HARP13726_NOAA14207,2025-09-05 12:48:00+00:00,13726,14207,block_download_or_coverage,,,2025,E00214,False,57666.0,False,True
20250905_1424_HARP13726_NOAA14207,2025-09-05 14:24:00+00:00,13726,14207,block_download_or_coverage,,,2025,E00214,False,57669.0,False,True
20250905_1600_HARP13726_NOAA14207,2025-09-05 16:00:00+00:00,13726,14207,block_download_or_coverage,,,2025,E00214,False,57672.0,False,True
20250905_1912_HARP13726_NOAA14207,2025-09-05 19:12:00+00:00,13726,14207,block_download_or_coverage,,,2025,E00214,False,,,False
20250905_2048_HARP13726_NOAA14207,2025-09-05 20:48:00+00:00,13726,14207,block_download_or_coverage,,,2025,E00214,False,,,False
20250905_2224_HARP13726_NOAA14207,2025-09-05 22:24:00+00:00,13726,14207,block_download_or_coverage,,,2025,E00214,False,,,False
20250906_0000_HARP13726_NOAA14207,2025-09-06 00:00:00+00:00,13726,14207,block_download_or_coverage,,,2025,E00214,False,57683.0,False,True
20250906_0136_HARP13726_NOAA14207,2025-09-06 01:36:00+00:00,13726,14207,block_download_or_coverage,,,2025,E00214,False,57686.0,False,True
20250906_0312_HARP13726_NOAA14207,2025-09-06 03:12:00+00:00,13726,14207,block_download_or_coverage,,,2025,E00214,False,57689.0,False,True
20250906_0448_HARP13726_NOAA14207,2025-09-06 04:48:00+00:00,13726,14207,block_download_or_coverage,,,2025,E00214,False,57692.0,False,True
20250906_0624_HARP13726_NOAA14207,2025-09-06 06:24:00+00:00,13726,14207,block_download_or_coverage,,,2025,E00214,False,57694.0,False,True
20250906_0800_HARP13726_NOAA14207,2025-09-06 08:00:00+00:00,13726,14207,block_download_or_coverage,,,2025,E00214,False,57696.0,False,True
20250906_0936_HARP13726_NOAA14207,2025-09-06 09:36:00+00:00,13726,14207,block_download_or_coverage,,,2025,E00214,False,57698.0,False,True
20250906_1112_HARP13726_NOAA14207,2025-09-06 11:12:00+00:00,13726,14207,block_download_or_coverage,,,2025,E00214,False,57700.0,False,True
20250906_1248_HARP13726_NOAA14207,2025-09-06 12:48:00+00:00,13726,14207,block_download_or_coverage,,,2025,E00214,False,57701.0,False,True
20250906_1424_HARP13726_NOAA14207,2025-09-06 14:24:00+00:00,13726,14207,block_download_or_coverage,,,2025,E00214,False,57702.0,False,True
20250906_1600_HARP13726_NOAA14207,2025-09-06 16:00:00+00:00,13726,14207,block_download_or_coverage,,,2025,E00214,False,57703.0,False,True
20250906_1736_HARP13726_NOAA14207,2025-09-06 17:36:00+00:00,13726,14207,block_download_or_coverage,,,2025,E00214,False,57705.0,False,True
20250904_0424_HARP13730_NOAA14210,2025-09-04 04:24:00+00:00,13730,14210,block_download_or_coverage,,,2025,E00215,False,,,False
20250904_0736_HARP13730_NOAA14210,2025-09-04 07:36:00+00:00,13730,14210,block_download_or_coverage,,,2025,E00215,False,,,False
20250904_0912_HARP13730_NOAA14210,2025-09-04 09:12:00+00:00,13730,14210,block_download_or_coverage,,,2025,E00215,False,,,False
20250904_1048_HARP13730_NOAA14210,2025-09-04 10:48:00+00:00,13730,14210,block_download_or_coverage,,,2025,E00215,False,,,False
20250904_1224_HARP13730_NOAA14210,2025-09-04 12:24:00+00:00,13730,14210,block_download_or_coverage,,,2025,E00215,False,,,False
20250904_1400_HARP13730_NOAA14210,2025-09-04 14:00:00+00:00,13730,14210,block_download_or_coverage,,,2025,E00215,False,,,False
20250904_1536_HARP13730_NOAA14210,2025-09-04 15:36:00+00:00,13730,14210,block_download_or_coverage,,,2025,E00215,False,,,False
20250904_1712_HARP13730_NOAA14210,2025-09-04 17:12:00+00:00,13730,14210,block_download_or_coverage,,,2025,E00215,False,,,False
20250904_1848_HARP13730_NOAA14210,2025-09-04 18:48:00+00:00,13730,14210,block_download_or_coverage,,,2025,E00215,False,,,False
20250904_2024_HARP13730_NOAA14210,2025-09-04 20:24:00+00:00,13730,14210,block_download_or_coverage,,,2025,E00215,False,,,False
20250904_2200_HARP13730_NOAA14210,2025-09-04 22:00:00+00:00,13730,14210,block_download_or_coverage,,,2025,E00215,False,,,False
20250904_2336_HARP13730_NOAA14210,2025-09-04 23:36:00+00:00,13730,14210,block_download_or_coverage,,,2025,E00215,False,,,False
20250905_0112_HARP13730_NOAA14210,2025-09-05 01:12:00+00:00,13730,14210,block_download_or_coverage,,,2025,E00215,False,,,False
20250905_0248_HARP13730_NOAA14210,2025-09-05 02:48:00+00:00,13730,14210,block_download_or_coverage,,,2025,E00215,False,,,False
20250905_0424_HARP13730_NOAA14210,2025-09-05 04:24:00+00:00,13730,14210,block_download_or_coverage,,,2025,E00215,False,,,False
20250905_0736_HARP13730_NOAA14210,2025-09-05 07:36:00+00:00,13730,14210,block_download_or_coverage,,,2025,E00215,False,,,False
20250905_0912_HARP13730_NOAA14210,2025-09-05 09:12:00+00:00,13730,14210,block_download_or_coverage,,,2025,E00215,False,,,False
20250905_1048_HARP13730_NOAA14210,2025-09-05 10:48:00+00:00,13730,14210,block_download_or_coverage,,,2025,E00215,False,,,False
20250905_1224_HARP13730_NOAA14210,2025-09-05 12:24:00+00:00,13730,14210,block_download_or_coverage,,,2025,E00215,False,,,False
20250905_1400_HARP13730_NOAA14210,2025-09-05 14:00:00+00:00,13730,14210,block_download_or_coverage,,,2025,E00215,False,,,False
20250905_1536_HARP13730_NOAA14210,2025-09-05 15:36:00+00:00,13730,14210,block_download_or_coverage,,,2025,E00215,False,,,False
20250905_1712_HARP13730_NOAA14210,2025-09-05 17:12:00+00:00,13730,14210,block_download_or_coverage,,,2025,E00215,False,,,False
20250905_1848_HARP13730_NOAA14210,2025-09-05 18:48:00+00:00,13730,14210,block_download_or_coverage,,,2025,E00215,False,,,False
20250905_2024_HARP13730_NOAA14210,2025-09-05 20:24:00+00:00,13730,14210,block_download_or_coverage,,,2025,E00215,False,,,False
20250905_2200_HARP13730_NOAA14210,2025-09-05 22:00:00+00:00,13730,14210,block_download_or_coverage,,,2025,E00215,False,,,False
20250905_2336_HARP13730_NOAA14210,2025-09-05 23:36:00+00:00,13730,14210,block_download_or_coverage,,,2025,E00215,False,,,False
20250906_0112_HARP13730_NOAA14210,2025-09-06 01:12:00+00:00,13730,14210,block_download_or_coverage,,,2025,E00215,False,,,False
20250906_0248_HARP13730_NOAA14210,2025-09-06 02:48:00+00:00,13730,14210,block_download_or_coverage,,,2025,E00215,False,,,False
20250906_0424_HARP13730_NOAA14210,2025-09-06 04:24:00+00:00,13730,14210,block_download_or_coverage,,,2025,E00215,False,,,False
20250906_0736_HARP13730_NOAA14210,2025-09-06 07:36:00+00:00,13730,14210,block_download_or_coverage,,,2025,E00215,False,,,False
20250906_0912_HARP13730_NOAA14210,2025-09-06 09:12:00+00:00,13730,14210,block_download_or_coverage,,,2025,E00215,False,,,False
20250906_1048_HARP13730_NOAA14210,2025-09-06 10:48:00+00:00,13730,14210,block_download_or_coverage,,,2025,E00215,False,,,False
20250906_1224_HARP13730_NOAA14210,2025-09-06 12:24:00+00:00,13730,14210,block_download_or_coverage,,,2025,E00215,False,,,False
20250906_1400_HARP13730_NOAA14210,2025-09-06 14:00:00+00:00,13730,14210,block_download_or_coverage,,,2025,E00215,False,,,False
20250906_1536_HARP13730_NOAA14210,2025-09-06 15:36:00+00:00,13730,14210,block_download_or_coverage,,,2025,E00215,False,,,False
20250906_1712_HARP13730_NOAA14210,2025-09-06 17:12:00+00:00,13730,14210,block_download_or_coverage,,,2025,E00215,False,,,False
20250906_1848_HARP13730_NOAA14210,2025-09-06 18:48:00+00:00,13730,14210,block_download_or_coverage,,,2025,E00215,False,,,False
20250906_2024_HARP13730_NOAA14210,2025-09-06 20:24:00+00:00,13730,14210,block_download_or_coverage,,,2025,E00215,False,,,False
20250906_2200_HARP13730_NOAA14210,2025-09-06 22:00:00+00:00,13730,14210,block_download_or_coverage,,,2025,E00215,False,,,False
20250906_2336_HARP13730_NOAA14210,2025-09-06 23:36:00+00:00,13730,14210,block_download_or_coverage,,,2025,E00215,False,,,False
20250907_0112_HARP13730_NOAA14210,2025-09-07 01:12:00+00:00,13730,14210,block_download_or_coverage,,,2025,E00215,False,,,False
20250907_0248_HARP13730_NOAA14210,2025-09-07 02:48:00+00:00,13730,14210,block_download_or_coverage,,,2025,E00215,False,,,False
20250907_0424_HARP13730_NOAA14210,2025-09-07 04:24:00+00:00,13730,14210,block_download_or_coverage,,,2025,E00215,False,,,False
20250907_0636_HARP13730_NOAA14210,2025-09-07 06:36:00+00:00,13730,14210,block_download_or_coverage,,,2025,E00215,False,,,False
20250907_0812_HARP13730_NOAA14210,2025-09-07 08:12:00+00:00,13730,14210,block_download_or_coverage,,,2025,E00215,False,,,False
20250907_0948_HARP13730_NOAA14210,2025-09-07 09:48:00+00:00,13730,14210,block_download_or_coverage,,,2025,E00215,False,,,False
20250907_1124_HARP13730_NOAA14210,2025-09-07 11:24:00+00:00,13730,14210,block_download_or_coverage,,,2025,E00215,False,,,False
20250907_1300_HARP13730_NOAA14210,2025-09-07 13:00:00+00:00,13730,14210,block_download_or_coverage,,,2025,E00215,False,,,False
20250907_1436_HARP13730_NOAA14210,2025-09-07 14:36:00+00:00,13730,14210,block_download_or_coverage,,,2025,E00215,False,,,False
20250907_1612_HARP13730_NOAA14210,2025-09-07 16:12:00+00:00,13730,14210,block_download_or_coverage,,,2025,E00215,False,,,False
20250907_1748_HARP13730_NOAA14210,2025-09-07 17:48:00+00:00,13730,14210,block_download_or_coverage,,,2025,E00215,False,,,False
20250907_1924_HARP13730_NOAA14210,2025-09-07 19:24:00+00:00,13730,14210,block_download_or_coverage,,,2025,E00215,False,,,False
20250907_2100_HARP13730_NOAA14210,2025-09-07 21:00:00+00:00,13730,14210,block_download_or_coverage,,,2025,E00215,False,,,False
20250907_2236_HARP13730_NOAA14210,2025-09-07 22:36:00+00:00,13730,14210,block_download_or_coverage,,,2025,E00215,False,,,False
20250908_0012_HARP13730_NOAA14210,2025-09-08 00:12:00+00:00,13730,14210,block_download_or_coverage,,,2025,E00215,False,,,False
20250908_0148_HARP13730_NOAA14210,2025-09-08 01:48:00+00:00,13730,14210,block_download_or_coverage,,,2025,E00215,False,,,False
20250908_0324_HARP13730_NOAA14210,2025-09-08 03:24:00+00:00,13730,14210,block_download_or_coverage,,,2025,E00215,False,,,False
20250908_0500_HARP13730_NOAA14210,2025-09-08 05:00:00+00:00,13730,14210,block_download_or_coverage,,,2025,E00215,False,,,False
20250908_0636_HARP13730_NOAA14210,2025-09-08 06:36:00+00:00,13730,14210,block_download_or_coverage,,,2025,E00215,False,,,False
20250908_0812_HARP13730_NOAA14210,2025-09-08 08:12:00+00:00,13730,14210,block_download_or_coverage,,,2025,E00215,False,,,False
20250908_0948_HARP13730_NOAA14210,2025-09-08 09:48:00+00:00,13730,14210,block_download_or_coverage,,,2025,E00215,False,,,False
20250908_1124_HARP13730_NOAA14210,2025-09-08 11:24:00+00:00,13730,14210,block_download_or_coverage,,,2025,E00215,False,,,False
20250908_1300_HARP13730_NOAA14210,2025-09-08 13:00:00+00:00,13730,14210,block_download_or_coverage,,,2025,E00215,False,,,False
20250906_1224_HARP13736_NOAA14211,2025-09-06 12:24:00+00:00,13736,14211,block_download_or_coverage,,,2025,E00216,False,,,False
20250906_1400_HARP13736_NOAA14211,2025-09-06 14:00:00+00:00,13736,14211,block_download_or_coverage,,,2025,E00216,False,,,False
20250906_1536_HARP13736_NOAA14211,2025-09-06 15:36:00+00:00,13736,14211,block_download_or_coverage,,,2025,E00216,False,,,False
20250906_1712_HARP13736_NOAA14211,2025-09-06 17:12:00+00:00,13736,14211,block_download_or_coverage,,,2025,E00216,False,57704.0,False,True
20250906_1848_HARP13736_NOAA14211,2025-09-06 18:48:00+00:00,13736,14211,block_download_or_coverage,,,2025,E00216,False,57707.0,False,True
20250906_2024_HARP13736_NOAA14211,2025-09-06 20:24:00+00:00,13736,14211,block_download_or_coverage,,,2025,E00216,False,57710.0,False,True
20250906_2200_HARP13736_NOAA14211,2025-09-06 22:00:00+00:00,13736,14211,block_download_or_coverage,,,2025,E00216,False,57713.0,False,True
20250906_2336_HARP13736_NOAA14211,2025-09-06 23:36:00+00:00,13736,14211,block_download_or_coverage,,,2025,E00216,False,57716.0,False,True
20250907_0112_HARP13736_NOAA14211,2025-09-07 01:12:00+00:00,13736,14211,block_download_or_coverage,,,2025,E00216,False,57719.0,False,True
20250907_0248_HARP13736_NOAA14211,2025-09-07 02:48:00+00:00,13736,14211,block_download_or_coverage,,,2025,E00216,False,57722.0,False,True
20250907_0424_HARP13736_NOAA14211,2025-09-07 04:24:00+00:00,13736,14211,block_download_or_coverage,,,2025,E00216,False,57725.0,False,True
20250907_0636_HARP13736_NOAA14211,2025-09-07 06:36:00+00:00,13736,14211,block_download_or_coverage,,,2025,E00216,False,,,False
20250907_0812_HARP13736_NOAA14211,2025-09-07 08:12:00+00:00,13736,14211,block_download_or_coverage,,,2025,E00216,False,,,False
20250907_0948_HARP13736_NOAA14211,2025-09-07 09:48:00+00:00,13736,14211,block_download_or_coverage,,,2025,E00216,False,,,False
20250907_1124_HARP13736_NOAA14211,2025-09-07 11:24:00+00:00,13736,14211,block_download_or_coverage,,,2025,E00216,False,57728.0,False,True
20250907_1300_HARP13736_NOAA14211,2025-09-07 13:00:00+00:00,13736,14211,block_download_or_coverage,,,2025,E00216,False,57731.0,False,True
20250907_1436_HARP13736_NOAA14211,2025-09-07 14:36:00+00:00,13736,14211,block_download_or_coverage,,,2025,E00216,False,57734.0,False,True
20250907_1612_HARP13736_NOAA14211,2025-09-07 16:12:00+00:00,13736,14211,block_download_or_coverage,,,2025,E00216,False,57737.0,False,True
20250907_1748_HARP13736_NOAA14211,2025-09-07 17:48:00+00:00,13736,14211,block_download_or_coverage,,,2025,E00216,False,57740.0,False,True
20250907_1924_HARP13736_NOAA14211,2025-09-07 19:24:00+00:00,13736,14211,block_download_or_coverage,,,2025,E00216,False,57743.0,False,True
20250907_2100_HARP13736_NOAA14211,2025-09-07 21:00:00+00:00,13736,14211,block_download_or_coverage,,,2025,E00216,False,57746.0,False,True
20250907_2236_HARP13736_NOAA14211,2025-09-07 22:36:00+00:00,13736,14211,block_download_or_coverage,,,2025,E00216,False,57749.0,False,True
20250908_0012_HARP13736_NOAA14211,2025-09-08 00:12:00+00:00,13736,14211,block_download_or_coverage,,,2025,E00216,False,57752.0,False,True
20250908_0148_HARP13736_NOAA14211,2025-09-08 01:48:00+00:00,13736,14211,block_download_or_coverage,,,2025,E00216,False,57755.0,False,True
20250908_0324_HARP13736_NOAA14211,2025-09-08 03:24:00+00:00,13736,14211,block_download_or_coverage,,,2025,E00216,False,57758.0,False,True
20250908_0500_HARP13736_NOAA14211,2025-09-08 05:00:00+00:00,13736,14211,block_download_or_coverage,,,2025,E00216,False,57761.0,False,True
20250908_0636_HARP13736_NOAA14211,2025-09-08 06:36:00+00:00,13736,14211,block_download_or_coverage,,,2025,E00216,False,57764.0,False,True
20250908_0812_HARP13736_NOAA14211,2025-09-08 08:12:00+00:00,13736,14211,block_download_or_coverage,,,2025,E00216,False,57767.0,False,True
20250908_0948_HARP13736_NOAA14211,2025-09-08 09:48:00+00:00,13736,14211,block_download_or_coverage,,,2025,E00216,False,57770.0,False,True
20250908_1124_HARP13736_NOAA14211,2025-09-08 11:24:00+00:00,13736,14211,block_download_or_coverage,,,2025,E00216,False,57773.0,False,True
20250908_1300_HARP13736_NOAA14211,2025-09-08 13:00:00+00:00,13736,14211,block_download_or_coverage,,,2025,E00216,False,57776.0,False,True
20250908_1436_HARP13736_NOAA14211,2025-09-08 14:36:00+00:00,13736,14211,block_download_or_coverage,,,2025,E00216,False,57779.0,False,True
20250908_1612_HARP13736_NOAA14211,2025-09-08 16:12:00+00:00,13736,14211,block_download_or_coverage,,,2025,E00216,False,57782.0,False,True
20250908_1748_HARP13736_NOAA14211,2025-09-08 17:48:00+00:00,13736,14211,block_download_or_coverage,,,2025,E00216,False,57784.0,False,True
20250908_1924_HARP13736_NOAA14211,2025-09-08 19:24:00+00:00,13736,14211,block_download_or_coverage,,,2025,E00216,False,57786.0,False,True
20250908_2100_HARP13736_NOAA14211,2025-09-08 21:00:00+00:00,13736,14211,block_download_or_coverage,,,2025,E00216,False,57788.0,False,True
20250908_2236_HARP13736_NOAA14211,2025-09-08 22:36:00+00:00,13736,14211,block_download_or_coverage,,,2025,E00216,False,57790.0,False,True
20250909_0012_HARP13736_NOAA14211,2025-09-09 00:12:00+00:00,13736,14211,block_download_or_coverage,,,2025,E00216,False,57792.0,False,True
20250909_0148_HARP13736_NOAA14211,2025-09-09 01:48:00+00:00,13736,14211,block_download_or_coverage,,,2025,E00216,False,57794.0,False,True
20250909_0324_HARP13736_NOAA14211,2025-09-09 03:24:00+00:00,13736,14211,block_download_or_coverage,,,2025,E00216,False,57796.0,False,True
20250909_0500_HARP13736_NOAA14211,2025-09-09 05:00:00+00:00,13736,14211,block_download_or_coverage,,,2025,E00216,False,57798.0,False,True
20250909_0636_HARP13736_NOAA14211,2025-09-09 06:36:00+00:00,13736,14211,block_download_or_coverage,,,2025,E00216,False,57800.0,False,True
20250909_0812_HARP13736_NOAA14211,2025-09-09 08:12:00+00:00,13736,14211,block_download_or_coverage,,,2025,E00216,False,57802.0,False,True
20250909_0948_HARP13736_NOAA14211,2025-09-09 09:48:00+00:00,13736,14211,block_download_or_coverage,,,2025,E00216,False,57804.0,False,True
20250909_1124_HARP13736_NOAA14211,2025-09-09 11:24:00+00:00,13736,14211,block_download_or_coverage,,,2025,E00216,False,57806.0,False,True
20250910_1300_HARP13736_NOAA14211,2025-09-10 13:00:00+00:00,13736,14211,block_download_or_coverage,,,2025,E00217,False,57832.0,False,True
20250910_1436_HARP13736_NOAA14211,2025-09-10 14:36:00+00:00,13736,14211,block_download_or_coverage,,,2025,E00217,False,57834.0,False,True
20250910_1612_HARP13736_NOAA14211,2025-09-10 16:12:00+00:00,13736,14211,block_download_or_coverage,,,2025,E00217,False,57836.0,False,True
20250910_1748_HARP13736_NOAA14211,2025-09-10 17:48:00+00:00,13736,14211,block_download_or_coverage,,,2025,E00217,False,57838.0,False,True
20250910_1936_HARP13736_NOAA14211,2025-09-10 19:36:00+00:00,13736,14211,block_download_or_coverage,,,2025,E00217,False,,,False
20250910_2112_HARP13736_NOAA14211,2025-09-10 21:12:00+00:00,13736,14211,block_download_or_coverage,,,2025,E00217,False,,,False
20250910_2248_HARP13736_NOAA14211,2025-09-10 22:48:00+00:00,13736,14211,block_download_or_coverage,,,2025,E00217,False,,,False
20250911_0024_HARP13736_NOAA14211,2025-09-11 00:24:00+00:00,13736,14211,block_download_or_coverage,,,2025,E00217,False,57839.0,False,True
20250911_0200_HARP13736_NOAA14211,2025-09-11 02:00:00+00:00,13736,14211,block_download_or_coverage,,,2025,E00217,False,57841.0,False,True
20250906_1336_HARP13747_NOAA14215,2025-09-06 13:36:00+00:00,13747,14215,block_download_or_coverage,,,2025,E00218,False,,,False
20250906_1512_HARP13747_NOAA14215,2025-09-06 15:12:00+00:00,13747,14215,block_download_or_coverage,,,2025,E00218,False,,,False
20250906_1648_HARP13747_NOAA14215,2025-09-06 16:48:00+00:00,13747,14215,block_download_or_coverage,,,2025,E00218,False,,,False
20250906_1824_HARP13747_NOAA14215,2025-09-06 18:24:00+00:00,13747,14215,block_download_or_coverage,,,2025,E00218,False,57706.0,False,True
20250906_2000_HARP13747_NOAA14215,2025-09-06 20:00:00+00:00,13747,14215,block_download_or_coverage,,,2025,E00218,False,57709.0,False,True
20250906_2136_HARP13747_NOAA14215,2025-09-06 21:36:00+00:00,13747,14215,block_download_or_coverage,,,2025,E00218,False,57712.0,False,True
20250906_2312_HARP13747_NOAA14215,2025-09-06 23:12:00+00:00,13747,14215,block_download_or_coverage,,,2025,E00218,False,57715.0,False,True
20250907_0048_HARP13747_NOAA14215,2025-09-07 00:48:00+00:00,13747,14215,block_download_or_coverage,,,2025,E00218,False,57718.0,False,True
20250907_0224_HARP13747_NOAA14215,2025-09-07 02:24:00+00:00,13747,14215,block_download_or_coverage,,,2025,E00218,False,57721.0,False,True
20250907_0400_HARP13747_NOAA14215,2025-09-07 04:00:00+00:00,13747,14215,block_download_or_coverage,,,2025,E00218,False,57724.0,False,True
20250907_0536_HARP13747_NOAA14215,2025-09-07 05:36:00+00:00,13747,14215,block_download_or_coverage,,,2025,E00218,False,57727.0,False,True
20250907_0748_HARP13747_NOAA14215,2025-09-07 07:48:00+00:00,13747,14215,block_download_or_coverage,,,2025,E00218,False,,,False
20250907_0924_HARP13747_NOAA14215,2025-09-07 09:24:00+00:00,13747,14215,block_download_or_coverage,,,2025,E00218,False,,,False
20250907_1100_HARP13747_NOAA14215,2025-09-07 11:00:00+00:00,13747,14215,block_download_or_coverage,,,2025,E00218,False,,,False
20250907_1236_HARP13747_NOAA14215,2025-09-07 12:36:00+00:00,13747,14215,block_download_or_coverage,,,2025,E00218,False,57730.0,False,True
20250907_1412_HARP13747_NOAA14215,2025-09-07 14:12:00+00:00,13747,14215,block_download_or_coverage,,,2025,E00218,False,57733.0,False,True
20250907_1548_HARP13747_NOAA14215,2025-09-07 15:48:00+00:00,13747,14215,block_download_or_coverage,,,2025,E00218,False,57736.0,False,True
20250907_1724_HARP13747_NOAA14215,2025-09-07 17:24:00+00:00,13747,14215,block_download_or_coverage,,,2025,E00218,False,57739.0,False,True
20250907_1900_HARP13747_NOAA14215,2025-09-07 19:00:00+00:00,13747,14215,block_download_or_coverage,,,2025,E00218,False,57742.0,False,True
20250907_2036_HARP13747_NOAA14215,2025-09-07 20:36:00+00:00,13747,14215,block_download_or_coverage,,,2025,E00218,False,57745.0,False,True
20250907_2212_HARP13747_NOAA14215,2025-09-07 22:12:00+00:00,13747,14215,block_download_or_coverage,,,2025,E00218,False,57748.0,False,True
20250907_2348_HARP13747_NOAA14215,2025-09-07 23:48:00+00:00,13747,14215,block_download_or_coverage,,,2025,E00218,False,57751.0,False,True
20250908_0124_HARP13747_NOAA14215,2025-09-08 01:24:00+00:00,13747,14215,block_download_or_coverage,,,2025,E00218,False,57754.0,False,True
20250908_0300_HARP13747_NOAA14215,2025-09-08 03:00:00+00:00,13747,14215,block_download_or_coverage,,,2025,E00218,False,57757.0,False,True
20250908_0436_HARP13747_NOAA14215,2025-09-08 04:36:00+00:00,13747,14215,block_download_or_coverage,,,2025,E00218,False,57760.0,False,True
20250908_0612_HARP13747_NOAA14215,2025-09-08 06:12:00+00:00,13747,14215,block_download_or_coverage,,,2025,E00218,False,57763.0,False,True
20250908_0748_HARP13747_NOAA14215,2025-09-08 07:48:00+00:00,13747,14215,block_download_or_coverage,,,2025,E00218,False,57766.0,False,True
20250908_0924_HARP13747_NOAA14215,2025-09-08 09:24:00+00:00,13747,14215,block_download_or_coverage,,,2025,E00218,False,57769.0,False,True
20250908_1100_HARP13747_NOAA14215,2025-09-08 11:00:00+00:00,13747,14215,block_download_or_coverage,,,2025,E00218,False,57772.0,False,True
20250908_1236_HARP13747_NOAA14215,2025-09-08 12:36:00+00:00,13747,14215,block_download_or_coverage,,,2025,E00218,False,57775.0,False,True
20250908_1412_HARP13747_NOAA14215,2025-09-08 14:12:00+00:00,13747,14215,block_download_or_coverage,,,2025,E00218,False,57778.0,False,True
20250908_1548_HARP13747_NOAA14215,2025-09-08 15:48:00+00:00,13747,14215,block_download_or_coverage,,,2025,E00218,False,57781.0,False,True
20250908_1724_HARP13747_NOAA14215,2025-09-08 17:24:00+00:00,13747,14215,block_download_or_coverage,,,2025,E00218,False,57783.0,False,True
20250908_1900_HARP13747_NOAA14215,2025-09-08 19:00:00+00:00,13747,14215,block_download_or_coverage,,,2025,E00218,False,57785.0,False,True
20250908_2036_HARP13747_NOAA14215,2025-09-08 20:36:00+00:00,13747,14215,block_download_or_coverage,,,2025,E00218,False,57787.0,False,True
20250908_2212_HARP13747_NOAA14215,2025-09-08 22:12:00+00:00,13747,14215,block_download_or_coverage,,,2025,E00218,False,57789.0,False,True
20250908_2348_HARP13747_NOAA14215,2025-09-08 23:48:00+00:00,13747,14215,block_download_or_coverage,,,2025,E00218,False,57791.0,False,True
20250909_0124_HARP13747_NOAA14215,2025-09-09 01:24:00+00:00,13747,14215,block_download_or_coverage,,,2025,E00218,False,57793.0,False,True
20250909_0300_HARP13747_NOAA14215,2025-09-09 03:00:00+00:00,13747,14215,block_download_or_coverage,,,2025,E00218,False,57795.0,False,True
20250909_0436_HARP13747_NOAA14215,2025-09-09 04:36:00+00:00,13747,14215,block_download_or_coverage,,,2025,E00218,False,57797.0,False,True
20250909_0612_HARP13747_NOAA14215,2025-09-09 06:12:00+00:00,13747,14215,block_download_or_coverage,,,2025,E00218,False,57799.0,False,True
20250909_0748_HARP13747_NOAA14215,2025-09-09 07:48:00+00:00,13747,14215,block_download_or_coverage,,,2025,E00218,False,57801.0,False,True
20250909_0924_HARP13747_NOAA14215,2025-09-09 09:24:00+00:00,13747,14215,block_download_or_coverage,,,2025,E00218,False,57803.0,False,True
20250909_1100_HARP13747_NOAA14215,2025-09-09 11:00:00+00:00,13747,14215,block_download_or_coverage,,,2025,E00218,False,57805.0,False,True
20250909_1236_HARP13747_NOAA14215,2025-09-09 12:36:00+00:00,13747,14215,block_download_or_coverage,,,2025,E00218,False,57807.0,False,True
20250909_1412_HARP13747_NOAA14215,2025-09-09 14:12:00+00:00,13747,14215,block_download_or_coverage,,,2025,E00218,False,57809.0,False,True
20250909_1548_HARP13747_NOAA14215,2025-09-09 15:48:00+00:00,13747,14215,block_download_or_coverage,,,2025,E00218,False,,,False
20250909_1724_HARP13747_NOAA14215,2025-09-09 17:24:00+00:00,13747,14215,block_download_or_coverage,,,2025,E00218,False,,,False
20250909_2036_HARP13747_NOAA14215,2025-09-09 20:36:00+00:00,13747,14215,block_download_or_coverage,,,2025,E00218,False,,,False
20250909_2212_HARP13747_NOAA14215,2025-09-09 22:12:00+00:00,13747,14215,block_download_or_coverage,,,2025,E00218,False,,,False
20250909_2348_HARP13747_NOAA14215,2025-09-09 23:48:00+00:00,13747,14215,block_download_or_coverage,,,2025,E00218,False,,,False
20250910_0124_HARP13747_NOAA14215,2025-09-10 01:24:00+00:00,13747,14215,block_download_or_coverage,,,2025,E00218,False,57817.0,False,True
20250910_0300_HARP13747_NOAA14215,2025-09-10 03:00:00+00:00,13747,14215,block_download_or_coverage,,,2025,E00218,False,57819.0,False,True
20250910_0436_HARP13747_NOAA14215,2025-09-10 04:36:00+00:00,13747,14215,block_download_or_coverage,,,2025,E00218,False,57821.0,False,True
20250910_0612_HARP13747_NOAA14215,2025-09-10 06:12:00+00:00,13747,14215,block_download_or_coverage,,,2025,E00218,False,57823.0,False,True
20250910_0748_HARP13747_NOAA14215,2025-09-10 07:48:00+00:00,13747,14215,block_download_or_coverage,,,2025,E00218,False,57825.0,False,True
20250910_0924_HARP13747_NOAA14215,2025-09-10 09:24:00+00:00,13747,14215,block_download_or_coverage,,,2025,E00218,False,57827.0,False,True
20250910_1100_HARP13747_NOAA14215,2025-09-10 11:00:00+00:00,13747,14215,block_download_or_coverage,,,2025,E00218,False,57829.0,False,True
20250910_1236_HARP13747_NOAA14215,2025-09-10 12:36:00+00:00,13747,14215,block_download_or_coverage,,,2025,E00218,False,57831.0,False,True
20250910_1412_HARP13747_NOAA14215,2025-09-10 14:12:00+00:00,13747,14215,block_download_or_coverage,,,2025,E00218,False,57833.0,False,True
20250910_1548_HARP13747_NOAA14215,2025-09-10 15:48:00+00:00,13747,14215,block_download_or_coverage,,,2025,E00218,False,57835.0,False,True
20250910_1724_HARP13747_NOAA14215,2025-09-10 17:24:00+00:00,13747,14215,block_download_or_coverage,,,2025,E00218,False,57837.0,False,True
20250915_2136_HARP13768_NOAA14216,2025-09-15 21:36:00+00:00,13768,14216,block_download_or_coverage,,,2025,E00219,False,,,False
20250915_2312_HARP13768_NOAA14216,2025-09-15 23:12:00+00:00,13768,14216,block_download_or_coverage,,,2025,E00219,False,,,False
20250916_0048_HARP13768_NOAA14216,2025-09-16 00:48:00+00:00,13768,14216,block_download_or_coverage,,,2025,E00219,False,,,False
20250916_0224_HARP13768_NOAA14216,2025-09-16 02:24:00+00:00,13768,14216,block_download_or_coverage,,,2025,E00219,False,57856.0,False,True
20250916_0400_HARP13768_NOAA14216,2025-09-16 04:00:00+00:00,13768,14216,block_download_or_coverage,,,2025,E00219,False,57858.0,False,True
20250916_0536_HARP13768_NOAA14216,2025-09-16 05:36:00+00:00,13768,14216,block_download_or_coverage,,,2025,E00219,False,57860.0,False,True
20250916_0712_HARP13768_NOAA14216,2025-09-16 07:12:00+00:00,13768,14216,block_download_or_coverage,,,2025,E00219,False,57861.0,False,True
20250916_0848_HARP13768_NOAA14216,2025-09-16 08:48:00+00:00,13768,14216,block_download_or_coverage,,,2025,E00219,False,57862.0,False,True
20250916_1024_HARP13768_NOAA14216,2025-09-16 10:24:00+00:00,13768,14216,block_download_or_coverage,,,2025,E00219,False,57863.0,False,True
20250916_1200_HARP13768_NOAA14216,2025-09-16 12:00:00+00:00,13768,14216,block_download_or_coverage,,,2025,E00219,False,57864.0,False,True
20250916_1336_HARP13768_NOAA14216,2025-09-16 13:36:00+00:00,13768,14216,block_download_or_coverage,,,2025,E00219,False,57866.0,False,True
20250916_1512_HARP13768_NOAA14216,2025-09-16 15:12:00+00:00,13768,14216,block_download_or_coverage,,,2025,E00219,False,57868.0,False,True
20250916_1648_HARP13768_NOAA14216,2025-09-16 16:48:00+00:00,13768,14216,block_download_or_coverage,,,2025,E00219,False,57870.0,False,True
20250916_1824_HARP13768_NOAA14216,2025-09-16 18:24:00+00:00,13768,14216,block_download_or_coverage,,,2025,E00219,False,57872.0,False,True
20250916_2000_HARP13768_NOAA14216,2025-09-16 20:00:00+00:00,13768,14216,block_download_or_coverage,,,2025,E00219,False,57874.0,False,True
20250916_2200_HARP13768_NOAA14216,2025-09-16 22:00:00+00:00,13768,14216,block_download_or_coverage,,,2025,E00219,False,,,False
20250916_2336_HARP13768_NOAA14216,2025-09-16 23:36:00+00:00,13768,14216,block_download_or_coverage,,,2025,E00219,False,,,False
20250917_0112_HARP13768_NOAA14216,2025-09-17 01:12:00+00:00,13768,14216,block_download_or_coverage,,,2025,E00219,False,,,False
20250917_0248_HARP13768_NOAA14216,2025-09-17 02:48:00+00:00,13768,14216,block_download_or_coverage,,,2025,E00219,False,57875.0,False,True
20250917_0424_HARP13768_NOAA14216,2025-09-17 04:24:00+00:00,13768,14216,block_download_or_coverage,,,2025,E00219,False,57877.0,False,True
20250917_0736_HARP13768_NOAA14216,2025-09-17 07:36:00+00:00,13768,14216,block_download_or_coverage,,,2025,E00219,False,,,False
20250917_0912_HARP13768_NOAA14216,2025-09-17 09:12:00+00:00,13768,14216,block_download_or_coverage,,,2025,E00219,False,,,False
20250917_1048_HARP13768_NOAA14216,2025-09-17 10:48:00+00:00,13768,14216,block_download_or_coverage,,,2025,E00219,False,,,False
20250917_1224_HARP13768_NOAA14216,2025-09-17 12:24:00+00:00,13768,14216,block_download_or_coverage,,,2025,E00219,False,57883.0,False,True
20250917_1400_HARP13768_NOAA14216,2025-09-17 14:00:00+00:00,13768,14216,block_download_or_coverage,,,2025,E00219,False,57885.0,False,True
20250917_1536_HARP13768_NOAA14216,2025-09-17 15:36:00+00:00,13768,14216,block_download_or_coverage,,,2025,E00219,False,57887.0,False,True
20250917_1712_HARP13768_NOAA14216,2025-09-17 17:12:00+00:00,13768,14216,block_download_or_coverage,,,2025,E00219,False,57889.0,False,True
20250917_1848_HARP13768_NOAA14216,2025-09-17 18:48:00+00:00,13768,14216,block_download_or_coverage,,,2025,E00219,False,57891.0,False,True
20250917_2036_HARP13768_NOAA14216,2025-09-17 20:36:00+00:00,13768,14216,block_download_or_coverage,,,2025,E00219,False,,,False
20250917_2212_HARP13768_NOAA14216,2025-09-17 22:12:00+00:00,13768,14216,block_download_or_coverage,,,2025,E00219,False,,,False
20250917_2348_HARP13768_NOAA14216,2025-09-17 23:48:00+00:00,13768,14216,block_download_or_coverage,,,2025,E00219,False,,,False
20250918_1948_HARP13768_NOAA14216,2025-09-18 19:48:00+00:00,13768,14216,block_download_or_coverage,,,2025,E00220,False,,,False
20250918_2124_HARP13768_NOAA14216,2025-09-18 21:24:00+00:00,13768,14216,block_download_or_coverage,,,2025,E00220,False,,,False
20250918_2300_HARP13768_NOAA14216,2025-09-18 23:00:00+00:00,13768,14216,block_download_or_coverage,,,2025,E00220,False,,,False
20250919_0036_HARP13768_NOAA14216,2025-09-19 00:36:00+00:00,13768,14216,block_download_or_coverage,,,2025,E00220,False,57894.0,False,True
20250919_0212_HARP13768_NOAA14216,2025-09-19 02:12:00+00:00,13768,14216,block_download_or_coverage,,,2025,E00220,False,57896.0,False,True
20250919_0348_HARP13768_NOAA14216,2025-09-19 03:48:00+00:00,13768,14216,block_download_or_coverage,,,2025,E00220,False,57899.0,False,True
20250919_0524_HARP13768_NOAA14216,2025-09-19 05:24:00+00:00,13768,14216,block_download_or_coverage,,,2025,E00220,False,57902.0,False,True
20250919_0700_HARP13768_NOAA14216,2025-09-19 07:00:00+00:00,13768,14216,block_download_or_coverage,,,2025,E00220,False,57904.0,False,True
20250919_0836_HARP13768_NOAA14216,2025-09-19 08:36:00+00:00,13768,14216,block_download_or_coverage,,,2025,E00220,False,57906.0,False,True
20250919_1012_HARP13768_NOAA14216,2025-09-19 10:12:00+00:00,13768,14216,block_download_or_coverage,,,2025,E00220,False,57908.0,False,True
20250919_1148_HARP13768_NOAA14216,2025-09-19 11:48:00+00:00,13768,14216,block_download_or_coverage,,,2025,E00220,False,57910.0,False,True
20250919_1324_HARP13768_NOAA14216,2025-09-19 13:24:00+00:00,13768,14216,block_download_or_coverage,,,2025,E00220,False,57913.0,False,True
20250919_1500_HARP13768_NOAA14216,2025-09-19 15:00:00+00:00,13768,14216,block_download_or_coverage,,,2025,E00220,False,57916.0,False,True
20250919_1636_HARP13768_NOAA14216,2025-09-19 16:36:00+00:00,13768,14216,block_download_or_coverage,,,2025,E00220,False,57919.0,False,True
20250919_1812_HARP13768_NOAA14216,2025-09-19 18:12:00+00:00,13768,14216,block_download_or_coverage,,,2025,E00220,False,57922.0,False,True
20250919_1948_HARP13768_NOAA14216,2025-09-19 19:48:00+00:00,13768,14216,block_download_or_coverage,,,2025,E00220,False,57925.0,False,True
20250919_2124_HARP13768_NOAA14216,2025-09-19 21:24:00+00:00,13768,14216,block_download_or_coverage,,,2025,E00220,False,57927.0,False,True
20250919_2300_HARP13768_NOAA14216,2025-09-19 23:00:00+00:00,13768,14216,block_download_or_coverage,,,2025,E00220,False,57929.0,False,True
20250920_0036_HARP13768_NOAA14216,2025-09-20 00:36:00+00:00,13768,14216,block_download_or_coverage,,,2025,E00220,False,57932.0,False,True
20250920_0212_HARP13768_NOAA14216,2025-09-20 02:12:00+00:00,13768,14216,block_download_or_coverage,,,2025,E00220,False,57935.0,False,True
20250920_0348_HARP13768_NOAA14216,2025-09-20 03:48:00+00:00,13768,14216,block_download_or_coverage,,,2025,E00220,False,57938.0,False,True
20250920_0524_HARP13768_NOAA14216,2025-09-20 05:24:00+00:00,13768,14216,block_download_or_coverage,,,2025,E00220,False,57941.0,False,True
20250920_0700_HARP13768_NOAA14216,2025-09-20 07:00:00+00:00,13768,14216,block_download_or_coverage,,,2025,E00220,False,57943.0,False,True
20250920_0836_HARP13768_NOAA14216,2025-09-20 08:36:00+00:00,13768,14216,block_download_or_coverage,,,2025,E00220,False,57945.0,False,True
20250920_1012_HARP13768_NOAA14216,2025-09-20 10:12:00+00:00,13768,14216,block_download_or_coverage,,,2025,E00220,False,57947.0,False,True
20250916_0736_HARP13773_NOAA14220,2025-09-16 07:36:00+00:00,13773,14220,block_download_or_coverage,,,2025,E00221,False,,,False
20250916_0912_HARP13773_NOAA14220,2025-09-16 09:12:00+00:00,13773,14220,block_download_or_coverage,,,2025,E00221,False,,,False
20250916_1048_HARP13773_NOAA14220,2025-09-16 10:48:00+00:00,13773,14220,block_download_or_coverage,,,2025,E00221,False,,,False
20250916_1224_HARP13773_NOAA14220,2025-09-16 12:24:00+00:00,13773,14220,block_download_or_coverage,,,2025,E00221,False,57865.0,False,True
20250916_1400_HARP13773_NOAA14220,2025-09-16 14:00:00+00:00,13773,14220,block_download_or_coverage,,,2025,E00221,False,57867.0,False,True
20250916_1536_HARP13773_NOAA14220,2025-09-16 15:36:00+00:00,13773,14220,block_download_or_coverage,,,2025,E00221,False,57869.0,False,True
20250916_1712_HARP13773_NOAA14220,2025-09-16 17:12:00+00:00,13773,14220,block_download_or_coverage,,,2025,E00221,False,57871.0,False,True
20250916_1848_HARP13773_NOAA14220,2025-09-16 18:48:00+00:00,13773,14220,block_download_or_coverage,,,2025,E00221,False,57873.0,False,True
20250917_2236_HARP13773_NOAA14220,2025-09-17 22:36:00+00:00,13773,14220,block_download_or_coverage,,,2025,E00222,False,,,False
20250918_0012_HARP13773_NOAA14220,2025-09-18 00:12:00+00:00,13773,14220,block_download_or_coverage,,,2025,E00222,False,57892.0,False,True
20250919_1836_HARP13773_NOAA14220,2025-09-19 18:36:00+00:00,13773,14220,block_download_or_coverage,,,2025,E00223,False,57923.0,False,True
20250919_2012_HARP13773_NOAA14220,2025-09-19 20:12:00+00:00,13773,14220,block_download_or_coverage,,,2025,E00223,False,,,False
20250919_2148_HARP13773_NOAA14220,2025-09-19 21:48:00+00:00,13773,14220,block_download_or_coverage,,,2025,E00223,False,,,False
20250919_2324_HARP13773_NOAA14220,2025-09-19 23:24:00+00:00,13773,14220,block_download_or_coverage,,,2025,E00223,False,,,False
20250920_0100_HARP13773_NOAA14220,2025-09-20 01:00:00+00:00,13773,14220,block_download_or_coverage,,,2025,E00223,False,,,False
20250920_0236_HARP13773_NOAA14220,2025-09-20 02:36:00+00:00,13773,14220,block_download_or_coverage,,,2025,E00223,False,,,False
20250920_0412_HARP13773_NOAA14220,2025-09-20 04:12:00+00:00,13773,14220,block_download_or_coverage,,,2025,E00223,False,,,False
20250918_2200_HARP13776_NOAA14217,2025-09-18 22:00:00+00:00,13776,14217,block_download_or_coverage,,,2025,E00224,False,,,False
20250918_2336_HARP13776_NOAA14217,2025-09-18 23:36:00+00:00,13776,14217,block_download_or_coverage,,,2025,E00224,False,,,False
20250919_0112_HARP13776_NOAA14217,2025-09-19 01:12:00+00:00,13776,14217,block_download_or_coverage,,,2025,E00224,False,,,False
20250919_0248_HARP13776_NOAA14217,2025-09-19 02:48:00+00:00,13776,14217,block_download_or_coverage,,,2025,E00224,False,57898.0,False,True
20250919_0424_HARP13776_NOAA14217,2025-09-19 04:24:00+00:00,13776,14217,block_download_or_coverage,,,2025,E00224,False,57901.0,False,True
20250918_1900_HARP13777_NOAA14221,2025-09-18 19:00:00+00:00,13777,14221,block_download_or_coverage,,,2025,E00225,False,,,False
20250918_2036_HARP13777_NOAA14221,2025-09-18 20:36:00+00:00,13777,14221,block_download_or_coverage,,,2025,E00225,False,,,False
20250918_2212_HARP13777_NOAA14221,2025-09-18 22:12:00+00:00,13777,14221,block_download_or_coverage,,,2025,E00225,False,,,False
20250918_2348_HARP13777_NOAA14221,2025-09-18 23:48:00+00:00,13777,14221,block_download_or_coverage,,,2025,E00225,False,,,False
20250919_0124_HARP13777_NOAA14221,2025-09-19 01:24:00+00:00,13777,14221,block_download_or_coverage,,,2025,E00225,False,,,False
20250919_0300_HARP13777_NOAA14221,2025-09-19 03:00:00+00:00,13777,14221,block_download_or_coverage,,,2025,E00225,False,,,False
20250919_0436_HARP13777_NOAA14221,2025-09-19 04:36:00+00:00,13777,14221,block_download_or_coverage,,,2025,E00225,False,,,False
20250919_0612_HARP13777_NOAA14221,2025-09-19 06:12:00+00:00,13777,14221,block_download_or_coverage,,,2025,E00225,False,,,False
20250919_0748_HARP13777_NOAA14221,2025-09-19 07:48:00+00:00,13777,14221,block_download_or_coverage,,,2025,E00225,False,,,False
20250919_0924_HARP13777_NOAA14221,2025-09-19 09:24:00+00:00,13777,14221,block_download_or_coverage,,,2025,E00225,False,,,False
20250919_1100_HARP13777_NOAA14221,2025-09-19 11:00:00+00:00,13777,14221,block_download_or_coverage,,,2025,E00225,False,,,False
20250919_1236_HARP13777_NOAA14221,2025-09-19 12:36:00+00:00,13777,14221,block_download_or_coverage,,,2025,E00225,False,,,False
20250919_1412_HARP13777_NOAA14221,2025-09-19 14:12:00+00:00,13777,14221,block_download_or_coverage,,,2025,E00225,False,,,False
20250919_1548_HARP13777_NOAA14221,2025-09-19 15:48:00+00:00,13777,14221,block_download_or_coverage,,,2025,E00225,False,,,False
20250919_1724_HARP13777_NOAA14221,2025-09-19 17:24:00+00:00,13777,14221,block_download_or_coverage,,,2025,E00225,False,,,False
20250919_1900_HARP13777_NOAA14221,2025-09-19 19:00:00+00:00,13777,14221,block_download_or_coverage,,,2025,E00225,False,,,False
20250919_2036_HARP13777_NOAA14221,2025-09-19 20:36:00+00:00,13777,14221,block_download_or_coverage,,,2025,E00225,False,,,False
20250919_2212_HARP13777_NOAA14221,2025-09-19 22:12:00+00:00,13777,14221,block_download_or_coverage,,,2025,E00225,False,,,False
20250919_2348_HARP13777_NOAA14221,2025-09-19 23:48:00+00:00,13777,14221,block_download_or_coverage,,,2025,E00225,False,57931.0,False,True
20250920_0124_HARP13777_NOAA14221,2025-09-20 01:24:00+00:00,13777,14221,block_download_or_coverage,,,2025,E00225,False,57934.0,False,True
20250920_0300_HARP13777_NOAA14221,2025-09-20 03:00:00+00:00,13777,14221,block_download_or_coverage,,,2025,E00225,False,57937.0,False,True
20250920_0436_HARP13777_NOAA14221,2025-09-20 04:36:00+00:00,13777,14221,block_download_or_coverage,,,2025,E00225,False,57940.0,False,True
20250920_0612_HARP13777_NOAA14221,2025-09-20 06:12:00+00:00,13777,14221,block_download_or_coverage,,,2025,E00225,False,57942.0,False,True
20250920_0748_HARP13777_NOAA14221,2025-09-20 07:48:00+00:00,13777,14221,block_download_or_coverage,,,2025,E00225,False,57944.0,False,True
20250920_0924_HARP13777_NOAA14221,2025-09-20 09:24:00+00:00,13777,14221,block_download_or_coverage,,,2025,E00225,False,57946.0,False,True
20250920_1100_HARP13777_NOAA14221,2025-09-20 11:00:00+00:00,13777,14221,block_download_or_coverage,,,2025,E00225,False,57948.0,False,True
20250920_1236_HARP13777_NOAA14221,2025-09-20 12:36:00+00:00,13777,14221,block_download_or_coverage,,,2025,E00225,False,57950.0,False,True
20250920_1412_HARP13777_NOAA14221,2025-09-20 14:12:00+00:00,13777,14221,block_download_or_coverage,,,2025,E00225,False,57952.0,False,True
20250920_1548_HARP13777_NOAA14221,2025-09-20 15:48:00+00:00,13777,14221,block_download_or_coverage,,,2025,E00225,False,57954.0,False,True
20250920_1724_HARP13777_NOAA14221,2025-09-20 17:24:00+00:00,13777,14221,block_download_or_coverage,,,2025,E00225,False,57956.0,False,True
20250920_1900_HARP13777_NOAA14221,2025-09-20 19:00:00+00:00,13777,14221,block_download_or_coverage,,,2025,E00225,False,57958.0,False,True
20250920_2036_HARP13777_NOAA14221,2025-09-20 20:36:00+00:00,13777,14221,block_download_or_coverage,,,2025,E00225,False,57961.0,False,True
20250920_2212_HARP13777_NOAA14221,2025-09-20 22:12:00+00:00,13777,14221,block_download_or_coverage,,,2025,E00225,False,57964.0,False,True
20250920_2348_HARP13777_NOAA14221,2025-09-20 23:48:00+00:00,13777,14221,block_download_or_coverage,,,2025,E00225,False,57967.0,False,True
20250921_0124_HARP13777_NOAA14221,2025-09-21 01:24:00+00:00,13777,14221,block_download_or_coverage,,,2025,E00225,False,57970.0,False,True
20250921_0300_HARP13777_NOAA14221,2025-09-21 03:00:00+00:00,13777,14221,block_download_or_coverage,,,2025,E00225,False,57973.0,False,True
20250921_0436_HARP13777_NOAA14221,2025-09-21 04:36:00+00:00,13777,14221,block_download_or_coverage,,,2025,E00225,False,57976.0,False,True
20250921_0612_HARP13777_NOAA14221,2025-09-21 06:12:00+00:00,13777,14221,block_download_or_coverage,,,2025,E00225,False,57978.0,False,True
20250921_0748_HARP13777_NOAA14221,2025-09-21 07:48:00+00:00,13777,14221,block_download_or_coverage,,,2025,E00225,False,57980.0,False,True
20250921_0924_HARP13777_NOAA14221,2025-09-21 09:24:00+00:00,13777,14221,block_download_or_coverage,,,2025,E00225,False,57982.0,False,True
20250921_1100_HARP13777_NOAA14221,2025-09-21 11:00:00+00:00,13777,14221,block_download_or_coverage,,,2025,E00225,False,57984.0,False,True
20250921_1236_HARP13777_NOAA14221,2025-09-21 12:36:00+00:00,13777,14221,block_download_or_coverage,,,2025,E00225,False,57986.0,False,True
20250921_1412_HARP13777_NOAA14221,2025-09-21 14:12:00+00:00,13777,14221,block_download_or_coverage,,,2025,E00225,False,57988.0,False,True
20250921_1548_HARP13777_NOAA14221,2025-09-21 15:48:00+00:00,13777,14221,block_download_or_coverage,,,2025,E00225,False,57990.0,False,True
20250921_1724_HARP13777_NOAA14221,2025-09-21 17:24:00+00:00,13777,14221,block_download_or_coverage,,,2025,E00225,False,57992.0,False,True
20250921_1900_HARP13777_NOAA14221,2025-09-21 19:00:00+00:00,13777,14221,block_download_or_coverage,,,2025,E00225,False,57994.0,False,True
20250921_2036_HARP13777_NOAA14221,2025-09-21 20:36:00+00:00,13777,14221,block_download_or_coverage,,,2025,E00225,False,57996.0,False,True
20250921_2212_HARP13777_NOAA14221,2025-09-21 22:12:00+00:00,13777,14221,block_download_or_coverage,,,2025,E00225,False,57998.0,False,True
20250921_2348_HARP13777_NOAA14221,2025-09-21 23:48:00+00:00,13777,14221,block_download_or_coverage,,,2025,E00225,False,58001.0,False,True
20250922_0124_HARP13777_NOAA14221,2025-09-22 01:24:00+00:00,13777,14221,block_download_or_coverage,,,2025,E00225,False,58004.0,False,True
20250922_0300_HARP13777_NOAA14221,2025-09-22 03:00:00+00:00,13777,14221,block_download_or_coverage,,,2025,E00225,False,58007.0,False,True
20250922_0536_HARP13777_NOAA14221,2025-09-22 05:36:00+00:00,13777,14221,block_download_or_coverage,,,2025,E00225,False,,,False
20250922_0712_HARP13777_NOAA14221,2025-09-22 07:12:00+00:00,13777,14221,block_download_or_coverage,,,2025,E00225,False,,,False
20250922_0848_HARP13777_NOAA14221,2025-09-22 08:48:00+00:00,13777,14221,block_download_or_coverage,,,2025,E00225,False,,,False
20250922_1024_HARP13777_NOAA14221,2025-09-22 10:24:00+00:00,13777,14221,block_download_or_coverage,,,2025,E00225,False,58010.0,False,True
20250922_1200_HARP13777_NOAA14221,2025-09-22 12:00:00+00:00,13777,14221,block_download_or_coverage,,,2025,E00225,False,58013.0,False,True
20250913_2348_HARP13778_NOAA14219,2025-09-13 23:48:00+00:00,13778,14219,block_download_or_coverage,,,2025,E00226,False,,,False
20250914_0124_HARP13778_NOAA14219,2025-09-14 01:24:00+00:00,13778,14219,block_download_or_coverage,,,2025,E00226,False,,,False
20250914_0300_HARP13778_NOAA14219,2025-09-14 03:00:00+00:00,13778,14219,block_download_or_coverage,,,2025,E00226,False,,,False
20250914_0436_HARP13778_NOAA14219,2025-09-14 04:36:00+00:00,13778,14219,block_download_or_coverage,,,2025,E00226,False,,,False
20250914_0612_HARP13778_NOAA14219,2025-09-14 06:12:00+00:00,13778,14219,block_download_or_coverage,,,2025,E00226,False,,,False
20250914_0748_HARP13778_NOAA14219,2025-09-14 07:48:00+00:00,13778,14219,block_download_or_coverage,,,2025,E00226,False,,,False
20250914_0924_HARP13778_NOAA14219,2025-09-14 09:24:00+00:00,13778,14219,block_download_or_coverage,,,2025,E00226,False,,,False
20250914_1100_HARP13778_NOAA14219,2025-09-14 11:00:00+00:00,13778,14219,block_download_or_coverage,,,2025,E00226,False,,,False
20250914_1236_HARP13778_NOAA14219,2025-09-14 12:36:00+00:00,13778,14219,block_download_or_coverage,,,2025,E00226,False,,,False
20250914_1412_HARP13778_NOAA14219,2025-09-14 14:12:00+00:00,13778,14219,block_download_or_coverage,,,2025,E00226,False,,,False
20250914_1548_HARP13778_NOAA14219,2025-09-14 15:48:00+00:00,13778,14219,block_download_or_coverage,,,2025,E00226,False,,,False
20250914_1724_HARP13778_NOAA14219,2025-09-14 17:24:00+00:00,13778,14219,block_download_or_coverage,,,2025,E00226,False,,,False
20250914_1900_HARP13778_NOAA14219,2025-09-14 19:00:00+00:00,13778,14219,block_download_or_coverage,,,2025,E00226,False,,,False
20250914_2036_HARP13778_NOAA14219,2025-09-14 20:36:00+00:00,13778,14219,block_download_or_coverage,,,2025,E00226,False,,,False
20250914_2212_HARP13778_NOAA14219,2025-09-14 22:12:00+00:00,13778,14219,block_download_or_coverage,,,2025,E00226,False,,,False
20250914_2348_HARP13778_NOAA14219,2025-09-14 23:48:00+00:00,13778,14219,block_download_or_coverage,,,2025,E00226,False,,,False
20250915_0124_HARP13778_NOAA14219,2025-09-15 01:24:00+00:00,13778,14219,block_download_or_coverage,,,2025,E00226,False,,,False
20250915_0300_HARP13778_NOAA14219,2025-09-15 03:00:00+00:00,13778,14219,block_download_or_coverage,,,2025,E00226,False,,,False
20250915_0436_HARP13778_NOAA14219,2025-09-15 04:36:00+00:00,13778,14219,block_download_or_coverage,,,2025,E00226,False,57843.0,False,True
20250915_0612_HARP13778_NOAA14219,2025-09-15 06:12:00+00:00,13778,14219,block_download_or_coverage,,,2025,E00226,False,57844.0,False,True
20250915_0748_HARP13778_NOAA14219,2025-09-15 07:48:00+00:00,13778,14219,block_download_or_coverage,,,2025,E00226,False,57845.0,False,True
20250915_0924_HARP13778_NOAA14219,2025-09-15 09:24:00+00:00,13778,14219,block_download_or_coverage,,,2025,E00226,False,57846.0,False,True
20250915_1100_HARP13778_NOAA14219,2025-09-15 11:00:00+00:00,13778,14219,block_download_or_coverage,,,2025,E00226,False,57847.0,False,True
20250915_1236_HARP13778_NOAA14219,2025-09-15 12:36:00+00:00,13778,14219,block_download_or_coverage,,,2025,E00226,False,57848.0,False,True
20250915_1412_HARP13778_NOAA14219,2025-09-15 14:12:00+00:00,13778,14219,block_download_or_coverage,,,2025,E00226,False,57849.0,False,True
20250915_1548_HARP13778_NOAA14219,2025-09-15 15:48:00+00:00,13778,14219,block_download_or_coverage,,,2025,E00226,False,57850.0,False,True
20250915_1724_HARP13778_NOAA14219,2025-09-15 17:24:00+00:00,13778,14219,block_download_or_coverage,,,2025,E00226,False,57851.0,False,True
20250915_1900_HARP13778_NOAA14219,2025-09-15 19:00:00+00:00,13778,14219,block_download_or_coverage,,,2025,E00226,False,57852.0,False,True
20250915_2036_HARP13778_NOAA14219,2025-09-15 20:36:00+00:00,13778,14219,block_download_or_coverage,,,2025,E00226,False,57853.0,False,True
20250915_2212_HARP13778_NOAA14219,2025-09-15 22:12:00+00:00,13778,14219,block_download_or_coverage,,,2025,E00226,False,57854.0,False,True
20250915_2348_HARP13778_NOAA14219,2025-09-15 23:48:00+00:00,13778,14219,block_download_or_coverage,,,2025,E00226,False,57855.0,False,True
20250916_0124_HARP13778_NOAA14219,2025-09-16 01:24:00+00:00,13778,14219,block_download_or_coverage,,,2025,E00226,False,,,False
20250916_0300_HARP13778_NOAA14219,2025-09-16 03:00:00+00:00,13778,14219,block_download_or_coverage,,,2025,E00226,False,,,False
20250916_0436_HARP13778_NOAA14219,2025-09-16 04:36:00+00:00,13778,14219,block_download_or_coverage,,,2025,E00226,False,,,False
20250916_0612_HARP13778_NOAA14219,2025-09-16 06:12:00+00:00,13778,14219,block_download_or_coverage,,,2025,E00226,False,,,False
20250916_0748_HARP13778_NOAA14219,2025-09-16 07:48:00+00:00,13778,14219,block_download_or_coverage,,,2025,E00226,False,,,False
20250916_0924_HARP13778_NOAA14219,2025-09-16 09:24:00+00:00,13778,14219,block_download_or_coverage,,,2025,E00226,False,,,False
20250916_1100_HARP13778_NOAA14219,2025-09-16 11:00:00+00:00,13778,14219,block_download_or_coverage,,,2025,E00226,False,,,False
20250916_1236_HARP13778_NOAA14219,2025-09-16 12:36:00+00:00,13778,14219,block_download_or_coverage,,,2025,E00226,False,,,False
20250916_1412_HARP13778_NOAA14219,2025-09-16 14:12:00+00:00,13778,14219,block_download_or_coverage,,,2025,E00226,False,,,False
20250916_1548_HARP13778_NOAA14219,2025-09-16 15:48:00+00:00,13778,14219,block_download_or_coverage,,,2025,E00226,False,,,False
20250916_1724_HARP13778_NOAA14219,2025-09-16 17:24:00+00:00,13778,14219,block_download_or_coverage,,,2025,E00226,False,,,False
20250916_2236_HARP13778_NOAA14219,2025-09-16 22:36:00+00:00,13778,14219,block_download_or_coverage,,,2025,E00227,False,,,False
20250917_0012_HARP13778_NOAA14219,2025-09-17 00:12:00+00:00,13778,14219,block_download_or_coverage,,,2025,E00227,False,,,False
20250917_0148_HARP13778_NOAA14219,2025-09-17 01:48:00+00:00,13778,14219,block_download_or_coverage,,,2025,E00227,False,,,False
20250920_1424_HARP13784_NOAA14225,2025-09-20 14:24:00+00:00,13784,14225,block_download_or_coverage,,,2025,E00228,False,,,False
20250920_1600_HARP13784_NOAA14225,2025-09-20 16:00:00+00:00,13784,14225,block_download_or_coverage,,,2025,E00228,False,,,False
20250920_1736_HARP13784_NOAA14225,2025-09-20 17:36:00+00:00,13784,14225,block_download_or_coverage,,,2025,E00228,False,,,False
20250920_1912_HARP13784_NOAA14225,2025-09-20 19:12:00+00:00,13784,14225,block_download_or_coverage,,,2025,E00228,False,57959.0,False,True
20250920_2048_HARP13784_NOAA14225,2025-09-20 20:48:00+00:00,13784,14225,block_download_or_coverage,,,2025,E00228,False,57962.0,False,True
20250920_2224_HARP13784_NOAA14225,2025-09-20 22:24:00+00:00,13784,14225,block_download_or_coverage,,,2025,E00228,False,57965.0,False,True
20250921_0000_HARP13784_NOAA14225,2025-09-21 00:00:00+00:00,13784,14225,block_download_or_coverage,,,2025,E00228,False,57968.0,False,True
20250921_0136_HARP13784_NOAA14225,2025-09-21 01:36:00+00:00,13784,14225,block_download_or_coverage,,,2025,E00228,False,57971.0,False,True
20250921_0312_HARP13784_NOAA14225,2025-09-21 03:12:00+00:00,13784,14225,block_download_or_coverage,,,2025,E00228,False,57974.0,False,True
20250921_0448_HARP13784_NOAA14225,2025-09-21 04:48:00+00:00,13784,14225,block_download_or_coverage,,,2025,E00228,False,57977.0,False,True
20250921_0624_HARP13784_NOAA14225,2025-09-21 06:24:00+00:00,13784,14225,block_download_or_coverage,,,2025,E00228,False,57979.0,False,True
20250921_0800_HARP13784_NOAA14225,2025-09-21 08:00:00+00:00,13784,14225,block_download_or_coverage,,,2025,E00228,False,57981.0,False,True
20250921_0936_HARP13784_NOAA14225,2025-09-21 09:36:00+00:00,13784,14225,block_download_or_coverage,,,2025,E00228,False,57983.0,False,True
20250921_1248_HARP13784_NOAA14225,2025-09-21 12:48:00+00:00,13784,14225,block_download_or_coverage,,,2025,E00228,False,,,False
20250921_1424_HARP13784_NOAA14225,2025-09-21 14:24:00+00:00,13784,14225,block_download_or_coverage,,,2025,E00228,False,,,False
20250921_1600_HARP13784_NOAA14225,2025-09-21 16:00:00+00:00,13784,14225,block_download_or_coverage,,,2025,E00228,False,,,False
20250921_1736_HARP13784_NOAA14225,2025-09-21 17:36:00+00:00,13784,14225,block_download_or_coverage,,,2025,E00228,False,57993.0,False,True
20250921_1912_HARP13784_NOAA14225,2025-09-21 19:12:00+00:00,13784,14225,block_download_or_coverage,,,2025,E00228,False,57995.0,False,True
20250921_2048_HARP13784_NOAA14225,2025-09-21 20:48:00+00:00,13784,14225,block_download_or_coverage,,,2025,E00228,False,57997.0,False,True
20250921_2224_HARP13784_NOAA14225,2025-09-21 22:24:00+00:00,13784,14225,block_download_or_coverage,,,2025,E00228,False,57999.0,False,True
20250922_0000_HARP13784_NOAA14225,2025-09-22 00:00:00+00:00,13784,14225,block_download_or_coverage,,,2025,E00228,False,58002.0,False,True
20250922_0136_HARP13784_NOAA14225,2025-09-22 01:36:00+00:00,13784,14225,block_download_or_coverage,,,2025,E00228,False,58005.0,False,True
20250922_0312_HARP13784_NOAA14225,2025-09-22 03:12:00+00:00,13784,14225,block_download_or_coverage,,,2025,E00228,False,58008.0,False,True
20250922_0548_HARP13784_NOAA14225,2025-09-22 05:48:00+00:00,13784,14225,block_download_or_coverage,,,2025,E00228,False,,,False
20250922_0724_HARP13784_NOAA14225,2025-09-22 07:24:00+00:00,13784,14225,block_download_or_coverage,,,2025,E00228,False,,,False
20250922_0900_HARP13784_NOAA14225,2025-09-22 09:00:00+00:00,13784,14225,block_download_or_coverage,,,2025,E00228,False,,,False
20250922_1036_HARP13784_NOAA14225,2025-09-22 10:36:00+00:00,13784,14225,block_download_or_coverage,,,2025,E00228,False,58011.0,False,True
20250922_1212_HARP13784_NOAA14225,2025-09-22 12:12:00+00:00,13784,14225,block_download_or_coverage,,,2025,E00228,False,58014.0,False,True
20250922_1348_HARP13784_NOAA14225,2025-09-22 13:48:00+00:00,13784,14225,block_download_or_coverage,,,2025,E00228,False,58016.0,False,True
20250922_1524_HARP13784_NOAA14225,2025-09-22 15:24:00+00:00,13784,14225,block_download_or_coverage,,,2025,E00228,False,58018.0,False,True
20250922_1700_HARP13784_NOAA14225,2025-09-22 17:00:00+00:00,13784,14225,block_download_or_coverage,,,2025,E00228,False,58020.0,False,True
20250922_1836_HARP13784_NOAA14225,2025-09-22 18:36:00+00:00,13784,14225,block_download_or_coverage,,,2025,E00228,False,58022.0,False,True
20250922_2012_HARP13784_NOAA14225,2025-09-22 20:12:00+00:00,13784,14225,block_download_or_coverage,,,2025,E00228,False,58024.0,False,True
20250922_2148_HARP13784_NOAA14225,2025-09-22 21:48:00+00:00,13784,14225,block_download_or_coverage,,,2025,E00228,False,58026.0,False,True
20250922_2324_HARP13784_NOAA14225,2025-09-22 23:24:00+00:00,13784,14225,block_download_or_coverage,,,2025,E00228,False,58028.0,False,True
20250923_0100_HARP13784_NOAA14225,2025-09-23 01:00:00+00:00,13784,14225,block_download_or_coverage,,,2025,E00228,False,58031.0,False,True
20250923_0236_HARP13784_NOAA14225,2025-09-23 02:36:00+00:00,13784,14225,block_download_or_coverage,,,2025,E00228,False,58034.0,False,True
20250923_0412_HARP13784_NOAA14225,2025-09-23 04:12:00+00:00,13784,14225,block_download_or_coverage,,,2025,E00228,False,58037.0,False,True
20250923_0548_HARP13784_NOAA14225,2025-09-23 05:48:00+00:00,13784,14225,block_download_or_coverage,,,2025,E00228,False,58040.0,False,True
20250923_0724_HARP13784_NOAA14225,2025-09-23 07:24:00+00:00,13784,14225,block_download_or_coverage,,,2025,E00228,False,58043.0,False,True
20250923_0900_HARP13784_NOAA14225,2025-09-23 09:00:00+00:00,13784,14225,block_download_or_coverage,,,2025,E00228,False,58045.0,False,True
20250923_1036_HARP13784_NOAA14225,2025-09-23 10:36:00+00:00,13784,14225,block_download_or_coverage,,,2025,E00228,False,58047.0,False,True
20250923_1212_HARP13784_NOAA14225,2025-09-23 12:12:00+00:00,13784,14225,block_download_or_coverage,,,2025,E00228,False,58049.0,False,True
20250923_1348_HARP13784_NOAA14225,2025-09-23 13:48:00+00:00,13784,14225,block_download_or_coverage,,,2025,E00228,False,58051.0,False,True
20250923_1524_HARP13784_NOAA14225,2025-09-23 15:24:00+00:00,13784,14225,block_download_or_coverage,,,2025,E00228,False,,,False
20250923_1700_HARP13784_NOAA14225,2025-09-23 17:00:00+00:00,13784,14225,block_download_or_coverage,,,2025,E00228,False,,,False
20250923_1836_HARP13784_NOAA14225,2025-09-23 18:36:00+00:00,13784,14225,block_download_or_coverage,,,2025,E00228,False,,,False
20250923_2036_HARP13784_NOAA14225,2025-09-23 20:36:00+00:00,13784,14225,block_download_or_coverage,,,2025,E00228,False,,,False
20250923_2212_HARP13784_NOAA14225,2025-09-23 22:12:00+00:00,13784,14225,block_download_or_coverage,,,2025,E00228,False,,,False
20250923_2348_HARP13784_NOAA14225,2025-09-23 23:48:00+00:00,13784,14225,block_download_or_coverage,,,2025,E00228,False,,,False
20250924_0124_HARP13784_NOAA14225,2025-09-24 01:24:00+00:00,13784,14225,block_download_or_coverage,,,2025,E00228,False,,,False
20250924_0300_HARP13784_NOAA14225,2025-09-24 03:00:00+00:00,13784,14225,block_download_or_coverage,,,2025,E00228,False,,,False
20250924_0436_HARP13784_NOAA14225,2025-09-24 04:36:00+00:00,13784,14225,block_download_or_coverage,,,2025,E00228,False,,,False
20250924_0612_HARP13784_NOAA14225,2025-09-24 06:12:00+00:00,13784,14225,block_download_or_coverage,,,2025,E00228,False,,,False
20250924_0748_HARP13784_NOAA14225,2025-09-24 07:48:00+00:00,13784,14225,block_download_or_coverage,,,2025,E00228,False,,,False
20250924_0924_HARP13784_NOAA14225,2025-09-24 09:24:00+00:00,13784,14225,block_download_or_coverage,,,2025,E00228,False,,,False
20250924_1100_HARP13784_NOAA14225,2025-09-24 11:00:00+00:00,13784,14225,block_download_or_coverage,,,2025,E00228,False,,,False
20250924_1236_HARP13784_NOAA14225,2025-09-24 12:36:00+00:00,13784,14225,block_download_or_coverage,,,2025,E00228,False,,,False
20250924_1936_HARP13784_NOAA14225,2025-09-24 19:36:00+00:00,13784,14225,block_download_or_coverage,,,2025,E00229,False,,,False
20250924_2112_HARP13784_NOAA14225,2025-09-24 21:12:00+00:00,13784,14225,block_download_or_coverage,,,2025,E00229,False,,,False
20250924_2248_HARP13784_NOAA14225,2025-09-24 22:48:00+00:00,13784,14225,block_download_or_coverage,,,2025,E00229,False,,,False
20250925_0024_HARP13784_NOAA14225,2025-09-25 00:24:00+00:00,13784,14225,block_download_or_coverage,,,2025,E00229,False,,,False
20250925_0200_HARP13784_NOAA14225,2025-09-25 02:00:00+00:00,13784,14225,block_download_or_coverage,,,2025,E00229,False,,,False
20250925_0336_HARP13784_NOAA14225,2025-09-25 03:36:00+00:00,13784,14225,block_download_or_coverage,,,2025,E00229,False,,,False
20250920_0900_HARP13790_NOAA14224,2025-09-20 09:00:00+00:00,13790,14224,block_download_or_coverage,,,2025,E00230,False,,,False
20250920_1036_HARP13790_NOAA14224,2025-09-20 10:36:00+00:00,13790,14224,block_download_or_coverage,,,2025,E00230,False,,,False
20250920_1212_HARP13790_NOAA14224,2025-09-20 12:12:00+00:00,13790,14224,block_download_or_coverage,,,2025,E00230,False,,,False
20250920_1348_HARP13790_NOAA14224,2025-09-20 13:48:00+00:00,13790,14224,block_download_or_coverage,,,2025,E00230,False,,,False
20250920_1524_HARP13790_NOAA14224,2025-09-20 15:24:00+00:00,13790,14224,block_download_or_coverage,,,2025,E00230,False,,,False
20250920_1700_HARP13790_NOAA14224,2025-09-20 17:00:00+00:00,13790,14224,block_download_or_coverage,,,2025,E00230,False,,,False
20250920_1836_HARP13790_NOAA14224,2025-09-20 18:36:00+00:00,13790,14224,block_download_or_coverage,,,2025,E00230,False,,,False
20250920_2012_HARP13790_NOAA14224,2025-09-20 20:12:00+00:00,13790,14224,block_download_or_coverage,,,2025,E00230,False,,,False
20250920_2148_HARP13790_NOAA14224,2025-09-20 21:48:00+00:00,13790,14224,block_download_or_coverage,,,2025,E00230,False,,,False
20250920_2324_HARP13790_NOAA14224,2025-09-20 23:24:00+00:00,13790,14224,block_download_or_coverage,,,2025,E00230,False,,,False
20250921_0100_HARP13790_NOAA14224,2025-09-21 01:00:00+00:00,13790,14224,block_download_or_coverage,,,2025,E00230,False,,,False
20250921_0236_HARP13790_NOAA14224,2025-09-21 02:36:00+00:00,13790,14224,block_download_or_coverage,,,2025,E00230,False,,,False
20250921_0412_HARP13790_NOAA14224,2025-09-21 04:12:00+00:00,13790,14224,block_download_or_coverage,,,2025,E00230,False,,,False
20250921_0548_HARP13790_NOAA14224,2025-09-21 05:48:00+00:00,13790,14224,block_download_or_coverage,,,2025,E00230,False,,,False
20250921_0724_HARP13790_NOAA14224,2025-09-21 07:24:00+00:00,13790,14224,block_download_or_coverage,,,2025,E00230,False,,,False
20250921_0900_HARP13790_NOAA14224,2025-09-21 09:00:00+00:00,13790,14224,block_download_or_coverage,,,2025,E00230,False,,,False
20250921_1036_HARP13790_NOAA14224,2025-09-21 10:36:00+00:00,13790,14224,block_download_or_coverage,,,2025,E00230,False,,,False
20250921_1212_HARP13790_NOAA14224,2025-09-21 12:12:00+00:00,13790,14224,block_download_or_coverage,,,2025,E00230,False,,,False
20250921_1348_HARP13790_NOAA14224,2025-09-21 13:48:00+00:00,13790,14224,block_download_or_coverage,,,2025,E00230,False,,,False
20250921_1524_HARP13790_NOAA14224,2025-09-21 15:24:00+00:00,13790,14224,block_download_or_coverage,,,2025,E00230,False,,,False
20250921_1700_HARP13790_NOAA14224,2025-09-21 17:00:00+00:00,13790,14224,block_download_or_coverage,,,2025,E00230,False,,,False
20250921_1836_HARP13790_NOAA14224,2025-09-21 18:36:00+00:00,13790,14224,block_download_or_coverage,,,2025,E00230,False,,,False
20250921_2012_HARP13790_NOAA14224,2025-09-21 20:12:00+00:00,13790,14224,block_download_or_coverage,,,2025,E00230,False,,,False
20250921_2148_HARP13790_NOAA14224,2025-09-21 21:48:00+00:00,13790,14224,block_download_or_coverage,,,2025,E00230,False,,,False
20250921_2324_HARP13790_NOAA14224,2025-09-21 23:24:00+00:00,13790,14224,block_download_or_coverage,,,2025,E00230,False,,,False
20250922_0100_HARP13790_NOAA14224,2025-09-22 01:00:00+00:00,13790,14224,block_download_or_coverage,,,2025,E00230,False,,,False
20250922_0236_HARP13790_NOAA14224,2025-09-22 02:36:00+00:00,13790,14224,block_download_or_coverage,,,2025,E00230,False,,,False
20250922_0512_HARP13790_NOAA14224,2025-09-22 05:12:00+00:00,13790,14224,block_download_or_coverage,,,2025,E00230,False,,,False
20250922_0648_HARP13790_NOAA14224,2025-09-22 06:48:00+00:00,13790,14224,block_download_or_coverage,,,2025,E00230,False,,,False
20250922_0824_HARP13790_NOAA14224,2025-09-22 08:24:00+00:00,13790,14224,block_download_or_coverage,,,2025,E00230,False,,,False
20250922_1000_HARP13790_NOAA14224,2025-09-22 10:00:00+00:00,13790,14224,block_download_or_coverage,,,2025,E00230,False,,,False
20250922_1312_HARP13790_NOAA14224,2025-09-22 13:12:00+00:00,13790,14224,block_download_or_coverage,,,2025,E00230,False,,,False
20250922_1448_HARP13790_NOAA14224,2025-09-22 14:48:00+00:00,13790,14224,block_download_or_coverage,,,2025,E00230,False,,,False
20250922_1624_HARP13790_NOAA14224,2025-09-22 16:24:00+00:00,13790,14224,block_download_or_coverage,,,2025,E00230,False,,,False
20250923_2000_HARP13790_NOAA14224,2025-09-23 20:00:00+00:00,13790,14224,block_download_or_coverage,,,2025,E00231,False,,,False
20250923_2136_HARP13790_NOAA14224,2025-09-23 21:36:00+00:00,13790,14224,block_download_or_coverage,,,2025,E00231,False,,,False
20250923_2312_HARP13790_NOAA14224,2025-09-23 23:12:00+00:00,13790,14224,block_download_or_coverage,,,2025,E00231,False,,,False
20250924_0048_HARP13790_NOAA14224,2025-09-24 00:48:00+00:00,13790,14224,block_download_or_coverage,,,2025,E00231,False,58054.0,False,True
20250924_0224_HARP13790_NOAA14224,2025-09-24 02:24:00+00:00,13790,14224,block_download_or_coverage,,,2025,E00231,False,58055.0,False,True
20250924_0400_HARP13790_NOAA14224,2025-09-24 04:00:00+00:00,13790,14224,block_download_or_coverage,,,2025,E00231,False,58056.0,False,True
20250924_0536_HARP13790_NOAA14224,2025-09-24 05:36:00+00:00,13790,14224,block_download_or_coverage,,,2025,E00231,False,58057.0,False,True
20250924_0712_HARP13790_NOAA14224,2025-09-24 07:12:00+00:00,13790,14224,block_download_or_coverage,,,2025,E00231,False,58058.0,False,True
20250924_0848_HARP13790_NOAA14224,2025-09-24 08:48:00+00:00,13790,14224,block_download_or_coverage,,,2025,E00231,False,58059.0,False,True
20250924_1400_HARP13801_NOAA14226,2025-09-24 14:00:00+00:00,13801,14226,block_download_or_coverage,,,2025,E00232,False,,,False
20250924_1536_HARP13801_NOAA14226,2025-09-24 15:36:00+00:00,13801,14226,block_download_or_coverage,,,2025,E00232,False,,,False
20250924_1712_HARP13801_NOAA14226,2025-09-24 17:12:00+00:00,13801,14226,block_download_or_coverage,,,2025,E00232,False,,,False
20250924_1848_HARP13801_NOAA14226,2025-09-24 18:48:00+00:00,13801,14226,block_download_or_coverage,,,2025,E00232,False,,,False
20250924_2024_HARP13801_NOAA14226,2025-09-24 20:24:00+00:00,13801,14226,block_download_or_coverage,,,2025,E00232,False,,,False
20250924_2200_HARP13801_NOAA14226,2025-09-24 22:00:00+00:00,13801,14226,block_download_or_coverage,,,2025,E00232,False,,,False
20250924_2336_HARP13801_NOAA14226,2025-09-24 23:36:00+00:00,13801,14226,block_download_or_coverage,,,2025,E00232,False,,,False
20250925_0112_HARP13801_NOAA14226,2025-09-25 01:12:00+00:00,13801,14226,block_download_or_coverage,,,2025,E00232,False,,,False
20250925_0248_HARP13801_NOAA14226,2025-09-25 02:48:00+00:00,13801,14226,block_download_or_coverage,,,2025,E00232,False,,,False
20250925_0424_HARP13801_NOAA14226,2025-09-25 04:24:00+00:00,13801,14226,block_download_or_coverage,,,2025,E00232,False,,,False
20250926_0736_HARP13801_NOAA14226,2025-09-26 07:36:00+00:00,13801,14226,block_download_or_coverage,,,2025,E00233,False,,,False
20250926_0912_HARP13801_NOAA14226,2025-09-26 09:12:00+00:00,13801,14226,block_download_or_coverage,,,2025,E00233,False,,,False
20250926_1048_HARP13801_NOAA14226,2025-09-26 10:48:00+00:00,13801,14226,block_download_or_coverage,,,2025,E00233,False,,,False
20250926_1224_HARP13801_NOAA14226,2025-09-26 12:24:00+00:00,13801,14226,block_download_or_coverage,,,2025,E00233,False,,,False
20250926_1400_HARP13801_NOAA14226,2025-09-26 14:00:00+00:00,13801,14226,block_download_or_coverage,,,2025,E00233,False,,,False
20250926_1536_HARP13801_NOAA14226,2025-09-26 15:36:00+00:00,13801,14226,block_download_or_coverage,,,2025,E00233,False,,,False
20250926_1712_HARP13801_NOAA14226,2025-09-26 17:12:00+00:00,13801,14226,block_download_or_coverage,,,2025,E00233,False,,,False
20250926_1848_HARP13801_NOAA14226,2025-09-26 18:48:00+00:00,13801,14226,block_download_or_coverage,,,2025,E00233,False,,,False
20250926_2024_HARP13801_NOAA14226,2025-09-26 20:24:00+00:00,13801,14226,block_download_or_coverage,,,2025,E00233,False,,,False
20250926_2200_HARP13801_NOAA14226,2025-09-26 22:00:00+00:00,13801,14226,block_download_or_coverage,,,2025,E00233,False,,,False
20250926_2336_HARP13801_NOAA14226,2025-09-26 23:36:00+00:00,13801,14226,block_download_or_coverage,,,2025,E00233,False,,,False
20250927_0112_HARP13801_NOAA14226,2025-09-27 01:12:00+00:00,13801,14226,block_download_or_coverage,,,2025,E00233,False,,,False
20250927_0248_HARP13801_NOAA14226,2025-09-27 02:48:00+00:00,13801,14226,block_download_or_coverage,,,2025,E00233,False,,,False
20250927_0424_HARP13801_NOAA14226,2025-09-27 04:24:00+00:00,13801,14226,block_download_or_coverage,,,2025,E00233,False,,,False
20250925_0736_HARP13801_NOAA14226,2025-09-25 07:36:00+00:00,13801,14226,crop_patch_boundary,2025_HARP13801_20250925_0736_20250926_0424,"ValueError('Target crop leaves block patch: bounds=(-22, 1921, -56, 1886), shape=(1834, 1834)')",2025,E00234,True,,,False
20250925_0912_HARP13801_NOAA14226,2025-09-25 09:12:00+00:00,13801,14226,crop_patch_boundary,2025_HARP13801_20250925_0736_20250926_0424,"ValueError('Target crop leaves block patch: bounds=(-30, 1924, -64, 1890), shape=(1834, 1834)')",2025,E00234,True,,,False
20250925_1048_HARP13801_NOAA14226,2025-09-25 10:48:00+00:00,13801,14226,crop_patch_boundary,2025_HARP13801_20250925_0736_20250926_0424,"ValueError('Target crop leaves block patch: bounds=(-38, 1927, -68, 1896), shape=(1834, 1834)')",2025,E00234,True,,,False
20250925_1224_HARP13801_NOAA14226,2025-09-25 12:24:00+00:00,13801,14226,crop_patch_boundary,2025_HARP13801_20250925_0736_20250926_0424,"ValueError('Target crop leaves block patch: bounds=(-46, 1928, -74, 1900), shape=(1834, 1834)')",2025,E00234,True,,,False
20250925_1400_HARP13801_NOAA14226,2025-09-25 14:00:00+00:00,13801,14226,crop_patch_boundary,2025_HARP13801_20250925_0736_20250926_0424,"ValueError('Target crop leaves block patch: bounds=(-61, 1931, -82, 1910), shape=(1834, 1834)')",2025,E00234,True,,,False
20250925_1536_HARP13801_NOAA14226,2025-09-25 15:36:00+00:00,13801,14226,crop_patch_boundary,2025_HARP13801_20250925_0736_20250926_0424,"ValueError('Target crop leaves block patch: bounds=(-73, 1935, -89, 1919), shape=(1834, 1834)')",2025,E00234,True,,,False
20250925_1712_HARP13801_NOAA14226,2025-09-25 17:12:00+00:00,13801,14226,crop_patch_boundary,2025_HARP13801_20250925_0736_20250926_0424,"ValueError('Target crop leaves block patch: bounds=(-81, 1938, -93, 1926), shape=(1834, 1834)')",2025,E00234,True,,,False
20250925_1848_HARP13801_NOAA14226,2025-09-25 18:48:00+00:00,13801,14226,crop_patch_boundary,2025_HARP13801_20250925_0736_20250926_0424,"ValueError('Target crop leaves block patch: bounds=(-88, 1940, -97, 1931), shape=(1834, 1834)')",2025,E00234,True,,,False
20250925_2024_HARP13801_NOAA14226,2025-09-25 20:24:00+00:00,13801,14226,crop_patch_boundary,2025_HARP13801_20250925_0736_20250926_0424,"ValueError('Target crop leaves block patch: bounds=(-95, 1940, -100, 1935), shape=(1834, 1834)')",2025,E00234,True,,,False
20250925_2200_HARP13801_NOAA14226,2025-09-25 22:00:00+00:00,13801,14226,crop_patch_boundary,2025_HARP13801_20250925_0736_20250926_0424,"ValueError('Target crop leaves block patch: bounds=(-100, 1940, -101, 1940), shape=(1834, 1834)')",2025,E00234,True,,,False
20250925_2336_HARP13801_NOAA14226,2025-09-25 23:36:00+00:00,13801,14226,crop_patch_boundary,2025_HARP13801_20250925_0736_20250926_0424,"ValueError('Target crop leaves block patch: bounds=(-107, 1939, -103, 1943), shape=(1834, 1834)')",2025,E00234,True,,,False
20250926_0112_HARP13801_NOAA14226,2025-09-26 01:12:00+00:00,13801,14226,crop_patch_boundary,2025_HARP13801_20250925_0736_20250926_0424,"ValueError('Target crop leaves block patch: bounds=(-113, 1938, -105, 1945), shape=(1834, 1834)')",2025,E00234,True,,,False
20250926_0248_HARP13801_NOAA14226,2025-09-26 02:48:00+00:00,13801,14226,crop_patch_boundary,2025_HARP13801_20250925_0736_20250926_0424,"ValueError('Target crop leaves block patch: bounds=(-130, 1937, -113, 1955), shape=(1834, 1834)')",2025,E00234,True,,,False
20250926_0424_HARP13801_NOAA14226,2025-09-26 04:24:00+00:00,13801,14226,crop_patch_boundary,2025_HARP13801_20250925_0736_20250926_0424,"ValueError('Target crop leaves block patch: bounds=(-145, 1937, -121, 1961), shape=(1834, 1834)')",2025,E00234,True,,,False
20250927_0736_HARP13801_NOAA14226,2025-09-27 07:36:00+00:00,13801,14226,crop_patch_boundary,2025_HARP13801_20250927_0736_20250928_0424,"ValueError('Target crop leaves block patch: bounds=(-126, 2038, -169, 1996), shape=(1834, 1834)')",2025,E00235,True,,,False
20250927_0912_HARP13801_NOAA14226,2025-09-27 09:12:00+00:00,13801,14226,crop_patch_boundary,2025_HARP13801_20250927_0736_20250928_0424,"ValueError('Target crop leaves block patch: bounds=(-127, 2030, -163, 1993), shape=(1834, 1834)')",2025,E00235,True,,,False
20250927_1048_HARP13801_NOAA14226,2025-09-27 10:48:00+00:00,13801,14226,crop_patch_boundary,2025_HARP13801_20250927_0736_20250928_0424,"ValueError('Target crop leaves block patch: bounds=(-137, 2021, -165, 1994), shape=(1834, 1834)')",2025,E00235,True,,,False
20250927_1224_HARP13801_NOAA14226,2025-09-27 12:24:00+00:00,13801,14226,crop_patch_boundary,2025_HARP13801_20250927_0736_20250928_0424,"ValueError('Target crop leaves block patch: bounds=(-140, 2014, -162, 1992), shape=(1834, 1834)')",2025,E00235,True,,,False
20250927_1400_HARP13801_NOAA14226,2025-09-27 14:00:00+00:00,13801,14226,crop_patch_boundary,2025_HARP13801_20250927_0736_20250928_0424,"ValueError('Target crop leaves block patch: bounds=(-141, 2007, -158, 1991), shape=(1834, 1834)')",2025,E00235,True,,,False
20250927_1536_HARP13801_NOAA14226,2025-09-27 15:36:00+00:00,13801,14226,crop_patch_boundary,2025_HARP13801_20250927_0736_20250928_0424,"ValueError('Target crop leaves block patch: bounds=(-141, 2004, -155, 1989), shape=(1834, 1834)')",2025,E00235,True,,,False
20250927_1712_HARP13801_NOAA14226,2025-09-27 17:12:00+00:00,13801,14226,crop_patch_boundary,2025_HARP13801_20250927_0736_20250928_0424,"ValueError('Target crop leaves block patch: bounds=(-140, 1998, -153, 1986), shape=(1834, 1834)')",2025,E00235,True,,,False
20250927_1848_HARP13801_NOAA14226,2025-09-27 18:48:00+00:00,13801,14226,crop_patch_boundary,2025_HARP13801_20250927_0736_20250928_0424,"ValueError('Target crop leaves block patch: bounds=(-140, 1991, -150, 1981), shape=(1834, 1834)')",2025,E00235,True,,,False
20250927_2024_HARP13801_NOAA14226,2025-09-27 20:24:00+00:00,13801,14226,crop_patch_boundary,2025_HARP13801_20250927_0736_20250928_0424,"ValueError('Target crop leaves block patch: bounds=(-140, 1984, -148, 1976), shape=(1834, 1834)')",2025,E00235,True,,,False
20250927_2200_HARP13801_NOAA14226,2025-09-27 22:00:00+00:00,13801,14226,crop_patch_boundary,2025_HARP13801_20250927_0736_20250928_0424,"ValueError('Target crop leaves block patch: bounds=(-139, 1976, -143, 1971), shape=(1834, 1834)')",2025,E00235,True,,,False
20250927_2336_HARP13801_NOAA14226,2025-09-27 23:36:00+00:00,13801,14226,crop_patch_boundary,2025_HARP13801_20250927_0736_20250928_0424,"ValueError('Target crop leaves block patch: bounds=(-137, 1967, -138, 1965), shape=(1834, 1834)')",2025,E00235,True,,,False
20250928_0112_HARP13801_NOAA14226,2025-09-28 01:12:00+00:00,13801,14226,crop_patch_boundary,2025_HARP13801_20250927_0736_20250928_0424,"ValueError('Target crop leaves block patch: bounds=(-133, 1957, -134, 1956), shape=(1834, 1834)')",2025,E00235,True,,,False
20250928_0248_HARP13801_NOAA14226,2025-09-28 02:48:00+00:00,13801,14226,crop_patch_boundary,2025_HARP13801_20250927_0736_20250928_0424,"ValueError('Target crop leaves block patch: bounds=(-130, 1946, -129, 1946), shape=(1834, 1834)')",2025,E00235,True,,,False
20250928_0424_HARP13801_NOAA14226,2025-09-28 04:24:00+00:00,13801,14226,crop_patch_boundary,2025_HARP13801_20250927_0736_20250928_0424,"ValueError('Target crop leaves block patch: bounds=(-128, 1935, -124, 1939), shape=(1834, 1834)')",2025,E00235,True,,,False
20250928_0800_HARP13801_NOAA14226,2025-09-28 08:00:00+00:00,13801,14226,crop_patch_boundary,2025_HARP13801_20250928_0800_20250928_2224,"ValueError('Target crop leaves block patch: bounds=(-65, 1969, -100, 1935), shape=(1834, 1834)')",2025,E00236,True,,,False
20250928_0936_HARP13801_NOAA14226,2025-09-28 09:36:00+00:00,13801,14226,crop_patch_boundary,2025_HARP13801_20250928_0800_20250928_2224,"ValueError('Target crop leaves block patch: bounds=(-65, 1956, -93, 1928), shape=(1834, 1834)')",2025,E00236,True,,,False
20250928_1112_HARP13801_NOAA14226,2025-09-28 11:12:00+00:00,13801,14226,crop_patch_boundary,2025_HARP13801_20250928_0800_20250928_2224,"ValueError('Target crop leaves block patch: bounds=(-69, 1946, -90, 1925), shape=(1834, 1834)')",2025,E00236,True,,,False
20250928_1248_HARP13801_NOAA14226,2025-09-28 12:48:00+00:00,13801,14226,crop_patch_boundary,2025_HARP13801_20250928_0800_20250928_2224,"ValueError('Target crop leaves block patch: bounds=(-72, 1938, -88, 1922), shape=(1834, 1834)')",2025,E00236,True,,,False
20250928_1424_HARP13801_NOAA14226,2025-09-28 14:24:00+00:00,13801,14226,crop_patch_boundary,2025_HARP13801_20250928_0800_20250928_2224,"ValueError('Target crop leaves block patch: bounds=(-72, 1928, -83, 1916), shape=(1834, 1834)')",2025,E00236,True,,,False
20250928_1600_HARP13801_NOAA14226,2025-09-28 16:00:00+00:00,13801,14226,crop_patch_boundary,2025_HARP13801_20250928_0800_20250928_2224,"ValueError('Target crop leaves block patch: bounds=(-71, 1919, -52, 1938), shape=(1834, 1834)')",2025,E00236,True,,,False
20250928_1736_HARP13801_NOAA14226,2025-09-28 17:36:00+00:00,13801,14226,crop_patch_boundary,2025_HARP13801_20250928_0800_20250928_2224,"ValueError('Target crop leaves block patch: bounds=(-71, 1909, -47, 1933), shape=(1834, 1834)')",2025,E00236,True,,,False
20250928_1912_HARP13801_NOAA14226,2025-09-28 19:12:00+00:00,13801,14226,crop_patch_boundary,2025_HARP13801_20250928_0800_20250928_2224,"ValueError('Target crop leaves block patch: bounds=(-69, 1899, -41, 1927), shape=(1834, 1834)')",2025,E00236,True,,,False
20250928_2048_HARP13801_NOAA14226,2025-09-28 20:48:00+00:00,13801,14226,crop_patch_boundary,2025_HARP13801_20250928_0800_20250928_2224,"ValueError('Target crop leaves block patch: bounds=(-65, 1888, -36, 1917), shape=(1834, 1834)')",2025,E00236,True,,,False
20250928_2224_HARP13801_NOAA14226,2025-09-28 22:24:00+00:00,13801,14226,crop_patch_boundary,2025_HARP13801_20250928_0800_20250928_2224,"ValueError('Target crop leaves block patch: bounds=(-60, 1877, -31, 1906), shape=(1834, 1834)')",2025,E00236,True,,,False
20250929_0324_HARP13801_NOAA14226,2025-09-29 03:24:00+00:00,13801,14226,crop_patch_boundary,2025_HARP13801_20250929_0324_20250929_0812,"ValueError('Target crop leaves block patch: bounds=(-14, 1878, -31, 1862), shape=(1834, 1834)')",2025,E00237,True,,,False
20250929_0500_HARP13801_NOAA14226,2025-09-29 05:00:00+00:00,13801,14226,crop_patch_boundary,2025_HARP13801_20250929_0324_20250929_0812,"ValueError('Target crop leaves block patch: bounds=(-11, 1866, -21, 1856), shape=(1834, 1834)')",2025,E00237,True,,,False
20250929_0636_HARP13801_NOAA14226,2025-09-29 06:36:00+00:00,13801,14226,crop_patch_boundary,2025_HARP13801_20250929_0324_20250929_0812,"ValueError('Target crop leaves block patch: bounds=(-6, 1853, -11, 1848), shape=(1834, 1834)')",2025,E00237,True,,,False
20250929_0812_HARP13801_NOAA14226,2025-09-29 08:12:00+00:00,13801,14226,crop_patch_boundary,2025_HARP13801_20250929_0324_20250929_0812,"ValueError('Target crop leaves block patch: bounds=(0, 1840, -2, 1838), shape=(1834, 1834)')",2025,E00237,True,,,False
20250925_0300_HARP13808_NOAA14228,2025-09-25 03:00:00+00:00,13808,14228,block_download_or_coverage,,,2025,E00238,False,,,False
20250925_0436_HARP13808_NOAA14228,2025-09-25 04:36:00+00:00,13808,14228,block_download_or_coverage,,,2025,E00238,False,,,False
20250925_0612_HARP13808_NOAA14228,2025-09-25 06:12:00+00:00,13808,14228,block_download_or_coverage,,,2025,E00238,False,,,False
20250925_0748_HARP13808_NOAA14228,2025-09-25 07:48:00+00:00,13808,14228,block_download_or_coverage,,,2025,E00238,False,58060.0,False,True
20250925_0924_HARP13808_NOAA14228,2025-09-25 09:24:00+00:00,13808,14228,block_download_or_coverage,,,2025,E00238,False,58061.0,False,True
20250925_1100_HARP13808_NOAA14228,2025-09-25 11:00:00+00:00,13808,14228,block_download_or_coverage,,,2025,E00238,False,58062.0,False,True
20250925_1236_HARP13808_NOAA14228,2025-09-25 12:36:00+00:00,13808,14228,block_download_or_coverage,,,2025,E00238,False,58063.0,False,True
20250925_1412_HARP13808_NOAA14228,2025-09-25 14:12:00+00:00,13808,14228,block_download_or_coverage,,,2025,E00238,False,58064.0,False,True
20250925_1548_HARP13808_NOAA14228,2025-09-25 15:48:00+00:00,13808,14228,block_download_or_coverage,,,2025,E00238,False,58065.0,False,True
20250925_1724_HARP13808_NOAA14228,2025-09-25 17:24:00+00:00,13808,14228,block_download_or_coverage,,,2025,E00238,False,58066.0,False,True
20250925_1900_HARP13808_NOAA14228,2025-09-25 19:00:00+00:00,13808,14228,block_download_or_coverage,,,2025,E00238,False,58067.0,False,True
20250925_2036_HARP13808_NOAA14228,2025-09-25 20:36:00+00:00,13808,14228,block_download_or_coverage,,,2025,E00238,False,58068.0,False,True
20250925_2212_HARP13808_NOAA14228,2025-09-25 22:12:00+00:00,13808,14228,block_download_or_coverage,,,2025,E00238,False,58069.0,False,True
20250925_2348_HARP13808_NOAA14228,2025-09-25 23:48:00+00:00,13808,14228,block_download_or_coverage,,,2025,E00238,False,58070.0,False,True
20250926_0124_HARP13808_NOAA14228,2025-09-26 01:24:00+00:00,13808,14228,block_download_or_coverage,,,2025,E00238,False,58071.0,False,True
20250927_0300_HARP13808_NOAA14228,2025-09-27 03:00:00+00:00,13808,14228,block_download_or_coverage,,,2025,E00239,False,58087.0,False,True
20250927_0436_HARP13808_NOAA14228,2025-09-27 04:36:00+00:00,13808,14228,block_download_or_coverage,,,2025,E00239,False,58088.0,False,True
20250927_0612_HARP13808_NOAA14228,2025-09-27 06:12:00+00:00,13808,14228,block_download_or_coverage,,,2025,E00239,False,58089.0,False,True
20250927_0748_HARP13808_NOAA14228,2025-09-27 07:48:00+00:00,13808,14228,block_download_or_coverage,,,2025,E00239,False,58090.0,False,True
20250927_0924_HARP13808_NOAA14228,2025-09-27 09:24:00+00:00,13808,14228,block_download_or_coverage,,,2025,E00239,False,58091.0,False,True
20250927_1100_HARP13808_NOAA14228,2025-09-27 11:00:00+00:00,13808,14228,block_download_or_coverage,,,2025,E00239,False,58093.0,False,True
20250927_1236_HARP13808_NOAA14228,2025-09-27 12:36:00+00:00,13808,14228,block_download_or_coverage,,,2025,E00239,False,58095.0,False,True
20250927_1412_HARP13808_NOAA14228,2025-09-27 14:12:00+00:00,13808,14228,block_download_or_coverage,,,2025,E00239,False,58097.0,False,True
20250927_1548_HARP13808_NOAA14228,2025-09-27 15:48:00+00:00,13808,14228,block_download_or_coverage,,,2025,E00239,False,58099.0,False,True
20250927_1724_HARP13808_NOAA14228,2025-09-27 17:24:00+00:00,13808,14228,block_download_or_coverage,,,2025,E00239,False,58101.0,False,True
20250927_1900_HARP13808_NOAA14228,2025-09-27 19:00:00+00:00,13808,14228,block_download_or_coverage,,,2025,E00239,False,58103.0,False,True
20250927_2036_HARP13808_NOAA14228,2025-09-27 20:36:00+00:00,13808,14228,block_download_or_coverage,,,2025,E00239,False,58105.0,False,True
20250927_2212_HARP13808_NOAA14228,2025-09-27 22:12:00+00:00,13808,14228,block_download_or_coverage,,,2025,E00239,False,58107.0,False,True
20250927_2348_HARP13808_NOAA14228,2025-09-27 23:48:00+00:00,13808,14228,block_download_or_coverage,,,2025,E00239,False,58109.0,False,True
20250928_0124_HARP13808_NOAA14228,2025-09-28 01:24:00+00:00,13808,14228,block_download_or_coverage,,,2025,E00239,False,58111.0,False,True
20250928_0300_HARP13808_NOAA14228,2025-09-28 03:00:00+00:00,13808,14228,block_download_or_coverage,,,2025,E00239,False,58113.0,False,True
20250928_0436_HARP13808_NOAA14228,2025-09-28 04:36:00+00:00,13808,14228,block_download_or_coverage,,,2025,E00239,False,,,False
20250928_0612_HARP13808_NOAA14228,2025-09-28 06:12:00+00:00,13808,14228,block_download_or_coverage,,,2025,E00239,False,,,False
20250928_0812_HARP13808_NOAA14228,2025-09-28 08:12:00+00:00,13808,14228,block_download_or_coverage,,,2025,E00239,False,,,False
20250928_0948_HARP13808_NOAA14228,2025-09-28 09:48:00+00:00,13808,14228,block_download_or_coverage,,,2025,E00239,False,,,False
20250928_1124_HARP13808_NOAA14228,2025-09-28 11:24:00+00:00,13808,14228,block_download_or_coverage,,,2025,E00239,False,,,False
20250928_1300_HARP13808_NOAA14228,2025-09-28 13:00:00+00:00,13808,14228,block_download_or_coverage,,,2025,E00239,False,,,False
20250928_1436_HARP13808_NOAA14228,2025-09-28 14:36:00+00:00,13808,14228,block_download_or_coverage,,,2025,E00239,False,,,False
20250928_1612_HARP13808_NOAA14228,2025-09-28 16:12:00+00:00,13808,14228,block_download_or_coverage,,,2025,E00239,False,,,False
20250928_1748_HARP13808_NOAA14228,2025-09-28 17:48:00+00:00,13808,14228,block_download_or_coverage,,,2025,E00239,False,,,False
20250928_1924_HARP13808_NOAA14228,2025-09-28 19:24:00+00:00,13808,14228,block_download_or_coverage,,,2025,E00239,False,,,False
20250928_2100_HARP13808_NOAA14228,2025-09-28 21:00:00+00:00,13808,14228,block_download_or_coverage,,,2025,E00239,False,,,False
20250928_2236_HARP13808_NOAA14228,2025-09-28 22:36:00+00:00,13808,14228,block_download_or_coverage,,,2025,E00239,False,,,False
20250930_0724_HARP13831_NOAA14232,2025-09-30 07:24:00+00:00,13831,14232,block_download_or_coverage,,,2025,E00240,False,,,False
20250930_0900_HARP13831_NOAA14232,2025-09-30 09:00:00+00:00,13831,14232,block_download_or_coverage,,,2025,E00240,False,,,False
20250930_1036_HARP13831_NOAA14232,2025-09-30 10:36:00+00:00,13831,14232,block_download_or_coverage,,,2025,E00240,False,,,False
20250930_1212_HARP13831_NOAA14232,2025-09-30 12:12:00+00:00,13831,14232,block_download_or_coverage,,,2025,E00240,False,,,False
20250930_1348_HARP13831_NOAA14232,2025-09-30 13:48:00+00:00,13831,14232,block_download_or_coverage,,,2025,E00240,False,,,False
20250930_1524_HARP13831_NOAA14232,2025-09-30 15:24:00+00:00,13831,14232,block_download_or_coverage,,,2025,E00240,False,,,False
20250930_1700_HARP13831_NOAA14232,2025-09-30 17:00:00+00:00,13831,14232,block_download_or_coverage,,,2025,E00240,False,,,False
20250930_1836_HARP13831_NOAA14232,2025-09-30 18:36:00+00:00,13831,14232,block_download_or_coverage,,,2025,E00240,False,,,False
20250930_2024_HARP13831_NOAA14232,2025-09-30 20:24:00+00:00,13831,14232,block_download_or_coverage,,,2025,E00240,False,,,False
20250930_2200_HARP13831_NOAA14232,2025-09-30 22:00:00+00:00,13831,14232,block_download_or_coverage,,,2025,E00240,False,,,False
20250930_2336_HARP13831_NOAA14232,2025-09-30 23:36:00+00:00,13831,14232,block_download_or_coverage,,,2025,E00240,False,,,False
20251001_0112_HARP13831_NOAA14232,2025-10-01 01:12:00+00:00,13831,14232,block_download_or_coverage,,,2025,E00240,False,,,False
20251001_0248_HARP13831_NOAA14232,2025-10-01 02:48:00+00:00,13831,14232,block_download_or_coverage,,,2025,E00240,False,,,False
20251001_0424_HARP13831_NOAA14232,2025-10-01 04:24:00+00:00,13831,14232,block_download_or_coverage,,,2025,E00240,False,,,False
20251001_2012_HARP13831_NOAA14232,2025-10-01 20:12:00+00:00,13831,14232,block_download_or_coverage,,,2025,E00241,False,,,False
20251001_2148_HARP13831_NOAA14232,2025-10-01 21:48:00+00:00,13831,14232,block_download_or_coverage,,,2025,E00241,False,,,False
20251001_2324_HARP13831_NOAA14232,2025-10-01 23:24:00+00:00,13831,14232,block_download_or_coverage,,,2025,E00241,False,,,False
20251002_0100_HARP13831_NOAA14232,2025-10-02 01:00:00+00:00,13831,14232,block_download_or_coverage,,,2025,E00241,False,58170.0,False,True
20251002_0236_HARP13831_NOAA14232,2025-10-02 02:36:00+00:00,13831,14232,block_download_or_coverage,,,2025,E00241,False,58171.0,False,True
20251002_0412_HARP13831_NOAA14232,2025-10-02 04:12:00+00:00,13831,14232,block_download_or_coverage,,,2025,E00241,False,58172.0,False,True
20251002_0548_HARP13831_NOAA14232,2025-10-02 05:48:00+00:00,13831,14232,block_download_or_coverage,,,2025,E00241,False,58173.0,False,True
20251002_0724_HARP13831_NOAA14232,2025-10-02 07:24:00+00:00,13831,14232,block_download_or_coverage,,,2025,E00241,False,58174.0,False,True
20251002_0900_HARP13831_NOAA14232,2025-10-02 09:00:00+00:00,13831,14232,block_download_or_coverage,,,2025,E00241,False,58175.0,False,True
20251002_1036_HARP13831_NOAA14232,2025-10-02 10:36:00+00:00,13831,14232,block_download_or_coverage,,,2025,E00241,False,58176.0,False,True
20251002_1212_HARP13831_NOAA14232,2025-10-02 12:12:00+00:00,13831,14232,block_download_or_coverage,,,2025,E00241,False,58177.0,False,True
20251002_1348_HARP13831_NOAA14232,2025-10-02 13:48:00+00:00,13831,14232,block_download_or_coverage,,,2025,E00241,False,58178.0,False,True
20251002_1524_HARP13831_NOAA14232,2025-10-02 15:24:00+00:00,13831,14232,block_download_or_coverage,,,2025,E00241,False,58179.0,False,True
20251002_1700_HARP13831_NOAA14232,2025-10-02 17:00:00+00:00,13831,14232,block_download_or_coverage,,,2025,E00241,False,58180.0,False,True
20251002_1836_HARP13831_NOAA14232,2025-10-02 18:36:00+00:00,13831,14232,block_download_or_coverage,,,2025,E00241,False,58181.0,False,True
20251002_2200_HARP13831_NOAA14232,2025-10-02 22:00:00+00:00,13831,14232,block_download_or_coverage,,,2025,E00242,False,,,False
20251002_2336_HARP13831_NOAA14232,2025-10-02 23:36:00+00:00,13831,14232,block_download_or_coverage,,,2025,E00242,False,,,False
20251003_0112_HARP13831_NOAA14232,2025-10-03 01:12:00+00:00,13831,14232,block_download_or_coverage,,,2025,E00242,False,,,False
20251003_0248_HARP13831_NOAA14232,2025-10-03 02:48:00+00:00,13831,14232,block_download_or_coverage,,,2025,E00242,False,58182.0,False,True
20251003_0424_HARP13831_NOAA14232,2025-10-03 04:24:00+00:00,13831,14232,block_download_or_coverage,,,2025,E00242,False,58183.0,False,True
20251003_0736_HARP13831_NOAA14232,2025-10-03 07:36:00+00:00,13831,14232,block_download_or_coverage,,,2025,E00242,False,,,False
20251003_0912_HARP13831_NOAA14232,2025-10-03 09:12:00+00:00,13831,14232,block_download_or_coverage,,,2025,E00242,False,,,False
20251003_1048_HARP13831_NOAA14232,2025-10-03 10:48:00+00:00,13831,14232,block_download_or_coverage,,,2025,E00242,False,,,False
20251003_1224_HARP13831_NOAA14232,2025-10-03 12:24:00+00:00,13831,14232,block_download_or_coverage,,,2025,E00242,False,,,False
20251003_1400_HARP13831_NOAA14232,2025-10-03 14:00:00+00:00,13831,14232,block_download_or_coverage,,,2025,E00242,False,,,False
20251003_1536_HARP13831_NOAA14232,2025-10-03 15:36:00+00:00,13831,14232,block_download_or_coverage,,,2025,E00242,False,,,False
20251003_1712_HARP13831_NOAA14232,2025-10-03 17:12:00+00:00,13831,14232,block_download_or_coverage,,,2025,E00242,False,,,False
20251003_1848_HARP13831_NOAA14232,2025-10-03 18:48:00+00:00,13831,14232,block_download_or_coverage,,,2025,E00242,False,,,False
20251003_2024_HARP13831_NOAA14232,2025-10-03 20:24:00+00:00,13831,14232,block_download_or_coverage,,,2025,E00242,False,,,False
20251003_2200_HARP13831_NOAA14232,2025-10-03 22:00:00+00:00,13831,14232,block_download_or_coverage,,,2025,E00242,False,,,False
20251003_2336_HARP13831_NOAA14232,2025-10-03 23:36:00+00:00,13831,14232,block_download_or_coverage,,,2025,E00242,False,,,False
20251004_0112_HARP13831_NOAA14232,2025-10-04 01:12:00+00:00,13831,14232,block_download_or_coverage,,,2025,E00242,False,,,False
20251004_0248_HARP13831_NOAA14232,2025-10-04 02:48:00+00:00,13831,14232,block_download_or_coverage,,,2025,E00242,False,,,False
20251004_0424_HARP13831_NOAA14232,2025-10-04 04:24:00+00:00,13831,14232,block_download_or_coverage,,,2025,E00242,False,,,False
20251004_0736_HARP13831_NOAA14232,2025-10-04 07:36:00+00:00,13831,14232,block_download_or_coverage,,,2025,E00242,False,,,False
20251004_0912_HARP13831_NOAA14232,2025-10-04 09:12:00+00:00,13831,14232,block_download_or_coverage,,,2025,E00242,False,,,False
20251004_1048_HARP13831_NOAA14232,2025-10-04 10:48:00+00:00,13831,14232,block_download_or_coverage,,,2025,E00242,False,,,False
20251004_1224_HARP13831_NOAA14232,2025-10-04 12:24:00+00:00,13831,14232,block_download_or_coverage,,,2025,E00242,False,58203.0,False,True
20251004_1400_HARP13831_NOAA14232,2025-10-04 14:00:00+00:00,13831,14232,block_download_or_coverage,,,2025,E00242,False,58206.0,False,True
20251004_1536_HARP13831_NOAA14232,2025-10-04 15:36:00+00:00,13831,14232,block_download_or_coverage,,,2025,E00242,False,58209.0,False,True
20251004_1712_HARP13831_NOAA14232,2025-10-04 17:12:00+00:00,13831,14232,block_download_or_coverage,,,2025,E00242,False,58212.0,False,True
20251004_1848_HARP13831_NOAA14232,2025-10-04 18:48:00+00:00,13831,14232,block_download_or_coverage,,,2025,E00242,False,58214.0,False,True
20250927_0500_HARP13835_NOAA14234,2025-09-27 05:00:00+00:00,13835,14234,block_download_or_coverage,,,2025,E00243,False,,,False
20250927_0636_HARP13835_NOAA14234,2025-09-27 06:36:00+00:00,13835,14234,block_download_or_coverage,,,2025,E00243,False,,,False
20250927_0812_HARP13835_NOAA14234,2025-09-27 08:12:00+00:00,13835,14234,block_download_or_coverage,,,2025,E00243,False,,,False
20250927_0948_HARP13835_NOAA14234,2025-09-27 09:48:00+00:00,13835,14234,block_download_or_coverage,,,2025,E00243,False,58092.0,False,True
20250927_1124_HARP13835_NOAA14234,2025-09-27 11:24:00+00:00,13835,14234,block_download_or_coverage,,,2025,E00243,False,58094.0,False,True
20250927_1300_HARP13835_NOAA14234,2025-09-27 13:00:00+00:00,13835,14234,block_download_or_coverage,,,2025,E00243,False,58096.0,False,True
20250927_1436_HARP13835_NOAA14234,2025-09-27 14:36:00+00:00,13835,14234,block_download_or_coverage,,,2025,E00243,False,58098.0,False,True
20250927_1612_HARP13835_NOAA14234,2025-09-27 16:12:00+00:00,13835,14234,block_download_or_coverage,,,2025,E00243,False,58100.0,False,True
20250927_1748_HARP13835_NOAA14234,2025-09-27 17:48:00+00:00,13835,14234,block_download_or_coverage,,,2025,E00243,False,58102.0,False,True
20250927_1924_HARP13835_NOAA14234,2025-09-27 19:24:00+00:00,13835,14234,block_download_or_coverage,,,2025,E00243,False,58104.0,False,True
20250927_2100_HARP13835_NOAA14234,2025-09-27 21:00:00+00:00,13835,14234,block_download_or_coverage,,,2025,E00243,False,58106.0,False,True
20250927_2236_HARP13835_NOAA14234,2025-09-27 22:36:00+00:00,13835,14234,block_download_or_coverage,,,2025,E00243,False,58108.0,False,True
20250928_0012_HARP13835_NOAA14234,2025-09-28 00:12:00+00:00,13835,14234,block_download_or_coverage,,,2025,E00243,False,58110.0,False,True
20250928_0148_HARP13835_NOAA14234,2025-09-28 01:48:00+00:00,13835,14234,block_download_or_coverage,,,2025,E00243,False,58112.0,False,True
20250928_0324_HARP13835_NOAA14234,2025-09-28 03:24:00+00:00,13835,14234,block_download_or_coverage,,,2025,E00243,False,58114.0,False,True
20250928_0500_HARP13835_NOAA14234,2025-09-28 05:00:00+00:00,13835,14234,block_download_or_coverage,,,2025,E00243,False,58115.0,False,True
20250928_0636_HARP13835_NOAA14234,2025-09-28 06:36:00+00:00,13835,14234,block_download_or_coverage,,,2025,E00243,False,58116.0,False,True
20250928_0836_HARP13835_NOAA14234,2025-09-28 08:36:00+00:00,13835,14234,block_download_or_coverage,,,2025,E00243,False,,,False
20250928_1012_HARP13835_NOAA14234,2025-09-28 10:12:00+00:00,13835,14234,block_download_or_coverage,,,2025,E00243,False,,,False
20250928_1324_HARP13835_NOAA14234,2025-09-28 13:24:00+00:00,13835,14234,block_download_or_coverage,,,2025,E00243,False,,,False
20250928_1500_HARP13835_NOAA14234,2025-09-28 15:00:00+00:00,13835,14234,block_download_or_coverage,,,2025,E00243,False,,,False
20250928_1636_HARP13835_NOAA14234,2025-09-28 16:36:00+00:00,13835,14234,block_download_or_coverage,,,2025,E00243,False,,,False
20250928_1812_HARP13835_NOAA14234,2025-09-28 18:12:00+00:00,13835,14234,block_download_or_coverage,,,2025,E00243,False,,,False
20250928_1948_HARP13835_NOAA14234,2025-09-28 19:48:00+00:00,13835,14234,block_download_or_coverage,,,2025,E00243,False,,,False
20250928_2124_HARP13835_NOAA14234,2025-09-28 21:24:00+00:00,13835,14234,block_download_or_coverage,,,2025,E00243,False,,,False
20250928_2300_HARP13835_NOAA14234,2025-09-28 23:00:00+00:00,13835,14234,block_download_or_coverage,,,2025,E00243,False,,,False
20250929_0400_HARP13835_NOAA14234,2025-09-29 04:00:00+00:00,13835,14234,block_download_or_coverage,,,2025,E00244,False,,,False
20250929_0536_HARP13835_NOAA14234,2025-09-29 05:36:00+00:00,13835,14234,block_download_or_coverage,,,2025,E00244,False,,,False
20250929_0712_HARP13835_NOAA14234,2025-09-29 07:12:00+00:00,13835,14234,block_download_or_coverage,,,2025,E00244,False,,,False
20250929_0848_HARP13835_NOAA14234,2025-09-29 08:48:00+00:00,13835,14234,block_download_or_coverage,,,2025,E00244,False,58119.0,False,True
20250929_1024_HARP13835_NOAA14234,2025-09-29 10:24:00+00:00,13835,14234,block_download_or_coverage,,,2025,E00244,False,58121.0,False,True
20250929_1200_HARP13835_NOAA14234,2025-09-29 12:00:00+00:00,13835,14234,block_download_or_coverage,,,2025,E00244,False,58123.0,False,True
20250929_1336_HARP13835_NOAA14234,2025-09-29 13:36:00+00:00,13835,14234,block_download_or_coverage,,,2025,E00244,False,58125.0,False,True
20250929_1512_HARP13835_NOAA14234,2025-09-29 15:12:00+00:00,13835,14234,block_download_or_coverage,,,2025,E00244,False,58127.0,False,True
20250929_1648_HARP13835_NOAA14234,2025-09-29 16:48:00+00:00,13835,14234,block_download_or_coverage,,,2025,E00244,False,58129.0,False,True
20250929_1824_HARP13835_NOAA14234,2025-09-29 18:24:00+00:00,13835,14234,block_download_or_coverage,,,2025,E00244,False,58130.0,False,True
20250929_2000_HARP13835_NOAA14234,2025-09-29 20:00:00+00:00,13835,14234,block_download_or_coverage,,,2025,E00244,False,58131.0,False,True
20250929_2136_HARP13835_NOAA14234,2025-09-29 21:36:00+00:00,13835,14234,block_download_or_coverage,,,2025,E00244,False,58132.0,False,True
20250929_2312_HARP13835_NOAA14234,2025-09-29 23:12:00+00:00,13835,14234,block_download_or_coverage,,,2025,E00244,False,58133.0,False,True
20250930_0048_HARP13835_NOAA14234,2025-09-30 00:48:00+00:00,13835,14234,block_download_or_coverage,,,2025,E00244,False,58134.0,False,True
20250930_0224_HARP13835_NOAA14234,2025-09-30 02:24:00+00:00,13835,14234,block_download_or_coverage,,,2025,E00244,False,58135.0,False,True
20251001_0412_HARP13835_NOAA14234,2025-10-01 04:12:00+00:00,13835,14234,block_download_or_coverage,,,2025,E00245,False,58158.0,False,True
20251001_0548_HARP13835_NOAA14234,2025-10-01 05:48:00+00:00,13835,14234,block_download_or_coverage,,,2025,E00245,False,58160.0,False,True
20251001_0724_HARP13835_NOAA14234,2025-10-01 07:24:00+00:00,13835,14234,block_download_or_coverage,,,2025,E00245,False,58162.0,False,True
20251001_0900_HARP13835_NOAA14234,2025-10-01 09:00:00+00:00,13835,14234,block_download_or_coverage,,,2025,E00245,False,58164.0,False,True
20251001_1036_HARP13835_NOAA14234,2025-10-01 10:36:00+00:00,13835,14234,block_download_or_coverage,,,2025,E00245,False,58166.0,False,True
20251001_1212_HARP13835_NOAA14234,2025-10-01 12:12:00+00:00,13835,14234,block_download_or_coverage,,,2025,E00245,False,58168.0,False,True
20251001_2000_HARP13835_NOAA14234,2025-10-01 20:00:00+00:00,13835,14234,block_download_or_coverage,,,2025,E00246,False,,,False
20250928_1936_HARP13845_NOAA14237,2025-09-28 19:36:00+00:00,13845,14237,block_download_or_coverage,,,2025,E00247,False,,,False
20250928_2112_HARP13845_NOAA14237,2025-09-28 21:12:00+00:00,13845,14237,block_download_or_coverage,,,2025,E00247,False,,,False
20250928_2248_HARP13845_NOAA14237,2025-09-28 22:48:00+00:00,13845,14237,block_download_or_coverage,,,2025,E00247,False,,,False
20250929_0348_HARP13845_NOAA14237,2025-09-29 03:48:00+00:00,13845,14237,block_download_or_coverage,,,2025,E00248,False,,,False
20250929_0524_HARP13845_NOAA14237,2025-09-29 05:24:00+00:00,13845,14237,block_download_or_coverage,,,2025,E00248,False,,,False
20250929_0700_HARP13845_NOAA14237,2025-09-29 07:00:00+00:00,13845,14237,block_download_or_coverage,,,2025,E00248,False,,,False
20250929_0836_HARP13845_NOAA14237,2025-09-29 08:36:00+00:00,13845,14237,block_download_or_coverage,,,2025,E00248,False,,,False
20250929_1012_HARP13845_NOAA14237,2025-09-29 10:12:00+00:00,13845,14237,block_download_or_coverage,,,2025,E00248,False,,,False
20250929_1148_HARP13845_NOAA14237,2025-09-29 11:48:00+00:00,13845,14237,block_download_or_coverage,,,2025,E00248,False,,,False
20250929_1324_HARP13845_NOAA14237,2025-09-29 13:24:00+00:00,13845,14237,block_download_or_coverage,,,2025,E00248,False,,,False
20250929_1500_HARP13845_NOAA14237,2025-09-29 15:00:00+00:00,13845,14237,block_download_or_coverage,,,2025,E00248,False,,,False
20250929_1636_HARP13845_NOAA14237,2025-09-29 16:36:00+00:00,13845,14237,block_download_or_coverage,,,2025,E00248,False,,,False
20250929_1812_HARP13845_NOAA14237,2025-09-29 18:12:00+00:00,13845,14237,block_download_or_coverage,,,2025,E00248,False,,,False
20250929_1948_HARP13845_NOAA14237,2025-09-29 19:48:00+00:00,13845,14237,block_download_or_coverage,,,2025,E00248,False,,,False
20250929_2124_HARP13845_NOAA14237,2025-09-29 21:24:00+00:00,13845,14237,block_download_or_coverage,,,2025,E00248,False,,,False
20250929_2300_HARP13845_NOAA14237,2025-09-29 23:00:00+00:00,13845,14237,block_download_or_coverage,,,2025,E00248,False,,,False
20250930_0036_HARP13845_NOAA14237,2025-09-30 00:36:00+00:00,13845,14237,block_download_or_coverage,,,2025,E00248,False,,,False
20250930_0212_HARP13845_NOAA14237,2025-09-30 02:12:00+00:00,13845,14237,block_download_or_coverage,,,2025,E00248,False,,,False
20250930_0348_HARP13845_NOAA14237,2025-09-30 03:48:00+00:00,13845,14237,block_download_or_coverage,,,2025,E00248,False,,,False
20250930_0524_HARP13845_NOAA14237,2025-09-30 05:24:00+00:00,13845,14237,block_download_or_coverage,,,2025,E00248,False,,,False
20250930_0700_HARP13845_NOAA14237,2025-09-30 07:00:00+00:00,13845,14237,block_download_or_coverage,,,2025,E00248,False,,,False
20250930_0836_HARP13845_NOAA14237,2025-09-30 08:36:00+00:00,13845,14237,block_download_or_coverage,,,2025,E00248,False,58139.0,False,True
20250930_1012_HARP13845_NOAA14237,2025-09-30 10:12:00+00:00,13845,14237,block_download_or_coverage,,,2025,E00248,False,58141.0,False,True
20250930_1148_HARP13845_NOAA14237,2025-09-30 11:48:00+00:00,13845,14237,block_download_or_coverage,,,2025,E00248,False,58143.0,False,True
20250930_1324_HARP13845_NOAA14237,2025-09-30 13:24:00+00:00,13845,14237,block_download_or_coverage,,,2025,E00248,False,58145.0,False,True
20250930_1500_HARP13845_NOAA14237,2025-09-30 15:00:00+00:00,13845,14237,block_download_or_coverage,,,2025,E00248,False,58147.0,False,True
20250930_1636_HARP13845_NOAA14237,2025-09-30 16:36:00+00:00,13845,14237,block_download_or_coverage,,,2025,E00248,False,58149.0,False,True
20250930_1812_HARP13845_NOAA14237,2025-09-30 18:12:00+00:00,13845,14237,block_download_or_coverage,,,2025,E00248,False,58151.0,False,True
20250930_2000_HARP13845_NOAA14237,2025-09-30 20:00:00+00:00,13845,14237,block_download_or_coverage,,,2025,E00248,False,,,False
20250930_2136_HARP13845_NOAA14237,2025-09-30 21:36:00+00:00,13845,14237,block_download_or_coverage,,,2025,E00248,False,,,False
20250930_2312_HARP13845_NOAA14237,2025-09-30 23:12:00+00:00,13845,14237,block_download_or_coverage,,,2025,E00248,False,,,False
20251001_0048_HARP13845_NOAA14237,2025-10-01 00:48:00+00:00,13845,14237,block_download_or_coverage,,,2025,E00248,False,58153.0,False,True
20251001_0224_HARP13845_NOAA14237,2025-10-01 02:24:00+00:00,13845,14237,block_download_or_coverage,,,2025,E00248,False,58155.0,False,True
20251001_0400_HARP13845_NOAA14237,2025-10-01 04:00:00+00:00,13845,14237,block_download_or_coverage,,,2025,E00248,False,58157.0,False,True
20251001_0536_HARP13845_NOAA14237,2025-10-01 05:36:00+00:00,13845,14237,block_download_or_coverage,,,2025,E00248,False,58159.0,False,True
20251001_0712_HARP13845_NOAA14237,2025-10-01 07:12:00+00:00,13845,14237,block_download_or_coverage,,,2025,E00248,False,58161.0,False,True
20251001_0848_HARP13845_NOAA14237,2025-10-01 08:48:00+00:00,13845,14237,block_download_or_coverage,,,2025,E00248,False,58163.0,False,True
20251001_1024_HARP13845_NOAA14237,2025-10-01 10:24:00+00:00,13845,14237,block_download_or_coverage,,,2025,E00248,False,58165.0,False,True
20251001_1200_HARP13845_NOAA14237,2025-10-01 12:00:00+00:00,13845,14237,block_download_or_coverage,,,2025,E00248,False,58167.0,False,True
20251004_0800_HARP13852_NOAA14240,2025-10-04 08:00:00+00:00,13852,14240,block_download_or_coverage,,,2025,E00249,False,,,False
20251004_0936_HARP13852_NOAA14240,2025-10-04 09:36:00+00:00,13852,14240,block_download_or_coverage,,,2025,E00249,False,,,False
20251004_1112_HARP13852_NOAA14240,2025-10-04 11:12:00+00:00,13852,14240,block_download_or_coverage,,,2025,E00249,False,,,False
20251004_1248_HARP13852_NOAA14240,2025-10-04 12:48:00+00:00,13852,14240,block_download_or_coverage,,,2025,E00249,False,58204.0,False,True
20251004_1424_HARP13852_NOAA14240,2025-10-04 14:24:00+00:00,13852,14240,block_download_or_coverage,,,2025,E00249,False,58207.0,False,True
20251004_1600_HARP13852_NOAA14240,2025-10-04 16:00:00+00:00,13852,14240,block_download_or_coverage,,,2025,E00249,False,58210.0,False,True
20251004_1736_HARP13852_NOAA14240,2025-10-04 17:36:00+00:00,13852,14240,block_download_or_coverage,,,2025,E00249,False,58213.0,False,True
20251004_1912_HARP13852_NOAA14240,2025-10-04 19:12:00+00:00,13852,14240,block_download_or_coverage,,,2025,E00249,False,58215.0,False,True
20251004_2048_HARP13852_NOAA14240,2025-10-04 20:48:00+00:00,13852,14240,block_download_or_coverage,,,2025,E00249,False,58216.0,False,True
20251004_2224_HARP13852_NOAA14240,2025-10-04 22:24:00+00:00,13852,14240,block_download_or_coverage,,,2025,E00249,False,58217.0,False,True
20251005_0000_HARP13852_NOAA14240,2025-10-05 00:00:00+00:00,13852,14240,block_download_or_coverage,,,2025,E00249,False,58218.0,False,True
20251005_0136_HARP13852_NOAA14240,2025-10-05 01:36:00+00:00,13852,14240,block_download_or_coverage,,,2025,E00249,False,58220.0,False,True
20251005_0312_HARP13852_NOAA14240,2025-10-05 03:12:00+00:00,13852,14240,block_download_or_coverage,,,2025,E00249,False,58222.0,False,True
20251005_0448_HARP13852_NOAA14240,2025-10-05 04:48:00+00:00,13852,14240,block_download_or_coverage,,,2025,E00249,False,58224.0,False,True
20251005_0624_HARP13852_NOAA14240,2025-10-05 06:24:00+00:00,13852,14240,block_download_or_coverage,,,2025,E00249,False,58226.0,False,True
20251005_0800_HARP13852_NOAA14240,2025-10-05 08:00:00+00:00,13852,14240,block_download_or_coverage,,,2025,E00249,False,58228.0,False,True
20251005_0936_HARP13852_NOAA14240,2025-10-05 09:36:00+00:00,13852,14240,block_download_or_coverage,,,2025,E00249,False,58230.0,False,True
20251005_1112_HARP13852_NOAA14240,2025-10-05 11:12:00+00:00,13852,14240,block_download_or_coverage,,,2025,E00249,False,58232.0,False,True
20251005_1248_HARP13852_NOAA14240,2025-10-05 12:48:00+00:00,13852,14240,block_download_or_coverage,,,2025,E00249,False,58234.0,False,True
20251005_1424_HARP13852_NOAA14240,2025-10-05 14:24:00+00:00,13852,14240,block_download_or_coverage,,,2025,E00249,False,58236.0,False,True
20251005_1600_HARP13852_NOAA14240,2025-10-05 16:00:00+00:00,13852,14240,block_download_or_coverage,,,2025,E00249,False,58238.0,False,True
20251005_1736_HARP13852_NOAA14240,2025-10-05 17:36:00+00:00,13852,14240,block_download_or_coverage,,,2025,E00249,False,58240.0,False,True
20251005_1912_HARP13852_NOAA14240,2025-10-05 19:12:00+00:00,13852,14240,block_download_or_coverage,,,2025,E00249,False,58241.0,False,True
20251005_2048_HARP13852_NOAA14240,2025-10-05 20:48:00+00:00,13852,14240,block_download_or_coverage,,,2025,E00249,False,58242.0,False,True
20251005_2224_HARP13852_NOAA14240,2025-10-05 22:24:00+00:00,13852,14240,block_download_or_coverage,,,2025,E00249,False,58243.0,False,True
20251006_0000_HARP13852_NOAA14240,2025-10-06 00:00:00+00:00,13852,14240,block_download_or_coverage,,,2025,E00249,False,58244.0,False,True
20251006_0136_HARP13852_NOAA14240,2025-10-06 01:36:00+00:00,13852,14240,block_download_or_coverage,,,2025,E00249,False,58246.0,False,True
20251006_0312_HARP13852_NOAA14240,2025-10-06 03:12:00+00:00,13852,14240,block_download_or_coverage,,,2025,E00249,False,58248.0,False,True
20251006_0448_HARP13852_NOAA14240,2025-10-06 04:48:00+00:00,13852,14240,block_download_or_coverage,,,2025,E00249,False,58250.0,False,True
20251006_0624_HARP13852_NOAA14240,2025-10-06 06:24:00+00:00,13852,14240,block_download_or_coverage,,,2025,E00249,False,58253.0,False,True
20251006_0800_HARP13852_NOAA14240,2025-10-06 08:00:00+00:00,13852,14240,block_download_or_coverage,,,2025,E00249,False,58256.0,False,True
20251006_0936_HARP13852_NOAA14240,2025-10-06 09:36:00+00:00,13852,14240,block_download_or_coverage,,,2025,E00249,False,58259.0,False,True
20251006_1112_HARP13852_NOAA14240,2025-10-06 11:12:00+00:00,13852,14240,block_download_or_coverage,,,2025,E00249,False,58262.0,False,True
20251006_1248_HARP13852_NOAA14240,2025-10-06 12:48:00+00:00,13852,14240,block_download_or_coverage,,,2025,E00249,False,58265.0,False,True
20251006_1424_HARP13852_NOAA14240,2025-10-06 14:24:00+00:00,13852,14240,block_download_or_coverage,,,2025,E00249,False,58268.0,False,True
20251006_1600_HARP13852_NOAA14240,2025-10-06 16:00:00+00:00,13852,14240,block_download_or_coverage,,,2025,E00249,False,58271.0,False,True
20251006_1736_HARP13852_NOAA14240,2025-10-06 17:36:00+00:00,13852,14240,block_download_or_coverage,,,2025,E00249,False,58274.0,False,True
20251006_1912_HARP13852_NOAA14240,2025-10-06 19:12:00+00:00,13852,14240,block_download_or_coverage,,,2025,E00249,False,58276.0,False,True
20251006_2048_HARP13852_NOAA14240,2025-10-06 20:48:00+00:00,13852,14240,block_download_or_coverage,,,2025,E00249,False,58278.0,False,True
20251006_2224_HARP13852_NOAA14240,2025-10-06 22:24:00+00:00,13852,14240,block_download_or_coverage,,,2025,E00249,False,58280.0,False,True
20251007_0000_HARP13852_NOAA14240,2025-10-07 00:00:00+00:00,13852,14240,block_download_or_coverage,,,2025,E00249,False,58282.0,False,True
20251007_0136_HARP13852_NOAA14240,2025-10-07 01:36:00+00:00,13852,14240,block_download_or_coverage,,,2025,E00249,False,58284.0,False,True
20251007_0312_HARP13852_NOAA14240,2025-10-07 03:12:00+00:00,13852,14240,block_download_or_coverage,,,2025,E00249,False,58287.0,False,True
20251007_0448_HARP13852_NOAA14240,2025-10-07 04:48:00+00:00,13852,14240,block_download_or_coverage,,,2025,E00249,False,58290.0,False,True
20251007_0624_HARP13852_NOAA14240,2025-10-07 06:24:00+00:00,13852,14240,block_download_or_coverage,,,2025,E00249,False,58293.0,False,True
20251007_0800_HARP13852_NOAA14240,2025-10-07 08:00:00+00:00,13852,14240,block_download_or_coverage,,,2025,E00249,False,58296.0,False,True
20251007_0936_HARP13852_NOAA14240,2025-10-07 09:36:00+00:00,13852,14240,block_download_or_coverage,,,2025,E00249,False,58300.0,False,True
20251007_1112_HARP13852_NOAA14240,2025-10-07 11:12:00+00:00,13852,14240,block_download_or_coverage,,,2025,E00249,False,58304.0,False,True
20251007_1248_HARP13852_NOAA14240,2025-10-07 12:48:00+00:00,13852,14240,block_download_or_coverage,,,2025,E00249,False,58308.0,False,True
20251007_1424_HARP13852_NOAA14240,2025-10-07 14:24:00+00:00,13852,14240,block_download_or_coverage,,,2025,E00249,False,58312.0,False,True
20251007_1600_HARP13852_NOAA14240,2025-10-07 16:00:00+00:00,13852,14240,block_download_or_coverage,,,2025,E00249,False,58315.0,False,True
20251007_1736_HARP13852_NOAA14240,2025-10-07 17:36:00+00:00,13852,14240,block_download_or_coverage,,,2025,E00249,False,58317.0,False,True
20251007_1912_HARP13852_NOAA14240,2025-10-07 19:12:00+00:00,13852,14240,block_download_or_coverage,,,2025,E00249,False,58318.0,False,True
20251007_2112_HARP13852_NOAA14240,2025-10-07 21:12:00+00:00,13852,14240,block_download_or_coverage,,,2025,E00249,False,,,False
20251007_2248_HARP13852_NOAA14240,2025-10-07 22:48:00+00:00,13852,14240,block_download_or_coverage,,,2025,E00249,False,,,False
20251008_0024_HARP13852_NOAA14240,2025-10-08 00:24:00+00:00,13852,14240,block_download_or_coverage,,,2025,E00249,False,,,False
20251008_0200_HARP13852_NOAA14240,2025-10-08 02:00:00+00:00,13852,14240,block_download_or_coverage,,,2025,E00249,False,58320.0,False,True
20251008_0336_HARP13852_NOAA14240,2025-10-08 03:36:00+00:00,13852,14240,block_download_or_coverage,,,2025,E00249,False,58322.0,False,True
20251008_0712_HARP13852_NOAA14240,2025-10-08 07:12:00+00:00,13852,14240,block_download_or_coverage,,,2025,E00250,False,,,False
20251008_0848_HARP13852_NOAA14240,2025-10-08 08:48:00+00:00,13852,14240,block_download_or_coverage,,,2025,E00250,False,,,False
20251008_1024_HARP13852_NOAA14240,2025-10-08 10:24:00+00:00,13852,14240,block_download_or_coverage,,,2025,E00250,False,,,False
20251008_1200_HARP13852_NOAA14240,2025-10-08 12:00:00+00:00,13852,14240,block_download_or_coverage,,,2025,E00250,False,58324.0,False,True
20251008_1336_HARP13852_NOAA14240,2025-10-08 13:36:00+00:00,13852,14240,block_download_or_coverage,,,2025,E00250,False,58326.0,False,True
20251003_1312_HARP13855_NOAA14242,2025-10-03 13:12:00+00:00,13855,14242,block_download_or_coverage,,,2025,E00251,False,,,False
20251003_1448_HARP13855_NOAA14242,2025-10-03 14:48:00+00:00,13855,14242,block_download_or_coverage,,,2025,E00251,False,,,False
20251003_1624_HARP13855_NOAA14242,2025-10-03 16:24:00+00:00,13855,14242,block_download_or_coverage,,,2025,E00251,False,,,False
20251003_1936_HARP13855_NOAA14242,2025-10-03 19:36:00+00:00,13855,14242,block_download_or_coverage,,,2025,E00251,False,,,False
20251005_1936_HARP13855_NOAA14242,2025-10-05 19:36:00+00:00,13855,14242,block_download_or_coverage,,,2025,E00252,False,,,False
20251005_2112_HARP13855_NOAA14242,2025-10-05 21:12:00+00:00,13855,14242,block_download_or_coverage,,,2025,E00252,False,,,False
20251005_2248_HARP13855_NOAA14242,2025-10-05 22:48:00+00:00,13855,14242,block_download_or_coverage,,,2025,E00252,False,,,False
20251006_0024_HARP13855_NOAA14242,2025-10-06 00:24:00+00:00,13855,14242,block_download_or_coverage,,,2025,E00252,False,58245.0,False,True
20251006_0200_HARP13855_NOAA14242,2025-10-06 02:00:00+00:00,13855,14242,block_download_or_coverage,,,2025,E00252,False,58247.0,False,True
20251006_0336_HARP13855_NOAA14242,2025-10-06 03:36:00+00:00,13855,14242,block_download_or_coverage,,,2025,E00252,False,58249.0,False,True
20251006_0512_HARP13855_NOAA14242,2025-10-06 05:12:00+00:00,13855,14242,block_download_or_coverage,,,2025,E00252,False,58251.0,False,True
20251006_0648_HARP13855_NOAA14242,2025-10-06 06:48:00+00:00,13855,14242,block_download_or_coverage,,,2025,E00252,False,58254.0,False,True
20251006_0824_HARP13855_NOAA14242,2025-10-06 08:24:00+00:00,13855,14242,block_download_or_coverage,,,2025,E00252,False,58257.0,False,True
20251006_1000_HARP13855_NOAA14242,2025-10-06 10:00:00+00:00,13855,14242,block_download_or_coverage,,,2025,E00252,False,58260.0,False,True
20251006_1136_HARP13855_NOAA14242,2025-10-06 11:36:00+00:00,13855,14242,block_download_or_coverage,,,2025,E00252,False,58263.0,False,True
20251006_1312_HARP13855_NOAA14242,2025-10-06 13:12:00+00:00,13855,14242,block_download_or_coverage,,,2025,E00252,False,58266.0,False,True
20251006_1448_HARP13855_NOAA14242,2025-10-06 14:48:00+00:00,13855,14242,block_download_or_coverage,,,2025,E00252,False,58269.0,False,True
20251006_1624_HARP13855_NOAA14242,2025-10-06 16:24:00+00:00,13855,14242,block_download_or_coverage,,,2025,E00252,False,58272.0,False,True
20251007_2000_HARP13855_NOAA14242,2025-10-07 20:00:00+00:00,13855,14242,block_download_or_coverage,,,2025,E00253,False,,,False
20251007_2136_HARP13855_NOAA14242,2025-10-07 21:36:00+00:00,13855,14242,block_download_or_coverage,,,2025,E00253,False,,,False
20251007_2312_HARP13855_NOAA14242,2025-10-07 23:12:00+00:00,13855,14242,block_download_or_coverage,,,2025,E00253,False,,,False
20251004_0400_HARP13859_NOAA14240,2025-10-04 04:00:00+00:00,13859,14240,block_download_or_coverage,,,2025,E00254,False,58197.0,False,True
20251004_0536_HARP13859_NOAA14240,2025-10-04 05:36:00+00:00,13859,14240,block_download_or_coverage,,,2025,E00254,False,,,False
20251004_0712_HARP13859_NOAA14240,2025-10-04 07:12:00+00:00,13859,14240,block_download_or_coverage,,,2025,E00254,False,,,False
20251004_0848_HARP13859_NOAA14240,2025-10-04 08:48:00+00:00,13859,14240,block_download_or_coverage,,,2025,E00254,False,,,False
20251004_1024_HARP13859_NOAA14240,2025-10-04 10:24:00+00:00,13859,14240,block_download_or_coverage,,,2025,E00254,False,,,False
20251004_1200_HARP13859_NOAA14240,2025-10-04 12:00:00+00:00,13859,14240,block_download_or_coverage,,,2025,E00254,False,,,False
20251004_1336_HARP13859_NOAA14240,2025-10-04 13:36:00+00:00,13859,14240,block_download_or_coverage,,,2025,E00254,False,,,False
20251004_1512_HARP13859_NOAA14240,2025-10-04 15:12:00+00:00,13859,14240,block_download_or_coverage,,,2025,E00254,False,,,False
20251004_1648_HARP13859_NOAA14240,2025-10-04 16:48:00+00:00,13859,14240,block_download_or_coverage,,,2025,E00254,False,,,False
20251004_1824_HARP13859_NOAA14240,2025-10-04 18:24:00+00:00,13859,14240,block_download_or_coverage,,,2025,E00254,False,,,False
20251004_2000_HARP13859_NOAA14240,2025-10-04 20:00:00+00:00,13859,14240,block_download_or_coverage,,,2025,E00254,False,,,False
20251004_2136_HARP13859_NOAA14240,2025-10-04 21:36:00+00:00,13859,14240,block_download_or_coverage,,,2025,E00254,False,,,False
20251004_2312_HARP13859_NOAA14240,2025-10-04 23:12:00+00:00,13859,14240,block_download_or_coverage,,,2025,E00254,False,,,False
20251005_0048_HARP13859_NOAA14240,2025-10-05 00:48:00+00:00,13859,14240,block_download_or_coverage,,,2025,E00254,False,,,False
20251005_0224_HARP13859_NOAA14240,2025-10-05 02:24:00+00:00,13859,14240,block_download_or_coverage,,,2025,E00254,False,,,False
20251005_0400_HARP13859_NOAA14240,2025-10-05 04:00:00+00:00,13859,14240,block_download_or_coverage,,,2025,E00254,False,,,False
20251005_0536_HARP13859_NOAA14240,2025-10-05 05:36:00+00:00,13859,14240,block_download_or_coverage,,,2025,E00254,False,,,False
20251005_0712_HARP13859_NOAA14240,2025-10-05 07:12:00+00:00,13859,14240,block_download_or_coverage,,,2025,E00254,False,,,False
20251005_0848_HARP13859_NOAA14240,2025-10-05 08:48:00+00:00,13859,14240,block_download_or_coverage,,,2025,E00254,False,,,False
20251005_1024_HARP13859_NOAA14240,2025-10-05 10:24:00+00:00,13859,14240,block_download_or_coverage,,,2025,E00254,False,,,False
20251005_1200_HARP13859_NOAA14240,2025-10-05 12:00:00+00:00,13859,14240,block_download_or_coverage,,,2025,E00254,False,,,False
20251005_1336_HARP13859_NOAA14240,2025-10-05 13:36:00+00:00,13859,14240,block_download_or_coverage,,,2025,E00254,False,,,False
20251005_1512_HARP13859_NOAA14240,2025-10-05 15:12:00+00:00,13859,14240,block_download_or_coverage,,,2025,E00254,False,,,False
20251005_1648_HARP13859_NOAA14240,2025-10-05 16:48:00+00:00,13859,14240,block_download_or_coverage,,,2025,E00254,False,,,False
20251005_1824_HARP13859_NOAA14240,2025-10-05 18:24:00+00:00,13859,14240,block_download_or_coverage,,,2025,E00254,False,,,False
20251005_2000_HARP13859_NOAA14240,2025-10-05 20:00:00+00:00,13859,14240,block_download_or_coverage,,,2025,E00254,False,,,False
20251005_2136_HARP13859_NOAA14240,2025-10-05 21:36:00+00:00,13859,14240,block_download_or_coverage,,,2025,E00254,False,,,False
20251005_2312_HARP13859_NOAA14240,2025-10-05 23:12:00+00:00,13859,14240,block_download_or_coverage,,,2025,E00254,False,,,False
20251006_0048_HARP13859_NOAA14240,2025-10-06 00:48:00+00:00,13859,14240,block_download_or_coverage,,,2025,E00254,False,,,False
20251006_0224_HARP13859_NOAA14240,2025-10-06 02:24:00+00:00,13859,14240,block_download_or_coverage,,,2025,E00254,False,,,False
20251006_0400_HARP13859_NOAA14240,2025-10-06 04:00:00+00:00,13859,14240,block_download_or_coverage,,,2025,E00254,False,,,False
20251006_0536_HARP13859_NOAA14240,2025-10-06 05:36:00+00:00,13859,14240,block_download_or_coverage,,,2025,E00254,False,,,False
20251006_0712_HARP13859_NOAA14240,2025-10-06 07:12:00+00:00,13859,14240,block_download_or_coverage,,,2025,E00254,False,,,False
20251006_0848_HARP13859_NOAA14240,2025-10-06 08:48:00+00:00,13859,14240,block_download_or_coverage,,,2025,E00254,False,,,False
20251006_1024_HARP13859_NOAA14240,2025-10-06 10:24:00+00:00,13859,14240,block_download_or_coverage,,,2025,E00254,False,,,False
20251006_1200_HARP13859_NOAA14240,2025-10-06 12:00:00+00:00,13859,14240,block_download_or_coverage,,,2025,E00254,False,,,False
20251006_1336_HARP13859_NOAA14240,2025-10-06 13:36:00+00:00,13859,14240,block_download_or_coverage,,,2025,E00254,False,,,False
20251006_1512_HARP13859_NOAA14240,2025-10-06 15:12:00+00:00,13859,14240,block_download_or_coverage,,,2025,E00254,False,,,False
20251006_1648_HARP13859_NOAA14240,2025-10-06 16:48:00+00:00,13859,14240,block_download_or_coverage,,,2025,E00254,False,,,False
20251006_1824_HARP13859_NOAA14240,2025-10-06 18:24:00+00:00,13859,14240,block_download_or_coverage,,,2025,E00254,False,,,False
20251006_2000_HARP13859_NOAA14240,2025-10-06 20:00:00+00:00,13859,14240,block_download_or_coverage,,,2025,E00254,False,,,False
20251006_2136_HARP13859_NOAA14240,2025-10-06 21:36:00+00:00,13859,14240,block_download_or_coverage,,,2025,E00254,False,,,False
20251006_2312_HARP13859_NOAA14240,2025-10-06 23:12:00+00:00,13859,14240,block_download_or_coverage,,,2025,E00254,False,,,False
20251007_0048_HARP13859_NOAA14240,2025-10-07 00:48:00+00:00,13859,14240,block_download_or_coverage,,,2025,E00254,False,,,False
20251007_0224_HARP13859_NOAA14240,2025-10-07 02:24:00+00:00,13859,14240,block_download_or_coverage,,,2025,E00254,False,,,False
20251007_0400_HARP13859_NOAA14240,2025-10-07 04:00:00+00:00,13859,14240,block_download_or_coverage,,,2025,E00254,False,,,False
20251007_0536_HARP13859_NOAA14240,2025-10-07 05:36:00+00:00,13859,14240,block_download_or_coverage,,,2025,E00254,False,,,False
20251007_0712_HARP13859_NOAA14240,2025-10-07 07:12:00+00:00,13859,14240,block_download_or_coverage,,,2025,E00254,False,,,False
20251007_0848_HARP13859_NOAA14240,2025-10-07 08:48:00+00:00,13859,14240,block_download_or_coverage,,,2025,E00254,False,58299.0,False,True
20251007_1024_HARP13859_NOAA14240,2025-10-07 10:24:00+00:00,13859,14240,block_download_or_coverage,,,2025,E00254,False,58303.0,False,True
20251007_1200_HARP13859_NOAA14240,2025-10-07 12:00:00+00:00,13859,14240,block_download_or_coverage,,,2025,E00254,False,58307.0,False,True
20251007_1336_HARP13859_NOAA14240,2025-10-07 13:36:00+00:00,13859,14240,block_download_or_coverage,,,2025,E00254,False,58311.0,False,True
20251007_1512_HARP13859_NOAA14240,2025-10-07 15:12:00+00:00,13859,14240,block_download_or_coverage,,,2025,E00254,False,58314.0,False,True
20251006_2112_HARP13866_NOAA14243,2025-10-06 21:12:00+00:00,13866,14243,block_download_or_coverage,,,2025,E00255,False,,,False
20251006_2248_HARP13866_NOAA14243,2025-10-06 22:48:00+00:00,13866,14243,block_download_or_coverage,,,2025,E00255,False,,,False
20251007_0024_HARP13866_NOAA14243,2025-10-07 00:24:00+00:00,13866,14243,block_download_or_coverage,,,2025,E00255,False,,,False
20251007_0200_HARP13866_NOAA14243,2025-10-07 02:00:00+00:00,13866,14243,block_download_or_coverage,,,2025,E00255,False,,,False
20251007_0336_HARP13866_NOAA14243,2025-10-07 03:36:00+00:00,13866,14243,block_download_or_coverage,,,2025,E00255,False,,,False
20251007_0512_HARP13866_NOAA14243,2025-10-07 05:12:00+00:00,13866,14243,block_download_or_coverage,,,2025,E00255,False,,,False
20251007_0648_HARP13866_NOAA14243,2025-10-07 06:48:00+00:00,13866,14243,block_download_or_coverage,,,2025,E00255,False,,,False
20251007_0824_HARP13866_NOAA14243,2025-10-07 08:24:00+00:00,13866,14243,block_download_or_coverage,,,2025,E00255,False,,,False
20251007_1000_HARP13866_NOAA14243,2025-10-07 10:00:00+00:00,13866,14243,block_download_or_coverage,,,2025,E00255,False,,,False
20251007_1136_HARP13866_NOAA14243,2025-10-07 11:36:00+00:00,13866,14243,block_download_or_coverage,,,2025,E00255,False,,,False
20251007_1312_HARP13866_NOAA14243,2025-10-07 13:12:00+00:00,13866,14243,block_download_or_coverage,,,2025,E00255,False,,,False
20251007_1448_HARP13866_NOAA14243,2025-10-07 14:48:00+00:00,13866,14243,block_download_or_coverage,,,2025,E00255,False,,,False
20251007_1624_HARP13866_NOAA14243,2025-10-07 16:24:00+00:00,13866,14243,block_download_or_coverage,,,2025,E00255,False,,,False
20251007_2000_HARP13866_NOAA14243,2025-10-07 20:00:00+00:00,13866,14243,block_download_or_coverage,,,2025,E00256,False,,,False
20251007_2136_HARP13866_NOAA14243,2025-10-07 21:36:00+00:00,13866,14243,block_download_or_coverage,,,2025,E00256,False,,,False
20251007_2312_HARP13866_NOAA14243,2025-10-07 23:12:00+00:00,13866,14243,block_download_or_coverage,,,2025,E00256,False,,,False
20251008_0048_HARP13866_NOAA14243,2025-10-08 00:48:00+00:00,13866,14243,block_download_or_coverage,,,2025,E00256,False,58319.0,False,True
20251008_0224_HARP13866_NOAA14243,2025-10-08 02:24:00+00:00,13866,14243,block_download_or_coverage,,,2025,E00256,False,58321.0,False,True
20251008_0400_HARP13866_NOAA14243,2025-10-08 04:00:00+00:00,13866,14243,block_download_or_coverage,,,2025,E00256,False,58323.0,False,True
20251008_2248_HARP13866_NOAA14243,2025-10-08 22:48:00+00:00,13866,14243,block_download_or_coverage,,,2025,E00257,False,,,False
20251009_0024_HARP13866_NOAA14243,2025-10-09 00:24:00+00:00,13866,14243,block_download_or_coverage,,,2025,E00257,False,,,False
20251009_0200_HARP13866_NOAA14243,2025-10-09 02:00:00+00:00,13866,14243,block_download_or_coverage,,,2025,E00257,False,,,False
20251009_0336_HARP13866_NOAA14243,2025-10-09 03:36:00+00:00,13866,14243,block_download_or_coverage,,,2025,E00257,False,58328.0,False,True
20251009_0512_HARP13866_NOAA14243,2025-10-09 05:12:00+00:00,13866,14243,block_download_or_coverage,,,2025,E00257,False,58330.0,False,True
20251009_0648_HARP13866_NOAA14243,2025-10-09 06:48:00+00:00,13866,14243,block_download_or_coverage,,,2025,E00257,False,58332.0,False,True
20251009_0824_HARP13866_NOAA14243,2025-10-09 08:24:00+00:00,13866,14243,block_download_or_coverage,,,2025,E00257,False,58334.0,False,True
20251009_1000_HARP13866_NOAA14243,2025-10-09 10:00:00+00:00,13866,14243,block_download_or_coverage,,,2025,E00257,False,58336.0,False,True
20251009_1136_HARP13866_NOAA14243,2025-10-09 11:36:00+00:00,13866,14243,block_download_or_coverage,,,2025,E00257,False,58338.0,False,True
20251009_1312_HARP13866_NOAA14243,2025-10-09 13:12:00+00:00,13866,14243,block_download_or_coverage,,,2025,E00257,False,58340.0,False,True
20251009_1448_HARP13866_NOAA14243,2025-10-09 14:48:00+00:00,13866,14243,block_download_or_coverage,,,2025,E00257,False,58342.0,False,True
20251009_1624_HARP13866_NOAA14243,2025-10-09 16:24:00+00:00,13866,14243,block_download_or_coverage,,,2025,E00257,False,58344.0,False,True
20251009_1936_HARP13866_NOAA14243,2025-10-09 19:36:00+00:00,13866,14243,block_download_or_coverage,,,2025,E00257,False,,,False
20251009_2112_HARP13866_NOAA14243,2025-10-09 21:12:00+00:00,13866,14243,block_download_or_coverage,,,2025,E00257,False,,,False
20251009_2248_HARP13866_NOAA14243,2025-10-09 22:48:00+00:00,13866,14243,block_download_or_coverage,,,2025,E00257,False,,,False
20251010_0024_HARP13866_NOAA14243,2025-10-10 00:24:00+00:00,13866,14243,block_download_or_coverage,,,2025,E00257,False,58346.0,False,True
20251010_0200_HARP13866_NOAA14243,2025-10-10 02:00:00+00:00,13866,14243,block_download_or_coverage,,,2025,E00257,False,58348.0,False,True
20251010_0336_HARP13866_NOAA14243,2025-10-10 03:36:00+00:00,13866,14243,block_download_or_coverage,,,2025,E00257,False,58351.0,False,True
20251010_0512_HARP13866_NOAA14243,2025-10-10 05:12:00+00:00,13866,14243,block_download_or_coverage,,,2025,E00257,False,58354.0,False,True
20251010_0648_HARP13866_NOAA14243,2025-10-10 06:48:00+00:00,13866,14243,block_download_or_coverage,,,2025,E00257,False,58357.0,False,True
20251010_0824_HARP13866_NOAA14243,2025-10-10 08:24:00+00:00,13866,14243,block_download_or_coverage,,,2025,E00257,False,58360.0,False,True
20251010_1000_HARP13866_NOAA14243,2025-10-10 10:00:00+00:00,13866,14243,block_download_or_coverage,,,2025,E00257,False,58363.0,False,True
20251008_1400_HARP13872_NOAA14244,2025-10-08 14:00:00+00:00,13872,14244,block_download_or_coverage,,,2025,E00258,False,,,False
20251009_1936_HARP13872_NOAA14244,2025-10-09 19:36:00+00:00,13872,14244,block_download_or_coverage,,,2025,E00259,False,,,False
20251009_2112_HARP13872_NOAA14244,2025-10-09 21:12:00+00:00,13872,14244,block_download_or_coverage,,,2025,E00259,False,,,False
20251009_2248_HARP13872_NOAA14244,2025-10-09 22:48:00+00:00,13872,14244,block_download_or_coverage,,,2025,E00259,False,,,False
20251010_0024_HARP13872_NOAA14244,2025-10-10 00:24:00+00:00,13872,14244,block_download_or_coverage,,,2025,E00259,False,58347.0,False,True
20251010_0200_HARP13872_NOAA14244,2025-10-10 02:00:00+00:00,13872,14244,block_download_or_coverage,,,2025,E00259,False,58349.0,False,True
20251010_0336_HARP13872_NOAA14244,2025-10-10 03:36:00+00:00,13872,14244,block_download_or_coverage,,,2025,E00259,False,58352.0,False,True
20251010_0512_HARP13872_NOAA14244,2025-10-10 05:12:00+00:00,13872,14244,block_download_or_coverage,,,2025,E00259,False,58355.0,False,True
20251010_0648_HARP13872_NOAA14244,2025-10-10 06:48:00+00:00,13872,14244,block_download_or_coverage,,,2025,E00259,False,58358.0,False,True
20251010_0824_HARP13872_NOAA14244,2025-10-10 08:24:00+00:00,13872,14244,block_download_or_coverage,,,2025,E00259,False,58361.0,False,True
20251010_1000_HARP13872_NOAA14244,2025-10-10 10:00:00+00:00,13872,14244,block_download_or_coverage,,,2025,E00259,False,58364.0,False,True
20251010_1136_HARP13872_NOAA14244,2025-10-10 11:36:00+00:00,13872,14244,block_download_or_coverage,,,2025,E00259,False,58366.0,False,True
20251010_1312_HARP13872_NOAA14244,2025-10-10 13:12:00+00:00,13872,14244,block_download_or_coverage,,,2025,E00259,False,58368.0,False,True
20251010_1448_HARP13872_NOAA14244,2025-10-10 14:48:00+00:00,13872,14244,block_download_or_coverage,,,2025,E00259,False,58370.0,False,True
20251010_1936_HARP13872_NOAA14244,2025-10-10 19:36:00+00:00,13872,14244,block_download_or_coverage,,,2025,E00260,False,,,False
20251010_2112_HARP13872_NOAA14244,2025-10-10 21:12:00+00:00,13872,14244,block_download_or_coverage,,,2025,E00260,False,,,False
20251010_2248_HARP13872_NOAA14244,2025-10-10 22:48:00+00:00,13872,14244,block_download_or_coverage,,,2025,E00260,False,,,False
20251011_0024_HARP13872_NOAA14244,2025-10-11 00:24:00+00:00,13872,14244,block_download_or_coverage,,,2025,E00260,False,58378.0,False,True
20251011_0200_HARP13872_NOAA14244,2025-10-11 02:00:00+00:00,13872,14244,block_download_or_coverage,,,2025,E00260,False,58381.0,False,True
20251011_0336_HARP13872_NOAA14244,2025-10-11 03:36:00+00:00,13872,14244,block_download_or_coverage,,,2025,E00260,False,58384.0,False,True
20251011_0512_HARP13872_NOAA14244,2025-10-11 05:12:00+00:00,13872,14244,block_download_or_coverage,,,2025,E00260,False,58386.0,False,True
20251011_0648_HARP13872_NOAA14244,2025-10-11 06:48:00+00:00,13872,14244,block_download_or_coverage,,,2025,E00260,False,58388.0,False,True
20251011_0824_HARP13872_NOAA14244,2025-10-11 08:24:00+00:00,13872,14244,block_download_or_coverage,,,2025,E00260,False,58390.0,False,True
20251011_1000_HARP13872_NOAA14244,2025-10-11 10:00:00+00:00,13872,14244,block_download_or_coverage,,,2025,E00260,False,58392.0,False,True
20251011_1136_HARP13872_NOAA14244,2025-10-11 11:36:00+00:00,13872,14244,block_download_or_coverage,,,2025,E00260,False,58394.0,False,True
20251011_1312_HARP13872_NOAA14244,2025-10-11 13:12:00+00:00,13872,14244,block_download_or_coverage,,,2025,E00260,False,58396.0,False,True
20251011_1448_HARP13872_NOAA14244,2025-10-11 14:48:00+00:00,13872,14244,block_download_or_coverage,,,2025,E00260,False,58398.0,False,True
20251011_1624_HARP13872_NOAA14244,2025-10-11 16:24:00+00:00,13872,14244,block_download_or_coverage,,,2025,E00260,False,58400.0,False,True
20251011_1936_HARP13872_NOAA14244,2025-10-11 19:36:00+00:00,13872,14244,block_download_or_coverage,,,2025,E00260,False,,,False
20251011_2112_HARP13872_NOAA14244,2025-10-11 21:12:00+00:00,13872,14244,block_download_or_coverage,,,2025,E00260,False,,,False
20251011_2248_HARP13872_NOAA14244,2025-10-11 22:48:00+00:00,13872,14244,block_download_or_coverage,,,2025,E00260,False,,,False
20251012_0024_HARP13872_NOAA14244,2025-10-12 00:24:00+00:00,13872,14244,block_download_or_coverage,,,2025,E00260,False,,,False
20251012_0200_HARP13872_NOAA14244,2025-10-12 02:00:00+00:00,13872,14244,block_download_or_coverage,,,2025,E00260,False,,,False
20251012_0336_HARP13872_NOAA14244,2025-10-12 03:36:00+00:00,13872,14244,block_download_or_coverage,,,2025,E00260,False,,,False
20251012_0512_HARP13872_NOAA14244,2025-10-12 05:12:00+00:00,13872,14244,block_download_or_coverage,,,2025,E00260,False,,,False
20251012_0648_HARP13872_NOAA14244,2025-10-12 06:48:00+00:00,13872,14244,block_download_or_coverage,,,2025,E00260,False,,,False
20251012_0824_HARP13872_NOAA14244,2025-10-12 08:24:00+00:00,13872,14244,block_download_or_coverage,,,2025,E00260,False,,,False
20251012_1000_HARP13872_NOAA14244,2025-10-12 10:00:00+00:00,13872,14244,block_download_or_coverage,,,2025,E00260,False,,,False
20251012_1136_HARP13872_NOAA14244,2025-10-12 11:36:00+00:00,13872,14244,block_download_or_coverage,,,2025,E00260,False,,,False
20251012_1312_HARP13872_NOAA14244,2025-10-12 13:12:00+00:00,13872,14244,block_download_or_coverage,,,2025,E00260,False,,,False
20251012_1448_HARP13872_NOAA14244,2025-10-12 14:48:00+00:00,13872,14244,block_download_or_coverage,,,2025,E00260,False,,,False
20251012_1624_HARP13872_NOAA14244,2025-10-12 16:24:00+00:00,13872,14244,block_download_or_coverage,,,2025,E00260,False,,,False
20251012_1936_HARP13872_NOAA14244,2025-10-12 19:36:00+00:00,13872,14244,block_download_or_coverage,,,2025,E00260,False,,,False
20251012_2112_HARP13872_NOAA14244,2025-10-12 21:12:00+00:00,13872,14244,block_download_or_coverage,,,2025,E00260,False,,,False
20251012_2248_HARP13872_NOAA14244,2025-10-12 22:48:00+00:00,13872,14244,block_download_or_coverage,,,2025,E00260,False,,,False
20251013_0024_HARP13872_NOAA14244,2025-10-13 00:24:00+00:00,13872,14244,block_download_or_coverage,,,2025,E00260,False,,,False
20251006_1324_HARP13876_NOAA14247,2025-10-06 13:24:00+00:00,13876,14247,block_download_or_coverage,,,2025,E00261,False,,,False
20251006_1500_HARP13876_NOAA14247,2025-10-06 15:00:00+00:00,13876,14247,block_download_or_coverage,,,2025,E00261,False,,,False
20251006_1636_HARP13876_NOAA14247,2025-10-06 16:36:00+00:00,13876,14247,block_download_or_coverage,,,2025,E00261,False,,,False
20251006_1812_HARP13876_NOAA14247,2025-10-06 18:12:00+00:00,13876,14247,block_download_or_coverage,,,2025,E00261,False,58275.0,False,True
20251006_1948_HARP13876_NOAA14247,2025-10-06 19:48:00+00:00,13876,14247,block_download_or_coverage,,,2025,E00261,False,58277.0,False,True
20251006_2124_HARP13876_NOAA14247,2025-10-06 21:24:00+00:00,13876,14247,block_download_or_coverage,,,2025,E00261,False,58279.0,False,True
20251006_2300_HARP13876_NOAA14247,2025-10-06 23:00:00+00:00,13876,14247,block_download_or_coverage,,,2025,E00261,False,58281.0,False,True
20251007_0036_HARP13876_NOAA14247,2025-10-07 00:36:00+00:00,13876,14247,block_download_or_coverage,,,2025,E00261,False,58283.0,False,True
20251007_0212_HARP13876_NOAA14247,2025-10-07 02:12:00+00:00,13876,14247,block_download_or_coverage,,,2025,E00261,False,58286.0,False,True
20251007_0348_HARP13876_NOAA14247,2025-10-07 03:48:00+00:00,13876,14247,block_download_or_coverage,,,2025,E00261,False,58289.0,False,True
20251007_0524_HARP13876_NOAA14247,2025-10-07 05:24:00+00:00,13876,14247,block_download_or_coverage,,,2025,E00261,False,58292.0,False,True
20251007_0700_HARP13876_NOAA14247,2025-10-07 07:00:00+00:00,13876,14247,block_download_or_coverage,,,2025,E00261,False,58295.0,False,True
20251007_0836_HARP13876_NOAA14247,2025-10-07 08:36:00+00:00,13876,14247,block_download_or_coverage,,,2025,E00261,False,58298.0,False,True
20251007_1012_HARP13876_NOAA14247,2025-10-07 10:12:00+00:00,13876,14247,block_download_or_coverage,,,2025,E00261,False,58302.0,False,True
20251007_1148_HARP13876_NOAA14247,2025-10-07 11:48:00+00:00,13876,14247,block_download_or_coverage,,,2025,E00261,False,58306.0,False,True
20251007_1324_HARP13876_NOAA14247,2025-10-07 13:24:00+00:00,13876,14247,block_download_or_coverage,,,2025,E00261,False,58310.0,False,True
20251007_1500_HARP13876_NOAA14247,2025-10-07 15:00:00+00:00,13876,14247,block_download_or_coverage,,,2025,E00261,False,,,False
20251007_1636_HARP13876_NOAA14247,2025-10-07 16:36:00+00:00,13876,14247,block_download_or_coverage,,,2025,E00261,False,,,False
20251007_1812_HARP13876_NOAA14247,2025-10-07 18:12:00+00:00,13876,14247,block_download_or_coverage,,,2025,E00261,False,,,False
20251007_2012_HARP13876_NOAA14247,2025-10-07 20:12:00+00:00,13876,14247,block_download_or_coverage,,,2025,E00261,False,,,False
20251007_2148_HARP13876_NOAA14247,2025-10-07 21:48:00+00:00,13876,14247,block_download_or_coverage,,,2025,E00261,False,,,False
20251007_2324_HARP13876_NOAA14247,2025-10-07 23:24:00+00:00,13876,14247,block_download_or_coverage,,,2025,E00261,False,,,False
20251008_0100_HARP13876_NOAA14247,2025-10-08 01:00:00+00:00,13876,14247,block_download_or_coverage,,,2025,E00261,False,,,False
20251008_0236_HARP13876_NOAA14247,2025-10-08 02:36:00+00:00,13876,14247,block_download_or_coverage,,,2025,E00261,False,,,False
20251008_0412_HARP13876_NOAA14247,2025-10-08 04:12:00+00:00,13876,14247,block_download_or_coverage,,,2025,E00261,False,,,False
20251008_0612_HARP13876_NOAA14247,2025-10-08 06:12:00+00:00,13876,14247,block_download_or_coverage,,,2025,E00261,False,,,False
20251008_0748_HARP13876_NOAA14247,2025-10-08 07:48:00+00:00,13876,14247,block_download_or_coverage,,,2025,E00261,False,,,False
20251008_1100_HARP13876_NOAA14247,2025-10-08 11:00:00+00:00,13876,14247,block_download_or_coverage,,,2025,E00261,False,,,False
20251008_1236_HARP13876_NOAA14247,2025-10-08 12:36:00+00:00,13876,14247,block_download_or_coverage,,,2025,E00261,False,,,False
20251008_1412_HARP13876_NOAA14247,2025-10-08 14:12:00+00:00,13876,14247,block_download_or_coverage,,,2025,E00261,False,,,False
20251008_2300_HARP13876_NOAA14247,2025-10-08 23:00:00+00:00,13876,14247,block_download_or_coverage,,,2025,E00262,False,,,False
20251009_0036_HARP13876_NOAA14247,2025-10-09 00:36:00+00:00,13876,14247,block_download_or_coverage,,,2025,E00262,False,,,False
20251009_0212_HARP13876_NOAA14247,2025-10-09 02:12:00+00:00,13876,14247,block_download_or_coverage,,,2025,E00262,False,,,False
20251009_0348_HARP13876_NOAA14247,2025-10-09 03:48:00+00:00,13876,14247,block_download_or_coverage,,,2025,E00262,False,,,False
20251009_0524_HARP13876_NOAA14247,2025-10-09 05:24:00+00:00,13876,14247,block_download_or_coverage,,,2025,E00262,False,,,False
20251009_0700_HARP13876_NOAA14247,2025-10-09 07:00:00+00:00,13876,14247,block_download_or_coverage,,,2025,E00262,False,,,False
20251009_0836_HARP13876_NOAA14247,2025-10-09 08:36:00+00:00,13876,14247,block_download_or_coverage,,,2025,E00262,False,,,False
20251009_1012_HARP13876_NOAA14247,2025-10-09 10:12:00+00:00,13876,14247,block_download_or_coverage,,,2025,E00262,False,,,False
20251009_1148_HARP13876_NOAA14247,2025-10-09 11:48:00+00:00,13876,14247,block_download_or_coverage,,,2025,E00262,False,,,False
20251009_1324_HARP13876_NOAA14247,2025-10-09 13:24:00+00:00,13876,14247,block_download_or_coverage,,,2025,E00262,False,,,False
20251009_1500_HARP13876_NOAA14247,2025-10-09 15:00:00+00:00,13876,14247,block_download_or_coverage,,,2025,E00262,False,,,False
20251009_1636_HARP13876_NOAA14247,2025-10-09 16:36:00+00:00,13876,14247,block_download_or_coverage,,,2025,E00262,False,,,False
20251009_1812_HARP13876_NOAA14247,2025-10-09 18:12:00+00:00,13876,14247,block_download_or_coverage,,,2025,E00262,False,,,False
20251009_1948_HARP13876_NOAA14247,2025-10-09 19:48:00+00:00,13876,14247,block_download_or_coverage,,,2025,E00262,False,,,False
20251009_2124_HARP13876_NOAA14247,2025-10-09 21:24:00+00:00,13876,14247,block_download_or_coverage,,,2025,E00262,False,,,False
20251009_2300_HARP13876_NOAA14247,2025-10-09 23:00:00+00:00,13876,14247,block_download_or_coverage,,,2025,E00262,False,,,False
20251010_0036_HARP13876_NOAA14247,2025-10-10 00:36:00+00:00,13876,14247,block_download_or_coverage,,,2025,E00262,False,,,False
20251010_0212_HARP13876_NOAA14247,2025-10-10 02:12:00+00:00,13876,14247,block_download_or_coverage,,,2025,E00262,False,,,False
20251010_0348_HARP13876_NOAA14247,2025-10-10 03:48:00+00:00,13876,14247,block_download_or_coverage,,,2025,E00262,False,,,False
20251010_0524_HARP13876_NOAA14247,2025-10-10 05:24:00+00:00,13876,14247,block_download_or_coverage,,,2025,E00262,False,,,False
20251010_0700_HARP13876_NOAA14247,2025-10-10 07:00:00+00:00,13876,14247,block_download_or_coverage,,,2025,E00262,False,,,False
20251010_0836_HARP13876_NOAA14247,2025-10-10 08:36:00+00:00,13876,14247,block_download_or_coverage,,,2025,E00262,False,,,False
20251010_1012_HARP13876_NOAA14247,2025-10-10 10:12:00+00:00,13876,14247,block_download_or_coverage,,,2025,E00262,False,,,False
20251010_1148_HARP13876_NOAA14247,2025-10-10 11:48:00+00:00,13876,14247,block_download_or_coverage,,,2025,E00262,False,,,False
20251010_1324_HARP13876_NOAA14247,2025-10-10 13:24:00+00:00,13876,14247,block_download_or_coverage,,,2025,E00262,False,,,False
20251010_1500_HARP13876_NOAA14247,2025-10-10 15:00:00+00:00,13876,14247,block_download_or_coverage,,,2025,E00262,False,,,False
20251010_1812_HARP13876_NOAA14247,2025-10-10 18:12:00+00:00,13876,14247,block_download_or_coverage,,,2025,E00262,False,,,False
20251010_1948_HARP13876_NOAA14247,2025-10-10 19:48:00+00:00,13876,14247,block_download_or_coverage,,,2025,E00262,False,,,False
20251010_2124_HARP13876_NOAA14247,2025-10-10 21:24:00+00:00,13876,14247,block_download_or_coverage,,,2025,E00262,False,,,False
20251010_2300_HARP13876_NOAA14247,2025-10-10 23:00:00+00:00,13876,14247,block_download_or_coverage,,,2025,E00262,False,58376.0,False,True
20251011_0036_HARP13876_NOAA14247,2025-10-11 00:36:00+00:00,13876,14247,block_download_or_coverage,,,2025,E00262,False,58379.0,False,True
20251011_0212_HARP13876_NOAA14247,2025-10-11 02:12:00+00:00,13876,14247,block_download_or_coverage,,,2025,E00262,False,58382.0,False,True
20251011_2224_HARP13880_NOAA14246,2025-10-11 22:24:00+00:00,13880,14246,block_download_or_coverage,,,2025,E00263,False,58404.0,False,True
20251012_0000_HARP13880_NOAA14246,2025-10-12 00:00:00+00:00,13880,14246,block_download_or_coverage,,,2025,E00263,False,58405.0,False,True
20251012_0136_HARP13880_NOAA14246,2025-10-12 01:36:00+00:00,13880,14246,block_download_or_coverage,,,2025,E00263,False,58406.0,False,True
20251012_0312_HARP13880_NOAA14246,2025-10-12 03:12:00+00:00,13880,14246,block_download_or_coverage,,,2025,E00263,False,58407.0,False,True
20251012_0448_HARP13880_NOAA14246,2025-10-12 04:48:00+00:00,13880,14246,block_download_or_coverage,,,2025,E00263,False,58408.0,False,True
20251012_0624_HARP13880_NOAA14246,2025-10-12 06:24:00+00:00,13880,14246,block_download_or_coverage,,,2025,E00263,False,58409.0,False,True
20251012_0800_HARP13880_NOAA14246,2025-10-12 08:00:00+00:00,13880,14246,block_download_or_coverage,,,2025,E00263,False,58410.0,False,True
20251012_0936_HARP13880_NOAA14246,2025-10-12 09:36:00+00:00,13880,14246,block_download_or_coverage,,,2025,E00263,False,58412.0,False,True
20251012_1112_HARP13880_NOAA14246,2025-10-12 11:12:00+00:00,13880,14246,block_download_or_coverage,,,2025,E00263,False,58415.0,False,True
20251012_1248_HARP13880_NOAA14246,2025-10-12 12:48:00+00:00,13880,14246,block_download_or_coverage,,,2025,E00263,False,58418.0,False,True
20251012_1424_HARP13880_NOAA14246,2025-10-12 14:24:00+00:00,13880,14246,block_download_or_coverage,,,2025,E00263,False,58421.0,False,True
20251012_1600_HARP13880_NOAA14246,2025-10-12 16:00:00+00:00,13880,14246,block_download_or_coverage,,,2025,E00263,False,58424.0,False,True
20251012_1736_HARP13880_NOAA14246,2025-10-12 17:36:00+00:00,13880,14246,block_download_or_coverage,,,2025,E00263,False,58427.0,False,True
20251012_1912_HARP13880_NOAA14246,2025-10-12 19:12:00+00:00,13880,14246,block_download_or_coverage,,,2025,E00263,False,58430.0,False,True
20251012_2048_HARP13880_NOAA14246,2025-10-12 20:48:00+00:00,13880,14246,block_download_or_coverage,,,2025,E00263,False,58433.0,False,True
20251012_2224_HARP13880_NOAA14246,2025-10-12 22:24:00+00:00,13880,14246,block_download_or_coverage,,,2025,E00263,False,58436.0,False,True
20251013_0000_HARP13880_NOAA14246,2025-10-13 00:00:00+00:00,13880,14246,block_download_or_coverage,,,2025,E00263,False,58439.0,False,True
20251013_0136_HARP13880_NOAA14246,2025-10-13 01:36:00+00:00,13880,14246,block_download_or_coverage,,,2025,E00263,False,58442.0,False,True
20251013_0312_HARP13880_NOAA14246,2025-10-13 03:12:00+00:00,13880,14246,block_download_or_coverage,,,2025,E00263,False,58445.0,False,True
20251013_0448_HARP13880_NOAA14246,2025-10-13 04:48:00+00:00,13880,14246,block_download_or_coverage,,,2025,E00263,False,58449.0,False,True
20251013_0624_HARP13880_NOAA14246,2025-10-13 06:24:00+00:00,13880,14246,block_download_or_coverage,,,2025,E00263,False,58453.0,False,True
20251013_0800_HARP13880_NOAA14246,2025-10-13 08:00:00+00:00,13880,14246,block_download_or_coverage,,,2025,E00263,False,58457.0,False,True
20251013_0936_HARP13880_NOAA14246,2025-10-13 09:36:00+00:00,13880,14246,block_download_or_coverage,,,2025,E00263,False,58461.0,False,True
20251013_1112_HARP13880_NOAA14246,2025-10-13 11:12:00+00:00,13880,14246,block_download_or_coverage,,,2025,E00263,False,58465.0,False,True
20251013_1248_HARP13880_NOAA14246,2025-10-13 12:48:00+00:00,13880,14246,block_download_or_coverage,,,2025,E00263,False,58470.0,False,True
20251013_1424_HARP13880_NOAA14246,2025-10-13 14:24:00+00:00,13880,14246,block_download_or_coverage,,,2025,E00263,False,58475.0,False,True
20251013_2048_HARP13880_NOAA14246,2025-10-13 20:48:00+00:00,13880,14246,block_download_or_coverage,,,2025,E00264,False,,,False
20251013_2224_HARP13880_NOAA14246,2025-10-13 22:24:00+00:00,13880,14246,block_download_or_coverage,,,2025,E00264,False,,,False
20251014_0000_HARP13880_NOAA14246,2025-10-14 00:00:00+00:00,13880,14246,block_download_or_coverage,,,2025,E00264,False,,,False
20251014_0136_HARP13880_NOAA14246,2025-10-14 01:36:00+00:00,13880,14246,block_download_or_coverage,,,2025,E00264,False,58493.0,False,True
20251014_0312_HARP13880_NOAA14246,2025-10-14 03:12:00+00:00,13880,14246,block_download_or_coverage,,,2025,E00264,False,58497.0,False,True
20251014_0448_HARP13880_NOAA14246,2025-10-14 04:48:00+00:00,13880,14246,block_download_or_coverage,,,2025,E00264,False,58501.0,False,True
20251014_0624_HARP13880_NOAA14246,2025-10-14 06:24:00+00:00,13880,14246,block_download_or_coverage,,,2025,E00264,False,58504.0,False,True
20251014_0800_HARP13880_NOAA14246,2025-10-14 08:00:00+00:00,13880,14246,block_download_or_coverage,,,2025,E00264,False,58507.0,False,True
20251012_2236_HARP13881_NOAA14249,2025-10-12 22:36:00+00:00,13881,14249,block_download_or_coverage,,,2025,E00265,False,,,False
20251013_0012_HARP13881_NOAA14249,2025-10-13 00:12:00+00:00,13881,14249,block_download_or_coverage,,,2025,E00265,False,,,False
20251013_0148_HARP13881_NOAA14249,2025-10-13 01:48:00+00:00,13881,14249,block_download_or_coverage,,,2025,E00265,False,,,False
20251013_0324_HARP13881_NOAA14249,2025-10-13 03:24:00+00:00,13881,14249,block_download_or_coverage,,,2025,E00265,False,58447.0,False,True
20251013_0500_HARP13881_NOAA14249,2025-10-13 05:00:00+00:00,13881,14249,block_download_or_coverage,,,2025,E00265,False,58451.0,False,True
20251013_0636_HARP13881_NOAA14249,2025-10-13 06:36:00+00:00,13881,14249,block_download_or_coverage,,,2025,E00265,False,58455.0,False,True
20251013_0812_HARP13881_NOAA14249,2025-10-13 08:12:00+00:00,13881,14249,block_download_or_coverage,,,2025,E00265,False,58459.0,False,True
20251013_0948_HARP13881_NOAA14249,2025-10-13 09:48:00+00:00,13881,14249,block_download_or_coverage,,,2025,E00265,False,58463.0,False,True
20251013_1124_HARP13881_NOAA14249,2025-10-13 11:24:00+00:00,13881,14249,block_download_or_coverage,,,2025,E00265,False,58467.0,False,True
20251013_1300_HARP13881_NOAA14249,2025-10-13 13:00:00+00:00,13881,14249,block_download_or_coverage,,,2025,E00265,False,58472.0,False,True
20251013_1436_HARP13881_NOAA14249,2025-10-13 14:36:00+00:00,13881,14249,block_download_or_coverage,,,2025,E00265,False,58477.0,False,True
20251013_1612_HARP13881_NOAA14249,2025-10-13 16:12:00+00:00,13881,14249,block_download_or_coverage,,,2025,E00265,False,58480.0,False,True
20251013_1748_HARP13881_NOAA14249,2025-10-13 17:48:00+00:00,13881,14249,block_download_or_coverage,,,2025,E00265,False,58483.0,False,True
20251013_1924_HARP13881_NOAA14249,2025-10-13 19:24:00+00:00,13881,14249,block_download_or_coverage,,,2025,E00265,False,58485.0,False,True
20251013_2100_HARP13881_NOAA14249,2025-10-13 21:00:00+00:00,13881,14249,block_download_or_coverage,,,2025,E00265,False,58487.0,False,True
20251013_2236_HARP13881_NOAA14249,2025-10-13 22:36:00+00:00,13881,14249,block_download_or_coverage,,,2025,E00265,False,58489.0,False,True
20251014_0012_HARP13881_NOAA14249,2025-10-14 00:12:00+00:00,13881,14249,block_download_or_coverage,,,2025,E00265,False,,,False
20251014_0148_HARP13881_NOAA14249,2025-10-14 01:48:00+00:00,13881,14249,block_download_or_coverage,,,2025,E00265,False,,,False
20251014_0324_HARP13881_NOAA14249,2025-10-14 03:24:00+00:00,13881,14249,block_download_or_coverage,,,2025,E00265,False,,,False
20251014_0500_HARP13881_NOAA14249,2025-10-14 05:00:00+00:00,13881,14249,block_download_or_coverage,,,2025,E00265,False,,,False
20251014_0636_HARP13881_NOAA14249,2025-10-14 06:36:00+00:00,13881,14249,block_download_or_coverage,,,2025,E00265,False,,,False
20251014_0812_HARP13881_NOAA14249,2025-10-14 08:12:00+00:00,13881,14249,block_download_or_coverage,,,2025,E00265,False,,,False
20251014_0948_HARP13881_NOAA14249,2025-10-14 09:48:00+00:00,13881,14249,block_download_or_coverage,,,2025,E00265,False,,,False
20251014_1124_HARP13881_NOAA14249,2025-10-14 11:24:00+00:00,13881,14249,block_download_or_coverage,,,2025,E00265,False,,,False
20251014_1300_HARP13881_NOAA14249,2025-10-14 13:00:00+00:00,13881,14249,block_download_or_coverage,,,2025,E00265,False,,,False
20251014_1436_HARP13881_NOAA14249,2025-10-14 14:36:00+00:00,13881,14249,block_download_or_coverage,,,2025,E00265,False,,,False
20251014_1612_HARP13881_NOAA14249,2025-10-14 16:12:00+00:00,13881,14249,block_download_or_coverage,,,2025,E00265,False,,,False
20251014_1748_HARP13881_NOAA14249,2025-10-14 17:48:00+00:00,13881,14249,block_download_or_coverage,,,2025,E00265,False,,,False
20251014_1936_HARP13881_NOAA14249,2025-10-14 19:36:00+00:00,13881,14249,block_download_or_coverage,,,2025,E00265,False,,,False
20251014_2112_HARP13881_NOAA14249,2025-10-14 21:12:00+00:00,13881,14249,block_download_or_coverage,,,2025,E00265,False,,,False
20251014_2248_HARP13881_NOAA14249,2025-10-14 22:48:00+00:00,13881,14249,block_download_or_coverage,,,2025,E00265,False,,,False
20251015_0200_HARP13881_NOAA14249,2025-10-15 02:00:00+00:00,13881,14249,block_download_or_coverage,,,2025,E00265,False,,,False
20251015_0336_HARP13881_NOAA14249,2025-10-15 03:36:00+00:00,13881,14249,block_download_or_coverage,,,2025,E00265,False,,,False
20251015_0512_HARP13881_NOAA14249,2025-10-15 05:12:00+00:00,13881,14249,block_download_or_coverage,,,2025,E00265,False,,,False
20251015_0648_HARP13881_NOAA14249,2025-10-15 06:48:00+00:00,13881,14249,block_download_or_coverage,,,2025,E00265,False,58529.0,False,True
20251015_0824_HARP13881_NOAA14249,2025-10-15 08:24:00+00:00,13881,14249,block_download_or_coverage,,,2025,E00265,False,58532.0,False,True
20251015_1000_HARP13881_NOAA14249,2025-10-15 10:00:00+00:00,13881,14249,block_download_or_coverage,,,2025,E00265,False,58535.0,False,True
20251015_1136_HARP13881_NOAA14249,2025-10-15 11:36:00+00:00,13881,14249,block_download_or_coverage,,,2025,E00265,False,58538.0,False,True
20251015_1836_HARP13881_NOAA14249,2025-10-15 18:36:00+00:00,13881,14249,block_download_or_coverage,,,2025,E00266,False,,,False
20251015_2012_HARP13881_NOAA14249,2025-10-15 20:12:00+00:00,13881,14249,block_download_or_coverage,,,2025,E00266,False,,,False
20251015_2148_HARP13881_NOAA14249,2025-10-15 21:48:00+00:00,13881,14249,block_download_or_coverage,,,2025,E00266,False,,,False
20251015_2324_HARP13881_NOAA14249,2025-10-15 23:24:00+00:00,13881,14249,block_download_or_coverage,,,2025,E00266,False,58541.0,False,True
20251016_0100_HARP13881_NOAA14249,2025-10-16 01:00:00+00:00,13881,14249,block_download_or_coverage,,,2025,E00266,False,58544.0,False,True
20251016_0236_HARP13881_NOAA14249,2025-10-16 02:36:00+00:00,13881,14249,block_download_or_coverage,,,2025,E00266,False,58547.0,False,True
20251016_0412_HARP13881_NOAA14249,2025-10-16 04:12:00+00:00,13881,14249,block_download_or_coverage,,,2025,E00266,False,58550.0,False,True
20251016_0548_HARP13881_NOAA14249,2025-10-16 05:48:00+00:00,13881,14249,block_download_or_coverage,,,2025,E00266,False,58553.0,False,True
20251016_0724_HARP13881_NOAA14249,2025-10-16 07:24:00+00:00,13881,14249,block_download_or_coverage,,,2025,E00266,False,58556.0,False,True
20251016_0900_HARP13881_NOAA14249,2025-10-16 09:00:00+00:00,13881,14249,block_download_or_coverage,,,2025,E00266,False,58558.0,False,True
20251016_1036_HARP13881_NOAA14249,2025-10-16 10:36:00+00:00,13881,14249,block_download_or_coverage,,,2025,E00266,False,58560.0,False,True
20251016_1212_HARP13881_NOAA14249,2025-10-16 12:12:00+00:00,13881,14249,block_download_or_coverage,,,2025,E00266,False,58562.0,False,True
20251016_1524_HARP13881_NOAA14249,2025-10-16 15:24:00+00:00,13881,14249,block_download_or_coverage,,,2025,E00266,False,,,False
20251016_1836_HARP13881_NOAA14249,2025-10-16 18:36:00+00:00,13881,14249,block_download_or_coverage,,,2025,E00266,False,,,False
20251016_2012_HARP13881_NOAA14249,2025-10-16 20:12:00+00:00,13881,14249,block_download_or_coverage,,,2025,E00266,False,,,False
20251016_2148_HARP13881_NOAA14249,2025-10-16 21:48:00+00:00,13881,14249,block_download_or_coverage,,,2025,E00266,False,,,False
20251016_2324_HARP13881_NOAA14249,2025-10-16 23:24:00+00:00,13881,14249,block_download_or_coverage,,,2025,E00266,False,58570.0,False,True
20251017_0100_HARP13881_NOAA14249,2025-10-17 01:00:00+00:00,13881,14249,block_download_or_coverage,,,2025,E00266,False,58572.0,False,True
20251017_0236_HARP13881_NOAA14249,2025-10-17 02:36:00+00:00,13881,14249,block_download_or_coverage,,,2025,E00266,False,58574.0,False,True
20251017_0412_HARP13881_NOAA14249,2025-10-17 04:12:00+00:00,13881,14249,block_download_or_coverage,,,2025,E00266,False,58576.0,False,True
20251017_0548_HARP13881_NOAA14249,2025-10-17 05:48:00+00:00,13881,14249,block_download_or_coverage,,,2025,E00266,False,58578.0,False,True
20251017_0724_HARP13881_NOAA14249,2025-10-17 07:24:00+00:00,13881,14249,block_download_or_coverage,,,2025,E00266,False,58580.0,False,True
20251017_0900_HARP13881_NOAA14249,2025-10-17 09:00:00+00:00,13881,14249,block_download_or_coverage,,,2025,E00266,False,58582.0,False,True
20251017_1036_HARP13881_NOAA14249,2025-10-17 10:36:00+00:00,13881,14249,block_download_or_coverage,,,2025,E00266,False,58584.0,False,True
20251017_1212_HARP13881_NOAA14249,2025-10-17 12:12:00+00:00,13881,14249,block_download_or_coverage,,,2025,E00266,False,58586.0,False,True
20251017_1348_HARP13881_NOAA14249,2025-10-17 13:48:00+00:00,13881,14249,block_download_or_coverage,,,2025,E00266,False,58588.0,False,True
20251013_0448_HARP13883_NOAA14248,2025-10-13 04:48:00+00:00,13883,14248,block_download_or_coverage,,,2025,E00267,False,58450.0,False,True
20251013_0624_HARP13883_NOAA14248,2025-10-13 06:24:00+00:00,13883,14248,block_download_or_coverage,,,2025,E00267,False,58454.0,False,True
20251013_0800_HARP13883_NOAA14248,2025-10-13 08:00:00+00:00,13883,14248,block_download_or_coverage,,,2025,E00267,False,58458.0,False,True
20251013_0936_HARP13883_NOAA14248,2025-10-13 09:36:00+00:00,13883,14248,block_download_or_coverage,,,2025,E00267,False,58462.0,False,True
20251013_1112_HARP13883_NOAA14248,2025-10-13 11:12:00+00:00,13883,14248,block_download_or_coverage,,,2025,E00267,False,58466.0,False,True
20251013_1248_HARP13883_NOAA14248,2025-10-13 12:48:00+00:00,13883,14248,block_download_or_coverage,,,2025,E00267,False,58471.0,False,True
20251013_1424_HARP13883_NOAA14248,2025-10-13 14:24:00+00:00,13883,14248,block_download_or_coverage,,,2025,E00267,False,58476.0,False,True
20251013_1736_HARP13883_NOAA14248,2025-10-13 17:36:00+00:00,13883,14248,block_download_or_coverage,,,2025,E00267,False,,,False
20251015_0148_HARP13883_NOAA14248,2025-10-15 01:48:00+00:00,13883,14248,block_download_or_coverage,,,2025,E00268,False,,,False
20251015_0324_HARP13883_NOAA14248,2025-10-15 03:24:00+00:00,13883,14248,block_download_or_coverage,,,2025,E00268,False,,,False
20251015_0500_HARP13883_NOAA14248,2025-10-15 05:00:00+00:00,13883,14248,block_download_or_coverage,,,2025,E00268,False,,,False
20251015_0636_HARP13883_NOAA14248,2025-10-15 06:36:00+00:00,13883,14248,block_download_or_coverage,,,2025,E00268,False,58528.0,False,True
20251015_0812_HARP13883_NOAA14248,2025-10-15 08:12:00+00:00,13883,14248,block_download_or_coverage,,,2025,E00268,False,58531.0,False,True
20251015_0948_HARP13883_NOAA14248,2025-10-15 09:48:00+00:00,13883,14248,block_download_or_coverage,,,2025,E00268,False,58534.0,False,True
20251015_1124_HARP13883_NOAA14248,2025-10-15 11:24:00+00:00,13883,14248,block_download_or_coverage,,,2025,E00268,False,58537.0,False,True
20251015_1824_HARP13883_NOAA14248,2025-10-15 18:24:00+00:00,13883,14248,block_download_or_coverage,,,2025,E00269,False,,,False
20251015_2000_HARP13883_NOAA14248,2025-10-15 20:00:00+00:00,13883,14248,block_download_or_coverage,,,2025,E00269,False,,,False
20251015_2136_HARP13883_NOAA14248,2025-10-15 21:36:00+00:00,13883,14248,block_download_or_coverage,,,2025,E00269,False,,,False
20251015_2312_HARP13883_NOAA14248,2025-10-15 23:12:00+00:00,13883,14248,block_download_or_coverage,,,2025,E00269,False,58540.0,False,True
20251016_0048_HARP13883_NOAA14248,2025-10-16 00:48:00+00:00,13883,14248,block_download_or_coverage,,,2025,E00269,False,58543.0,False,True
20251016_0224_HARP13883_NOAA14248,2025-10-16 02:24:00+00:00,13883,14248,block_download_or_coverage,,,2025,E00269,False,58546.0,False,True
20251016_0400_HARP13883_NOAA14248,2025-10-16 04:00:00+00:00,13883,14248,block_download_or_coverage,,,2025,E00269,False,58549.0,False,True
20251016_0536_HARP13883_NOAA14248,2025-10-16 05:36:00+00:00,13883,14248,block_download_or_coverage,,,2025,E00269,False,58552.0,False,True
20251016_0712_HARP13883_NOAA14248,2025-10-16 07:12:00+00:00,13883,14248,block_download_or_coverage,,,2025,E00269,False,58555.0,False,True
20251013_0424_HARP13887_NOAA14251,2025-10-13 04:24:00+00:00,13887,14251,block_download_or_coverage,,,2025,E00270,False,,,False
20251013_0736_HARP13887_NOAA14251,2025-10-13 07:36:00+00:00,13887,14251,block_download_or_coverage,,,2025,E00270,False,,,False
20251013_0912_HARP13887_NOAA14251,2025-10-13 09:12:00+00:00,13887,14251,block_download_or_coverage,,,2025,E00270,False,,,False
20251013_1048_HARP13887_NOAA14251,2025-10-13 10:48:00+00:00,13887,14251,block_download_or_coverage,,,2025,E00270,False,,,False
20251013_1224_HARP13887_NOAA14251,2025-10-13 12:24:00+00:00,13887,14251,block_download_or_coverage,,,2025,E00270,False,58469.0,False,True
20251013_1400_HARP13887_NOAA14251,2025-10-13 14:00:00+00:00,13887,14251,block_download_or_coverage,,,2025,E00270,False,58474.0,False,True
20251013_1536_HARP13887_NOAA14251,2025-10-13 15:36:00+00:00,13887,14251,block_download_or_coverage,,,2025,E00270,False,58479.0,False,True
20251013_1712_HARP13887_NOAA14251,2025-10-13 17:12:00+00:00,13887,14251,block_download_or_coverage,,,2025,E00270,False,58482.0,False,True
20251013_2024_HARP13887_NOAA14251,2025-10-13 20:24:00+00:00,13887,14251,block_download_or_coverage,,,2025,E00270,False,,,False
20251013_2200_HARP13887_NOAA14251,2025-10-13 22:00:00+00:00,13887,14251,block_download_or_coverage,,,2025,E00270,False,,,False
20251013_2336_HARP13887_NOAA14251,2025-10-13 23:36:00+00:00,13887,14251,block_download_or_coverage,,,2025,E00270,False,,,False
20251014_0112_HARP13887_NOAA14251,2025-10-14 01:12:00+00:00,13887,14251,block_download_or_coverage,,,2025,E00270,False,58492.0,False,True
20251014_0248_HARP13887_NOAA14251,2025-10-14 02:48:00+00:00,13887,14251,block_download_or_coverage,,,2025,E00270,False,58496.0,False,True
20251014_0424_HARP13887_NOAA14251,2025-10-14 04:24:00+00:00,13887,14251,block_download_or_coverage,,,2025,E00270,False,58500.0,False,True
20251014_0736_HARP13887_NOAA14251,2025-10-14 07:36:00+00:00,13887,14251,block_download_or_coverage,,,2025,E00270,False,,,False
20251014_0912_HARP13887_NOAA14251,2025-10-14 09:12:00+00:00,13887,14251,block_download_or_coverage,,,2025,E00270,False,,,False
20251014_1048_HARP13887_NOAA14251,2025-10-14 10:48:00+00:00,13887,14251,block_download_or_coverage,,,2025,E00270,False,,,False
20251014_1224_HARP13887_NOAA14251,2025-10-14 12:24:00+00:00,13887,14251,block_download_or_coverage,,,2025,E00270,False,58514.0,False,True
20251014_1400_HARP13887_NOAA14251,2025-10-14 14:00:00+00:00,13887,14251,block_download_or_coverage,,,2025,E00270,False,58517.0,False,True
20251014_1536_HARP13887_NOAA14251,2025-10-14 15:36:00+00:00,13887,14251,block_download_or_coverage,,,2025,E00270,False,58519.0,False,True
20251014_1712_HARP13887_NOAA14251,2025-10-14 17:12:00+00:00,13887,14251,block_download_or_coverage,,,2025,E00270,False,58521.0,False,True
20251014_1848_HARP13887_NOAA14251,2025-10-14 18:48:00+00:00,13887,14251,block_download_or_coverage,,,2025,E00270,False,58523.0,False,True
20251014_2036_HARP13887_NOAA14251,2025-10-14 20:36:00+00:00,13887,14251,block_download_or_coverage,,,2025,E00270,False,,,False
20251014_2212_HARP13887_NOAA14251,2025-10-14 22:12:00+00:00,13887,14251,block_download_or_coverage,,,2025,E00270,False,,,False
20251014_2348_HARP13887_NOAA14251,2025-10-14 23:48:00+00:00,13887,14251,block_download_or_coverage,,,2025,E00270,False,,,False
20251015_0124_HARP13887_NOAA14251,2025-10-15 01:24:00+00:00,13887,14251,block_download_or_coverage,,,2025,E00270,False,58524.0,False,True
20251015_0300_HARP13887_NOAA14251,2025-10-15 03:00:00+00:00,13887,14251,block_download_or_coverage,,,2025,E00270,False,58525.0,False,True
20251015_0436_HARP13887_NOAA14251,2025-10-15 04:36:00+00:00,13887,14251,block_download_or_coverage,,,2025,E00270,False,58526.0,False,True
20251015_0612_HARP13887_NOAA14251,2025-10-15 06:12:00+00:00,13887,14251,block_download_or_coverage,,,2025,E00270,False,58527.0,False,True
20251015_1936_HARP13887_NOAA14251,2025-10-15 19:36:00+00:00,13887,14251,block_download_or_coverage,,,2025,E00271,False,,,False
20251015_2112_HARP13887_NOAA14251,2025-10-15 21:12:00+00:00,13887,14251,block_download_or_coverage,,,2025,E00271,False,,,False
20251015_2248_HARP13887_NOAA14251,2025-10-15 22:48:00+00:00,13887,14251,block_download_or_coverage,,,2025,E00271,False,,,False
20251016_0024_HARP13887_NOAA14251,2025-10-16 00:24:00+00:00,13887,14251,block_download_or_coverage,,,2025,E00271,False,,,False
20251016_0200_HARP13887_NOAA14251,2025-10-16 02:00:00+00:00,13887,14251,block_download_or_coverage,,,2025,E00271,False,,,False
20251016_0336_HARP13887_NOAA14251,2025-10-16 03:36:00+00:00,13887,14251,block_download_or_coverage,,,2025,E00271,False,,,False
20251016_0512_HARP13887_NOAA14251,2025-10-16 05:12:00+00:00,13887,14251,block_download_or_coverage,,,2025,E00271,False,,,False
20251016_0648_HARP13887_NOAA14251,2025-10-16 06:48:00+00:00,13887,14251,block_download_or_coverage,,,2025,E00271,False,,,False
20251016_0824_HARP13887_NOAA14251,2025-10-16 08:24:00+00:00,13887,14251,block_download_or_coverage,,,2025,E00271,False,,,False
20251016_1000_HARP13887_NOAA14251,2025-10-16 10:00:00+00:00,13887,14251,block_download_or_coverage,,,2025,E00271,False,,,False
20251016_1136_HARP13887_NOAA14251,2025-10-16 11:36:00+00:00,13887,14251,block_download_or_coverage,,,2025,E00271,False,,,False
20251016_1312_HARP13887_NOAA14251,2025-10-16 13:12:00+00:00,13887,14251,block_download_or_coverage,,,2025,E00271,False,,,False
20251016_1448_HARP13887_NOAA14251,2025-10-16 14:48:00+00:00,13887,14251,block_download_or_coverage,,,2025,E00271,False,,,False
20251016_1624_HARP13887_NOAA14251,2025-10-16 16:24:00+00:00,13887,14251,block_download_or_coverage,,,2025,E00271,False,,,False
20251016_1936_HARP13887_NOAA14251,2025-10-16 19:36:00+00:00,13887,14251,block_download_or_coverage,,,2025,E00271,False,,,False
20251016_2112_HARP13887_NOAA14251,2025-10-16 21:12:00+00:00,13887,14251,block_download_or_coverage,,,2025,E00271,False,,,False
20251016_2248_HARP13887_NOAA14251,2025-10-16 22:48:00+00:00,13887,14251,block_download_or_coverage,,,2025,E00271,False,,,False
20251017_0024_HARP13887_NOAA14251,2025-10-17 00:24:00+00:00,13887,14251,block_download_or_coverage,,,2025,E00271,False,,,False
20251017_0200_HARP13887_NOAA14251,2025-10-17 02:00:00+00:00,13887,14251,block_download_or_coverage,,,2025,E00271,False,,,False
20251017_0336_HARP13887_NOAA14251,2025-10-17 03:36:00+00:00,13887,14251,block_download_or_coverage,,,2025,E00271,False,,,False
20251017_0512_HARP13887_NOAA14251,2025-10-17 05:12:00+00:00,13887,14251,block_download_or_coverage,,,2025,E00271,False,,,False
20251017_0648_HARP13887_NOAA14251,2025-10-17 06:48:00+00:00,13887,14251,block_download_or_coverage,,,2025,E00271,False,,,False
20251017_0824_HARP13887_NOAA14251,2025-10-17 08:24:00+00:00,13887,14251,block_download_or_coverage,,,2025,E00271,False,,,False
20251017_1000_HARP13887_NOAA14251,2025-10-17 10:00:00+00:00,13887,14251,block_download_or_coverage,,,2025,E00271,False,,,False
20251017_1136_HARP13887_NOAA14251,2025-10-17 11:36:00+00:00,13887,14251,block_download_or_coverage,,,2025,E00271,False,,,False
20251017_1312_HARP13887_NOAA14251,2025-10-17 13:12:00+00:00,13887,14251,block_download_or_coverage,,,2025,E00271,False,,,False
20251015_1036_HARP13891_NOAA14252,2025-10-15 10:36:00+00:00,13891,14252,block_download_or_coverage,,,2025,E00272,False,,,False
20251017_1912_HARP13891_NOAA14252,2025-10-17 19:12:00+00:00,13891,14252,block_download_or_coverage,,,2025,E00273,False,58592.0,False,True
20251017_2048_HARP13891_NOAA14252,2025-10-17 20:48:00+00:00,13891,14252,block_download_or_coverage,,,2025,E00273,False,58593.0,False,True
20251017_2224_HARP13891_NOAA14252,2025-10-17 22:24:00+00:00,13891,14252,block_download_or_coverage,,,2025,E00273,False,58595.0,False,True
20251018_0000_HARP13891_NOAA14252,2025-10-18 00:00:00+00:00,13891,14252,block_download_or_coverage,,,2025,E00273,False,58597.0,False,True
20251018_0136_HARP13891_NOAA14252,2025-10-18 01:36:00+00:00,13891,14252,block_download_or_coverage,,,2025,E00273,False,58599.0,False,True
20251018_0312_HARP13891_NOAA14252,2025-10-18 03:12:00+00:00,13891,14252,block_download_or_coverage,,,2025,E00273,False,58601.0,False,True
20251018_0448_HARP13891_NOAA14252,2025-10-18 04:48:00+00:00,13891,14252,block_download_or_coverage,,,2025,E00273,False,58603.0,False,True
20251018_0624_HARP13891_NOAA14252,2025-10-18 06:24:00+00:00,13891,14252,block_download_or_coverage,,,2025,E00273,False,58605.0,False,True
20251018_0800_HARP13891_NOAA14252,2025-10-18 08:00:00+00:00,13891,14252,block_download_or_coverage,,,2025,E00273,False,58607.0,False,True
20251018_0936_HARP13891_NOAA14252,2025-10-18 09:36:00+00:00,13891,14252,block_download_or_coverage,,,2025,E00273,False,58610.0,False,True
20251018_1112_HARP13891_NOAA14252,2025-10-18 11:12:00+00:00,13891,14252,block_download_or_coverage,,,2025,E00273,False,58613.0,False,True
20251018_1248_HARP13891_NOAA14252,2025-10-18 12:48:00+00:00,13891,14252,block_download_or_coverage,,,2025,E00273,False,58616.0,False,True
20251018_1424_HARP13891_NOAA14252,2025-10-18 14:24:00+00:00,13891,14252,block_download_or_coverage,,,2025,E00273,False,58619.0,False,True
20251018_1600_HARP13891_NOAA14252,2025-10-18 16:00:00+00:00,13891,14252,block_download_or_coverage,,,2025,E00273,False,58622.0,False,True
20251018_1736_HARP13891_NOAA14252,2025-10-18 17:36:00+00:00,13891,14252,block_download_or_coverage,,,2025,E00273,False,58625.0,False,True
20251018_1912_HARP13891_NOAA14252,2025-10-18 19:12:00+00:00,13891,14252,block_download_or_coverage,,,2025,E00273,False,58626.0,False,True
20251018_2048_HARP13891_NOAA14252,2025-10-18 20:48:00+00:00,13891,14252,block_download_or_coverage,,,2025,E00273,False,58627.0,False,True
20251018_2224_HARP13891_NOAA14252,2025-10-18 22:24:00+00:00,13891,14252,block_download_or_coverage,,,2025,E00273,False,58628.0,False,True
20251019_0000_HARP13891_NOAA14252,2025-10-19 00:00:00+00:00,13891,14252,block_download_or_coverage,,,2025,E00273,False,58629.0,False,True
20251019_0136_HARP13891_NOAA14252,2025-10-19 01:36:00+00:00,13891,14252,block_download_or_coverage,,,2025,E00273,False,58630.0,False,True
20251019_0312_HARP13891_NOAA14252,2025-10-19 03:12:00+00:00,13891,14252,block_download_or_coverage,,,2025,E00273,False,58632.0,False,True
20251019_0448_HARP13891_NOAA14252,2025-10-19 04:48:00+00:00,13891,14252,block_download_or_coverage,,,2025,E00273,False,58634.0,False,True
20251019_0624_HARP13891_NOAA14252,2025-10-19 06:24:00+00:00,13891,14252,block_download_or_coverage,,,2025,E00273,False,58636.0,False,True
20251019_0800_HARP13891_NOAA14252,2025-10-19 08:00:00+00:00,13891,14252,block_download_or_coverage,,,2025,E00273,False,58638.0,False,True
20251019_0936_HARP13891_NOAA14252,2025-10-19 09:36:00+00:00,13891,14252,block_download_or_coverage,,,2025,E00273,False,58640.0,False,True
20251019_1112_HARP13891_NOAA14252,2025-10-19 11:12:00+00:00,13891,14252,block_download_or_coverage,,,2025,E00273,False,58642.0,False,True
20251019_1248_HARP13891_NOAA14252,2025-10-19 12:48:00+00:00,13891,14252,block_download_or_coverage,,,2025,E00273,False,58644.0,False,True
20251019_1424_HARP13891_NOAA14252,2025-10-19 14:24:00+00:00,13891,14252,block_download_or_coverage,,,2025,E00273,False,58646.0,False,True
20251019_1600_HARP13891_NOAA14252,2025-10-19 16:00:00+00:00,13891,14252,block_download_or_coverage,,,2025,E00273,False,58648.0,False,True
20251019_1912_HARP13891_NOAA14252,2025-10-19 19:12:00+00:00,13891,14252,block_download_or_coverage,,,2025,E00273,False,,,False
20251019_2048_HARP13891_NOAA14252,2025-10-19 20:48:00+00:00,13891,14252,block_download_or_coverage,,,2025,E00273,False,,,False
20251012_0400_HARP13895_NOAA14253,2025-10-12 04:00:00+00:00,13895,14253,block_download_or_coverage,,,2025,E00274,False,,,False
20251012_0536_HARP13895_NOAA14253,2025-10-12 05:36:00+00:00,13895,14253,block_download_or_coverage,,,2025,E00274,False,,,False
20251012_0712_HARP13895_NOAA14253,2025-10-12 07:12:00+00:00,13895,14253,block_download_or_coverage,,,2025,E00274,False,,,False
20251012_0848_HARP13895_NOAA14253,2025-10-12 08:48:00+00:00,13895,14253,block_download_or_coverage,,,2025,E00274,False,58411.0,False,True
20251012_1024_HARP13895_NOAA14253,2025-10-12 10:24:00+00:00,13895,14253,block_download_or_coverage,,,2025,E00274,False,58414.0,False,True
20251012_1200_HARP13895_NOAA14253,2025-10-12 12:00:00+00:00,13895,14253,block_download_or_coverage,,,2025,E00274,False,58417.0,False,True
20251012_1336_HARP13895_NOAA14253,2025-10-12 13:36:00+00:00,13895,14253,block_download_or_coverage,,,2025,E00274,False,58420.0,False,True
20251012_1512_HARP13895_NOAA14253,2025-10-12 15:12:00+00:00,13895,14253,block_download_or_coverage,,,2025,E00274,False,58423.0,False,True
20251012_1648_HARP13895_NOAA14253,2025-10-12 16:48:00+00:00,13895,14253,block_download_or_coverage,,,2025,E00274,False,58426.0,False,True
20251012_1824_HARP13895_NOAA14253,2025-10-12 18:24:00+00:00,13895,14253,block_download_or_coverage,,,2025,E00274,False,58429.0,False,True
20251012_2000_HARP13895_NOAA14253,2025-10-12 20:00:00+00:00,13895,14253,block_download_or_coverage,,,2025,E00274,False,58432.0,False,True
20251012_2136_HARP13895_NOAA14253,2025-10-12 21:36:00+00:00,13895,14253,block_download_or_coverage,,,2025,E00274,False,58435.0,False,True
20251012_2312_HARP13895_NOAA14253,2025-10-12 23:12:00+00:00,13895,14253,block_download_or_coverage,,,2025,E00274,False,58438.0,False,True
20251013_0048_HARP13895_NOAA14253,2025-10-13 00:48:00+00:00,13895,14253,block_download_or_coverage,,,2025,E00274,False,58441.0,False,True
20251013_0224_HARP13895_NOAA14253,2025-10-13 02:24:00+00:00,13895,14253,block_download_or_coverage,,,2025,E00274,False,58444.0,False,True
20251014_0400_HARP13895_NOAA14253,2025-10-14 04:00:00+00:00,13895,14253,block_download_or_coverage,,,2025,E00275,False,58499.0,False,True
20251014_0536_HARP13895_NOAA14253,2025-10-14 05:36:00+00:00,13895,14253,block_download_or_coverage,,,2025,E00275,False,58503.0,False,True
20251014_0712_HARP13895_NOAA14253,2025-10-14 07:12:00+00:00,13895,14253,block_download_or_coverage,,,2025,E00275,False,58506.0,False,True
20251014_0848_HARP13895_NOAA14253,2025-10-14 08:48:00+00:00,13895,14253,block_download_or_coverage,,,2025,E00275,False,58509.0,False,True
20251014_1024_HARP13895_NOAA14253,2025-10-14 10:24:00+00:00,13895,14253,block_download_or_coverage,,,2025,E00275,False,58511.0,False,True
20251014_1200_HARP13895_NOAA14253,2025-10-14 12:00:00+00:00,13895,14253,block_download_or_coverage,,,2025,E00275,False,58513.0,False,True
20251014_1336_HARP13895_NOAA14253,2025-10-14 13:36:00+00:00,13895,14253,block_download_or_coverage,,,2025,E00275,False,58516.0,False,True
20251018_2112_HARP13901_NOAA14254,2025-10-18 21:12:00+00:00,13901,14254,block_download_or_coverage,,,2025,E00276,False,,,False
20251018_2248_HARP13901_NOAA14254,2025-10-18 22:48:00+00:00,13901,14254,block_download_or_coverage,,,2025,E00276,False,,,False
20251019_0024_HARP13901_NOAA14254,2025-10-19 00:24:00+00:00,13901,14254,block_download_or_coverage,,,2025,E00276,False,,,False
20251019_0200_HARP13901_NOAA14254,2025-10-19 02:00:00+00:00,13901,14254,block_download_or_coverage,,,2025,E00276,False,58631.0,False,True
20251019_0336_HARP13901_NOAA14254,2025-10-19 03:36:00+00:00,13901,14254,block_download_or_coverage,,,2025,E00276,False,58633.0,False,True
20251019_0512_HARP13901_NOAA14254,2025-10-19 05:12:00+00:00,13901,14254,block_download_or_coverage,,,2025,E00276,False,58635.0,False,True
20251019_0648_HARP13901_NOAA14254,2025-10-19 06:48:00+00:00,13901,14254,block_download_or_coverage,,,2025,E00276,False,58637.0,False,True
20251019_0824_HARP13901_NOAA14254,2025-10-19 08:24:00+00:00,13901,14254,block_download_or_coverage,,,2025,E00276,False,58639.0,False,True
20251019_1000_HARP13901_NOAA14254,2025-10-19 10:00:00+00:00,13901,14254,block_download_or_coverage,,,2025,E00276,False,58641.0,False,True
20251019_1136_HARP13901_NOAA14254,2025-10-19 11:36:00+00:00,13901,14254,block_download_or_coverage,,,2025,E00276,False,58643.0,False,True
20251019_1312_HARP13901_NOAA14254,2025-10-19 13:12:00+00:00,13901,14254,block_download_or_coverage,,,2025,E00276,False,58645.0,False,True
20251019_1448_HARP13901_NOAA14254,2025-10-19 14:48:00+00:00,13901,14254,block_download_or_coverage,,,2025,E00276,False,58647.0,False,True
20251019_1624_HARP13901_NOAA14254,2025-10-19 16:24:00+00:00,13901,14254,block_download_or_coverage,,,2025,E00276,False,58649.0,False,True
20251019_1936_HARP13901_NOAA14254,2025-10-19 19:36:00+00:00,13901,14254,block_download_or_coverage,,,2025,E00276,False,,,False
20251019_2112_HARP13901_NOAA14254,2025-10-19 21:12:00+00:00,13901,14254,block_download_or_coverage,,,2025,E00276,False,,,False
20251019_2248_HARP13901_NOAA14254,2025-10-19 22:48:00+00:00,13901,14254,block_download_or_coverage,,,2025,E00276,False,,,False
20251020_0024_HARP13901_NOAA14254,2025-10-20 00:24:00+00:00,13901,14254,block_download_or_coverage,,,2025,E00276,False,58651.0,False,True
20251020_0200_HARP13901_NOAA14254,2025-10-20 02:00:00+00:00,13901,14254,block_download_or_coverage,,,2025,E00276,False,58653.0,False,True
20251020_0336_HARP13901_NOAA14254,2025-10-20 03:36:00+00:00,13901,14254,block_download_or_coverage,,,2025,E00276,False,58655.0,False,True
20251020_0512_HARP13901_NOAA14254,2025-10-20 05:12:00+00:00,13901,14254,block_download_or_coverage,,,2025,E00276,False,58657.0,False,True
20251020_0648_HARP13901_NOAA14254,2025-10-20 06:48:00+00:00,13901,14254,block_download_or_coverage,,,2025,E00276,False,58659.0,False,True
20251020_0824_HARP13901_NOAA14254,2025-10-20 08:24:00+00:00,13901,14254,block_download_or_coverage,,,2025,E00276,False,58661.0,False,True
20251020_1000_HARP13901_NOAA14254,2025-10-20 10:00:00+00:00,13901,14254,block_download_or_coverage,,,2025,E00276,False,58663.0,False,True
20251020_1136_HARP13901_NOAA14254,2025-10-20 11:36:00+00:00,13901,14254,block_download_or_coverage,,,2025,E00276,False,58665.0,False,True
20251020_1312_HARP13901_NOAA14254,2025-10-20 13:12:00+00:00,13901,14254,block_download_or_coverage,,,2025,E00276,False,58667.0,False,True
20251020_1448_HARP13901_NOAA14254,2025-10-20 14:48:00+00:00,13901,14254,block_download_or_coverage,,,2025,E00276,False,58670.0,False,True
20251020_1624_HARP13901_NOAA14254,2025-10-20 16:24:00+00:00,13901,14254,block_download_or_coverage,,,2025,E00276,False,58673.0,False,True
20251020_1936_HARP13901_NOAA14254,2025-10-20 19:36:00+00:00,13901,14254,block_download_or_coverage,,,2025,E00276,False,,,False
20251020_2112_HARP13901_NOAA14254,2025-10-20 21:12:00+00:00,13901,14254,block_download_or_coverage,,,2025,E00276,False,,,False
20251020_2248_HARP13901_NOAA14254,2025-10-20 22:48:00+00:00,13901,14254,block_download_or_coverage,,,2025,E00276,False,,,False
20251021_0024_HARP13901_NOAA14254,2025-10-21 00:24:00+00:00,13901,14254,block_download_or_coverage,,,2025,E00276,False,58681.0,False,True
20251021_0200_HARP13901_NOAA14254,2025-10-21 02:00:00+00:00,13901,14254,block_download_or_coverage,,,2025,E00276,False,58684.0,False,True
20251021_0336_HARP13901_NOAA14254,2025-10-21 03:36:00+00:00,13901,14254,block_download_or_coverage,,,2025,E00276,False,58687.0,False,True
20251021_0512_HARP13901_NOAA14254,2025-10-21 05:12:00+00:00,13901,14254,block_download_or_coverage,,,2025,E00276,False,58690.0,False,True
20251021_0648_HARP13901_NOAA14254,2025-10-21 06:48:00+00:00,13901,14254,block_download_or_coverage,,,2025,E00276,False,58693.0,False,True
20251021_0900_HARP13901_NOAA14254,2025-10-21 09:00:00+00:00,13901,14254,block_download_or_coverage,,,2025,E00276,False,,,False
20251021_1036_HARP13901_NOAA14254,2025-10-21 10:36:00+00:00,13901,14254,block_download_or_coverage,,,2025,E00276,False,,,False
20251021_1212_HARP13901_NOAA14254,2025-10-21 12:12:00+00:00,13901,14254,block_download_or_coverage,,,2025,E00276,False,,,False
20251021_1348_HARP13901_NOAA14254,2025-10-21 13:48:00+00:00,13901,14254,block_download_or_coverage,,,2025,E00276,False,58696.0,False,True
20251021_1524_HARP13901_NOAA14254,2025-10-21 15:24:00+00:00,13901,14254,block_download_or_coverage,,,2025,E00276,False,58699.0,False,True
20251021_1700_HARP13901_NOAA14254,2025-10-21 17:00:00+00:00,13901,14254,block_download_or_coverage,,,2025,E00276,False,58702.0,False,True
20251021_1836_HARP13901_NOAA14254,2025-10-21 18:36:00+00:00,13901,14254,block_download_or_coverage,,,2025,E00276,False,58705.0,False,True
20251021_2012_HARP13901_NOAA14254,2025-10-21 20:12:00+00:00,13901,14254,block_download_or_coverage,,,2025,E00276,False,58706.0,False,True
20251021_2148_HARP13901_NOAA14254,2025-10-21 21:48:00+00:00,13901,14254,block_download_or_coverage,,,2025,E00276,False,,,False
20251021_2324_HARP13901_NOAA14254,2025-10-21 23:24:00+00:00,13901,14254,block_download_or_coverage,,,2025,E00276,False,,,False
20251022_0100_HARP13901_NOAA14254,2025-10-22 01:00:00+00:00,13901,14254,block_download_or_coverage,,,2025,E00276,False,,,False
20251022_0236_HARP13901_NOAA14254,2025-10-22 02:36:00+00:00,13901,14254,block_download_or_coverage,,,2025,E00276,False,,,False
20251022_0412_HARP13901_NOAA14254,2025-10-22 04:12:00+00:00,13901,14254,block_download_or_coverage,,,2025,E00276,False,,,False
20251022_0724_HARP13901_NOAA14254,2025-10-22 07:24:00+00:00,13901,14254,block_download_or_coverage,,,2025,E00276,False,,,False
20251022_0900_HARP13901_NOAA14254,2025-10-22 09:00:00+00:00,13901,14254,block_download_or_coverage,,,2025,E00276,False,,,False
20251022_1036_HARP13901_NOAA14254,2025-10-22 10:36:00+00:00,13901,14254,block_download_or_coverage,,,2025,E00276,False,,,False
20251022_1212_HARP13901_NOAA14254,2025-10-22 12:12:00+00:00,13901,14254,block_download_or_coverage,,,2025,E00276,False,,,False
20251022_1348_HARP13901_NOAA14254,2025-10-22 13:48:00+00:00,13901,14254,block_download_or_coverage,,,2025,E00276,False,,,False
20251022_1524_HARP13901_NOAA14254,2025-10-22 15:24:00+00:00,13901,14254,block_download_or_coverage,,,2025,E00276,False,,,False
20251022_1700_HARP13901_NOAA14254,2025-10-22 17:00:00+00:00,13901,14254,block_download_or_coverage,,,2025,E00276,False,,,False
20251022_1836_HARP13901_NOAA14254,2025-10-22 18:36:00+00:00,13901,14254,block_download_or_coverage,,,2025,E00276,False,,,False
20251017_1724_HARP13909_NOAA14255,2025-10-17 17:24:00+00:00,13909,14255,block_download_or_coverage,,,2025,E00277,False,,,False
20251017_1900_HARP13909_NOAA14255,2025-10-17 19:00:00+00:00,13909,14255,block_download_or_coverage,,,2025,E00277,False,,,False
20251017_2036_HARP13909_NOAA14255,2025-10-17 20:36:00+00:00,13909,14255,block_download_or_coverage,,,2025,E00277,False,,,False
20251017_2212_HARP13909_NOAA14255,2025-10-17 22:12:00+00:00,13909,14255,block_download_or_coverage,,,2025,E00277,False,58594.0,False,True
20251017_2348_HARP13909_NOAA14255,2025-10-17 23:48:00+00:00,13909,14255,block_download_or_coverage,,,2025,E00277,False,58596.0,False,True
20251018_0124_HARP13909_NOAA14255,2025-10-18 01:24:00+00:00,13909,14255,block_download_or_coverage,,,2025,E00277,False,58598.0,False,True
20251018_0300_HARP13909_NOAA14255,2025-10-18 03:00:00+00:00,13909,14255,block_download_or_coverage,,,2025,E00277,False,58600.0,False,True
20251018_0436_HARP13909_NOAA14255,2025-10-18 04:36:00+00:00,13909,14255,block_download_or_coverage,,,2025,E00277,False,58602.0,False,True
20251018_0612_HARP13909_NOAA14255,2025-10-18 06:12:00+00:00,13909,14255,block_download_or_coverage,,,2025,E00277,False,58604.0,False,True
20251018_0748_HARP13909_NOAA14255,2025-10-18 07:48:00+00:00,13909,14255,block_download_or_coverage,,,2025,E00277,False,58606.0,False,True
20251018_0924_HARP13909_NOAA14255,2025-10-18 09:24:00+00:00,13909,14255,block_download_or_coverage,,,2025,E00277,False,58609.0,False,True
20251018_1100_HARP13909_NOAA14255,2025-10-18 11:00:00+00:00,13909,14255,block_download_or_coverage,,,2025,E00277,False,58612.0,False,True
20251018_1236_HARP13909_NOAA14255,2025-10-18 12:36:00+00:00,13909,14255,block_download_or_coverage,,,2025,E00277,False,58615.0,False,True
20251018_1412_HARP13909_NOAA14255,2025-10-18 14:12:00+00:00,13909,14255,block_download_or_coverage,,,2025,E00277,False,58618.0,False,True
20251018_1548_HARP13909_NOAA14255,2025-10-18 15:48:00+00:00,13909,14255,block_download_or_coverage,,,2025,E00277,False,58621.0,False,True
20251018_1724_HARP13909_NOAA14255,2025-10-18 17:24:00+00:00,13909,14255,block_download_or_coverage,,,2025,E00277,False,58624.0,False,True
20251018_1900_HARP13909_NOAA14255,2025-10-18 19:00:00+00:00,13909,14255,block_download_or_coverage,,,2025,E00277,False,,,False
20251018_2036_HARP13909_NOAA14255,2025-10-18 20:36:00+00:00,13909,14255,block_download_or_coverage,,,2025,E00277,False,,,False
20251018_2212_HARP13909_NOAA14255,2025-10-18 22:12:00+00:00,13909,14255,block_download_or_coverage,,,2025,E00277,False,,,False
20251018_2348_HARP13909_NOAA14255,2025-10-18 23:48:00+00:00,13909,14255,block_download_or_coverage,,,2025,E00277,False,,,False
20251019_0124_HARP13909_NOAA14255,2025-10-19 01:24:00+00:00,13909,14255,block_download_or_coverage,,,2025,E00277,False,,,False
20251019_0300_HARP13909_NOAA14255,2025-10-19 03:00:00+00:00,13909,14255,block_download_or_coverage,,,2025,E00277,False,,,False
20251019_0436_HARP13909_NOAA14255,2025-10-19 04:36:00+00:00,13909,14255,block_download_or_coverage,,,2025,E00277,False,,,False
20251019_0612_HARP13909_NOAA14255,2025-10-19 06:12:00+00:00,13909,14255,block_download_or_coverage,,,2025,E00277,False,,,False
20251019_0748_HARP13909_NOAA14255,2025-10-19 07:48:00+00:00,13909,14255,block_download_or_coverage,,,2025,E00277,False,,,False
20251019_0924_HARP13909_NOAA14255,2025-10-19 09:24:00+00:00,13909,14255,block_download_or_coverage,,,2025,E00277,False,,,False
20251019_1100_HARP13909_NOAA14255,2025-10-19 11:00:00+00:00,13909,14255,block_download_or_coverage,,,2025,E00277,False,,,False
20251019_1236_HARP13909_NOAA14255,2025-10-19 12:36:00+00:00,13909,14255,block_download_or_coverage,,,2025,E00277,False,,,False
20251019_1412_HARP13909_NOAA14255,2025-10-19 14:12:00+00:00,13909,14255,block_download_or_coverage,,,2025,E00277,False,,,False
20251019_1548_HARP13909_NOAA14255,2025-10-19 15:48:00+00:00,13909,14255,block_download_or_coverage,,,2025,E00277,False,,,False
20251021_2136_HARP13909_NOAA14255,2025-10-21 21:36:00+00:00,13909,14255,block_download_or_coverage,,,2025,E00278,False,,,False
20251021_2312_HARP13909_NOAA14255,2025-10-21 23:12:00+00:00,13909,14255,block_download_or_coverage,,,2025,E00278,False,,,False
20251022_0048_HARP13909_NOAA14255,2025-10-22 00:48:00+00:00,13909,14255,block_download_or_coverage,,,2025,E00278,False,,,False
20251022_0224_HARP13909_NOAA14255,2025-10-22 02:24:00+00:00,13909,14255,block_download_or_coverage,,,2025,E00278,False,,,False
20251022_0400_HARP13909_NOAA14255,2025-10-22 04:00:00+00:00,13909,14255,block_download_or_coverage,,,2025,E00278,False,,,False
20251022_0536_HARP13909_NOAA14255,2025-10-22 05:36:00+00:00,13909,14255,block_download_or_coverage,,,2025,E00278,False,,,False
20251022_0712_HARP13909_NOAA14255,2025-10-22 07:12:00+00:00,13909,14255,block_download_or_coverage,,,2025,E00278,False,,,False
20251020_1924_HARP13911_NOAA14256,2025-10-20 19:24:00+00:00,13911,14256,block_download_or_coverage,,,2025,E00279,False,,,False
20251020_2100_HARP13911_NOAA14256,2025-10-20 21:00:00+00:00,13911,14256,block_download_or_coverage,,,2025,E00279,False,,,False
20251020_2236_HARP13911_NOAA14256,2025-10-20 22:36:00+00:00,13911,14256,block_download_or_coverage,,,2025,E00279,False,,,False
20251021_0012_HARP13911_NOAA14256,2025-10-21 00:12:00+00:00,13911,14256,block_download_or_coverage,,,2025,E00279,False,,,False
20251021_0148_HARP13911_NOAA14256,2025-10-21 01:48:00+00:00,13911,14256,block_download_or_coverage,,,2025,E00279,False,,,False
20251021_0324_HARP13911_NOAA14256,2025-10-21 03:24:00+00:00,13911,14256,block_download_or_coverage,,,2025,E00279,False,,,False
20251021_0500_HARP13911_NOAA14256,2025-10-21 05:00:00+00:00,13911,14256,block_download_or_coverage,,,2025,E00279,False,,,False
20251021_0636_HARP13911_NOAA14256,2025-10-21 06:36:00+00:00,13911,14256,block_download_or_coverage,,,2025,E00279,False,,,False
20251021_0848_HARP13911_NOAA14256,2025-10-21 08:48:00+00:00,13911,14256,block_download_or_coverage,,,2025,E00279,False,,,False
20251021_1024_HARP13911_NOAA14256,2025-10-21 10:24:00+00:00,13911,14256,block_download_or_coverage,,,2025,E00279,False,,,False
20251021_1200_HARP13911_NOAA14256,2025-10-21 12:00:00+00:00,13911,14256,block_download_or_coverage,,,2025,E00279,False,,,False
20251021_1336_HARP13911_NOAA14256,2025-10-21 13:36:00+00:00,13911,14256,block_download_or_coverage,,,2025,E00279,False,,,False
20251021_1512_HARP13911_NOAA14256,2025-10-21 15:12:00+00:00,13911,14256,block_download_or_coverage,,,2025,E00279,False,,,False
20251021_1648_HARP13911_NOAA14256,2025-10-21 16:48:00+00:00,13911,14256,block_download_or_coverage,,,2025,E00279,False,,,False
20251021_1824_HARP13911_NOAA14256,2025-10-21 18:24:00+00:00,13911,14256,block_download_or_coverage,,,2025,E00279,False,,,False
20251021_2136_HARP13911_NOAA14256,2025-10-21 21:36:00+00:00,13911,14256,block_download_or_coverage,,,2025,E00279,False,,,False
20251021_2312_HARP13911_NOAA14256,2025-10-21 23:12:00+00:00,13911,14256,block_download_or_coverage,,,2025,E00279,False,,,False
20251022_0048_HARP13911_NOAA14256,2025-10-22 00:48:00+00:00,13911,14256,block_download_or_coverage,,,2025,E00279,False,,,False
20251022_0224_HARP13911_NOAA14256,2025-10-22 02:24:00+00:00,13911,14256,block_download_or_coverage,,,2025,E00279,False,58707.0,False,True
20251022_0400_HARP13911_NOAA14256,2025-10-22 04:00:00+00:00,13911,14256,block_download_or_coverage,,,2025,E00279,False,58709.0,False,True
20251022_0536_HARP13911_NOAA14256,2025-10-22 05:36:00+00:00,13911,14256,block_download_or_coverage,,,2025,E00279,False,58711.0,False,True
20251022_0712_HARP13911_NOAA14256,2025-10-22 07:12:00+00:00,13911,14256,block_download_or_coverage,,,2025,E00279,False,58713.0,False,True
20251022_0848_HARP13911_NOAA14256,2025-10-22 08:48:00+00:00,13911,14256,block_download_or_coverage,,,2025,E00279,False,58715.0,False,True
20251022_1024_HARP13911_NOAA14256,2025-10-22 10:24:00+00:00,13911,14256,block_download_or_coverage,,,2025,E00279,False,58717.0,False,True
20251022_1200_HARP13911_NOAA14256,2025-10-22 12:00:00+00:00,13911,14256,block_download_or_coverage,,,2025,E00279,False,58720.0,False,True
20251022_1336_HARP13911_NOAA14256,2025-10-22 13:36:00+00:00,13911,14256,block_download_or_coverage,,,2025,E00279,False,58723.0,False,True
20251022_1512_HARP13911_NOAA14256,2025-10-22 15:12:00+00:00,13911,14256,block_download_or_coverage,,,2025,E00279,False,58726.0,False,True
20251022_1648_HARP13911_NOAA14256,2025-10-22 16:48:00+00:00,13911,14256,block_download_or_coverage,,,2025,E00279,False,58729.0,False,True
20251022_1824_HARP13911_NOAA14256,2025-10-22 18:24:00+00:00,13911,14256,block_download_or_coverage,,,2025,E00279,False,58732.0,False,True
20251022_2024_HARP13911_NOAA14256,2025-10-22 20:24:00+00:00,13911,14256,block_download_or_coverage,,,2025,E00279,False,,,False
20251022_2200_HARP13911_NOAA14256,2025-10-22 22:00:00+00:00,13911,14256,block_download_or_coverage,,,2025,E00279,False,,,False
20251022_2336_HARP13911_NOAA14256,2025-10-22 23:36:00+00:00,13911,14256,block_download_or_coverage,,,2025,E00279,False,,,False
20251023_0112_HARP13911_NOAA14256,2025-10-23 01:12:00+00:00,13911,14256,block_download_or_coverage,,,2025,E00279,False,58735.0,False,True
20251023_0248_HARP13911_NOAA14256,2025-10-23 02:48:00+00:00,13911,14256,block_download_or_coverage,,,2025,E00279,False,58738.0,False,True
20251023_0424_HARP13911_NOAA14256,2025-10-23 04:24:00+00:00,13911,14256,block_download_or_coverage,,,2025,E00279,False,58741.0,False,True
20251023_2024_HARP13911_NOAA14256,2025-10-23 20:24:00+00:00,13911,14256,block_download_or_coverage,,,2025,E00280,False,,,False
20251024_1224_HARP13911_NOAA14256,2025-10-24 12:24:00+00:00,13911,14256,block_download_or_coverage,,,2025,E00281,False,,,False
20251024_1400_HARP13911_NOAA14256,2025-10-24 14:00:00+00:00,13911,14256,block_download_or_coverage,,,2025,E00281,False,,,False
20251024_1536_HARP13911_NOAA14256,2025-10-24 15:36:00+00:00,13911,14256,block_download_or_coverage,,,2025,E00281,False,,,False
20251024_1712_HARP13911_NOAA14256,2025-10-24 17:12:00+00:00,13911,14256,block_download_or_coverage,,,2025,E00281,False,58772.0,False,True
20251024_1848_HARP13911_NOAA14256,2025-10-24 18:48:00+00:00,13911,14256,block_download_or_coverage,,,2025,E00281,False,58774.0,False,True
20251024_2024_HARP13911_NOAA14256,2025-10-24 20:24:00+00:00,13911,14256,block_download_or_coverage,,,2025,E00281,False,58776.0,False,True
20251024_2200_HARP13911_NOAA14256,2025-10-24 22:00:00+00:00,13911,14256,block_download_or_coverage,,,2025,E00281,False,58778.0,False,True
20251024_2336_HARP13911_NOAA14256,2025-10-24 23:36:00+00:00,13911,14256,block_download_or_coverage,,,2025,E00281,False,58779.0,False,True
20251025_0112_HARP13911_NOAA14256,2025-10-25 01:12:00+00:00,13911,14256,block_download_or_coverage,,,2025,E00281,False,58781.0,False,True
20251025_0248_HARP13911_NOAA14256,2025-10-25 02:48:00+00:00,13911,14256,block_download_or_coverage,,,2025,E00281,False,58783.0,False,True
20251025_0424_HARP13911_NOAA14256,2025-10-25 04:24:00+00:00,13911,14256,block_download_or_coverage,,,2025,E00281,False,58785.0,False,True
20251025_0736_HARP13911_NOAA14256,2025-10-25 07:36:00+00:00,13911,14256,block_download_or_coverage,,,2025,E00281,False,,,False
20251025_0912_HARP13911_NOAA14256,2025-10-25 09:12:00+00:00,13911,14256,block_download_or_coverage,,,2025,E00281,False,,,False
20251025_1048_HARP13911_NOAA14256,2025-10-25 10:48:00+00:00,13911,14256,block_download_or_coverage,,,2025,E00281,False,,,False
20251025_1224_HARP13911_NOAA14256,2025-10-25 12:24:00+00:00,13911,14256,block_download_or_coverage,,,2025,E00281,False,58800.0,False,True
20251025_1400_HARP13911_NOAA14256,2025-10-25 14:00:00+00:00,13911,14256,block_download_or_coverage,,,2025,E00281,False,58804.0,False,True
20251025_1536_HARP13911_NOAA14256,2025-10-25 15:36:00+00:00,13911,14256,block_download_or_coverage,,,2025,E00281,False,58808.0,False,True
20251025_1712_HARP13911_NOAA14256,2025-10-25 17:12:00+00:00,13911,14256,block_download_or_coverage,,,2025,E00281,False,58812.0,False,True
20251025_1848_HARP13911_NOAA14256,2025-10-25 18:48:00+00:00,13911,14256,block_download_or_coverage,,,2025,E00281,False,58815.0,False,True
20251025_2024_HARP13911_NOAA14256,2025-10-25 20:24:00+00:00,13911,14256,block_download_or_coverage,,,2025,E00281,False,58818.0,False,True
20251023_0736_HARP13911_NOAA14256,2025-10-23 07:36:00+00:00,13911,14256,crop_patch_boundary,2025_HARP13911_20251023_0736_20251024_0424,"ValueError('Target crop leaves block patch: bounds=(35, 1854, 8, 1826), shape=(1834, 1834)')",2025,E00282,True,,,False
20251023_0912_HARP13911_NOAA14256,2025-10-23 09:12:00+00:00,13911,14256,crop_patch_boundary,2025_HARP13911_20251023_0736_20251024_0424,"ValueError('Target crop leaves block patch: bounds=(30, 1855, 4, 1829), shape=(1834, 1834)')",2025,E00282,True,,,False
20251023_1048_HARP13911_NOAA14256,2025-10-23 10:48:00+00:00,13911,14256,crop_patch_boundary,2025_HARP13911_20251023_0736_20251024_0424,"ValueError('Target crop leaves block patch: bounds=(27, 1853, 4, 1830), shape=(1834, 1834)')",2025,E00282,True,,,False
20251023_1224_HARP13911_NOAA14256,2025-10-23 12:24:00+00:00,13911,14256,crop_patch_boundary,2025_HARP13911_20251023_0736_20251024_0424,"ValueError('Target crop leaves block patch: bounds=(26, 1851, 5, 1830), shape=(1834, 1834)')",2025,E00282,True,,,False
20251023_1400_HARP13911_NOAA14256,2025-10-23 14:00:00+00:00,13911,14256,crop_patch_boundary,2025_HARP13911_20251023_0736_20251024_0424,"ValueError('Target crop leaves block patch: bounds=(25, 1848, 7, 1829), shape=(1834, 1834)')",2025,E00282,True,,,False
20251023_1536_HARP13911_NOAA14256,2025-10-23 15:36:00+00:00,13911,14256,crop_patch_boundary,2025_HARP13911_20251023_0736_20251024_0424,"ValueError('Target crop leaves block patch: bounds=(23, 1845, 7, 1829), shape=(1834, 1834)')",2025,E00282,True,,,False
20251023_1712_HARP13911_NOAA14256,2025-10-23 17:12:00+00:00,13911,14256,crop_patch_boundary,2025_HARP13911_20251023_0736_20251024_0424,"ValueError('Target crop leaves block patch: bounds=(18, 1840, 5, 1827), shape=(1834, 1834)')",2025,E00282,True,,,False
20251023_1848_HARP13911_NOAA14256,2025-10-23 18:48:00+00:00,13911,14256,crop_patch_boundary,2025_HARP13911_20251023_0736_20251024_0424,"ValueError('Target crop leaves block patch: bounds=(15, 1836, 6, 1826), shape=(1834, 1834)')",2025,E00282,True,,,False
20251023_2200_HARP13911_NOAA14256,2025-10-23 22:00:00+00:00,13911,14256,crop_patch_boundary,2025_HARP13911_20251023_0736_20251024_0424,"ValueError('Target crop leaves block patch: bounds=(-1, 1830, -1, 1830), shape=(1834, 1834)')",2025,E00282,True,,,False
20251023_2336_HARP13911_NOAA14256,2025-10-23 23:36:00+00:00,13911,14256,crop_patch_boundary,2025_HARP13911_20251023_0736_20251024_0424,"ValueError('Target crop leaves block patch: bounds=(-4, 1824, -1, 1828), shape=(1834, 1834)')",2025,E00282,True,,,False
20251024_0112_HARP13911_NOAA14256,2025-10-24 01:12:00+00:00,13911,14256,crop_patch_boundary,2025_HARP13911_20251023_0736_20251024_0424,"ValueError('Target crop leaves block patch: bounds=(-5, 1818, 2, 1824), shape=(1834, 1834)')",2025,E00282,True,,,False
20251024_0248_HARP13911_NOAA14256,2025-10-24 02:48:00+00:00,13911,14256,crop_patch_boundary,2025_HARP13911_20251023_0736_20251024_0424,"ValueError('Target crop leaves block patch: bounds=(-8, 1812, 3, 1823), shape=(1834, 1834)')",2025,E00282,True,,,False
20251024_0424_HARP13911_NOAA14256,2025-10-24 04:24:00+00:00,13911,14256,crop_patch_boundary,2025_HARP13911_20251023_0736_20251024_0424,"ValueError('Target crop leaves block patch: bounds=(-7, 1803, 7, 1817), shape=(1834, 1834)')",2025,E00282,True,,,False
20251024_0736_HARP13911_NOAA14256,2025-10-24 07:36:00+00:00,13911,14256,crop_patch_boundary,2025_HARP13911_20251024_0736_20251025_0424,"ValueError('Target crop leaves block patch: bounds=(41, 1843, 20, 1821), shape=(1834, 1834)')",2025,E00282,True,,,False
20251024_0912_HARP13911_NOAA14256,2025-10-24 09:12:00+00:00,13911,14256,crop_patch_boundary,2025_HARP13911_20251024_0736_20251025_0424,"ValueError('Target crop leaves block patch: bounds=(38, 1840, 19, 1821), shape=(1834, 1834)')",2025,E00282,True,,,False
20251024_1048_HARP13911_NOAA14256,2025-10-24 10:48:00+00:00,13911,14256,crop_patch_boundary,2025_HARP13911_20251024_0736_20251025_0424,"ValueError('Target crop leaves block patch: bounds=(35, 1835, 18, 1818), shape=(1834, 1834)')",2025,E00282,True,,,False
20251026_0048_HARP13929_NOAA14261,2025-10-26 00:48:00+00:00,13929,14261,block_download_or_coverage,,,2025,E00283,False,58825.0,False,True
20251026_0224_HARP13929_NOAA14261,2025-10-26 02:24:00+00:00,13929,14261,block_download_or_coverage,,,2025,E00283,False,,,False
20251026_0400_HARP13929_NOAA14261,2025-10-26 04:00:00+00:00,13929,14261,block_download_or_coverage,,,2025,E00283,False,,,False
20251026_0536_HARP13929_NOAA14261,2025-10-26 05:36:00+00:00,13929,14261,block_download_or_coverage,,,2025,E00283,False,,,False
20251026_0712_HARP13929_NOAA14261,2025-10-26 07:12:00+00:00,13929,14261,block_download_or_coverage,,,2025,E00283,False,,,False
20251026_0848_HARP13929_NOAA14261,2025-10-26 08:48:00+00:00,13929,14261,block_download_or_coverage,,,2025,E00283,False,,,False
20251026_1024_HARP13929_NOAA14261,2025-10-26 10:24:00+00:00,13929,14261,block_download_or_coverage,,,2025,E00283,False,,,False
20251026_1200_HARP13929_NOAA14261,2025-10-26 12:00:00+00:00,13929,14261,block_download_or_coverage,,,2025,E00283,False,,,False
20251026_1336_HARP13929_NOAA14261,2025-10-26 13:36:00+00:00,13929,14261,block_download_or_coverage,,,2025,E00283,False,,,False
20251026_1512_HARP13929_NOAA14261,2025-10-26 15:12:00+00:00,13929,14261,block_download_or_coverage,,,2025,E00283,False,,,False
20251026_1648_HARP13929_NOAA14261,2025-10-26 16:48:00+00:00,13929,14261,block_download_or_coverage,,,2025,E00283,False,,,False
20251026_1824_HARP13929_NOAA14261,2025-10-26 18:24:00+00:00,13929,14261,block_download_or_coverage,,,2025,E00283,False,,,False
20251026_2000_HARP13929_NOAA14261,2025-10-26 20:00:00+00:00,13929,14261,block_download_or_coverage,,,2025,E00283,False,,,False
20251026_2136_HARP13929_NOAA14261,2025-10-26 21:36:00+00:00,13929,14261,block_download_or_coverage,,,2025,E00283,False,,,False
20251026_2312_HARP13929_NOAA14261,2025-10-26 23:12:00+00:00,13929,14261,block_download_or_coverage,,,2025,E00283,False,,,False
20251027_0048_HARP13929_NOAA14261,2025-10-27 00:48:00+00:00,13929,14261,block_download_or_coverage,,,2025,E00283,False,,,False
20251027_0224_HARP13929_NOAA14261,2025-10-27 02:24:00+00:00,13929,14261,block_download_or_coverage,,,2025,E00283,False,,,False
20251027_0400_HARP13929_NOAA14261,2025-10-27 04:00:00+00:00,13929,14261,block_download_or_coverage,,,2025,E00283,False,,,False
20251027_0536_HARP13929_NOAA14261,2025-10-27 05:36:00+00:00,13929,14261,block_download_or_coverage,,,2025,E00283,False,58877.0,False,True
20251027_0712_HARP13929_NOAA14261,2025-10-27 07:12:00+00:00,13929,14261,block_download_or_coverage,,,2025,E00283,False,58881.0,False,True
20251027_0848_HARP13929_NOAA14261,2025-10-27 08:48:00+00:00,13929,14261,block_download_or_coverage,,,2025,E00283,False,58885.0,False,True
20251027_1024_HARP13929_NOAA14261,2025-10-27 10:24:00+00:00,13929,14261,block_download_or_coverage,,,2025,E00283,False,58889.0,False,True
20251027_1200_HARP13929_NOAA14261,2025-10-27 12:00:00+00:00,13929,14261,block_download_or_coverage,,,2025,E00283,False,58893.0,False,True
20251027_1336_HARP13929_NOAA14261,2025-10-27 13:36:00+00:00,13929,14261,block_download_or_coverage,,,2025,E00283,False,58897.0,False,True
20251027_1512_HARP13929_NOAA14261,2025-10-27 15:12:00+00:00,13929,14261,block_download_or_coverage,,,2025,E00283,False,58902.0,False,True
20251027_1648_HARP13929_NOAA14261,2025-10-27 16:48:00+00:00,13929,14261,block_download_or_coverage,,,2025,E00283,False,58907.0,False,True
20251027_1824_HARP13929_NOAA14261,2025-10-27 18:24:00+00:00,13929,14261,block_download_or_coverage,,,2025,E00283,False,58912.0,False,True
20251027_2000_HARP13929_NOAA14261,2025-10-27 20:00:00+00:00,13929,14261,block_download_or_coverage,,,2025,E00283,False,58916.0,False,True
20251027_2136_HARP13929_NOAA14261,2025-10-27 21:36:00+00:00,13929,14261,block_download_or_coverage,,,2025,E00283,False,58920.0,False,True
20251027_2312_HARP13929_NOAA14261,2025-10-27 23:12:00+00:00,13929,14261,block_download_or_coverage,,,2025,E00283,False,58924.0,False,True
20251028_0048_HARP13929_NOAA14261,2025-10-28 00:48:00+00:00,13929,14261,block_download_or_coverage,,,2025,E00283,False,58927.0,False,True
20251028_0224_HARP13929_NOAA14261,2025-10-28 02:24:00+00:00,13929,14261,block_download_or_coverage,,,2025,E00283,False,58931.0,False,True
20251028_0400_HARP13929_NOAA14261,2025-10-28 04:00:00+00:00,13929,14261,block_download_or_coverage,,,2025,E00283,False,58935.0,False,True
20251028_0536_HARP13929_NOAA14261,2025-10-28 05:36:00+00:00,13929,14261,block_download_or_coverage,,,2025,E00283,False,58939.0,False,True
20251028_0712_HARP13929_NOAA14261,2025-10-28 07:12:00+00:00,13929,14261,block_download_or_coverage,,,2025,E00283,False,58944.0,False,True
20251028_0848_HARP13929_NOAA14261,2025-10-28 08:48:00+00:00,13929,14261,block_download_or_coverage,,,2025,E00283,False,58949.0,False,True
20251028_1024_HARP13929_NOAA14261,2025-10-28 10:24:00+00:00,13929,14261,block_download_or_coverage,,,2025,E00283,False,58954.0,False,True
20251024_0148_HARP13930_NOAA14264,2025-10-24 01:48:00+00:00,13930,14264,block_download_or_coverage,,,2025,E00284,False,,,False
20251024_0324_HARP13930_NOAA14264,2025-10-24 03:24:00+00:00,13930,14264,block_download_or_coverage,,,2025,E00284,False,,,False
20251024_0500_HARP13930_NOAA14264,2025-10-24 05:00:00+00:00,13930,14264,block_download_or_coverage,,,2025,E00284,False,,,False
20251024_0636_HARP13930_NOAA14264,2025-10-24 06:36:00+00:00,13930,14264,block_download_or_coverage,,,2025,E00284,False,,,False
20251024_0812_HARP13930_NOAA14264,2025-10-24 08:12:00+00:00,13930,14264,block_download_or_coverage,,,2025,E00284,False,,,False
20251024_0948_HARP13930_NOAA14264,2025-10-24 09:48:00+00:00,13930,14264,block_download_or_coverage,,,2025,E00284,False,,,False
20251024_1124_HARP13930_NOAA14264,2025-10-24 11:24:00+00:00,13930,14264,block_download_or_coverage,,,2025,E00284,False,,,False
20251024_1300_HARP13930_NOAA14264,2025-10-24 13:00:00+00:00,13930,14264,block_download_or_coverage,,,2025,E00284,False,,,False
20251024_1436_HARP13930_NOAA14264,2025-10-24 14:36:00+00:00,13930,14264,block_download_or_coverage,,,2025,E00284,False,,,False
20251024_1612_HARP13930_NOAA14264,2025-10-24 16:12:00+00:00,13930,14264,block_download_or_coverage,,,2025,E00284,False,,,False
20251024_1748_HARP13930_NOAA14264,2025-10-24 17:48:00+00:00,13930,14264,block_download_or_coverage,,,2025,E00284,False,,,False
20251024_1924_HARP13930_NOAA14264,2025-10-24 19:24:00+00:00,13930,14264,block_download_or_coverage,,,2025,E00284,False,,,False
20251024_2100_HARP13930_NOAA14264,2025-10-24 21:00:00+00:00,13930,14264,block_download_or_coverage,,,2025,E00284,False,,,False
20251024_2236_HARP13930_NOAA14264,2025-10-24 22:36:00+00:00,13930,14264,block_download_or_coverage,,,2025,E00284,False,,,False
20251025_0012_HARP13930_NOAA14264,2025-10-25 00:12:00+00:00,13930,14264,block_download_or_coverage,,,2025,E00284,False,,,False
20251025_0148_HARP13930_NOAA14264,2025-10-25 01:48:00+00:00,13930,14264,block_download_or_coverage,,,2025,E00284,False,,,False
20251025_0324_HARP13930_NOAA14264,2025-10-25 03:24:00+00:00,13930,14264,block_download_or_coverage,,,2025,E00284,False,,,False
20251025_0500_HARP13930_NOAA14264,2025-10-25 05:00:00+00:00,13930,14264,block_download_or_coverage,,,2025,E00284,False,,,False
20251025_0636_HARP13930_NOAA14264,2025-10-25 06:36:00+00:00,13930,14264,block_download_or_coverage,,,2025,E00284,False,58788.0,False,True
20251025_0812_HARP13930_NOAA14264,2025-10-25 08:12:00+00:00,13930,14264,block_download_or_coverage,,,2025,E00284,False,58791.0,False,True
20251025_0948_HARP13930_NOAA14264,2025-10-25 09:48:00+00:00,13930,14264,block_download_or_coverage,,,2025,E00284,False,58794.0,False,True
20251025_1124_HARP13930_NOAA14264,2025-10-25 11:24:00+00:00,13930,14264,block_download_or_coverage,,,2025,E00284,False,58797.0,False,True
20251025_1300_HARP13930_NOAA14264,2025-10-25 13:00:00+00:00,13930,14264,block_download_or_coverage,,,2025,E00284,False,58801.0,False,True
20251025_1436_HARP13930_NOAA14264,2025-10-25 14:36:00+00:00,13930,14264,block_download_or_coverage,,,2025,E00284,False,58805.0,False,True
20251025_1612_HARP13930_NOAA14264,2025-10-25 16:12:00+00:00,13930,14264,block_download_or_coverage,,,2025,E00284,False,58809.0,False,True
20251025_1748_HARP13930_NOAA14264,2025-10-25 17:48:00+00:00,13930,14264,block_download_or_coverage,,,2025,E00284,False,58813.0,False,True
20251025_1924_HARP13930_NOAA14264,2025-10-25 19:24:00+00:00,13930,14264,block_download_or_coverage,,,2025,E00284,False,58816.0,False,True
20251025_2100_HARP13930_NOAA14264,2025-10-25 21:00:00+00:00,13930,14264,block_download_or_coverage,,,2025,E00284,False,58819.0,False,True
20251025_2236_HARP13930_NOAA14264,2025-10-25 22:36:00+00:00,13930,14264,block_download_or_coverage,,,2025,E00284,False,58821.0,False,True
20251026_0012_HARP13930_NOAA14264,2025-10-26 00:12:00+00:00,13930,14264,block_download_or_coverage,,,2025,E00284,False,58823.0,False,True
20251026_0148_HARP13930_NOAA14264,2025-10-26 01:48:00+00:00,13930,14264,block_download_or_coverage,,,2025,E00284,False,58826.0,False,True
20251026_0324_HARP13930_NOAA14264,2025-10-26 03:24:00+00:00,13930,14264,block_download_or_coverage,,,2025,E00284,False,58828.0,False,True
20251026_0500_HARP13930_NOAA14264,2025-10-26 05:00:00+00:00,13930,14264,block_download_or_coverage,,,2025,E00284,False,58830.0,False,True
20251026_0636_HARP13930_NOAA14264,2025-10-26 06:36:00+00:00,13930,14264,block_download_or_coverage,,,2025,E00284,False,58833.0,False,True
20251026_0812_HARP13930_NOAA14264,2025-10-26 08:12:00+00:00,13930,14264,block_download_or_coverage,,,2025,E00284,False,58836.0,False,True
20251026_0948_HARP13930_NOAA14264,2025-10-26 09:48:00+00:00,13930,14264,block_download_or_coverage,,,2025,E00284,False,58839.0,False,True
20251026_1124_HARP13930_NOAA14264,2025-10-26 11:24:00+00:00,13930,14264,block_download_or_coverage,,,2025,E00284,False,58842.0,False,True
20251026_1300_HARP13930_NOAA14264,2025-10-26 13:00:00+00:00,13930,14264,block_download_or_coverage,,,2025,E00284,False,58845.0,False,True
20251026_1436_HARP13930_NOAA14264,2025-10-26 14:36:00+00:00,13930,14264,block_download_or_coverage,,,2025,E00284,False,58848.0,False,True
20251026_1612_HARP13930_NOAA14264,2025-10-26 16:12:00+00:00,13930,14264,block_download_or_coverage,,,2025,E00284,False,58851.0,False,True
20251026_1748_HARP13930_NOAA14264,2025-10-26 17:48:00+00:00,13930,14264,block_download_or_coverage,,,2025,E00284,False,58854.0,False,True
20251026_1924_HARP13930_NOAA14264,2025-10-26 19:24:00+00:00,13930,14264,block_download_or_coverage,,,2025,E00284,False,58857.0,False,True
20251026_2100_HARP13930_NOAA14264,2025-10-26 21:00:00+00:00,13930,14264,block_download_or_coverage,,,2025,E00284,False,58860.0,False,True
20251026_2236_HARP13930_NOAA14264,2025-10-26 22:36:00+00:00,13930,14264,block_download_or_coverage,,,2025,E00284,False,58863.0,False,True
20251027_0012_HARP13930_NOAA14264,2025-10-27 00:12:00+00:00,13930,14264,block_download_or_coverage,,,2025,E00284,False,58866.0,False,True
20251027_0148_HARP13930_NOAA14264,2025-10-27 01:48:00+00:00,13930,14264,block_download_or_coverage,,,2025,E00284,False,58869.0,False,True
20251027_0324_HARP13930_NOAA14264,2025-10-27 03:24:00+00:00,13930,14264,block_download_or_coverage,,,2025,E00284,False,,,False
20251027_0500_HARP13930_NOAA14264,2025-10-27 05:00:00+00:00,13930,14264,block_download_or_coverage,,,2025,E00284,False,,,False
20251027_0636_HARP13930_NOAA14264,2025-10-27 06:36:00+00:00,13930,14264,block_download_or_coverage,,,2025,E00284,False,,,False
20251027_0812_HARP13930_NOAA14264,2025-10-27 08:12:00+00:00,13930,14264,block_download_or_coverage,,,2025,E00284,False,,,False
20251027_0948_HARP13930_NOAA14264,2025-10-27 09:48:00+00:00,13930,14264,block_download_or_coverage,,,2025,E00284,False,,,False
20251027_1124_HARP13930_NOAA14264,2025-10-27 11:24:00+00:00,13930,14264,block_download_or_coverage,,,2025,E00284,False,,,False
20251027_1300_HARP13930_NOAA14264,2025-10-27 13:00:00+00:00,13930,14264,block_download_or_coverage,,,2025,E00284,False,,,False
20251027_1436_HARP13930_NOAA14264,2025-10-27 14:36:00+00:00,13930,14264,block_download_or_coverage,,,2025,E00284,False,,,False
20251027_1612_HARP13930_NOAA14264,2025-10-27 16:12:00+00:00,13930,14264,block_download_or_coverage,,,2025,E00284,False,,,False
20251027_1748_HARP13930_NOAA14264,2025-10-27 17:48:00+00:00,13930,14264,block_download_or_coverage,,,2025,E00284,False,,,False
20251027_1924_HARP13930_NOAA14264,2025-10-27 19:24:00+00:00,13930,14264,block_download_or_coverage,,,2025,E00284,False,,,False
20251027_2100_HARP13930_NOAA14264,2025-10-27 21:00:00+00:00,13930,14264,block_download_or_coverage,,,2025,E00284,False,,,False
20251027_2236_HARP13930_NOAA14264,2025-10-27 22:36:00+00:00,13930,14264,block_download_or_coverage,,,2025,E00284,False,,,False
20251028_0012_HARP13930_NOAA14264,2025-10-28 00:12:00+00:00,13930,14264,block_download_or_coverage,,,2025,E00284,False,,,False
20251023_1936_HARP13931_NOAA14260,2025-10-23 19:36:00+00:00,13931,14260,block_download_or_coverage,,,2025,E00285,False,,,False
20251023_2112_HARP13931_NOAA14260,2025-10-23 21:12:00+00:00,13931,14260,block_download_or_coverage,,,2025,E00285,False,,,False
20251023_2248_HARP13931_NOAA14260,2025-10-23 22:48:00+00:00,13931,14260,block_download_or_coverage,,,2025,E00285,False,,,False
20251024_0024_HARP13931_NOAA14260,2025-10-24 00:24:00+00:00,13931,14260,block_download_or_coverage,,,2025,E00285,False,58752.0,False,True
20251024_0200_HARP13931_NOAA14260,2025-10-24 02:00:00+00:00,13931,14260,block_download_or_coverage,,,2025,E00285,False,58753.0,False,True
20251024_0336_HARP13931_NOAA14260,2025-10-24 03:36:00+00:00,13931,14260,block_download_or_coverage,,,2025,E00285,False,58754.0,False,True
20251024_0512_HARP13931_NOAA14260,2025-10-24 05:12:00+00:00,13931,14260,block_download_or_coverage,,,2025,E00285,False,58756.0,False,True
20251024_0648_HARP13931_NOAA14260,2025-10-24 06:48:00+00:00,13931,14260,block_download_or_coverage,,,2025,E00285,False,58758.0,False,True
20251024_0824_HARP13931_NOAA14260,2025-10-24 08:24:00+00:00,13931,14260,block_download_or_coverage,,,2025,E00285,False,58760.0,False,True
20251024_1000_HARP13931_NOAA14260,2025-10-24 10:00:00+00:00,13931,14260,block_download_or_coverage,,,2025,E00285,False,58762.0,False,True
20251024_1136_HARP13931_NOAA14260,2025-10-24 11:36:00+00:00,13931,14260,block_download_or_coverage,,,2025,E00285,False,58764.0,False,True
20251024_1312_HARP13931_NOAA14260,2025-10-24 13:12:00+00:00,13931,14260,block_download_or_coverage,,,2025,E00285,False,58766.0,False,True
20251024_1448_HARP13931_NOAA14260,2025-10-24 14:48:00+00:00,13931,14260,block_download_or_coverage,,,2025,E00285,False,58768.0,False,True
20251024_1624_HARP13931_NOAA14260,2025-10-24 16:24:00+00:00,13931,14260,block_download_or_coverage,,,2025,E00285,False,58770.0,False,True
20251024_1936_HARP13931_NOAA14260,2025-10-24 19:36:00+00:00,13931,14260,block_download_or_coverage,,,2025,E00285,False,,,False
20251024_2112_HARP13931_NOAA14260,2025-10-24 21:12:00+00:00,13931,14260,block_download_or_coverage,,,2025,E00285,False,,,False
20251024_2248_HARP13931_NOAA14260,2025-10-24 22:48:00+00:00,13931,14260,block_download_or_coverage,,,2025,E00285,False,,,False
20251025_0024_HARP13931_NOAA14260,2025-10-25 00:24:00+00:00,13931,14260,block_download_or_coverage,,,2025,E00285,False,58780.0,False,True
20251025_0200_HARP13931_NOAA14260,2025-10-25 02:00:00+00:00,13931,14260,block_download_or_coverage,,,2025,E00285,False,58782.0,False,True
20251025_0336_HARP13931_NOAA14260,2025-10-25 03:36:00+00:00,13931,14260,block_download_or_coverage,,,2025,E00285,False,58784.0,False,True
20251025_0512_HARP13931_NOAA14260,2025-10-25 05:12:00+00:00,13931,14260,block_download_or_coverage,,,2025,E00285,False,58786.0,False,True
20251025_0648_HARP13931_NOAA14260,2025-10-25 06:48:00+00:00,13931,14260,block_download_or_coverage,,,2025,E00285,False,58789.0,False,True
20251025_0824_HARP13931_NOAA14260,2025-10-25 08:24:00+00:00,13931,14260,block_download_or_coverage,,,2025,E00285,False,58792.0,False,True
20251025_1000_HARP13931_NOAA14260,2025-10-25 10:00:00+00:00,13931,14260,block_download_or_coverage,,,2025,E00285,False,58795.0,False,True
20251025_1136_HARP13931_NOAA14260,2025-10-25 11:36:00+00:00,13931,14260,block_download_or_coverage,,,2025,E00285,False,58798.0,False,True
20251025_1312_HARP13931_NOAA14260,2025-10-25 13:12:00+00:00,13931,14260,block_download_or_coverage,,,2025,E00285,False,58802.0,False,True
20251025_1448_HARP13931_NOAA14260,2025-10-25 14:48:00+00:00,13931,14260,block_download_or_coverage,,,2025,E00285,False,58806.0,False,True
20251025_1624_HARP13931_NOAA14260,2025-10-25 16:24:00+00:00,13931,14260,block_download_or_coverage,,,2025,E00285,False,58810.0,False,True
20251026_1936_HARP13931_NOAA14260,2025-10-26 19:36:00+00:00,13931,14260,block_download_or_coverage,,,2025,E00286,False,,,False
20251026_2112_HARP13931_NOAA14260,2025-10-26 21:12:00+00:00,13931,14260,block_download_or_coverage,,,2025,E00286,False,,,False
20251026_2248_HARP13931_NOAA14260,2025-10-26 22:48:00+00:00,13931,14260,block_download_or_coverage,,,2025,E00286,False,,,False
20251027_0024_HARP13931_NOAA14260,2025-10-27 00:24:00+00:00,13931,14260,block_download_or_coverage,,,2025,E00286,False,,,False
20251027_0200_HARP13931_NOAA14260,2025-10-27 02:00:00+00:00,13931,14260,block_download_or_coverage,,,2025,E00286,False,,,False
20251027_0336_HARP13931_NOAA14260,2025-10-27 03:36:00+00:00,13931,14260,block_download_or_coverage,,,2025,E00286,False,,,False
20251027_0512_HARP13931_NOAA14260,2025-10-27 05:12:00+00:00,13931,14260,block_download_or_coverage,,,2025,E00286,False,,,False
20251027_0648_HARP13931_NOAA14260,2025-10-27 06:48:00+00:00,13931,14260,block_download_or_coverage,,,2025,E00286,False,,,False
20251027_0824_HARP13931_NOAA14260,2025-10-27 08:24:00+00:00,13931,14260,block_download_or_coverage,,,2025,E00286,False,,,False
20251027_1000_HARP13931_NOAA14260,2025-10-27 10:00:00+00:00,13931,14260,block_download_or_coverage,,,2025,E00286,False,,,False
20251027_1136_HARP13931_NOAA14260,2025-10-27 11:36:00+00:00,13931,14260,block_download_or_coverage,,,2025,E00286,False,,,False
20251027_1312_HARP13931_NOAA14260,2025-10-27 13:12:00+00:00,13931,14260,block_download_or_coverage,,,2025,E00286,False,,,False
20251020_0812_HARP13935_NOAA14263,2025-10-20 08:12:00+00:00,13935,14263,block_download_or_coverage,,,2025,E00287,False,,,False
20251020_0948_HARP13935_NOAA14263,2025-10-20 09:48:00+00:00,13935,14263,block_download_or_coverage,,,2025,E00287,False,,,False
20251020_1124_HARP13935_NOAA14263,2025-10-20 11:24:00+00:00,13935,14263,block_download_or_coverage,,,2025,E00287,False,,,False
20251020_1300_HARP13935_NOAA14263,2025-10-20 13:00:00+00:00,13935,14263,block_download_or_coverage,,,2025,E00287,False,,,False
20251020_1436_HARP13935_NOAA14263,2025-10-20 14:36:00+00:00,13935,14263,block_download_or_coverage,,,2025,E00287,False,58669.0,False,True
20251020_1612_HARP13935_NOAA14263,2025-10-20 16:12:00+00:00,13935,14263,block_download_or_coverage,,,2025,E00287,False,58672.0,False,True
20251020_1748_HARP13935_NOAA14263,2025-10-20 17:48:00+00:00,13935,14263,block_download_or_coverage,,,2025,E00287,False,58675.0,False,True
20251020_1924_HARP13935_NOAA14263,2025-10-20 19:24:00+00:00,13935,14263,block_download_or_coverage,,,2025,E00287,False,58677.0,False,True
20251020_2100_HARP13935_NOAA14263,2025-10-20 21:00:00+00:00,13935,14263,block_download_or_coverage,,,2025,E00287,False,58678.0,False,True
20251020_2236_HARP13935_NOAA14263,2025-10-20 22:36:00+00:00,13935,14263,block_download_or_coverage,,,2025,E00287,False,58679.0,False,True
20251021_0012_HARP13935_NOAA14263,2025-10-21 00:12:00+00:00,13935,14263,block_download_or_coverage,,,2025,E00287,False,58680.0,False,True
20251021_0148_HARP13935_NOAA14263,2025-10-21 01:48:00+00:00,13935,14263,block_download_or_coverage,,,2025,E00287,False,58683.0,False,True
20251021_0324_HARP13935_NOAA14263,2025-10-21 03:24:00+00:00,13935,14263,block_download_or_coverage,,,2025,E00287,False,58686.0,False,True
20251021_0500_HARP13935_NOAA14263,2025-10-21 05:00:00+00:00,13935,14263,block_download_or_coverage,,,2025,E00287,False,58689.0,False,True
20251021_0636_HARP13935_NOAA14263,2025-10-21 06:36:00+00:00,13935,14263,block_download_or_coverage,,,2025,E00287,False,58692.0,False,True
20251021_0848_HARP13935_NOAA14263,2025-10-21 08:48:00+00:00,13935,14263,block_download_or_coverage,,,2025,E00287,False,,,False
20251021_1024_HARP13935_NOAA14263,2025-10-21 10:24:00+00:00,13935,14263,block_download_or_coverage,,,2025,E00287,False,,,False
20251021_1200_HARP13935_NOAA14263,2025-10-21 12:00:00+00:00,13935,14263,block_download_or_coverage,,,2025,E00287,False,,,False
20251021_1336_HARP13935_NOAA14263,2025-10-21 13:36:00+00:00,13935,14263,block_download_or_coverage,,,2025,E00287,False,58695.0,False,True
20251021_1512_HARP13935_NOAA14263,2025-10-21 15:12:00+00:00,13935,14263,block_download_or_coverage,,,2025,E00287,False,58698.0,False,True
20251021_1648_HARP13935_NOAA14263,2025-10-21 16:48:00+00:00,13935,14263,block_download_or_coverage,,,2025,E00287,False,58701.0,False,True
20251021_1824_HARP13935_NOAA14263,2025-10-21 18:24:00+00:00,13935,14263,block_download_or_coverage,,,2025,E00287,False,58704.0,False,True
20251021_2136_HARP13935_NOAA14263,2025-10-21 21:36:00+00:00,13935,14263,block_download_or_coverage,,,2025,E00287,False,,,False
20251021_2312_HARP13935_NOAA14263,2025-10-21 23:12:00+00:00,13935,14263,block_download_or_coverage,,,2025,E00287,False,,,False
20251022_0048_HARP13935_NOAA14263,2025-10-22 00:48:00+00:00,13935,14263,block_download_or_coverage,,,2025,E00287,False,,,False
20251022_0224_HARP13935_NOAA14263,2025-10-22 02:24:00+00:00,13935,14263,block_download_or_coverage,,,2025,E00287,False,58708.0,False,True
20251022_0400_HARP13935_NOAA14263,2025-10-22 04:00:00+00:00,13935,14263,block_download_or_coverage,,,2025,E00287,False,58710.0,False,True
20251022_0536_HARP13935_NOAA14263,2025-10-22 05:36:00+00:00,13935,14263,block_download_or_coverage,,,2025,E00287,False,58712.0,False,True
20251022_0712_HARP13935_NOAA14263,2025-10-22 07:12:00+00:00,13935,14263,block_download_or_coverage,,,2025,E00287,False,58714.0,False,True
20251022_0848_HARP13935_NOAA14263,2025-10-22 08:48:00+00:00,13935,14263,block_download_or_coverage,,,2025,E00287,False,58716.0,False,True
20251022_1024_HARP13935_NOAA14263,2025-10-22 10:24:00+00:00,13935,14263,block_download_or_coverage,,,2025,E00287,False,58718.0,False,True
20251022_1200_HARP13935_NOAA14263,2025-10-22 12:00:00+00:00,13935,14263,block_download_or_coverage,,,2025,E00287,False,58721.0,False,True
20251022_1336_HARP13935_NOAA14263,2025-10-22 13:36:00+00:00,13935,14263,block_download_or_coverage,,,2025,E00287,False,58724.0,False,True
20251022_1512_HARP13935_NOAA14263,2025-10-22 15:12:00+00:00,13935,14263,block_download_or_coverage,,,2025,E00287,False,58727.0,False,True
20251022_1648_HARP13935_NOAA14263,2025-10-22 16:48:00+00:00,13935,14263,block_download_or_coverage,,,2025,E00287,False,58730.0,False,True
20251022_1824_HARP13935_NOAA14263,2025-10-22 18:24:00+00:00,13935,14263,block_download_or_coverage,,,2025,E00287,False,58733.0,False,True
20251022_2024_HARP13935_NOAA14263,2025-10-22 20:24:00+00:00,13935,14263,block_download_or_coverage,,,2025,E00287,False,,,False
20251022_2200_HARP13935_NOAA14263,2025-10-22 22:00:00+00:00,13935,14263,block_download_or_coverage,,,2025,E00287,False,,,False
20251022_2336_HARP13935_NOAA14263,2025-10-22 23:36:00+00:00,13935,14263,block_download_or_coverage,,,2025,E00287,False,,,False
20251023_0112_HARP13935_NOAA14263,2025-10-23 01:12:00+00:00,13935,14263,block_download_or_coverage,,,2025,E00287,False,58736.0,False,True
20251023_0248_HARP13935_NOAA14263,2025-10-23 02:48:00+00:00,13935,14263,block_download_or_coverage,,,2025,E00287,False,58739.0,False,True
20251023_0648_HARP13945_NOAA14265,2025-10-23 06:48:00+00:00,13945,14265,block_download_or_coverage,,,2025,E00288,False,58745.0,False,True
20251023_0824_HARP13945_NOAA14265,2025-10-23 08:24:00+00:00,13945,14265,block_download_or_coverage,,,2025,E00288,False,,,False
20251023_1000_HARP13945_NOAA14265,2025-10-23 10:00:00+00:00,13945,14265,block_download_or_coverage,,,2025,E00288,False,,,False
20251023_1212_HARP13945_NOAA14265,2025-10-23 12:12:00+00:00,13945,14265,block_download_or_coverage,,,2025,E00288,False,,,False
20251027_1324_HARP13946_NOAA14267,2025-10-27 13:24:00+00:00,13946,14267,block_download_or_coverage,,,2025,E00289,False,58896.0,False,True
20251027_1500_HARP13946_NOAA14267,2025-10-27 15:00:00+00:00,13946,14267,block_download_or_coverage,,,2025,E00289,False,58901.0,False,True
20251027_1636_HARP13946_NOAA14267,2025-10-27 16:36:00+00:00,13946,14267,block_download_or_coverage,,,2025,E00289,False,58906.0,False,True
20251027_1812_HARP13946_NOAA14267,2025-10-27 18:12:00+00:00,13946,14267,block_download_or_coverage,,,2025,E00289,False,58911.0,False,True
20251027_1948_HARP13946_NOAA14267,2025-10-27 19:48:00+00:00,13946,14267,block_download_or_coverage,,,2025,E00289,False,58915.0,False,True
20251027_2124_HARP13946_NOAA14267,2025-10-27 21:24:00+00:00,13946,14267,block_download_or_coverage,,,2025,E00289,False,58919.0,False,True
20251027_2300_HARP13946_NOAA14267,2025-10-27 23:00:00+00:00,13946,14267,block_download_or_coverage,,,2025,E00289,False,58923.0,False,True
20251028_0036_HARP13946_NOAA14267,2025-10-28 00:36:00+00:00,13946,14267,block_download_or_coverage,,,2025,E00289,False,58926.0,False,True
20251028_0212_HARP13946_NOAA14267,2025-10-28 02:12:00+00:00,13946,14267,block_download_or_coverage,,,2025,E00289,False,58930.0,False,True
20251028_0348_HARP13946_NOAA14267,2025-10-28 03:48:00+00:00,13946,14267,block_download_or_coverage,,,2025,E00289,False,58934.0,False,True
20251028_0524_HARP13946_NOAA14267,2025-10-28 05:24:00+00:00,13946,14267,block_download_or_coverage,,,2025,E00289,False,58938.0,False,True
20251028_0700_HARP13946_NOAA14267,2025-10-28 07:00:00+00:00,13946,14267,block_download_or_coverage,,,2025,E00289,False,58943.0,False,True
20251028_0836_HARP13946_NOAA14267,2025-10-28 08:36:00+00:00,13946,14267,block_download_or_coverage,,,2025,E00289,False,58948.0,False,True
20251028_1012_HARP13946_NOAA14267,2025-10-28 10:12:00+00:00,13946,14267,block_download_or_coverage,,,2025,E00289,False,58953.0,False,True
20251028_1148_HARP13946_NOAA14267,2025-10-28 11:48:00+00:00,13946,14267,block_download_or_coverage,,,2025,E00289,False,58957.0,False,True
20251028_1324_HARP13946_NOAA14267,2025-10-28 13:24:00+00:00,13946,14267,block_download_or_coverage,,,2025,E00289,False,58960.0,False,True
20251028_1500_HARP13946_NOAA14267,2025-10-28 15:00:00+00:00,13946,14267,block_download_or_coverage,,,2025,E00289,False,,,False
20251028_1636_HARP13946_NOAA14267,2025-10-28 16:36:00+00:00,13946,14267,block_download_or_coverage,,,2025,E00289,False,,,False
20251028_1812_HARP13946_NOAA14267,2025-10-28 18:12:00+00:00,13946,14267,block_download_or_coverage,,,2025,E00289,False,,,False
20251028_2000_HARP13946_NOAA14267,2025-10-28 20:00:00+00:00,13946,14267,block_download_or_coverage,,,2025,E00289,False,,,False
20251029_2348_HARP13946_NOAA14267,2025-10-29 23:48:00+00:00,13946,14267,block_download_or_coverage,,,2025,E00290,False,,,False
20251030_0124_HARP13946_NOAA14267,2025-10-30 01:24:00+00:00,13946,14267,block_download_or_coverage,,,2025,E00290,False,,,False
20251030_0436_HARP13946_NOAA14267,2025-10-30 04:36:00+00:00,13946,14267,block_download_or_coverage,,,2025,E00290,False,,,False
20251030_0612_HARP13946_NOAA14267,2025-10-30 06:12:00+00:00,13946,14267,block_download_or_coverage,,,2025,E00290,False,,,False
20251030_0748_HARP13946_NOAA14267,2025-10-30 07:48:00+00:00,13946,14267,block_download_or_coverage,,,2025,E00290,False,,,False
20251030_0924_HARP13946_NOAA14267,2025-10-30 09:24:00+00:00,13946,14267,block_download_or_coverage,,,2025,E00290,False,,,False
20251030_1100_HARP13946_NOAA14267,2025-10-30 11:00:00+00:00,13946,14267,block_download_or_coverage,,,2025,E00290,False,,,False
20251030_1236_HARP13946_NOAA14267,2025-10-30 12:36:00+00:00,13946,14267,block_download_or_coverage,,,2025,E00290,False,,,False
20251030_1412_HARP13946_NOAA14267,2025-10-30 14:12:00+00:00,13946,14267,block_download_or_coverage,,,2025,E00290,False,,,False
20251030_1548_HARP13946_NOAA14267,2025-10-30 15:48:00+00:00,13946,14267,block_download_or_coverage,,,2025,E00290,False,,,False
20251030_1724_HARP13946_NOAA14267,2025-10-30 17:24:00+00:00,13946,14267,block_download_or_coverage,,,2025,E00290,False,,,False
20251030_1900_HARP13946_NOAA14267,2025-10-30 19:00:00+00:00,13946,14267,block_download_or_coverage,,,2025,E00290,False,,,False
20251030_2036_HARP13946_NOAA14267,2025-10-30 20:36:00+00:00,13946,14267,block_download_or_coverage,,,2025,E00290,False,,,False
20251030_2212_HARP13946_NOAA14267,2025-10-30 22:12:00+00:00,13946,14267,block_download_or_coverage,,,2025,E00290,False,,,False
20251030_2348_HARP13946_NOAA14267,2025-10-30 23:48:00+00:00,13946,14267,block_download_or_coverage,,,2025,E00290,False,,,False
20251025_0100_HARP13955_NOAA14266,2025-10-25 01:00:00+00:00,13955,14266,block_download_or_coverage,,,2025,E00291,False,,,False
20251025_0236_HARP13955_NOAA14266,2025-10-25 02:36:00+00:00,13955,14266,block_download_or_coverage,,,2025,E00291,False,,,False
20251025_0412_HARP13955_NOAA14266,2025-10-25 04:12:00+00:00,13955,14266,block_download_or_coverage,,,2025,E00291,False,,,False
20251025_0548_HARP13955_NOAA14266,2025-10-25 05:48:00+00:00,13955,14266,block_download_or_coverage,,,2025,E00291,False,,,False
20251025_0724_HARP13955_NOAA14266,2025-10-25 07:24:00+00:00,13955,14266,block_download_or_coverage,,,2025,E00291,False,,,False
20251025_0900_HARP13955_NOAA14266,2025-10-25 09:00:00+00:00,13955,14266,block_download_or_coverage,,,2025,E00291,False,,,False
20251025_1036_HARP13955_NOAA14266,2025-10-25 10:36:00+00:00,13955,14266,block_download_or_coverage,,,2025,E00291,False,,,False
20251025_1212_HARP13955_NOAA14266,2025-10-25 12:12:00+00:00,13955,14266,block_download_or_coverage,,,2025,E00291,False,,,False
20251025_1348_HARP13955_NOAA14266,2025-10-25 13:48:00+00:00,13955,14266,block_download_or_coverage,,,2025,E00291,False,,,False
20251025_1524_HARP13955_NOAA14266,2025-10-25 15:24:00+00:00,13955,14266,block_download_or_coverage,,,2025,E00291,False,,,False
20251025_1700_HARP13955_NOAA14266,2025-10-25 17:00:00+00:00,13955,14266,block_download_or_coverage,,,2025,E00291,False,,,False
20251025_1836_HARP13955_NOAA14266,2025-10-25 18:36:00+00:00,13955,14266,block_download_or_coverage,,,2025,E00291,False,,,False
20251025_2012_HARP13955_NOAA14266,2025-10-25 20:12:00+00:00,13955,14266,block_download_or_coverage,,,2025,E00291,False,,,False
20251025_2148_HARP13955_NOAA14266,2025-10-25 21:48:00+00:00,13955,14266,block_download_or_coverage,,,2025,E00291,False,,,False
20251025_2324_HARP13955_NOAA14266,2025-10-25 23:24:00+00:00,13955,14266,block_download_or_coverage,,,2025,E00291,False,,,False
20251026_0100_HARP13955_NOAA14266,2025-10-26 01:00:00+00:00,13955,14266,block_download_or_coverage,,,2025,E00291,False,,,False
20251026_0236_HARP13955_NOAA14266,2025-10-26 02:36:00+00:00,13955,14266,block_download_or_coverage,,,2025,E00291,False,,,False
20251026_0412_HARP13955_NOAA14266,2025-10-26 04:12:00+00:00,13955,14266,block_download_or_coverage,,,2025,E00291,False,,,False
20251026_0548_HARP13955_NOAA14266,2025-10-26 05:48:00+00:00,13955,14266,block_download_or_coverage,,,2025,E00291,False,58832.0,False,True
20251026_0724_HARP13955_NOAA14266,2025-10-26 07:24:00+00:00,13955,14266,block_download_or_coverage,,,2025,E00291,False,58835.0,False,True
20251026_0900_HARP13955_NOAA14266,2025-10-26 09:00:00+00:00,13955,14266,block_download_or_coverage,,,2025,E00291,False,58838.0,False,True
20251026_1036_HARP13955_NOAA14266,2025-10-26 10:36:00+00:00,13955,14266,block_download_or_coverage,,,2025,E00291,False,58841.0,False,True
20251026_1212_HARP13955_NOAA14266,2025-10-26 12:12:00+00:00,13955,14266,block_download_or_coverage,,,2025,E00291,False,58844.0,False,True
20251026_1348_HARP13955_NOAA14266,2025-10-26 13:48:00+00:00,13955,14266,block_download_or_coverage,,,2025,E00291,False,58847.0,False,True
20251026_1524_HARP13955_NOAA14266,2025-10-26 15:24:00+00:00,13955,14266,block_download_or_coverage,,,2025,E00291,False,58850.0,False,True
20251026_1700_HARP13955_NOAA14266,2025-10-26 17:00:00+00:00,13955,14266,block_download_or_coverage,,,2025,E00291,False,58853.0,False,True
20251026_1836_HARP13955_NOAA14266,2025-10-26 18:36:00+00:00,13955,14266,block_download_or_coverage,,,2025,E00291,False,58856.0,False,True
20251026_2012_HARP13955_NOAA14266,2025-10-26 20:12:00+00:00,13955,14266,block_download_or_coverage,,,2025,E00291,False,58859.0,False,True
20251026_2148_HARP13955_NOAA14266,2025-10-26 21:48:00+00:00,13955,14266,block_download_or_coverage,,,2025,E00291,False,58862.0,False,True
20251026_2324_HARP13955_NOAA14266,2025-10-26 23:24:00+00:00,13955,14266,block_download_or_coverage,,,2025,E00291,False,58865.0,False,True
20251028_0100_HARP13955_NOAA14266,2025-10-28 01:00:00+00:00,13955,14266,block_download_or_coverage,,,2025,E00292,False,58928.0,False,True
20251028_0236_HARP13955_NOAA14266,2025-10-28 02:36:00+00:00,13955,14266,block_download_or_coverage,,,2025,E00292,False,58932.0,False,True
20251028_0412_HARP13955_NOAA14266,2025-10-28 04:12:00+00:00,13955,14266,block_download_or_coverage,,,2025,E00292,False,58936.0,False,True
20251028_0548_HARP13955_NOAA14266,2025-10-28 05:48:00+00:00,13955,14266,block_download_or_coverage,,,2025,E00292,False,58940.0,False,True
20251028_0724_HARP13955_NOAA14266,2025-10-28 07:24:00+00:00,13955,14266,block_download_or_coverage,,,2025,E00292,False,58945.0,False,True
20251028_0900_HARP13955_NOAA14266,2025-10-28 09:00:00+00:00,13955,14266,block_download_or_coverage,,,2025,E00292,False,58950.0,False,True
20251028_1036_HARP13955_NOAA14266,2025-10-28 10:36:00+00:00,13955,14266,block_download_or_coverage,,,2025,E00292,False,58955.0,False,True
20251028_1212_HARP13955_NOAA14266,2025-10-28 12:12:00+00:00,13955,14266,block_download_or_coverage,,,2025,E00292,False,58958.0,False,True
20251028_1348_HARP13955_NOAA14266,2025-10-28 13:48:00+00:00,13955,14266,block_download_or_coverage,,,2025,E00292,False,58961.0,False,True
20251028_1524_HARP13955_NOAA14266,2025-10-28 15:24:00+00:00,13955,14266,block_download_or_coverage,,,2025,E00292,False,58963.0,False,True
20251028_1700_HARP13955_NOAA14266,2025-10-28 17:00:00+00:00,13955,14266,block_download_or_coverage,,,2025,E00292,False,58965.0,False,True
20251028_1836_HARP13955_NOAA14266,2025-10-28 18:36:00+00:00,13955,14266,block_download_or_coverage,,,2025,E00292,False,58967.0,False,True
20251028_2024_HARP13955_NOAA14266,2025-10-28 20:24:00+00:00,13955,14266,block_download_or_coverage,,,2025,E00292,False,,,False
20251028_2200_HARP13955_NOAA14266,2025-10-28 22:00:00+00:00,13955,14266,block_download_or_coverage,,,2025,E00292,False,,,False
20251028_2336_HARP13955_NOAA14266,2025-10-28 23:36:00+00:00,13955,14266,block_download_or_coverage,,,2025,E00292,False,,,False
20251029_0112_HARP13955_NOAA14266,2025-10-29 01:12:00+00:00,13955,14266,block_download_or_coverage,,,2025,E00292,False,58968.0,False,True
20251029_0248_HARP13955_NOAA14266,2025-10-29 02:48:00+00:00,13955,14266,block_download_or_coverage,,,2025,E00292,False,58969.0,False,True
20251029_0424_HARP13955_NOAA14266,2025-10-29 04:24:00+00:00,13955,14266,block_download_or_coverage,,,2025,E00292,False,58972.0,False,True
20251029_0736_HARP13955_NOAA14266,2025-10-29 07:36:00+00:00,13955,14266,block_download_or_coverage,,,2025,E00292,False,,,False
20251029_0912_HARP13955_NOAA14266,2025-10-29 09:12:00+00:00,13955,14266,block_download_or_coverage,,,2025,E00292,False,,,False
20251029_1048_HARP13955_NOAA14266,2025-10-29 10:48:00+00:00,13955,14266,block_download_or_coverage,,,2025,E00292,False,,,False
20251026_2236_HARP13960_NOAA14269,2025-10-26 22:36:00+00:00,13960,14269,block_download_or_coverage,,,2025,E00293,False,,,False
20251027_0012_HARP13960_NOAA14269,2025-10-27 00:12:00+00:00,13960,14269,block_download_or_coverage,,,2025,E00293,False,,,False
20251027_0148_HARP13960_NOAA14269,2025-10-27 01:48:00+00:00,13960,14269,block_download_or_coverage,,,2025,E00293,False,,,False
20251027_0324_HARP13960_NOAA14269,2025-10-27 03:24:00+00:00,13960,14269,block_download_or_coverage,,,2025,E00293,False,58872.0,False,True
20251027_0500_HARP13960_NOAA14269,2025-10-27 05:00:00+00:00,13960,14269,block_download_or_coverage,,,2025,E00293,False,58875.0,False,True
20251027_0636_HARP13960_NOAA14269,2025-10-27 06:36:00+00:00,13960,14269,block_download_or_coverage,,,2025,E00293,False,58879.0,False,True
20251027_0812_HARP13960_NOAA14269,2025-10-27 08:12:00+00:00,13960,14269,block_download_or_coverage,,,2025,E00293,False,58883.0,False,True
20251027_0948_HARP13960_NOAA14269,2025-10-27 09:48:00+00:00,13960,14269,block_download_or_coverage,,,2025,E00293,False,58887.0,False,True
20251027_1124_HARP13960_NOAA14269,2025-10-27 11:24:00+00:00,13960,14269,block_download_or_coverage,,,2025,E00293,False,58891.0,False,True
20251027_1300_HARP13960_NOAA14269,2025-10-27 13:00:00+00:00,13960,14269,block_download_or_coverage,,,2025,E00293,False,58895.0,False,True
20251027_1436_HARP13960_NOAA14269,2025-10-27 14:36:00+00:00,13960,14269,block_download_or_coverage,,,2025,E00293,False,58900.0,False,True
20251027_1612_HARP13960_NOAA14269,2025-10-27 16:12:00+00:00,13960,14269,block_download_or_coverage,,,2025,E00293,False,58905.0,False,True
20251027_1748_HARP13960_NOAA14269,2025-10-27 17:48:00+00:00,13960,14269,block_download_or_coverage,,,2025,E00293,False,58910.0,False,True
20251027_1924_HARP13960_NOAA14269,2025-10-27 19:24:00+00:00,13960,14269,block_download_or_coverage,,,2025,E00293,False,58914.0,False,True
20251027_2100_HARP13960_NOAA14269,2025-10-27 21:00:00+00:00,13960,14269,block_download_or_coverage,,,2025,E00293,False,58918.0,False,True
20251027_2236_HARP13960_NOAA14269,2025-10-27 22:36:00+00:00,13960,14269,block_download_or_coverage,,,2025,E00293,False,58922.0,False,True
20251028_0012_HARP13960_NOAA14269,2025-10-28 00:12:00+00:00,13960,14269,block_download_or_coverage,,,2025,E00293,False,,,False
20251028_0148_HARP13960_NOAA14269,2025-10-28 01:48:00+00:00,13960,14269,block_download_or_coverage,,,2025,E00293,False,,,False
20251028_0324_HARP13960_NOAA14269,2025-10-28 03:24:00+00:00,13960,14269,block_download_or_coverage,,,2025,E00293,False,,,False
20251028_0500_HARP13960_NOAA14269,2025-10-28 05:00:00+00:00,13960,14269,block_download_or_coverage,,,2025,E00293,False,,,False
20251028_0636_HARP13960_NOAA14269,2025-10-28 06:36:00+00:00,13960,14269,block_download_or_coverage,,,2025,E00293,False,,,False
20251028_0812_HARP13960_NOAA14269,2025-10-28 08:12:00+00:00,13960,14269,block_download_or_coverage,,,2025,E00293,False,,,False
20251028_0948_HARP13960_NOAA14269,2025-10-28 09:48:00+00:00,13960,14269,block_download_or_coverage,,,2025,E00293,False,,,False
20251028_1124_HARP13960_NOAA14269,2025-10-28 11:24:00+00:00,13960,14269,block_download_or_coverage,,,2025,E00293,False,,,False
20251028_1300_HARP13960_NOAA14269,2025-10-28 13:00:00+00:00,13960,14269,block_download_or_coverage,,,2025,E00293,False,,,False
20251028_1436_HARP13960_NOAA14269,2025-10-28 14:36:00+00:00,13960,14269,block_download_or_coverage,,,2025,E00293,False,,,False
20251028_1612_HARP13960_NOAA14269,2025-10-28 16:12:00+00:00,13960,14269,block_download_or_coverage,,,2025,E00293,False,,,False
20251028_1748_HARP13960_NOAA14269,2025-10-28 17:48:00+00:00,13960,14269,block_download_or_coverage,,,2025,E00293,False,,,False
20251028_1936_HARP13960_NOAA14269,2025-10-28 19:36:00+00:00,13960,14269,block_download_or_coverage,,,2025,E00293,False,,,False
20251028_2112_HARP13960_NOAA14269,2025-10-28 21:12:00+00:00,13960,14269,block_download_or_coverage,,,2025,E00293,False,,,False
20251028_2248_HARP13960_NOAA14269,2025-10-28 22:48:00+00:00,13960,14269,block_download_or_coverage,,,2025,E00293,False,,,False
20251029_0024_HARP13960_NOAA14269,2025-10-29 00:24:00+00:00,13960,14269,block_download_or_coverage,,,2025,E00293,False,,,False
20251029_0200_HARP13960_NOAA14269,2025-10-29 02:00:00+00:00,13960,14269,block_download_or_coverage,,,2025,E00293,False,,,False
20251029_0336_HARP13960_NOAA14269,2025-10-29 03:36:00+00:00,13960,14269,block_download_or_coverage,,,2025,E00293,False,58970.0,False,True
20251029_0512_HARP13960_NOAA14269,2025-10-29 05:12:00+00:00,13960,14269,block_download_or_coverage,,,2025,E00293,False,58973.0,False,True
20251029_0648_HARP13960_NOAA14269,2025-10-29 06:48:00+00:00,13960,14269,block_download_or_coverage,,,2025,E00293,False,58975.0,False,True
20251029_0824_HARP13960_NOAA14269,2025-10-29 08:24:00+00:00,13960,14269,block_download_or_coverage,,,2025,E00293,False,58977.0,False,True
20251029_1000_HARP13960_NOAA14269,2025-10-29 10:00:00+00:00,13960,14269,block_download_or_coverage,,,2025,E00293,False,58979.0,False,True
20251029_1136_HARP13960_NOAA14269,2025-10-29 11:36:00+00:00,13960,14269,block_download_or_coverage,,,2025,E00293,False,58981.0,False,True
20251029_1312_HARP13960_NOAA14269,2025-10-29 13:12:00+00:00,13960,14269,block_download_or_coverage,,,2025,E00293,False,58983.0,False,True
20251029_1448_HARP13960_NOAA14269,2025-10-29 14:48:00+00:00,13960,14269,block_download_or_coverage,,,2025,E00293,False,58985.0,False,True
20251029_1624_HARP13960_NOAA14269,2025-10-29 16:24:00+00:00,13960,14269,block_download_or_coverage,,,2025,E00293,False,58987.0,False,True
20251030_2012_HARP13960_NOAA14269,2025-10-30 20:12:00+00:00,13960,14269,block_download_or_coverage,,,2025,E00294,False,,,False
20251030_2148_HARP13960_NOAA14269,2025-10-30 21:48:00+00:00,13960,14269,block_download_or_coverage,,,2025,E00294,False,,,False
20251030_2324_HARP13960_NOAA14269,2025-10-30 23:24:00+00:00,13960,14269,block_download_or_coverage,,,2025,E00294,False,,,False
20251031_0100_HARP13960_NOAA14269,2025-10-31 01:00:00+00:00,13960,14269,block_download_or_coverage,,,2025,E00294,False,,,False
20251031_0236_HARP13960_NOAA14269,2025-10-31 02:36:00+00:00,13960,14269,block_download_or_coverage,,,2025,E00294,False,,,False
20251031_0412_HARP13960_NOAA14269,2025-10-31 04:12:00+00:00,13960,14269,block_download_or_coverage,,,2025,E00294,False,,,False
20251031_0548_HARP13960_NOAA14269,2025-10-31 05:48:00+00:00,13960,14269,block_download_or_coverage,,,2025,E00294,False,,,False
20251031_0724_HARP13960_NOAA14269,2025-10-31 07:24:00+00:00,13960,14269,block_download_or_coverage,,,2025,E00294,False,,,False
20251031_0900_HARP13960_NOAA14269,2025-10-31 09:00:00+00:00,13960,14269,block_download_or_coverage,,,2025,E00294,False,,,False
20251027_0924_HARP13976_NOAA14270,2025-10-27 09:24:00+00:00,13976,14270,block_download_or_coverage,,,2025,E00295,False,,,False
20251027_1100_HARP13976_NOAA14270,2025-10-27 11:00:00+00:00,13976,14270,block_download_or_coverage,,,2025,E00295,False,,,False
20251027_1236_HARP13976_NOAA14270,2025-10-27 12:36:00+00:00,13976,14270,block_download_or_coverage,,,2025,E00295,False,,,False
20251027_1412_HARP13976_NOAA14270,2025-10-27 14:12:00+00:00,13976,14270,block_download_or_coverage,,,2025,E00295,False,58899.0,False,True
20251027_1548_HARP13976_NOAA14270,2025-10-27 15:48:00+00:00,13976,14270,block_download_or_coverage,,,2025,E00295,False,58904.0,False,True
20251027_1724_HARP13976_NOAA14270,2025-10-27 17:24:00+00:00,13976,14270,block_download_or_coverage,,,2025,E00295,False,58909.0,False,True
20251028_2048_HARP13976_NOAA14270,2025-10-28 20:48:00+00:00,13976,14270,block_download_or_coverage,,,2025,E00296,False,,,False
20251029_0000_HARP13976_NOAA14270,2025-10-29 00:00:00+00:00,13976,14270,block_download_or_coverage,,,2025,E00296,False,,,False
20251029_0136_HARP13976_NOAA14270,2025-10-29 01:36:00+00:00,13976,14270,block_download_or_coverage,,,2025,E00296,False,,,False
20251029_0312_HARP13976_NOAA14270,2025-10-29 03:12:00+00:00,13976,14270,block_download_or_coverage,,,2025,E00296,False,,,False
20251029_0448_HARP13976_NOAA14270,2025-10-29 04:48:00+00:00,13976,14270,block_download_or_coverage,,,2025,E00296,False,,,False
20251029_0624_HARP13976_NOAA14270,2025-10-29 06:24:00+00:00,13976,14270,block_download_or_coverage,,,2025,E00296,False,,,False
20251029_0800_HARP13976_NOAA14270,2025-10-29 08:00:00+00:00,13976,14270,block_download_or_coverage,,,2025,E00296,False,,,False
20251029_0936_HARP13976_NOAA14270,2025-10-29 09:36:00+00:00,13976,14270,block_download_or_coverage,,,2025,E00296,False,,,False
20251029_1112_HARP13976_NOAA14270,2025-10-29 11:12:00+00:00,13976,14270,block_download_or_coverage,,,2025,E00296,False,,,False
20251029_1248_HARP13976_NOAA14270,2025-10-29 12:48:00+00:00,13976,14270,block_download_or_coverage,,,2025,E00296,False,,,False
20251029_1424_HARP13976_NOAA14270,2025-10-29 14:24:00+00:00,13976,14270,block_download_or_coverage,,,2025,E00296,False,,,False
20251029_1600_HARP13976_NOAA14270,2025-10-29 16:00:00+00:00,13976,14270,block_download_or_coverage,,,2025,E00296,False,,,False
20251029_1736_HARP13976_NOAA14270,2025-10-29 17:36:00+00:00,13976,14270,block_download_or_coverage,,,2025,E00296,False,,,False
20251029_1948_HARP13976_NOAA14270,2025-10-29 19:48:00+00:00,13976,14270,block_download_or_coverage,,,2025,E00296,False,,,False
20251029_2124_HARP13976_NOAA14270,2025-10-29 21:24:00+00:00,13976,14270,block_download_or_coverage,,,2025,E00296,False,,,False
20251029_2300_HARP13976_NOAA14270,2025-10-29 23:00:00+00:00,13976,14270,block_download_or_coverage,,,2025,E00296,False,,,False
20251103_0900_HARP13982_NOAA14271,2025-11-03 09:00:00+00:00,13982,14271,block_download_or_coverage,,,2025,E00297,False,59002.0,False,True
20251103_1036_HARP13982_NOAA14271,2025-11-03 10:36:00+00:00,13982,14271,block_download_or_coverage,,,2025,E00297,False,,,False
20251103_1212_HARP13982_NOAA14271,2025-11-03 12:12:00+00:00,13982,14271,block_download_or_coverage,,,2025,E00297,False,,,False
20251103_1348_HARP13982_NOAA14271,2025-11-03 13:48:00+00:00,13982,14271,block_download_or_coverage,,,2025,E00297,False,,,False
20251103_1524_HARP13982_NOAA14271,2025-11-03 15:24:00+00:00,13982,14271,block_download_or_coverage,,,2025,E00297,False,,,False
20251103_1700_HARP13982_NOAA14271,2025-11-03 17:00:00+00:00,13982,14271,block_download_or_coverage,,,2025,E00297,False,,,False
20251103_1836_HARP13982_NOAA14271,2025-11-03 18:36:00+00:00,13982,14271,block_download_or_coverage,,,2025,E00297,False,,,False
20251103_2012_HARP13982_NOAA14271,2025-11-03 20:12:00+00:00,13982,14271,block_download_or_coverage,,,2025,E00297,False,,,False
20251103_2148_HARP13982_NOAA14271,2025-11-03 21:48:00+00:00,13982,14271,block_download_or_coverage,,,2025,E00297,False,,,False
20251103_2324_HARP13982_NOAA14271,2025-11-03 23:24:00+00:00,13982,14271,block_download_or_coverage,,,2025,E00297,False,,,False
20251104_0100_HARP13982_NOAA14271,2025-11-04 01:00:00+00:00,13982,14271,block_download_or_coverage,,,2025,E00297,False,,,False
20251104_0236_HARP13982_NOAA14271,2025-11-04 02:36:00+00:00,13982,14271,block_download_or_coverage,,,2025,E00297,False,,,False
20251104_0412_HARP13982_NOAA14271,2025-11-04 04:12:00+00:00,13982,14271,block_download_or_coverage,,,2025,E00297,False,,,False
20251104_0548_HARP13982_NOAA14271,2025-11-04 05:48:00+00:00,13982,14271,block_download_or_coverage,,,2025,E00297,False,,,False
20251104_0724_HARP13982_NOAA14271,2025-11-04 07:24:00+00:00,13982,14271,block_download_or_coverage,,,2025,E00297,False,,,False
20251104_0900_HARP13982_NOAA14271,2025-11-04 09:00:00+00:00,13982,14271,block_download_or_coverage,,,2025,E00297,False,,,False
20251104_1036_HARP13982_NOAA14271,2025-11-04 10:36:00+00:00,13982,14271,block_download_or_coverage,,,2025,E00297,False,,,False
20251104_1212_HARP13982_NOAA14271,2025-11-04 12:12:00+00:00,13982,14271,block_download_or_coverage,,,2025,E00297,False,,,False
20251104_1348_HARP13982_NOAA14271,2025-11-04 13:48:00+00:00,13982,14271,block_download_or_coverage,,,2025,E00297,False,59003.0,False,True
20251104_1524_HARP13982_NOAA14271,2025-11-04 15:24:00+00:00,13982,14271,block_download_or_coverage,,,2025,E00297,False,59004.0,False,True
20251104_1700_HARP13982_NOAA14271,2025-11-04 17:00:00+00:00,13982,14271,block_download_or_coverage,,,2025,E00297,False,59005.0,False,True
20251104_1836_HARP13982_NOAA14271,2025-11-04 18:36:00+00:00,13982,14271,block_download_or_coverage,,,2025,E00297,False,59006.0,False,True
20251104_2148_HARP13982_NOAA14271,2025-11-04 21:48:00+00:00,13982,14271,block_download_or_coverage,,,2025,E00297,False,,,False
20251104_2324_HARP13982_NOAA14271,2025-11-04 23:24:00+00:00,13982,14271,block_download_or_coverage,,,2025,E00297,False,,,False
20251105_0100_HARP13982_NOAA14271,2025-11-05 01:00:00+00:00,13982,14271,block_download_or_coverage,,,2025,E00297,False,,,False
20251105_0236_HARP13982_NOAA14271,2025-11-05 02:36:00+00:00,13982,14271,block_download_or_coverage,,,2025,E00297,False,59007.0,False,True
20251105_0412_HARP13982_NOAA14271,2025-11-05 04:12:00+00:00,13982,14271,block_download_or_coverage,,,2025,E00297,False,59008.0,False,True
20251105_0548_HARP13982_NOAA14271,2025-11-05 05:48:00+00:00,13982,14271,block_download_or_coverage,,,2025,E00297,False,59009.0,False,True
20251105_0724_HARP13982_NOAA14271,2025-11-05 07:24:00+00:00,13982,14271,block_download_or_coverage,,,2025,E00297,False,59010.0,False,True
20251105_0900_HARP13982_NOAA14271,2025-11-05 09:00:00+00:00,13982,14271,block_download_or_coverage,,,2025,E00297,False,59011.0,False,True
20251105_1036_HARP13982_NOAA14271,2025-11-05 10:36:00+00:00,13982,14271,block_download_or_coverage,,,2025,E00297,False,59012.0,False,True
20251105_1212_HARP13982_NOAA14271,2025-11-05 12:12:00+00:00,13982,14271,block_download_or_coverage,,,2025,E00297,False,59013.0,False,True
20251105_1348_HARP13982_NOAA14271,2025-11-05 13:48:00+00:00,13982,14271,block_download_or_coverage,,,2025,E00297,False,59014.0,False,True
20251105_1524_HARP13982_NOAA14271,2025-11-05 15:24:00+00:00,13982,14271,block_download_or_coverage,,,2025,E00297,False,59015.0,False,True
20251105_1700_HARP13982_NOAA14271,2025-11-05 17:00:00+00:00,13982,14271,block_download_or_coverage,,,2025,E00297,False,59016.0,False,True
20251105_1836_HARP13982_NOAA14271,2025-11-05 18:36:00+00:00,13982,14271,block_download_or_coverage,,,2025,E00297,False,59017.0,False,True
20251105_2036_HARP13982_NOAA14271,2025-11-05 20:36:00+00:00,13982,14271,block_download_or_coverage,,,2025,E00297,False,,,False
20251106_2212_HARP13982_NOAA14271,2025-11-06 22:12:00+00:00,13982,14271,block_download_or_coverage,,,2025,E00298,False,59031.0,False,True
20251106_0524_HARP13999_NOAA14272,2025-11-06 05:24:00+00:00,13999,14272,block_download_or_coverage,,,2025,E00299,False,,,False
20251106_0700_HARP13999_NOAA14272,2025-11-06 07:00:00+00:00,13999,14272,block_download_or_coverage,,,2025,E00299,False,,,False
20251106_0836_HARP13999_NOAA14272,2025-11-06 08:36:00+00:00,13999,14272,block_download_or_coverage,,,2025,E00299,False,,,False
20251106_1012_HARP13999_NOAA14272,2025-11-06 10:12:00+00:00,13999,14272,block_download_or_coverage,,,2025,E00299,False,,,False
20251106_1148_HARP13999_NOAA14272,2025-11-06 11:48:00+00:00,13999,14272,block_download_or_coverage,,,2025,E00299,False,,,False
20251106_1324_HARP13999_NOAA14272,2025-11-06 13:24:00+00:00,13999,14272,block_download_or_coverage,,,2025,E00299,False,,,False
20251106_1500_HARP13999_NOAA14272,2025-11-06 15:00:00+00:00,13999,14272,block_download_or_coverage,,,2025,E00299,False,,,False
20251106_1636_HARP13999_NOAA14272,2025-11-06 16:36:00+00:00,13999,14272,block_download_or_coverage,,,2025,E00299,False,,,False
20251106_1812_HARP13999_NOAA14272,2025-11-06 18:12:00+00:00,13999,14272,block_download_or_coverage,,,2025,E00299,False,,,False
20251106_1948_HARP13999_NOAA14272,2025-11-06 19:48:00+00:00,13999,14272,block_download_or_coverage,,,2025,E00299,False,,,False
20251106_2124_HARP13999_NOAA14272,2025-11-06 21:24:00+00:00,13999,14272,block_download_or_coverage,,,2025,E00299,False,,,False
20251106_2300_HARP13999_NOAA14272,2025-11-06 23:00:00+00:00,13999,14272,block_download_or_coverage,,,2025,E00299,False,,,False
20251107_0036_HARP13999_NOAA14272,2025-11-07 00:36:00+00:00,13999,14272,block_download_or_coverage,,,2025,E00299,False,,,False
20251107_0212_HARP13999_NOAA14272,2025-11-07 02:12:00+00:00,13999,14272,block_download_or_coverage,,,2025,E00299,False,,,False
20251107_0348_HARP13999_NOAA14272,2025-11-07 03:48:00+00:00,13999,14272,block_download_or_coverage,,,2025,E00299,False,,,False
20251107_0524_HARP13999_NOAA14272,2025-11-07 05:24:00+00:00,13999,14272,block_download_or_coverage,,,2025,E00299,False,,,False
20251107_0700_HARP13999_NOAA14272,2025-11-07 07:00:00+00:00,13999,14272,block_download_or_coverage,,,2025,E00299,False,,,False
20251107_0836_HARP13999_NOAA14272,2025-11-07 08:36:00+00:00,13999,14272,block_download_or_coverage,,,2025,E00299,False,,,False
20251107_1012_HARP13999_NOAA14272,2025-11-07 10:12:00+00:00,13999,14272,block_download_or_coverage,,,2025,E00299,False,59032.0,False,True
20251107_1148_HARP13999_NOAA14272,2025-11-07 11:48:00+00:00,13999,14272,block_download_or_coverage,,,2025,E00299,False,59033.0,False,True
20251107_1324_HARP13999_NOAA14272,2025-11-07 13:24:00+00:00,13999,14272,block_download_or_coverage,,,2025,E00299,False,59034.0,False,True
20251107_1500_HARP13999_NOAA14272,2025-11-07 15:00:00+00:00,13999,14272,block_download_or_coverage,,,2025,E00299,False,59035.0,False,True
20251107_1636_HARP13999_NOAA14272,2025-11-07 16:36:00+00:00,13999,14272,block_download_or_coverage,,,2025,E00299,False,59036.0,False,True
20251107_1812_HARP13999_NOAA14272,2025-11-07 18:12:00+00:00,13999,14272,block_download_or_coverage,,,2025,E00299,False,59038.0,False,True
20251107_1948_HARP13999_NOAA14272,2025-11-07 19:48:00+00:00,13999,14272,block_download_or_coverage,,,2025,E00299,False,59040.0,False,True
20251107_2124_HARP13999_NOAA14272,2025-11-07 21:24:00+00:00,13999,14272,block_download_or_coverage,,,2025,E00299,False,59042.0,False,True
20251107_2300_HARP13999_NOAA14272,2025-11-07 23:00:00+00:00,13999,14272,block_download_or_coverage,,,2025,E00299,False,59044.0,False,True
20251108_0036_HARP13999_NOAA14272,2025-11-08 00:36:00+00:00,13999,14272,block_download_or_coverage,,,2025,E00299,False,59046.0,False,True
20251108_0212_HARP13999_NOAA14272,2025-11-08 02:12:00+00:00,13999,14272,block_download_or_coverage,,,2025,E00299,False,59048.0,False,True
20251108_0348_HARP13999_NOAA14272,2025-11-08 03:48:00+00:00,13999,14272,block_download_or_coverage,,,2025,E00299,False,59050.0,False,True
20251108_0524_HARP13999_NOAA14272,2025-11-08 05:24:00+00:00,13999,14272,block_download_or_coverage,,,2025,E00299,False,59052.0,False,True
20251108_0700_HARP13999_NOAA14272,2025-11-08 07:00:00+00:00,13999,14272,block_download_or_coverage,,,2025,E00299,False,,,False
20251108_0836_HARP13999_NOAA14272,2025-11-08 08:36:00+00:00,13999,14272,block_download_or_coverage,,,2025,E00299,False,,,False
20251108_1012_HARP13999_NOAA14272,2025-11-08 10:12:00+00:00,13999,14272,block_download_or_coverage,,,2025,E00299,False,,,False
20251108_1148_HARP13999_NOAA14272,2025-11-08 11:48:00+00:00,13999,14272,block_download_or_coverage,,,2025,E00299,False,,,False
20251108_1324_HARP13999_NOAA14272,2025-11-08 13:24:00+00:00,13999,14272,block_download_or_coverage,,,2025,E00299,False,,,False
20251108_1500_HARP13999_NOAA14272,2025-11-08 15:00:00+00:00,13999,14272,block_download_or_coverage,,,2025,E00299,False,,,False
20251108_1636_HARP13999_NOAA14272,2025-11-08 16:36:00+00:00,13999,14272,block_download_or_coverage,,,2025,E00299,False,,,False
20251108_1812_HARP13999_NOAA14272,2025-11-08 18:12:00+00:00,13999,14272,block_download_or_coverage,,,2025,E00299,False,,,False
20251108_1948_HARP13999_NOAA14272,2025-11-08 19:48:00+00:00,13999,14272,block_download_or_coverage,,,2025,E00299,False,,,False
20251108_2124_HARP13999_NOAA14272,2025-11-08 21:24:00+00:00,13999,14272,block_download_or_coverage,,,2025,E00299,False,,,False
20251108_2300_HARP13999_NOAA14272,2025-11-08 23:00:00+00:00,13999,14272,block_download_or_coverage,,,2025,E00299,False,,,False
20251109_0036_HARP13999_NOAA14272,2025-11-09 00:36:00+00:00,13999,14272,block_download_or_coverage,,,2025,E00299,False,,,False
20251109_0212_HARP13999_NOAA14272,2025-11-09 02:12:00+00:00,13999,14272,block_download_or_coverage,,,2025,E00299,False,,,False
20251109_0348_HARP13999_NOAA14272,2025-11-09 03:48:00+00:00,13999,14272,block_download_or_coverage,,,2025,E00299,False,,,False
20251108_1300_HARP14003_NOAA14275,2025-11-08 13:00:00+00:00,14003,14275,block_download_or_coverage,,,2025,E00300,False,59057.0,False,True
20251108_1436_HARP14003_NOAA14275,2025-11-08 14:36:00+00:00,14003,14275,block_download_or_coverage,,,2025,E00300,False,59059.0,False,True
20251108_1612_HARP14003_NOAA14275,2025-11-08 16:12:00+00:00,14003,14275,block_download_or_coverage,,,2025,E00300,False,59061.0,False,True
20251108_1748_HARP14003_NOAA14275,2025-11-08 17:48:00+00:00,14003,14275,block_download_or_coverage,,,2025,E00300,False,59063.0,False,True
20251108_1924_HARP14003_NOAA14275,2025-11-08 19:24:00+00:00,14003,14275,block_download_or_coverage,,,2025,E00300,False,59065.0,False,True
20251108_2100_HARP14003_NOAA14275,2025-11-08 21:00:00+00:00,14003,14275,block_download_or_coverage,,,2025,E00300,False,59067.0,False,True
20251108_2236_HARP14003_NOAA14275,2025-11-08 22:36:00+00:00,14003,14275,block_download_or_coverage,,,2025,E00300,False,59069.0,False,True
20251109_0012_HARP14003_NOAA14275,2025-11-09 00:12:00+00:00,14003,14275,block_download_or_coverage,,,2025,E00300,False,59071.0,False,True
20251109_0148_HARP14003_NOAA14275,2025-11-09 01:48:00+00:00,14003,14275,block_download_or_coverage,,,2025,E00300,False,59073.0,False,True
20251109_0324_HARP14003_NOAA14275,2025-11-09 03:24:00+00:00,14003,14275,block_download_or_coverage,,,2025,E00300,False,59075.0,False,True
20251109_0500_HARP14003_NOAA14275,2025-11-09 05:00:00+00:00,14003,14275,block_download_or_coverage,,,2025,E00300,False,59077.0,False,True
20251109_0636_HARP14003_NOAA14275,2025-11-09 06:36:00+00:00,14003,14275,block_download_or_coverage,,,2025,E00300,False,,,False
20251109_0812_HARP14003_NOAA14275,2025-11-09 08:12:00+00:00,14003,14275,block_download_or_coverage,,,2025,E00300,False,,,False
20251109_0948_HARP14003_NOAA14275,2025-11-09 09:48:00+00:00,14003,14275,block_download_or_coverage,,,2025,E00300,False,,,False
20251109_1124_HARP14003_NOAA14275,2025-11-09 11:24:00+00:00,14003,14275,block_download_or_coverage,,,2025,E00300,False,59082.0,False,True
20251109_1300_HARP14003_NOAA14275,2025-11-09 13:00:00+00:00,14003,14275,block_download_or_coverage,,,2025,E00300,False,59084.0,False,True
20251109_1436_HARP14003_NOAA14275,2025-11-09 14:36:00+00:00,14003,14275,block_download_or_coverage,,,2025,E00300,False,59086.0,False,True
20251109_1612_HARP14003_NOAA14275,2025-11-09 16:12:00+00:00,14003,14275,block_download_or_coverage,,,2025,E00300,False,59088.0,False,True
20251109_1748_HARP14003_NOAA14275,2025-11-09 17:48:00+00:00,14003,14275,block_download_or_coverage,,,2025,E00300,False,59090.0,False,True
20251109_1924_HARP14003_NOAA14275,2025-11-09 19:24:00+00:00,14003,14275,block_download_or_coverage,,,2025,E00300,False,59092.0,False,True
20251109_2100_HARP14003_NOAA14275,2025-11-09 21:00:00+00:00,14003,14275,block_download_or_coverage,,,2025,E00300,False,59095.0,False,True
20251109_2236_HARP14003_NOAA14275,2025-11-09 22:36:00+00:00,14003,14275,block_download_or_coverage,,,2025,E00300,False,59098.0,False,True
20251110_0012_HARP14003_NOAA14275,2025-11-10 00:12:00+00:00,14003,14275,block_download_or_coverage,,,2025,E00300,False,59101.0,False,True
20251110_0148_HARP14003_NOAA14275,2025-11-10 01:48:00+00:00,14003,14275,block_download_or_coverage,,,2025,E00300,False,59104.0,False,True
20251110_0324_HARP14003_NOAA14275,2025-11-10 03:24:00+00:00,14003,14275,block_download_or_coverage,,,2025,E00300,False,59107.0,False,True
20251110_0500_HARP14003_NOAA14275,2025-11-10 05:00:00+00:00,14003,14275,block_download_or_coverage,,,2025,E00300,False,59110.0,False,True
20251110_0636_HARP14003_NOAA14275,2025-11-10 06:36:00+00:00,14003,14275,block_download_or_coverage,,,2025,E00300,False,59113.0,False,True
20251110_0812_HARP14003_NOAA14275,2025-11-10 08:12:00+00:00,14003,14275,block_download_or_coverage,,,2025,E00300,False,59116.0,False,True
20251110_0948_HARP14003_NOAA14275,2025-11-10 09:48:00+00:00,14003,14275,block_download_or_coverage,,,2025,E00300,False,59119.0,False,True
20251110_1124_HARP14003_NOAA14275,2025-11-10 11:24:00+00:00,14003,14275,block_download_or_coverage,,,2025,E00300,False,59122.0,False,True
20251110_1300_HARP14003_NOAA14275,2025-11-10 13:00:00+00:00,14003,14275,block_download_or_coverage,,,2025,E00300,False,59125.0,False,True
20251110_1436_HARP14003_NOAA14275,2025-11-10 14:36:00+00:00,14003,14275,block_download_or_coverage,,,2025,E00300,False,59128.0,False,True
20251110_1612_HARP14003_NOAA14275,2025-11-10 16:12:00+00:00,14003,14275,block_download_or_coverage,,,2025,E00300,False,59131.0,False,True
20251110_1748_HARP14003_NOAA14275,2025-11-10 17:48:00+00:00,14003,14275,block_download_or_coverage,,,2025,E00300,False,59134.0,False,True
20251110_1924_HARP14003_NOAA14275,2025-11-10 19:24:00+00:00,14003,14275,block_download_or_coverage,,,2025,E00300,False,59137.0,False,True
20251110_2100_HARP14003_NOAA14275,2025-11-10 21:00:00+00:00,14003,14275,block_download_or_coverage,,,2025,E00300,False,59140.0,False,True
20251110_2236_HARP14003_NOAA14275,2025-11-10 22:36:00+00:00,14003,14275,block_download_or_coverage,,,2025,E00300,False,59143.0,False,True
20251111_0012_HARP14003_NOAA14275,2025-11-11 00:12:00+00:00,14003,14275,block_download_or_coverage,,,2025,E00300,False,59146.0,False,True
20251111_0148_HARP14003_NOAA14275,2025-11-11 01:48:00+00:00,14003,14275,block_download_or_coverage,,,2025,E00300,False,59149.0,False,True
20251111_0324_HARP14003_NOAA14275,2025-11-11 03:24:00+00:00,14003,14275,block_download_or_coverage,,,2025,E00300,False,59152.0,False,True
20251111_0500_HARP14003_NOAA14275,2025-11-11 05:00:00+00:00,14003,14275,block_download_or_coverage,,,2025,E00300,False,59155.0,False,True
20251111_0636_HARP14003_NOAA14275,2025-11-11 06:36:00+00:00,14003,14275,block_download_or_coverage,,,2025,E00300,False,59157.0,False,True
20251111_0812_HARP14003_NOAA14275,2025-11-11 08:12:00+00:00,14003,14275,block_download_or_coverage,,,2025,E00300,False,,,False
20251111_0948_HARP14003_NOAA14275,2025-11-11 09:48:00+00:00,14003,14275,block_download_or_coverage,,,2025,E00300,False,,,False
20251111_1124_HARP14003_NOAA14275,2025-11-11 11:24:00+00:00,14003,14275,block_download_or_coverage,,,2025,E00300,False,,,False
20251111_1300_HARP14003_NOAA14275,2025-11-11 13:00:00+00:00,14003,14275,block_download_or_coverage,,,2025,E00300,False,,,False
20251111_1436_HARP14003_NOAA14275,2025-11-11 14:36:00+00:00,14003,14275,block_download_or_coverage,,,2025,E00300,False,,,False
20251111_1612_HARP14003_NOAA14275,2025-11-11 16:12:00+00:00,14003,14275,block_download_or_coverage,,,2025,E00300,False,,,False
20251111_1748_HARP14003_NOAA14275,2025-11-11 17:48:00+00:00,14003,14275,block_download_or_coverage,,,2025,E00300,False,,,False
20251111_1924_HARP14003_NOAA14275,2025-11-11 19:24:00+00:00,14003,14275,block_download_or_coverage,,,2025,E00300,False,,,False
20251111_2100_HARP14003_NOAA14275,2025-11-11 21:00:00+00:00,14003,14275,block_download_or_coverage,,,2025,E00300,False,,,False
20251111_2236_HARP14003_NOAA14275,2025-11-11 22:36:00+00:00,14003,14275,block_download_or_coverage,,,2025,E00300,False,,,False
20251109_1600_HARP14008_NOAA14278,2025-11-09 16:00:00+00:00,14008,14278,block_download_or_coverage,,,2025,E00301,False,,,False
20251109_1736_HARP14008_NOAA14278,2025-11-09 17:36:00+00:00,14008,14278,block_download_or_coverage,,,2025,E00301,False,,,False
20251109_1912_HARP14008_NOAA14278,2025-11-09 19:12:00+00:00,14008,14278,block_download_or_coverage,,,2025,E00301,False,,,False
20251109_2048_HARP14008_NOAA14278,2025-11-09 20:48:00+00:00,14008,14278,block_download_or_coverage,,,2025,E00301,False,59094.0,False,True
20251109_2224_HARP14008_NOAA14278,2025-11-09 22:24:00+00:00,14008,14278,block_download_or_coverage,,,2025,E00301,False,59097.0,False,True
20251110_0000_HARP14008_NOAA14278,2025-11-10 00:00:00+00:00,14008,14278,block_download_or_coverage,,,2025,E00301,False,59100.0,False,True
20251110_0136_HARP14008_NOAA14278,2025-11-10 01:36:00+00:00,14008,14278,block_download_or_coverage,,,2025,E00301,False,59103.0,False,True
20251110_0312_HARP14008_NOAA14278,2025-11-10 03:12:00+00:00,14008,14278,block_download_or_coverage,,,2025,E00301,False,59106.0,False,True
20251110_0448_HARP14008_NOAA14278,2025-11-10 04:48:00+00:00,14008,14278,block_download_or_coverage,,,2025,E00301,False,59109.0,False,True
20251110_0624_HARP14008_NOAA14278,2025-11-10 06:24:00+00:00,14008,14278,block_download_or_coverage,,,2025,E00301,False,59112.0,False,True
20251110_0800_HARP14008_NOAA14278,2025-11-10 08:00:00+00:00,14008,14278,block_download_or_coverage,,,2025,E00301,False,59115.0,False,True
20251110_0936_HARP14008_NOAA14278,2025-11-10 09:36:00+00:00,14008,14278,block_download_or_coverage,,,2025,E00301,False,59118.0,False,True
20251110_1112_HARP14008_NOAA14278,2025-11-10 11:12:00+00:00,14008,14278,block_download_or_coverage,,,2025,E00301,False,59121.0,False,True
20251110_1248_HARP14008_NOAA14278,2025-11-10 12:48:00+00:00,14008,14278,block_download_or_coverage,,,2025,E00301,False,59124.0,False,True
20251110_1424_HARP14008_NOAA14278,2025-11-10 14:24:00+00:00,14008,14278,block_download_or_coverage,,,2025,E00301,False,59127.0,False,True
20251110_1600_HARP14008_NOAA14278,2025-11-10 16:00:00+00:00,14008,14278,block_download_or_coverage,,,2025,E00301,False,59130.0,False,True
20251110_1736_HARP14008_NOAA14278,2025-11-10 17:36:00+00:00,14008,14278,block_download_or_coverage,,,2025,E00301,False,59133.0,False,True
20251110_1912_HARP14008_NOAA14278,2025-11-10 19:12:00+00:00,14008,14278,block_download_or_coverage,,,2025,E00301,False,59136.0,False,True
20251110_2048_HARP14008_NOAA14278,2025-11-10 20:48:00+00:00,14008,14278,block_download_or_coverage,,,2025,E00301,False,59139.0,False,True
20251110_2224_HARP14008_NOAA14278,2025-11-10 22:24:00+00:00,14008,14278,block_download_or_coverage,,,2025,E00301,False,59142.0,False,True
20251111_0000_HARP14008_NOAA14278,2025-11-11 00:00:00+00:00,14008,14278,block_download_or_coverage,,,2025,E00301,False,59145.0,False,True
20251111_0136_HARP14008_NOAA14278,2025-11-11 01:36:00+00:00,14008,14278,block_download_or_coverage,,,2025,E00301,False,59148.0,False,True
20251111_0312_HARP14008_NOAA14278,2025-11-11 03:12:00+00:00,14008,14278,block_download_or_coverage,,,2025,E00301,False,59151.0,False,True
20251111_0448_HARP14008_NOAA14278,2025-11-11 04:48:00+00:00,14008,14278,block_download_or_coverage,,,2025,E00301,False,59154.0,False,True
20251111_0624_HARP14008_NOAA14278,2025-11-11 06:24:00+00:00,14008,14278,block_download_or_coverage,,,2025,E00301,False,59156.0,False,True
20251111_0800_HARP14008_NOAA14278,2025-11-11 08:00:00+00:00,14008,14278,block_download_or_coverage,,,2025,E00301,False,,,False
20251111_0936_HARP14008_NOAA14278,2025-11-11 09:36:00+00:00,14008,14278,block_download_or_coverage,,,2025,E00301,False,,,False
20251111_1112_HARP14008_NOAA14278,2025-11-11 11:12:00+00:00,14008,14278,block_download_or_coverage,,,2025,E00301,False,,,False
20251111_1248_HARP14008_NOAA14278,2025-11-11 12:48:00+00:00,14008,14278,block_download_or_coverage,,,2025,E00301,False,,,False
20251111_1424_HARP14008_NOAA14278,2025-11-11 14:24:00+00:00,14008,14278,block_download_or_coverage,,,2025,E00301,False,,,False
20251111_1600_HARP14008_NOAA14278,2025-11-11 16:00:00+00:00,14008,14278,block_download_or_coverage,,,2025,E00301,False,,,False
20251111_1736_HARP14008_NOAA14278,2025-11-11 17:36:00+00:00,14008,14278,block_download_or_coverage,,,2025,E00301,False,,,False
20251112_2100_HARP14008_NOAA14278,2025-11-12 21:00:00+00:00,14008,14278,block_download_or_coverage,,,2025,E00302,False,,,False
20251112_2236_HARP14008_NOAA14278,2025-11-12 22:36:00+00:00,14008,14278,block_download_or_coverage,,,2025,E00302,False,,,False
20251113_0012_HARP14008_NOAA14278,2025-11-13 00:12:00+00:00,14008,14278,block_download_or_coverage,,,2025,E00302,False,,,False
20251113_0148_HARP14008_NOAA14278,2025-11-13 01:48:00+00:00,14008,14278,block_download_or_coverage,,,2025,E00302,False,,,False
20251113_0324_HARP14008_NOAA14278,2025-11-13 03:24:00+00:00,14008,14278,block_download_or_coverage,,,2025,E00302,False,,,False
20251113_0500_HARP14008_NOAA14278,2025-11-13 05:00:00+00:00,14008,14278,block_download_or_coverage,,,2025,E00302,False,,,False
20251113_0636_HARP14008_NOAA14278,2025-11-13 06:36:00+00:00,14008,14278,block_download_or_coverage,,,2025,E00302,False,,,False
20251113_0812_HARP14008_NOAA14278,2025-11-13 08:12:00+00:00,14008,14278,block_download_or_coverage,,,2025,E00302,False,,,False
20251113_0948_HARP14008_NOAA14278,2025-11-13 09:48:00+00:00,14008,14278,block_download_or_coverage,,,2025,E00302,False,,,False
20251113_1124_HARP14008_NOAA14278,2025-11-13 11:24:00+00:00,14008,14278,block_download_or_coverage,,,2025,E00302,False,,,False
20251113_1300_HARP14008_NOAA14278,2025-11-13 13:00:00+00:00,14008,14278,block_download_or_coverage,,,2025,E00302,False,,,False
20251113_1436_HARP14008_NOAA14278,2025-11-13 14:36:00+00:00,14008,14278,block_download_or_coverage,,,2025,E00302,False,,,False
20251113_1612_HARP14008_NOAA14278,2025-11-13 16:12:00+00:00,14008,14278,block_download_or_coverage,,,2025,E00302,False,,,False
20251113_1748_HARP14008_NOAA14278,2025-11-13 17:48:00+00:00,14008,14278,block_download_or_coverage,,,2025,E00302,False,,,False
20251113_1924_HARP14008_NOAA14278,2025-11-13 19:24:00+00:00,14008,14278,block_download_or_coverage,,,2025,E00302,False,,,False
20251113_2100_HARP14008_NOAA14278,2025-11-13 21:00:00+00:00,14008,14278,block_download_or_coverage,,,2025,E00302,False,,,False
20251113_2236_HARP14008_NOAA14278,2025-11-13 22:36:00+00:00,14008,14278,block_download_or_coverage,,,2025,E00302,False,,,False
20251114_0012_HARP14008_NOAA14278,2025-11-14 00:12:00+00:00,14008,14278,block_download_or_coverage,,,2025,E00302,False,,,False
20251114_0148_HARP14008_NOAA14278,2025-11-14 01:48:00+00:00,14008,14278,block_download_or_coverage,,,2025,E00302,False,,,False
20251114_0324_HARP14008_NOAA14278,2025-11-14 03:24:00+00:00,14008,14278,block_download_or_coverage,,,2025,E00302,False,,,False
20251114_0500_HARP14008_NOAA14278,2025-11-14 05:00:00+00:00,14008,14278,block_download_or_coverage,,,2025,E00302,False,,,False
20251110_1024_HARP14009_NOAA14276,2025-11-10 10:24:00+00:00,14009,14276,block_download_or_coverage,,,2025,E00303,False,,,False
20251110_1200_HARP14009_NOAA14276,2025-11-10 12:00:00+00:00,14009,14276,block_download_or_coverage,,,2025,E00303,False,,,False
20251110_1336_HARP14009_NOAA14276,2025-11-10 13:36:00+00:00,14009,14276,block_download_or_coverage,,,2025,E00303,False,,,False
20251110_1512_HARP14009_NOAA14276,2025-11-10 15:12:00+00:00,14009,14276,block_download_or_coverage,,,2025,E00303,False,,,False
20251110_1648_HARP14009_NOAA14276,2025-11-10 16:48:00+00:00,14009,14276,block_download_or_coverage,,,2025,E00303,False,,,False
20251110_1824_HARP14009_NOAA14276,2025-11-10 18:24:00+00:00,14009,14276,block_download_or_coverage,,,2025,E00303,False,,,False
20251110_2000_HARP14009_NOAA14276,2025-11-10 20:00:00+00:00,14009,14276,block_download_or_coverage,,,2025,E00303,False,,,False
20251110_2136_HARP14009_NOAA14276,2025-11-10 21:36:00+00:00,14009,14276,block_download_or_coverage,,,2025,E00303,False,,,False
20251110_2312_HARP14009_NOAA14276,2025-11-10 23:12:00+00:00,14009,14276,block_download_or_coverage,,,2025,E00303,False,,,False
20251111_0048_HARP14009_NOAA14276,2025-11-11 00:48:00+00:00,14009,14276,block_download_or_coverage,,,2025,E00303,False,,,False
20251111_0224_HARP14009_NOAA14276,2025-11-11 02:24:00+00:00,14009,14276,block_download_or_coverage,,,2025,E00303,False,,,False
20251111_0400_HARP14009_NOAA14276,2025-11-11 04:00:00+00:00,14009,14276,block_download_or_coverage,,,2025,E00303,False,,,False
20251111_0536_HARP14009_NOAA14276,2025-11-11 05:36:00+00:00,14009,14276,block_download_or_coverage,,,2025,E00303,False,,,False
20251111_0712_HARP14009_NOAA14276,2025-11-11 07:12:00+00:00,14009,14276,block_download_or_coverage,,,2025,E00303,False,,,False
20251111_0848_HARP14009_NOAA14276,2025-11-11 08:48:00+00:00,14009,14276,block_download_or_coverage,,,2025,E00303,False,,,False
20251111_1024_HARP14009_NOAA14276,2025-11-11 10:24:00+00:00,14009,14276,block_download_or_coverage,,,2025,E00303,False,,,False
20251111_1200_HARP14009_NOAA14276,2025-11-11 12:00:00+00:00,14009,14276,block_download_or_coverage,,,2025,E00303,False,,,False
20251111_1336_HARP14009_NOAA14276,2025-11-11 13:36:00+00:00,14009,14276,block_download_or_coverage,,,2025,E00303,False,,,False
20251111_1512_HARP14009_NOAA14276,2025-11-11 15:12:00+00:00,14009,14276,block_download_or_coverage,,,2025,E00303,False,,,False
20251111_1648_HARP14009_NOAA14276,2025-11-11 16:48:00+00:00,14009,14276,block_download_or_coverage,,,2025,E00303,False,,,False
20251111_1824_HARP14009_NOAA14276,2025-11-11 18:24:00+00:00,14009,14276,block_download_or_coverage,,,2025,E00303,False,,,False
20251111_2000_HARP14009_NOAA14276,2025-11-11 20:00:00+00:00,14009,14276,block_download_or_coverage,,,2025,E00303,False,,,False
20251111_2136_HARP14009_NOAA14276,2025-11-11 21:36:00+00:00,14009,14276,block_download_or_coverage,,,2025,E00303,False,,,False
20251111_2312_HARP14009_NOAA14276,2025-11-11 23:12:00+00:00,14009,14276,block_download_or_coverage,,,2025,E00303,False,,,False
20251112_0048_HARP14009_NOAA14276,2025-11-12 00:48:00+00:00,14009,14276,block_download_or_coverage,,,2025,E00303,False,,,False
20251112_0224_HARP14009_NOAA14276,2025-11-12 02:24:00+00:00,14009,14276,block_download_or_coverage,,,2025,E00303,False,,,False
20251112_0400_HARP14009_NOAA14276,2025-11-12 04:00:00+00:00,14009,14276,block_download_or_coverage,,,2025,E00303,False,,,False
20251112_0536_HARP14009_NOAA14276,2025-11-12 05:36:00+00:00,14009,14276,block_download_or_coverage,,,2025,E00303,False,,,False
20251112_0712_HARP14009_NOAA14276,2025-11-12 07:12:00+00:00,14009,14276,block_download_or_coverage,,,2025,E00303,False,,,False
20251112_0848_HARP14009_NOAA14276,2025-11-12 08:48:00+00:00,14009,14276,block_download_or_coverage,,,2025,E00303,False,,,False
20251112_1024_HARP14009_NOAA14276,2025-11-12 10:24:00+00:00,14009,14276,block_download_or_coverage,,,2025,E00303,False,,,False
20251112_1200_HARP14009_NOAA14276,2025-11-12 12:00:00+00:00,14009,14276,block_download_or_coverage,,,2025,E00303,False,,,False
20251112_1336_HARP14009_NOAA14276,2025-11-12 13:36:00+00:00,14009,14276,block_download_or_coverage,,,2025,E00303,False,,,False
20251112_1512_HARP14009_NOAA14276,2025-11-12 15:12:00+00:00,14009,14276,block_download_or_coverage,,,2025,E00303,False,,,False
20251112_1648_HARP14009_NOAA14276,2025-11-12 16:48:00+00:00,14009,14276,block_download_or_coverage,,,2025,E00303,False,,,False
20251112_1824_HARP14009_NOAA14276,2025-11-12 18:24:00+00:00,14009,14276,block_download_or_coverage,,,2025,E00303,False,,,False
20251112_2012_HARP14009_NOAA14276,2025-11-12 20:12:00+00:00,14009,14276,block_download_or_coverage,,,2025,E00303,False,,,False
20251112_2148_HARP14009_NOAA14276,2025-11-12 21:48:00+00:00,14009,14276,block_download_or_coverage,,,2025,E00303,False,,,False
20251112_2324_HARP14009_NOAA14276,2025-11-12 23:24:00+00:00,14009,14276,block_download_or_coverage,,,2025,E00303,False,,,False
20251113_0100_HARP14009_NOAA14276,2025-11-13 01:00:00+00:00,14009,14276,block_download_or_coverage,,,2025,E00303,False,,,False
20251113_0236_HARP14009_NOAA14276,2025-11-13 02:36:00+00:00,14009,14276,block_download_or_coverage,,,2025,E00303,False,,,False
20251113_0412_HARP14009_NOAA14276,2025-11-13 04:12:00+00:00,14009,14276,block_download_or_coverage,,,2025,E00303,False,,,False
20251113_0548_HARP14009_NOAA14276,2025-11-13 05:48:00+00:00,14009,14276,block_download_or_coverage,,,2025,E00303,False,,,False
20251113_0724_HARP14009_NOAA14276,2025-11-13 07:24:00+00:00,14009,14276,block_download_or_coverage,,,2025,E00303,False,,,False
20251113_0900_HARP14009_NOAA14276,2025-11-13 09:00:00+00:00,14009,14276,block_download_or_coverage,,,2025,E00303,False,,,False
20251114_2012_HARP14009_NOAA14276,2025-11-14 20:12:00+00:00,14009,14276,block_download_or_coverage,,,2025,E00304,False,,,False
20251114_2148_HARP14009_NOAA14276,2025-11-14 21:48:00+00:00,14009,14276,block_download_or_coverage,,,2025,E00304,False,,,False
20251114_2324_HARP14009_NOAA14276,2025-11-14 23:24:00+00:00,14009,14276,block_download_or_coverage,,,2025,E00304,False,,,False
20251115_0100_HARP14009_NOAA14276,2025-11-15 01:00:00+00:00,14009,14276,block_download_or_coverage,,,2025,E00304,False,59174.0,False,True
20251115_0236_HARP14009_NOAA14276,2025-11-15 02:36:00+00:00,14009,14276,block_download_or_coverage,,,2025,E00304,False,59177.0,False,True
20251115_0412_HARP14009_NOAA14276,2025-11-15 04:12:00+00:00,14009,14276,block_download_or_coverage,,,2025,E00304,False,59180.0,False,True
20251113_1036_HARP14009_NOAA14276,2025-11-13 10:36:00+00:00,14009,14276,crop_patch_boundary,2025_HARP14009_20251113_1036_20251114_0900,"ValueError('Target crop leaves block patch: bounds=(-62, 1952, -94, 1919), shape=(1834, 1834)')",2025,E00305,True,,,False
20251113_1212_HARP14009_NOAA14276,2025-11-13 12:12:00+00:00,14009,14276,crop_patch_boundary,2025_HARP14009_20251113_1036_20251114_0900,"ValueError('Target crop leaves block patch: bounds=(-61, 1947, -89, 1919), shape=(1834, 1834)')",2025,E00305,True,,,False
20251113_1348_HARP14009_NOAA14276,2025-11-13 13:48:00+00:00,14009,14276,crop_patch_boundary,2025_HARP14009_20251113_1036_20251114_0900,"ValueError('Target crop leaves block patch: bounds=(-60, 1941, -85, 1916), shape=(1834, 1834)')",2025,E00305,True,,,False
20251113_1524_HARP14009_NOAA14276,2025-11-13 15:24:00+00:00,14009,14276,crop_patch_boundary,2025_HARP14009_20251113_1036_20251114_0900,"ValueError('Target crop leaves block patch: bounds=(-57, 1937, -81, 1913), shape=(1834, 1834)')",2025,E00305,True,,,False
20251113_1700_HARP14009_NOAA14276,2025-11-13 17:00:00+00:00,14009,14276,crop_patch_boundary,2025_HARP14009_20251113_1036_20251114_0900,"ValueError('Target crop leaves block patch: bounds=(-57, 1930, -76, 1911), shape=(1834, 1834)')",2025,E00305,True,,,False
20251113_1836_HARP14009_NOAA14276,2025-11-13 18:36:00+00:00,14009,14276,crop_patch_boundary,2025_HARP14009_20251113_1036_20251114_0900,"ValueError('Target crop leaves block patch: bounds=(-67, 1924, -79, 1913), shape=(1834, 1834)')",2025,E00305,True,,,False
20251113_2012_HARP14009_NOAA14276,2025-11-13 20:12:00+00:00,14009,14276,crop_patch_boundary,2025_HARP14009_20251113_1036_20251114_0900,"ValueError('Target crop leaves block patch: bounds=(-72, 1916, -78, 1911), shape=(1834, 1834)')",2025,E00305,True,,,False
20251113_2148_HARP14009_NOAA14276,2025-11-13 21:48:00+00:00,14009,14276,crop_patch_boundary,2025_HARP14009_20251113_1036_20251114_0900,"ValueError('Target crop leaves block patch: bounds=(-74, 1907, -75, 1907), shape=(1834, 1834)')",2025,E00305,True,,,False
20251113_2324_HARP14009_NOAA14276,2025-11-13 23:24:00+00:00,14009,14276,crop_patch_boundary,2025_HARP14009_20251113_1036_20251114_0900,"ValueError('Target crop leaves block patch: bounds=(-85, 1900, -75, 1910), shape=(1834, 1834)')",2025,E00305,True,,,False
20251114_0100_HARP14009_NOAA14276,2025-11-14 01:00:00+00:00,14009,14276,crop_patch_boundary,2025_HARP14009_20251113_1036_20251114_0900,"ValueError('Target crop leaves block patch: bounds=(-85, 1892, -71, 1906), shape=(1834, 1834)')",2025,E00305,True,,,False
20251114_0236_HARP14009_NOAA14276,2025-11-14 02:36:00+00:00,14009,14276,crop_patch_boundary,2025_HARP14009_20251113_1036_20251114_0900,"ValueError('Target crop leaves block patch: bounds=(-84, 1883, -66, 1900), shape=(1834, 1834)')",2025,E00305,True,,,False
20251114_0412_HARP14009_NOAA14276,2025-11-14 04:12:00+00:00,14009,14276,crop_patch_boundary,2025_HARP14009_20251113_1036_20251114_0900,"ValueError('Target crop leaves block patch: bounds=(-81, 1875, -61, 1895), shape=(1834, 1834)')",2025,E00305,True,,,False
20251114_0548_HARP14009_NOAA14276,2025-11-14 05:48:00+00:00,14009,14276,crop_patch_boundary,2025_HARP14009_20251113_1036_20251114_0900,"ValueError('Target crop leaves block patch: bounds=(-75, 1866, -54, 1886), shape=(1834, 1834)')",2025,E00305,True,,,False
20251114_0724_HARP14009_NOAA14276,2025-11-14 07:24:00+00:00,14009,14276,crop_patch_boundary,2025_HARP14009_20251113_1036_20251114_0900,"ValueError('Target crop leaves block patch: bounds=(-76, 1855, -51, 1880), shape=(1834, 1834)')",2025,E00305,True,,,False
20251114_0900_HARP14009_NOAA14276,2025-11-14 09:00:00+00:00,14009,14276,crop_patch_boundary,2025_HARP14009_20251113_1036_20251114_0900,"ValueError('Target crop leaves block patch: bounds=(-75, 1844, -45, 1874), shape=(1834, 1834)')",2025,E00305,True,,,False
20251114_1036_HARP14009_NOAA14276,2025-11-14 10:36:00+00:00,14009,14276,crop_patch_boundary,2025_HARP14009_20251114_1036_20251115_0412,"ValueError('Target crop leaves block patch: bounds=(7, 1915, -29, 1879), shape=(1834, 1834)')",2025,E00305,True,,,False
20251114_1212_HARP14009_NOAA14276,2025-11-14 12:12:00+00:00,14009,14276,crop_patch_boundary,2025_HARP14009_20251114_1036_20251115_0412,"ValueError('Target crop leaves block patch: bounds=(7, 1905, -24, 1873), shape=(1834, 1834)')",2025,E00305,True,,,False
20251114_1348_HARP14009_NOAA14276,2025-11-14 13:48:00+00:00,14009,14276,crop_patch_boundary,2025_HARP14009_20251114_1036_20251115_0412,"ValueError('Target crop leaves block patch: bounds=(7, 1892, -19, 1866), shape=(1834, 1834)')",2025,E00305,True,,,False
20251114_1524_HARP14009_NOAA14276,2025-11-14 15:24:00+00:00,14009,14276,crop_patch_boundary,2025_HARP14009_20251114_1036_20251115_0412,"ValueError('Target crop leaves block patch: bounds=(11, 1874, -7, 1856), shape=(1834, 1834)')",2025,E00305,True,,,False
20251114_1700_HARP14009_NOAA14276,2025-11-14 17:00:00+00:00,14009,14276,crop_patch_boundary,2025_HARP14009_20251114_1036_20251115_0412,"ValueError('Target crop leaves block patch: bounds=(15, 1855, 2, 1842), shape=(1834, 1834)')",2025,E00305,True,,,False
20251114_1836_HARP14009_NOAA14276,2025-11-14 18:36:00+00:00,14009,14276,crop_patch_boundary,2025_HARP14009_20251114_1036_20251115_0412,"ValueError('Target crop leaves block patch: bounds=(19, 1838, 8, 1827), shape=(1834, 1834)')",2025,E00305,True,,,False
20251108_0936_HARP14018_NOAA14281,2025-11-08 09:36:00+00:00,14018,14281,block_download_or_coverage,,,2025,E00306,False,,,False
20251108_1112_HARP14018_NOAA14281,2025-11-08 11:12:00+00:00,14018,14281,block_download_or_coverage,,,2025,E00306,False,,,False
20251108_1248_HARP14018_NOAA14281,2025-11-08 12:48:00+00:00,14018,14281,block_download_or_coverage,,,2025,E00306,False,,,False
20251108_1424_HARP14018_NOAA14281,2025-11-08 14:24:00+00:00,14018,14281,block_download_or_coverage,,,2025,E00306,False,59058.0,False,True
20251108_1600_HARP14018_NOAA14281,2025-11-08 16:00:00+00:00,14018,14281,block_download_or_coverage,,,2025,E00306,False,59060.0,False,True
20251108_1736_HARP14018_NOAA14281,2025-11-08 17:36:00+00:00,14018,14281,block_download_or_coverage,,,2025,E00306,False,59062.0,False,True
20251108_1912_HARP14018_NOAA14281,2025-11-08 19:12:00+00:00,14018,14281,block_download_or_coverage,,,2025,E00306,False,59064.0,False,True
20251108_2048_HARP14018_NOAA14281,2025-11-08 20:48:00+00:00,14018,14281,block_download_or_coverage,,,2025,E00306,False,59066.0,False,True
20251108_2224_HARP14018_NOAA14281,2025-11-08 22:24:00+00:00,14018,14281,block_download_or_coverage,,,2025,E00306,False,59068.0,False,True
20251109_0000_HARP14018_NOAA14281,2025-11-09 00:00:00+00:00,14018,14281,block_download_or_coverage,,,2025,E00306,False,59070.0,False,True
20251109_0136_HARP14018_NOAA14281,2025-11-09 01:36:00+00:00,14018,14281,block_download_or_coverage,,,2025,E00306,False,59072.0,False,True
20251109_0312_HARP14018_NOAA14281,2025-11-09 03:12:00+00:00,14018,14281,block_download_or_coverage,,,2025,E00306,False,59074.0,False,True
20251109_0448_HARP14018_NOAA14281,2025-11-09 04:48:00+00:00,14018,14281,block_download_or_coverage,,,2025,E00306,False,59076.0,False,True
20251109_0624_HARP14018_NOAA14281,2025-11-09 06:24:00+00:00,14018,14281,block_download_or_coverage,,,2025,E00306,False,59078.0,False,True
20251109_0800_HARP14018_NOAA14281,2025-11-09 08:00:00+00:00,14018,14281,block_download_or_coverage,,,2025,E00306,False,59079.0,False,True
20251109_0936_HARP14018_NOAA14281,2025-11-09 09:36:00+00:00,14018,14281,block_download_or_coverage,,,2025,E00306,False,59080.0,False,True
20251109_1112_HARP14018_NOAA14281,2025-11-09 11:12:00+00:00,14018,14281,block_download_or_coverage,,,2025,E00306,False,,,False
20251114_1236_HARP14024_NOAA14280,2025-11-14 12:36:00+00:00,14024,14280,block_download_or_coverage,,,2025,E00307,False,59161.0,False,True
20251114_1412_HARP14024_NOAA14280,2025-11-14 14:12:00+00:00,14024,14280,block_download_or_coverage,,,2025,E00307,False,59162.0,False,True
20251114_1548_HARP14024_NOAA14280,2025-11-14 15:48:00+00:00,14024,14280,block_download_or_coverage,,,2025,E00307,False,59163.0,False,True
20251114_1724_HARP14024_NOAA14280,2025-11-14 17:24:00+00:00,14024,14280,block_download_or_coverage,,,2025,E00307,False,59164.0,False,True
20251114_1900_HARP14024_NOAA14280,2025-11-14 19:00:00+00:00,14024,14280,block_download_or_coverage,,,2025,E00307,False,59166.0,False,True
20251114_2036_HARP14024_NOAA14280,2025-11-14 20:36:00+00:00,14024,14280,block_download_or_coverage,,,2025,E00307,False,59168.0,False,True
20251114_2212_HARP14024_NOAA14280,2025-11-14 22:12:00+00:00,14024,14280,block_download_or_coverage,,,2025,E00307,False,59170.0,False,True
20251114_2348_HARP14024_NOAA14280,2025-11-14 23:48:00+00:00,14024,14280,block_download_or_coverage,,,2025,E00307,False,59172.0,False,True
20251115_0124_HARP14024_NOAA14280,2025-11-15 01:24:00+00:00,14024,14280,block_download_or_coverage,,,2025,E00307,False,59175.0,False,True
20251115_0300_HARP14024_NOAA14280,2025-11-15 03:00:00+00:00,14024,14280,block_download_or_coverage,,,2025,E00307,False,59178.0,False,True
20251115_0436_HARP14024_NOAA14280,2025-11-15 04:36:00+00:00,14024,14280,block_download_or_coverage,,,2025,E00307,False,59181.0,False,True
20251115_0612_HARP14024_NOAA14280,2025-11-15 06:12:00+00:00,14024,14280,block_download_or_coverage,,,2025,E00307,False,59183.0,False,True
20251115_0748_HARP14024_NOAA14280,2025-11-15 07:48:00+00:00,14024,14280,block_download_or_coverage,,,2025,E00307,False,59185.0,False,True
20251115_0924_HARP14024_NOAA14280,2025-11-15 09:24:00+00:00,14024,14280,block_download_or_coverage,,,2025,E00307,False,59187.0,False,True
20251115_1100_HARP14024_NOAA14280,2025-11-15 11:00:00+00:00,14024,14280,block_download_or_coverage,,,2025,E00307,False,59189.0,False,True
20251115_1236_HARP14024_NOAA14280,2025-11-15 12:36:00+00:00,14024,14280,block_download_or_coverage,,,2025,E00307,False,59191.0,False,True
20251115_1412_HARP14024_NOAA14280,2025-11-15 14:12:00+00:00,14024,14280,block_download_or_coverage,,,2025,E00307,False,,,False
20251115_1548_HARP14024_NOAA14280,2025-11-15 15:48:00+00:00,14024,14280,block_download_or_coverage,,,2025,E00307,False,,,False
20251115_1724_HARP14024_NOAA14280,2025-11-15 17:24:00+00:00,14024,14280,block_download_or_coverage,,,2025,E00307,False,,,False
20251115_1900_HARP14024_NOAA14280,2025-11-15 19:00:00+00:00,14024,14280,block_download_or_coverage,,,2025,E00307,False,,,False
20251115_2036_HARP14024_NOAA14280,2025-11-15 20:36:00+00:00,14024,14280,block_download_or_coverage,,,2025,E00307,False,,,False
20251115_2212_HARP14024_NOAA14280,2025-11-15 22:12:00+00:00,14024,14280,block_download_or_coverage,,,2025,E00307,False,,,False
20251115_2348_HARP14024_NOAA14280,2025-11-15 23:48:00+00:00,14024,14280,block_download_or_coverage,,,2025,E00307,False,,,False
20251116_0124_HARP14024_NOAA14280,2025-11-16 01:24:00+00:00,14024,14280,block_download_or_coverage,,,2025,E00307,False,,,False
20251116_0300_HARP14024_NOAA14280,2025-11-16 03:00:00+00:00,14024,14280,block_download_or_coverage,,,2025,E00307,False,,,False
20251116_0436_HARP14024_NOAA14280,2025-11-16 04:36:00+00:00,14024,14280,block_download_or_coverage,,,2025,E00307,False,,,False
20251116_0612_HARP14024_NOAA14280,2025-11-16 06:12:00+00:00,14024,14280,block_download_or_coverage,,,2025,E00307,False,,,False
20251116_0748_HARP14024_NOAA14280,2025-11-16 07:48:00+00:00,14024,14280,block_download_or_coverage,,,2025,E00307,False,,,False
20251116_0924_HARP14024_NOAA14280,2025-11-16 09:24:00+00:00,14024,14280,block_download_or_coverage,,,2025,E00307,False,,,False
20251116_1100_HARP14024_NOAA14280,2025-11-16 11:00:00+00:00,14024,14280,block_download_or_coverage,,,2025,E00307,False,,,False
20251116_1412_HARP14024_NOAA14280,2025-11-16 14:12:00+00:00,14024,14280,block_download_or_coverage,,,2025,E00307,False,,,False
20251116_1548_HARP14024_NOAA14280,2025-11-16 15:48:00+00:00,14024,14280,block_download_or_coverage,,,2025,E00307,False,,,False
20251116_1724_HARP14024_NOAA14280,2025-11-16 17:24:00+00:00,14024,14280,block_download_or_coverage,,,2025,E00307,False,,,False
20251116_1900_HARP14024_NOAA14280,2025-11-16 19:00:00+00:00,14024,14280,block_download_or_coverage,,,2025,E00307,False,,,False
20251116_2036_HARP14024_NOAA14280,2025-11-16 20:36:00+00:00,14024,14280,block_download_or_coverage,,,2025,E00307,False,,,False
20251116_2212_HARP14024_NOAA14280,2025-11-16 22:12:00+00:00,14024,14280,block_download_or_coverage,,,2025,E00307,False,,,False
20251116_2348_HARP14024_NOAA14280,2025-11-16 23:48:00+00:00,14024,14280,block_download_or_coverage,,,2025,E00307,False,,,False
20251117_0124_HARP14024_NOAA14280,2025-11-17 01:24:00+00:00,14024,14280,block_download_or_coverage,,,2025,E00307,False,,,False
20251117_0300_HARP14024_NOAA14280,2025-11-17 03:00:00+00:00,14024,14280,block_download_or_coverage,,,2025,E00307,False,,,False
20251117_0436_HARP14024_NOAA14280,2025-11-17 04:36:00+00:00,14024,14280,block_download_or_coverage,,,2025,E00307,False,,,False
20251117_0612_HARP14024_NOAA14280,2025-11-17 06:12:00+00:00,14024,14280,block_download_or_coverage,,,2025,E00307,False,,,False
20251117_0748_HARP14024_NOAA14280,2025-11-17 07:48:00+00:00,14024,14280,block_download_or_coverage,,,2025,E00307,False,,,False
20251117_0924_HARP14024_NOAA14280,2025-11-17 09:24:00+00:00,14024,14280,block_download_or_coverage,,,2025,E00307,False,,,False
20251117_1100_HARP14024_NOAA14280,2025-11-17 11:00:00+00:00,14024,14280,block_download_or_coverage,,,2025,E00307,False,,,False
20251117_1236_HARP14024_NOAA14280,2025-11-17 12:36:00+00:00,14024,14280,block_download_or_coverage,,,2025,E00307,False,,,False
20251117_1412_HARP14024_NOAA14280,2025-11-17 14:12:00+00:00,14024,14280,block_download_or_coverage,,,2025,E00307,False,,,False
20251117_1548_HARP14024_NOAA14280,2025-11-17 15:48:00+00:00,14024,14280,block_download_or_coverage,,,2025,E00307,False,,,False
20251117_1724_HARP14024_NOAA14280,2025-11-17 17:24:00+00:00,14024,14280,block_download_or_coverage,,,2025,E00307,False,,,False
20251117_1900_HARP14024_NOAA14280,2025-11-17 19:00:00+00:00,14024,14280,block_download_or_coverage,,,2025,E00307,False,,,False
20251117_2036_HARP14024_NOAA14280,2025-11-17 20:36:00+00:00,14024,14280,block_download_or_coverage,,,2025,E00307,False,,,False
20251117_2212_HARP14024_NOAA14280,2025-11-17 22:12:00+00:00,14024,14280,block_download_or_coverage,,,2025,E00307,False,,,False
20251117_2348_HARP14024_NOAA14280,2025-11-17 23:48:00+00:00,14024,14280,block_download_or_coverage,,,2025,E00307,False,,,False
20251115_1336_HARP14045_NOAA14283,2025-11-15 13:36:00+00:00,14045,14283,block_download_or_coverage,,,2025,E00308,False,59192.0,False,True
20251115_1512_HARP14045_NOAA14283,2025-11-15 15:12:00+00:00,14045,14283,block_download_or_coverage,,,2025,E00308,False,59193.0,False,True
20251115_1648_HARP14045_NOAA14283,2025-11-15 16:48:00+00:00,14045,14283,block_download_or_coverage,,,2025,E00308,False,59194.0,False,True
20251115_1824_HARP14045_NOAA14283,2025-11-15 18:24:00+00:00,14045,14283,block_download_or_coverage,,,2025,E00308,False,59195.0,False,True
20251115_2000_HARP14045_NOAA14283,2025-11-15 20:00:00+00:00,14045,14283,block_download_or_coverage,,,2025,E00308,False,59196.0,False,True
20251115_2136_HARP14045_NOAA14283,2025-11-15 21:36:00+00:00,14045,14283,block_download_or_coverage,,,2025,E00308,False,59197.0,False,True
20251115_2312_HARP14045_NOAA14283,2025-11-15 23:12:00+00:00,14045,14283,block_download_or_coverage,,,2025,E00308,False,59198.0,False,True
20251116_0048_HARP14045_NOAA14283,2025-11-16 00:48:00+00:00,14045,14283,block_download_or_coverage,,,2025,E00308,False,59199.0,False,True
20251116_0224_HARP14045_NOAA14283,2025-11-16 02:24:00+00:00,14045,14283,block_download_or_coverage,,,2025,E00308,False,59200.0,False,True
20251116_0400_HARP14045_NOAA14283,2025-11-16 04:00:00+00:00,14045,14283,block_download_or_coverage,,,2025,E00308,False,59201.0,False,True
20251116_0536_HARP14045_NOAA14283,2025-11-16 05:36:00+00:00,14045,14283,block_download_or_coverage,,,2025,E00308,False,59202.0,False,True
20251116_0712_HARP14045_NOAA14283,2025-11-16 07:12:00+00:00,14045,14283,block_download_or_coverage,,,2025,E00308,False,59203.0,False,True
20251116_0848_HARP14045_NOAA14283,2025-11-16 08:48:00+00:00,14045,14283,block_download_or_coverage,,,2025,E00308,False,59204.0,False,True
20251116_1024_HARP14045_NOAA14283,2025-11-16 10:24:00+00:00,14045,14283,block_download_or_coverage,,,2025,E00308,False,59205.0,False,True
20251116_1200_HARP14045_NOAA14283,2025-11-16 12:00:00+00:00,14045,14283,block_download_or_coverage,,,2025,E00308,False,59206.0,False,True
20251118_1348_HARP14045_NOAA14283,2025-11-18 13:48:00+00:00,14045,14283,block_download_or_coverage,,,2025,E00309,False,,,False
20251116_0912_HARP14054_NOAA14284,2025-11-16 09:12:00+00:00,14054,14284,block_download_or_coverage,,,2025,E00310,False,,,False
20251116_1048_HARP14054_NOAA14284,2025-11-16 10:48:00+00:00,14054,14284,block_download_or_coverage,,,2025,E00310,False,,,False
20251116_1224_HARP14054_NOAA14284,2025-11-16 12:24:00+00:00,14054,14284,block_download_or_coverage,,,2025,E00310,False,,,False
20251116_1400_HARP14054_NOAA14284,2025-11-16 14:00:00+00:00,14054,14284,block_download_or_coverage,,,2025,E00310,False,59208.0,False,True
20251116_1536_HARP14054_NOAA14284,2025-11-16 15:36:00+00:00,14054,14284,block_download_or_coverage,,,2025,E00310,False,59210.0,False,True
20251116_1712_HARP14054_NOAA14284,2025-11-16 17:12:00+00:00,14054,14284,block_download_or_coverage,,,2025,E00310,False,59212.0,False,True
20251116_1848_HARP14054_NOAA14284,2025-11-16 18:48:00+00:00,14054,14284,block_download_or_coverage,,,2025,E00310,False,59214.0,False,True
20251116_2024_HARP14054_NOAA14284,2025-11-16 20:24:00+00:00,14054,14284,block_download_or_coverage,,,2025,E00310,False,59216.0,False,True
20251116_2200_HARP14054_NOAA14284,2025-11-16 22:00:00+00:00,14054,14284,block_download_or_coverage,,,2025,E00310,False,59218.0,False,True
20251116_2336_HARP14054_NOAA14284,2025-11-16 23:36:00+00:00,14054,14284,block_download_or_coverage,,,2025,E00310,False,59220.0,False,True
20251117_0112_HARP14054_NOAA14284,2025-11-17 01:12:00+00:00,14054,14284,block_download_or_coverage,,,2025,E00310,False,59222.0,False,True
20251117_0248_HARP14054_NOAA14284,2025-11-17 02:48:00+00:00,14054,14284,block_download_or_coverage,,,2025,E00310,False,59224.0,False,True
20251117_0424_HARP14054_NOAA14284,2025-11-17 04:24:00+00:00,14054,14284,block_download_or_coverage,,,2025,E00310,False,59226.0,False,True
20251117_0736_HARP14054_NOAA14284,2025-11-17 07:36:00+00:00,14054,14284,block_download_or_coverage,,,2025,E00310,False,,,False
20251117_0912_HARP14054_NOAA14284,2025-11-17 09:12:00+00:00,14054,14284,block_download_or_coverage,,,2025,E00310,False,,,False
20251117_1048_HARP14054_NOAA14284,2025-11-17 10:48:00+00:00,14054,14284,block_download_or_coverage,,,2025,E00310,False,,,False
20251117_1224_HARP14054_NOAA14284,2025-11-17 12:24:00+00:00,14054,14284,block_download_or_coverage,,,2025,E00310,False,59232.0,False,True
20251117_1400_HARP14054_NOAA14284,2025-11-17 14:00:00+00:00,14054,14284,block_download_or_coverage,,,2025,E00310,False,59234.0,False,True
20251117_1536_HARP14054_NOAA14284,2025-11-17 15:36:00+00:00,14054,14284,block_download_or_coverage,,,2025,E00310,False,59236.0,False,True
20251117_1712_HARP14054_NOAA14284,2025-11-17 17:12:00+00:00,14054,14284,block_download_or_coverage,,,2025,E00310,False,59239.0,False,True
20251117_1848_HARP14054_NOAA14284,2025-11-17 18:48:00+00:00,14054,14284,block_download_or_coverage,,,2025,E00310,False,59242.0,False,True
20251117_2024_HARP14054_NOAA14284,2025-11-17 20:24:00+00:00,14054,14284,block_download_or_coverage,,,2025,E00310,False,59245.0,False,True
20251117_2200_HARP14054_NOAA14284,2025-11-17 22:00:00+00:00,14054,14284,block_download_or_coverage,,,2025,E00310,False,59248.0,False,True
20251117_2336_HARP14054_NOAA14284,2025-11-17 23:36:00+00:00,14054,14284,block_download_or_coverage,,,2025,E00310,False,59251.0,False,True
20251118_0112_HARP14054_NOAA14284,2025-11-18 01:12:00+00:00,14054,14284,block_download_or_coverage,,,2025,E00310,False,59254.0,False,True
20251118_0248_HARP14054_NOAA14284,2025-11-18 02:48:00+00:00,14054,14284,block_download_or_coverage,,,2025,E00310,False,59257.0,False,True
20251118_0736_HARP14054_NOAA14284,2025-11-18 07:36:00+00:00,14054,14284,block_download_or_coverage,,,2025,E00311,False,,,False
20251118_0912_HARP14054_NOAA14284,2025-11-18 09:12:00+00:00,14054,14284,block_download_or_coverage,,,2025,E00311,False,,,False
20251118_1048_HARP14054_NOAA14284,2025-11-18 10:48:00+00:00,14054,14284,block_download_or_coverage,,,2025,E00311,False,,,False
20251118_1224_HARP14054_NOAA14284,2025-11-18 12:24:00+00:00,14054,14284,block_download_or_coverage,,,2025,E00311,False,,,False
20251118_1400_HARP14054_NOAA14284,2025-11-18 14:00:00+00:00,14054,14284,block_download_or_coverage,,,2025,E00311,False,,,False
20251118_1536_HARP14054_NOAA14284,2025-11-18 15:36:00+00:00,14054,14284,block_download_or_coverage,,,2025,E00311,False,,,False
20251118_1712_HARP14054_NOAA14284,2025-11-18 17:12:00+00:00,14054,14284,block_download_or_coverage,,,2025,E00311,False,,,False
20251118_1848_HARP14054_NOAA14284,2025-11-18 18:48:00+00:00,14054,14284,block_download_or_coverage,,,2025,E00311,False,,,False
20251118_2024_HARP14054_NOAA14284,2025-11-18 20:24:00+00:00,14054,14284,block_download_or_coverage,,,2025,E00311,False,,,False
20251120_2248_HARP14056_NOAA14286,2025-11-20 22:48:00+00:00,14056,14286,block_download_or_coverage,,,2025,E00312,False,,,False
20251121_0024_HARP14056_NOAA14286,2025-11-21 00:24:00+00:00,14056,14286,block_download_or_coverage,,,2025,E00312,False,,,False
20251121_0200_HARP14056_NOAA14286,2025-11-21 02:00:00+00:00,14056,14286,block_download_or_coverage,,,2025,E00312,False,,,False
20251121_0336_HARP14056_NOAA14286,2025-11-21 03:36:00+00:00,14056,14286,block_download_or_coverage,,,2025,E00312,False,,,False
20251121_0512_HARP14056_NOAA14286,2025-11-21 05:12:00+00:00,14056,14286,block_download_or_coverage,,,2025,E00312,False,,,False
20251121_0648_HARP14056_NOAA14286,2025-11-21 06:48:00+00:00,14056,14286,block_download_or_coverage,,,2025,E00312,False,,,False
20251121_0824_HARP14056_NOAA14286,2025-11-21 08:24:00+00:00,14056,14286,block_download_or_coverage,,,2025,E00312,False,,,False
20251121_1000_HARP14056_NOAA14286,2025-11-21 10:00:00+00:00,14056,14286,block_download_or_coverage,,,2025,E00312,False,,,False
20251121_1136_HARP14056_NOAA14286,2025-11-21 11:36:00+00:00,14056,14286,block_download_or_coverage,,,2025,E00312,False,,,False
20251121_1312_HARP14056_NOAA14286,2025-11-21 13:12:00+00:00,14056,14286,block_download_or_coverage,,,2025,E00312,False,,,False
20251121_1448_HARP14056_NOAA14286,2025-11-21 14:48:00+00:00,14056,14286,block_download_or_coverage,,,2025,E00312,False,,,False
20251121_1624_HARP14056_NOAA14286,2025-11-21 16:24:00+00:00,14056,14286,block_download_or_coverage,,,2025,E00312,False,,,False
20251121_1936_HARP14056_NOAA14286,2025-11-21 19:36:00+00:00,14056,14286,block_download_or_coverage,,,2025,E00312,False,,,False
20251121_2112_HARP14056_NOAA14286,2025-11-21 21:12:00+00:00,14056,14286,block_download_or_coverage,,,2025,E00312,False,,,False
20251121_2248_HARP14056_NOAA14286,2025-11-21 22:48:00+00:00,14056,14286,block_download_or_coverage,,,2025,E00312,False,,,False
20251122_0024_HARP14056_NOAA14286,2025-11-22 00:24:00+00:00,14056,14286,block_download_or_coverage,,,2025,E00312,False,59281.0,False,True
20251122_0200_HARP14056_NOAA14286,2025-11-22 02:00:00+00:00,14056,14286,block_download_or_coverage,,,2025,E00312,False,59283.0,False,True
20251122_0336_HARP14056_NOAA14286,2025-11-22 03:36:00+00:00,14056,14286,block_download_or_coverage,,,2025,E00312,False,59285.0,False,True
20251122_0512_HARP14056_NOAA14286,2025-11-22 05:12:00+00:00,14056,14286,block_download_or_coverage,,,2025,E00312,False,59287.0,False,True
20251122_0648_HARP14056_NOAA14286,2025-11-22 06:48:00+00:00,14056,14286,block_download_or_coverage,,,2025,E00312,False,59289.0,False,True
20251122_0824_HARP14056_NOAA14286,2025-11-22 08:24:00+00:00,14056,14286,block_download_or_coverage,,,2025,E00312,False,59291.0,False,True
20251122_1000_HARP14056_NOAA14286,2025-11-22 10:00:00+00:00,14056,14286,block_download_or_coverage,,,2025,E00312,False,59293.0,False,True
20251122_1136_HARP14056_NOAA14286,2025-11-22 11:36:00+00:00,14056,14286,block_download_or_coverage,,,2025,E00312,False,59295.0,False,True
20251122_1312_HARP14056_NOAA14286,2025-11-22 13:12:00+00:00,14056,14286,block_download_or_coverage,,,2025,E00312,False,59297.0,False,True
20251122_1448_HARP14056_NOAA14286,2025-11-22 14:48:00+00:00,14056,14286,block_download_or_coverage,,,2025,E00312,False,59299.0,False,True
20251122_1624_HARP14056_NOAA14286,2025-11-22 16:24:00+00:00,14056,14286,block_download_or_coverage,,,2025,E00312,False,59301.0,False,True
20251122_1936_HARP14056_NOAA14286,2025-11-22 19:36:00+00:00,14056,14286,block_download_or_coverage,,,2025,E00312,False,,,False
20251122_2112_HARP14056_NOAA14286,2025-11-22 21:12:00+00:00,14056,14286,block_download_or_coverage,,,2025,E00312,False,,,False
20251122_2248_HARP14056_NOAA14286,2025-11-22 22:48:00+00:00,14056,14286,block_download_or_coverage,,,2025,E00312,False,,,False
20251123_0024_HARP14056_NOAA14286,2025-11-23 00:24:00+00:00,14056,14286,block_download_or_coverage,,,2025,E00312,False,,,False
20251123_0200_HARP14056_NOAA14286,2025-11-23 02:00:00+00:00,14056,14286,block_download_or_coverage,,,2025,E00312,False,,,False
20251123_0336_HARP14056_NOAA14286,2025-11-23 03:36:00+00:00,14056,14286,block_download_or_coverage,,,2025,E00312,False,,,False
20251123_0824_HARP14056_NOAA14286,2025-11-23 08:24:00+00:00,14056,14286,block_download_or_coverage,,,2025,E00313,False,,,False
20251123_1000_HARP14056_NOAA14286,2025-11-23 10:00:00+00:00,14056,14286,block_download_or_coverage,,,2025,E00313,False,,,False
20251123_1136_HARP14056_NOAA14286,2025-11-23 11:36:00+00:00,14056,14286,block_download_or_coverage,,,2025,E00313,False,,,False
20251123_1312_HARP14056_NOAA14286,2025-11-23 13:12:00+00:00,14056,14286,block_download_or_coverage,,,2025,E00313,False,,,False
20251123_1448_HARP14056_NOAA14286,2025-11-23 14:48:00+00:00,14056,14286,block_download_or_coverage,,,2025,E00313,False,,,False
20251123_1624_HARP14056_NOAA14286,2025-11-23 16:24:00+00:00,14056,14286,block_download_or_coverage,,,2025,E00313,False,,,False
20251123_1936_HARP14056_NOAA14286,2025-11-23 19:36:00+00:00,14056,14286,block_download_or_coverage,,,2025,E00313,False,,,False
20251123_2112_HARP14056_NOAA14286,2025-11-23 21:12:00+00:00,14056,14286,block_download_or_coverage,,,2025,E00313,False,,,False
20251123_2248_HARP14056_NOAA14286,2025-11-23 22:48:00+00:00,14056,14286,block_download_or_coverage,,,2025,E00313,False,,,False
20251124_0024_HARP14056_NOAA14286,2025-11-24 00:24:00+00:00,14056,14286,block_download_or_coverage,,,2025,E00313,False,59327.0,False,True
20251124_0200_HARP14056_NOAA14286,2025-11-24 02:00:00+00:00,14056,14286,block_download_or_coverage,,,2025,E00313,False,59330.0,False,True
20251124_0336_HARP14056_NOAA14286,2025-11-24 03:36:00+00:00,14056,14286,block_download_or_coverage,,,2025,E00313,False,59333.0,False,True
20251124_0512_HARP14056_NOAA14286,2025-11-24 05:12:00+00:00,14056,14286,block_download_or_coverage,,,2025,E00313,False,59336.0,False,True
20251124_0648_HARP14056_NOAA14286,2025-11-24 06:48:00+00:00,14056,14286,block_download_or_coverage,,,2025,E00313,False,59338.0,False,True
20251124_0824_HARP14056_NOAA14286,2025-11-24 08:24:00+00:00,14056,14286,block_download_or_coverage,,,2025,E00313,False,59340.0,False,True
20251124_1000_HARP14056_NOAA14286,2025-11-24 10:00:00+00:00,14056,14286,block_download_or_coverage,,,2025,E00313,False,59342.0,False,True
20251124_1136_HARP14056_NOAA14286,2025-11-24 11:36:00+00:00,14056,14286,block_download_or_coverage,,,2025,E00313,False,59344.0,False,True
20251124_1312_HARP14056_NOAA14286,2025-11-24 13:12:00+00:00,14056,14286,block_download_or_coverage,,,2025,E00313,False,59346.0,False,True
20251124_1448_HARP14056_NOAA14286,2025-11-24 14:48:00+00:00,14056,14286,block_download_or_coverage,,,2025,E00313,False,59348.0,False,True
20251124_2112_HARP14056_NOAA14286,2025-11-24 21:12:00+00:00,14056,14286,block_download_or_coverage,,,2025,E00314,False,,,False
20251124_2248_HARP14056_NOAA14286,2025-11-24 22:48:00+00:00,14056,14286,block_download_or_coverage,,,2025,E00314,False,,,False
20251125_0024_HARP14056_NOAA14286,2025-11-25 00:24:00+00:00,14056,14286,block_download_or_coverage,,,2025,E00314,False,,,False
20251125_0200_HARP14056_NOAA14286,2025-11-25 02:00:00+00:00,14056,14286,block_download_or_coverage,,,2025,E00314,False,,,False
20251125_0336_HARP14056_NOAA14286,2025-11-25 03:36:00+00:00,14056,14286,block_download_or_coverage,,,2025,E00314,False,,,False
20251125_0512_HARP14056_NOAA14286,2025-11-25 05:12:00+00:00,14056,14286,block_download_or_coverage,,,2025,E00314,False,,,False
20251125_0648_HARP14056_NOAA14286,2025-11-25 06:48:00+00:00,14056,14286,block_download_or_coverage,,,2025,E00314,False,,,False
20251125_0824_HARP14056_NOAA14286,2025-11-25 08:24:00+00:00,14056,14286,block_download_or_coverage,,,2025,E00314,False,,,False
20251125_1000_HARP14056_NOAA14286,2025-11-25 10:00:00+00:00,14056,14286,block_download_or_coverage,,,2025,E00314,False,,,False
20251125_1136_HARP14056_NOAA14286,2025-11-25 11:36:00+00:00,14056,14286,block_download_or_coverage,,,2025,E00314,False,,,False
20251125_1312_HARP14056_NOAA14286,2025-11-25 13:12:00+00:00,14056,14286,block_download_or_coverage,,,2025,E00314,False,,,False
20251125_1448_HARP14056_NOAA14286,2025-11-25 14:48:00+00:00,14056,14286,block_download_or_coverage,,,2025,E00314,False,,,False
20251125_1624_HARP14056_NOAA14286,2025-11-25 16:24:00+00:00,14056,14286,block_download_or_coverage,,,2025,E00314,False,,,False
20251121_1900_HARP14057_NOAA14286,2025-11-21 19:00:00+00:00,14057,14286,block_download_or_coverage,,,2025,E00315,False,59277.0,False,True
20251121_2036_HARP14057_NOAA14286,2025-11-21 20:36:00+00:00,14057,14286,block_download_or_coverage,,,2025,E00315,False,59278.0,False,True
20251121_2212_HARP14057_NOAA14286,2025-11-21 22:12:00+00:00,14057,14286,block_download_or_coverage,,,2025,E00315,False,59279.0,False,True
20251121_2348_HARP14057_NOAA14286,2025-11-21 23:48:00+00:00,14057,14286,block_download_or_coverage,,,2025,E00315,False,59280.0,False,True
20251122_0124_HARP14057_NOAA14286,2025-11-22 01:24:00+00:00,14057,14286,block_download_or_coverage,,,2025,E00315,False,59282.0,False,True
20251122_0300_HARP14057_NOAA14286,2025-11-22 03:00:00+00:00,14057,14286,block_download_or_coverage,,,2025,E00315,False,59284.0,False,True
20251122_0436_HARP14057_NOAA14286,2025-11-22 04:36:00+00:00,14057,14286,block_download_or_coverage,,,2025,E00315,False,59286.0,False,True
20251122_0612_HARP14057_NOAA14286,2025-11-22 06:12:00+00:00,14057,14286,block_download_or_coverage,,,2025,E00315,False,59288.0,False,True
20251122_0748_HARP14057_NOAA14286,2025-11-22 07:48:00+00:00,14057,14286,block_download_or_coverage,,,2025,E00315,False,59290.0,False,True
20251122_0924_HARP14057_NOAA14286,2025-11-22 09:24:00+00:00,14057,14286,block_download_or_coverage,,,2025,E00315,False,59292.0,False,True
20251122_1100_HARP14057_NOAA14286,2025-11-22 11:00:00+00:00,14057,14286,block_download_or_coverage,,,2025,E00315,False,59294.0,False,True
20251122_1236_HARP14057_NOAA14286,2025-11-22 12:36:00+00:00,14057,14286,block_download_or_coverage,,,2025,E00315,False,59296.0,False,True
20251122_1412_HARP14057_NOAA14286,2025-11-22 14:12:00+00:00,14057,14286,block_download_or_coverage,,,2025,E00315,False,59298.0,False,True
20251122_1548_HARP14057_NOAA14286,2025-11-22 15:48:00+00:00,14057,14286,block_download_or_coverage,,,2025,E00315,False,59300.0,False,True
20251122_1724_HARP14057_NOAA14286,2025-11-22 17:24:00+00:00,14057,14286,block_download_or_coverage,,,2025,E00315,False,59302.0,False,True
20251124_0912_HARP14057_NOAA14286,2025-11-24 09:12:00+00:00,14057,14286,block_download_or_coverage,,,2025,E00316,False,,,False
20251124_1100_HARP14057_NOAA14286,2025-11-24 11:00:00+00:00,14057,14286,block_download_or_coverage,,,2025,E00316,False,,,False
20251124_1236_HARP14057_NOAA14286,2025-11-24 12:36:00+00:00,14057,14286,block_download_or_coverage,,,2025,E00316,False,,,False
20251124_1412_HARP14057_NOAA14286,2025-11-24 14:12:00+00:00,14057,14286,block_download_or_coverage,,,2025,E00316,False,,,False
20251124_1548_HARP14057_NOAA14286,2025-11-24 15:48:00+00:00,14057,14286,block_download_or_coverage,,,2025,E00316,False,59349.0,False,True
20251124_2324_HARP14057_NOAA14286,2025-11-24 23:24:00+00:00,14057,14286,block_download_or_coverage,,,2025,E00317,False,,,False
20251117_1048_HARP14059_NOAA14283,2025-11-17 10:48:00+00:00,14059,14283,block_download_or_coverage,,,2025,E00318,False,,,False
20251117_1224_HARP14059_NOAA14283,2025-11-17 12:24:00+00:00,14059,14283,block_download_or_coverage,,,2025,E00318,False,,,False
20251117_1400_HARP14059_NOAA14283,2025-11-17 14:00:00+00:00,14059,14283,block_download_or_coverage,,,2025,E00318,False,,,False
20251117_1536_HARP14059_NOAA14283,2025-11-17 15:36:00+00:00,14059,14283,block_download_or_coverage,,,2025,E00318,False,59237.0,False,True
20251117_1712_HARP14059_NOAA14283,2025-11-17 17:12:00+00:00,14059,14283,block_download_or_coverage,,,2025,E00318,False,59240.0,False,True
20251117_1848_HARP14059_NOAA14283,2025-11-17 18:48:00+00:00,14059,14283,block_download_or_coverage,,,2025,E00318,False,59243.0,False,True
20251117_2024_HARP14059_NOAA14283,2025-11-17 20:24:00+00:00,14059,14283,block_download_or_coverage,,,2025,E00318,False,59246.0,False,True
20251117_2200_HARP14059_NOAA14283,2025-11-17 22:00:00+00:00,14059,14283,block_download_or_coverage,,,2025,E00318,False,59249.0,False,True
20251117_2336_HARP14059_NOAA14283,2025-11-17 23:36:00+00:00,14059,14283,block_download_or_coverage,,,2025,E00318,False,59252.0,False,True
20251118_0112_HARP14059_NOAA14283,2025-11-18 01:12:00+00:00,14059,14283,block_download_or_coverage,,,2025,E00318,False,59255.0,False,True
20251118_0248_HARP14059_NOAA14283,2025-11-18 02:48:00+00:00,14059,14283,block_download_or_coverage,,,2025,E00318,False,59258.0,False,True
20251122_2024_HARP14060_NOAA14287,2025-11-22 20:24:00+00:00,14060,14287,block_download_or_coverage,,,2025,E00319,False,,,False
20251122_2200_HARP14060_NOAA14287,2025-11-22 22:00:00+00:00,14060,14287,block_download_or_coverage,,,2025,E00319,False,,,False
20251122_2336_HARP14060_NOAA14287,2025-11-22 23:36:00+00:00,14060,14287,block_download_or_coverage,,,2025,E00319,False,,,False
20251123_0112_HARP14060_NOAA14287,2025-11-23 01:12:00+00:00,14060,14287,block_download_or_coverage,,,2025,E00319,False,59307.0,False,True
20251123_0248_HARP14060_NOAA14287,2025-11-23 02:48:00+00:00,14060,14287,block_download_or_coverage,,,2025,E00319,False,59309.0,False,True
20251123_0736_HARP14060_NOAA14287,2025-11-23 07:36:00+00:00,14060,14287,block_download_or_coverage,,,2025,E00320,False,,,False
20251123_0912_HARP14060_NOAA14287,2025-11-23 09:12:00+00:00,14060,14287,block_download_or_coverage,,,2025,E00320,False,,,False
20251123_1048_HARP14060_NOAA14287,2025-11-23 10:48:00+00:00,14060,14287,block_download_or_coverage,,,2025,E00320,False,,,False
20251123_1224_HARP14060_NOAA14287,2025-11-23 12:24:00+00:00,14060,14287,block_download_or_coverage,,,2025,E00320,False,59311.0,False,True
20251123_1400_HARP14060_NOAA14287,2025-11-23 14:00:00+00:00,14060,14287,block_download_or_coverage,,,2025,E00320,False,59313.0,False,True
20251123_1536_HARP14060_NOAA14287,2025-11-23 15:36:00+00:00,14060,14287,block_download_or_coverage,,,2025,E00320,False,59315.0,False,True
20251123_1712_HARP14060_NOAA14287,2025-11-23 17:12:00+00:00,14060,14287,block_download_or_coverage,,,2025,E00320,False,59317.0,False,True
20251123_1848_HARP14060_NOAA14287,2025-11-23 18:48:00+00:00,14060,14287,block_download_or_coverage,,,2025,E00320,False,59319.0,False,True
20251123_2024_HARP14060_NOAA14287,2025-11-23 20:24:00+00:00,14060,14287,block_download_or_coverage,,,2025,E00320,False,59321.0,False,True
20251123_2200_HARP14060_NOAA14287,2025-11-23 22:00:00+00:00,14060,14287,block_download_or_coverage,,,2025,E00320,False,59323.0,False,True
20251123_2336_HARP14060_NOAA14287,2025-11-23 23:36:00+00:00,14060,14287,block_download_or_coverage,,,2025,E00320,False,59325.0,False,True
20251124_0112_HARP14060_NOAA14287,2025-11-24 01:12:00+00:00,14060,14287,block_download_or_coverage,,,2025,E00320,False,59328.0,False,True
20251124_0248_HARP14060_NOAA14287,2025-11-24 02:48:00+00:00,14060,14287,block_download_or_coverage,,,2025,E00320,False,59331.0,False,True
20251124_0424_HARP14060_NOAA14287,2025-11-24 04:24:00+00:00,14060,14287,block_download_or_coverage,,,2025,E00320,False,59334.0,False,True
20251124_0736_HARP14060_NOAA14287,2025-11-24 07:36:00+00:00,14060,14287,block_download_or_coverage,,,2025,E00320,False,,,False
20251124_0912_HARP14060_NOAA14287,2025-11-24 09:12:00+00:00,14060,14287,block_download_or_coverage,,,2025,E00320,False,,,False
20251124_1048_HARP14060_NOAA14287,2025-11-24 10:48:00+00:00,14060,14287,block_download_or_coverage,,,2025,E00320,False,,,False
20251124_1224_HARP14060_NOAA14287,2025-11-24 12:24:00+00:00,14060,14287,block_download_or_coverage,,,2025,E00320,False,,,False
20251124_1400_HARP14060_NOAA14287,2025-11-24 14:00:00+00:00,14060,14287,block_download_or_coverage,,,2025,E00320,False,,,False
20251124_1536_HARP14060_NOAA14287,2025-11-24 15:36:00+00:00,14060,14287,block_download_or_coverage,,,2025,E00320,False,,,False
20251125_0736_HARP14060_NOAA14287,2025-11-25 07:36:00+00:00,14060,14287,block_download_or_coverage,,,2025,E00321,False,,,False
20251125_0912_HARP14060_NOAA14287,2025-11-25 09:12:00+00:00,14060,14287,block_download_or_coverage,,,2025,E00321,False,,,False
20251125_1048_HARP14060_NOAA14287,2025-11-25 10:48:00+00:00,14060,14287,block_download_or_coverage,,,2025,E00321,False,,,False
20251125_1400_HARP14060_NOAA14287,2025-11-25 14:00:00+00:00,14060,14287,block_download_or_coverage,,,2025,E00321,False,,,False
20251125_1536_HARP14060_NOAA14287,2025-11-25 15:36:00+00:00,14060,14287,block_download_or_coverage,,,2025,E00321,False,,,False
20251125_1712_HARP14060_NOAA14287,2025-11-25 17:12:00+00:00,14060,14287,block_download_or_coverage,,,2025,E00321,False,,,False
20251125_1848_HARP14060_NOAA14287,2025-11-25 18:48:00+00:00,14060,14287,block_download_or_coverage,,,2025,E00321,False,59354.0,False,True
20251125_2036_HARP14060_NOAA14287,2025-11-25 20:36:00+00:00,14060,14287,block_download_or_coverage,,,2025,E00321,False,,,False
20251125_2212_HARP14060_NOAA14287,2025-11-25 22:12:00+00:00,14060,14287,block_download_or_coverage,,,2025,E00321,False,,,False
20251125_2348_HARP14060_NOAA14287,2025-11-25 23:48:00+00:00,14060,14287,block_download_or_coverage,,,2025,E00321,False,,,False
20251126_0124_HARP14060_NOAA14287,2025-11-26 01:24:00+00:00,14060,14287,block_download_or_coverage,,,2025,E00321,False,59357.0,False,True
20251126_0300_HARP14060_NOAA14287,2025-11-26 03:00:00+00:00,14060,14287,block_download_or_coverage,,,2025,E00321,False,59360.0,False,True
20251126_0436_HARP14060_NOAA14287,2025-11-26 04:36:00+00:00,14060,14287,block_download_or_coverage,,,2025,E00321,False,59363.0,False,True
20251126_0612_HARP14060_NOAA14287,2025-11-26 06:12:00+00:00,14060,14287,block_download_or_coverage,,,2025,E00321,False,59366.0,False,True
20251126_0748_HARP14060_NOAA14287,2025-11-26 07:48:00+00:00,14060,14287,block_download_or_coverage,,,2025,E00321,False,59369.0,False,True
20251126_0924_HARP14060_NOAA14287,2025-11-26 09:24:00+00:00,14060,14287,block_download_or_coverage,,,2025,E00321,False,59372.0,False,True
20251126_1100_HARP14060_NOAA14287,2025-11-26 11:00:00+00:00,14060,14287,block_download_or_coverage,,,2025,E00321,False,59375.0,False,True
20251126_1236_HARP14060_NOAA14287,2025-11-26 12:36:00+00:00,14060,14287,block_download_or_coverage,,,2025,E00321,False,59379.0,False,True
20251126_1412_HARP14060_NOAA14287,2025-11-26 14:12:00+00:00,14060,14287,block_download_or_coverage,,,2025,E00321,False,59383.0,False,True
20251126_1548_HARP14060_NOAA14287,2025-11-26 15:48:00+00:00,14060,14287,block_download_or_coverage,,,2025,E00321,False,,,False
20251126_1724_HARP14060_NOAA14287,2025-11-26 17:24:00+00:00,14060,14287,block_download_or_coverage,,,2025,E00321,False,,,False
20251126_1900_HARP14060_NOAA14287,2025-11-26 19:00:00+00:00,14060,14287,block_download_or_coverage,,,2025,E00321,False,,,False
20251126_2036_HARP14060_NOAA14287,2025-11-26 20:36:00+00:00,14060,14287,block_download_or_coverage,,,2025,E00321,False,,,False
20251126_2212_HARP14060_NOAA14287,2025-11-26 22:12:00+00:00,14060,14287,block_download_or_coverage,,,2025,E00321,False,,,False
20251126_2348_HARP14060_NOAA14287,2025-11-26 23:48:00+00:00,14060,14287,block_download_or_coverage,,,2025,E00321,False,,,False
20251127_0124_HARP14060_NOAA14287,2025-11-27 01:24:00+00:00,14060,14287,block_download_or_coverage,,,2025,E00321,False,,,False
20251127_0300_HARP14060_NOAA14287,2025-11-27 03:00:00+00:00,14060,14287,block_download_or_coverage,,,2025,E00321,False,,,False
20251127_0436_HARP14060_NOAA14287,2025-11-27 04:36:00+00:00,14060,14287,block_download_or_coverage,,,2025,E00321,False,,,False
20251127_0612_HARP14060_NOAA14287,2025-11-27 06:12:00+00:00,14060,14287,block_download_or_coverage,,,2025,E00321,False,,,False
20251127_0748_HARP14060_NOAA14287,2025-11-27 07:48:00+00:00,14060,14287,block_download_or_coverage,,,2025,E00321,False,,,False
20251123_1548_HARP14063_NOAA14289,2025-11-23 15:48:00+00:00,14063,14289,block_download_or_coverage,,,2025,E00322,False,,,False
20251123_1724_HARP14063_NOAA14289,2025-11-23 17:24:00+00:00,14063,14289,block_download_or_coverage,,,2025,E00322,False,,,False
20251123_1900_HARP14063_NOAA14289,2025-11-23 19:00:00+00:00,14063,14289,block_download_or_coverage,,,2025,E00322,False,,,False
20251123_2036_HARP14063_NOAA14289,2025-11-23 20:36:00+00:00,14063,14289,block_download_or_coverage,,,2025,E00322,False,59322.0,False,True
20251123_2212_HARP14063_NOAA14289,2025-11-23 22:12:00+00:00,14063,14289,block_download_or_coverage,,,2025,E00322,False,59324.0,False,True
20251123_2348_HARP14063_NOAA14289,2025-11-23 23:48:00+00:00,14063,14289,block_download_or_coverage,,,2025,E00322,False,59326.0,False,True
20251124_0124_HARP14063_NOAA14289,2025-11-24 01:24:00+00:00,14063,14289,block_download_or_coverage,,,2025,E00322,False,59329.0,False,True
20251124_0300_HARP14063_NOAA14289,2025-11-24 03:00:00+00:00,14063,14289,block_download_or_coverage,,,2025,E00322,False,59332.0,False,True
20251124_0436_HARP14063_NOAA14289,2025-11-24 04:36:00+00:00,14063,14289,block_download_or_coverage,,,2025,E00322,False,59335.0,False,True
20251124_0612_HARP14063_NOAA14289,2025-11-24 06:12:00+00:00,14063,14289,block_download_or_coverage,,,2025,E00322,False,59337.0,False,True
20251124_0748_HARP14063_NOAA14289,2025-11-24 07:48:00+00:00,14063,14289,block_download_or_coverage,,,2025,E00322,False,59339.0,False,True
20251124_0924_HARP14063_NOAA14289,2025-11-24 09:24:00+00:00,14063,14289,block_download_or_coverage,,,2025,E00322,False,59341.0,False,True
20251124_1100_HARP14063_NOAA14289,2025-11-24 11:00:00+00:00,14063,14289,block_download_or_coverage,,,2025,E00322,False,59343.0,False,True
20251124_1236_HARP14063_NOAA14289,2025-11-24 12:36:00+00:00,14063,14289,block_download_or_coverage,,,2025,E00322,False,59345.0,False,True
20251124_1412_HARP14063_NOAA14289,2025-11-24 14:12:00+00:00,14063,14289,block_download_or_coverage,,,2025,E00322,False,59347.0,False,True
20251124_1548_HARP14063_NOAA14289,2025-11-24 15:48:00+00:00,14063,14289,block_download_or_coverage,,,2025,E00322,False,59350.0,False,True
20251124_2036_HARP14063_NOAA14289,2025-11-24 20:36:00+00:00,14063,14289,block_download_or_coverage,,,2025,E00323,False,,,False
20251124_2212_HARP14063_NOAA14289,2025-11-24 22:12:00+00:00,14063,14289,block_download_or_coverage,,,2025,E00323,False,,,False
20251124_2348_HARP14063_NOAA14289,2025-11-24 23:48:00+00:00,14063,14289,block_download_or_coverage,,,2025,E00323,False,,,False
20251125_0124_HARP14063_NOAA14289,2025-11-25 01:24:00+00:00,14063,14289,block_download_or_coverage,,,2025,E00323,False,,,False
20251125_0300_HARP14063_NOAA14289,2025-11-25 03:00:00+00:00,14063,14289,block_download_or_coverage,,,2025,E00323,False,,,False
20251125_0436_HARP14063_NOAA14289,2025-11-25 04:36:00+00:00,14063,14289,block_download_or_coverage,,,2025,E00323,False,,,False
20251125_0612_HARP14063_NOAA14289,2025-11-25 06:12:00+00:00,14063,14289,block_download_or_coverage,,,2025,E00323,False,,,False
20251125_0748_HARP14063_NOAA14289,2025-11-25 07:48:00+00:00,14063,14289,block_download_or_coverage,,,2025,E00323,False,,,False
20251125_0924_HARP14063_NOAA14289,2025-11-25 09:24:00+00:00,14063,14289,block_download_or_coverage,,,2025,E00323,False,,,False
20251125_1100_HARP14063_NOAA14289,2025-11-25 11:00:00+00:00,14063,14289,block_download_or_coverage,,,2025,E00323,False,,,False
20251125_1236_HARP14063_NOAA14289,2025-11-25 12:36:00+00:00,14063,14289,block_download_or_coverage,,,2025,E00323,False,,,False
20251125_1412_HARP14063_NOAA14289,2025-11-25 14:12:00+00:00,14063,14289,block_download_or_coverage,,,2025,E00323,False,,,False
20251125_1548_HARP14063_NOAA14289,2025-11-25 15:48:00+00:00,14063,14289,block_download_or_coverage,,,2025,E00323,False,,,False
20251125_1724_HARP14063_NOAA14289,2025-11-25 17:24:00+00:00,14063,14289,block_download_or_coverage,,,2025,E00323,False,,,False
20251125_2048_HARP14063_NOAA14289,2025-11-25 20:48:00+00:00,14063,14289,block_download_or_coverage,,,2025,E00324,False,,,False
20251125_2224_HARP14063_NOAA14289,2025-11-25 22:24:00+00:00,14063,14289,block_download_or_coverage,,,2025,E00324,False,,,False
20251126_0000_HARP14063_NOAA14289,2025-11-26 00:00:00+00:00,14063,14289,block_download_or_coverage,,,2025,E00324,False,,,False
20251126_0136_HARP14063_NOAA14289,2025-11-26 01:36:00+00:00,14063,14289,block_download_or_coverage,,,2025,E00324,False,,,False
20251126_0312_HARP14063_NOAA14289,2025-11-26 03:12:00+00:00,14063,14289,block_download_or_coverage,,,2025,E00324,False,,,False
20251126_0448_HARP14063_NOAA14289,2025-11-26 04:48:00+00:00,14063,14289,block_download_or_coverage,,,2025,E00324,False,,,False
20251126_0624_HARP14063_NOAA14289,2025-11-26 06:24:00+00:00,14063,14289,block_download_or_coverage,,,2025,E00324,False,,,False
20251126_0800_HARP14063_NOAA14289,2025-11-26 08:00:00+00:00,14063,14289,block_download_or_coverage,,,2025,E00324,False,,,False
20251126_0936_HARP14063_NOAA14289,2025-11-26 09:36:00+00:00,14063,14289,block_download_or_coverage,,,2025,E00324,False,,,False
20251126_1112_HARP14063_NOAA14289,2025-11-26 11:12:00+00:00,14063,14289,block_download_or_coverage,,,2025,E00324,False,,,False
20251126_1248_HARP14063_NOAA14289,2025-11-26 12:48:00+00:00,14063,14289,block_download_or_coverage,,,2025,E00324,False,,,False
20251126_1424_HARP14063_NOAA14289,2025-11-26 14:24:00+00:00,14063,14289,block_download_or_coverage,,,2025,E00324,False,,,False
20251126_1600_HARP14063_NOAA14289,2025-11-26 16:00:00+00:00,14063,14289,block_download_or_coverage,,,2025,E00324,False,,,False
20251126_1736_HARP14063_NOAA14289,2025-11-26 17:36:00+00:00,14063,14289,block_download_or_coverage,,,2025,E00324,False,,,False
20251126_1912_HARP14063_NOAA14289,2025-11-26 19:12:00+00:00,14063,14289,block_download_or_coverage,,,2025,E00324,False,,,False
20251126_2048_HARP14063_NOAA14289,2025-11-26 20:48:00+00:00,14063,14289,block_download_or_coverage,,,2025,E00324,False,,,False
20251126_2224_HARP14063_NOAA14289,2025-11-26 22:24:00+00:00,14063,14289,block_download_or_coverage,,,2025,E00324,False,,,False
20251127_0000_HARP14063_NOAA14289,2025-11-27 00:00:00+00:00,14063,14289,block_download_or_coverage,,,2025,E00324,False,,,False
20251127_0136_HARP14063_NOAA14289,2025-11-27 01:36:00+00:00,14063,14289,block_download_or_coverage,,,2025,E00324,False,,,False
20251127_0312_HARP14063_NOAA14289,2025-11-27 03:12:00+00:00,14063,14289,block_download_or_coverage,,,2025,E00324,False,,,False
20251127_0448_HARP14063_NOAA14289,2025-11-27 04:48:00+00:00,14063,14289,block_download_or_coverage,,,2025,E00324,False,,,False
20251127_0624_HARP14063_NOAA14289,2025-11-27 06:24:00+00:00,14063,14289,block_download_or_coverage,,,2025,E00324,False,,,False
20251127_0800_HARP14063_NOAA14289,2025-11-27 08:00:00+00:00,14063,14289,block_download_or_coverage,,,2025,E00324,False,,,False
20251127_0936_HARP14063_NOAA14289,2025-11-27 09:36:00+00:00,14063,14289,block_download_or_coverage,,,2025,E00324,False,,,False
20251127_1112_HARP14063_NOAA14289,2025-11-27 11:12:00+00:00,14063,14289,block_download_or_coverage,,,2025,E00324,False,,,False
20251127_1248_HARP14063_NOAA14289,2025-11-27 12:48:00+00:00,14063,14289,block_download_or_coverage,,,2025,E00324,False,,,False
20251127_1424_HARP14063_NOAA14289,2025-11-27 14:24:00+00:00,14063,14289,block_download_or_coverage,,,2025,E00324,False,,,False
20251127_1600_HARP14063_NOAA14289,2025-11-27 16:00:00+00:00,14063,14289,block_download_or_coverage,,,2025,E00324,False,,,False
20251127_1736_HARP14063_NOAA14289,2025-11-27 17:36:00+00:00,14063,14289,block_download_or_coverage,,,2025,E00324,False,,,False
20251127_1912_HARP14063_NOAA14289,2025-11-27 19:12:00+00:00,14063,14289,block_download_or_coverage,,,2025,E00324,False,,,False
20251127_2048_HARP14063_NOAA14289,2025-11-27 20:48:00+00:00,14063,14289,block_download_or_coverage,,,2025,E00324,False,,,False
20251127_2224_HARP14063_NOAA14289,2025-11-27 22:24:00+00:00,14063,14289,block_download_or_coverage,,,2025,E00324,False,,,False
20251128_0000_HARP14063_NOAA14289,2025-11-28 00:00:00+00:00,14063,14289,block_download_or_coverage,,,2025,E00324,False,,,False
20251125_0512_HARP14073_NOAA14288,2025-11-25 05:12:00+00:00,14073,14288,block_download_or_coverage,,,2025,E00325,False,,,False
20251125_0648_HARP14073_NOAA14288,2025-11-25 06:48:00+00:00,14073,14288,block_download_or_coverage,,,2025,E00325,False,,,False
20251125_0824_HARP14073_NOAA14288,2025-11-25 08:24:00+00:00,14073,14288,block_download_or_coverage,,,2025,E00325,False,,,False
20251125_1000_HARP14073_NOAA14288,2025-11-25 10:00:00+00:00,14073,14288,block_download_or_coverage,,,2025,E00325,False,,,False
20251125_1136_HARP14073_NOAA14288,2025-11-25 11:36:00+00:00,14073,14288,block_download_or_coverage,,,2025,E00325,False,,,False
20251125_1312_HARP14073_NOAA14288,2025-11-25 13:12:00+00:00,14073,14288,block_download_or_coverage,,,2025,E00325,False,,,False
20251125_1448_HARP14073_NOAA14288,2025-11-25 14:48:00+00:00,14073,14288,block_download_or_coverage,,,2025,E00325,False,,,False
20251125_1624_HARP14073_NOAA14288,2025-11-25 16:24:00+00:00,14073,14288,block_download_or_coverage,,,2025,E00325,False,,,False
20251126_1948_HARP14073_NOAA14288,2025-11-26 19:48:00+00:00,14073,14288,block_download_or_coverage,,,2025,E00326,False,,,False
20251126_2124_HARP14073_NOAA14288,2025-11-26 21:24:00+00:00,14073,14288,block_download_or_coverage,,,2025,E00326,False,,,False
20251126_2300_HARP14073_NOAA14288,2025-11-26 23:00:00+00:00,14073,14288,block_download_or_coverage,,,2025,E00326,False,,,False
20251127_0036_HARP14073_NOAA14288,2025-11-27 00:36:00+00:00,14073,14288,block_download_or_coverage,,,2025,E00326,False,,,False
20251127_0212_HARP14073_NOAA14288,2025-11-27 02:12:00+00:00,14073,14288,block_download_or_coverage,,,2025,E00326,False,,,False
20251127_0348_HARP14073_NOAA14288,2025-11-27 03:48:00+00:00,14073,14288,block_download_or_coverage,,,2025,E00326,False,,,False
20251127_0524_HARP14073_NOAA14288,2025-11-27 05:24:00+00:00,14073,14288,block_download_or_coverage,,,2025,E00326,False,,,False
20251127_0700_HARP14073_NOAA14288,2025-11-27 07:00:00+00:00,14073,14288,block_download_or_coverage,,,2025,E00326,False,,,False
20251127_0836_HARP14073_NOAA14288,2025-11-27 08:36:00+00:00,14073,14288,block_download_or_coverage,,,2025,E00326,False,,,False
20251127_1012_HARP14073_NOAA14288,2025-11-27 10:12:00+00:00,14073,14288,block_download_or_coverage,,,2025,E00326,False,,,False
20251127_1148_HARP14073_NOAA14288,2025-11-27 11:48:00+00:00,14073,14288,block_download_or_coverage,,,2025,E00326,False,,,False
20251127_1324_HARP14073_NOAA14288,2025-11-27 13:24:00+00:00,14073,14288,block_download_or_coverage,,,2025,E00326,False,,,False
20251127_1500_HARP14073_NOAA14288,2025-11-27 15:00:00+00:00,14073,14288,block_download_or_coverage,,,2025,E00326,False,,,False
20251127_1636_HARP14073_NOAA14288,2025-11-27 16:36:00+00:00,14073,14288,block_download_or_coverage,,,2025,E00326,False,,,False
20251127_1812_HARP14073_NOAA14288,2025-11-27 18:12:00+00:00,14073,14288,block_download_or_coverage,,,2025,E00326,False,,,False
20251127_1948_HARP14073_NOAA14288,2025-11-27 19:48:00+00:00,14073,14288,block_download_or_coverage,,,2025,E00326,False,,,False
20251127_2124_HARP14073_NOAA14288,2025-11-27 21:24:00+00:00,14073,14288,block_download_or_coverage,,,2025,E00326,False,,,False
20251127_2300_HARP14073_NOAA14288,2025-11-27 23:00:00+00:00,14073,14288,block_download_or_coverage,,,2025,E00326,False,,,False
20251128_0036_HARP14073_NOAA14288,2025-11-28 00:36:00+00:00,14073,14288,block_download_or_coverage,,,2025,E00326,False,,,False
20251128_0212_HARP14073_NOAA14288,2025-11-28 02:12:00+00:00,14073,14288,block_download_or_coverage,,,2025,E00326,False,,,False
20251128_0348_HARP14073_NOAA14288,2025-11-28 03:48:00+00:00,14073,14288,block_download_or_coverage,,,2025,E00326,False,,,False
20251128_0524_HARP14073_NOAA14288,2025-11-28 05:24:00+00:00,14073,14288,block_download_or_coverage,,,2025,E00326,False,,,False
20251128_0700_HARP14073_NOAA14288,2025-11-28 07:00:00+00:00,14073,14288,block_download_or_coverage,,,2025,E00326,False,,,False
20251128_0836_HARP14073_NOAA14288,2025-11-28 08:36:00+00:00,14073,14288,block_download_or_coverage,,,2025,E00326,False,,,False
20251128_1012_HARP14073_NOAA14288,2025-11-28 10:12:00+00:00,14073,14288,block_download_or_coverage,,,2025,E00326,False,,,False
20251128_1148_HARP14073_NOAA14288,2025-11-28 11:48:00+00:00,14073,14288,block_download_or_coverage,,,2025,E00326,False,,,False
20251128_1324_HARP14073_NOAA14288,2025-11-28 13:24:00+00:00,14073,14288,block_download_or_coverage,,,2025,E00326,False,,,False
20251128_1500_HARP14073_NOAA14288,2025-11-28 15:00:00+00:00,14073,14288,block_download_or_coverage,,,2025,E00326,False,,,False
20251128_1636_HARP14073_NOAA14288,2025-11-28 16:36:00+00:00,14073,14288,block_download_or_coverage,,,2025,E00326,False,,,False
20251128_1812_HARP14073_NOAA14288,2025-11-28 18:12:00+00:00,14073,14288,block_download_or_coverage,,,2025,E00326,False,,,False
20251128_1948_HARP14073_NOAA14288,2025-11-28 19:48:00+00:00,14073,14288,block_download_or_coverage,,,2025,E00326,False,,,False
20251128_2124_HARP14073_NOAA14288,2025-11-28 21:24:00+00:00,14073,14288,block_download_or_coverage,,,2025,E00326,False,,,False
20251128_2300_HARP14073_NOAA14288,2025-11-28 23:00:00+00:00,14073,14288,block_download_or_coverage,,,2025,E00326,False,,,False
20251129_0036_HARP14073_NOAA14288,2025-11-29 00:36:00+00:00,14073,14288,block_download_or_coverage,,,2025,E00326,False,,,False
20251129_0212_HARP14073_NOAA14288,2025-11-29 02:12:00+00:00,14073,14288,block_download_or_coverage,,,2025,E00326,False,,,False
20251129_0348_HARP14073_NOAA14288,2025-11-29 03:48:00+00:00,14073,14288,block_download_or_coverage,,,2025,E00326,False,,,False
20251129_0524_HARP14073_NOAA14288,2025-11-29 05:24:00+00:00,14073,14288,block_download_or_coverage,,,2025,E00326,False,,,False
20251129_0700_HARP14073_NOAA14288,2025-11-29 07:00:00+00:00,14073,14288,block_download_or_coverage,,,2025,E00326,False,,,False
20251129_0836_HARP14073_NOAA14288,2025-11-29 08:36:00+00:00,14073,14288,block_download_or_coverage,,,2025,E00326,False,,,False
20251129_1012_HARP14073_NOAA14288,2025-11-29 10:12:00+00:00,14073,14288,block_download_or_coverage,,,2025,E00326,False,,,False
20251129_1148_HARP14073_NOAA14288,2025-11-29 11:48:00+00:00,14073,14288,block_download_or_coverage,,,2025,E00326,False,,,False
20251129_1324_HARP14073_NOAA14288,2025-11-29 13:24:00+00:00,14073,14288,block_download_or_coverage,,,2025,E00326,False,,,False
20251129_1636_HARP14073_NOAA14288,2025-11-29 16:36:00+00:00,14073,14288,block_download_or_coverage,,,2025,E00326,False,,,False
20251125_1512_HARP14081_NOAA14290,2025-11-25 15:12:00+00:00,14081,14290,block_download_or_coverage,,,2025,E00327,False,,,False
20251125_1648_HARP14081_NOAA14290,2025-11-25 16:48:00+00:00,14081,14290,block_download_or_coverage,,,2025,E00327,False,,,False
20251125_1824_HARP14081_NOAA14290,2025-11-25 18:24:00+00:00,14081,14290,block_download_or_coverage,,,2025,E00327,False,,,False
20251125_2012_HARP14081_NOAA14290,2025-11-25 20:12:00+00:00,14081,14290,block_download_or_coverage,,,2025,E00327,False,,,False
20251125_2148_HARP14081_NOAA14290,2025-11-25 21:48:00+00:00,14081,14290,block_download_or_coverage,,,2025,E00327,False,,,False
20251125_2324_HARP14081_NOAA14290,2025-11-25 23:24:00+00:00,14081,14290,block_download_or_coverage,,,2025,E00327,False,,,False
20251126_0100_HARP14081_NOAA14290,2025-11-26 01:00:00+00:00,14081,14290,block_download_or_coverage,,,2025,E00327,False,59356.0,False,True
20251126_0236_HARP14081_NOAA14290,2025-11-26 02:36:00+00:00,14081,14290,block_download_or_coverage,,,2025,E00327,False,59359.0,False,True
20251126_0412_HARP14081_NOAA14290,2025-11-26 04:12:00+00:00,14081,14290,block_download_or_coverage,,,2025,E00327,False,59362.0,False,True
20251126_0548_HARP14081_NOAA14290,2025-11-26 05:48:00+00:00,14081,14290,block_download_or_coverage,,,2025,E00327,False,59365.0,False,True
20251126_0724_HARP14081_NOAA14290,2025-11-26 07:24:00+00:00,14081,14290,block_download_or_coverage,,,2025,E00327,False,59368.0,False,True
20251126_0900_HARP14081_NOAA14290,2025-11-26 09:00:00+00:00,14081,14290,block_download_or_coverage,,,2025,E00327,False,59371.0,False,True
20251126_1036_HARP14081_NOAA14290,2025-11-26 10:36:00+00:00,14081,14290,block_download_or_coverage,,,2025,E00327,False,59374.0,False,True
20251126_1212_HARP14081_NOAA14290,2025-11-26 12:12:00+00:00,14081,14290,block_download_or_coverage,,,2025,E00327,False,59378.0,False,True
20251126_1348_HARP14081_NOAA14290,2025-11-26 13:48:00+00:00,14081,14290,block_download_or_coverage,,,2025,E00327,False,59382.0,False,True
20251126_0700_HARP14090_NOAA14293,2025-11-26 07:00:00+00:00,14090,14293,block_download_or_coverage,,,2025,E00328,False,,,False
20251126_0836_HARP14090_NOAA14293,2025-11-26 08:36:00+00:00,14090,14293,block_download_or_coverage,,,2025,E00328,False,,,False
20251126_1012_HARP14090_NOAA14293,2025-11-26 10:12:00+00:00,14090,14293,block_download_or_coverage,,,2025,E00328,False,,,False
20251126_1148_HARP14090_NOAA14293,2025-11-26 11:48:00+00:00,14090,14293,block_download_or_coverage,,,2025,E00328,False,59377.0,False,True
20251126_1324_HARP14090_NOAA14293,2025-11-26 13:24:00+00:00,14090,14293,block_download_or_coverage,,,2025,E00328,False,59381.0,False,True
20251126_1500_HARP14090_NOAA14293,2025-11-26 15:00:00+00:00,14090,14293,block_download_or_coverage,,,2025,E00328,False,59385.0,False,True
20251126_1636_HARP14090_NOAA14293,2025-11-26 16:36:00+00:00,14090,14293,block_download_or_coverage,,,2025,E00328,False,,,False
20251126_1812_HARP14090_NOAA14293,2025-11-26 18:12:00+00:00,14090,14293,block_download_or_coverage,,,2025,E00328,False,,,False
20251126_1948_HARP14090_NOAA14293,2025-11-26 19:48:00+00:00,14090,14293,block_download_or_coverage,,,2025,E00328,False,,,False
20251126_2124_HARP14090_NOAA14293,2025-11-26 21:24:00+00:00,14090,14293,block_download_or_coverage,,,2025,E00328,False,,,False
20251126_2300_HARP14090_NOAA14293,2025-11-26 23:00:00+00:00,14090,14293,block_download_or_coverage,,,2025,E00328,False,,,False
20251127_0036_HARP14090_NOAA14293,2025-11-27 00:36:00+00:00,14090,14293,block_download_or_coverage,,,2025,E00328,False,,,False
20251127_0212_HARP14090_NOAA14293,2025-11-27 02:12:00+00:00,14090,14293,block_download_or_coverage,,,2025,E00328,False,,,False
20251127_0348_HARP14090_NOAA14293,2025-11-27 03:48:00+00:00,14090,14293,block_download_or_coverage,,,2025,E00328,False,,,False
20251127_0524_HARP14090_NOAA14293,2025-11-27 05:24:00+00:00,14090,14293,block_download_or_coverage,,,2025,E00328,False,,,False
20251127_0700_HARP14090_NOAA14293,2025-11-27 07:00:00+00:00,14090,14293,block_download_or_coverage,,,2025,E00328,False,,,False
20251127_0836_HARP14090_NOAA14293,2025-11-27 08:36:00+00:00,14090,14293,block_download_or_coverage,,,2025,E00328,False,,,False
20251127_1012_HARP14090_NOAA14293,2025-11-27 10:12:00+00:00,14090,14293,block_download_or_coverage,,,2025,E00328,False,,,False
20251127_1148_HARP14090_NOAA14293,2025-11-27 11:48:00+00:00,14090,14293,block_download_or_coverage,,,2025,E00328,False,,,False
20251127_1324_HARP14090_NOAA14293,2025-11-27 13:24:00+00:00,14090,14293,block_download_or_coverage,,,2025,E00328,False,,,False
20251127_1500_HARP14090_NOAA14293,2025-11-27 15:00:00+00:00,14090,14293,block_download_or_coverage,,,2025,E00328,False,,,False
20251127_1636_HARP14090_NOAA14293,2025-11-27 16:36:00+00:00,14090,14293,block_download_or_coverage,,,2025,E00328,False,,,False
20251127_1812_HARP14090_NOAA14293,2025-11-27 18:12:00+00:00,14090,14293,block_download_or_coverage,,,2025,E00328,False,,,False
20251127_1948_HARP14090_NOAA14293,2025-11-27 19:48:00+00:00,14090,14293,block_download_or_coverage,,,2025,E00328,False,,,False
20251127_2124_HARP14090_NOAA14293,2025-11-27 21:24:00+00:00,14090,14293,block_download_or_coverage,,,2025,E00328,False,,,False
20251127_2300_HARP14090_NOAA14293,2025-11-27 23:00:00+00:00,14090,14293,block_download_or_coverage,,,2025,E00328,False,,,False
20251128_0036_HARP14090_NOAA14293,2025-11-28 00:36:00+00:00,14090,14293,block_download_or_coverage,,,2025,E00328,False,,,False
20251128_0212_HARP14090_NOAA14293,2025-11-28 02:12:00+00:00,14090,14293,block_download_or_coverage,,,2025,E00328,False,,,False
20251128_0348_HARP14090_NOAA14293,2025-11-28 03:48:00+00:00,14090,14293,block_download_or_coverage,,,2025,E00328,False,,,False
20251128_0524_HARP14090_NOAA14293,2025-11-28 05:24:00+00:00,14090,14293,block_download_or_coverage,,,2025,E00328,False,,,False
20251128_0700_HARP14090_NOAA14293,2025-11-28 07:00:00+00:00,14090,14293,block_download_or_coverage,,,2025,E00328,False,,,False
20251128_0836_HARP14090_NOAA14293,2025-11-28 08:36:00+00:00,14090,14293,block_download_or_coverage,,,2025,E00328,False,,,False
20251128_1012_HARP14090_NOAA14293,2025-11-28 10:12:00+00:00,14090,14293,block_download_or_coverage,,,2025,E00328,False,,,False
20251128_1148_HARP14090_NOAA14293,2025-11-28 11:48:00+00:00,14090,14293,block_download_or_coverage,,,2025,E00328,False,,,False
20251128_1324_HARP14090_NOAA14293,2025-11-28 13:24:00+00:00,14090,14293,block_download_or_coverage,,,2025,E00328,False,,,False
20251128_1500_HARP14090_NOAA14293,2025-11-28 15:00:00+00:00,14090,14293,block_download_or_coverage,,,2025,E00328,False,,,False
20251128_1636_HARP14090_NOAA14293,2025-11-28 16:36:00+00:00,14090,14293,block_download_or_coverage,,,2025,E00328,False,,,False
20251128_1812_HARP14090_NOAA14293,2025-11-28 18:12:00+00:00,14090,14293,block_download_or_coverage,,,2025,E00328,False,,,False
20251128_1948_HARP14090_NOAA14293,2025-11-28 19:48:00+00:00,14090,14293,block_download_or_coverage,,,2025,E00328,False,,,False
20251128_2124_HARP14090_NOAA14293,2025-11-28 21:24:00+00:00,14090,14293,block_download_or_coverage,,,2025,E00328,False,,,False
20251128_2300_HARP14090_NOAA14293,2025-11-28 23:00:00+00:00,14090,14293,block_download_or_coverage,,,2025,E00328,False,,,False
20251129_0036_HARP14090_NOAA14293,2025-11-29 00:36:00+00:00,14090,14293,block_download_or_coverage,,,2025,E00328,False,,,False
20251129_0212_HARP14090_NOAA14293,2025-11-29 02:12:00+00:00,14090,14293,block_download_or_coverage,,,2025,E00328,False,,,False
20251129_0348_HARP14090_NOAA14293,2025-11-29 03:48:00+00:00,14090,14293,block_download_or_coverage,,,2025,E00328,False,,,False
20251129_0524_HARP14090_NOAA14293,2025-11-29 05:24:00+00:00,14090,14293,block_download_or_coverage,,,2025,E00328,False,,,False
20251129_0700_HARP14090_NOAA14293,2025-11-29 07:00:00+00:00,14090,14293,block_download_or_coverage,,,2025,E00328,False,,,False
20251129_0836_HARP14090_NOAA14293,2025-11-29 08:36:00+00:00,14090,14293,block_download_or_coverage,,,2025,E00328,False,,,False
20251129_1012_HARP14090_NOAA14293,2025-11-29 10:12:00+00:00,14090,14293,block_download_or_coverage,,,2025,E00328,False,,,False
20251129_1148_HARP14090_NOAA14293,2025-11-29 11:48:00+00:00,14090,14293,block_download_or_coverage,,,2025,E00328,False,,,False
20251129_1324_HARP14090_NOAA14293,2025-11-29 13:24:00+00:00,14090,14293,block_download_or_coverage,,,2025,E00328,False,,,False
20251129_1636_HARP14090_NOAA14293,2025-11-29 16:36:00+00:00,14090,14293,block_download_or_coverage,,,2025,E00328,False,,,False
20251129_1812_HARP14090_NOAA14293,2025-11-29 18:12:00+00:00,14090,14293,block_download_or_coverage,,,2025,E00328,False,,,False
20251129_1948_HARP14090_NOAA14293,2025-11-29 19:48:00+00:00,14090,14293,block_download_or_coverage,,,2025,E00328,False,,,False
20251129_2124_HARP14090_NOAA14293,2025-11-29 21:24:00+00:00,14090,14293,block_download_or_coverage,,,2025,E00328,False,59387.0,False,True
20251129_2300_HARP14090_NOAA14293,2025-11-29 23:00:00+00:00,14090,14293,block_download_or_coverage,,,2025,E00328,False,59388.0,False,True
20251130_0036_HARP14090_NOAA14293,2025-11-30 00:36:00+00:00,14090,14293,block_download_or_coverage,,,2025,E00328,False,59390.0,False,True
20251130_0212_HARP14090_NOAA14293,2025-11-30 02:12:00+00:00,14090,14293,block_download_or_coverage,,,2025,E00328,False,59392.0,False,True
20251130_0348_HARP14090_NOAA14293,2025-11-30 03:48:00+00:00,14090,14293,block_download_or_coverage,,,2025,E00328,False,59394.0,False,True
20251130_0524_HARP14090_NOAA14293,2025-11-30 05:24:00+00:00,14090,14293,block_download_or_coverage,,,2025,E00328,False,59395.0,False,True
20251130_0700_HARP14090_NOAA14293,2025-11-30 07:00:00+00:00,14090,14293,block_download_or_coverage,,,2025,E00328,False,59396.0,False,True
20251130_0836_HARP14090_NOAA14293,2025-11-30 08:36:00+00:00,14090,14293,block_download_or_coverage,,,2025,E00328,False,59397.0,False,True
20251130_1012_HARP14090_NOAA14293,2025-11-30 10:12:00+00:00,14090,14293,block_download_or_coverage,,,2025,E00328,False,59398.0,False,True
20251130_1148_HARP14090_NOAA14293,2025-11-30 11:48:00+00:00,14090,14293,block_download_or_coverage,,,2025,E00328,False,59399.0,False,True
20251130_1324_HARP14090_NOAA14293,2025-11-30 13:24:00+00:00,14090,14293,block_download_or_coverage,,,2025,E00328,False,59400.0,False,True
20251130_1500_HARP14090_NOAA14293,2025-11-30 15:00:00+00:00,14090,14293,block_download_or_coverage,,,2025,E00328,False,59401.0,False,True
20251130_1636_HARP14090_NOAA14293,2025-11-30 16:36:00+00:00,14090,14293,block_download_or_coverage,,,2025,E00328,False,59402.0,False,True
20251130_1812_HARP14090_NOAA14293,2025-11-30 18:12:00+00:00,14090,14293,block_download_or_coverage,,,2025,E00328,False,59403.0,False,True
20251129_0024_HARP14108_NOAA14297,2025-11-29 00:24:00+00:00,14108,14297,block_download_or_coverage,,,2025,E00329,False,,,False
20251129_0200_HARP14108_NOAA14297,2025-11-29 02:00:00+00:00,14108,14297,block_download_or_coverage,,,2025,E00329,False,,,False
20251129_0336_HARP14108_NOAA14297,2025-11-29 03:36:00+00:00,14108,14297,block_download_or_coverage,,,2025,E00329,False,,,False
20251129_0512_HARP14108_NOAA14297,2025-11-29 05:12:00+00:00,14108,14297,block_download_or_coverage,,,2025,E00329,False,,,False
20251129_0648_HARP14108_NOAA14297,2025-11-29 06:48:00+00:00,14108,14297,block_download_or_coverage,,,2025,E00329,False,,,False
20251129_0824_HARP14108_NOAA14297,2025-11-29 08:24:00+00:00,14108,14297,block_download_or_coverage,,,2025,E00329,False,,,False
20251129_1000_HARP14108_NOAA14297,2025-11-29 10:00:00+00:00,14108,14297,block_download_or_coverage,,,2025,E00329,False,,,False
20251129_1136_HARP14108_NOAA14297,2025-11-29 11:36:00+00:00,14108,14297,block_download_or_coverage,,,2025,E00329,False,,,False
20251129_1312_HARP14108_NOAA14297,2025-11-29 13:12:00+00:00,14108,14297,block_download_or_coverage,,,2025,E00329,False,,,False
20251129_1624_HARP14108_NOAA14297,2025-11-29 16:24:00+00:00,14108,14297,block_download_or_coverage,,,2025,E00329,False,,,False
20251129_1936_HARP14108_NOAA14297,2025-11-29 19:36:00+00:00,14108,14297,block_download_or_coverage,,,2025,E00329,False,,,False
20251129_2112_HARP14108_NOAA14297,2025-11-29 21:12:00+00:00,14108,14297,block_download_or_coverage,,,2025,E00329,False,,,False
20251129_2248_HARP14108_NOAA14297,2025-11-29 22:48:00+00:00,14108,14297,block_download_or_coverage,,,2025,E00329,False,,,False
20251130_0024_HARP14108_NOAA14297,2025-11-30 00:24:00+00:00,14108,14297,block_download_or_coverage,,,2025,E00329,False,,,False
20251130_0200_HARP14108_NOAA14297,2025-11-30 02:00:00+00:00,14108,14297,block_download_or_coverage,,,2025,E00329,False,,,False
20251130_0336_HARP14108_NOAA14297,2025-11-30 03:36:00+00:00,14108,14297,block_download_or_coverage,,,2025,E00329,False,,,False
20251130_0512_HARP14108_NOAA14297,2025-11-30 05:12:00+00:00,14108,14297,block_download_or_coverage,,,2025,E00329,False,,,False
20251130_0648_HARP14108_NOAA14297,2025-11-30 06:48:00+00:00,14108,14297,block_download_or_coverage,,,2025,E00329,False,,,False
20251130_0824_HARP14108_NOAA14297,2025-11-30 08:24:00+00:00,14108,14297,block_download_or_coverage,,,2025,E00329,False,,,False
20251130_1000_HARP14108_NOAA14297,2025-11-30 10:00:00+00:00,14108,14297,block_download_or_coverage,,,2025,E00329,False,,,False
20251130_1136_HARP14108_NOAA14297,2025-11-30 11:36:00+00:00,14108,14297,block_download_or_coverage,,,2025,E00329,False,,,False
20251130_1312_HARP14108_NOAA14297,2025-11-30 13:12:00+00:00,14108,14297,block_download_or_coverage,,,2025,E00329,False,,,False
20251130_1448_HARP14108_NOAA14297,2025-11-30 14:48:00+00:00,14108,14297,block_download_or_coverage,,,2025,E00329,False,,,False
20251130_1624_HARP14108_NOAA14297,2025-11-30 16:24:00+00:00,14108,14297,block_download_or_coverage,,,2025,E00329,False,,,False
20251130_1936_HARP14108_NOAA14297,2025-11-30 19:36:00+00:00,14108,14297,block_download_or_coverage,,,2025,E00329,False,,,False
20251130_2112_HARP14108_NOAA14297,2025-11-30 21:12:00+00:00,14108,14297,block_download_or_coverage,,,2025,E00329,False,,,False
20251130_2248_HARP14108_NOAA14297,2025-11-30 22:48:00+00:00,14108,14297,block_download_or_coverage,,,2025,E00329,False,,,False
20251201_0024_HARP14108_NOAA14297,2025-12-01 00:24:00+00:00,14108,14297,block_download_or_coverage,,,2025,E00329,False,59404.0,False,True
20251201_0200_HARP14108_NOAA14297,2025-12-01 02:00:00+00:00,14108,14297,block_download_or_coverage,,,2025,E00329,False,59405.0,False,True
20251201_0336_HARP14108_NOAA14297,2025-12-01 03:36:00+00:00,14108,14297,block_download_or_coverage,,,2025,E00329,False,59406.0,False,True
20251201_0512_HARP14108_NOAA14297,2025-12-01 05:12:00+00:00,14108,14297,block_download_or_coverage,,,2025,E00329,False,59407.0,False,True
20251201_0648_HARP14108_NOAA14297,2025-12-01 06:48:00+00:00,14108,14297,block_download_or_coverage,,,2025,E00329,False,59408.0,False,True
20251201_0824_HARP14108_NOAA14297,2025-12-01 08:24:00+00:00,14108,14297,block_download_or_coverage,,,2025,E00329,False,59409.0,False,True
20251201_1000_HARP14108_NOAA14297,2025-12-01 10:00:00+00:00,14108,14297,block_download_or_coverage,,,2025,E00329,False,59410.0,False,True
20251201_1136_HARP14108_NOAA14297,2025-12-01 11:36:00+00:00,14108,14297,block_download_or_coverage,,,2025,E00329,False,59411.0,False,True
20251201_1312_HARP14108_NOAA14297,2025-12-01 13:12:00+00:00,14108,14297,block_download_or_coverage,,,2025,E00329,False,59412.0,False,True
20251201_1448_HARP14108_NOAA14297,2025-12-01 14:48:00+00:00,14108,14297,block_download_or_coverage,,,2025,E00329,False,59414.0,False,True
20251201_1624_HARP14108_NOAA14297,2025-12-01 16:24:00+00:00,14108,14297,block_download_or_coverage,,,2025,E00329,False,59416.0,False,True
20251201_1936_HARP14108_NOAA14297,2025-12-01 19:36:00+00:00,14108,14297,block_download_or_coverage,,,2025,E00329,False,,,False
20251201_2112_HARP14108_NOAA14297,2025-12-01 21:12:00+00:00,14108,14297,block_download_or_coverage,,,2025,E00329,False,,,False
20251201_2248_HARP14108_NOAA14297,2025-12-01 22:48:00+00:00,14108,14297,block_download_or_coverage,,,2025,E00329,False,,,False
20251202_0024_HARP14108_NOAA14297,2025-12-02 00:24:00+00:00,14108,14297,block_download_or_coverage,,,2025,E00329,False,,,False
20251202_0200_HARP14108_NOAA14297,2025-12-02 02:00:00+00:00,14108,14297,block_download_or_coverage,,,2025,E00329,False,,,False
20251202_0336_HARP14108_NOAA14297,2025-12-02 03:36:00+00:00,14108,14297,block_download_or_coverage,,,2025,E00329,False,,,False
20251202_0512_HARP14108_NOAA14297,2025-12-02 05:12:00+00:00,14108,14297,block_download_or_coverage,,,2025,E00329,False,,,False
20251202_0648_HARP14108_NOAA14297,2025-12-02 06:48:00+00:00,14108,14297,block_download_or_coverage,,,2025,E00329,False,,,False
20251202_0824_HARP14108_NOAA14297,2025-12-02 08:24:00+00:00,14108,14297,block_download_or_coverage,,,2025,E00329,False,,,False
20251202_1000_HARP14108_NOAA14297,2025-12-02 10:00:00+00:00,14108,14297,block_download_or_coverage,,,2025,E00329,False,,,False
20251202_1136_HARP14108_NOAA14297,2025-12-02 11:36:00+00:00,14108,14297,block_download_or_coverage,,,2025,E00329,False,,,False
20251202_1312_HARP14108_NOAA14297,2025-12-02 13:12:00+00:00,14108,14297,block_download_or_coverage,,,2025,E00329,False,,,False
20251202_1448_HARP14108_NOAA14297,2025-12-02 14:48:00+00:00,14108,14297,block_download_or_coverage,,,2025,E00329,False,,,False
20251202_1624_HARP14108_NOAA14297,2025-12-02 16:24:00+00:00,14108,14297,block_download_or_coverage,,,2025,E00329,False,,,False
20251202_1936_HARP14108_NOAA14297,2025-12-02 19:36:00+00:00,14108,14297,block_download_or_coverage,,,2025,E00329,False,,,False
20251202_2136_HARP14108_NOAA14297,2025-12-02 21:36:00+00:00,14108,14297,block_download_or_coverage,,,2025,E00329,False,,,False
20251202_2312_HARP14108_NOAA14297,2025-12-02 23:12:00+00:00,14108,14297,block_download_or_coverage,,,2025,E00329,False,,,False
20251203_0048_HARP14108_NOAA14297,2025-12-03 00:48:00+00:00,14108,14297,block_download_or_coverage,,,2025,E00329,False,,,False
20251203_0224_HARP14108_NOAA14297,2025-12-03 02:24:00+00:00,14108,14297,block_download_or_coverage,,,2025,E00329,False,59421.0,False,True
20251203_0400_HARP14108_NOAA14297,2025-12-03 04:00:00+00:00,14108,14297,block_download_or_coverage,,,2025,E00329,False,59422.0,False,True
20251203_0536_HARP14108_NOAA14297,2025-12-03 05:36:00+00:00,14108,14297,block_download_or_coverage,,,2025,E00329,False,59423.0,False,True
20251203_0712_HARP14108_NOAA14297,2025-12-03 07:12:00+00:00,14108,14297,block_download_or_coverage,,,2025,E00329,False,59424.0,False,True
20251203_1148_HARP14111_NOAA14294,2025-12-03 11:48:00+00:00,14111,14294,block_download_or_coverage,,,2025,E00330,False,,,False
20251203_1324_HARP14111_NOAA14294,2025-12-03 13:24:00+00:00,14111,14294,block_download_or_coverage,,,2025,E00330,False,,,False
20251203_1536_HARP14111_NOAA14294,2025-12-03 15:36:00+00:00,14111,14294,block_download_or_coverage,,,2025,E00330,False,,,False
20251204_0736_HARP14111_NOAA14294,2025-12-04 07:36:00+00:00,14111,14294,block_download_or_coverage,,,2025,E00331,False,,,False
20251204_0912_HARP14111_NOAA14294,2025-12-04 09:12:00+00:00,14111,14294,block_download_or_coverage,,,2025,E00331,False,,,False
20251204_1048_HARP14111_NOAA14294,2025-12-04 10:48:00+00:00,14111,14294,block_download_or_coverage,,,2025,E00331,False,,,False
20251204_1224_HARP14111_NOAA14294,2025-12-04 12:24:00+00:00,14111,14294,block_download_or_coverage,,,2025,E00331,False,59428.0,False,True
20251204_1400_HARP14111_NOAA14294,2025-12-04 14:00:00+00:00,14111,14294,block_download_or_coverage,,,2025,E00331,False,59429.0,False,True
20251204_1536_HARP14111_NOAA14294,2025-12-04 15:36:00+00:00,14111,14294,block_download_or_coverage,,,2025,E00331,False,59430.0,False,True
20251204_1712_HARP14111_NOAA14294,2025-12-04 17:12:00+00:00,14111,14294,block_download_or_coverage,,,2025,E00331,False,59431.0,False,True
20251204_1848_HARP14111_NOAA14294,2025-12-04 18:48:00+00:00,14111,14294,block_download_or_coverage,,,2025,E00331,False,59433.0,False,True
20251204_2024_HARP14111_NOAA14294,2025-12-04 20:24:00+00:00,14111,14294,block_download_or_coverage,,,2025,E00331,False,59435.0,False,True
20251204_2200_HARP14111_NOAA14294,2025-12-04 22:00:00+00:00,14111,14294,block_download_or_coverage,,,2025,E00331,False,59437.0,False,True
20251204_2336_HARP14111_NOAA14294,2025-12-04 23:36:00+00:00,14111,14294,block_download_or_coverage,,,2025,E00331,False,59439.0,False,True
20251205_0112_HARP14111_NOAA14294,2025-12-05 01:12:00+00:00,14111,14294,block_download_or_coverage,,,2025,E00331,False,59442.0,False,True
20251205_0248_HARP14111_NOAA14294,2025-12-05 02:48:00+00:00,14111,14294,block_download_or_coverage,,,2025,E00331,False,59445.0,False,True
20251205_0424_HARP14111_NOAA14294,2025-12-05 04:24:00+00:00,14111,14294,block_download_or_coverage,,,2025,E00331,False,59448.0,False,True
20251205_0736_HARP14111_NOAA14294,2025-12-05 07:36:00+00:00,14111,14294,block_download_or_coverage,,,2025,E00331,False,,,False
20251205_0912_HARP14111_NOAA14294,2025-12-05 09:12:00+00:00,14111,14294,block_download_or_coverage,,,2025,E00331,False,,,False
20251205_1048_HARP14111_NOAA14294,2025-12-05 10:48:00+00:00,14111,14294,block_download_or_coverage,,,2025,E00331,False,,,False
20251205_1224_HARP14111_NOAA14294,2025-12-05 12:24:00+00:00,14111,14294,block_download_or_coverage,,,2025,E00331,False,,,False
20251205_1400_HARP14111_NOAA14294,2025-12-05 14:00:00+00:00,14111,14294,block_download_or_coverage,,,2025,E00331,False,,,False
20251205_1536_HARP14111_NOAA14294,2025-12-05 15:36:00+00:00,14111,14294,block_download_or_coverage,,,2025,E00331,False,,,False
20251205_1712_HARP14111_NOAA14294,2025-12-05 17:12:00+00:00,14111,14294,block_download_or_coverage,,,2025,E00331,False,,,False
20251205_1848_HARP14111_NOAA14294,2025-12-05 18:48:00+00:00,14111,14294,block_download_or_coverage,,,2025,E00331,False,,,False
20251205_2024_HARP14111_NOAA14294,2025-12-05 20:24:00+00:00,14111,14294,block_download_or_coverage,,,2025,E00331,False,,,False
20251205_2200_HARP14111_NOAA14294,2025-12-05 22:00:00+00:00,14111,14294,block_download_or_coverage,,,2025,E00331,False,,,False
20251205_2336_HARP14111_NOAA14294,2025-12-05 23:36:00+00:00,14111,14294,block_download_or_coverage,,,2025,E00331,False,,,False
20251206_0112_HARP14111_NOAA14294,2025-12-06 01:12:00+00:00,14111,14294,block_download_or_coverage,,,2025,E00331,False,,,False
20251206_0248_HARP14111_NOAA14294,2025-12-06 02:48:00+00:00,14111,14294,block_download_or_coverage,,,2025,E00331,False,,,False
20251206_0424_HARP14111_NOAA14294,2025-12-06 04:24:00+00:00,14111,14294,block_download_or_coverage,,,2025,E00331,False,,,False
20251206_0736_HARP14111_NOAA14294,2025-12-06 07:36:00+00:00,14111,14294,block_download_or_coverage,,,2025,E00331,False,,,False
20251206_0912_HARP14111_NOAA14294,2025-12-06 09:12:00+00:00,14111,14294,block_download_or_coverage,,,2025,E00331,False,,,False
20251206_1048_HARP14111_NOAA14294,2025-12-06 10:48:00+00:00,14111,14294,block_download_or_coverage,,,2025,E00331,False,,,False
20251206_1224_HARP14111_NOAA14294,2025-12-06 12:24:00+00:00,14111,14294,block_download_or_coverage,,,2025,E00331,False,,,False
20251206_1400_HARP14111_NOAA14294,2025-12-06 14:00:00+00:00,14111,14294,block_download_or_coverage,,,2025,E00331,False,,,False
20251206_1536_HARP14111_NOAA14294,2025-12-06 15:36:00+00:00,14111,14294,block_download_or_coverage,,,2025,E00331,False,,,False
20251206_1712_HARP14111_NOAA14294,2025-12-06 17:12:00+00:00,14111,14294,block_download_or_coverage,,,2025,E00331,False,,,False
20251206_1848_HARP14111_NOAA14294,2025-12-06 18:48:00+00:00,14111,14294,block_download_or_coverage,,,2025,E00331,False,,,False
20251206_2024_HARP14111_NOAA14294,2025-12-06 20:24:00+00:00,14111,14294,block_download_or_coverage,,,2025,E00331,False,,,False
20251206_2200_HARP14111_NOAA14294,2025-12-06 22:00:00+00:00,14111,14294,block_download_or_coverage,,,2025,E00331,False,,,False
20251206_2336_HARP14111_NOAA14294,2025-12-06 23:36:00+00:00,14111,14294,block_download_or_coverage,,,2025,E00331,False,,,False
20251207_0112_HARP14111_NOAA14294,2025-12-07 01:12:00+00:00,14111,14294,block_download_or_coverage,,,2025,E00331,False,,,False
20251207_0248_HARP14111_NOAA14294,2025-12-07 02:48:00+00:00,14111,14294,block_download_or_coverage,,,2025,E00331,False,,,False
20251207_0424_HARP14111_NOAA14294,2025-12-07 04:24:00+00:00,14111,14294,block_download_or_coverage,,,2025,E00331,False,,,False
20251207_0736_HARP14111_NOAA14294,2025-12-07 07:36:00+00:00,14111,14294,block_download_or_coverage,,,2025,E00331,False,,,False
20251207_0912_HARP14111_NOAA14294,2025-12-07 09:12:00+00:00,14111,14294,block_download_or_coverage,,,2025,E00331,False,,,False
20251207_1048_HARP14111_NOAA14294,2025-12-07 10:48:00+00:00,14111,14294,block_download_or_coverage,,,2025,E00331,False,,,False
20251207_1224_HARP14111_NOAA14294,2025-12-07 12:24:00+00:00,14111,14294,block_download_or_coverage,,,2025,E00331,False,,,False
20251207_1400_HARP14111_NOAA14294,2025-12-07 14:00:00+00:00,14111,14294,block_download_or_coverage,,,2025,E00331,False,,,False
20251207_1536_HARP14111_NOAA14294,2025-12-07 15:36:00+00:00,14111,14294,block_download_or_coverage,,,2025,E00331,False,,,False
20251207_1712_HARP14111_NOAA14294,2025-12-07 17:12:00+00:00,14111,14294,block_download_or_coverage,,,2025,E00331,False,,,False
20251207_1848_HARP14111_NOAA14294,2025-12-07 18:48:00+00:00,14111,14294,block_download_or_coverage,,,2025,E00331,False,,,False
20251207_2024_HARP14111_NOAA14294,2025-12-07 20:24:00+00:00,14111,14294,block_download_or_coverage,,,2025,E00331,False,,,False
20251207_2200_HARP14111_NOAA14294,2025-12-07 22:00:00+00:00,14111,14294,block_download_or_coverage,,,2025,E00331,False,,,False
20251204_0336_HARP14115_NOAA14295,2025-12-04 03:36:00+00:00,14115,14295,block_download_or_coverage,,,2025,E00332,False,,,False
20251204_0512_HARP14115_NOAA14295,2025-12-04 05:12:00+00:00,14115,14295,block_download_or_coverage,,,2025,E00332,False,,,False
20251204_0648_HARP14115_NOAA14295,2025-12-04 06:48:00+00:00,14115,14295,block_download_or_coverage,,,2025,E00332,False,,,False
20251204_0824_HARP14115_NOAA14295,2025-12-04 08:24:00+00:00,14115,14295,block_download_or_coverage,,,2025,E00332,False,,,False
20251204_1000_HARP14115_NOAA14295,2025-12-04 10:00:00+00:00,14115,14295,block_download_or_coverage,,,2025,E00332,False,,,False
20251204_1136_HARP14115_NOAA14295,2025-12-04 11:36:00+00:00,14115,14295,block_download_or_coverage,,,2025,E00332,False,,,False
20251204_1312_HARP14115_NOAA14295,2025-12-04 13:12:00+00:00,14115,14295,block_download_or_coverage,,,2025,E00332,False,,,False
20251204_1448_HARP14115_NOAA14295,2025-12-04 14:48:00+00:00,14115,14295,block_download_or_coverage,,,2025,E00332,False,,,False
20251204_1624_HARP14115_NOAA14295,2025-12-04 16:24:00+00:00,14115,14295,block_download_or_coverage,,,2025,E00332,False,,,False
20251207_1936_HARP14115_NOAA14295,2025-12-07 19:36:00+00:00,14115,14295,block_download_or_coverage,,,2025,E00333,False,,,False
20251207_2112_HARP14115_NOAA14295,2025-12-07 21:12:00+00:00,14115,14295,block_download_or_coverage,,,2025,E00333,False,,,False
20251207_2248_HARP14115_NOAA14295,2025-12-07 22:48:00+00:00,14115,14295,block_download_or_coverage,,,2025,E00333,False,,,False
20251208_0024_HARP14115_NOAA14295,2025-12-08 00:24:00+00:00,14115,14295,block_download_or_coverage,,,2025,E00333,False,,,False
20251208_0200_HARP14115_NOAA14295,2025-12-08 02:00:00+00:00,14115,14295,block_download_or_coverage,,,2025,E00333,False,,,False
20251208_0336_HARP14115_NOAA14295,2025-12-08 03:36:00+00:00,14115,14295,block_download_or_coverage,,,2025,E00333,False,,,False
20251208_0512_HARP14115_NOAA14295,2025-12-08 05:12:00+00:00,14115,14295,block_download_or_coverage,,,2025,E00333,False,,,False
20251208_0648_HARP14115_NOAA14295,2025-12-08 06:48:00+00:00,14115,14295,block_download_or_coverage,,,2025,E00333,False,,,False
20251208_0824_HARP14115_NOAA14295,2025-12-08 08:24:00+00:00,14115,14295,block_download_or_coverage,,,2025,E00333,False,,,False
20251208_1000_HARP14115_NOAA14295,2025-12-08 10:00:00+00:00,14115,14295,block_download_or_coverage,,,2025,E00333,False,,,False
20251208_1136_HARP14115_NOAA14295,2025-12-08 11:36:00+00:00,14115,14295,block_download_or_coverage,,,2025,E00333,False,,,False
20251208_1312_HARP14115_NOAA14295,2025-12-08 13:12:00+00:00,14115,14295,block_download_or_coverage,,,2025,E00333,False,,,False
20251204_1236_HARP14117_NOAA14299,2025-12-04 12:36:00+00:00,14117,14299,block_download_or_coverage,,,2025,E00334,False,,,False
20251204_1412_HARP14117_NOAA14299,2025-12-04 14:12:00+00:00,14117,14299,block_download_or_coverage,,,2025,E00334,False,,,False
20251204_1548_HARP14117_NOAA14299,2025-12-04 15:48:00+00:00,14117,14299,block_download_or_coverage,,,2025,E00334,False,,,False
20251204_1724_HARP14117_NOAA14299,2025-12-04 17:24:00+00:00,14117,14299,block_download_or_coverage,,,2025,E00334,False,59432.0,False,True
20251204_1900_HARP14117_NOAA14299,2025-12-04 19:00:00+00:00,14117,14299,block_download_or_coverage,,,2025,E00334,False,59434.0,False,True
20251204_2036_HARP14117_NOAA14299,2025-12-04 20:36:00+00:00,14117,14299,block_download_or_coverage,,,2025,E00334,False,59436.0,False,True
20251204_2212_HARP14117_NOAA14299,2025-12-04 22:12:00+00:00,14117,14299,block_download_or_coverage,,,2025,E00334,False,59438.0,False,True
20251204_2348_HARP14117_NOAA14299,2025-12-04 23:48:00+00:00,14117,14299,block_download_or_coverage,,,2025,E00334,False,59440.0,False,True
20251205_0124_HARP14117_NOAA14299,2025-12-05 01:24:00+00:00,14117,14299,block_download_or_coverage,,,2025,E00334,False,59443.0,False,True
20251205_0300_HARP14117_NOAA14299,2025-12-05 03:00:00+00:00,14117,14299,block_download_or_coverage,,,2025,E00334,False,59446.0,False,True
20251205_0436_HARP14117_NOAA14299,2025-12-05 04:36:00+00:00,14117,14299,block_download_or_coverage,,,2025,E00334,False,59449.0,False,True
20251205_0612_HARP14117_NOAA14299,2025-12-05 06:12:00+00:00,14117,14299,block_download_or_coverage,,,2025,E00334,False,59451.0,False,True
20251205_0748_HARP14117_NOAA14299,2025-12-05 07:48:00+00:00,14117,14299,block_download_or_coverage,,,2025,E00334,False,59453.0,False,True
20251205_0924_HARP14117_NOAA14299,2025-12-05 09:24:00+00:00,14117,14299,block_download_or_coverage,,,2025,E00334,False,59455.0,False,True
20251205_1100_HARP14117_NOAA14299,2025-12-05 11:00:00+00:00,14117,14299,block_download_or_coverage,,,2025,E00334,False,59457.0,False,True
20251205_1236_HARP14117_NOAA14299,2025-12-05 12:36:00+00:00,14117,14299,block_download_or_coverage,,,2025,E00334,False,59459.0,False,True
20251205_1412_HARP14117_NOAA14299,2025-12-05 14:12:00+00:00,14117,14299,block_download_or_coverage,,,2025,E00334,False,59461.0,False,True
20251205_1548_HARP14117_NOAA14299,2025-12-05 15:48:00+00:00,14117,14299,block_download_or_coverage,,,2025,E00334,False,59463.0,False,True
20251205_1724_HARP14117_NOAA14299,2025-12-05 17:24:00+00:00,14117,14299,block_download_or_coverage,,,2025,E00334,False,59465.0,False,True
20251205_1900_HARP14117_NOAA14299,2025-12-05 19:00:00+00:00,14117,14299,block_download_or_coverage,,,2025,E00334,False,59466.0,False,True
20251205_2036_HARP14117_NOAA14299,2025-12-05 20:36:00+00:00,14117,14299,block_download_or_coverage,,,2025,E00334,False,59467.0,False,True
20251205_2212_HARP14117_NOAA14299,2025-12-05 22:12:00+00:00,14117,14299,block_download_or_coverage,,,2025,E00334,False,59469.0,False,True
20251205_2348_HARP14117_NOAA14299,2025-12-05 23:48:00+00:00,14117,14299,block_download_or_coverage,,,2025,E00334,False,59471.0,False,True
20251206_0124_HARP14117_NOAA14299,2025-12-06 01:24:00+00:00,14117,14299,block_download_or_coverage,,,2025,E00334,False,59474.0,False,True
20251206_0300_HARP14117_NOAA14299,2025-12-06 03:00:00+00:00,14117,14299,block_download_or_coverage,,,2025,E00334,False,59477.0,False,True
20251206_0436_HARP14117_NOAA14299,2025-12-06 04:36:00+00:00,14117,14299,block_download_or_coverage,,,2025,E00334,False,59480.0,False,True
20251206_0612_HARP14117_NOAA14299,2025-12-06 06:12:00+00:00,14117,14299,block_download_or_coverage,,,2025,E00334,False,59483.0,False,True
20251206_0748_HARP14117_NOAA14299,2025-12-06 07:48:00+00:00,14117,14299,block_download_or_coverage,,,2025,E00334,False,59486.0,False,True
20251206_0924_HARP14117_NOAA14299,2025-12-06 09:24:00+00:00,14117,14299,block_download_or_coverage,,,2025,E00334,False,59487.0,False,True
20251206_1100_HARP14117_NOAA14299,2025-12-06 11:00:00+00:00,14117,14299,block_download_or_coverage,,,2025,E00334,False,59488.0,False,True
20251206_1236_HARP14117_NOAA14299,2025-12-06 12:36:00+00:00,14117,14299,block_download_or_coverage,,,2025,E00334,False,59489.0,False,True
20251206_1412_HARP14117_NOAA14299,2025-12-06 14:12:00+00:00,14117,14299,block_download_or_coverage,,,2025,E00334,False,59490.0,False,True
20251206_1548_HARP14117_NOAA14299,2025-12-06 15:48:00+00:00,14117,14299,block_download_or_coverage,,,2025,E00334,False,59491.0,False,True
20251206_1724_HARP14117_NOAA14299,2025-12-06 17:24:00+00:00,14117,14299,block_download_or_coverage,,,2025,E00334,False,59492.0,False,True
20251206_1900_HARP14117_NOAA14299,2025-12-06 19:00:00+00:00,14117,14299,block_download_or_coverage,,,2025,E00334,False,59493.0,False,True
20251206_2036_HARP14117_NOAA14299,2025-12-06 20:36:00+00:00,14117,14299,block_download_or_coverage,,,2025,E00334,False,59494.0,False,True
20251206_2212_HARP14117_NOAA14299,2025-12-06 22:12:00+00:00,14117,14299,block_download_or_coverage,,,2025,E00334,False,59495.0,False,True
20251206_2348_HARP14117_NOAA14299,2025-12-06 23:48:00+00:00,14117,14299,block_download_or_coverage,,,2025,E00334,False,59496.0,False,True
20251207_0124_HARP14117_NOAA14299,2025-12-07 01:24:00+00:00,14117,14299,block_download_or_coverage,,,2025,E00334,False,59497.0,False,True
20251207_0300_HARP14117_NOAA14299,2025-12-07 03:00:00+00:00,14117,14299,block_download_or_coverage,,,2025,E00334,False,59498.0,False,True
20251207_0436_HARP14117_NOAA14299,2025-12-07 04:36:00+00:00,14117,14299,block_download_or_coverage,,,2025,E00334,False,59499.0,False,True
20251207_0612_HARP14117_NOAA14299,2025-12-07 06:12:00+00:00,14117,14299,block_download_or_coverage,,,2025,E00334,False,59500.0,False,True
20251207_0748_HARP14117_NOAA14299,2025-12-07 07:48:00+00:00,14117,14299,block_download_or_coverage,,,2025,E00334,False,59501.0,False,True
20251207_0924_HARP14117_NOAA14299,2025-12-07 09:24:00+00:00,14117,14299,block_download_or_coverage,,,2025,E00334,False,59502.0,False,True
20251207_1100_HARP14117_NOAA14299,2025-12-07 11:00:00+00:00,14117,14299,block_download_or_coverage,,,2025,E00334,False,59503.0,False,True
20251207_1236_HARP14117_NOAA14299,2025-12-07 12:36:00+00:00,14117,14299,block_download_or_coverage,,,2025,E00334,False,59504.0,False,True
20251207_1412_HARP14117_NOAA14299,2025-12-07 14:12:00+00:00,14117,14299,block_download_or_coverage,,,2025,E00334,False,59505.0,False,True
20251207_1548_HARP14117_NOAA14299,2025-12-07 15:48:00+00:00,14117,14299,block_download_or_coverage,,,2025,E00334,False,59506.0,False,True
20251207_1724_HARP14117_NOAA14299,2025-12-07 17:24:00+00:00,14117,14299,block_download_or_coverage,,,2025,E00334,False,59507.0,False,True
20251207_1900_HARP14117_NOAA14299,2025-12-07 19:00:00+00:00,14117,14299,block_download_or_coverage,,,2025,E00334,False,59508.0,False,True
20251207_2036_HARP14117_NOAA14299,2025-12-07 20:36:00+00:00,14117,14299,block_download_or_coverage,,,2025,E00334,False,59509.0,False,True
20251207_2348_HARP14117_NOAA14299,2025-12-07 23:48:00+00:00,14117,14299,block_download_or_coverage,,,2025,E00334,False,,,False
20251208_0124_HARP14117_NOAA14299,2025-12-08 01:24:00+00:00,14117,14299,block_download_or_coverage,,,2025,E00334,False,,,False
20251208_0300_HARP14117_NOAA14299,2025-12-08 03:00:00+00:00,14117,14299,block_download_or_coverage,,,2025,E00334,False,,,False
20251208_0436_HARP14117_NOAA14299,2025-12-08 04:36:00+00:00,14117,14299,block_download_or_coverage,,,2025,E00334,False,59510.0,False,True
20251208_0612_HARP14117_NOAA14299,2025-12-08 06:12:00+00:00,14117,14299,block_download_or_coverage,,,2025,E00334,False,59511.0,False,True
20251208_0748_HARP14117_NOAA14299,2025-12-08 07:48:00+00:00,14117,14299,block_download_or_coverage,,,2025,E00334,False,59512.0,False,True
20251208_0924_HARP14117_NOAA14299,2025-12-08 09:24:00+00:00,14117,14299,block_download_or_coverage,,,2025,E00334,False,59513.0,False,True
20251208_1100_HARP14117_NOAA14299,2025-12-08 11:00:00+00:00,14117,14299,block_download_or_coverage,,,2025,E00334,False,59514.0,False,True
20251208_1236_HARP14117_NOAA14299,2025-12-08 12:36:00+00:00,14117,14299,block_download_or_coverage,,,2025,E00334,False,59515.0,False,True
20251208_1412_HARP14117_NOAA14299,2025-12-08 14:12:00+00:00,14117,14299,block_download_or_coverage,,,2025,E00334,False,59516.0,False,True
20251208_1548_HARP14117_NOAA14299,2025-12-08 15:48:00+00:00,14117,14299,block_download_or_coverage,,,2025,E00334,False,59517.0,False,True
20251208_1724_HARP14117_NOAA14299,2025-12-08 17:24:00+00:00,14117,14299,block_download_or_coverage,,,2025,E00334,False,59518.0,False,True
20251208_1900_HARP14117_NOAA14299,2025-12-08 19:00:00+00:00,14117,14299,block_download_or_coverage,,,2025,E00334,False,59519.0,False,True
20251208_2036_HARP14117_NOAA14299,2025-12-08 20:36:00+00:00,14117,14299,block_download_or_coverage,,,2025,E00334,False,59520.0,False,True
20251208_2212_HARP14117_NOAA14299,2025-12-08 22:12:00+00:00,14117,14299,block_download_or_coverage,,,2025,E00334,False,59521.0,False,True
20251208_2348_HARP14117_NOAA14299,2025-12-08 23:48:00+00:00,14117,14299,block_download_or_coverage,,,2025,E00334,False,59522.0,False,True
20251209_0124_HARP14117_NOAA14299,2025-12-09 01:24:00+00:00,14117,14299,block_download_or_coverage,,,2025,E00334,False,,,False
20251209_0300_HARP14117_NOAA14299,2025-12-09 03:00:00+00:00,14117,14299,block_download_or_coverage,,,2025,E00334,False,,,False
20251209_0436_HARP14117_NOAA14299,2025-12-09 04:36:00+00:00,14117,14299,block_download_or_coverage,,,2025,E00334,False,,,False
20251209_0612_HARP14117_NOAA14299,2025-12-09 06:12:00+00:00,14117,14299,block_download_or_coverage,,,2025,E00334,False,,,False
20251209_0748_HARP14117_NOAA14299,2025-12-09 07:48:00+00:00,14117,14299,block_download_or_coverage,,,2025,E00334,False,,,False
20251209_0924_HARP14117_NOAA14299,2025-12-09 09:24:00+00:00,14117,14299,block_download_or_coverage,,,2025,E00334,False,,,False
20251209_1100_HARP14117_NOAA14299,2025-12-09 11:00:00+00:00,14117,14299,block_download_or_coverage,,,2025,E00334,False,,,False
20251209_1236_HARP14117_NOAA14299,2025-12-09 12:36:00+00:00,14117,14299,block_download_or_coverage,,,2025,E00334,False,,,False
20251209_1412_HARP14117_NOAA14299,2025-12-09 14:12:00+00:00,14117,14299,block_download_or_coverage,,,2025,E00334,False,,,False
20251209_1548_HARP14117_NOAA14299,2025-12-09 15:48:00+00:00,14117,14299,block_download_or_coverage,,,2025,E00334,False,,,False
20251209_1724_HARP14117_NOAA14299,2025-12-09 17:24:00+00:00,14117,14299,block_download_or_coverage,,,2025,E00334,False,,,False
20251205_1612_HARP14124_NOAA14300,2025-12-05 16:12:00+00:00,14124,14300,block_download_or_coverage,,,2025,E00335,False,,,False
20251205_1748_HARP14124_NOAA14300,2025-12-05 17:48:00+00:00,14124,14300,block_download_or_coverage,,,2025,E00335,False,,,False
20251205_1924_HARP14124_NOAA14300,2025-12-05 19:24:00+00:00,14124,14300,block_download_or_coverage,,,2025,E00335,False,,,False
20251205_2100_HARP14124_NOAA14300,2025-12-05 21:00:00+00:00,14124,14300,block_download_or_coverage,,,2025,E00335,False,59468.0,False,True
20251205_2236_HARP14124_NOAA14300,2025-12-05 22:36:00+00:00,14124,14300,block_download_or_coverage,,,2025,E00335,False,59470.0,False,True
20251206_0012_HARP14124_NOAA14300,2025-12-06 00:12:00+00:00,14124,14300,block_download_or_coverage,,,2025,E00335,False,59472.0,False,True
20251206_0148_HARP14124_NOAA14300,2025-12-06 01:48:00+00:00,14124,14300,block_download_or_coverage,,,2025,E00335,False,59475.0,False,True
20251206_0324_HARP14124_NOAA14300,2025-12-06 03:24:00+00:00,14124,14300,block_download_or_coverage,,,2025,E00335,False,59478.0,False,True
20251206_0500_HARP14124_NOAA14300,2025-12-06 05:00:00+00:00,14124,14300,block_download_or_coverage,,,2025,E00335,False,59481.0,False,True
20251206_0636_HARP14124_NOAA14300,2025-12-06 06:36:00+00:00,14124,14300,block_download_or_coverage,,,2025,E00335,False,59484.0,False,True
20251206_0812_HARP14124_NOAA14300,2025-12-06 08:12:00+00:00,14124,14300,block_download_or_coverage,,,2025,E00335,False,,,False
20251206_0948_HARP14124_NOAA14300,2025-12-06 09:48:00+00:00,14124,14300,block_download_or_coverage,,,2025,E00335,False,,,False
20251206_1124_HARP14124_NOAA14300,2025-12-06 11:24:00+00:00,14124,14300,block_download_or_coverage,,,2025,E00335,False,,,False
20251206_1300_HARP14124_NOAA14300,2025-12-06 13:00:00+00:00,14124,14300,block_download_or_coverage,,,2025,E00335,False,,,False
20251206_1436_HARP14124_NOAA14300,2025-12-06 14:36:00+00:00,14124,14300,block_download_or_coverage,,,2025,E00335,False,,,False
20251206_1612_HARP14124_NOAA14300,2025-12-06 16:12:00+00:00,14124,14300,block_download_or_coverage,,,2025,E00335,False,,,False
20251206_1748_HARP14124_NOAA14300,2025-12-06 17:48:00+00:00,14124,14300,block_download_or_coverage,,,2025,E00335,False,,,False
20251206_1924_HARP14124_NOAA14300,2025-12-06 19:24:00+00:00,14124,14300,block_download_or_coverage,,,2025,E00335,False,,,False
20251206_2100_HARP14124_NOAA14300,2025-12-06 21:00:00+00:00,14124,14300,block_download_or_coverage,,,2025,E00335,False,,,False
20251206_2236_HARP14124_NOAA14300,2025-12-06 22:36:00+00:00,14124,14300,block_download_or_coverage,,,2025,E00335,False,,,False
20251207_0012_HARP14124_NOAA14300,2025-12-07 00:12:00+00:00,14124,14300,block_download_or_coverage,,,2025,E00335,False,,,False
20251207_0148_HARP14124_NOAA14300,2025-12-07 01:48:00+00:00,14124,14300,block_download_or_coverage,,,2025,E00335,False,,,False
20251207_0324_HARP14124_NOAA14300,2025-12-07 03:24:00+00:00,14124,14300,block_download_or_coverage,,,2025,E00335,False,,,False
20251207_0500_HARP14124_NOAA14300,2025-12-07 05:00:00+00:00,14124,14300,block_download_or_coverage,,,2025,E00335,False,,,False
20251207_0636_HARP14124_NOAA14300,2025-12-07 06:36:00+00:00,14124,14300,block_download_or_coverage,,,2025,E00335,False,,,False
20251207_0812_HARP14124_NOAA14300,2025-12-07 08:12:00+00:00,14124,14300,block_download_or_coverage,,,2025,E00335,False,,,False
20251207_0948_HARP14124_NOAA14300,2025-12-07 09:48:00+00:00,14124,14300,block_download_or_coverage,,,2025,E00335,False,,,False
20251207_1124_HARP14124_NOAA14300,2025-12-07 11:24:00+00:00,14124,14300,block_download_or_coverage,,,2025,E00335,False,,,False
20251207_1300_HARP14124_NOAA14300,2025-12-07 13:00:00+00:00,14124,14300,block_download_or_coverage,,,2025,E00335,False,,,False
20251207_1436_HARP14124_NOAA14300,2025-12-07 14:36:00+00:00,14124,14300,block_download_or_coverage,,,2025,E00335,False,,,False
20251207_1012_HARP14138_NOAA14306,2025-12-07 10:12:00+00:00,14138,14306,block_download_or_coverage,,,2025,E00336,False,,,False
20251207_1148_HARP14138_NOAA14306,2025-12-07 11:48:00+00:00,14138,14306,block_download_or_coverage,,,2025,E00336,False,,,False
20251207_1324_HARP14138_NOAA14306,2025-12-07 13:24:00+00:00,14138,14306,block_download_or_coverage,,,2025,E00336,False,,,False
20251207_1500_HARP14138_NOAA14306,2025-12-07 15:00:00+00:00,14138,14306,block_download_or_coverage,,,2025,E00336,False,,,False
20251207_1636_HARP14138_NOAA14306,2025-12-07 16:36:00+00:00,14138,14306,block_download_or_coverage,,,2025,E00336,False,,,False
20251207_1812_HARP14138_NOAA14306,2025-12-07 18:12:00+00:00,14138,14306,block_download_or_coverage,,,2025,E00336,False,,,False
20251207_1948_HARP14138_NOAA14306,2025-12-07 19:48:00+00:00,14138,14306,block_download_or_coverage,,,2025,E00336,False,,,False
20251207_2124_HARP14138_NOAA14306,2025-12-07 21:24:00+00:00,14138,14306,block_download_or_coverage,,,2025,E00336,False,,,False
20251207_2300_HARP14138_NOAA14306,2025-12-07 23:00:00+00:00,14138,14306,block_download_or_coverage,,,2025,E00336,False,,,False
20251208_0036_HARP14138_NOAA14306,2025-12-08 00:36:00+00:00,14138,14306,block_download_or_coverage,,,2025,E00336,False,,,False
20251208_0212_HARP14138_NOAA14306,2025-12-08 02:12:00+00:00,14138,14306,block_download_or_coverage,,,2025,E00336,False,,,False
20251208_0348_HARP14138_NOAA14306,2025-12-08 03:48:00+00:00,14138,14306,block_download_or_coverage,,,2025,E00336,False,,,False
20251208_0524_HARP14138_NOAA14306,2025-12-08 05:24:00+00:00,14138,14306,block_download_or_coverage,,,2025,E00336,False,,,False
20251208_0700_HARP14138_NOAA14306,2025-12-08 07:00:00+00:00,14138,14306,block_download_or_coverage,,,2025,E00336,False,,,False
20251208_0836_HARP14138_NOAA14306,2025-12-08 08:36:00+00:00,14138,14306,block_download_or_coverage,,,2025,E00336,False,,,False
20251208_1012_HARP14138_NOAA14306,2025-12-08 10:12:00+00:00,14138,14306,block_download_or_coverage,,,2025,E00336,False,,,False
20251208_1148_HARP14138_NOAA14306,2025-12-08 11:48:00+00:00,14138,14306,block_download_or_coverage,,,2025,E00336,False,,,False
20251208_1324_HARP14138_NOAA14306,2025-12-08 13:24:00+00:00,14138,14306,block_download_or_coverage,,,2025,E00336,False,,,False
20251208_1500_HARP14138_NOAA14306,2025-12-08 15:00:00+00:00,14138,14306,block_download_or_coverage,,,2025,E00336,False,,,False
20251208_1636_HARP14138_NOAA14306,2025-12-08 16:36:00+00:00,14138,14306,block_download_or_coverage,,,2025,E00336,False,,,False
20251208_1812_HARP14138_NOAA14306,2025-12-08 18:12:00+00:00,14138,14306,block_download_or_coverage,,,2025,E00336,False,,,False
20251208_1948_HARP14138_NOAA14306,2025-12-08 19:48:00+00:00,14138,14306,block_download_or_coverage,,,2025,E00336,False,,,False
20251208_2124_HARP14138_NOAA14306,2025-12-08 21:24:00+00:00,14138,14306,block_download_or_coverage,,,2025,E00336,False,,,False
20251208_2300_HARP14138_NOAA14306,2025-12-08 23:00:00+00:00,14138,14306,block_download_or_coverage,,,2025,E00336,False,,,False
20251209_0036_HARP14138_NOAA14306,2025-12-09 00:36:00+00:00,14138,14306,block_download_or_coverage,,,2025,E00336,False,,,False
20251209_0212_HARP14138_NOAA14306,2025-12-09 02:12:00+00:00,14138,14306,block_download_or_coverage,,,2025,E00336,False,,,False
20251209_0348_HARP14138_NOAA14306,2025-12-09 03:48:00+00:00,14138,14306,block_download_or_coverage,,,2025,E00336,False,,,False
20251209_0524_HARP14138_NOAA14306,2025-12-09 05:24:00+00:00,14138,14306,block_download_or_coverage,,,2025,E00336,False,,,False
20251209_0700_HARP14138_NOAA14306,2025-12-09 07:00:00+00:00,14138,14306,block_download_or_coverage,,,2025,E00336,False,,,False
20251209_0836_HARP14138_NOAA14306,2025-12-09 08:36:00+00:00,14138,14306,block_download_or_coverage,,,2025,E00336,False,59524.0,False,True
20251209_1012_HARP14138_NOAA14306,2025-12-09 10:12:00+00:00,14138,14306,block_download_or_coverage,,,2025,E00336,False,59526.0,False,True
20251209_1148_HARP14138_NOAA14306,2025-12-09 11:48:00+00:00,14138,14306,block_download_or_coverage,,,2025,E00336,False,59528.0,False,True
20251209_1324_HARP14138_NOAA14306,2025-12-09 13:24:00+00:00,14138,14306,block_download_or_coverage,,,2025,E00336,False,59530.0,False,True
20251209_1500_HARP14138_NOAA14306,2025-12-09 15:00:00+00:00,14138,14306,block_download_or_coverage,,,2025,E00336,False,59532.0,False,True
20251209_1636_HARP14138_NOAA14306,2025-12-09 16:36:00+00:00,14138,14306,block_download_or_coverage,,,2025,E00336,False,59534.0,False,True
20251209_1812_HARP14138_NOAA14306,2025-12-09 18:12:00+00:00,14138,14306,block_download_or_coverage,,,2025,E00336,False,59536.0,False,True
20251209_1948_HARP14138_NOAA14306,2025-12-09 19:48:00+00:00,14138,14306,block_download_or_coverage,,,2025,E00336,False,59538.0,False,True
20251209_2124_HARP14138_NOAA14306,2025-12-09 21:24:00+00:00,14138,14306,block_download_or_coverage,,,2025,E00336,False,59541.0,False,True
20251209_2300_HARP14138_NOAA14306,2025-12-09 23:00:00+00:00,14138,14306,block_download_or_coverage,,,2025,E00336,False,59544.0,False,True
20251210_0036_HARP14138_NOAA14306,2025-12-10 00:36:00+00:00,14138,14306,block_download_or_coverage,,,2025,E00336,False,59547.0,False,True
20251210_0212_HARP14138_NOAA14306,2025-12-10 02:12:00+00:00,14138,14306,block_download_or_coverage,,,2025,E00336,False,59550.0,False,True
20251210_0348_HARP14138_NOAA14306,2025-12-10 03:48:00+00:00,14138,14306,block_download_or_coverage,,,2025,E00336,False,59552.0,False,True
20251210_0524_HARP14138_NOAA14306,2025-12-10 05:24:00+00:00,14138,14306,block_download_or_coverage,,,2025,E00336,False,59554.0,False,True
20251210_0700_HARP14138_NOAA14306,2025-12-10 07:00:00+00:00,14138,14306,block_download_or_coverage,,,2025,E00336,False,59555.0,False,True
20251210_0836_HARP14138_NOAA14306,2025-12-10 08:36:00+00:00,14138,14306,block_download_or_coverage,,,2025,E00336,False,59556.0,False,True
20251210_1012_HARP14138_NOAA14306,2025-12-10 10:12:00+00:00,14138,14306,block_download_or_coverage,,,2025,E00336,False,59557.0,False,True
20251210_1148_HARP14138_NOAA14306,2025-12-10 11:48:00+00:00,14138,14306,block_download_or_coverage,,,2025,E00336,False,59558.0,False,True
20251210_1324_HARP14138_NOAA14306,2025-12-10 13:24:00+00:00,14138,14306,block_download_or_coverage,,,2025,E00336,False,59559.0,False,True
20251210_1500_HARP14138_NOAA14306,2025-12-10 15:00:00+00:00,14138,14306,block_download_or_coverage,,,2025,E00336,False,59560.0,False,True
20251210_1636_HARP14138_NOAA14306,2025-12-10 16:36:00+00:00,14138,14306,block_download_or_coverage,,,2025,E00336,False,59562.0,False,True
20251210_1812_HARP14138_NOAA14306,2025-12-10 18:12:00+00:00,14138,14306,block_download_or_coverage,,,2025,E00336,False,59563.0,False,True
20251210_2000_HARP14138_NOAA14306,2025-12-10 20:00:00+00:00,14138,14306,block_download_or_coverage,,,2025,E00336,False,,,False
20251210_2136_HARP14138_NOAA14306,2025-12-10 21:36:00+00:00,14138,14306,block_download_or_coverage,,,2025,E00336,False,,,False
20251210_2312_HARP14138_NOAA14306,2025-12-10 23:12:00+00:00,14138,14306,block_download_or_coverage,,,2025,E00336,False,,,False
20251211_0048_HARP14138_NOAA14306,2025-12-11 00:48:00+00:00,14138,14306,block_download_or_coverage,,,2025,E00336,False,59565.0,False,True
20251211_0224_HARP14138_NOAA14306,2025-12-11 02:24:00+00:00,14138,14306,block_download_or_coverage,,,2025,E00336,False,59567.0,False,True
20251211_0400_HARP14138_NOAA14306,2025-12-11 04:00:00+00:00,14138,14306,block_download_or_coverage,,,2025,E00336,False,59569.0,False,True
20251211_0536_HARP14138_NOAA14306,2025-12-11 05:36:00+00:00,14138,14306,block_download_or_coverage,,,2025,E00336,False,59571.0,False,True
20251211_0712_HARP14138_NOAA14306,2025-12-11 07:12:00+00:00,14138,14306,block_download_or_coverage,,,2025,E00336,False,59573.0,False,True
20251211_0848_HARP14138_NOAA14306,2025-12-11 08:48:00+00:00,14138,14306,block_download_or_coverage,,,2025,E00336,False,59575.0,False,True
20251211_1024_HARP14138_NOAA14306,2025-12-11 10:24:00+00:00,14138,14306,block_download_or_coverage,,,2025,E00336,False,59577.0,False,True
20251211_1200_HARP14138_NOAA14306,2025-12-11 12:00:00+00:00,14138,14306,block_download_or_coverage,,,2025,E00336,False,59579.0,False,True
20251211_1336_HARP14138_NOAA14306,2025-12-11 13:36:00+00:00,14138,14306,block_download_or_coverage,,,2025,E00336,False,59581.0,False,True
20251211_1512_HARP14138_NOAA14306,2025-12-11 15:12:00+00:00,14138,14306,block_download_or_coverage,,,2025,E00336,False,59583.0,False,True
20251211_1648_HARP14138_NOAA14306,2025-12-11 16:48:00+00:00,14138,14306,block_download_or_coverage,,,2025,E00336,False,59585.0,False,True
20251211_1824_HARP14138_NOAA14306,2025-12-11 18:24:00+00:00,14138,14306,block_download_or_coverage,,,2025,E00336,False,59587.0,False,True
20251211_2000_HARP14138_NOAA14306,2025-12-11 20:00:00+00:00,14138,14306,block_download_or_coverage,,,2025,E00336,False,59589.0,False,True
20251211_2136_HARP14138_NOAA14306,2025-12-11 21:36:00+00:00,14138,14306,block_download_or_coverage,,,2025,E00336,False,59591.0,False,True
20251209_1536_HARP14143_NOAA14303,2025-12-09 15:36:00+00:00,14143,14303,block_download_or_coverage,,,2025,E00337,False,,,False
20251209_1712_HARP14143_NOAA14303,2025-12-09 17:12:00+00:00,14143,14303,block_download_or_coverage,,,2025,E00337,False,,,False
20251209_1848_HARP14143_NOAA14303,2025-12-09 18:48:00+00:00,14143,14303,block_download_or_coverage,,,2025,E00337,False,,,False
20251209_2024_HARP14143_NOAA14303,2025-12-09 20:24:00+00:00,14143,14303,block_download_or_coverage,,,2025,E00337,False,59539.0,False,True
20251209_2200_HARP14143_NOAA14303,2025-12-09 22:00:00+00:00,14143,14303,block_download_or_coverage,,,2025,E00337,False,59542.0,False,True
20251209_2336_HARP14143_NOAA14303,2025-12-09 23:36:00+00:00,14143,14303,block_download_or_coverage,,,2025,E00337,False,59545.0,False,True
20251210_0112_HARP14143_NOAA14303,2025-12-10 01:12:00+00:00,14143,14303,block_download_or_coverage,,,2025,E00337,False,59548.0,False,True
20251210_0248_HARP14143_NOAA14303,2025-12-10 02:48:00+00:00,14143,14303,block_download_or_coverage,,,2025,E00337,False,59551.0,False,True
20251210_0424_HARP14143_NOAA14303,2025-12-10 04:24:00+00:00,14143,14303,block_download_or_coverage,,,2025,E00337,False,59553.0,False,True
20251210_0736_HARP14143_NOAA14303,2025-12-10 07:36:00+00:00,14143,14303,block_download_or_coverage,,,2025,E00337,False,,,False
20251210_0912_HARP14143_NOAA14303,2025-12-10 09:12:00+00:00,14143,14303,block_download_or_coverage,,,2025,E00337,False,,,False
20251210_1048_HARP14143_NOAA14303,2025-12-10 10:48:00+00:00,14143,14303,block_download_or_coverage,,,2025,E00337,False,,,False
20251210_1224_HARP14143_NOAA14303,2025-12-10 12:24:00+00:00,14143,14303,block_download_or_coverage,,,2025,E00337,False,,,False
20251210_1400_HARP14143_NOAA14303,2025-12-10 14:00:00+00:00,14143,14303,block_download_or_coverage,,,2025,E00337,False,,,False
20251210_1536_HARP14143_NOAA14303,2025-12-10 15:36:00+00:00,14143,14303,block_download_or_coverage,,,2025,E00337,False,,,False
20251210_1712_HARP14143_NOAA14303,2025-12-10 17:12:00+00:00,14143,14303,block_download_or_coverage,,,2025,E00337,False,,,False
20251210_2036_HARP14143_NOAA14303,2025-12-10 20:36:00+00:00,14143,14303,block_download_or_coverage,,,2025,E00338,False,,,False
20251210_2212_HARP14143_NOAA14303,2025-12-10 22:12:00+00:00,14143,14303,block_download_or_coverage,,,2025,E00338,False,,,False
20251210_2348_HARP14143_NOAA14303,2025-12-10 23:48:00+00:00,14143,14303,block_download_or_coverage,,,2025,E00338,False,,,False
20251211_0124_HARP14143_NOAA14303,2025-12-11 01:24:00+00:00,14143,14303,block_download_or_coverage,,,2025,E00338,False,,,False
20251211_0300_HARP14143_NOAA14303,2025-12-11 03:00:00+00:00,14143,14303,block_download_or_coverage,,,2025,E00338,False,,,False
20251211_0436_HARP14143_NOAA14303,2025-12-11 04:36:00+00:00,14143,14303,block_download_or_coverage,,,2025,E00338,False,,,False
20251211_0612_HARP14143_NOAA14303,2025-12-11 06:12:00+00:00,14143,14303,block_download_or_coverage,,,2025,E00338,False,,,False
20251211_0748_HARP14143_NOAA14303,2025-12-11 07:48:00+00:00,14143,14303,block_download_or_coverage,,,2025,E00338,False,,,False
20251211_0924_HARP14143_NOAA14303,2025-12-11 09:24:00+00:00,14143,14303,block_download_or_coverage,,,2025,E00338,False,,,False
20251211_1100_HARP14143_NOAA14303,2025-12-11 11:00:00+00:00,14143,14303,block_download_or_coverage,,,2025,E00338,False,,,False
20251211_1236_HARP14143_NOAA14303,2025-12-11 12:36:00+00:00,14143,14303,block_download_or_coverage,,,2025,E00338,False,,,False
20251211_1412_HARP14143_NOAA14303,2025-12-11 14:12:00+00:00,14143,14303,block_download_or_coverage,,,2025,E00338,False,,,False
20251211_1548_HARP14143_NOAA14303,2025-12-11 15:48:00+00:00,14143,14303,block_download_or_coverage,,,2025,E00338,False,,,False
20251211_1724_HARP14143_NOAA14303,2025-12-11 17:24:00+00:00,14143,14303,block_download_or_coverage,,,2025,E00338,False,,,False
20251211_1900_HARP14143_NOAA14303,2025-12-11 19:00:00+00:00,14143,14303,block_download_or_coverage,,,2025,E00338,False,,,False
20251212_0748_HARP14143_NOAA14303,2025-12-12 07:48:00+00:00,14143,14303,block_download_or_coverage,,,2025,E00339,False,,,False
20251212_0924_HARP14143_NOAA14303,2025-12-12 09:24:00+00:00,14143,14303,block_download_or_coverage,,,2025,E00339,False,,,False
20251212_1100_HARP14143_NOAA14303,2025-12-12 11:00:00+00:00,14143,14303,block_download_or_coverage,,,2025,E00339,False,,,False
20251212_1236_HARP14143_NOAA14303,2025-12-12 12:36:00+00:00,14143,14303,block_download_or_coverage,,,2025,E00339,False,,,False
20251212_1548_HARP14143_NOAA14303,2025-12-12 15:48:00+00:00,14143,14303,block_download_or_coverage,,,2025,E00339,False,,,False
20251212_1724_HARP14143_NOAA14303,2025-12-12 17:24:00+00:00,14143,14303,block_download_or_coverage,,,2025,E00339,False,,,False
20251212_1900_HARP14143_NOAA14303,2025-12-12 19:00:00+00:00,14143,14303,block_download_or_coverage,,,2025,E00339,False,,,False
20251212_2036_HARP14143_NOAA14303,2025-12-12 20:36:00+00:00,14143,14303,block_download_or_coverage,,,2025,E00339,False,59609.0,False,True
20251212_2212_HARP14143_NOAA14303,2025-12-12 22:12:00+00:00,14143,14303,block_download_or_coverage,,,2025,E00339,False,59611.0,False,True
20251212_2348_HARP14143_NOAA14303,2025-12-12 23:48:00+00:00,14143,14303,block_download_or_coverage,,,2025,E00339,False,59613.0,False,True
20251213_0124_HARP14143_NOAA14303,2025-12-13 01:24:00+00:00,14143,14303,block_download_or_coverage,,,2025,E00339,False,59615.0,False,True
20251213_0300_HARP14143_NOAA14303,2025-12-13 03:00:00+00:00,14143,14303,block_download_or_coverage,,,2025,E00339,False,59617.0,False,True
20251213_0436_HARP14143_NOAA14303,2025-12-13 04:36:00+00:00,14143,14303,block_download_or_coverage,,,2025,E00339,False,59619.0,False,True
20251213_0612_HARP14143_NOAA14303,2025-12-13 06:12:00+00:00,14143,14303,block_download_or_coverage,,,2025,E00339,False,59621.0,False,True
20251213_0748_HARP14143_NOAA14303,2025-12-13 07:48:00+00:00,14143,14303,block_download_or_coverage,,,2025,E00339,False,59623.0,False,True
20251213_0924_HARP14143_NOAA14303,2025-12-13 09:24:00+00:00,14143,14303,block_download_or_coverage,,,2025,E00339,False,59625.0,False,True
20251213_1100_HARP14143_NOAA14303,2025-12-13 11:00:00+00:00,14143,14303,block_download_or_coverage,,,2025,E00339,False,59627.0,False,True
20251213_1236_HARP14143_NOAA14303,2025-12-13 12:36:00+00:00,14143,14303,block_download_or_coverage,,,2025,E00339,False,59629.0,False,True
20251213_1412_HARP14143_NOAA14303,2025-12-13 14:12:00+00:00,14143,14303,block_download_or_coverage,,,2025,E00339,False,59631.0,False,True
20251210_1136_HARP14156_NOAA14307,2025-12-10 11:36:00+00:00,14156,14307,block_download_or_coverage,,,2025,E00340,False,,,False
20251210_1312_HARP14156_NOAA14307,2025-12-10 13:12:00+00:00,14156,14307,block_download_or_coverage,,,2025,E00340,False,,,False
20251210_1448_HARP14156_NOAA14307,2025-12-10 14:48:00+00:00,14156,14307,block_download_or_coverage,,,2025,E00340,False,,,False
20251210_1624_HARP14156_NOAA14307,2025-12-10 16:24:00+00:00,14156,14307,block_download_or_coverage,,,2025,E00340,False,59561.0,False,True
20251211_1948_HARP14156_NOAA14307,2025-12-11 19:48:00+00:00,14156,14307,block_download_or_coverage,,,2025,E00341,False,59588.0,False,True
20251211_2124_HARP14156_NOAA14307,2025-12-11 21:24:00+00:00,14156,14307,block_download_or_coverage,,,2025,E00341,False,59590.0,False,True
20251211_2300_HARP14156_NOAA14307,2025-12-11 23:00:00+00:00,14156,14307,block_download_or_coverage,,,2025,E00341,False,59592.0,False,True
20251212_0036_HARP14156_NOAA14307,2025-12-12 00:36:00+00:00,14156,14307,block_download_or_coverage,,,2025,E00341,False,59593.0,False,True
20251212_0212_HARP14156_NOAA14307,2025-12-12 02:12:00+00:00,14156,14307,block_download_or_coverage,,,2025,E00341,False,59595.0,False,True
20251212_0348_HARP14156_NOAA14307,2025-12-12 03:48:00+00:00,14156,14307,block_download_or_coverage,,,2025,E00341,False,59597.0,False,True
20251212_0524_HARP14156_NOAA14307,2025-12-12 05:24:00+00:00,14156,14307,block_download_or_coverage,,,2025,E00341,False,59599.0,False,True
20251212_0700_HARP14156_NOAA14307,2025-12-12 07:00:00+00:00,14156,14307,block_download_or_coverage,,,2025,E00341,False,59600.0,False,True
20251212_0836_HARP14156_NOAA14307,2025-12-12 08:36:00+00:00,14156,14307,block_download_or_coverage,,,2025,E00341,False,59601.0,False,True
20251212_1012_HARP14156_NOAA14307,2025-12-12 10:12:00+00:00,14156,14307,block_download_or_coverage,,,2025,E00341,False,59602.0,False,True
20251212_1148_HARP14156_NOAA14307,2025-12-12 11:48:00+00:00,14156,14307,block_download_or_coverage,,,2025,E00341,False,59603.0,False,True
20251212_1324_HARP14156_NOAA14307,2025-12-12 13:24:00+00:00,14156,14307,block_download_or_coverage,,,2025,E00341,False,59604.0,False,True
20251212_1500_HARP14156_NOAA14307,2025-12-12 15:00:00+00:00,14156,14307,block_download_or_coverage,,,2025,E00341,False,59605.0,False,True
20251212_1636_HARP14156_NOAA14307,2025-12-12 16:36:00+00:00,14156,14307,block_download_or_coverage,,,2025,E00341,False,59606.0,False,True
20251212_1812_HARP14156_NOAA14307,2025-12-12 18:12:00+00:00,14156,14307,block_download_or_coverage,,,2025,E00341,False,59607.0,False,True
20251212_1948_HARP14156_NOAA14307,2025-12-12 19:48:00+00:00,14156,14307,block_download_or_coverage,,,2025,E00341,False,59608.0,False,True
20251212_2124_HARP14156_NOAA14307,2025-12-12 21:24:00+00:00,14156,14307,block_download_or_coverage,,,2025,E00341,False,59610.0,False,True
20251212_2300_HARP14156_NOAA14307,2025-12-12 23:00:00+00:00,14156,14307,block_download_or_coverage,,,2025,E00341,False,59612.0,False,True
20251213_0036_HARP14156_NOAA14307,2025-12-13 00:36:00+00:00,14156,14307,block_download_or_coverage,,,2025,E00341,False,59614.0,False,True
20251213_0212_HARP14156_NOAA14307,2025-12-13 02:12:00+00:00,14156,14307,block_download_or_coverage,,,2025,E00341,False,59616.0,False,True
20251213_0348_HARP14156_NOAA14307,2025-12-13 03:48:00+00:00,14156,14307,block_download_or_coverage,,,2025,E00341,False,59618.0,False,True
20251213_0524_HARP14156_NOAA14307,2025-12-13 05:24:00+00:00,14156,14307,block_download_or_coverage,,,2025,E00341,False,59620.0,False,True
20251213_0700_HARP14156_NOAA14307,2025-12-13 07:00:00+00:00,14156,14307,block_download_or_coverage,,,2025,E00341,False,59622.0,False,True
20251213_0836_HARP14156_NOAA14307,2025-12-13 08:36:00+00:00,14156,14307,block_download_or_coverage,,,2025,E00341,False,59624.0,False,True
20251213_1012_HARP14156_NOAA14307,2025-12-13 10:12:00+00:00,14156,14307,block_download_or_coverage,,,2025,E00341,False,59626.0,False,True
20251213_1148_HARP14156_NOAA14307,2025-12-13 11:48:00+00:00,14156,14307,block_download_or_coverage,,,2025,E00341,False,59628.0,False,True
20251213_1324_HARP14156_NOAA14307,2025-12-13 13:24:00+00:00,14156,14307,block_download_or_coverage,,,2025,E00341,False,59630.0,False,True
20251213_1500_HARP14156_NOAA14307,2025-12-13 15:00:00+00:00,14156,14307,block_download_or_coverage,,,2025,E00341,False,59632.0,False,True
20251213_1636_HARP14156_NOAA14307,2025-12-13 16:36:00+00:00,14156,14307,block_download_or_coverage,,,2025,E00341,False,59634.0,False,True
20251213_1812_HARP14156_NOAA14307,2025-12-13 18:12:00+00:00,14156,14307,block_download_or_coverage,,,2025,E00341,False,59636.0,False,True
20251213_1948_HARP14156_NOAA14307,2025-12-13 19:48:00+00:00,14156,14307,block_download_or_coverage,,,2025,E00341,False,59638.0,False,True
20251213_2124_HARP14156_NOAA14307,2025-12-13 21:24:00+00:00,14156,14307,block_download_or_coverage,,,2025,E00341,False,,,False
20251213_2300_HARP14156_NOAA14307,2025-12-13 23:00:00+00:00,14156,14307,block_download_or_coverage,,,2025,E00341,False,,,False
20251214_0036_HARP14156_NOAA14307,2025-12-14 00:36:00+00:00,14156,14307,block_download_or_coverage,,,2025,E00341,False,,,False
20251214_0212_HARP14156_NOAA14307,2025-12-14 02:12:00+00:00,14156,14307,block_download_or_coverage,,,2025,E00341,False,,,False
20251214_0348_HARP14156_NOAA14307,2025-12-14 03:48:00+00:00,14156,14307,block_download_or_coverage,,,2025,E00341,False,,,False
20251214_0524_HARP14156_NOAA14307,2025-12-14 05:24:00+00:00,14156,14307,block_download_or_coverage,,,2025,E00341,False,,,False
20251214_0700_HARP14156_NOAA14307,2025-12-14 07:00:00+00:00,14156,14307,block_download_or_coverage,,,2025,E00341,False,,,False
20251214_0836_HARP14156_NOAA14307,2025-12-14 08:36:00+00:00,14156,14307,block_download_or_coverage,,,2025,E00341,False,,,False
20251214_1012_HARP14156_NOAA14307,2025-12-14 10:12:00+00:00,14156,14307,block_download_or_coverage,,,2025,E00341,False,,,False
20251214_1148_HARP14156_NOAA14307,2025-12-14 11:48:00+00:00,14156,14307,block_download_or_coverage,,,2025,E00341,False,,,False
20251214_1324_HARP14156_NOAA14307,2025-12-14 13:24:00+00:00,14156,14307,block_download_or_coverage,,,2025,E00341,False,,,False
20251214_1500_HARP14156_NOAA14307,2025-12-14 15:00:00+00:00,14156,14307,block_download_or_coverage,,,2025,E00341,False,,,False
20251214_1636_HARP14156_NOAA14307,2025-12-14 16:36:00+00:00,14156,14307,block_download_or_coverage,,,2025,E00341,False,,,False
20251215_0124_HARP14165_NOAA14308,2025-12-15 01:24:00+00:00,14165,14308,block_download_or_coverage,,,2025,E00342,False,,,False
20251215_0300_HARP14165_NOAA14308,2025-12-15 03:00:00+00:00,14165,14308,block_download_or_coverage,,,2025,E00342,False,,,False
20251215_0436_HARP14165_NOAA14308,2025-12-15 04:36:00+00:00,14165,14308,block_download_or_coverage,,,2025,E00342,False,,,False
20251215_0612_HARP14165_NOAA14308,2025-12-15 06:12:00+00:00,14165,14308,block_download_or_coverage,,,2025,E00342,False,,,False
20251215_0748_HARP14165_NOAA14308,2025-12-15 07:48:00+00:00,14165,14308,block_download_or_coverage,,,2025,E00342,False,,,False
20251215_0924_HARP14165_NOAA14308,2025-12-15 09:24:00+00:00,14165,14308,block_download_or_coverage,,,2025,E00342,False,,,False
20251215_1100_HARP14165_NOAA14308,2025-12-15 11:00:00+00:00,14165,14308,block_download_or_coverage,,,2025,E00342,False,,,False
20251215_1236_HARP14165_NOAA14308,2025-12-15 12:36:00+00:00,14165,14308,block_download_or_coverage,,,2025,E00342,False,,,False
20251215_1412_HARP14165_NOAA14308,2025-12-15 14:12:00+00:00,14165,14308,block_download_or_coverage,,,2025,E00342,False,,,False
20251215_1548_HARP14165_NOAA14308,2025-12-15 15:48:00+00:00,14165,14308,block_download_or_coverage,,,2025,E00342,False,,,False
20251215_1724_HARP14165_NOAA14308,2025-12-15 17:24:00+00:00,14165,14308,block_download_or_coverage,,,2025,E00342,False,,,False
20251215_1900_HARP14165_NOAA14308,2025-12-15 19:00:00+00:00,14165,14308,block_download_or_coverage,,,2025,E00342,False,,,False
20251215_2036_HARP14165_NOAA14308,2025-12-15 20:36:00+00:00,14165,14308,block_download_or_coverage,,,2025,E00342,False,,,False
20251215_2212_HARP14165_NOAA14308,2025-12-15 22:12:00+00:00,14165,14308,block_download_or_coverage,,,2025,E00342,False,,,False
20251215_2348_HARP14165_NOAA14308,2025-12-15 23:48:00+00:00,14165,14308,block_download_or_coverage,,,2025,E00342,False,,,False
20251217_0124_HARP14165_NOAA14308,2025-12-17 01:24:00+00:00,14165,14308,block_download_or_coverage,,,2025,E00343,False,,,False
20251217_0300_HARP14165_NOAA14308,2025-12-17 03:00:00+00:00,14165,14308,block_download_or_coverage,,,2025,E00343,False,,,False
20251217_0436_HARP14165_NOAA14308,2025-12-17 04:36:00+00:00,14165,14308,block_download_or_coverage,,,2025,E00343,False,,,False
20251217_0612_HARP14165_NOAA14308,2025-12-17 06:12:00+00:00,14165,14308,block_download_or_coverage,,,2025,E00343,False,,,False
20251217_0748_HARP14165_NOAA14308,2025-12-17 07:48:00+00:00,14165,14308,block_download_or_coverage,,,2025,E00343,False,,,False
20251217_0924_HARP14165_NOAA14308,2025-12-17 09:24:00+00:00,14165,14308,block_download_or_coverage,,,2025,E00343,False,,,False
20251217_1100_HARP14165_NOAA14308,2025-12-17 11:00:00+00:00,14165,14308,block_download_or_coverage,,,2025,E00343,False,,,False
20251217_1236_HARP14165_NOAA14308,2025-12-17 12:36:00+00:00,14165,14308,block_download_or_coverage,,,2025,E00343,False,,,False
20251217_1412_HARP14165_NOAA14308,2025-12-17 14:12:00+00:00,14165,14308,block_download_or_coverage,,,2025,E00343,False,,,False
20251217_1548_HARP14165_NOAA14308,2025-12-17 15:48:00+00:00,14165,14308,block_download_or_coverage,,,2025,E00343,False,,,False
20251217_1724_HARP14165_NOAA14308,2025-12-17 17:24:00+00:00,14165,14308,block_download_or_coverage,,,2025,E00343,False,,,False
20251217_1900_HARP14165_NOAA14308,2025-12-17 19:00:00+00:00,14165,14308,block_download_or_coverage,,,2025,E00343,False,,,False
20251217_2100_HARP14165_NOAA14308,2025-12-17 21:00:00+00:00,14165,14308,block_download_or_coverage,,,2025,E00343,False,,,False
20251217_2236_HARP14165_NOAA14308,2025-12-17 22:36:00+00:00,14165,14308,block_download_or_coverage,,,2025,E00343,False,,,False
20251218_0012_HARP14165_NOAA14308,2025-12-18 00:12:00+00:00,14165,14308,block_download_or_coverage,,,2025,E00343,False,,,False
20251218_0148_HARP14165_NOAA14308,2025-12-18 01:48:00+00:00,14165,14308,block_download_or_coverage,,,2025,E00343,False,,,False
20251218_0324_HARP14165_NOAA14308,2025-12-18 03:24:00+00:00,14165,14308,block_download_or_coverage,,,2025,E00343,False,,,False
20251218_0500_HARP14165_NOAA14308,2025-12-18 05:00:00+00:00,14165,14308,block_download_or_coverage,,,2025,E00343,False,,,False
20251218_0636_HARP14165_NOAA14308,2025-12-18 06:36:00+00:00,14165,14308,block_download_or_coverage,,,2025,E00343,False,,,False
20251218_0812_HARP14165_NOAA14308,2025-12-18 08:12:00+00:00,14165,14308,block_download_or_coverage,,,2025,E00343,False,,,False
20251218_0948_HARP14165_NOAA14308,2025-12-18 09:48:00+00:00,14165,14308,block_download_or_coverage,,,2025,E00343,False,,,False
20251218_1124_HARP14165_NOAA14308,2025-12-18 11:24:00+00:00,14165,14308,block_download_or_coverage,,,2025,E00343,False,,,False
20251218_1300_HARP14165_NOAA14308,2025-12-18 13:00:00+00:00,14165,14308,block_download_or_coverage,,,2025,E00343,False,,,False
20251218_1436_HARP14165_NOAA14308,2025-12-18 14:36:00+00:00,14165,14308,block_download_or_coverage,,,2025,E00343,False,,,False
20251218_1612_HARP14165_NOAA14308,2025-12-18 16:12:00+00:00,14165,14308,block_download_or_coverage,,,2025,E00343,False,,,False
20251218_1748_HARP14165_NOAA14308,2025-12-18 17:48:00+00:00,14165,14308,block_download_or_coverage,,,2025,E00343,False,,,False
20251218_1924_HARP14165_NOAA14308,2025-12-18 19:24:00+00:00,14165,14308,block_download_or_coverage,,,2025,E00343,False,,,False
20251218_2100_HARP14165_NOAA14308,2025-12-18 21:00:00+00:00,14165,14308,block_download_or_coverage,,,2025,E00343,False,,,False
20251218_2236_HARP14165_NOAA14308,2025-12-18 22:36:00+00:00,14165,14308,block_download_or_coverage,,,2025,E00343,False,,,False
20251219_0012_HARP14165_NOAA14308,2025-12-19 00:12:00+00:00,14165,14308,block_download_or_coverage,,,2025,E00343,False,,,False
20251219_0148_HARP14165_NOAA14308,2025-12-19 01:48:00+00:00,14165,14308,block_download_or_coverage,,,2025,E00343,False,,,False
20251219_0324_HARP14165_NOAA14308,2025-12-19 03:24:00+00:00,14165,14308,block_download_or_coverage,,,2025,E00343,False,,,False
20251219_0500_HARP14165_NOAA14308,2025-12-19 05:00:00+00:00,14165,14308,block_download_or_coverage,,,2025,E00343,False,,,False
20251219_0636_HARP14165_NOAA14308,2025-12-19 06:36:00+00:00,14165,14308,block_download_or_coverage,,,2025,E00343,False,,,False
20251219_0812_HARP14165_NOAA14308,2025-12-19 08:12:00+00:00,14165,14308,block_download_or_coverage,,,2025,E00343,False,,,False
20251219_0948_HARP14165_NOAA14308,2025-12-19 09:48:00+00:00,14165,14308,block_download_or_coverage,,,2025,E00343,False,,,False
20251219_1124_HARP14165_NOAA14308,2025-12-19 11:24:00+00:00,14165,14308,block_download_or_coverage,,,2025,E00343,False,,,False
20251219_1300_HARP14165_NOAA14308,2025-12-19 13:00:00+00:00,14165,14308,block_download_or_coverage,,,2025,E00343,False,,,False
20251219_1436_HARP14165_NOAA14308,2025-12-19 14:36:00+00:00,14165,14308,block_download_or_coverage,,,2025,E00343,False,,,False
20251219_1612_HARP14165_NOAA14308,2025-12-19 16:12:00+00:00,14165,14308,block_download_or_coverage,,,2025,E00343,False,,,False
20251219_1748_HARP14165_NOAA14308,2025-12-19 17:48:00+00:00,14165,14308,block_download_or_coverage,,,2025,E00343,False,,,False
20251219_1924_HARP14165_NOAA14308,2025-12-19 19:24:00+00:00,14165,14308,block_download_or_coverage,,,2025,E00343,False,,,False
20251219_2100_HARP14165_NOAA14308,2025-12-19 21:00:00+00:00,14165,14308,block_download_or_coverage,,,2025,E00343,False,,,False
20251219_2236_HARP14165_NOAA14308,2025-12-19 22:36:00+00:00,14165,14308,block_download_or_coverage,,,2025,E00343,False,,,False
20251214_0824_HARP14172_NOAA14310,2025-12-14 08:24:00+00:00,14172,14310,block_download_or_coverage,,,2025,E00344,False,,,False
20251214_1000_HARP14172_NOAA14310,2025-12-14 10:00:00+00:00,14172,14310,block_download_or_coverage,,,2025,E00344,False,,,False
20251214_1136_HARP14172_NOAA14310,2025-12-14 11:36:00+00:00,14172,14310,block_download_or_coverage,,,2025,E00344,False,,,False
20251214_1448_HARP14172_NOAA14310,2025-12-14 14:48:00+00:00,14172,14310,block_download_or_coverage,,,2025,E00344,False,,,False
20251215_0736_HARP14172_NOAA14310,2025-12-15 07:36:00+00:00,14172,14310,block_download_or_coverage,,,2025,E00345,False,,,False
20251215_1048_HARP14172_NOAA14310,2025-12-15 10:48:00+00:00,14172,14310,block_download_or_coverage,,,2025,E00345,False,,,False
20251215_1224_HARP14172_NOAA14310,2025-12-15 12:24:00+00:00,14172,14310,block_download_or_coverage,,,2025,E00345,False,,,False
20251215_1400_HARP14172_NOAA14310,2025-12-15 14:00:00+00:00,14172,14310,block_download_or_coverage,,,2025,E00345,False,,,False
20251215_1536_HARP14172_NOAA14310,2025-12-15 15:36:00+00:00,14172,14310,block_download_or_coverage,,,2025,E00345,False,59648.0,False,True
20251215_1712_HARP14172_NOAA14310,2025-12-15 17:12:00+00:00,14172,14310,block_download_or_coverage,,,2025,E00345,False,59649.0,False,True
20251215_1848_HARP14172_NOAA14310,2025-12-15 18:48:00+00:00,14172,14310,block_download_or_coverage,,,2025,E00345,False,59650.0,False,True
20251215_2024_HARP14172_NOAA14310,2025-12-15 20:24:00+00:00,14172,14310,block_download_or_coverage,,,2025,E00345,False,59651.0,False,True
20251215_2200_HARP14172_NOAA14310,2025-12-15 22:00:00+00:00,14172,14310,block_download_or_coverage,,,2025,E00345,False,59652.0,False,True
20251215_2336_HARP14172_NOAA14310,2025-12-15 23:36:00+00:00,14172,14310,block_download_or_coverage,,,2025,E00345,False,59653.0,False,True
20251216_0112_HARP14172_NOAA14310,2025-12-16 01:12:00+00:00,14172,14310,block_download_or_coverage,,,2025,E00345,False,59654.0,False,True
20251216_0248_HARP14172_NOAA14310,2025-12-16 02:48:00+00:00,14172,14310,block_download_or_coverage,,,2025,E00345,False,59655.0,False,True
20251216_0424_HARP14172_NOAA14310,2025-12-16 04:24:00+00:00,14172,14310,block_download_or_coverage,,,2025,E00345,False,59656.0,False,True
20251216_0736_HARP14172_NOAA14310,2025-12-16 07:36:00+00:00,14172,14310,block_download_or_coverage,,,2025,E00345,False,,,False
20251216_0912_HARP14172_NOAA14310,2025-12-16 09:12:00+00:00,14172,14310,block_download_or_coverage,,,2025,E00345,False,,,False
20251221_1836_HARP14176_NOAA14312,2025-12-21 18:36:00+00:00,14176,14312,block_download_or_coverage,,,2025,E00346,False,,,False
20251221_2012_HARP14176_NOAA14312,2025-12-21 20:12:00+00:00,14176,14312,block_download_or_coverage,,,2025,E00346,False,,,False
20251221_2148_HARP14176_NOAA14312,2025-12-21 21:48:00+00:00,14176,14312,block_download_or_coverage,,,2025,E00346,False,,,False
20251221_2324_HARP14176_NOAA14312,2025-12-21 23:24:00+00:00,14176,14312,block_download_or_coverage,,,2025,E00346,False,59716.0,False,True
20251222_0100_HARP14176_NOAA14312,2025-12-22 01:00:00+00:00,14176,14312,block_download_or_coverage,,,2025,E00346,False,59718.0,False,True
20251222_0236_HARP14176_NOAA14312,2025-12-22 02:36:00+00:00,14176,14312,block_download_or_coverage,,,2025,E00346,False,59721.0,False,True
20251222_0412_HARP14176_NOAA14312,2025-12-22 04:12:00+00:00,14176,14312,block_download_or_coverage,,,2025,E00346,False,59724.0,False,True
20251222_0548_HARP14176_NOAA14312,2025-12-22 05:48:00+00:00,14176,14312,block_download_or_coverage,,,2025,E00346,False,59727.0,False,True
20251222_0724_HARP14176_NOAA14312,2025-12-22 07:24:00+00:00,14176,14312,block_download_or_coverage,,,2025,E00346,False,59730.0,False,True
20251222_0900_HARP14176_NOAA14312,2025-12-22 09:00:00+00:00,14176,14312,block_download_or_coverage,,,2025,E00346,False,59733.0,False,True
20251222_1036_HARP14176_NOAA14312,2025-12-22 10:36:00+00:00,14176,14312,block_download_or_coverage,,,2025,E00346,False,59736.0,False,True
20251222_1212_HARP14176_NOAA14312,2025-12-22 12:12:00+00:00,14176,14312,block_download_or_coverage,,,2025,E00346,False,59739.0,False,True
20251222_1348_HARP14176_NOAA14312,2025-12-22 13:48:00+00:00,14176,14312,block_download_or_coverage,,,2025,E00346,False,59742.0,False,True
20251222_1524_HARP14176_NOAA14312,2025-12-22 15:24:00+00:00,14176,14312,block_download_or_coverage,,,2025,E00346,False,59745.0,False,True
20251222_1700_HARP14176_NOAA14312,2025-12-22 17:00:00+00:00,14176,14312,block_download_or_coverage,,,2025,E00346,False,59748.0,False,True
20251222_1836_HARP14176_NOAA14312,2025-12-22 18:36:00+00:00,14176,14312,block_download_or_coverage,,,2025,E00346,False,59751.0,False,True
20251222_2012_HARP14176_NOAA14312,2025-12-22 20:12:00+00:00,14176,14312,block_download_or_coverage,,,2025,E00346,False,59753.0,False,True
20251222_2148_HARP14176_NOAA14312,2025-12-22 21:48:00+00:00,14176,14312,block_download_or_coverage,,,2025,E00346,False,59755.0,False,True
20251222_2324_HARP14176_NOAA14312,2025-12-22 23:24:00+00:00,14176,14312,block_download_or_coverage,,,2025,E00346,False,59757.0,False,True
20251223_0100_HARP14176_NOAA14312,2025-12-23 01:00:00+00:00,14176,14312,block_download_or_coverage,,,2025,E00346,False,59759.0,False,True
20251223_0236_HARP14176_NOAA14312,2025-12-23 02:36:00+00:00,14176,14312,block_download_or_coverage,,,2025,E00346,False,59762.0,False,True
20251223_0412_HARP14176_NOAA14312,2025-12-23 04:12:00+00:00,14176,14312,block_download_or_coverage,,,2025,E00346,False,59765.0,False,True
20251223_0548_HARP14176_NOAA14312,2025-12-23 05:48:00+00:00,14176,14312,block_download_or_coverage,,,2025,E00346,False,59768.0,False,True
20251223_0724_HARP14176_NOAA14312,2025-12-23 07:24:00+00:00,14176,14312,block_download_or_coverage,,,2025,E00346,False,59771.0,False,True
20251223_0900_HARP14176_NOAA14312,2025-12-23 09:00:00+00:00,14176,14312,block_download_or_coverage,,,2025,E00346,False,59774.0,False,True
20251223_1036_HARP14176_NOAA14312,2025-12-23 10:36:00+00:00,14176,14312,block_download_or_coverage,,,2025,E00346,False,59777.0,False,True
20251223_1212_HARP14176_NOAA14312,2025-12-23 12:12:00+00:00,14176,14312,block_download_or_coverage,,,2025,E00346,False,59780.0,False,True
20251223_1348_HARP14176_NOAA14312,2025-12-23 13:48:00+00:00,14176,14312,block_download_or_coverage,,,2025,E00346,False,59782.0,False,True
20251223_1524_HARP14176_NOAA14312,2025-12-23 15:24:00+00:00,14176,14312,block_download_or_coverage,,,2025,E00346,False,59784.0,False,True
20251223_1700_HARP14176_NOAA14312,2025-12-23 17:00:00+00:00,14176,14312,block_download_or_coverage,,,2025,E00346,False,59786.0,False,True
20251223_1836_HARP14176_NOAA14312,2025-12-23 18:36:00+00:00,14176,14312,block_download_or_coverage,,,2025,E00346,False,59788.0,False,True
20251223_2024_HARP14176_NOAA14312,2025-12-23 20:24:00+00:00,14176,14312,block_download_or_coverage,,,2025,E00346,False,,,False
20251223_2200_HARP14176_NOAA14312,2025-12-23 22:00:00+00:00,14176,14312,block_download_or_coverage,,,2025,E00346,False,,,False
20251223_2336_HARP14176_NOAA14312,2025-12-23 23:36:00+00:00,14176,14312,block_download_or_coverage,,,2025,E00346,False,,,False
20251224_0112_HARP14176_NOAA14312,2025-12-24 01:12:00+00:00,14176,14312,block_download_or_coverage,,,2025,E00346,False,59789.0,False,True
20251224_0248_HARP14176_NOAA14312,2025-12-24 02:48:00+00:00,14176,14312,block_download_or_coverage,,,2025,E00346,False,59790.0,False,True
20251224_0424_HARP14176_NOAA14312,2025-12-24 04:24:00+00:00,14176,14312,block_download_or_coverage,,,2025,E00346,False,59791.0,False,True
20251224_0736_HARP14176_NOAA14312,2025-12-24 07:36:00+00:00,14176,14312,block_download_or_coverage,,,2025,E00346,False,,,False
20251224_0912_HARP14176_NOAA14312,2025-12-24 09:12:00+00:00,14176,14312,block_download_or_coverage,,,2025,E00346,False,,,False
20251224_1048_HARP14176_NOAA14312,2025-12-24 10:48:00+00:00,14176,14312,block_download_or_coverage,,,2025,E00346,False,,,False
20251224_1224_HARP14176_NOAA14312,2025-12-24 12:24:00+00:00,14176,14312,block_download_or_coverage,,,2025,E00346,False,,,False
20251224_1400_HARP14176_NOAA14312,2025-12-24 14:00:00+00:00,14176,14312,block_download_or_coverage,,,2025,E00346,False,,,False
20251224_1536_HARP14176_NOAA14312,2025-12-24 15:36:00+00:00,14176,14312,block_download_or_coverage,,,2025,E00346,False,,,False
20251224_1712_HARP14176_NOAA14312,2025-12-24 17:12:00+00:00,14176,14312,block_download_or_coverage,,,2025,E00346,False,,,False
20251224_1848_HARP14176_NOAA14312,2025-12-24 18:48:00+00:00,14176,14312,block_download_or_coverage,,,2025,E00346,False,,,False
20251224_2024_HARP14176_NOAA14312,2025-12-24 20:24:00+00:00,14176,14312,block_download_or_coverage,,,2025,E00346,False,,,False
20251224_2200_HARP14176_NOAA14312,2025-12-24 22:00:00+00:00,14176,14312,block_download_or_coverage,,,2025,E00346,False,,,False
20251224_2336_HARP14176_NOAA14312,2025-12-24 23:36:00+00:00,14176,14312,block_download_or_coverage,,,2025,E00346,False,,,False
20251225_0112_HARP14176_NOAA14312,2025-12-25 01:12:00+00:00,14176,14312,block_download_or_coverage,,,2025,E00346,False,,,False
20251225_0248_HARP14176_NOAA14312,2025-12-25 02:48:00+00:00,14176,14312,block_download_or_coverage,,,2025,E00346,False,,,False
20251225_0424_HARP14176_NOAA14312,2025-12-25 04:24:00+00:00,14176,14312,block_download_or_coverage,,,2025,E00346,False,,,False
20251219_2048_HARP14177_NOAA14313,2025-12-19 20:48:00+00:00,14177,14313,block_download_or_coverage,,,2025,E00347,False,59669.0,False,True
20251219_2224_HARP14177_NOAA14313,2025-12-19 22:24:00+00:00,14177,14313,block_download_or_coverage,,,2025,E00347,False,59671.0,False,True
20251220_0000_HARP14177_NOAA14313,2025-12-20 00:00:00+00:00,14177,14313,block_download_or_coverage,,,2025,E00347,False,59673.0,False,True
20251220_0136_HARP14177_NOAA14313,2025-12-20 01:36:00+00:00,14177,14313,block_download_or_coverage,,,2025,E00347,False,59675.0,False,True
20251220_0312_HARP14177_NOAA14313,2025-12-20 03:12:00+00:00,14177,14313,block_download_or_coverage,,,2025,E00347,False,59677.0,False,True
20251220_0448_HARP14177_NOAA14313,2025-12-20 04:48:00+00:00,14177,14313,block_download_or_coverage,,,2025,E00347,False,59679.0,False,True
20251220_0624_HARP14177_NOAA14313,2025-12-20 06:24:00+00:00,14177,14313,block_download_or_coverage,,,2025,E00347,False,59681.0,False,True
20251220_0800_HARP14177_NOAA14313,2025-12-20 08:00:00+00:00,14177,14313,block_download_or_coverage,,,2025,E00347,False,59683.0,False,True
20251220_0936_HARP14177_NOAA14313,2025-12-20 09:36:00+00:00,14177,14313,block_download_or_coverage,,,2025,E00347,False,59685.0,False,True
20251220_1112_HARP14177_NOAA14313,2025-12-20 11:12:00+00:00,14177,14313,block_download_or_coverage,,,2025,E00347,False,59687.0,False,True
20251220_1248_HARP14177_NOAA14313,2025-12-20 12:48:00+00:00,14177,14313,block_download_or_coverage,,,2025,E00347,False,59689.0,False,True
20251220_1424_HARP14177_NOAA14313,2025-12-20 14:24:00+00:00,14177,14313,block_download_or_coverage,,,2025,E00347,False,59691.0,False,True
20251220_1600_HARP14177_NOAA14313,2025-12-20 16:00:00+00:00,14177,14313,block_download_or_coverage,,,2025,E00347,False,59693.0,False,True
20251220_1736_HARP14177_NOAA14313,2025-12-20 17:36:00+00:00,14177,14313,block_download_or_coverage,,,2025,E00347,False,59695.0,False,True
20251220_1912_HARP14177_NOAA14313,2025-12-20 19:12:00+00:00,14177,14313,block_download_or_coverage,,,2025,E00347,False,59697.0,False,True
20251220_2048_HARP14177_NOAA14313,2025-12-20 20:48:00+00:00,14177,14313,block_download_or_coverage,,,2025,E00347,False,59699.0,False,True
20251220_2224_HARP14177_NOAA14313,2025-12-20 22:24:00+00:00,14177,14313,block_download_or_coverage,,,2025,E00347,False,,,False
20251221_0000_HARP14177_NOAA14313,2025-12-21 00:00:00+00:00,14177,14313,block_download_or_coverage,,,2025,E00347,False,,,False
20251221_0136_HARP14177_NOAA14313,2025-12-21 01:36:00+00:00,14177,14313,block_download_or_coverage,,,2025,E00347,False,,,False
20251221_0312_HARP14177_NOAA14313,2025-12-21 03:12:00+00:00,14177,14313,block_download_or_coverage,,,2025,E00347,False,,,False
20251221_0448_HARP14177_NOAA14313,2025-12-21 04:48:00+00:00,14177,14313,block_download_or_coverage,,,2025,E00347,False,,,False
20251221_0624_HARP14177_NOAA14313,2025-12-21 06:24:00+00:00,14177,14313,block_download_or_coverage,,,2025,E00347,False,,,False
20251221_0800_HARP14177_NOAA14313,2025-12-21 08:00:00+00:00,14177,14313,block_download_or_coverage,,,2025,E00347,False,,,False
20251221_0936_HARP14177_NOAA14313,2025-12-21 09:36:00+00:00,14177,14313,block_download_or_coverage,,,2025,E00347,False,,,False
20251221_1112_HARP14177_NOAA14313,2025-12-21 11:12:00+00:00,14177,14313,block_download_or_coverage,,,2025,E00347,False,,,False
20251221_1248_HARP14177_NOAA14313,2025-12-21 12:48:00+00:00,14177,14313,block_download_or_coverage,,,2025,E00347,False,,,False
20251221_1424_HARP14177_NOAA14313,2025-12-21 14:24:00+00:00,14177,14313,block_download_or_coverage,,,2025,E00347,False,,,False
20251221_1600_HARP14177_NOAA14313,2025-12-21 16:00:00+00:00,14177,14313,block_download_or_coverage,,,2025,E00347,False,,,False
20251221_1736_HARP14177_NOAA14313,2025-12-21 17:36:00+00:00,14177,14313,block_download_or_coverage,,,2025,E00347,False,,,False
20251221_1912_HARP14177_NOAA14313,2025-12-21 19:12:00+00:00,14177,14313,block_download_or_coverage,,,2025,E00347,False,,,False
20251221_2048_HARP14177_NOAA14313,2025-12-21 20:48:00+00:00,14177,14313,block_download_or_coverage,,,2025,E00347,False,,,False
20251221_2224_HARP14177_NOAA14313,2025-12-21 22:24:00+00:00,14177,14313,block_download_or_coverage,,,2025,E00347,False,,,False
20251222_0000_HARP14177_NOAA14313,2025-12-22 00:00:00+00:00,14177,14313,block_download_or_coverage,,,2025,E00347,False,,,False
20251222_0136_HARP14177_NOAA14313,2025-12-22 01:36:00+00:00,14177,14313,block_download_or_coverage,,,2025,E00347,False,,,False
20251222_0312_HARP14177_NOAA14313,2025-12-22 03:12:00+00:00,14177,14313,block_download_or_coverage,,,2025,E00347,False,,,False
20251222_0448_HARP14177_NOAA14313,2025-12-22 04:48:00+00:00,14177,14313,block_download_or_coverage,,,2025,E00347,False,,,False
20251222_0624_HARP14177_NOAA14313,2025-12-22 06:24:00+00:00,14177,14313,block_download_or_coverage,,,2025,E00347,False,,,False
20251222_0800_HARP14177_NOAA14313,2025-12-22 08:00:00+00:00,14177,14313,block_download_or_coverage,,,2025,E00347,False,,,False
20251222_0936_HARP14177_NOAA14313,2025-12-22 09:36:00+00:00,14177,14313,block_download_or_coverage,,,2025,E00347,False,,,False
20251222_1112_HARP14177_NOAA14313,2025-12-22 11:12:00+00:00,14177,14313,block_download_or_coverage,,,2025,E00347,False,,,False
20251222_1248_HARP14177_NOAA14313,2025-12-22 12:48:00+00:00,14177,14313,block_download_or_coverage,,,2025,E00347,False,,,False
20251222_1424_HARP14177_NOAA14313,2025-12-22 14:24:00+00:00,14177,14313,block_download_or_coverage,,,2025,E00347,False,,,False
20251222_1600_HARP14177_NOAA14313,2025-12-22 16:00:00+00:00,14177,14313,block_download_or_coverage,,,2025,E00347,False,,,False
20251222_1736_HARP14177_NOAA14313,2025-12-22 17:36:00+00:00,14177,14313,block_download_or_coverage,,,2025,E00347,False,,,False
20251222_2048_HARP14177_NOAA14313,2025-12-22 20:48:00+00:00,14177,14313,block_download_or_coverage,,,2025,E00347,False,,,False
20251222_2224_HARP14177_NOAA14313,2025-12-22 22:24:00+00:00,14177,14313,block_download_or_coverage,,,2025,E00347,False,,,False
20251223_0000_HARP14177_NOAA14313,2025-12-23 00:00:00+00:00,14177,14313,block_download_or_coverage,,,2025,E00347,False,,,False
20251223_0136_HARP14177_NOAA14313,2025-12-23 01:36:00+00:00,14177,14313,block_download_or_coverage,,,2025,E00347,False,,,False
20251223_0312_HARP14177_NOAA14313,2025-12-23 03:12:00+00:00,14177,14313,block_download_or_coverage,,,2025,E00347,False,,,False
20251223_0448_HARP14177_NOAA14313,2025-12-23 04:48:00+00:00,14177,14313,block_download_or_coverage,,,2025,E00347,False,,,False
20251219_0236_HARP14183_NOAA14322,2025-12-19 02:36:00+00:00,14183,14322,block_download_or_coverage,,,2025,E00348,False,,,False
20251219_0412_HARP14183_NOAA14322,2025-12-19 04:12:00+00:00,14183,14322,block_download_or_coverage,,,2025,E00348,False,,,False
20251219_0548_HARP14183_NOAA14322,2025-12-19 05:48:00+00:00,14183,14322,block_download_or_coverage,,,2025,E00348,False,,,False
20251219_0724_HARP14183_NOAA14322,2025-12-19 07:24:00+00:00,14183,14322,block_download_or_coverage,,,2025,E00348,False,,,False
20251219_0900_HARP14183_NOAA14322,2025-12-19 09:00:00+00:00,14183,14322,block_download_or_coverage,,,2025,E00348,False,,,False
20251219_1036_HARP14183_NOAA14322,2025-12-19 10:36:00+00:00,14183,14322,block_download_or_coverage,,,2025,E00348,False,,,False
20251219_1212_HARP14183_NOAA14322,2025-12-19 12:12:00+00:00,14183,14322,block_download_or_coverage,,,2025,E00348,False,,,False
20251219_1348_HARP14183_NOAA14322,2025-12-19 13:48:00+00:00,14183,14322,block_download_or_coverage,,,2025,E00348,False,,,False
20251219_1524_HARP14183_NOAA14322,2025-12-19 15:24:00+00:00,14183,14322,block_download_or_coverage,,,2025,E00348,False,,,False
20251219_1700_HARP14183_NOAA14322,2025-12-19 17:00:00+00:00,14183,14322,block_download_or_coverage,,,2025,E00348,False,59664.0,False,True
20251219_1836_HARP14183_NOAA14322,2025-12-19 18:36:00+00:00,14183,14322,block_download_or_coverage,,,2025,E00348,False,59666.0,False,True
20251219_2012_HARP14183_NOAA14322,2025-12-19 20:12:00+00:00,14183,14322,block_download_or_coverage,,,2025,E00348,False,59668.0,False,True
20251219_2148_HARP14183_NOAA14322,2025-12-19 21:48:00+00:00,14183,14322,block_download_or_coverage,,,2025,E00348,False,59670.0,False,True
20251219_2324_HARP14183_NOAA14322,2025-12-19 23:24:00+00:00,14183,14322,block_download_or_coverage,,,2025,E00348,False,59672.0,False,True
20251220_0100_HARP14183_NOAA14322,2025-12-20 01:00:00+00:00,14183,14322,block_download_or_coverage,,,2025,E00348,False,59674.0,False,True
20251221_0236_HARP14183_NOAA14322,2025-12-21 02:36:00+00:00,14183,14322,block_download_or_coverage,,,2025,E00349,False,59703.0,False,True
20251221_0412_HARP14183_NOAA14322,2025-12-21 04:12:00+00:00,14183,14322,block_download_or_coverage,,,2025,E00349,False,59704.0,False,True
20251221_0548_HARP14183_NOAA14322,2025-12-21 05:48:00+00:00,14183,14322,block_download_or_coverage,,,2025,E00349,False,59705.0,False,True
20251221_0724_HARP14183_NOAA14322,2025-12-21 07:24:00+00:00,14183,14322,block_download_or_coverage,,,2025,E00349,False,59706.0,False,True
20251221_0900_HARP14183_NOAA14322,2025-12-21 09:00:00+00:00,14183,14322,block_download_or_coverage,,,2025,E00349,False,59707.0,False,True
20251221_1036_HARP14183_NOAA14322,2025-12-21 10:36:00+00:00,14183,14322,block_download_or_coverage,,,2025,E00349,False,59708.0,False,True
20251221_1212_HARP14183_NOAA14322,2025-12-21 12:12:00+00:00,14183,14322,block_download_or_coverage,,,2025,E00349,False,59709.0,False,True
20251221_1348_HARP14183_NOAA14322,2025-12-21 13:48:00+00:00,14183,14322,block_download_or_coverage,,,2025,E00349,False,59710.0,False,True
20251221_1524_HARP14183_NOAA14322,2025-12-21 15:24:00+00:00,14183,14322,block_download_or_coverage,,,2025,E00349,False,59711.0,False,True
20251221_1700_HARP14183_NOAA14322,2025-12-21 17:00:00+00:00,14183,14322,block_download_or_coverage,,,2025,E00349,False,59712.0,False,True
20251221_1836_HARP14183_NOAA14322,2025-12-21 18:36:00+00:00,14183,14322,block_download_or_coverage,,,2025,E00349,False,59713.0,False,True
20251221_2012_HARP14183_NOAA14322,2025-12-21 20:12:00+00:00,14183,14322,block_download_or_coverage,,,2025,E00349,False,59714.0,False,True
20251221_2148_HARP14183_NOAA14322,2025-12-21 21:48:00+00:00,14183,14322,block_download_or_coverage,,,2025,E00349,False,59715.0,False,True
20251221_2324_HARP14183_NOAA14322,2025-12-21 23:24:00+00:00,14183,14322,block_download_or_coverage,,,2025,E00349,False,59717.0,False,True
20251222_0100_HARP14183_NOAA14322,2025-12-22 01:00:00+00:00,14183,14322,block_download_or_coverage,,,2025,E00349,False,59719.0,False,True
20251222_0236_HARP14183_NOAA14322,2025-12-22 02:36:00+00:00,14183,14322,block_download_or_coverage,,,2025,E00349,False,59722.0,False,True
20251222_0412_HARP14183_NOAA14322,2025-12-22 04:12:00+00:00,14183,14322,block_download_or_coverage,,,2025,E00349,False,59725.0,False,True
20251222_0548_HARP14183_NOAA14322,2025-12-22 05:48:00+00:00,14183,14322,block_download_or_coverage,,,2025,E00349,False,59728.0,False,True
20251222_0724_HARP14183_NOAA14322,2025-12-22 07:24:00+00:00,14183,14322,block_download_or_coverage,,,2025,E00349,False,59731.0,False,True
20251222_0900_HARP14183_NOAA14322,2025-12-22 09:00:00+00:00,14183,14322,block_download_or_coverage,,,2025,E00349,False,59734.0,False,True
20251222_1036_HARP14183_NOAA14322,2025-12-22 10:36:00+00:00,14183,14322,block_download_or_coverage,,,2025,E00349,False,59737.0,False,True
20251222_1212_HARP14183_NOAA14322,2025-12-22 12:12:00+00:00,14183,14322,block_download_or_coverage,,,2025,E00349,False,59740.0,False,True
20251222_1348_HARP14183_NOAA14322,2025-12-22 13:48:00+00:00,14183,14322,block_download_or_coverage,,,2025,E00349,False,59743.0,False,True
20251222_1524_HARP14183_NOAA14322,2025-12-22 15:24:00+00:00,14183,14322,block_download_or_coverage,,,2025,E00349,False,59746.0,False,True
20251222_1700_HARP14183_NOAA14322,2025-12-22 17:00:00+00:00,14183,14322,block_download_or_coverage,,,2025,E00349,False,59749.0,False,True
20251222_1836_HARP14183_NOAA14322,2025-12-22 18:36:00+00:00,14183,14322,block_download_or_coverage,,,2025,E00349,False,59752.0,False,True
20251222_2012_HARP14183_NOAA14322,2025-12-22 20:12:00+00:00,14183,14322,block_download_or_coverage,,,2025,E00349,False,59754.0,False,True
20251222_2148_HARP14183_NOAA14322,2025-12-22 21:48:00+00:00,14183,14322,block_download_or_coverage,,,2025,E00349,False,59756.0,False,True
20251222_2324_HARP14183_NOAA14322,2025-12-22 23:24:00+00:00,14183,14322,block_download_or_coverage,,,2025,E00349,False,59758.0,False,True
20251223_0100_HARP14183_NOAA14322,2025-12-23 01:00:00+00:00,14183,14322,block_download_or_coverage,,,2025,E00349,False,59760.0,False,True
20251223_0236_HARP14183_NOAA14322,2025-12-23 02:36:00+00:00,14183,14322,block_download_or_coverage,,,2025,E00349,False,59763.0,False,True
20251223_0412_HARP14183_NOAA14322,2025-12-23 04:12:00+00:00,14183,14322,block_download_or_coverage,,,2025,E00349,False,59766.0,False,True
20251223_0548_HARP14183_NOAA14322,2025-12-23 05:48:00+00:00,14183,14322,block_download_or_coverage,,,2025,E00349,False,59769.0,False,True
20251223_0724_HARP14183_NOAA14322,2025-12-23 07:24:00+00:00,14183,14322,block_download_or_coverage,,,2025,E00349,False,59772.0,False,True
20251223_0900_HARP14183_NOAA14322,2025-12-23 09:00:00+00:00,14183,14322,block_download_or_coverage,,,2025,E00349,False,59775.0,False,True
20251223_1036_HARP14183_NOAA14322,2025-12-23 10:36:00+00:00,14183,14322,block_download_or_coverage,,,2025,E00349,False,59778.0,False,True
20251223_2048_HARP14187_NOAA14316,2025-12-23 20:48:00+00:00,14187,14316,block_download_or_coverage,,,2025,E00350,False,,,False
20251223_2224_HARP14187_NOAA14316,2025-12-23 22:24:00+00:00,14187,14316,block_download_or_coverage,,,2025,E00350,False,,,False
20251224_0000_HARP14187_NOAA14316,2025-12-24 00:00:00+00:00,14187,14316,block_download_or_coverage,,,2025,E00350,False,,,False
20251224_0136_HARP14187_NOAA14316,2025-12-24 01:36:00+00:00,14187,14316,block_download_or_coverage,,,2025,E00350,False,,,False
20251224_0312_HARP14187_NOAA14316,2025-12-24 03:12:00+00:00,14187,14316,block_download_or_coverage,,,2025,E00350,False,,,False
20251224_0448_HARP14187_NOAA14316,2025-12-24 04:48:00+00:00,14187,14316,block_download_or_coverage,,,2025,E00350,False,,,False
20251224_0624_HARP14187_NOAA14316,2025-12-24 06:24:00+00:00,14187,14316,block_download_or_coverage,,,2025,E00350,False,,,False
20251224_0800_HARP14187_NOAA14316,2025-12-24 08:00:00+00:00,14187,14316,block_download_or_coverage,,,2025,E00350,False,,,False
20251224_0936_HARP14187_NOAA14316,2025-12-24 09:36:00+00:00,14187,14316,block_download_or_coverage,,,2025,E00350,False,,,False
20251224_1112_HARP14187_NOAA14316,2025-12-24 11:12:00+00:00,14187,14316,block_download_or_coverage,,,2025,E00350,False,,,False
20251224_1248_HARP14187_NOAA14316,2025-12-24 12:48:00+00:00,14187,14316,block_download_or_coverage,,,2025,E00350,False,,,False
20251224_1424_HARP14187_NOAA14316,2025-12-24 14:24:00+00:00,14187,14316,block_download_or_coverage,,,2025,E00350,False,,,False
20251224_1600_HARP14187_NOAA14316,2025-12-24 16:00:00+00:00,14187,14316,block_download_or_coverage,,,2025,E00350,False,,,False
20251224_1736_HARP14187_NOAA14316,2025-12-24 17:36:00+00:00,14187,14316,block_download_or_coverage,,,2025,E00350,False,,,False
20251224_1912_HARP14187_NOAA14316,2025-12-24 19:12:00+00:00,14187,14316,block_download_or_coverage,,,2025,E00350,False,,,False
20251224_2048_HARP14187_NOAA14316,2025-12-24 20:48:00+00:00,14187,14316,block_download_or_coverage,,,2025,E00350,False,,,False
20251224_2224_HARP14187_NOAA14316,2025-12-24 22:24:00+00:00,14187,14316,block_download_or_coverage,,,2025,E00350,False,,,False
20251225_0000_HARP14187_NOAA14316,2025-12-25 00:00:00+00:00,14187,14316,block_download_or_coverage,,,2025,E00350,False,,,False
20251225_0136_HARP14187_NOAA14316,2025-12-25 01:36:00+00:00,14187,14316,block_download_or_coverage,,,2025,E00350,False,59798.0,False,True
20251225_0312_HARP14187_NOAA14316,2025-12-25 03:12:00+00:00,14187,14316,block_download_or_coverage,,,2025,E00350,False,59800.0,False,True
20251225_0448_HARP14187_NOAA14316,2025-12-25 04:48:00+00:00,14187,14316,block_download_or_coverage,,,2025,E00350,False,59802.0,False,True
20251225_0624_HARP14187_NOAA14316,2025-12-25 06:24:00+00:00,14187,14316,block_download_or_coverage,,,2025,E00350,False,59804.0,False,True
20251225_0800_HARP14187_NOAA14316,2025-12-25 08:00:00+00:00,14187,14316,block_download_or_coverage,,,2025,E00350,False,59806.0,False,True
20251225_0936_HARP14187_NOAA14316,2025-12-25 09:36:00+00:00,14187,14316,block_download_or_coverage,,,2025,E00350,False,59808.0,False,True
20251225_1112_HARP14187_NOAA14316,2025-12-25 11:12:00+00:00,14187,14316,block_download_or_coverage,,,2025,E00350,False,59810.0,False,True
20251225_1248_HARP14187_NOAA14316,2025-12-25 12:48:00+00:00,14187,14316,block_download_or_coverage,,,2025,E00350,False,59813.0,False,True
20251225_1424_HARP14187_NOAA14316,2025-12-25 14:24:00+00:00,14187,14316,block_download_or_coverage,,,2025,E00350,False,59815.0,False,True
20251225_1600_HARP14187_NOAA14316,2025-12-25 16:00:00+00:00,14187,14316,block_download_or_coverage,,,2025,E00350,False,59817.0,False,True
20251225_1736_HARP14187_NOAA14316,2025-12-25 17:36:00+00:00,14187,14316,block_download_or_coverage,,,2025,E00350,False,59819.0,False,True
20251225_1912_HARP14187_NOAA14316,2025-12-25 19:12:00+00:00,14187,14316,block_download_or_coverage,,,2025,E00350,False,59821.0,False,True
20251225_2048_HARP14187_NOAA14316,2025-12-25 20:48:00+00:00,14187,14316,block_download_or_coverage,,,2025,E00350,False,59823.0,False,True
20251225_2224_HARP14187_NOAA14316,2025-12-25 22:24:00+00:00,14187,14316,block_download_or_coverage,,,2025,E00350,False,59825.0,False,True
20251226_0000_HARP14187_NOAA14316,2025-12-26 00:00:00+00:00,14187,14316,block_download_or_coverage,,,2025,E00350,False,59828.0,False,True
20251226_0136_HARP14187_NOAA14316,2025-12-26 01:36:00+00:00,14187,14316,block_download_or_coverage,,,2025,E00350,False,59831.0,False,True
20251226_0312_HARP14187_NOAA14316,2025-12-26 03:12:00+00:00,14187,14316,block_download_or_coverage,,,2025,E00350,False,59834.0,False,True
20251226_0448_HARP14187_NOAA14316,2025-12-26 04:48:00+00:00,14187,14316,block_download_or_coverage,,,2025,E00350,False,59837.0,False,True
20251226_0624_HARP14187_NOAA14316,2025-12-26 06:24:00+00:00,14187,14316,block_download_or_coverage,,,2025,E00350,False,59839.0,False,True
20251226_0800_HARP14187_NOAA14316,2025-12-26 08:00:00+00:00,14187,14316,block_download_or_coverage,,,2025,E00350,False,59841.0,False,True
20251224_1236_HARP14191_NOAA14317,2025-12-24 12:36:00+00:00,14191,14317,block_download_or_coverage,,,2025,E00351,False,,,False
20251224_1412_HARP14191_NOAA14317,2025-12-24 14:12:00+00:00,14191,14317,block_download_or_coverage,,,2025,E00351,False,,,False
20251224_1548_HARP14191_NOAA14317,2025-12-24 15:48:00+00:00,14191,14317,block_download_or_coverage,,,2025,E00351,False,,,False
20251224_1724_HARP14191_NOAA14317,2025-12-24 17:24:00+00:00,14191,14317,block_download_or_coverage,,,2025,E00351,False,59792.0,False,True
20251224_1900_HARP14191_NOAA14317,2025-12-24 19:00:00+00:00,14191,14317,block_download_or_coverage,,,2025,E00351,False,59793.0,False,True
20251224_2036_HARP14191_NOAA14317,2025-12-24 20:36:00+00:00,14191,14317,block_download_or_coverage,,,2025,E00351,False,59794.0,False,True
20251224_2212_HARP14191_NOAA14317,2025-12-24 22:12:00+00:00,14191,14317,block_download_or_coverage,,,2025,E00351,False,59795.0,False,True
20251224_2348_HARP14191_NOAA14317,2025-12-24 23:48:00+00:00,14191,14317,block_download_or_coverage,,,2025,E00351,False,59796.0,False,True
20251225_0124_HARP14191_NOAA14317,2025-12-25 01:24:00+00:00,14191,14317,block_download_or_coverage,,,2025,E00351,False,59797.0,False,True
20251225_0300_HARP14191_NOAA14317,2025-12-25 03:00:00+00:00,14191,14317,block_download_or_coverage,,,2025,E00351,False,59799.0,False,True
20251225_0436_HARP14191_NOAA14317,2025-12-25 04:36:00+00:00,14191,14317,block_download_or_coverage,,,2025,E00351,False,59801.0,False,True
20251225_0612_HARP14191_NOAA14317,2025-12-25 06:12:00+00:00,14191,14317,block_download_or_coverage,,,2025,E00351,False,59803.0,False,True
20251225_0748_HARP14191_NOAA14317,2025-12-25 07:48:00+00:00,14191,14317,block_download_or_coverage,,,2025,E00351,False,59805.0,False,True
20251225_0924_HARP14191_NOAA14317,2025-12-25 09:24:00+00:00,14191,14317,block_download_or_coverage,,,2025,E00351,False,59807.0,False,True
20251225_1100_HARP14191_NOAA14317,2025-12-25 11:00:00+00:00,14191,14317,block_download_or_coverage,,,2025,E00351,False,59809.0,False,True
20251225_1236_HARP14191_NOAA14317,2025-12-25 12:36:00+00:00,14191,14317,block_download_or_coverage,,,2025,E00351,False,59812.0,False,True
20251225_1412_HARP14191_NOAA14317,2025-12-25 14:12:00+00:00,14191,14317,block_download_or_coverage,,,2025,E00351,False,,,False
20251225_1548_HARP14191_NOAA14317,2025-12-25 15:48:00+00:00,14191,14317,block_download_or_coverage,,,2025,E00351,False,,,False
20251225_1724_HARP14191_NOAA14317,2025-12-25 17:24:00+00:00,14191,14317,block_download_or_coverage,,,2025,E00351,False,,,False
20251225_1900_HARP14191_NOAA14317,2025-12-25 19:00:00+00:00,14191,14317,block_download_or_coverage,,,2025,E00351,False,,,False
20251225_2036_HARP14191_NOAA14317,2025-12-25 20:36:00+00:00,14191,14317,block_download_or_coverage,,,2025,E00351,False,,,False
20251225_2212_HARP14191_NOAA14317,2025-12-25 22:12:00+00:00,14191,14317,block_download_or_coverage,,,2025,E00351,False,,,False
20251225_2348_HARP14191_NOAA14317,2025-12-25 23:48:00+00:00,14191,14317,block_download_or_coverage,,,2025,E00351,False,,,False
20251226_0124_HARP14191_NOAA14317,2025-12-26 01:24:00+00:00,14191,14317,block_download_or_coverage,,,2025,E00351,False,,,False
20251226_0300_HARP14191_NOAA14317,2025-12-26 03:00:00+00:00,14191,14317,block_download_or_coverage,,,2025,E00351,False,,,False
20251226_0436_HARP14191_NOAA14317,2025-12-26 04:36:00+00:00,14191,14317,block_download_or_coverage,,,2025,E00351,False,,,False
20251226_0612_HARP14191_NOAA14317,2025-12-26 06:12:00+00:00,14191,14317,block_download_or_coverage,,,2025,E00351,False,,,False
20251226_0748_HARP14191_NOAA14317,2025-12-26 07:48:00+00:00,14191,14317,block_download_or_coverage,,,2025,E00351,False,,,False
20251226_0924_HARP14191_NOAA14317,2025-12-26 09:24:00+00:00,14191,14317,block_download_or_coverage,,,2025,E00351,False,,,False
20251226_1100_HARP14191_NOAA14317,2025-12-26 11:00:00+00:00,14191,14317,block_download_or_coverage,,,2025,E00351,False,,,False
20251226_1236_HARP14191_NOAA14317,2025-12-26 12:36:00+00:00,14191,14317,block_download_or_coverage,,,2025,E00351,False,,,False
20251226_1412_HARP14191_NOAA14317,2025-12-26 14:12:00+00:00,14191,14317,block_download_or_coverage,,,2025,E00351,False,,,False
20251226_1548_HARP14191_NOAA14317,2025-12-26 15:48:00+00:00,14191,14317,block_download_or_coverage,,,2025,E00351,False,,,False
20251226_1724_HARP14191_NOAA14317,2025-12-26 17:24:00+00:00,14191,14317,block_download_or_coverage,,,2025,E00351,False,,,False
20251226_1900_HARP14191_NOAA14317,2025-12-26 19:00:00+00:00,14191,14317,block_download_or_coverage,,,2025,E00351,False,,,False
20251226_2036_HARP14191_NOAA14317,2025-12-26 20:36:00+00:00,14191,14317,block_download_or_coverage,,,2025,E00351,False,,,False
20251226_2212_HARP14191_NOAA14317,2025-12-26 22:12:00+00:00,14191,14317,block_download_or_coverage,,,2025,E00351,False,,,False
20251226_2348_HARP14191_NOAA14317,2025-12-26 23:48:00+00:00,14191,14317,block_download_or_coverage,,,2025,E00351,False,,,False
20251227_0124_HARP14191_NOAA14317,2025-12-27 01:24:00+00:00,14191,14317,block_download_or_coverage,,,2025,E00351,False,,,False
20251227_0300_HARP14191_NOAA14317,2025-12-27 03:00:00+00:00,14191,14317,block_download_or_coverage,,,2025,E00351,False,,,False
20251227_0436_HARP14191_NOAA14317,2025-12-27 04:36:00+00:00,14191,14317,block_download_or_coverage,,,2025,E00351,False,,,False
20251227_0612_HARP14191_NOAA14317,2025-12-27 06:12:00+00:00,14191,14317,block_download_or_coverage,,,2025,E00351,False,,,False
20251227_0748_HARP14191_NOAA14317,2025-12-27 07:48:00+00:00,14191,14317,block_download_or_coverage,,,2025,E00351,False,,,False
20251227_0924_HARP14191_NOAA14317,2025-12-27 09:24:00+00:00,14191,14317,block_download_or_coverage,,,2025,E00351,False,,,False
20251227_1100_HARP14191_NOAA14317,2025-12-27 11:00:00+00:00,14191,14317,block_download_or_coverage,,,2025,E00351,False,,,False
20251227_1236_HARP14191_NOAA14317,2025-12-27 12:36:00+00:00,14191,14317,block_download_or_coverage,,,2025,E00351,False,,,False
20251227_1412_HARP14191_NOAA14317,2025-12-27 14:12:00+00:00,14191,14317,block_download_or_coverage,,,2025,E00351,False,,,False
20251227_1548_HARP14191_NOAA14317,2025-12-27 15:48:00+00:00,14191,14317,block_download_or_coverage,,,2025,E00351,False,,,False
20251227_1724_HARP14191_NOAA14317,2025-12-27 17:24:00+00:00,14191,14317,block_download_or_coverage,,,2025,E00351,False,,,False
20251227_1900_HARP14191_NOAA14317,2025-12-27 19:00:00+00:00,14191,14317,block_download_or_coverage,,,2025,E00351,False,,,False
20251227_2036_HARP14191_NOAA14317,2025-12-27 20:36:00+00:00,14191,14317,block_download_or_coverage,,,2025,E00351,False,,,False
20251227_2212_HARP14191_NOAA14317,2025-12-27 22:12:00+00:00,14191,14317,block_download_or_coverage,,,2025,E00351,False,,,False
20251227_2348_HARP14191_NOAA14317,2025-12-27 23:48:00+00:00,14191,14317,block_download_or_coverage,,,2025,E00351,False,,,False
20251228_0124_HARP14191_NOAA14317,2025-12-28 01:24:00+00:00,14191,14317,block_download_or_coverage,,,2025,E00351,False,,,False
20251228_0300_HARP14191_NOAA14317,2025-12-28 03:00:00+00:00,14191,14317,block_download_or_coverage,,,2025,E00351,False,,,False
20251228_0436_HARP14191_NOAA14317,2025-12-28 04:36:00+00:00,14191,14317,block_download_or_coverage,,,2025,E00351,False,,,False
20251228_0612_HARP14191_NOAA14317,2025-12-28 06:12:00+00:00,14191,14317,block_download_or_coverage,,,2025,E00351,False,,,False
20251228_0748_HARP14191_NOAA14317,2025-12-28 07:48:00+00:00,14191,14317,block_download_or_coverage,,,2025,E00351,False,,,False
20251228_0924_HARP14191_NOAA14317,2025-12-28 09:24:00+00:00,14191,14317,block_download_or_coverage,,,2025,E00351,False,,,False
20251228_1100_HARP14191_NOAA14317,2025-12-28 11:00:00+00:00,14191,14317,block_download_or_coverage,,,2025,E00351,False,,,False
20251228_1236_HARP14191_NOAA14317,2025-12-28 12:36:00+00:00,14191,14317,block_download_or_coverage,,,2025,E00351,False,,,False
20251228_1412_HARP14191_NOAA14317,2025-12-28 14:12:00+00:00,14191,14317,block_download_or_coverage,,,2025,E00351,False,,,False
20251228_1548_HARP14191_NOAA14317,2025-12-28 15:48:00+00:00,14191,14317,block_download_or_coverage,,,2025,E00351,False,,,False
20251228_1724_HARP14191_NOAA14317,2025-12-28 17:24:00+00:00,14191,14317,block_download_or_coverage,,,2025,E00351,False,,,False
20251228_1900_HARP14191_NOAA14317,2025-12-28 19:00:00+00:00,14191,14317,block_download_or_coverage,,,2025,E00351,False,,,False
20251228_2036_HARP14191_NOAA14317,2025-12-28 20:36:00+00:00,14191,14317,block_download_or_coverage,,,2025,E00351,False,,,False
20251228_2212_HARP14191_NOAA14317,2025-12-28 22:12:00+00:00,14191,14317,block_download_or_coverage,,,2025,E00351,False,,,False
20251228_2348_HARP14191_NOAA14317,2025-12-28 23:48:00+00:00,14191,14317,block_download_or_coverage,,,2025,E00351,False,,,False
20251225_1900_HARP14200_NOAA14319,2025-12-25 19:00:00+00:00,14200,14319,block_download_or_coverage,,,2025,E00352,False,,,False
20251225_2036_HARP14200_NOAA14319,2025-12-25 20:36:00+00:00,14200,14319,block_download_or_coverage,,,2025,E00352,False,,,False
20251225_2212_HARP14200_NOAA14319,2025-12-25 22:12:00+00:00,14200,14319,block_download_or_coverage,,,2025,E00352,False,,,False
20251225_2348_HARP14200_NOAA14319,2025-12-25 23:48:00+00:00,14200,14319,block_download_or_coverage,,,2025,E00352,False,59827.0,False,True
20251226_0124_HARP14200_NOAA14319,2025-12-26 01:24:00+00:00,14200,14319,block_download_or_coverage,,,2025,E00352,False,59830.0,False,True
20251226_0300_HARP14200_NOAA14319,2025-12-26 03:00:00+00:00,14200,14319,block_download_or_coverage,,,2025,E00352,False,59833.0,False,True
20251226_0436_HARP14200_NOAA14319,2025-12-26 04:36:00+00:00,14200,14319,block_download_or_coverage,,,2025,E00352,False,59836.0,False,True
20251226_0612_HARP14200_NOAA14319,2025-12-26 06:12:00+00:00,14200,14319,block_download_or_coverage,,,2025,E00352,False,59838.0,False,True
20251226_0748_HARP14200_NOAA14319,2025-12-26 07:48:00+00:00,14200,14319,block_download_or_coverage,,,2025,E00352,False,59840.0,False,True
20251226_0924_HARP14200_NOAA14319,2025-12-26 09:24:00+00:00,14200,14319,block_download_or_coverage,,,2025,E00352,False,59842.0,False,True
20251226_1100_HARP14200_NOAA14319,2025-12-26 11:00:00+00:00,14200,14319,block_download_or_coverage,,,2025,E00352,False,59843.0,False,True
20251226_1236_HARP14200_NOAA14319,2025-12-26 12:36:00+00:00,14200,14319,block_download_or_coverage,,,2025,E00352,False,59844.0,False,True
20251226_1412_HARP14200_NOAA14319,2025-12-26 14:12:00+00:00,14200,14319,block_download_or_coverage,,,2025,E00352,False,59845.0,False,True
20251226_1548_HARP14200_NOAA14319,2025-12-26 15:48:00+00:00,14200,14319,block_download_or_coverage,,,2025,E00352,False,59846.0,False,True
20251226_1724_HARP14200_NOAA14319,2025-12-26 17:24:00+00:00,14200,14319,block_download_or_coverage,,,2025,E00352,False,59847.0,False,True
20251226_1900_HARP14200_NOAA14319,2025-12-26 19:00:00+00:00,14200,14319,block_download_or_coverage,,,2025,E00352,False,59848.0,False,True
20251226_2036_HARP14200_NOAA14319,2025-12-26 20:36:00+00:00,14200,14319,block_download_or_coverage,,,2025,E00352,False,59849.0,False,True
20251226_2212_HARP14200_NOAA14319,2025-12-26 22:12:00+00:00,14200,14319,block_download_or_coverage,,,2025,E00352,False,59850.0,False,True
20251226_2348_HARP14200_NOAA14319,2025-12-26 23:48:00+00:00,14200,14319,block_download_or_coverage,,,2025,E00352,False,59852.0,False,True
20251227_0124_HARP14200_NOAA14319,2025-12-27 01:24:00+00:00,14200,14319,block_download_or_coverage,,,2025,E00352,False,59854.0,False,True
20251227_0300_HARP14200_NOAA14319,2025-12-27 03:00:00+00:00,14200,14319,block_download_or_coverage,,,2025,E00352,False,59856.0,False,True
20251227_0436_HARP14200_NOAA14319,2025-12-27 04:36:00+00:00,14200,14319,block_download_or_coverage,,,2025,E00352,False,59858.0,False,True
20251227_0612_HARP14200_NOAA14319,2025-12-27 06:12:00+00:00,14200,14319,block_download_or_coverage,,,2025,E00352,False,59860.0,False,True
20251227_0748_HARP14200_NOAA14319,2025-12-27 07:48:00+00:00,14200,14319,block_download_or_coverage,,,2025,E00352,False,59862.0,False,True
20251227_0924_HARP14200_NOAA14319,2025-12-27 09:24:00+00:00,14200,14319,block_download_or_coverage,,,2025,E00352,False,59864.0,False,True
20251227_1100_HARP14200_NOAA14319,2025-12-27 11:00:00+00:00,14200,14319,block_download_or_coverage,,,2025,E00352,False,59866.0,False,True
20251227_1236_HARP14200_NOAA14319,2025-12-27 12:36:00+00:00,14200,14319,block_download_or_coverage,,,2025,E00352,False,59869.0,False,True
20251227_1412_HARP14200_NOAA14319,2025-12-27 14:12:00+00:00,14200,14319,block_download_or_coverage,,,2025,E00352,False,59872.0,False,True
20251227_1548_HARP14200_NOAA14319,2025-12-27 15:48:00+00:00,14200,14319,block_download_or_coverage,,,2025,E00352,False,59875.0,False,True
20251227_1724_HARP14200_NOAA14319,2025-12-27 17:24:00+00:00,14200,14319,block_download_or_coverage,,,2025,E00352,False,59878.0,False,True
20251227_1900_HARP14200_NOAA14319,2025-12-27 19:00:00+00:00,14200,14319,block_download_or_coverage,,,2025,E00352,False,59881.0,False,True
20251227_2036_HARP14200_NOAA14319,2025-12-27 20:36:00+00:00,14200,14319,block_download_or_coverage,,,2025,E00352,False,59884.0,False,True
20251227_2212_HARP14200_NOAA14319,2025-12-27 22:12:00+00:00,14200,14319,block_download_or_coverage,,,2025,E00352,False,59887.0,False,True
20251227_2348_HARP14200_NOAA14319,2025-12-27 23:48:00+00:00,14200,14319,block_download_or_coverage,,,2025,E00352,False,59890.0,False,True
20251228_0124_HARP14200_NOAA14319,2025-12-28 01:24:00+00:00,14200,14319,block_download_or_coverage,,,2025,E00352,False,,,False
20251228_0300_HARP14200_NOAA14319,2025-12-28 03:00:00+00:00,14200,14319,block_download_or_coverage,,,2025,E00352,False,,,False
20251228_0436_HARP14200_NOAA14319,2025-12-28 04:36:00+00:00,14200,14319,block_download_or_coverage,,,2025,E00352,False,,,False
20251228_0612_HARP14200_NOAA14319,2025-12-28 06:12:00+00:00,14200,14319,block_download_or_coverage,,,2025,E00352,False,,,False
20251228_0748_HARP14200_NOAA14319,2025-12-28 07:48:00+00:00,14200,14319,block_download_or_coverage,,,2025,E00352,False,,,False
20251228_0924_HARP14200_NOAA14319,2025-12-28 09:24:00+00:00,14200,14319,block_download_or_coverage,,,2025,E00352,False,,,False
20251228_1100_HARP14200_NOAA14319,2025-12-28 11:00:00+00:00,14200,14319,block_download_or_coverage,,,2025,E00352,False,,,False
20251228_1236_HARP14200_NOAA14319,2025-12-28 12:36:00+00:00,14200,14319,block_download_or_coverage,,,2025,E00352,False,,,False
20251228_1412_HARP14200_NOAA14319,2025-12-28 14:12:00+00:00,14200,14319,block_download_or_coverage,,,2025,E00352,False,,,False
20251228_1548_HARP14200_NOAA14319,2025-12-28 15:48:00+00:00,14200,14319,block_download_or_coverage,,,2025,E00352,False,,,False
20251228_1724_HARP14200_NOAA14319,2025-12-28 17:24:00+00:00,14200,14319,block_download_or_coverage,,,2025,E00352,False,,,False
20251229_1900_HARP14200_NOAA14319,2025-12-29 19:00:00+00:00,14200,14319,block_download_or_coverage,,,2025,E00353,False,,,False
20251229_2036_HARP14200_NOAA14319,2025-12-29 20:36:00+00:00,14200,14319,block_download_or_coverage,,,2025,E00353,False,,,False
20251229_2212_HARP14200_NOAA14319,2025-12-29 22:12:00+00:00,14200,14319,block_download_or_coverage,,,2025,E00353,False,,,False
20251229_2348_HARP14200_NOAA14319,2025-12-29 23:48:00+00:00,14200,14319,block_download_or_coverage,,,2025,E00353,False,,,False
20251230_0124_HARP14200_NOAA14319,2025-12-30 01:24:00+00:00,14200,14319,block_download_or_coverage,,,2025,E00353,False,,,False
20251230_0300_HARP14200_NOAA14319,2025-12-30 03:00:00+00:00,14200,14319,block_download_or_coverage,,,2025,E00353,False,,,False
20251230_0436_HARP14200_NOAA14319,2025-12-30 04:36:00+00:00,14200,14319,block_download_or_coverage,,,2025,E00353,False,,,False
20251226_1736_HARP14205_NOAA14320,2025-12-26 17:36:00+00:00,14205,14320,block_download_or_coverage,,,2025,E00354,False,,,False
20251226_1912_HARP14205_NOAA14320,2025-12-26 19:12:00+00:00,14205,14320,block_download_or_coverage,,,2025,E00354,False,,,False
20251226_2048_HARP14205_NOAA14320,2025-12-26 20:48:00+00:00,14205,14320,block_download_or_coverage,,,2025,E00354,False,,,False
20251226_2224_HARP14205_NOAA14320,2025-12-26 22:24:00+00:00,14205,14320,block_download_or_coverage,,,2025,E00354,False,59851.0,False,True
20251227_0000_HARP14205_NOAA14320,2025-12-27 00:00:00+00:00,14205,14320,block_download_or_coverage,,,2025,E00354,False,59853.0,False,True
20251227_0136_HARP14205_NOAA14320,2025-12-27 01:36:00+00:00,14205,14320,block_download_or_coverage,,,2025,E00354,False,59855.0,False,True
20251227_0312_HARP14205_NOAA14320,2025-12-27 03:12:00+00:00,14205,14320,block_download_or_coverage,,,2025,E00354,False,59857.0,False,True
20251227_0448_HARP14205_NOAA14320,2025-12-27 04:48:00+00:00,14205,14320,block_download_or_coverage,,,2025,E00354,False,59859.0,False,True
20251227_0624_HARP14205_NOAA14320,2025-12-27 06:24:00+00:00,14205,14320,block_download_or_coverage,,,2025,E00354,False,59861.0,False,True
20251227_0800_HARP14205_NOAA14320,2025-12-27 08:00:00+00:00,14205,14320,block_download_or_coverage,,,2025,E00354,False,59863.0,False,True
20251227_0936_HARP14205_NOAA14320,2025-12-27 09:36:00+00:00,14205,14320,block_download_or_coverage,,,2025,E00354,False,59865.0,False,True
20251227_1112_HARP14205_NOAA14320,2025-12-27 11:12:00+00:00,14205,14320,block_download_or_coverage,,,2025,E00354,False,59867.0,False,True
20251227_1248_HARP14205_NOAA14320,2025-12-27 12:48:00+00:00,14205,14320,block_download_or_coverage,,,2025,E00354,False,59870.0,False,True
20251227_1424_HARP14205_NOAA14320,2025-12-27 14:24:00+00:00,14205,14320,block_download_or_coverage,,,2025,E00354,False,59873.0,False,True
20251227_1600_HARP14205_NOAA14320,2025-12-27 16:00:00+00:00,14205,14320,block_download_or_coverage,,,2025,E00354,False,59876.0,False,True
20251227_1736_HARP14205_NOAA14320,2025-12-27 17:36:00+00:00,14205,14320,block_download_or_coverage,,,2025,E00354,False,59879.0,False,True
20251227_1912_HARP14205_NOAA14320,2025-12-27 19:12:00+00:00,14205,14320,block_download_or_coverage,,,2025,E00354,False,59882.0,False,True
20251227_2048_HARP14205_NOAA14320,2025-12-27 20:48:00+00:00,14205,14320,block_download_or_coverage,,,2025,E00354,False,59885.0,False,True
20251227_2224_HARP14205_NOAA14320,2025-12-27 22:24:00+00:00,14205,14320,block_download_or_coverage,,,2025,E00354,False,59888.0,False,True
20251228_0000_HARP14205_NOAA14320,2025-12-28 00:00:00+00:00,14205,14320,block_download_or_coverage,,,2025,E00354,False,59891.0,False,True
20251228_0136_HARP14205_NOAA14320,2025-12-28 01:36:00+00:00,14205,14320,block_download_or_coverage,,,2025,E00354,False,,,False
20251228_0312_HARP14205_NOAA14320,2025-12-28 03:12:00+00:00,14205,14320,block_download_or_coverage,,,2025,E00354,False,,,False
20251228_0448_HARP14205_NOAA14320,2025-12-28 04:48:00+00:00,14205,14320,block_download_or_coverage,,,2025,E00354,False,,,False
20251228_0624_HARP14205_NOAA14320,2025-12-28 06:24:00+00:00,14205,14320,block_download_or_coverage,,,2025,E00354,False,,,False
20251228_0800_HARP14205_NOAA14320,2025-12-28 08:00:00+00:00,14205,14320,block_download_or_coverage,,,2025,E00354,False,,,False
20251228_0936_HARP14205_NOAA14320,2025-12-28 09:36:00+00:00,14205,14320,block_download_or_coverage,,,2025,E00354,False,,,False
20251228_1112_HARP14205_NOAA14320,2025-12-28 11:12:00+00:00,14205,14320,block_download_or_coverage,,,2025,E00354,False,,,False
20251228_1248_HARP14205_NOAA14320,2025-12-28 12:48:00+00:00,14205,14320,block_download_or_coverage,,,2025,E00354,False,,,False
20251228_1424_HARP14205_NOAA14320,2025-12-28 14:24:00+00:00,14205,14320,block_download_or_coverage,,,2025,E00354,False,,,False
20251228_1600_HARP14205_NOAA14320,2025-12-28 16:00:00+00:00,14205,14320,block_download_or_coverage,,,2025,E00354,False,,,False
20251228_1736_HARP14205_NOAA14320,2025-12-28 17:36:00+00:00,14205,14320,block_download_or_coverage,,,2025,E00354,False,,,False
20251228_1912_HARP14205_NOAA14320,2025-12-28 19:12:00+00:00,14205,14320,block_download_or_coverage,,,2025,E00354,False,,,False
20251228_2048_HARP14205_NOAA14320,2025-12-28 20:48:00+00:00,14205,14320,block_download_or_coverage,,,2025,E00354,False,,,False
20251228_2224_HARP14205_NOAA14320,2025-12-28 22:24:00+00:00,14205,14320,block_download_or_coverage,,,2025,E00354,False,,,False
20251229_0000_HARP14205_NOAA14320,2025-12-29 00:00:00+00:00,14205,14320,block_download_or_coverage,,,2025,E00354,False,,,False
20251229_0136_HARP14205_NOAA14320,2025-12-29 01:36:00+00:00,14205,14320,block_download_or_coverage,,,2025,E00354,False,,,False
20251229_0312_HARP14205_NOAA14320,2025-12-29 03:12:00+00:00,14205,14320,block_download_or_coverage,,,2025,E00354,False,,,False
20251229_0448_HARP14205_NOAA14320,2025-12-29 04:48:00+00:00,14205,14320,block_download_or_coverage,,,2025,E00354,False,,,False
20251229_0624_HARP14205_NOAA14320,2025-12-29 06:24:00+00:00,14205,14320,block_download_or_coverage,,,2025,E00354,False,,,False
20251229_0800_HARP14205_NOAA14320,2025-12-29 08:00:00+00:00,14205,14320,block_download_or_coverage,,,2025,E00354,False,,,False
20251229_0936_HARP14205_NOAA14320,2025-12-29 09:36:00+00:00,14205,14320,block_download_or_coverage,,,2025,E00354,False,,,False
20251229_1112_HARP14205_NOAA14320,2025-12-29 11:12:00+00:00,14205,14320,block_download_or_coverage,,,2025,E00354,False,,,False
20251229_1248_HARP14205_NOAA14320,2025-12-29 12:48:00+00:00,14205,14320,block_download_or_coverage,,,2025,E00354,False,,,False
20251229_1424_HARP14205_NOAA14320,2025-12-29 14:24:00+00:00,14205,14320,block_download_or_coverage,,,2025,E00354,False,,,False
20251229_1600_HARP14205_NOAA14320,2025-12-29 16:00:00+00:00,14205,14320,block_download_or_coverage,,,2025,E00354,False,,,False
20251229_1736_HARP14205_NOAA14320,2025-12-29 17:36:00+00:00,14205,14320,block_download_or_coverage,,,2025,E00354,False,,,False
20251229_1912_HARP14205_NOAA14320,2025-12-29 19:12:00+00:00,14205,14320,block_download_or_coverage,,,2025,E00354,False,,,False
20251230_0800_HARP14205_NOAA14320,2025-12-30 08:00:00+00:00,14205,14320,block_download_or_coverage,,,2025,E00355,False,,,False
20251230_0936_HARP14205_NOAA14320,2025-12-30 09:36:00+00:00,14205,14320,block_download_or_coverage,,,2025,E00355,False,,,False
20251230_1112_HARP14205_NOAA14320,2025-12-30 11:12:00+00:00,14205,14320,block_download_or_coverage,,,2025,E00355,False,,,False
20251230_1248_HARP14205_NOAA14320,2025-12-30 12:48:00+00:00,14205,14320,block_download_or_coverage,,,2025,E00355,False,,,False
20251230_1424_HARP14205_NOAA14320,2025-12-30 14:24:00+00:00,14205,14320,block_download_or_coverage,,,2025,E00355,False,,,False
20251230_1600_HARP14205_NOAA14320,2025-12-30 16:00:00+00:00,14205,14320,block_download_or_coverage,,,2025,E00355,False,,,False
20251230_1736_HARP14205_NOAA14320,2025-12-30 17:36:00+00:00,14205,14320,block_download_or_coverage,,,2025,E00355,False,,,False
20251230_1912_HARP14205_NOAA14320,2025-12-30 19:12:00+00:00,14205,14320,block_download_or_coverage,,,2025,E00355,False,,,False
20251230_2112_HARP14205_NOAA14320,2025-12-30 21:12:00+00:00,14205,14320,block_download_or_coverage,,,2025,E00355,False,,,False
20251230_2248_HARP14205_NOAA14320,2025-12-30 22:48:00+00:00,14205,14320,block_download_or_coverage,,,2025,E00355,False,,,False
20251231_0024_HARP14205_NOAA14320,2025-12-31 00:24:00+00:00,14205,14320,block_download_or_coverage,,,2025,E00355,False,,,False
20251231_0200_HARP14205_NOAA14320,2025-12-31 02:00:00+00:00,14205,14320,block_download_or_coverage,,,2025,E00355,False,,,False
20251230_0936_HARP14215_NOAA14323,2025-12-30 09:36:00+00:00,14215,14323,block_download_or_coverage,,,2025,E00356,False,,,False
20251230_1112_HARP14215_NOAA14323,2025-12-30 11:12:00+00:00,14215,14323,block_download_or_coverage,,,2025,E00356,False,,,False
20251230_1248_HARP14215_NOAA14323,2025-12-30 12:48:00+00:00,14215,14323,block_download_or_coverage,,,2025,E00356,False,,,False
20251230_1424_HARP14215_NOAA14323,2025-12-30 14:24:00+00:00,14215,14323,block_download_or_coverage,,,2025,E00356,False,,,False
20251230_1600_HARP14215_NOAA14323,2025-12-30 16:00:00+00:00,14215,14323,block_download_or_coverage,,,2025,E00356,False,,,False
20251230_1736_HARP14215_NOAA14323,2025-12-30 17:36:00+00:00,14215,14323,block_download_or_coverage,,,2025,E00356,False,,,False
20251230_1912_HARP14215_NOAA14323,2025-12-30 19:12:00+00:00,14215,14323,block_download_or_coverage,,,2025,E00356,False,,,False
20251230_2112_HARP14215_NOAA14323,2025-12-30 21:12:00+00:00,14215,14323,block_download_or_coverage,,,2025,E00356,False,,,False
20251230_2248_HARP14215_NOAA14323,2025-12-30 22:48:00+00:00,14215,14323,block_download_or_coverage,,,2025,E00356,False,,,False
20251231_0024_HARP14215_NOAA14323,2025-12-31 00:24:00+00:00,14215,14323,block_download_or_coverage,,,2025,E00356,False,,,False
20251231_0200_HARP14215_NOAA14323,2025-12-31 02:00:00+00:00,14215,14323,block_download_or_coverage,,,2025,E00356,False,,,False
20251231_0336_HARP14215_NOAA14323,2025-12-31 03:36:00+00:00,14215,14323,block_download_or_coverage,,,2025,E00356,False,,,False
20251231_0512_HARP14215_NOAA14323,2025-12-31 05:12:00+00:00,14215,14323,block_download_or_coverage,,,2025,E00356,False,,,False
20251231_0648_HARP14215_NOAA14323,2025-12-31 06:48:00+00:00,14215,14323,block_download_or_coverage,,,2025,E00356,False,,,False
20251231_0824_HARP14215_NOAA14323,2025-12-31 08:24:00+00:00,14215,14323,block_download_or_coverage,,,2025,E00356,False,,,False
20251231_1000_HARP14215_NOAA14323,2025-12-31 10:00:00+00:00,14215,14323,block_download_or_coverage,,,2025,E00356,False,,,False
20251231_1136_HARP14215_NOAA14323,2025-12-31 11:36:00+00:00,14215,14323,block_download_or_coverage,,,2025,E00356,False,,,False
20251231_1312_HARP14215_NOAA14323,2025-12-31 13:12:00+00:00,14215,14323,block_download_or_coverage,,,2025,E00356,False,,,False
20251231_1448_HARP14215_NOAA14323,2025-12-31 14:48:00+00:00,14215,14323,block_download_or_coverage,,,2025,E00356,False,,,False
20251231_1624_HARP14215_NOAA14323,2025-12-31 16:24:00+00:00,14215,14323,block_download_or_coverage,,,2025,E00356,False,,,False
20251231_1936_HARP14215_NOAA14323,2025-12-31 19:36:00+00:00,14215,14323,block_download_or_coverage,,,2025,E00356,False,,,False
20251231_2112_HARP14215_NOAA14323,2025-12-31 21:12:00+00:00,14215,14323,block_download_or_coverage,,,2025,E00356,False,,,False
20251231_2248_HARP14215_NOAA14323,2025-12-31 22:48:00+00:00,14215,14323,block_download_or_coverage,,,2025,E00356,False,,,False
20251230_1612_HARP14220_NOAA14324,2025-12-30 16:12:00+00:00,14220,14324,block_download_or_coverage,,,2025,E00357,False,,,False
20251230_1748_HARP14220_NOAA14324,2025-12-30 17:48:00+00:00,14220,14324,block_download_or_coverage,,,2025,E00357,False,,,False
20251231_2124_HARP14220_NOAA14324,2025-12-31 21:24:00+00:00,14220,14324,block_download_or_coverage,,,2025,E00358,False,,,False
20251231_2300_HARP14220_NOAA14324,2025-12-31 23:00:00+00:00,14220,14324,block_download_or_coverage,,,2025,E00358,False,,,False
20251228_1236_HARP14230_NOAA14327,2025-12-28 12:36:00+00:00,14230,14327,block_download_or_coverage,,,2025,E00359,False,,,False
20251228_1412_HARP14230_NOAA14327,2025-12-28 14:12:00+00:00,14230,14327,block_download_or_coverage,,,2025,E00359,False,,,False
20251228_1548_HARP14230_NOAA14327,2025-12-28 15:48:00+00:00,14230,14327,block_download_or_coverage,,,2025,E00359,False,,,False
20251228_1724_HARP14230_NOAA14327,2025-12-28 17:24:00+00:00,14230,14327,block_download_or_coverage,,,2025,E00359,False,,,False
20251228_1900_HARP14230_NOAA14327,2025-12-28 19:00:00+00:00,14230,14327,block_download_or_coverage,,,2025,E00359,False,,,False
20251228_2036_HARP14230_NOAA14327,2025-12-28 20:36:00+00:00,14230,14327,block_download_or_coverage,,,2025,E00359,False,,,False
20251228_2212_HARP14230_NOAA14327,2025-12-28 22:12:00+00:00,14230,14327,block_download_or_coverage,,,2025,E00359,False,,,False
20251228_2348_HARP14230_NOAA14327,2025-12-28 23:48:00+00:00,14230,14327,block_download_or_coverage,,,2025,E00359,False,,,False
20251229_0124_HARP14230_NOAA14327,2025-12-29 01:24:00+00:00,14230,14327,block_download_or_coverage,,,2025,E00359,False,,,False
20251229_0300_HARP14230_NOAA14327,2025-12-29 03:00:00+00:00,14230,14327,block_download_or_coverage,,,2025,E00359,False,,,False
20251229_0436_HARP14230_NOAA14327,2025-12-29 04:36:00+00:00,14230,14327,block_download_or_coverage,,,2025,E00359,False,,,False
20251229_0612_HARP14230_NOAA14327,2025-12-29 06:12:00+00:00,14230,14327,block_download_or_coverage,,,2025,E00359,False,,,False
20251229_0748_HARP14230_NOAA14327,2025-12-29 07:48:00+00:00,14230,14327,block_download_or_coverage,,,2025,E00359,False,,,False
20251229_0924_HARP14230_NOAA14327,2025-12-29 09:24:00+00:00,14230,14327,block_download_or_coverage,,,2025,E00359,False,,,False
20251229_1100_HARP14230_NOAA14327,2025-12-29 11:00:00+00:00,14230,14327,block_download_or_coverage,,,2025,E00359,False,,,False
20251229_1236_HARP14230_NOAA14327,2025-12-29 12:36:00+00:00,14230,14327,block_download_or_coverage,,,2025,E00359,False,,,False
20260113_1036_HARP14277_NOAA14340,2026-01-13 10:36:00+00:00,14277,14340,block_download_or_coverage,2026_HARP14277_20260113_1036_20260114_0548,RuntimeError('Downloaded 94 Å segment does not cover all target timestamps within 180 seconds.'),2026,E00360,True,,,False
20260113_1212_HARP14277_NOAA14340,2026-01-13 12:12:00+00:00,14277,14340,block_download_or_coverage,2026_HARP14277_20260113_1036_20260114_0548,RuntimeError('Downloaded 94 Å segment does not cover all target timestamps within 180 seconds.'),2026,E00360,True,,,False
20260113_1348_HARP14277_NOAA14340,2026-01-13 13:48:00+00:00,14277,14340,block_download_or_coverage,2026_HARP14277_20260113_1036_20260114_0548,RuntimeError('Downloaded 94 Å segment does not cover all target timestamps within 180 seconds.'),2026,E00360,True,,,False
20260113_1524_HARP14277_NOAA14340,2026-01-13 15:24:00+00:00,14277,14340,block_download_or_coverage,2026_HARP14277_20260113_1036_20260114_0548,RuntimeError('Downloaded 94 Å segment does not cover all target timestamps within 180 seconds.'),2026,E00360,True,,,False
20260113_1700_HARP14277_NOAA14340,2026-01-13 17:00:00+00:00,14277,14340,block_download_or_coverage,2026_HARP14277_20260113_1036_20260114_0548,RuntimeError('Downloaded 94 Å segment does not cover all target timestamps within 180 seconds.'),2026,E00360,True,,,False
20260113_1836_HARP14277_NOAA14340,2026-01-13 18:36:00+00:00,14277,14340,block_download_or_coverage,2026_HARP14277_20260113_1036_20260114_0548,RuntimeError('Downloaded 94 Å segment does not cover all target timestamps within 180 seconds.'),2026,E00360,True,,,False
20260113_2012_HARP14277_NOAA14340,2026-01-13 20:12:00+00:00,14277,14340,block_download_or_coverage,2026_HARP14277_20260113_1036_20260114_0548,RuntimeError('Downloaded 94 Å segment does not cover all target timestamps within 180 seconds.'),2026,E00360,True,,,False
20260113_2148_HARP14277_NOAA14340,2026-01-13 21:48:00+00:00,14277,14340,block_download_or_coverage,2026_HARP14277_20260113_1036_20260114_0548,RuntimeError('Downloaded 94 Å segment does not cover all target timestamps within 180 seconds.'),2026,E00360,True,,,False
20260113_2324_HARP14277_NOAA14340,2026-01-13 23:24:00+00:00,14277,14340,block_download_or_coverage,2026_HARP14277_20260113_1036_20260114_0548,RuntimeError('Downloaded 94 Å segment does not cover all target timestamps within 180 seconds.'),2026,E00360,True,,,False
20260114_0100_HARP14277_NOAA14340,2026-01-14 01:00:00+00:00,14277,14340,block_download_or_coverage,2026_HARP14277_20260113_1036_20260114_0548,RuntimeError('Downloaded 94 Å segment does not cover all target timestamps within 180 seconds.'),2026,E00360,True,,,False
20260114_0236_HARP14277_NOAA14340,2026-01-14 02:36:00+00:00,14277,14340,block_download_or_coverage,2026_HARP14277_20260113_1036_20260114_0548,RuntimeError('Downloaded 94 Å segment does not cover all target timestamps within 180 seconds.'),2026,E00360,True,,,False
20260114_0412_HARP14277_NOAA14340,2026-01-14 04:12:00+00:00,14277,14340,block_download_or_coverage,2026_HARP14277_20260113_1036_20260114_0548,RuntimeError('Downloaded 94 Å segment does not cover all target timestamps within 180 seconds.'),2026,E00360,True,,,False
20260114_0548_HARP14277_NOAA14340,2026-01-14 05:48:00+00:00,14277,14340,block_download_or_coverage,2026_HARP14277_20260113_1036_20260114_0548,RuntimeError('Downloaded 94 Å segment does not cover all target timestamps within 180 seconds.'),2026,E00360,True,,,False
20260120_1936_HARP14282_NOAA14341,2026-01-20 19:36:00+00:00,14282,14341,block_download_or_coverage,2026_HARP14282_20260120_1936_20260121_0512,RuntimeError('Downloaded 211 Å segment does not cover all target timestamps within 180 seconds.'),2026,E00361,True,,,False
20260120_2112_HARP14282_NOAA14341,2026-01-20 21:12:00+00:00,14282,14341,block_download_or_coverage,2026_HARP14282_20260120_1936_20260121_0512,RuntimeError('Downloaded 211 Å segment does not cover all target timestamps within 180 seconds.'),2026,E00361,True,,,False
20260120_2248_HARP14282_NOAA14341,2026-01-20 22:48:00+00:00,14282,14341,block_download_or_coverage,2026_HARP14282_20260120_1936_20260121_0512,RuntimeError('Downloaded 211 Å segment does not cover all target timestamps within 180 seconds.'),2026,E00361,True,,,False
20260121_0024_HARP14282_NOAA14341,2026-01-21 00:24:00+00:00,14282,14341,block_download_or_coverage,2026_HARP14282_20260120_1936_20260121_0512,RuntimeError('Downloaded 211 Å segment does not cover all target timestamps within 180 seconds.'),2026,E00361,True,,,False
20260121_0200_HARP14282_NOAA14341,2026-01-21 02:00:00+00:00,14282,14341,block_download_or_coverage,2026_HARP14282_20260120_1936_20260121_0512,RuntimeError('Downloaded 211 Å segment does not cover all target timestamps within 180 seconds.'),2026,E00361,True,,,False
20260121_0336_HARP14282_NOAA14341,2026-01-21 03:36:00+00:00,14282,14341,block_download_or_coverage,2026_HARP14282_20260120_1936_20260121_0512,RuntimeError('Downloaded 211 Å segment does not cover all target timestamps within 180 seconds.'),2026,E00361,True,,,False
20260121_0512_HARP14282_NOAA14341,2026-01-21 05:12:00+00:00,14282,14341,block_download_or_coverage,2026_HARP14282_20260120_1936_20260121_0512,RuntimeError('Downloaded 211 Å segment does not cover all target timestamps within 180 seconds.'),2026,E00361,True,,,False
20260120_1936_HARP14284_NOAA14342,2026-01-20 19:36:00+00:00,14284,14342,block_download_or_coverage,2026_HARP14284_20260120_1936_20260121_0512,RuntimeError('Downloaded 211 Å segment does not cover all target timestamps within 180 seconds.'),2026,E00362,True,,,False
20260120_2112_HARP14284_NOAA14342,2026-01-20 21:12:00+00:00,14284,14342,block_download_or_coverage,2026_HARP14284_20260120_1936_20260121_0512,RuntimeError('Downloaded 211 Å segment does not cover all target timestamps within 180 seconds.'),2026,E00362,True,,,False
20260120_2248_HARP14284_NOAA14342,2026-01-20 22:48:00+00:00,14284,14342,block_download_or_coverage,2026_HARP14284_20260120_1936_20260121_0512,RuntimeError('Downloaded 211 Å segment does not cover all target timestamps within 180 seconds.'),2026,E00362,True,,,False
20260121_0024_HARP14284_NOAA14342,2026-01-21 00:24:00+00:00,14284,14342,block_download_or_coverage,2026_HARP14284_20260120_1936_20260121_0512,RuntimeError('Downloaded 211 Å segment does not cover all target timestamps within 180 seconds.'),2026,E00362,True,,,False
20260121_0200_HARP14284_NOAA14342,2026-01-21 02:00:00+00:00,14284,14342,block_download_or_coverage,2026_HARP14284_20260120_1936_20260121_0512,RuntimeError('Downloaded 211 Å segment does not cover all target timestamps within 180 seconds.'),2026,E00362,True,,,False
20260121_0336_HARP14284_NOAA14342,2026-01-21 03:36:00+00:00,14284,14342,block_download_or_coverage,2026_HARP14284_20260120_1936_20260121_0512,RuntimeError('Downloaded 211 Å segment does not cover all target timestamps within 180 seconds.'),2026,E00362,True,,,False
20260121_0512_HARP14284_NOAA14342,2026-01-21 05:12:00+00:00,14284,14342,block_download_or_coverage,2026_HARP14284_20260120_1936_20260121_0512,RuntimeError('Downloaded 211 Å segment does not cover all target timestamps within 180 seconds.'),2026,E00362,True,,,False
20260128_1000_HARP14305_NOAA14349,2026-01-28 10:00:00+00:00,14305,14349,block_download_or_coverage,2026_HARP14305_20260128_1000_20260129_0548,RuntimeError('Downloaded 94 Å segment does not cover all target timestamps within 180 seconds.'),2026,E00363,True,,,False
20260128_1136_HARP14305_NOAA14349,2026-01-28 11:36:00+00:00,14305,14349,block_download_or_coverage,2026_HARP14305_20260128_1000_20260129_0548,RuntimeError('Downloaded 94 Å segment does not cover all target timestamps within 180 seconds.'),2026,E00363,True,,,False
20260128_1312_HARP14305_NOAA14349,2026-01-28 13:12:00+00:00,14305,14349,block_download_or_coverage,2026_HARP14305_20260128_1000_20260129_0548,RuntimeError('Downloaded 94 Å segment does not cover all target timestamps within 180 seconds.'),2026,E00363,True,,,False
20260128_1524_HARP14305_NOAA14349,2026-01-28 15:24:00+00:00,14305,14349,block_download_or_coverage,2026_HARP14305_20260128_1000_20260129_0548,RuntimeError('Downloaded 94 Å segment does not cover all target timestamps within 180 seconds.'),2026,E00363,True,,,False
20260128_1700_HARP14305_NOAA14349,2026-01-28 17:00:00+00:00,14305,14349,block_download_or_coverage,2026_HARP14305_20260128_1000_20260129_0548,RuntimeError('Downloaded 94 Å segment does not cover all target timestamps within 180 seconds.'),2026,E00363,True,,,False
20260128_1836_HARP14305_NOAA14349,2026-01-28 18:36:00+00:00,14305,14349,block_download_or_coverage,2026_HARP14305_20260128_1000_20260129_0548,RuntimeError('Downloaded 94 Å segment does not cover all target timestamps within 180 seconds.'),2026,E00363,True,,,False
20260128_2012_HARP14305_NOAA14349,2026-01-28 20:12:00+00:00,14305,14349,block_download_or_coverage,2026_HARP14305_20260128_1000_20260129_0548,RuntimeError('Downloaded 94 Å segment does not cover all target timestamps within 180 seconds.'),2026,E00363,True,,,False
20260128_2148_HARP14305_NOAA14349,2026-01-28 21:48:00+00:00,14305,14349,block_download_or_coverage,2026_HARP14305_20260128_1000_20260129_0548,RuntimeError('Downloaded 94 Å segment does not cover all target timestamps within 180 seconds.'),2026,E00363,True,,,False
20260128_2324_HARP14305_NOAA14349,2026-01-28 23:24:00+00:00,14305,14349,block_download_or_coverage,2026_HARP14305_20260128_1000_20260129_0548,RuntimeError('Downloaded 94 Å segment does not cover all target timestamps within 180 seconds.'),2026,E00363,True,,,False
20260129_0100_HARP14305_NOAA14349,2026-01-29 01:00:00+00:00,14305,14349,block_download_or_coverage,2026_HARP14305_20260128_1000_20260129_0548,RuntimeError('Downloaded 94 Å segment does not cover all target timestamps within 180 seconds.'),2026,E00363,True,,,False
20260129_0236_HARP14305_NOAA14349,2026-01-29 02:36:00+00:00,14305,14349,block_download_or_coverage,2026_HARP14305_20260128_1000_20260129_0548,RuntimeError('Downloaded 94 Å segment does not cover all target timestamps within 180 seconds.'),2026,E00363,True,,,False
20260129_0412_HARP14305_NOAA14349,2026-01-29 04:12:00+00:00,14305,14349,block_download_or_coverage,2026_HARP14305_20260128_1000_20260129_0548,RuntimeError('Downloaded 94 Å segment does not cover all target timestamps within 180 seconds.'),2026,E00363,True,,,False
20260129_0548_HARP14305_NOAA14349,2026-01-29 05:48:00+00:00,14305,14349,block_download_or_coverage,2026_HARP14305_20260128_1000_20260129_0548,RuntimeError('Downloaded 94 Å segment does not cover all target timestamps within 180 seconds.'),2026,E00363,True,,,False
20260125_1136_HARP14305_NOAA14349,2026-01-25 11:36:00+00:00,14305,14349,crop_patch_boundary,2026_HARP14305_20260125_1000_20260125_1624,"ValueError('Target crop leaves block patch: bounds=(9, 1835, 3, 1829), shape=(1834, 1834)')",2026,E00364,True,,,False
20260125_1312_HARP14305_NOAA14349,2026-01-25 13:12:00+00:00,14305,14349,crop_patch_boundary,2026_HARP14305_20260125_1000_20260125_1624,"ValueError('Target crop leaves block patch: bounds=(-8, 1841, -8, 1841), shape=(1834, 1834)')",2026,E00364,True,,,False
20260125_1448_HARP14305_NOAA14349,2026-01-25 14:48:00+00:00,14305,14349,crop_patch_boundary,2026_HARP14305_20260125_1000_20260125_1624,"ValueError('Target crop leaves block patch: bounds=(-18, 1845, -14, 1849), shape=(1834, 1834)')",2026,E00364,True,,,False
20260125_1624_HARP14305_NOAA14349,2026-01-25 16:24:00+00:00,14305,14349,crop_patch_boundary,2026_HARP14305_20260125_1000_20260125_1624,"ValueError('Target crop leaves block patch: bounds=(-27, 1849, -21, 1855), shape=(1834, 1834)')",2026,E00364,True,,,False
20260125_1948_HARP14305_NOAA14349,2026-01-25 19:48:00+00:00,14305,14349,crop_patch_boundary,2026_HARP14305_20260125_1948_20260126_0524,"ValueError('Target crop leaves block patch: bounds=(-58, 1931, -62, 1927), shape=(1834, 1834)')",2026,E00365,True,,,False
20260125_2124_HARP14305_NOAA14349,2026-01-25 21:24:00+00:00,14305,14349,crop_patch_boundary,2026_HARP14305_20260125_1948_20260126_0524,"ValueError('Target crop leaves block patch: bounds=(-78, 1936, -81, 1933), shape=(1834, 1834)')",2026,E00365,True,,,False
20260125_2300_HARP14305_NOAA14349,2026-01-25 23:00:00+00:00,14305,14349,crop_patch_boundary,2026_HARP14305_20260125_1948_20260126_0524,"ValueError('Target crop leaves block patch: bounds=(-95, 1940, -95, 1940), shape=(1834, 1834)')",2026,E00365,True,,,False
20260126_0036_HARP14305_NOAA14349,2026-01-26 00:36:00+00:00,14305,14349,crop_patch_boundary,2026_HARP14305_20260125_1948_20260126_0524,"ValueError('Target crop leaves block patch: bounds=(-111, 1944, -112, 1944), shape=(1834, 1834)')",2026,E00365,True,,,False
20260126_0212_HARP14305_NOAA14349,2026-01-26 02:12:00+00:00,14305,14349,crop_patch_boundary,2026_HARP14305_20260125_1948_20260126_0524,"ValueError('Target crop leaves block patch: bounds=(-121, 1948, -121, 1949), shape=(1834, 1834)')",2026,E00365,True,,,False
20260126_0348_HARP14305_NOAA14349,2026-01-26 03:48:00+00:00,14305,14349,crop_patch_boundary,2026_HARP14305_20260125_1948_20260126_0524,"ValueError('Target crop leaves block patch: bounds=(-131, 1951, -129, 1953), shape=(1834, 1834)')",2026,E00365,True,,,False
20260126_0524_HARP14305_NOAA14349,2026-01-26 05:24:00+00:00,14305,14349,crop_patch_boundary,2026_HARP14305_20260125_1948_20260126_0524,"ValueError('Target crop leaves block patch: bounds=(-139, 1954, -137, 1956), shape=(1834, 1834)')",2026,E00365,True,,,False
20260126_1112_HARP14305_NOAA14349,2026-01-26 11:12:00+00:00,14305,14349,crop_patch_boundary,2026_HARP14305_20260126_1112_20260127_0312,"ValueError('Target crop leaves block patch: bounds=(-137, 1999, -147, 1989), shape=(1834, 1834)')",2026,E00366,True,,,False
20260126_1248_HARP14305_NOAA14349,2026-01-26 12:48:00+00:00,14305,14349,crop_patch_boundary,2026_HARP14305_20260126_1112_20260127_0312,"ValueError('Target crop leaves block patch: bounds=(-146, 2002, -153, 1995), shape=(1834, 1834)')",2026,E00366,True,,,False
20260126_1424_HARP14305_NOAA14349,2026-01-26 14:24:00+00:00,14305,14349,crop_patch_boundary,2026_HARP14305_20260126_1112_20260127_0312,"ValueError('Target crop leaves block patch: bounds=(-155, 2004, -159, 2000), shape=(1834, 1834)')",2026,E00366,True,,,False
20260126_1600_HARP14305_NOAA14349,2026-01-26 16:00:00+00:00,14305,14349,crop_patch_boundary,2026_HARP14305_20260126_1112_20260127_0312,"ValueError('Target crop leaves block patch: bounds=(-164, 2007, -167, 2005), shape=(1834, 1834)')",2026,E00366,True,,,False
20260126_1736_HARP14305_NOAA14349,2026-01-26 17:36:00+00:00,14305,14349,crop_patch_boundary,2026_HARP14305_20260126_1112_20260127_0312,"ValueError('Target crop leaves block patch: bounds=(-172, 2011, -173, 2009), shape=(1834, 1834)')",2026,E00366,True,,,False
20260126_1912_HARP14305_NOAA14349,2026-01-26 19:12:00+00:00,14305,14349,crop_patch_boundary,2026_HARP14305_20260126_1112_20260127_0312,"ValueError('Target crop leaves block patch: bounds=(-179, 2011, -179, 2011), shape=(1834, 1834)')",2026,E00366,True,,,False
20260126_2048_HARP14305_NOAA14349,2026-01-26 20:48:00+00:00,14305,14349,crop_patch_boundary,2026_HARP14305_20260126_1112_20260127_0312,"ValueError('Target crop leaves block patch: bounds=(-186, 2013, -184, 2015), shape=(1834, 1834)')",2026,E00366,True,,,False
20260126_2224_HARP14305_NOAA14349,2026-01-26 22:24:00+00:00,14305,14349,crop_patch_boundary,2026_HARP14305_20260126_1112_20260127_0312,"ValueError('Target crop leaves block patch: bounds=(-193, 2013, -187, 2019), shape=(1834, 1834)')",2026,E00366,True,,,False
20260127_0000_HARP14305_NOAA14349,2026-01-27 00:00:00+00:00,14305,14349,crop_patch_boundary,2026_HARP14305_20260126_1112_20260127_0312,"ValueError('Target crop leaves block patch: bounds=(-199, 2012, -191, 2020), shape=(1834, 1834)')",2026,E00366,True,,,False
20260127_0136_HARP14305_NOAA14349,2026-01-27 01:36:00+00:00,14305,14349,crop_patch_boundary,2026_HARP14305_20260126_1112_20260127_0312,"ValueError('Target crop leaves block patch: bounds=(-204, 2011, -194, 2021), shape=(1834, 1834)')",2026,E00366,True,,,False
20260127_0312_HARP14305_NOAA14349,2026-01-27 03:12:00+00:00,14305,14349,crop_patch_boundary,2026_HARP14305_20260126_1112_20260127_0312,"ValueError('Target crop leaves block patch: bounds=(-209, 2009, -195, 2023), shape=(1834, 1834)')",2026,E00366,True,,,False
20260127_0624_HARP14305_NOAA14349,2026-01-27 06:24:00+00:00,14305,14349,crop_patch_boundary,2026_HARP14305_20260127_0624_20260127_0624,"ValueError('Target crop leaves block patch: bounds=(-197, 2030, -197, 2031), shape=(1834, 1834)')",2026,E00366,True,,,False
20260127_1024_HARP14305_NOAA14349,2026-01-27 10:24:00+00:00,14305,14349,crop_patch_boundary,2026_HARP14305_20260127_1024_20260128_0424,"ValueError('Target crop leaves block patch: bounds=(-182, 2052, -200, 2034), shape=(1834, 1834)')",2026,E00367,True,,,False
20260127_1200_HARP14305_NOAA14349,2026-01-27 12:00:00+00:00,14305,14349,crop_patch_boundary,2026_HARP14305_20260127_1024_20260128_0424,"ValueError('Target crop leaves block patch: bounds=(-187, 2050, -202, 2035), shape=(1834, 1834)')",2026,E00367,True,,,False
20260127_1336_HARP14305_NOAA14349,2026-01-27 13:36:00+00:00,14305,14349,crop_patch_boundary,2026_HARP14305_20260127_1024_20260128_0424,"ValueError('Target crop leaves block patch: bounds=(-191, 2047, -202, 2036), shape=(1834, 1834)')",2026,E00367,True,,,False
20260127_1512_HARP14305_NOAA14349,2026-01-27 15:12:00+00:00,14305,14349,crop_patch_boundary,2026_HARP14305_20260127_1024_20260128_0424,"ValueError('Target crop leaves block patch: bounds=(-194, 2045, -202, 2037), shape=(1834, 1834)')",2026,E00367,True,,,False
20260127_1648_HARP14305_NOAA14349,2026-01-27 16:48:00+00:00,14305,14349,crop_patch_boundary,2026_HARP14305_20260127_1024_20260128_0424,"ValueError('Target crop leaves block patch: bounds=(-197, 2042, -204, 2035), shape=(1834, 1834)')",2026,E00367,True,,,False
20260127_1824_HARP14305_NOAA14349,2026-01-27 18:24:00+00:00,14305,14349,crop_patch_boundary,2026_HARP14305_20260127_1024_20260128_0424,"ValueError('Target crop leaves block patch: bounds=(-200, 2038, -204, 2034), shape=(1834, 1834)')",2026,E00367,True,,,False
20260127_2024_HARP14305_NOAA14349,2026-01-27 20:24:00+00:00,14305,14349,crop_patch_boundary,2026_HARP14305_20260127_1024_20260128_0424,"ValueError('Target crop leaves block patch: bounds=(-183, 2053, -201, 2035), shape=(1834, 1834)')",2026,E00367,True,,,False
20260127_2200_HARP14305_NOAA14349,2026-01-27 22:00:00+00:00,14305,14349,crop_patch_boundary,2026_HARP14305_20260127_1024_20260128_0424,"ValueError('Target crop leaves block patch: bounds=(-185, 2048, -200, 2034), shape=(1834, 1834)')",2026,E00367,True,,,False
20260127_2336_HARP14305_NOAA14349,2026-01-27 23:36:00+00:00,14305,14349,crop_patch_boundary,2026_HARP14305_20260127_1024_20260128_0424,"ValueError('Target crop leaves block patch: bounds=(-188, 2044, -199, 2033), shape=(1834, 1834)')",2026,E00367,True,,,False
20260128_0112_HARP14305_NOAA14349,2026-01-28 01:12:00+00:00,14305,14349,crop_patch_boundary,2026_HARP14305_20260127_1024_20260128_0424,"ValueError('Target crop leaves block patch: bounds=(-189, 2040, -196, 2033), shape=(1834, 1834)')",2026,E00367,True,,,False
20260128_0248_HARP14305_NOAA14349,2026-01-28 02:48:00+00:00,14305,14349,crop_patch_boundary,2026_HARP14305_20260127_1024_20260128_0424,"ValueError('Target crop leaves block patch: bounds=(-189, 2033, -193, 2030), shape=(1834, 1834)')",2026,E00367,True,,,False
20260128_0424_HARP14305_NOAA14349,2026-01-28 04:24:00+00:00,14305,14349,crop_patch_boundary,2026_HARP14305_20260127_1024_20260128_0424,"ValueError('Target crop leaves block patch: bounds=(-189, 2029, -190, 2028), shape=(1834, 1834)')",2026,E00367,True,,,False
20260129_1112_HARP14305_NOAA14349,2026-01-29 11:12:00+00:00,14305,14349,crop_patch_boundary,2026_HARP14305_20260129_1112_20260130_0136,"ValueError('Target crop leaves block patch: bounds=(-126, 1997, -149, 1974), shape=(1834, 1834)')",2026,E00368,True,,,False
20260129_1248_HARP14305_NOAA14349,2026-01-29 12:48:00+00:00,14305,14349,crop_patch_boundary,2026_HARP14305_20260129_1112_20260130_0136,"ValueError('Target crop leaves block patch: bounds=(-124, 1988, -141, 1971), shape=(1834, 1834)')",2026,E00368,True,,,False
20260129_1424_HARP14305_NOAA14349,2026-01-29 14:24:00+00:00,14305,14349,crop_patch_boundary,2026_HARP14305_20260129_1112_20260130_0136,"ValueError('Target crop leaves block patch: bounds=(-120, 1978, -134, 1964), shape=(1834, 1834)')",2026,E00368,True,,,False
20260129_1600_HARP14305_NOAA14349,2026-01-29 16:00:00+00:00,14305,14349,crop_patch_boundary,2026_HARP14305_20260129_1112_20260130_0136,"ValueError('Target crop leaves block patch: bounds=(-116, 1971, -127, 1959), shape=(1834, 1834)')",2026,E00368,True,,,False
20260129_1736_HARP14305_NOAA14349,2026-01-29 17:36:00+00:00,14305,14349,crop_patch_boundary,2026_HARP14305_20260129_1112_20260130_0136,"ValueError('Target crop leaves block patch: bounds=(-107, 1961, -117, 1950), shape=(1834, 1834)')",2026,E00368,True,,,False
20260129_1912_HARP14305_NOAA14349,2026-01-29 19:12:00+00:00,14305,14349,crop_patch_boundary,2026_HARP14305_20260129_1112_20260130_0136,"ValueError('Target crop leaves block patch: bounds=(-100, 1951, -109, 1941), shape=(1834, 1834)')",2026,E00368,True,,,False
20260129_2048_HARP14305_NOAA14349,2026-01-29 20:48:00+00:00,14305,14349,crop_patch_boundary,2026_HARP14305_20260129_1112_20260130_0136,"ValueError('Target crop leaves block patch: bounds=(-97, 1940, -102, 1935), shape=(1834, 1834)')",2026,E00368,True,,,False
20260129_2224_HARP14305_NOAA14349,2026-01-29 22:24:00+00:00,14305,14349,crop_patch_boundary,2026_HARP14305_20260129_1112_20260130_0136,"ValueError('Target crop leaves block patch: bounds=(-91, 1931, -96, 1925), shape=(1834, 1834)')",2026,E00368,True,,,False
20260130_0000_HARP14305_NOAA14349,2026-01-30 00:00:00+00:00,14305,14349,crop_patch_boundary,2026_HARP14305_20260129_1112_20260130_0136,"ValueError('Target crop leaves block patch: bounds=(-85, 1919, -89, 1915), shape=(1834, 1834)')",2026,E00368,True,,,False
20260130_0136_HARP14305_NOAA14349,2026-01-30 01:36:00+00:00,14305,14349,crop_patch_boundary,2026_HARP14305_20260129_1112_20260130_0136,"ValueError('Target crop leaves block patch: bounds=(-77, 1907, -86, 1898), shape=(1834, 1834)')",2026,E00368,True,,,False
20260306_2148_HARP14448_NOAA14381,2026-03-06 21:48:00+00:00,14448,14381,block_download_or_coverage,2026_HARP14448_20260306_2148_20260307_2012,RuntimeError('Downloaded 94 Å segment does not cover all target timestamps within 180 seconds.'),2026,E00369,True,,,False
20260306_2324_HARP14448_NOAA14381,2026-03-06 23:24:00+00:00,14448,14381,block_download_or_coverage,2026_HARP14448_20260306_2148_20260307_2012,RuntimeError('Downloaded 94 Å segment does not cover all target timestamps within 180 seconds.'),2026,E00369,True,,,False
20260307_0100_HARP14448_NOAA14381,2026-03-07 01:00:00+00:00,14448,14381,block_download_or_coverage,2026_HARP14448_20260306_2148_20260307_2012,RuntimeError('Downloaded 94 Å segment does not cover all target timestamps within 180 seconds.'),2026,E00369,True,,,False
20260307_0236_HARP14448_NOAA14381,2026-03-07 02:36:00+00:00,14448,14381,block_download_or_coverage,2026_HARP14448_20260306_2148_20260307_2012,RuntimeError('Downloaded 94 Å segment does not cover all target timestamps within 180 seconds.'),2026,E00369,True,,,False
20260307_0412_HARP14448_NOAA14381,2026-03-07 04:12:00+00:00,14448,14381,block_download_or_coverage,2026_HARP14448_20260306_2148_20260307_2012,RuntimeError('Downloaded 94 Å segment does not cover all target timestamps within 180 seconds.'),2026,E00369,True,,,False
20260307_0548_HARP14448_NOAA14381,2026-03-07 05:48:00+00:00,14448,14381,block_download_or_coverage,2026_HARP14448_20260306_2148_20260307_2012,RuntimeError('Downloaded 94 Å segment does not cover all target timestamps within 180 seconds.'),2026,E00369,True,,,False
20260307_0724_HARP14448_NOAA14381,2026-03-07 07:24:00+00:00,14448,14381,block_download_or_coverage,2026_HARP14448_20260306_2148_20260307_2012,RuntimeError('Downloaded 94 Å segment does not cover all target timestamps within 180 seconds.'),2026,E00369,True,,,False
20260307_0900_HARP14448_NOAA14381,2026-03-07 09:00:00+00:00,14448,14381,block_download_or_coverage,2026_HARP14448_20260306_2148_20260307_2012,RuntimeError('Downloaded 94 Å segment does not cover all target timestamps within 180 seconds.'),2026,E00369,True,,,False
20260307_1036_HARP14448_NOAA14381,2026-03-07 10:36:00+00:00,14448,14381,block_download_or_coverage,2026_HARP14448_20260306_2148_20260307_2012,RuntimeError('Downloaded 94 Å segment does not cover all target timestamps within 180 seconds.'),2026,E00369,True,,,False
20260307_1212_HARP14448_NOAA14381,2026-03-07 12:12:00+00:00,14448,14381,block_download_or_coverage,2026_HARP14448_20260306_2148_20260307_2012,RuntimeError('Downloaded 94 Å segment does not cover all target timestamps within 180 seconds.'),2026,E00369,True,,,False
20260307_1348_HARP14448_NOAA14381,2026-03-07 13:48:00+00:00,14448,14381,block_download_or_coverage,2026_HARP14448_20260306_2148_20260307_2012,RuntimeError('Downloaded 94 Å segment does not cover all target timestamps within 180 seconds.'),2026,E00369,True,,,False
20260307_1524_HARP14448_NOAA14381,2026-03-07 15:24:00+00:00,14448,14381,block_download_or_coverage,2026_HARP14448_20260306_2148_20260307_2012,RuntimeError('Downloaded 94 Å segment does not cover all target timestamps within 180 seconds.'),2026,E00369,True,,,False
20260307_1700_HARP14448_NOAA14381,2026-03-07 17:00:00+00:00,14448,14381,block_download_or_coverage,2026_HARP14448_20260306_2148_20260307_2012,RuntimeError('Downloaded 94 Å segment does not cover all target timestamps within 180 seconds.'),2026,E00369,True,,,False
20260307_1836_HARP14448_NOAA14381,2026-03-07 18:36:00+00:00,14448,14381,block_download_or_coverage,2026_HARP14448_20260306_2148_20260307_2012,RuntimeError('Downloaded 94 Å segment does not cover all target timestamps within 180 seconds.'),2026,E00369,True,,,False
20260307_2012_HARP14448_NOAA14381,2026-03-07 20:12:00+00:00,14448,14381,block_download_or_coverage,2026_HARP14448_20260306_2148_20260307_2012,RuntimeError('Downloaded 94 Å segment does not cover all target timestamps within 180 seconds.'),2026,E00369,True,,,False
20260307_2148_HARP14448_NOAA14381,2026-03-07 21:48:00+00:00,14448,14381,block_download_or_coverage,2026_HARP14448_20260307_2148_20260308_2012,RuntimeError('Downloaded 193 Å segment does not cover all target timestamps within 180 seconds.'),2026,E00369,True,,,False
20260307_2324_HARP14448_NOAA14381,2026-03-07 23:24:00+00:00,14448,14381,block_download_or_coverage,2026_HARP14448_20260307_2148_20260308_2012,RuntimeError('Downloaded 193 Å segment does not cover all target timestamps within 180 seconds.'),2026,E00369,True,,,False
20260308_0100_HARP14448_NOAA14381,2026-03-08 01:00:00+00:00,14448,14381,block_download_or_coverage,2026_HARP14448_20260307_2148_20260308_2012,RuntimeError('Downloaded 193 Å segment does not cover all target timestamps within 180 seconds.'),2026,E00369,True,,,False
20260308_0236_HARP14448_NOAA14381,2026-03-08 02:36:00+00:00,14448,14381,block_download_or_coverage,2026_HARP14448_20260307_2148_20260308_2012,RuntimeError('Downloaded 193 Å segment does not cover all target timestamps within 180 seconds.'),2026,E00369,True,,,False
20260308_0412_HARP14448_NOAA14381,2026-03-08 04:12:00+00:00,14448,14381,block_download_or_coverage,2026_HARP14448_20260307_2148_20260308_2012,RuntimeError('Downloaded 193 Å segment does not cover all target timestamps within 180 seconds.'),2026,E00369,True,,,False
20260308_0548_HARP14448_NOAA14381,2026-03-08 05:48:00+00:00,14448,14381,block_download_or_coverage,2026_HARP14448_20260307_2148_20260308_2012,RuntimeError('Downloaded 193 Å segment does not cover all target timestamps within 180 seconds.'),2026,E00369,True,,,False
20260308_0724_HARP14448_NOAA14381,2026-03-08 07:24:00+00:00,14448,14381,block_download_or_coverage,2026_HARP14448_20260307_2148_20260308_2012,RuntimeError('Downloaded 193 Å segment does not cover all target timestamps within 180 seconds.'),2026,E00369,True,,,False
20260308_0900_HARP14448_NOAA14381,2026-03-08 09:00:00+00:00,14448,14381,block_download_or_coverage,2026_HARP14448_20260307_2148_20260308_2012,RuntimeError('Downloaded 193 Å segment does not cover all target timestamps within 180 seconds.'),2026,E00369,True,,,False
20260308_1036_HARP14448_NOAA14381,2026-03-08 10:36:00+00:00,14448,14381,block_download_or_coverage,2026_HARP14448_20260307_2148_20260308_2012,RuntimeError('Downloaded 193 Å segment does not cover all target timestamps within 180 seconds.'),2026,E00369,True,,,False
20260308_1212_HARP14448_NOAA14381,2026-03-08 12:12:00+00:00,14448,14381,block_download_or_coverage,2026_HARP14448_20260307_2148_20260308_2012,RuntimeError('Downloaded 193 Å segment does not cover all target timestamps within 180 seconds.'),2026,E00369,True,,,False
20260308_1348_HARP14448_NOAA14381,2026-03-08 13:48:00+00:00,14448,14381,block_download_or_coverage,2026_HARP14448_20260307_2148_20260308_2012,RuntimeError('Downloaded 193 Å segment does not cover all target timestamps within 180 seconds.'),2026,E00369,True,,,False
20260308_1524_HARP14448_NOAA14381,2026-03-08 15:24:00+00:00,14448,14381,block_download_or_coverage,2026_HARP14448_20260307_2148_20260308_2012,RuntimeError('Downloaded 193 Å segment does not cover all target timestamps within 180 seconds.'),2026,E00369,True,,,False
20260308_1700_HARP14448_NOAA14381,2026-03-08 17:00:00+00:00,14448,14381,block_download_or_coverage,2026_HARP14448_20260307_2148_20260308_2012,RuntimeError('Downloaded 193 Å segment does not cover all target timestamps within 180 seconds.'),2026,E00369,True,,,False
20260308_1836_HARP14448_NOAA14381,2026-03-08 18:36:00+00:00,14448,14381,block_download_or_coverage,2026_HARP14448_20260307_2148_20260308_2012,RuntimeError('Downloaded 193 Å segment does not cover all target timestamps within 180 seconds.'),2026,E00369,True,,,False
20260308_2012_HARP14448_NOAA14381,2026-03-08 20:12:00+00:00,14448,14381,block_download_or_coverage,2026_HARP14448_20260307_2148_20260308_2012,RuntimeError('Downloaded 193 Å segment does not cover all target timestamps within 180 seconds.'),2026,E00369,True,,,False
20260306_2100_HARP14465_NOAA14385,2026-03-06 21:00:00+00:00,14465,14385,block_download_or_coverage,2026_HARP14465_20260306_2100_20260307_1924,RuntimeError('Downloaded 94 Å segment does not cover all target timestamps within 180 seconds.'),2026,E00370,True,,,False
20260306_2236_HARP14465_NOAA14385,2026-03-06 22:36:00+00:00,14465,14385,block_download_or_coverage,2026_HARP14465_20260306_2100_20260307_1924,RuntimeError('Downloaded 94 Å segment does not cover all target timestamps within 180 seconds.'),2026,E00370,True,,,False
20260307_0012_HARP14465_NOAA14385,2026-03-07 00:12:00+00:00,14465,14385,block_download_or_coverage,2026_HARP14465_20260306_2100_20260307_1924,RuntimeError('Downloaded 94 Å segment does not cover all target timestamps within 180 seconds.'),2026,E00370,True,,,False
20260307_0148_HARP14465_NOAA14385,2026-03-07 01:48:00+00:00,14465,14385,block_download_or_coverage,2026_HARP14465_20260306_2100_20260307_1924,RuntimeError('Downloaded 94 Å segment does not cover all target timestamps within 180 seconds.'),2026,E00370,True,,,False
20260307_0324_HARP14465_NOAA14385,2026-03-07 03:24:00+00:00,14465,14385,block_download_or_coverage,2026_HARP14465_20260306_2100_20260307_1924,RuntimeError('Downloaded 94 Å segment does not cover all target timestamps within 180 seconds.'),2026,E00370,True,,,False
20260307_0500_HARP14465_NOAA14385,2026-03-07 05:00:00+00:00,14465,14385,block_download_or_coverage,2026_HARP14465_20260306_2100_20260307_1924,RuntimeError('Downloaded 94 Å segment does not cover all target timestamps within 180 seconds.'),2026,E00370,True,,,False
20260307_0636_HARP14465_NOAA14385,2026-03-07 06:36:00+00:00,14465,14385,block_download_or_coverage,2026_HARP14465_20260306_2100_20260307_1924,RuntimeError('Downloaded 94 Å segment does not cover all target timestamps within 180 seconds.'),2026,E00370,True,,,False
20260307_0812_HARP14465_NOAA14385,2026-03-07 08:12:00+00:00,14465,14385,block_download_or_coverage,2026_HARP14465_20260306_2100_20260307_1924,RuntimeError('Downloaded 94 Å segment does not cover all target timestamps within 180 seconds.'),2026,E00370,True,,,False
20260307_0948_HARP14465_NOAA14385,2026-03-07 09:48:00+00:00,14465,14385,block_download_or_coverage,2026_HARP14465_20260306_2100_20260307_1924,RuntimeError('Downloaded 94 Å segment does not cover all target timestamps within 180 seconds.'),2026,E00370,True,,,False
20260307_1124_HARP14465_NOAA14385,2026-03-07 11:24:00+00:00,14465,14385,block_download_or_coverage,2026_HARP14465_20260306_2100_20260307_1924,RuntimeError('Downloaded 94 Å segment does not cover all target timestamps within 180 seconds.'),2026,E00370,True,,,False
20260307_1300_HARP14465_NOAA14385,2026-03-07 13:00:00+00:00,14465,14385,block_download_or_coverage,2026_HARP14465_20260306_2100_20260307_1924,RuntimeError('Downloaded 94 Å segment does not cover all target timestamps within 180 seconds.'),2026,E00370,True,,,False
20260307_1436_HARP14465_NOAA14385,2026-03-07 14:36:00+00:00,14465,14385,block_download_or_coverage,2026_HARP14465_20260306_2100_20260307_1924,RuntimeError('Downloaded 94 Å segment does not cover all target timestamps within 180 seconds.'),2026,E00370,True,,,False
20260307_1612_HARP14465_NOAA14385,2026-03-07 16:12:00+00:00,14465,14385,block_download_or_coverage,2026_HARP14465_20260306_2100_20260307_1924,RuntimeError('Downloaded 94 Å segment does not cover all target timestamps within 180 seconds.'),2026,E00370,True,,,False
20260307_1748_HARP14465_NOAA14385,2026-03-07 17:48:00+00:00,14465,14385,block_download_or_coverage,2026_HARP14465_20260306_2100_20260307_1924,RuntimeError('Downloaded 94 Å segment does not cover all target timestamps within 180 seconds.'),2026,E00370,True,,,False
20260307_1924_HARP14465_NOAA14385,2026-03-07 19:24:00+00:00,14465,14385,block_download_or_coverage,2026_HARP14465_20260306_2100_20260307_1924,RuntimeError('Downloaded 94 Å segment does not cover all target timestamps within 180 seconds.'),2026,E00370,True,,,False
20260307_2100_HARP14465_NOAA14385,2026-03-07 21:00:00+00:00,14465,14385,block_download_or_coverage,2026_HARP14465_20260307_2100_20260308_1924,RuntimeError('Downloaded 193 Å segment does not cover all target timestamps within 180 seconds.'),2026,E00370,True,,,False
20260307_2236_HARP14465_NOAA14385,2026-03-07 22:36:00+00:00,14465,14385,block_download_or_coverage,2026_HARP14465_20260307_2100_20260308_1924,RuntimeError('Downloaded 193 Å segment does not cover all target timestamps within 180 seconds.'),2026,E00370,True,,,False
20260308_0012_HARP14465_NOAA14385,2026-03-08 00:12:00+00:00,14465,14385,block_download_or_coverage,2026_HARP14465_20260307_2100_20260308_1924,RuntimeError('Downloaded 193 Å segment does not cover all target timestamps within 180 seconds.'),2026,E00370,True,,,False
20260308_0148_HARP14465_NOAA14385,2026-03-08 01:48:00+00:00,14465,14385,block_download_or_coverage,2026_HARP14465_20260307_2100_20260308_1924,RuntimeError('Downloaded 193 Å segment does not cover all target timestamps within 180 seconds.'),2026,E00370,True,,,False
20260308_0324_HARP14465_NOAA14385,2026-03-08 03:24:00+00:00,14465,14385,block_download_or_coverage,2026_HARP14465_20260307_2100_20260308_1924,RuntimeError('Downloaded 193 Å segment does not cover all target timestamps within 180 seconds.'),2026,E00370,True,,,False
20260308_0500_HARP14465_NOAA14385,2026-03-08 05:00:00+00:00,14465,14385,block_download_or_coverage,2026_HARP14465_20260307_2100_20260308_1924,RuntimeError('Downloaded 193 Å segment does not cover all target timestamps within 180 seconds.'),2026,E00370,True,,,False
20260308_0636_HARP14465_NOAA14385,2026-03-08 06:36:00+00:00,14465,14385,block_download_or_coverage,2026_HARP14465_20260307_2100_20260308_1924,RuntimeError('Downloaded 193 Å segment does not cover all target timestamps within 180 seconds.'),2026,E00370,True,,,False
20260308_0812_HARP14465_NOAA14385,2026-03-08 08:12:00+00:00,14465,14385,block_download_or_coverage,2026_HARP14465_20260307_2100_20260308_1924,RuntimeError('Downloaded 193 Å segment does not cover all target timestamps within 180 seconds.'),2026,E00370,True,,,False
20260308_0948_HARP14465_NOAA14385,2026-03-08 09:48:00+00:00,14465,14385,block_download_or_coverage,2026_HARP14465_20260307_2100_20260308_1924,RuntimeError('Downloaded 193 Å segment does not cover all target timestamps within 180 seconds.'),2026,E00370,True,,,False
20260308_1124_HARP14465_NOAA14385,2026-03-08 11:24:00+00:00,14465,14385,block_download_or_coverage,2026_HARP14465_20260307_2100_20260308_1924,RuntimeError('Downloaded 193 Å segment does not cover all target timestamps within 180 seconds.'),2026,E00370,True,,,False
20260308_1300_HARP14465_NOAA14385,2026-03-08 13:00:00+00:00,14465,14385,block_download_or_coverage,2026_HARP14465_20260307_2100_20260308_1924,RuntimeError('Downloaded 193 Å segment does not cover all target timestamps within 180 seconds.'),2026,E00370,True,,,False
20260308_1436_HARP14465_NOAA14385,2026-03-08 14:36:00+00:00,14465,14385,block_download_or_coverage,2026_HARP14465_20260307_2100_20260308_1924,RuntimeError('Downloaded 193 Å segment does not cover all target timestamps within 180 seconds.'),2026,E00370,True,,,False
20260308_1612_HARP14465_NOAA14385,2026-03-08 16:12:00+00:00,14465,14385,block_download_or_coverage,2026_HARP14465_20260307_2100_20260308_1924,RuntimeError('Downloaded 193 Å segment does not cover all target timestamps within 180 seconds.'),2026,E00370,True,,,False
20260308_1748_HARP14465_NOAA14385,2026-03-08 17:48:00+00:00,14465,14385,block_download_or_coverage,2026_HARP14465_20260307_2100_20260308_1924,RuntimeError('Downloaded 193 Å segment does not cover all target timestamps within 180 seconds.'),2026,E00370,True,,,False
20260308_1924_HARP14465_NOAA14385,2026-03-08 19:24:00+00:00,14465,14385,block_download_or_coverage,2026_HARP14465_20260307_2100_20260308_1924,RuntimeError('Downloaded 193 Å segment does not cover all target timestamps within 180 seconds.'),2026,E00370,True,,,False
20260306_2124_HARP14471_NOAA14388,2026-03-06 21:24:00+00:00,14471,14388,block_download_or_coverage,2026_HARP14471_20260306_2124_20260307_1948,RuntimeError('Downloaded 94 Å segment does not cover all target timestamps within 180 seconds.'),2026,E00371,True,,,False
20260306_2300_HARP14471_NOAA14388,2026-03-06 23:00:00+00:00,14471,14388,block_download_or_coverage,2026_HARP14471_20260306_2124_20260307_1948,RuntimeError('Downloaded 94 Å segment does not cover all target timestamps within 180 seconds.'),2026,E00371,True,,,False
20260307_0036_HARP14471_NOAA14388,2026-03-07 00:36:00+00:00,14471,14388,block_download_or_coverage,2026_HARP14471_20260306_2124_20260307_1948,RuntimeError('Downloaded 94 Å segment does not cover all target timestamps within 180 seconds.'),2026,E00371,True,,,False
20260307_0212_HARP14471_NOAA14388,2026-03-07 02:12:00+00:00,14471,14388,block_download_or_coverage,2026_HARP14471_20260306_2124_20260307_1948,RuntimeError('Downloaded 94 Å segment does not cover all target timestamps within 180 seconds.'),2026,E00371,True,,,False
20260307_0348_HARP14471_NOAA14388,2026-03-07 03:48:00+00:00,14471,14388,block_download_or_coverage,2026_HARP14471_20260306_2124_20260307_1948,RuntimeError('Downloaded 94 Å segment does not cover all target timestamps within 180 seconds.'),2026,E00371,True,,,False
20260307_0524_HARP14471_NOAA14388,2026-03-07 05:24:00+00:00,14471,14388,block_download_or_coverage,2026_HARP14471_20260306_2124_20260307_1948,RuntimeError('Downloaded 94 Å segment does not cover all target timestamps within 180 seconds.'),2026,E00371,True,,,False
20260307_0700_HARP14471_NOAA14388,2026-03-07 07:00:00+00:00,14471,14388,block_download_or_coverage,2026_HARP14471_20260306_2124_20260307_1948,RuntimeError('Downloaded 94 Å segment does not cover all target timestamps within 180 seconds.'),2026,E00371,True,,,False
20260307_0836_HARP14471_NOAA14388,2026-03-07 08:36:00+00:00,14471,14388,block_download_or_coverage,2026_HARP14471_20260306_2124_20260307_1948,RuntimeError('Downloaded 94 Å segment does not cover all target timestamps within 180 seconds.'),2026,E00371,True,,,False
20260307_1012_HARP14471_NOAA14388,2026-03-07 10:12:00+00:00,14471,14388,block_download_or_coverage,2026_HARP14471_20260306_2124_20260307_1948,RuntimeError('Downloaded 94 Å segment does not cover all target timestamps within 180 seconds.'),2026,E00371,True,,,False
20260307_1148_HARP14471_NOAA14388,2026-03-07 11:48:00+00:00,14471,14388,block_download_or_coverage,2026_HARP14471_20260306_2124_20260307_1948,RuntimeError('Downloaded 94 Å segment does not cover all target timestamps within 180 seconds.'),2026,E00371,True,,,False
20260307_1324_HARP14471_NOAA14388,2026-03-07 13:24:00+00:00,14471,14388,block_download_or_coverage,2026_HARP14471_20260306_2124_20260307_1948,RuntimeError('Downloaded 94 Å segment does not cover all target timestamps within 180 seconds.'),2026,E00371,True,,,False
20260307_1500_HARP14471_NOAA14388,2026-03-07 15:00:00+00:00,14471,14388,block_download_or_coverage,2026_HARP14471_20260306_2124_20260307_1948,RuntimeError('Downloaded 94 Å segment does not cover all target timestamps within 180 seconds.'),2026,E00371,True,,,False
20260307_1636_HARP14471_NOAA14388,2026-03-07 16:36:00+00:00,14471,14388,block_download_or_coverage,2026_HARP14471_20260306_2124_20260307_1948,RuntimeError('Downloaded 94 Å segment does not cover all target timestamps within 180 seconds.'),2026,E00371,True,,,False
20260307_1812_HARP14471_NOAA14388,2026-03-07 18:12:00+00:00,14471,14388,block_download_or_coverage,2026_HARP14471_20260306_2124_20260307_1948,RuntimeError('Downloaded 94 Å segment does not cover all target timestamps within 180 seconds.'),2026,E00371,True,,,False
20260307_1948_HARP14471_NOAA14388,2026-03-07 19:48:00+00:00,14471,14388,block_download_or_coverage,2026_HARP14471_20260306_2124_20260307_1948,RuntimeError('Downloaded 94 Å segment does not cover all target timestamps within 180 seconds.'),2026,E00371,True,,,False
20260307_2124_HARP14471_NOAA14388,2026-03-07 21:24:00+00:00,14471,14388,block_download_or_coverage,2026_HARP14471_20260307_2124_20260308_1948,RuntimeError('Downloaded 193 Å segment does not cover all target timestamps within 180 seconds.'),2026,E00371,True,,,False
20260307_2300_HARP14471_NOAA14388,2026-03-07 23:00:00+00:00,14471,14388,block_download_or_coverage,2026_HARP14471_20260307_2124_20260308_1948,RuntimeError('Downloaded 193 Å segment does not cover all target timestamps within 180 seconds.'),2026,E00371,True,,,False
20260308_0036_HARP14471_NOAA14388,2026-03-08 00:36:00+00:00,14471,14388,block_download_or_coverage,2026_HARP14471_20260307_2124_20260308_1948,RuntimeError('Downloaded 193 Å segment does not cover all target timestamps within 180 seconds.'),2026,E00371,True,,,False
20260308_0212_HARP14471_NOAA14388,2026-03-08 02:12:00+00:00,14471,14388,block_download_or_coverage,2026_HARP14471_20260307_2124_20260308_1948,RuntimeError('Downloaded 193 Å segment does not cover all target timestamps within 180 seconds.'),2026,E00371,True,,,False
20260308_0348_HARP14471_NOAA14388,2026-03-08 03:48:00+00:00,14471,14388,block_download_or_coverage,2026_HARP14471_20260307_2124_20260308_1948,RuntimeError('Downloaded 193 Å segment does not cover all target timestamps within 180 seconds.'),2026,E00371,True,,,False
20260308_0524_HARP14471_NOAA14388,2026-03-08 05:24:00+00:00,14471,14388,block_download_or_coverage,2026_HARP14471_20260307_2124_20260308_1948,RuntimeError('Downloaded 193 Å segment does not cover all target timestamps within 180 seconds.'),2026,E00371,True,,,False
20260308_0700_HARP14471_NOAA14388,2026-03-08 07:00:00+00:00,14471,14388,block_download_or_coverage,2026_HARP14471_20260307_2124_20260308_1948,RuntimeError('Downloaded 193 Å segment does not cover all target timestamps within 180 seconds.'),2026,E00371,True,,,False
20260308_0836_HARP14471_NOAA14388,2026-03-08 08:36:00+00:00,14471,14388,block_download_or_coverage,2026_HARP14471_20260307_2124_20260308_1948,RuntimeError('Downloaded 193 Å segment does not cover all target timestamps within 180 seconds.'),2026,E00371,True,,,False
20260308_1012_HARP14471_NOAA14388,2026-03-08 10:12:00+00:00,14471,14388,block_download_or_coverage,2026_HARP14471_20260307_2124_20260308_1948,RuntimeError('Downloaded 193 Å segment does not cover all target timestamps within 180 seconds.'),2026,E00371,True,,,False
20260308_1148_HARP14471_NOAA14388,2026-03-08 11:48:00+00:00,14471,14388,block_download_or_coverage,2026_HARP14471_20260307_2124_20260308_1948,RuntimeError('Downloaded 193 Å segment does not cover all target timestamps within 180 seconds.'),2026,E00371,True,,,False
20260308_1324_HARP14471_NOAA14388,2026-03-08 13:24:00+00:00,14471,14388,block_download_or_coverage,2026_HARP14471_20260307_2124_20260308_1948,RuntimeError('Downloaded 193 Å segment does not cover all target timestamps within 180 seconds.'),2026,E00371,True,,,False
20260308_1500_HARP14471_NOAA14388,2026-03-08 15:00:00+00:00,14471,14388,block_download_or_coverage,2026_HARP14471_20260307_2124_20260308_1948,RuntimeError('Downloaded 193 Å segment does not cover all target timestamps within 180 seconds.'),2026,E00371,True,,,False
20260308_1636_HARP14471_NOAA14388,2026-03-08 16:36:00+00:00,14471,14388,block_download_or_coverage,2026_HARP14471_20260307_2124_20260308_1948,RuntimeError('Downloaded 193 Å segment does not cover all target timestamps within 180 seconds.'),2026,E00371,True,,,False
20260308_1812_HARP14471_NOAA14388,2026-03-08 18:12:00+00:00,14471,14388,block_download_or_coverage,2026_HARP14471_20260307_2124_20260308_1948,RuntimeError('Downloaded 193 Å segment does not cover all target timestamps within 180 seconds.'),2026,E00371,True,,,False
20260308_1948_HARP14471_NOAA14388,2026-03-08 19:48:00+00:00,14471,14388,block_download_or_coverage,2026_HARP14471_20260307_2124_20260308_1948,RuntimeError('Downloaded 193 Å segment does not cover all target timestamps within 180 seconds.'),2026,E00371,True,,,False
20260316_2036_HARP14498_NOAA14395,2026-03-16 20:36:00+00:00,14498,14395,block_download_or_coverage,2026_HARP14498_20260316_2036_20260317_1724,RuntimeError('Downloaded 94 Å segment does not cover all target timestamps within 180 seconds.'),2026,E00372,True,,,False
20260316_2212_HARP14498_NOAA14395,2026-03-16 22:12:00+00:00,14498,14395,block_download_or_coverage,2026_HARP14498_20260316_2036_20260317_1724,RuntimeError('Downloaded 94 Å segment does not cover all target timestamps within 180 seconds.'),2026,E00372,True,,,False
20260316_2348_HARP14498_NOAA14395,2026-03-16 23:48:00+00:00,14498,14395,block_download_or_coverage,2026_HARP14498_20260316_2036_20260317_1724,RuntimeError('Downloaded 94 Å segment does not cover all target timestamps within 180 seconds.'),2026,E00372,True,,,False
20260317_0124_HARP14498_NOAA14395,2026-03-17 01:24:00+00:00,14498,14395,block_download_or_coverage,2026_HARP14498_20260316_2036_20260317_1724,RuntimeError('Downloaded 94 Å segment does not cover all target timestamps within 180 seconds.'),2026,E00372,True,,,False
20260317_0300_HARP14498_NOAA14395,2026-03-17 03:00:00+00:00,14498,14395,block_download_or_coverage,2026_HARP14498_20260316_2036_20260317_1724,RuntimeError('Downloaded 94 Å segment does not cover all target timestamps within 180 seconds.'),2026,E00372,True,,,False
20260317_0436_HARP14498_NOAA14395,2026-03-17 04:36:00+00:00,14498,14395,block_download_or_coverage,2026_HARP14498_20260316_2036_20260317_1724,RuntimeError('Downloaded 94 Å segment does not cover all target timestamps within 180 seconds.'),2026,E00372,True,,,False
20260317_0612_HARP14498_NOAA14395,2026-03-17 06:12:00+00:00,14498,14395,block_download_or_coverage,2026_HARP14498_20260316_2036_20260317_1724,RuntimeError('Downloaded 94 Å segment does not cover all target timestamps within 180 seconds.'),2026,E00372,True,,,False
20260317_0748_HARP14498_NOAA14395,2026-03-17 07:48:00+00:00,14498,14395,block_download_or_coverage,2026_HARP14498_20260316_2036_20260317_1724,RuntimeError('Downloaded 94 Å segment does not cover all target timestamps within 180 seconds.'),2026,E00372,True,,,False
20260317_0924_HARP14498_NOAA14395,2026-03-17 09:24:00+00:00,14498,14395,block_download_or_coverage,2026_HARP14498_20260316_2036_20260317_1724,RuntimeError('Downloaded 94 Å segment does not cover all target timestamps within 180 seconds.'),2026,E00372,True,,,False
20260317_1100_HARP14498_NOAA14395,2026-03-17 11:00:00+00:00,14498,14395,block_download_or_coverage,2026_HARP14498_20260316_2036_20260317_1724,RuntimeError('Downloaded 94 Å segment does not cover all target timestamps within 180 seconds.'),2026,E00372,True,,,False
20260317_1236_HARP14498_NOAA14395,2026-03-17 12:36:00+00:00,14498,14395,block_download_or_coverage,2026_HARP14498_20260316_2036_20260317_1724,RuntimeError('Downloaded 94 Å segment does not cover all target timestamps within 180 seconds.'),2026,E00372,True,,,False
20260317_1412_HARP14498_NOAA14395,2026-03-17 14:12:00+00:00,14498,14395,block_download_or_coverage,2026_HARP14498_20260316_2036_20260317_1724,RuntimeError('Downloaded 94 Å segment does not cover all target timestamps within 180 seconds.'),2026,E00372,True,,,False
20260317_1548_HARP14498_NOAA14395,2026-03-17 15:48:00+00:00,14498,14395,block_download_or_coverage,2026_HARP14498_20260316_2036_20260317_1724,RuntimeError('Downloaded 94 Å segment does not cover all target timestamps within 180 seconds.'),2026,E00372,True,,,False
20260317_1724_HARP14498_NOAA14395,2026-03-17 17:24:00+00:00,14498,14395,block_download_or_coverage,2026_HARP14498_20260316_2036_20260317_1724,RuntimeError('Downloaded 94 Å segment does not cover all target timestamps within 180 seconds.'),2026,E00372,True,,,False
20260321_2148_HARP14506_NOAA14397,2026-03-21 21:48:00+00:00,14506,14397,block_download_or_coverage,2026_HARP14506_20260321_2148_20260322_2012,RuntimeError('Downloaded 211 Å segment does not cover all target timestamps within 180 seconds.'),2026,E00373,True,,,False
20260321_2324_HARP14506_NOAA14397,2026-03-21 23:24:00+00:00,14506,14397,block_download_or_coverage,2026_HARP14506_20260321_2148_20260322_2012,RuntimeError('Downloaded 211 Å segment does not cover all target timestamps within 180 seconds.'),2026,E00373,True,,,False
20260322_0100_HARP14506_NOAA14397,2026-03-22 01:00:00+00:00,14506,14397,block_download_or_coverage,2026_HARP14506_20260321_2148_20260322_2012,RuntimeError('Downloaded 211 Å segment does not cover all target timestamps within 180 seconds.'),2026,E00373,True,,,False
20260322_0236_HARP14506_NOAA14397,2026-03-22 02:36:00+00:00,14506,14397,block_download_or_coverage,2026_HARP14506_20260321_2148_20260322_2012,RuntimeError('Downloaded 211 Å segment does not cover all target timestamps within 180 seconds.'),2026,E00373,True,,,False
20260322_0412_HARP14506_NOAA14397,2026-03-22 04:12:00+00:00,14506,14397,block_download_or_coverage,2026_HARP14506_20260321_2148_20260322_2012,RuntimeError('Downloaded 211 Å segment does not cover all target timestamps within 180 seconds.'),2026,E00373,True,,,False
20260322_0548_HARP14506_NOAA14397,2026-03-22 05:48:00+00:00,14506,14397,block_download_or_coverage,2026_HARP14506_20260321_2148_20260322_2012,RuntimeError('Downloaded 211 Å segment does not cover all target timestamps within 180 seconds.'),2026,E00373,True,,,False
20260322_0724_HARP14506_NOAA14397,2026-03-22 07:24:00+00:00,14506,14397,block_download_or_coverage,2026_HARP14506_20260321_2148_20260322_2012,RuntimeError('Downloaded 211 Å segment does not cover all target timestamps within 180 seconds.'),2026,E00373,True,,,False
20260322_0900_HARP14506_NOAA14397,2026-03-22 09:00:00+00:00,14506,14397,block_download_or_coverage,2026_HARP14506_20260321_2148_20260322_2012,RuntimeError('Downloaded 211 Å segment does not cover all target timestamps within 180 seconds.'),2026,E00373,True,,,False
20260322_1036_HARP14506_NOAA14397,2026-03-22 10:36:00+00:00,14506,14397,block_download_or_coverage,2026_HARP14506_20260321_2148_20260322_2012,RuntimeError('Downloaded 211 Å segment does not cover all target timestamps within 180 seconds.'),2026,E00373,True,,,False
20260322_1212_HARP14506_NOAA14397,2026-03-22 12:12:00+00:00,14506,14397,block_download_or_coverage,2026_HARP14506_20260321_2148_20260322_2012,RuntimeError('Downloaded 211 Å segment does not cover all target timestamps within 180 seconds.'),2026,E00373,True,,,False
20260322_1348_HARP14506_NOAA14397,2026-03-22 13:48:00+00:00,14506,14397,block_download_or_coverage,2026_HARP14506_20260321_2148_20260322_2012,RuntimeError('Downloaded 211 Å segment does not cover all target timestamps within 180 seconds.'),2026,E00373,True,,,False
20260322_1524_HARP14506_NOAA14397,2026-03-22 15:24:00+00:00,14506,14397,block_download_or_coverage,2026_HARP14506_20260321_2148_20260322_2012,RuntimeError('Downloaded 211 Å segment does not cover all target timestamps within 180 seconds.'),2026,E00373,True,,,False
20260322_1700_HARP14506_NOAA14397,2026-03-22 17:00:00+00:00,14506,14397,block_download_or_coverage,2026_HARP14506_20260321_2148_20260322_2012,RuntimeError('Downloaded 211 Å segment does not cover all target timestamps within 180 seconds.'),2026,E00373,True,,,False
20260322_1836_HARP14506_NOAA14397,2026-03-22 18:36:00+00:00,14506,14397,block_download_or_coverage,2026_HARP14506_20260321_2148_20260322_2012,RuntimeError('Downloaded 211 Å segment does not cover all target timestamps within 180 seconds.'),2026,E00373,True,,,False
20260322_2012_HARP14506_NOAA14397,2026-03-22 20:12:00+00:00,14506,14397,block_download_or_coverage,2026_HARP14506_20260321_2148_20260322_2012,RuntimeError('Downloaded 211 Å segment does not cover all target timestamps within 180 seconds.'),2026,E00373,True,,,False
20260322_0100_HARP14507_NOAA14398,2026-03-22 01:00:00+00:00,14507,14398,block_download_or_coverage,2026_HARP14507_20260322_0100_20260322_2324,RuntimeError('Downloaded 211 Å segment does not cover all target timestamps within 180 seconds.'),2026,E00374,True,61215.0,True,True
20260322_0236_HARP14507_NOAA14398,2026-03-22 02:36:00+00:00,14507,14398,block_download_or_coverage,2026_HARP14507_20260322_0100_20260322_2324,RuntimeError('Downloaded 211 Å segment does not cover all target timestamps within 180 seconds.'),2026,E00374,True,,,False
20260322_0412_HARP14507_NOAA14398,2026-03-22 04:12:00+00:00,14507,14398,block_download_or_coverage,2026_HARP14507_20260322_0100_20260322_2324,RuntimeError('Downloaded 211 Å segment does not cover all target timestamps within 180 seconds.'),2026,E00374,True,,,False
20260322_0548_HARP14507_NOAA14398,2026-03-22 05:48:00+00:00,14507,14398,block_download_or_coverage,2026_HARP14507_20260322_0100_20260322_2324,RuntimeError('Downloaded 211 Å segment does not cover all target timestamps within 180 seconds.'),2026,E00374,True,,,False
20260322_0724_HARP14507_NOAA14398,2026-03-22 07:24:00+00:00,14507,14398,block_download_or_coverage,2026_HARP14507_20260322_0100_20260322_2324,RuntimeError('Downloaded 211 Å segment does not cover all target timestamps within 180 seconds.'),2026,E00374,True,,,False
20260322_0900_HARP14507_NOAA14398,2026-03-22 09:00:00+00:00,14507,14398,block_download_or_coverage,2026_HARP14507_20260322_0100_20260322_2324,RuntimeError('Downloaded 211 Å segment does not cover all target timestamps within 180 seconds.'),2026,E00374,True,,,False
20260322_1036_HARP14507_NOAA14398,2026-03-22 10:36:00+00:00,14507,14398,block_download_or_coverage,2026_HARP14507_20260322_0100_20260322_2324,RuntimeError('Downloaded 211 Å segment does not cover all target timestamps within 180 seconds.'),2026,E00374,True,,,False
20260322_1212_HARP14507_NOAA14398,2026-03-22 12:12:00+00:00,14507,14398,block_download_or_coverage,2026_HARP14507_20260322_0100_20260322_2324,RuntimeError('Downloaded 211 Å segment does not cover all target timestamps within 180 seconds.'),2026,E00374,True,,,False
20260322_1348_HARP14507_NOAA14398,2026-03-22 13:48:00+00:00,14507,14398,block_download_or_coverage,2026_HARP14507_20260322_0100_20260322_2324,RuntimeError('Downloaded 211 Å segment does not cover all target timestamps within 180 seconds.'),2026,E00374,True,,,False
20260322_1524_HARP14507_NOAA14398,2026-03-22 15:24:00+00:00,14507,14398,block_download_or_coverage,2026_HARP14507_20260322_0100_20260322_2324,RuntimeError('Downloaded 211 Å segment does not cover all target timestamps within 180 seconds.'),2026,E00374,True,,,False
20260322_1700_HARP14507_NOAA14398,2026-03-22 17:00:00+00:00,14507,14398,block_download_or_coverage,2026_HARP14507_20260322_0100_20260322_2324,RuntimeError('Downloaded 211 Å segment does not cover all target timestamps within 180 seconds.'),2026,E00374,True,,,False
20260322_1836_HARP14507_NOAA14398,2026-03-22 18:36:00+00:00,14507,14398,block_download_or_coverage,2026_HARP14507_20260322_0100_20260322_2324,RuntimeError('Downloaded 211 Å segment does not cover all target timestamps within 180 seconds.'),2026,E00374,True,,,False
20260322_2012_HARP14507_NOAA14398,2026-03-22 20:12:00+00:00,14507,14398,block_download_or_coverage,2026_HARP14507_20260322_0100_20260322_2324,RuntimeError('Downloaded 211 Å segment does not cover all target timestamps within 180 seconds.'),2026,E00374,True,,,False
20260322_2148_HARP14507_NOAA14398,2026-03-22 21:48:00+00:00,14507,14398,block_download_or_coverage,2026_HARP14507_20260322_0100_20260322_2324,RuntimeError('Downloaded 211 Å segment does not cover all target timestamps within 180 seconds.'),2026,E00374,True,,,False
20260322_2324_HARP14507_NOAA14398,2026-03-22 23:24:00+00:00,14507,14398,block_download_or_coverage,2026_HARP14507_20260322_0100_20260322_2324,RuntimeError('Downloaded 211 Å segment does not cover all target timestamps within 180 seconds.'),2026,E00374,True,,,False
20260324_0712_HARP14513_NOAA14398,2026-03-24 07:12:00+00:00,14513,14398,block_download_or_coverage,2026_HARP14513_20260324_0712_20260325_0548,RuntimeError('Downloaded 94 Å segment does not cover all target timestamps within 180 seconds.'),2026,E00375,True,,,False
20260324_0848_HARP14513_NOAA14398,2026-03-24 08:48:00+00:00,14513,14398,block_download_or_coverage,2026_HARP14513_20260324_0712_20260325_0548,RuntimeError('Downloaded 94 Å segment does not cover all target timestamps within 180 seconds.'),2026,E00375,True,,,False
20260324_1024_HARP14513_NOAA14398,2026-03-24 10:24:00+00:00,14513,14398,block_download_or_coverage,2026_HARP14513_20260324_0712_20260325_0548,RuntimeError('Downloaded 94 Å segment does not cover all target timestamps within 180 seconds.'),2026,E00375,True,,,False
20260324_1200_HARP14513_NOAA14398,2026-03-24 12:00:00+00:00,14513,14398,block_download_or_coverage,2026_HARP14513_20260324_0712_20260325_0548,RuntimeError('Downloaded 94 Å segment does not cover all target timestamps within 180 seconds.'),2026,E00375,True,,,False
20260324_1336_HARP14513_NOAA14398,2026-03-24 13:36:00+00:00,14513,14398,block_download_or_coverage,2026_HARP14513_20260324_0712_20260325_0548,RuntimeError('Downloaded 94 Å segment does not cover all target timestamps within 180 seconds.'),2026,E00375,True,,,False
20260324_1512_HARP14513_NOAA14398,2026-03-24 15:12:00+00:00,14513,14398,block_download_or_coverage,2026_HARP14513_20260324_0712_20260325_0548,RuntimeError('Downloaded 94 Å segment does not cover all target timestamps within 180 seconds.'),2026,E00375,True,,,False
20260324_1648_HARP14513_NOAA14398,2026-03-24 16:48:00+00:00,14513,14398,block_download_or_coverage,2026_HARP14513_20260324_0712_20260325_0548,RuntimeError('Downloaded 94 Å segment does not cover all target timestamps within 180 seconds.'),2026,E00375,True,,,False
20260324_1836_HARP14513_NOAA14398,2026-03-24 18:36:00+00:00,14513,14398,block_download_or_coverage,2026_HARP14513_20260324_0712_20260325_0548,RuntimeError('Downloaded 94 Å segment does not cover all target timestamps within 180 seconds.'),2026,E00375,True,,,False
20260324_2012_HARP14513_NOAA14398,2026-03-24 20:12:00+00:00,14513,14398,block_download_or_coverage,2026_HARP14513_20260324_0712_20260325_0548,RuntimeError('Downloaded 94 Å segment does not cover all target timestamps within 180 seconds.'),2026,E00375,True,,,False
20260324_2148_HARP14513_NOAA14398,2026-03-24 21:48:00+00:00,14513,14398,block_download_or_coverage,2026_HARP14513_20260324_0712_20260325_0548,RuntimeError('Downloaded 94 Å segment does not cover all target timestamps within 180 seconds.'),2026,E00375,True,,,False
20260324_2324_HARP14513_NOAA14398,2026-03-24 23:24:00+00:00,14513,14398,block_download_or_coverage,2026_HARP14513_20260324_0712_20260325_0548,RuntimeError('Downloaded 94 Å segment does not cover all target timestamps within 180 seconds.'),2026,E00375,True,,,False
20260325_0100_HARP14513_NOAA14398,2026-03-25 01:00:00+00:00,14513,14398,block_download_or_coverage,2026_HARP14513_20260324_0712_20260325_0548,RuntimeError('Downloaded 94 Å segment does not cover all target timestamps within 180 seconds.'),2026,E00375,True,,,False
20260325_0236_HARP14513_NOAA14398,2026-03-25 02:36:00+00:00,14513,14398,block_download_or_coverage,2026_HARP14513_20260324_0712_20260325_0548,RuntimeError('Downloaded 94 Å segment does not cover all target timestamps within 180 seconds.'),2026,E00375,True,,,False
20260325_0412_HARP14513_NOAA14398,2026-03-25 04:12:00+00:00,14513,14398,block_download_or_coverage,2026_HARP14513_20260324_0712_20260325_0548,RuntimeError('Downloaded 94 Å segment does not cover all target timestamps within 180 seconds.'),2026,E00375,True,,,False
20260325_0548_HARP14513_NOAA14398,2026-03-25 05:48:00+00:00,14513,14398,block_download_or_coverage,2026_HARP14513_20260324_0712_20260325_0548,RuntimeError('Downloaded 94 Å segment does not cover all target timestamps within 180 seconds.'),2026,E00375,True,,,False
20260326_0736_HARP14519_NOAA14399,2026-03-26 07:36:00+00:00,14519,14399,block_download_or_coverage,2026_HARP14519_20260326_0736_20260327_0424,FileNotFoundError('No FITS files downloaded for 94 Å segment.'),2026,E00376,True,,,False
20260326_0912_HARP14519_NOAA14399,2026-03-26 09:12:00+00:00,14519,14399,block_download_or_coverage,2026_HARP14519_20260326_0736_20260327_0424,FileNotFoundError('No FITS files downloaded for 94 Å segment.'),2026,E00376,True,,,False
20260326_1048_HARP14519_NOAA14399,2026-03-26 10:48:00+00:00,14519,14399,block_download_or_coverage,2026_HARP14519_20260326_0736_20260327_0424,FileNotFoundError('No FITS files downloaded for 94 Å segment.'),2026,E00376,True,,,False
20260326_1224_HARP14519_NOAA14399,2026-03-26 12:24:00+00:00,14519,14399,block_download_or_coverage,2026_HARP14519_20260326_0736_20260327_0424,FileNotFoundError('No FITS files downloaded for 94 Å segment.'),2026,E00376,True,,,False
20260326_1400_HARP14519_NOAA14399,2026-03-26 14:00:00+00:00,14519,14399,block_download_or_coverage,2026_HARP14519_20260326_0736_20260327_0424,FileNotFoundError('No FITS files downloaded for 94 Å segment.'),2026,E00376,True,,,False
20260326_1536_HARP14519_NOAA14399,2026-03-26 15:36:00+00:00,14519,14399,block_download_or_coverage,2026_HARP14519_20260326_0736_20260327_0424,FileNotFoundError('No FITS files downloaded for 94 Å segment.'),2026,E00376,True,,,False
20260326_1712_HARP14519_NOAA14399,2026-03-26 17:12:00+00:00,14519,14399,block_download_or_coverage,2026_HARP14519_20260326_0736_20260327_0424,FileNotFoundError('No FITS files downloaded for 94 Å segment.'),2026,E00376,True,,,False
20260326_1848_HARP14519_NOAA14399,2026-03-26 18:48:00+00:00,14519,14399,block_download_or_coverage,2026_HARP14519_20260326_0736_20260327_0424,FileNotFoundError('No FITS files downloaded for 94 Å segment.'),2026,E00376,True,,,False
20260326_2024_HARP14519_NOAA14399,2026-03-26 20:24:00+00:00,14519,14399,block_download_or_coverage,2026_HARP14519_20260326_0736_20260327_0424,FileNotFoundError('No FITS files downloaded for 94 Å segment.'),2026,E00376,True,,,False
20260326_2200_HARP14519_NOAA14399,2026-03-26 22:00:00+00:00,14519,14399,block_download_or_coverage,2026_HARP14519_20260326_0736_20260327_0424,FileNotFoundError('No FITS files downloaded for 94 Å segment.'),2026,E00376,True,,,False
20260326_2336_HARP14519_NOAA14399,2026-03-26 23:36:00+00:00,14519,14399,block_download_or_coverage,2026_HARP14519_20260326_0736_20260327_0424,FileNotFoundError('No FITS files downloaded for 94 Å segment.'),2026,E00376,True,,,False
20260327_0112_HARP14519_NOAA14399,2026-03-27 01:12:00+00:00,14519,14399,block_download_or_coverage,2026_HARP14519_20260326_0736_20260327_0424,FileNotFoundError('No FITS files downloaded for 94 Å segment.'),2026,E00376,True,,,False
20260327_0248_HARP14519_NOAA14399,2026-03-27 02:48:00+00:00,14519,14399,block_download_or_coverage,2026_HARP14519_20260326_0736_20260327_0424,FileNotFoundError('No FITS files downloaded for 94 Å segment.'),2026,E00376,True,,,False
20260327_0424_HARP14519_NOAA14399,2026-03-27 04:24:00+00:00,14519,14399,block_download_or_coverage,2026_HARP14519_20260326_0736_20260327_0424,FileNotFoundError('No FITS files downloaded for 94 Å segment.'),2026,E00376,True,,,False
20260326_1936_HARP14520_NOAA14401,2026-03-26 19:36:00+00:00,14520,14401,block_download_or_coverage,2026_HARP14520_20260326_1936_20260327_1624,RuntimeError('Downloaded 94 Å segment does not cover all target timestamps within 180 seconds.'),2026,E00377,True,,,False
20260326_2112_HARP14520_NOAA14401,2026-03-26 21:12:00+00:00,14520,14401,block_download_or_coverage,2026_HARP14520_20260326_1936_20260327_1624,RuntimeError('Downloaded 94 Å segment does not cover all target timestamps within 180 seconds.'),2026,E00377,True,,,False
20260326_2248_HARP14520_NOAA14401,2026-03-26 22:48:00+00:00,14520,14401,block_download_or_coverage,2026_HARP14520_20260326_1936_20260327_1624,RuntimeError('Downloaded 94 Å segment does not cover all target timestamps within 180 seconds.'),2026,E00377,True,,,False
20260327_0024_HARP14520_NOAA14401,2026-03-27 00:24:00+00:00,14520,14401,block_download_or_coverage,2026_HARP14520_20260326_1936_20260327_1624,RuntimeError('Downloaded 94 Å segment does not cover all target timestamps within 180 seconds.'),2026,E00377,True,,,False
20260327_0200_HARP14520_NOAA14401,2026-03-27 02:00:00+00:00,14520,14401,block_download_or_coverage,2026_HARP14520_20260326_1936_20260327_1624,RuntimeError('Downloaded 94 Å segment does not cover all target timestamps within 180 seconds.'),2026,E00377,True,,,False
20260327_0336_HARP14520_NOAA14401,2026-03-27 03:36:00+00:00,14520,14401,block_download_or_coverage,2026_HARP14520_20260326_1936_20260327_1624,RuntimeError('Downloaded 94 Å segment does not cover all target timestamps within 180 seconds.'),2026,E00377,True,,,False
20260327_0512_HARP14520_NOAA14401,2026-03-27 05:12:00+00:00,14520,14401,block_download_or_coverage,2026_HARP14520_20260326_1936_20260327_1624,RuntimeError('Downloaded 94 Å segment does not cover all target timestamps within 180 seconds.'),2026,E00377,True,,,False
20260327_0648_HARP14520_NOAA14401,2026-03-27 06:48:00+00:00,14520,14401,block_download_or_coverage,2026_HARP14520_20260326_1936_20260327_1624,RuntimeError('Downloaded 94 Å segment does not cover all target timestamps within 180 seconds.'),2026,E00377,True,,,False
20260327_0824_HARP14520_NOAA14401,2026-03-27 08:24:00+00:00,14520,14401,block_download_or_coverage,2026_HARP14520_20260326_1936_20260327_1624,RuntimeError('Downloaded 94 Å segment does not cover all target timestamps within 180 seconds.'),2026,E00377,True,,,False
20260327_1000_HARP14520_NOAA14401,2026-03-27 10:00:00+00:00,14520,14401,block_download_or_coverage,2026_HARP14520_20260326_1936_20260327_1624,RuntimeError('Downloaded 94 Å segment does not cover all target timestamps within 180 seconds.'),2026,E00377,True,,,False
20260327_1136_HARP14520_NOAA14401,2026-03-27 11:36:00+00:00,14520,14401,block_download_or_coverage,2026_HARP14520_20260326_1936_20260327_1624,RuntimeError('Downloaded 94 Å segment does not cover all target timestamps within 180 seconds.'),2026,E00377,True,,,False
20260327_1312_HARP14520_NOAA14401,2026-03-27 13:12:00+00:00,14520,14401,block_download_or_coverage,2026_HARP14520_20260326_1936_20260327_1624,RuntimeError('Downloaded 94 Å segment does not cover all target timestamps within 180 seconds.'),2026,E00377,True,,,False
20260327_1448_HARP14520_NOAA14401,2026-03-27 14:48:00+00:00,14520,14401,block_download_or_coverage,2026_HARP14520_20260326_1936_20260327_1624,RuntimeError('Downloaded 94 Å segment does not cover all target timestamps within 180 seconds.'),2026,E00377,True,,,False
20260327_1624_HARP14520_NOAA14401,2026-03-27 16:24:00+00:00,14520,14401,block_download_or_coverage,2026_HARP14520_20260326_1936_20260327_1624,RuntimeError('Downloaded 94 Å segment does not cover all target timestamps within 180 seconds.'),2026,E00377,True,,,False
