event_id,science_start_utc,science_peak_utc,science_class,original_region,reference_status,reference_regions,daily_candidate_region,candidate_region,status,evidence_tier,daily_source_search_complete,exact_xra_rows,swpc_group_ids,swpc_group_regions,supporting_region_rows,swpc_xra_classes,historical_mx_class_present,policy
noaa-science-v1-0-1:201001191319,2010-01-19 13:19:00+00:00,2010-01-19 13:31:00+00:00,M1.9,,missing_region_no_exact_reference,,,,unresolved_no_exact_xra_peak,none,True,,,,,,False,swpc_exact_peak_region_v1
noaa-science-v1-0-1:201001200658,2010-01-20 06:58:00+00:00,2010-01-20 07:14:00+00:00,M1.3,,missing_region_no_exact_reference,,,,unresolved_no_exact_xra_peak,none,True,,,,,,False,swpc_exact_peak_region_v1
noaa-science-v1-0-1:201002121748,2010-02-12 17:48:00+00:00,2010-02-12 18:08:00+00:00,M1.6,11045,existing_region_reference_conflict,11045;11046,11045,11045,retained_original_daily_supported,direct_xra,True,20100212events.txt:84,20100212:8890,11045,20100212events.txt:84,M1.1,True,swpc_exact_peak_region_v1
noaa-science-v1-0-1:201102141240,2011-02-14 12:40:00+00:00,2011-02-14 12:47:00+00:00,M1.0,,missing_region_no_exact_reference,,,,unresolved_no_exact_xra_peak,none,True,,,,,,False,swpc_exact_peak_region_v1
noaa-science-v1-0-1:201102141345,2011-02-14 13:45:00+00:00,2011-02-14 14:27:00+00:00,M1.2,,missing_region_exact_start_peak_candidate,11158,11158,11158,filled_missing_direct_xra,direct_xra,True,20110214events.txt:77,20110214:6710,11158,20110214events.txt:77,C7.0,False,swpc_exact_peak_region_v1
noaa-science-v1-0-1:201102160130,2011-02-16 01:30:00+00:00,2011-02-16 01:39:00+00:00,M1.4,,missing_region_no_exact_reference,,,,unresolved_no_qualified_region_evidence,none,True,20110216events.txt:21,20110216:7250,,,M1.0,True,swpc_exact_peak_region_v1
noaa-science-v1-0-1:201103071342,2011-03-07 13:42:00+00:00,2011-03-07 14:11:00+00:00,M2.5,,missing_region_no_exact_reference,,,,unresolved_no_exact_xra_peak,none,True,,,,,,False,swpc_exact_peak_region_v1
noaa-science-v1-0-1:201103090507,2011-03-09 05:07:00+00:00,2011-03-09 05:18:00+00:00,M1.0,,missing_region_no_exact_reference,,,,unresolved_no_exact_xra_peak,none,True,,,,,,False,swpc_exact_peak_region_v1
noaa-science-v1-0-1:201103091049,2011-03-09 10:49:00+00:00,2011-03-09 10:55:00+00:00,M1.0,,missing_region_no_exact_reference,,,,unresolved_no_exact_xra_peak,none,True,,,,,,False,swpc_exact_peak_region_v1
noaa-science-v1-0-1:201103091312,2011-03-09 13:12:00+00:00,2011-03-09 13:29:00+00:00,M1.0,,missing_region_no_exact_reference,,,,unresolved_no_exact_xra_peak,none,True,,,,,,False,swpc_exact_peak_region_v1
noaa-science-v1-0-1:201103102229,2011-03-10 22:29:00+00:00,2011-03-10 22:41:00+00:00,M1.5,,missing_region_peak_only_candidate,11166,,,unresolved_no_qualified_region_evidence,none,True,20110310events.txt:85,20110310:2800,,,M1.1,True,swpc_exact_peak_region_v1
noaa-science-v1-0-1:201105282107,2011-05-28 21:07:00+00:00,2011-05-28 21:16:00+00:00,M1.1,,missing_region_no_exact_reference,,,,unresolved_no_exact_xra_peak,none,True,,,,,,False,swpc_exact_peak_region_v1
noaa-science-v1-0-1:201105282118,2011-05-28 21:18:00+00:00,2011-05-28 21:24:00+00:00,M1.3,,missing_region_no_exact_reference,,,,unresolved_no_exact_xra_peak,none,True,,,,,,False,swpc_exact_peak_region_v1
noaa-science-v1-0-1:201106070602,2011-06-07 06:02:00+00:00,2011-06-07 06:33:00+00:00,M3.4,,missing_region_no_exact_reference,,,,unresolved_no_exact_xra_peak,none,True,,,,,,False,swpc_exact_peak_region_v1
noaa-science-v1-0-1:201109040100,2011-09-04 01:00:00+00:00,2011-09-04 01:07:00+00:00,M1.1,11286,existing_region_reference_conflict,11274,11286,11286,retained_original_daily_supported,direct_xra,True,20110904events.txt:16,20110904:7550,11286,20110904events.txt:16,C8.3,False,swpc_exact_peak_region_v1
noaa-science-v1-0-1:201109041134,2011-09-04 11:34:00+00:00,2011-09-04 11:45:00+00:00,M4.6,11286,existing_region_reference_conflict,11280;11286,11286,11286,retained_original_daily_supported,direct_xra,True,20110904events.txt:36,20110904:7590,11286,20110904events.txt:36,M3.2,True,swpc_exact_peak_region_v1
noaa-science-v1-0-1:201109042355,2011-09-04 23:55:00+00:00,2011-09-05 00:37:00+00:00,M1.1,,missing_region_no_exact_reference,,,,unresolved_no_qualified_region_evidence,none,True,20110904events.txt:59,20110904:7710,,,C7.9,False,swpc_exact_peak_region_v1
noaa-science-v1-0-1:201109050142,2011-09-05 01:42:00+00:00,2011-09-05 01:53:00+00:00,M1.0,,missing_region_peak_only_candidate,11286,,,unresolved_no_exact_xra_peak,none,True,,,,,,False,swpc_exact_peak_region_v1
noaa-science-v1-0-1:201109050348,2011-09-05 03:48:00+00:00,2011-09-05 04:15:00+00:00,M2.3,,missing_region_no_exact_reference,,,,unresolved_no_exact_xra_peak,none,True,,,,,,False,swpc_exact_peak_region_v1
noaa-science-v1-0-1:201109072231,2011-09-07 22:31:00+00:00,2011-09-07 22:38:00+00:00,X2.5,11283,existing_region_reference_conflict,11279;11283,11283,11283,retained_original_daily_supported,direct_xra,True,20110907events.txt:37,20110907:8310,11283,20110907events.txt:37,X1.8,True,swpc_exact_peak_region_v1
noaa-science-v1-0-1:201109081527,2011-09-08 15:27:00+00:00,2011-09-08 15:46:00+00:00,M9.6,11283,existing_region_reference_conflict,11279;11283,11283,11283,retained_original_daily_supported,direct_xra,True,20110908events.txt:34,20110908:8480,11283,20110908events.txt:34,M6.7,True,swpc_exact_peak_region_v1
noaa-science-v1-0-1:201109100713,2011-09-10 07:13:00+00:00,2011-09-10 07:30:00+00:00,M1.5,,missing_region_no_exact_reference,,,,unresolved_no_exact_xra_peak,none,True,,,,,,False,swpc_exact_peak_region_v1
noaa-science-v1-0-1:201109122038,2011-09-12 20:38:00+00:00,2011-09-12 20:54:00+00:00,M1.4,11295,existing_region_reference_conflict,11292,11295,11295,retained_original_daily_supported,direct_xra,True,20110912events.txt:32,20110912:9940,11295,20110912events.txt:32,C9.9,False,swpc_exact_peak_region_v1
noaa-science-v1-0-1:201109122102,2011-09-12 21:02:00+00:00,2011-09-12 21:09:00+00:00,M1.3,,missing_region_no_exact_reference,,,,unresolved_no_exact_xra_peak,none,True,,,,,,False,swpc_exact_peak_region_v1
noaa-science-v1-0-1:201109211200,2011-09-21 12:00:00+00:00,2011-09-21 12:23:00+00:00,M2.6,11302,existing_region_reference_conflict,11301,,,unresolved_conflicting_swpc_regions,direct_xra,True,20110921events.txt:70,20110921:2440,11301;11302,20110921events.txt:70,M1.8,True,swpc_exact_peak_region_v1
noaa-science-v1-0-1:201109220952,2011-09-22 09:52:00+00:00,2011-09-22 10:00:00+00:00,M1.6,11302,existing_region_reference_conflict,11289;11302,11302,11302,retained_original_daily_supported,direct_xra,True,20110922events.txt:64,20110922:2850,11302,20110922events.txt:64,M1.1,True,swpc_exact_peak_region_v1
noaa-science-v1-0-1:201109230024,2011-09-23 00:24:00+00:00,2011-09-23 00:33:00+00:00,M1.3,,missing_region_peak_only_candidate,11302,,,unresolved_no_qualified_region_evidence,none,True,20110923events.txt:14,20110923:3060,,,C9.6,False,swpc_exact_peak_region_v1
noaa-science-v1-0-1:201109241647,2011-09-24 16:47:00+00:00,2011-09-24 16:59:00+00:00,M2.5,11295,existing_region_reference_conflict,11289;11295,11295,11295,retained_original_daily_supported,direct_xra,True,20110924events.txt:113,20110924:3890,11295,20110924events.txt:113,M1.7,True,swpc_exact_peak_region_v1
noaa-science-v1-0-1:201109241755,2011-09-24 17:55:00+00:00,2011-09-24 18:05:00+00:00,M4.0,,missing_region_no_exact_reference,,,,unresolved_no_exact_xra_peak,none,True,,,,,,False,swpc_exact_peak_region_v1
noaa-science-v1-0-1:201109251610,2011-09-25 16:10:00+00:00,2011-09-25 16:17:00+00:00,M1.6,,missing_region_no_exact_reference,,,,unresolved_no_exact_xra_peak,none,True,,,,,,False,swpc_exact_peak_region_v1
noaa-science-v1-0-1:201109251651,2011-09-25 16:51:00+00:00,2011-09-25 16:58:00+00:00,M3.1,11302,existing_region_reference_conflict,11302;11303,,,unresolved_conflicting_swpc_regions,direct_xra,True,20110925events.txt:165,20110925:4380,11302;11303,20110925events.txt:165,M2.2,True,swpc_exact_peak_region_v1
noaa-science-v1-0-1:201109252210,2011-09-25 22:10:00+00:00,2011-09-25 22:19:00+00:00,M1.2,,missing_region_no_exact_reference,,,,unresolved_no_qualified_region_evidence,none,True,20110925events.txt:199,20110925:4740,,,C8.6,False,swpc_exact_peak_region_v1
noaa-science-v1-0-1:201110200306,2011-10-20 03:06:00+00:00,2011-10-20 03:25:00+00:00,M2.3,,missing_region_peak_only_candidate,11318,,,unresolved_no_exact_xra_peak,none,True,,,,,,False,swpc_exact_peak_region_v1
noaa-science-v1-0-1:201110221151,2011-10-22 11:51:00+00:00,2011-10-22 11:55:00+00:00,M1.7,,missing_region_no_exact_reference,,,,unresolved_no_exact_xra_peak,none,True,,,,,,False,swpc_exact_peak_region_v1
noaa-science-v1-0-1:201110311450,2011-10-31 14:50:00+00:00,2011-10-31 15:08:00+00:00,M1.6,,missing_region_no_exact_reference,,,,unresolved_no_qualified_region_evidence,none,True,20111031events.txt:39,20111031:2230,,,M1.1,True,swpc_exact_peak_region_v1
noaa-science-v1-0-1:201110311718,2011-10-31 17:18:00+00:00,2011-10-31 17:43:00+00:00,M1.1,,missing_region_no_exact_reference,,,,unresolved_no_exact_xra_peak,none,True,,,,,,False,swpc_exact_peak_region_v1
noaa-science-v1-0-1:201110311753,2011-10-31 17:53:00+00:00,2011-10-31 18:08:00+00:00,M2.0,,missing_region_no_exact_reference,,,,unresolved_no_qualified_region_evidence,none,True,20111031events.txt:41,20111031:2240,,,M1.4,True,swpc_exact_peak_region_v1
noaa-science-v1-0-1:201111032326,2011-11-03 23:26:00+00:00,2011-11-03 23:36:00+00:00,M3.1,,missing_region_peak_only_candidate,11339,,,unresolved_no_qualified_region_evidence,none,True,20111103events.txt:98,20111103:3130,,,M2.1,True,swpc_exact_peak_region_v1
noaa-science-v1-0-1:201111040325,2011-11-04 03:25:00+00:00,2011-11-04 03:53:00+00:00,M1.2,,missing_region_peak_only_candidate,11339,,,unresolved_no_qualified_region_evidence,none,True,20111104events.txt:26,20111104:3260,,,C8.6,False,swpc_exact_peak_region_v1
noaa-science-v1-0-1:201111091301,2011-11-09 13:01:00+00:00,2011-11-09 13:35:00+00:00,M1.6,11342,existing_region_reference_conflict,11342;11343,11342,11342,retained_original_daily_supported,direct_xra,True,20111109events.txt:34,20111109:4320,11342,20111109events.txt:34,M1.1,True,swpc_exact_peak_region_v1
noaa-science-v1-0-1:201111161444,2011-11-16 14:44:00+00:00,2011-11-16 15:05:00+00:00,M1.1,11348,existing_region_reference_conflict,11339,11348,11348,retained_original_daily_supported,direct_xra,True,20111116events.txt:55,20111116:5770,11348,20111116events.txt:55,C7.9,False,swpc_exact_peak_region_v1
noaa-science-v1-0-1:201112141448,2011-12-14 14:48:00+00:00,2011-12-14 14:59:00+00:00,M1.0,,missing_region_peak_only_candidate,11367,,,unresolved_no_exact_xra_peak,none,True,,,,,,False,swpc_exact_peak_region_v1
noaa-science-v1-0-1:201112262008,2011-12-26 20:08:00+00:00,2011-12-26 20:19:00+00:00,M2.9,,missing_region_no_exact_reference,,,,unresolved_no_exact_xra_peak,none,True,,,,,,False,swpc_exact_peak_region_v1
noaa-science-v1-0-1:201112281413,2011-12-28 14:13:00+00:00,2011-12-28 14:25:00+00:00,M1.0,11389,existing_region_reference_conflict,11388,11389,11389,retained_original_daily_supported,direct_xra,True,20111228events.txt:75,20111228:3400,11389,20111228events.txt:75,C7.2,False,swpc_exact_peak_region_v1
noaa-science-v1-0-1:201201220249,2012-01-22 02:49:00+00:00,2012-01-22 02:57:00+00:00,M1.0,,missing_region_peak_only_candidate,11401,,,unresolved_no_qualified_region_evidence,none,True,20120122events.txt:14,20120122:7720,,,C7.1,False,swpc_exact_peak_region_v1
noaa-science-v1-0-1:201201230205,2012-01-23 02:05:00+00:00,2012-01-23 03:14:00+00:00,M1.6,,missing_region_no_exact_reference,,,,unresolved_no_exact_xra_peak,none,True,,,,,,False,swpc_exact_peak_region_v1
noaa-science-v1-0-1:201202110950,2012-02-11 09:50:00+00:00,2012-02-11 10:04:00+00:00,M1.1,,missing_region_no_exact_reference,,,,unresolved_no_qualified_region_evidence,none,True,20120211events.txt:32,20120211:9400,,,C7.9,False,swpc_exact_peak_region_v1
noaa-science-v1-0-1:201203021723,2012-03-02 17:23:00+00:00,2012-03-02 17:46:00+00:00,M4.8,11429,existing_region_reference_conflict,11427;11429,,,unresolved_no_exact_xra_peak,none,True,,,,,,False,swpc_exact_peak_region_v1
noaa-science-v1-0-1:201203062104,2012-03-06 21:04:00+00:00,2012-03-06 21:11:00+00:00,M1.8,,missing_region_exact_start_peak_candidate,11429,,,unresolved_no_qualified_region_evidence,none,True,20120306events.txt:92,20120306:1880,,,M1.3,True,swpc_exact_peak_region_v1
noaa-science-v1-0-1:201203070433,2012-03-07 04:33:00+00:00,2012-03-07 04:43:00+00:00,M1.1,,missing_region_exact_start_peak_candidate,11430,,,unresolved_no_exact_xra_peak,none,True,,,,,,False,swpc_exact_peak_region_v1
noaa-science-v1-0-1:201203090321,2012-03-09 03:21:00+00:00,2012-03-09 03:27:00+00:00,M2.3,,missing_region_no_exact_reference,,,,unresolved_no_exact_xra_peak,none,True,,,,,,False,swpc_exact_peak_region_v1
noaa-science-v1-0-1:201203101715,2012-03-10 17:15:00+00:00,2012-03-10 17:27:00+00:00,M7.8,,missing_region_no_exact_reference,,,,unresolved_no_exact_xra_peak,none,True,,,,,,False,swpc_exact_peak_region_v1
noaa-science-v1-0-1:201204161724,2012-04-16 17:24:00+00:00,2012-04-16 17:40:00+00:00,M2.5,,missing_region_exact_start_peak_candidate,11458,,,unresolved_no_exact_xra_peak,none,True,,,,,,False,swpc_exact_peak_region_v1
noaa-science-v1-0-1:201204181228,2012-04-18 12:28:00+00:00,2012-04-18 12:39:00+00:00,M1.2,11463,existing_region_reference_conflict,11462,11463,11463,retained_original_daily_supported,direct_xra,True,20120418events.txt:62,20120418:6860,11463,20120418events.txt:62,C8.9,False,swpc_exact_peak_region_v1
noaa-science-v1-0-1:201204191115,2012-04-19 11:15:00+00:00,2012-04-19 11:26:00+00:00,M1.0,,missing_region_peak_only_candidate,11455,,,unresolved_no_qualified_region_evidence,none,True,20120419events.txt:37,20120419:7140,,,C7.0,False,swpc_exact_peak_region_v1
noaa-science-v1-0-1:201205051319,2012-05-05 13:19:00+00:00,2012-05-05 13:23:00+00:00,M2.0,11476,existing_region_reference_conflict,11475;11476,,,unresolved_no_exact_xra_peak,none,True,,,,,,False,swpc_exact_peak_region_v1
noaa-science-v1-0-1:201206131150,2012-06-13 11:50:00+00:00,2012-06-13 13:12:00+00:00,M1.7,,missing_region_no_exact_reference,,,,unresolved_no_exact_xra_peak,none,True,,,,,,False,swpc_exact_peak_region_v1
noaa-science-v1-0-1:201207021835,2012-07-02 18:35:00+00:00,2012-07-02 18:56:00+00:00,M1.0,,missing_region_peak_only_candidate,11515,,,unresolved_no_qualified_region_evidence,none,True,20120702events.txt:211,20120702:5110,,,C7.4,False,swpc_exact_peak_region_v1
noaa-science-v1-0-1:201207042317,2012-07-04 23:17:00+00:00,2012-07-04 23:24:00+00:00,M1.3,,missing_region_no_exact_reference,,,,unresolved_no_exact_xra_peak,none,True,,,,,,False,swpc_exact_peak_region_v1
noaa-science-v1-0-1:201207050027,2012-07-05 00:27:00+00:00,2012-07-05 00:38:00+00:00,M1.5,,missing_region_no_exact_reference,,,,unresolved_no_exact_xra_peak,none,True,,,,,,False,swpc_exact_peak_region_v1
noaa-science-v1-0-1:201207050441,2012-07-05 04:41:00+00:00,2012-07-05 04:45:00+00:00,M1.3,11519,existing_region_reference_conflict,11515,11519,11519,retained_original_daily_supported,direct_xra,True,20120705events.txt:42,20120705:6800,11519,20120705events.txt:42,C9.1,False,swpc_exact_peak_region_v1
noaa-science-v1-0-1:201207050457,2012-07-05 04:57:00+00:00,2012-07-05 05:04:00+00:00,M1.1,,missing_region_no_exact_reference,,,,unresolved_no_exact_xra_peak,none,True,,,,,,False,swpc_exact_peak_region_v1
noaa-science-v1-0-1:201207050737,2012-07-05 07:37:00+00:00,2012-07-05 07:45:00+00:00,M1.9,11519,existing_region_reference_conflict,11515;11519,11519,11519,retained_original_daily_supported,direct_xra,True,20120705events.txt:59,20120705:6870,11519,20120705events.txt:59,M1.3,True,swpc_exact_peak_region_v1
noaa-science-v1-0-1:201207050923,2012-07-05 09:23:00+00:00,2012-07-05 09:29:00+00:00,M1.1,,missing_region_no_exact_reference,,,,unresolved_no_exact_xra_peak,none,True,,,,,,False,swpc_exact_peak_region_v1
noaa-science-v1-0-1:201207051303,2012-07-05 13:03:00+00:00,2012-07-05 13:18:00+00:00,M1.7,11515,existing_region_reference_conflict,11514;11515,11515,11515,retained_original_daily_supported,direct_xra,True,20120705events.txt:110,20120705:7010,11515,20120705events.txt:110,M1.2,True,swpc_exact_peak_region_v1
noaa-science-v1-0-1:201207052017,2012-07-05 20:17:00+00:00,2012-07-05 20:21:00+00:00,M2.2,,missing_region_no_exact_reference,,,,unresolved_no_exact_xra_peak,none,True,,,,,,False,swpc_exact_peak_region_v1
noaa-science-v1-0-1:201207052136,2012-07-05 21:36:00+00:00,2012-07-05 21:45:00+00:00,M2.3,11515,existing_region_reference_conflict,11514;11515,11515,11515,retained_original_daily_supported,direct_xra,True,20120705events.txt:183,20120705:7240,11515,20120705events.txt:183,M1.6,True,swpc_exact_peak_region_v1
noaa-science-v1-0-1:201207060239,2012-07-06 02:39:00+00:00,2012-07-06 02:51:00+00:00,M1.5,11515,existing_region_reference_conflict,11514;11515,11515,11515,retained_original_daily_supported,direct_xra,True,20120706events.txt:35,20120706:7340,11515,20120706events.txt:35,M1.0,True,swpc_exact_peak_region_v1
noaa-science-v1-0-1:201207060447,2012-07-06 04:47:00+00:00,2012-07-06 04:59:00+00:00,M1.1,11515,existing_region_reference_conflict,11519,11515,11515,retained_original_daily_supported,same_day_event_bin_optical,True,20120706events.txt:50,20120706:7400,11515,20120706events.txt:51,C7.7,False,swpc_exact_peak_region_v1
noaa-science-v1-0-1:201207061319,2012-07-06 13:19:00+00:00,2012-07-06 13:30:00+00:00,M1.8,11515,existing_region_reference_conflict,11515;11519,11515,11515,retained_original_daily_supported,direct_xra,True,20120706events.txt:110,20120706:7630,11515,20120706events.txt:110,M1.2,True,swpc_exact_peak_region_v1
noaa-science-v1-0-1:201207061444,2012-07-06 14:44:00+00:00,2012-07-06 15:00:00+00:00,M1.1,,missing_region_peak_only_candidate,11513,,,unresolved_no_qualified_region_evidence,none,True,20120706events.txt:123,20120706:7670,,,C7.8,False,swpc_exact_peak_region_v1
noaa-science-v1-0-1:201207061920,2012-07-06 19:20:00+00:00,2012-07-06 19:24:00+00:00,M1.3,,missing_region_no_exact_reference,,,,unresolved_no_qualified_region_evidence,none,True,20120706events.txt:149,20120706:7750,,,C9.2,False,swpc_exact_peak_region_v1
noaa-science-v1-0-1:201207062300,2012-07-06 23:00:00+00:00,2012-07-06 23:08:00+00:00,X1.6,11515,existing_region_reference_conflict,11514;11515,11515,11515,retained_original_daily_supported,direct_xra,True,20120706events.txt:159,20120706:7810,11515,20120706events.txt:159,X1.1,True,swpc_exact_peak_region_v1
noaa-science-v1-0-1:201207140451,2012-07-14 04:51:00+00:00,2012-07-14 04:58:00+00:00,M1.4,11521,existing_region_reference_conflict,11520;11521,,,unresolved_no_exact_xra_peak,none,True,,,,,,False,swpc_exact_peak_region_v1
noaa-science-v1-0-1:201207190503,2012-07-19 05:03:00+00:00,2012-07-19 05:53:00+00:00,X1.1,,missing_region_no_exact_reference,,,,unresolved_no_exact_xra_peak,none,True,,,,,,False,swpc_exact_peak_region_v1
noaa-science-v1-0-1:201207301350,2012-07-30 13:50:00+00:00,2012-07-30 14:03:00+00:00,M1.2,11532,existing_region_reference_conflict,11536,11532,11532,retained_original_daily_supported,direct_xra,True,20120730events.txt:92,20120730:3660,11532,20120730events.txt:92,C8.8,False,swpc_exact_peak_region_v1
noaa-science-v1-0-1:201208060428,2012-08-06 04:28:00+00:00,2012-08-06 04:38:00+00:00,M2.3,11542,existing_region_reference_conflict,11541;11542,11542,11542,retained_original_daily_supported,direct_xra,True,20120806events.txt:36,20120806:5680,11542,20120806events.txt:36,M1.6,True,swpc_exact_peak_region_v1
noaa-science-v1-0-1:201208171311,2012-08-17 13:11:00+00:00,2012-08-17 13:19:00+00:00,M3.4,11548,existing_region_reference_conflict,11546;11548,11548,11548,retained_original_daily_supported,direct_xra,True,20120817events.txt:46,20120817:8640,11548,20120817events.txt:46,M2.4,True,swpc_exact_peak_region_v1
noaa-science-v1-0-1:201208301156,2012-08-30 11:56:00+00:00,2012-08-30 12:11:00+00:00,M1.9,11561,existing_region_reference_conflict,11560;11563,,,unresolved_no_exact_xra_peak,none,True,,,,,,False,swpc_exact_peak_region_v1
noaa-science-v1-0-1:201208311935,2012-08-31 19:35:00+00:00,2012-08-31 20:43:00+00:00,M1.2,11562,existing_region_reference_conflict,11563,,,unresolved_no_exact_xra_peak,none,True,,,,,,False,swpc_exact_peak_region_v1
noaa-science-v1-0-1:201208312058,2012-08-31 20:58:00+00:00,2012-08-31 21:01:00+00:00,M1.2,,missing_region_no_exact_reference,,,,unresolved_no_exact_xra_peak,none,True,,,,,,False,swpc_exact_peak_region_v1
noaa-science-v1-0-1:201209092145,2012-09-09 21:45:00+00:00,2012-09-09 22:20:00+00:00,M1.5,,missing_region_no_exact_reference,,,,unresolved_no_exact_xra_peak,none,True,,,,,,False,swpc_exact_peak_region_v1
noaa-science-v1-0-1:201209302111,2012-09-30 21:11:00+00:00,2012-09-30 21:20:00+00:00,M1.0,,missing_region_no_exact_reference,,,,unresolved_no_qualified_region_evidence,none,True,20120930events.txt:60,20120930:6470,,,C7.1,False,swpc_exact_peak_region_v1
noaa-science-v1-0-1:201210081104,2012-10-08 11:04:00+00:00,2012-10-08 11:17:00+00:00,M3.3,,missing_region_no_exact_reference,,,,unresolved_no_qualified_region_evidence,none,True,20121008events.txt:31,20121008:7160,,,M2.3,True,swpc_exact_peak_region_v1
noaa-science-v1-0-1:201210092316,2012-10-09 23:16:00+00:00,2012-10-09 23:31:00+00:00,M2.4,,missing_region_no_exact_reference,,,,unresolved_no_qualified_region_evidence,none,True,20121009events.txt:58,20121009:7480,,,M1.7,True,swpc_exact_peak_region_v1
noaa-science-v1-0-1:201210100446,2012-10-10 04:46:00+00:00,2012-10-10 05:04:00+00:00,M1.4,,missing_region_no_exact_reference,,,,unresolved_no_qualified_region_evidence,none,True,20121010events.txt:29,20121010:7540,,,M1.0,True,swpc_exact_peak_region_v1
noaa-science-v1-0-1:201211201231,2012-11-20 12:31:00+00:00,2012-11-20 12:41:00+00:00,M2.5,,missing_region_no_exact_reference,,,,unresolved_no_qualified_region_evidence,none,True,20121120events.txt:50,20121120:3710,,,M1.7,True,swpc_exact_peak_region_v1
noaa-science-v1-0-1:201301050923,2013-01-05 09:23:00+00:00,2013-01-05 09:31:00+00:00,M2.5,11652,existing_region_reference_conflict,11651;11652,11652,11652,retained_original_daily_supported,direct_xra,True,20130105events.txt:42,20130105:1070,11652,20130105events.txt:42,M1.7,True,swpc_exact_peak_region_v1
noaa-science-v1-0-1:201305122016,2013-05-12 20:16:00+00:00,2013-05-12 20:32:00+00:00,M2.7,,missing_region_peak_only_candidate,11748,,,unresolved_no_qualified_region_evidence,none,True,20130512events.txt:80,20130512:4360,,,M1.9,True,swpc_exact_peak_region_v1
noaa-science-v1-0-1:201305122236,2013-05-12 22:36:00+00:00,2013-05-12 22:44:00+00:00,M1.7,,missing_region_peak_only_candidate,11748,,,unresolved_no_qualified_region_evidence,none,True,20130512events.txt:87,20130512:4380,,,M1.2,True,swpc_exact_peak_region_v1
noaa-science-v1-0-1:201305132154,2013-05-13 21:54:00+00:00,2013-05-13 22:05:00+00:00,M1.1,11745,existing_region_reference_conflict,11748,11745,11745,retained_original_daily_supported,direct_xra,True,20130513events.txt:134,20130513:4790,11745,20130513events.txt:134,C8.3,False,swpc_exact_peak_region_v1
noaa-science-v1-0-1:201305191735,2013-05-19 17:35:00+00:00,2013-05-19 17:50:00+00:00,M1.4,,missing_region_no_exact_reference,,,,unresolved_no_qualified_region_evidence,none,True,20130519events.txt:45,20130519:5970,,,C9.9,False,swpc_exact_peak_region_v1
noaa-science-v1-0-1:201305200452,2013-05-20 04:52:00+00:00,2013-05-20 05:25:00+00:00,M2.5,11755,existing_region_reference_conflict,11753;11755,11755,11755,retained_original_daily_supported,direct_xra,True,20130520events.txt:24,20130520:6130,11755,20130520events.txt:24,M1.7,True,swpc_exact_peak_region_v1
noaa-science-v1-0-1:201305200532,2013-05-20 05:32:00+00:00,2013-05-20 05:42:00+00:00,M1.9,,missing_region_no_exact_reference,,,,unresolved_no_exact_xra_peak,none,True,,,,,,False,swpc_exact_peak_region_v1
noaa-science-v1-0-1:201306190922,2013-06-19 09:22:00+00:00,2013-06-19 09:54:00+00:00,M1.2,,missing_region_no_exact_reference,,,,unresolved_no_exact_xra_peak,none,True,,,,,,False,swpc_exact_peak_region_v1
noaa-science-v1-0-1:201308300151,2013-08-30 01:51:00+00:00,2013-08-30 02:41:00+00:00,M1.3,,missing_region_no_exact_reference,,,,unresolved_no_exact_xra_peak,none,True,,,,,,False,swpc_exact_peak_region_v1
noaa-science-v1-0-1:201310110657,2013-10-11 06:57:00+00:00,2013-10-11 07:24:00+00:00,M2.2,,missing_region_no_exact_reference,,,,unresolved_no_exact_xra_peak,none,True,,,,,,False,swpc_exact_peak_region_v1
noaa-science-v1-0-1:201310150827,2013-10-15 08:27:00+00:00,2013-10-15 08:37:00+00:00,M3.1,,missing_region_no_exact_reference,,,,unresolved_no_exact_xra_peak,none,True,,,,,,False,swpc_exact_peak_region_v1
noaa-science-v1-0-1:201310250943,2013-10-25 09:43:00+00:00,2013-10-25 09:54:00+00:00,M1.4,,missing_region_no_exact_reference,,,,unresolved_no_exact_xra_peak,none,True,,,,,,False,swpc_exact_peak_region_v1
noaa-science-v1-0-1:201310260913,2013-10-26 09:13:00+00:00,2013-10-26 09:26:00+00:00,M1.8,,missing_region_no_exact_reference,,,,unresolved_no_exact_xra_peak,none,True,,,,,,False,swpc_exact_peak_region_v1
noaa-science-v1-0-1:201310271231,2013-10-27 12:31:00+00:00,2013-10-27 12:48:00+00:00,M5.1,11875,existing_region_reference_conflict,11875;11884,11875,11875,retained_original_daily_supported,direct_xra,True,20131027events.txt:81,20131027:2040,11875,20131027events.txt:81,M3.5,True,swpc_exact_peak_region_v1
noaa-science-v1-0-1:201310281544,2013-10-28 15:44:00+00:00,2013-10-28 15:55:00+00:00,M3.2,,missing_region_no_exact_reference,,,,unresolved_no_exact_xra_peak,none,True,,,,,,False,swpc_exact_peak_region_v1
noaa-science-v1-0-1:201310281608,2013-10-28 16:08:00+00:00,2013-10-28 16:14:00+00:00,M3.1,,missing_region_no_exact_reference,,,,unresolved_no_exact_xra_peak,none,True,,,,,,False,swpc_exact_peak_region_v1
noaa-science-v1-0-1:201311051802,2013-11-05 18:02:00+00:00,2013-11-05 18:13:00+00:00,M1.4,,missing_region_peak_only_candidate,11890,,,unresolved_no_qualified_region_evidence,none,True,20131105events.txt:84,20131105:4980,,,M1.0,True,swpc_exact_peak_region_v1
noaa-science-v1-0-1:201311062339,2013-11-06 23:39:00+00:00,2013-11-07 00:02:00+00:00,M2.7,,missing_region_peak_only_candidate,11882,,,unresolved_no_qualified_region_evidence,none,True,20131106events.txt:124,20131106:5460,,,M1.8,True,swpc_exact_peak_region_v1
noaa-science-v1-0-1:201311211047,2013-11-21 10:47:00+00:00,2013-11-21 11:11:00+00:00,M1.7,11893,existing_region_reference_conflict,11893;11895,11893,11893,retained_original_daily_supported,direct_xra,True,20131121events.txt:29,20131121:9470,11893,20131121events.txt:29,M1.2,True,swpc_exact_peak_region_v1
noaa-science-v1-0-1:201312192304,2013-12-19 23:04:00+00:00,2013-12-19 23:19:00+00:00,M5.0,11934,existing_region_reference_conflict,11931;11934,11934,11934,retained_original_daily_supported,direct_xra,True,20131219events.txt:59,20131219:4070,11934,20131219events.txt:59,M3.5,True,swpc_exact_peak_region_v1
noaa-science-v1-0-1:201312201130,2013-12-20 11:30:00+00:00,2013-12-20 11:57:00+00:00,M2.3,11934,existing_region_reference_conflict,11931;11934,11934,11934,retained_original_daily_supported,direct_xra,True,20131220events.txt:49,20131220:4200,11934,20131220events.txt:49,M1.6,True,swpc_exact_peak_region_v1
noaa-science-v1-0-1:201312311043,2013-12-31 10:43:00+00:00,2013-12-31 11:50:00+00:00,M1.2,,missing_region_no_exact_reference,,,,unresolved_no_qualified_region_evidence,none,True,20131231events.txt:44,20131231:6620,,,C8.8,False,swpc_exact_peak_region_v1
noaa-science-v1-0-1:201312311203,2013-12-31 12:03:00+00:00,2013-12-31 12:07:00+00:00,M1.2,,missing_region_no_exact_reference,,,,unresolved_no_exact_xra_peak,none,True,,,,,,False,swpc_exact_peak_region_v1
noaa-science-v1-0-1:201401021120,2014-01-02 11:20:00+00:00,2014-01-02 11:41:00+00:00,M1.2,,missing_region_no_exact_reference,,,,unresolved_no_exact_xra_peak,none,True,,,,,,False,swpc_exact_peak_region_v1
noaa-science-v1-0-1:201401271902,2014-01-27 19:02:00+00:00,2014-01-27 19:18:00+00:00,M1.0,,missing_region_no_exact_reference,,,,unresolved_no_exact_xra_peak,none,True,,,,,,False,swpc_exact_peak_region_v1
noaa-science-v1-0-1:201401281517,2014-01-28 15:17:00+00:00,2014-01-28 15:26:00+00:00,M5.0,,missing_region_peak_only_candidate,11967,,,unresolved_no_exact_xra_peak,none,True,,,,,,False,swpc_exact_peak_region_v1
noaa-science-v1-0-1:201401281622,2014-01-28 16:22:00+00:00,2014-01-28 16:45:00+00:00,M1.2,11968,existing_region_reference_conflict,11967,11968,11968,retained_original_daily_supported,direct_xra,True,20140128events.txt:76,20140128:2400,11968,20140128events.txt:76,C8.5,False,swpc_exact_peak_region_v1
noaa-science-v1-0-1:201402020558,2014-02-02 05:58:00+00:00,2014-02-02 06:07:00+00:00,M1.0,11968,existing_region_reference_conflict,11967,11968,11968,retained_original_daily_supported,direct_xra,True,20140202events.txt:47,20140202:3560,11968,20140202events.txt:47,C7.5,False,swpc_exact_peak_region_v1
noaa-science-v1-0-1:201402020716,2014-02-02 07:16:00+00:00,2014-02-02 07:36:00+00:00,M1.2,,missing_region_no_exact_reference,,,,unresolved_no_exact_xra_peak,none,True,,,,,,False,swpc_exact_peak_region_v1
noaa-science-v1-0-1:201402020739,2014-02-02 07:39:00+00:00,2014-02-02 07:43:00+00:00,M1.2,,missing_region_no_exact_reference,,,,unresolved_no_exact_xra_peak,none,True,,,,,,False,swpc_exact_peak_region_v1
noaa-science-v1-0-1:201402021401,2014-02-02 14:01:00+00:00,2014-02-02 14:06:00+00:00,M1.9,11967,existing_region_reference_conflict,11967;11968,11967,11967,retained_original_daily_supported,direct_xra,True,20140202events.txt:90,20140202:3710,11967,20140202events.txt:90,M1.3,True,swpc_exact_peak_region_v1
noaa-science-v1-0-1:201402021432,2014-02-02 14:32:00+00:00,2014-02-02 14:36:00+00:00,M1.0,,missing_region_no_exact_reference,,,,unresolved_no_exact_xra_peak,none,True,,,,,,False,swpc_exact_peak_region_v1
noaa-science-v1-0-1:201402022123,2014-02-02 21:23:00+00:00,2014-02-02 21:32:00+00:00,M1.2,,missing_region_no_exact_reference,,,,unresolved_no_exact_xra_peak,none,True,,,,,,False,swpc_exact_peak_region_v1
noaa-science-v1-0-1:201402022137,2014-02-02 21:37:00+00:00,2014-02-02 21:43:00+00:00,M1.5,,missing_region_no_exact_reference,,,,unresolved_no_exact_xra_peak,none,True,,,,,,False,swpc_exact_peak_region_v1
noaa-science-v1-0-1:201402022152,2014-02-02 21:52:00+00:00,2014-02-02 21:56:00+00:00,M1.4,,missing_region_no_exact_reference,,,,unresolved_no_exact_xra_peak,none,True,,,,,,False,swpc_exact_peak_region_v1
noaa-science-v1-0-1:201402022227,2014-02-02 22:27:00+00:00,2014-02-02 22:31:00+00:00,M1.1,11968,existing_region_reference_conflict,11967,11968,11968,retained_original_daily_supported,direct_xra,True,20140202events.txt:170,20140202:3970,11968,20140202events.txt:170,C8.4,False,swpc_exact_peak_region_v1
noaa-science-v1-0-1:201402032226,2014-02-03 22:26:00+00:00,2014-02-03 22:33:00+00:00,M1.1,,missing_region_peak_only_candidate,11968,,,unresolved_no_qualified_region_evidence,none,True,20140203events.txt:129,20140203:4470,,,C7.8,False,swpc_exact_peak_region_v1
noaa-science-v1-0-1:201402040025,2014-02-04 00:25:00+00:00,2014-02-04 01:03:00+00:00,M1.9,,missing_region_no_exact_reference,,,,unresolved_no_exact_xra_peak,none,True,,,,,,False,swpc_exact_peak_region_v1
noaa-science-v1-0-1:201402040111,2014-02-04 01:11:00+00:00,2014-02-04 01:23:00+00:00,M5.5,11968,existing_region_reference_conflict,11967;11968,11968,11968,retained_original_daily_supported,direct_xra,True,20140204events.txt:25,20140204:4570,11968,20140204events.txt:25,M3.8,True,swpc_exact_peak_region_v1
noaa-science-v1-0-1:201402040239,2014-02-04 02:39:00+00:00,2014-02-04 02:49:00+00:00,M1.2,,missing_region_no_exact_reference,,,,unresolved_no_exact_xra_peak,none,True,,,,,,False,swpc_exact_peak_region_v1
noaa-science-v1-0-1:201402040253,2014-02-04 02:53:00+00:00,2014-02-04 02:58:00+00:00,M1.7,,missing_region_no_exact_reference,,,,unresolved_no_exact_xra_peak,none,True,,,,,,False,swpc_exact_peak_region_v1
noaa-science-v1-0-1:201402041519,2014-02-04 15:19:00+00:00,2014-02-04 15:35:00+00:00,M1.8,,missing_region_no_exact_reference,,,,unresolved_no_exact_xra_peak,none,True,,,,,,False,swpc_exact_peak_region_v1
noaa-science-v1-0-1:201402041548,2014-02-04 15:48:00+00:00,2014-02-04 15:53:00+00:00,M1.7,,missing_region_no_exact_reference,,,,unresolved_no_exact_xra_peak,none,True,,,,,,False,swpc_exact_peak_region_v1
noaa-science-v1-0-1:201402091533,2014-02-09 15:33:00+00:00,2014-02-09 16:17:00+00:00,M1.5,,missing_region_no_exact_reference,,,,unresolved_no_qualified_region_evidence,none,True,20140209events.txt:46,20140209:6260,,,M1.0,True,swpc_exact_peak_region_v1
noaa-science-v1-0-1:201402120639,2014-02-12 06:39:00+00:00,2014-02-12 06:47:00+00:00,M2.0,,missing_region_no_exact_reference,,,,unresolved_no_exact_xra_peak,none,True,,,,,,False,swpc_exact_peak_region_v1
noaa-science-v1-0-1:201402131028,2014-02-13 10:28:00+00:00,2014-02-13 10:37:00+00:00,M1.2,,missing_region_no_exact_reference,,,,unresolved_no_exact_xra_peak,none,True,,,,,,False,swpc_exact_peak_region_v1
noaa-science-v1-0-1:201402131541,2014-02-13 15:41:00+00:00,2014-02-13 15:52:00+00:00,M1.8,,missing_region_no_exact_reference,,,,unresolved_no_exact_xra_peak,none,True,,,,,,False,swpc_exact_peak_region_v1
noaa-science-v1-0-1:201402221517,2014-02-22 15:17:00+00:00,2014-02-22 15:50:00+00:00,M1.0,,missing_region_no_exact_reference,,,,unresolved_no_exact_xra_peak,none,True,,,,,,False,swpc_exact_peak_region_v1
noaa-science-v1-0-1:201402230546,2014-02-23 05:46:00+00:00,2014-02-23 06:10:00+00:00,M1.6,,missing_region_no_exact_reference,,,,unresolved_no_exact_xra_peak,none,True,,,,,,False,swpc_exact_peak_region_v1
noaa-science-v1-0-1:201402241200,2014-02-24 12:00:00+00:00,2014-02-24 12:05:00+00:00,M1.8,11990,existing_region_reference_conflict,11982;11990,,,unresolved_no_exact_xra_peak,none,True,,,,,,False,swpc_exact_peak_region_v1
noaa-science-v1-0-1:201403011318,2014-03-01 13:18:00+00:00,2014-03-01 13:33:00+00:00,M1.6,11982,existing_region_reference_conflict,11982;11984,11982,11982,retained_original_daily_supported,direct_xra,True,20140301events.txt:33,20140301:1870,11982,20140301events.txt:33,M1.1,True,swpc_exact_peak_region_v1
noaa-science-v1-0-1:201403041112,2014-03-04 11:12:00+00:00,2014-03-04 11:24:00+00:00,M1.0,,missing_region_no_exact_reference,,,,unresolved_no_qualified_region_evidence,none,True,20140304events.txt:38,20140304:2660,,,C7.6,False,swpc_exact_peak_region_v1
noaa-science-v1-0-1:201403111912,2014-03-11 19:12:00+00:00,2014-03-11 19:46:00+00:00,M1.1,,missing_region_peak_only_candidate,12002,,,unresolved_no_exact_xra_peak,none,True,,,,,,False,swpc_exact_peak_region_v1
noaa-science-v1-0-1:201403150926,2014-03-15 09:26:00+00:00,2014-03-15 09:36:00+00:00,M1.0,,missing_region_no_exact_reference,,,,unresolved_no_exact_xra_peak,none,True,,,,,,False,swpc_exact_peak_region_v1
noaa-science-v1-0-1:201403200332,2014-03-20 03:32:00+00:00,2014-03-20 03:56:00+00:00,M2.4,12010,existing_region_reference_conflict,12010;12014,12010,12010,retained_original_daily_supported,direct_xra,True,20140320events.txt:39,20140320:6640,12010,20140320events.txt:39,M1.7,True,swpc_exact_peak_region_v1
noaa-science-v1-0-1:201403200835,2014-03-20 08:35:00+00:00,2014-03-20 08:38:00+00:00,M1.3,,missing_region_no_exact_reference,,,,unresolved_no_exact_xra_peak,none,True,,,,,,False,swpc_exact_peak_region_v1
noaa-science-v1-0-1:201403310755,2014-03-31 07:55:00+00:00,2014-03-31 08:07:00+00:00,M2.0,12014,existing_region_reference_conflict,12010;12014,12014,12014,retained_original_daily_supported,direct_xra,True,20140331events.txt:28,20140331:9030,12014,20140331events.txt:28,M1.4,True,swpc_exact_peak_region_v1
noaa-science-v1-0-1:201405060819,2014-05-06 08:19:00+00:00,2014-05-06 09:03:00+00:00,M2.6,12051,existing_region_reference_conflict,12047;12051,12051,12051,retained_original_daily_supported,direct_xra,True,20140506events.txt:25,20140506:6690,12051,20140506events.txt:25,M1.8,True,swpc_exact_peak_region_v1
noaa-science-v1-0-1:201405141355,2014-05-14 13:55:00+00:00,2014-05-14 14:25:00+00:00,M1.0,,missing_region_no_exact_reference,,,,unresolved_no_exact_xra_peak,none,True,,,,,,False,swpc_exact_peak_region_v1
noaa-science-v1-0-1:201405141431,2014-05-14 14:31:00+00:00,2014-05-14 14:48:00+00:00,M1.1,,missing_region_no_exact_reference,,,,unresolved_no_exact_xra_peak,none,True,,,,,,False,swpc_exact_peak_region_v1
noaa-science-v1-0-1:201406130028,2014-06-13 00:28:00+00:00,2014-06-13 00:34:00+00:00,M1.2,12087,existing_region_reference_conflict,12092,12087,12087,retained_original_daily_supported,direct_xra,True,20140613events.txt:20,20140613:3660,12087,20140613events.txt:20,C8.5,False,swpc_exact_peak_region_v1
noaa-science-v1-0-1:201406130328,2014-06-13 03:28:00+00:00,2014-06-13 03:39:00+00:00,M1.4,,missing_region_peak_only_candidate,12085,,,unresolved_no_qualified_region_evidence,none,True,20140613events.txt:36,20140613:3710,,,C9.9,False,swpc_exact_peak_region_v1
noaa-science-v1-0-1:201406141919,2014-06-14 19:19:00+00:00,2014-06-14 19:29:00+00:00,M2.0,,missing_region_no_exact_reference,,,,unresolved_no_qualified_region_evidence,none,True,20140614events.txt:54,20140614:4330,,,M1.4,True,swpc_exact_peak_region_v1
noaa-science-v1-0-1:201406150748,2014-06-15 07:48:00+00:00,2014-06-15 08:09:00+00:00,M1.0,12085,existing_region_reference_conflict,12088,12085,12085,retained_original_daily_supported,direct_xra,True,20140615events.txt:29,20140615:4450,12085,20140615events.txt:29,C7.0,False,swpc_exact_peak_region_v1
noaa-science-v1-0-1:201406160132,2014-06-16 01:32:00+00:00,2014-06-16 02:15:00+00:00,M1.1,12085,existing_region_reference_conflict,12080,12085,12085,retained_original_daily_supported,direct_xra,True,20140616events.txt:16,20140616:4570,12085,20140616events.txt:16,C8.3,False,swpc_exact_peak_region_v1
noaa-science-v1-0-1:201409061644,2014-09-06 16:44:00+00:00,2014-09-06 16:57:00+00:00,M1.2,,missing_region_no_exact_reference,,,,unresolved_no_exact_xra_peak,none,True,,,,,,False,swpc_exact_peak_region_v1
noaa-science-v1-0-1:201409112123,2014-09-11 21:23:00+00:00,2014-09-11 21:26:00+00:00,M2.0,12166,existing_region_reference_conflict,12157;12166,12166,12166,retained_original_daily_supported,direct_xra,True,20140911events.txt:58,20140911:5250,12166,20140911events.txt:58,M1.4,True,swpc_exact_peak_region_v1
noaa-science-v1-0-1:201409180835,2014-09-18 08:35:00+00:00,2014-09-18 08:42:00+00:00,M3.0,,missing_region_no_exact_reference,,,,unresolved_no_exact_xra_peak,none,True,,,,,,False,swpc_exact_peak_region_v1
noaa-science-v1-0-1:201409260604,2014-09-26 06:04:00+00:00,2014-09-26 06:25:00+00:00,M1.0,,missing_region_no_exact_reference,,,,unresolved_no_exact_xra_peak,none,True,,,,,,False,swpc_exact_peak_region_v1
noaa-science-v1-0-1:201409270827,2014-09-27 08:27:00+00:00,2014-09-27 08:36:00+00:00,M1.8,,missing_region_no_exact_reference,,,,unresolved_no_exact_xra_peak,none,True,,,,,,False,swpc_exact_peak_region_v1
noaa-science-v1-0-1:201410141808,2014-10-14 18:08:00+00:00,2014-10-14 18:37:00+00:00,M1.5,,missing_region_no_exact_reference,,,,unresolved_no_qualified_region_evidence,none,True,20141014events.txt:47,20141014:1760,,,M1.1,True,swpc_exact_peak_region_v1
noaa-science-v1-0-1:201410160729,2014-10-16 07:29:00+00:00,2014-10-16 07:37:00+00:00,M1.1,,missing_region_no_exact_reference,,,,unresolved_no_qualified_region_evidence,none,True,20141016events.txt:48,20141016:2150,,,C7.7,False,swpc_exact_peak_region_v1
noaa-science-v1-0-1:201410180806,2014-10-18 08:06:00+00:00,2014-10-18 08:10:00+00:00,M2.3,,missing_region_no_exact_reference,,,,unresolved_no_exact_xra_peak,none,True,,,,,,False,swpc_exact_peak_region_v1
noaa-science-v1-0-1:201410201559,2014-10-20 15:59:00+00:00,2014-10-20 16:15:00+00:00,M4.3,,missing_region_no_exact_reference,,,,unresolved_no_exact_xra_peak,none,True,,,,,,False,swpc_exact_peak_region_v1
noaa-science-v1-0-1:201410202016,2014-10-20 20:16:00+00:00,2014-10-20 20:26:00+00:00,M1.9,,missing_region_no_exact_reference,,,,unresolved_no_exact_xra_peak,none,True,,,,,,False,swpc_exact_peak_region_v1
noaa-science-v1-0-1:201410211335,2014-10-21 13:35:00+00:00,2014-10-21 13:38:00+00:00,M1.8,,missing_region_exact_start_peak_candidate,12192,,,unresolved_no_qualified_region_evidence,none,True,20141021events.txt:113,20141021:4390,,,M1.2,True,swpc_exact_peak_region_v1
noaa-science-v1-0-1:201410211446,2014-10-21 14:46:00+00:00,2014-10-21 14:53:00+00:00,M1.0,,missing_region_no_exact_reference,,,,unresolved_no_exact_xra_peak,none,True,,,,,,False,swpc_exact_peak_region_v1
noaa-science-v1-0-1:201410221550,2014-10-22 15:50:00+00:00,2014-10-22 15:57:00+00:00,M2.0,,missing_region_no_exact_reference,,,,unresolved_no_qualified_region_evidence,none,True,20141022events.txt:78,20141022:4820,,,M1.4,True,swpc_exact_peak_region_v1
noaa-science-v1-0-1:201410221758,2014-10-22 17:58:00+00:00,2014-10-22 18:15:00+00:00,M1.3,,missing_region_no_exact_reference,,,,unresolved_no_exact_xra_peak,none,True,,,,,,False,swpc_exact_peak_region_v1
noaa-science-v1-0-1:201410242048,2014-10-24 20:48:00+00:00,2014-10-24 21:20:00+00:00,X3.1,,missing_region_no_exact_reference,,,,unresolved_no_exact_xra_peak,none,True,,,,,,False,swpc_exact_peak_region_v1
noaa-science-v1-0-1:201410250737,2014-10-25 07:37:00+00:00,2014-10-25 07:51:00+00:00,M1.3,,missing_region_no_exact_reference,,,,unresolved_no_exact_xra_peak,none,True,,,,,,False,swpc_exact_peak_region_v1
noaa-science-v1-0-1:201410250820,2014-10-25 08:20:00+00:00,2014-10-25 08:23:00+00:00,M1.3,,missing_region_peak_only_candidate,12192,,,unresolved_no_exact_xra_peak,none,True,,,,,,False,swpc_exact_peak_region_v1
noaa-science-v1-0-1:201410261013,2014-10-26 10:13:00+00:00,2014-10-26 10:18:00+00:00,M1.0,,missing_region_no_exact_reference,,,,unresolved_no_exact_xra_peak,none,True,,,,,,False,swpc_exact_peak_region_v1
noaa-science-v1-0-1:201410262327,2014-10-26 23:27:00+00:00,2014-10-26 23:36:00+00:00,M1.1,,missing_region_no_exact_reference,,,,unresolved_no_exact_xra_peak,none,True,,,,,,False,swpc_exact_peak_region_v1
noaa-science-v1-0-1:201410270001,2014-10-27 00:01:00+00:00,2014-10-27 00:26:00+00:00,M9.9,,missing_region_no_exact_reference,,,,unresolved_no_exact_xra_peak,none,True,,,,,,False,swpc_exact_peak_region_v1
noaa-science-v1-0-1:201410270228,2014-10-27 02:28:00+00:00,2014-10-27 02:34:00+00:00,M1.0,,missing_region_no_exact_reference,,,,unresolved_no_exact_xra_peak,none,True,,,,,,False,swpc_exact_peak_region_v1
noaa-science-v1-0-1:201410270643,2014-10-27 06:43:00+00:00,2014-10-27 06:48:00+00:00,M1.0,,missing_region_no_exact_reference,,,,unresolved_no_exact_xra_peak,none,True,,,,,,False,swpc_exact_peak_region_v1
noaa-science-v1-0-1:201410270853,2014-10-27 08:53:00+00:00,2014-10-27 09:07:00+00:00,M1.5,,missing_region_no_exact_reference,,,,unresolved_no_exact_xra_peak,none,True,,,,,,False,swpc_exact_peak_region_v1
noaa-science-v1-0-1:201410270915,2014-10-27 09:15:00+00:00,2014-10-27 09:41:00+00:00,M3.1,,missing_region_no_exact_reference,,,,unresolved_no_exact_xra_peak,none,True,,,,,,False,swpc_exact_peak_region_v1
noaa-science-v1-0-1:201410271656,2014-10-27 16:56:00+00:00,2014-10-27 17:02:00+00:00,M1.0,,missing_region_no_exact_reference,,,,unresolved_no_exact_xra_peak,none,True,,,,,,False,swpc_exact_peak_region_v1
noaa-science-v1-0-1:201410290337,2014-10-29 03:37:00+00:00,2014-10-29 03:44:00+00:00,M1.1,,missing_region_no_exact_reference,,,,unresolved_no_exact_xra_peak,none,True,,,,,,False,swpc_exact_peak_region_v1
noaa-science-v1-0-1:201410290601,2014-10-29 06:01:00+00:00,2014-10-29 06:18:00+00:00,M1.0,,missing_region_no_exact_reference,,,,unresolved_no_exact_xra_peak,none,True,,,,,,False,swpc_exact_peak_region_v1
noaa-science-v1-0-1:201410290650,2014-10-29 06:50:00+00:00,2014-10-29 07:04:00+00:00,M1.2,,missing_region_no_exact_reference,,,,unresolved_no_exact_xra_peak,none,True,,,,,,False,swpc_exact_peak_region_v1
noaa-science-v1-0-1:201410290725,2014-10-29 07:25:00+00:00,2014-10-29 07:30:00+00:00,M1.2,,missing_region_no_exact_reference,,,,unresolved_no_exact_xra_peak,none,True,,,,,,False,swpc_exact_peak_region_v1
noaa-science-v1-0-1:201410291407,2014-10-29 14:07:00+00:00,2014-10-29 14:21:00+00:00,M1.1,,missing_region_no_exact_reference,,,,unresolved_no_exact_xra_peak,none,True,,,,,,False,swpc_exact_peak_region_v1
noaa-science-v1-0-1:201410291606,2014-10-29 16:06:00+00:00,2014-10-29 16:13:00+00:00,M1.2,,missing_region_no_exact_reference,,,,unresolved_no_exact_xra_peak,none,True,,,,,,False,swpc_exact_peak_region_v1
noaa-science-v1-0-1:201410292350,2014-10-29 23:50:00+00:00,2014-10-30 00:06:00+00:00,M1.0,,missing_region_no_exact_reference,,,,unresolved_no_exact_xra_peak,none,True,,,,,,False,swpc_exact_peak_region_v1
noaa-science-v1-0-1:201410301517,2014-10-30 15:17:00+00:00,2014-10-30 15:31:00+00:00,M1.3,,missing_region_no_exact_reference,,,,unresolved_no_exact_xra_peak,none,True,,,,,,False,swpc_exact_peak_region_v1
noaa-science-v1-0-1:201410310028,2014-10-31 00:28:00+00:00,2014-10-31 01:01:00+00:00,M1.1,,missing_region_peak_only_candidate,12192,,,unresolved_no_qualified_region_evidence,none,True,20141031events.txt:14,20141031:6970,,,C8.2,False,swpc_exact_peak_region_v1
noaa-science-v1-0-1:201411022037,2014-11-02 20:37:00+00:00,2014-11-02 21:05:00+00:00,M1.3,,missing_region_no_exact_reference,,,,unresolved_no_qualified_region_evidence,none,True,20141102events.txt:90,20141102:7670,,,C9.4,False,swpc_exact_peak_region_v1
noaa-science-v1-0-1:201411062200,2014-11-06 22:00:00+00:00,2014-11-06 22:16:00+00:00,M3.6,12205,existing_region_reference_conflict,12197;12205,12205,12205,retained_original_daily_supported,direct_xra,True,20141106events.txt:59,20141106:8740,12205,20141106events.txt:59,M2.5,True,swpc_exact_peak_region_v1
noaa-science-v1-0-1:201411070308,2014-11-07 03:08:00+00:00,2014-11-07 03:17:00+00:00,M2.9,,missing_region_no_exact_reference,,,,unresolved_no_exact_xra_peak,none,True,,,,,,False,swpc_exact_peak_region_v1
noaa-science-v1-0-1:201412130508,2014-12-13 05:08:00+00:00,2014-12-13 05:19:00+00:00,M2.6,,missing_region_no_exact_reference,,,,unresolved_no_exact_xra_peak,none,True,,,,,,False,swpc_exact_peak_region_v1
noaa-science-v1-0-1:201412140825,2014-12-14 08:25:00+00:00,2014-12-14 08:33:00+00:00,M1.2,12242,existing_region_reference_conflict,12237,12242,12242,retained_original_daily_supported,direct_xra,True,20141214events.txt:87,20141214:9040,12242,20141214events.txt:87,C8.5,False,swpc_exact_peak_region_v1
noaa-science-v1-0-1:201412141923,2014-12-14 19:23:00+00:00,2014-12-14 19:33:00+00:00,M2.2,12242,existing_region_reference_conflict,12237;12242,12242,12242,retained_original_daily_supported,direct_xra,True,20141214events.txt:118,20141214:9170,12242,20141214events.txt:118,M1.6,True,swpc_exact_peak_region_v1
noaa-science-v1-0-1:201412190927,2014-12-19 09:27:00+00:00,2014-12-19 09:44:00+00:00,M1.9,12242,existing_region_reference_conflict,12237;12242,,,unresolved_no_exact_xra_peak,none,True,,,,,,False,swpc_exact_peak_region_v1
noaa-science-v1-0-1:201412211123,2014-12-21 11:23:00+00:00,2014-12-21 11:48:00+00:00,M1.3,,missing_region_no_exact_reference,,,,unresolved_no_exact_xra_peak,none,True,,,,,,False,swpc_exact_peak_region_v1
noaa-science-v1-0-1:201501061136,2015-01-06 11:36:00+00:00,2015-01-06 11:47:00+00:00,M1.3,,missing_region_no_exact_reference,,,,unresolved_no_exact_xra_peak,none,True,,,,,,False,swpc_exact_peak_region_v1
noaa-science-v1-0-1:201501300552,2015-01-30 05:52:00+00:00,2015-01-30 06:03:00+00:00,M2.3,,missing_region_no_exact_reference,,,,unresolved_no_exact_xra_peak,none,True,,,,,,False,swpc_exact_peak_region_v1
noaa-science-v1-0-1:201502092256,2015-02-09 22:56:00+00:00,2015-02-09 23:35:00+00:00,M3.4,12282,existing_region_reference_conflict,12280;12282,12282,12282,retained_original_daily_supported,direct_xra,True,20150209events.txt:56,20150209:2550,12282,20150209events.txt:56,M2.4,True,swpc_exact_peak_region_v1
noaa-science-v1-0-1:201503030217,2015-03-03 02:17:00+00:00,2015-03-03 02:27:00+00:00,M1.1,,missing_region_no_exact_reference,,,,unresolved_no_exact_xra_peak,none,True,,,,,,False,swpc_exact_peak_region_v1
noaa-science-v1-0-1:201503051739,2015-03-05 17:39:00+00:00,2015-03-05 18:11:00+00:00,M1.7,,missing_region_peak_only_candidate,12297,,,unresolved_no_qualified_region_evidence,none,True,20150305events.txt:19,20150305:4650,,,M1.2,True,swpc_exact_peak_region_v1
noaa-science-v1-0-1:201503060411,2015-03-06 04:11:00+00:00,2015-03-06 04:50:00+00:00,M4.4,,missing_region_no_exact_reference,,,,unresolved_no_exact_xra_peak,none,True,,,,,,False,swpc_exact_peak_region_v1
noaa-science-v1-0-1:201503110725,2015-03-11 07:25:00+00:00,2015-03-11 07:31:00+00:00,M2.0,,missing_region_no_exact_reference,,,,unresolved_no_exact_xra_peak,none,True,,,,,,False,swpc_exact_peak_region_v1
noaa-science-v1-0-1:201503130544,2015-03-13 05:44:00+00:00,2015-03-13 05:53:00+00:00,M1.0,,missing_region_no_exact_reference,,,,unresolved_no_exact_xra_peak,none,True,,,,,,False,swpc_exact_peak_region_v1
noaa-science-v1-0-1:201503150119,2015-03-15 01:19:00+00:00,2015-03-15 02:01:00+00:00,M1.2,,missing_region_no_exact_reference,,,,unresolved_no_exact_xra_peak,none,True,,,,,,False,swpc_exact_peak_region_v1
noaa-science-v1-0-1:201503150936,2015-03-15 09:36:00+00:00,2015-03-15 09:40:00+00:00,M1.7,,missing_region_exact_start_peak_candidate,12297,12297,12297,filled_missing_direct_xra,direct_xra,True,20150315events.txt:48,20150315:7410,12297,20150315events.txt:48,M1.0,True,swpc_exact_peak_region_v1
noaa-science-v1-0-1:201503152249,2015-03-15 22:49:00+00:00,2015-03-15 22:56:00+00:00,M1.1,,missing_region_no_exact_reference,,,,unresolved_no_exact_xra_peak,none,True,,,,,,False,swpc_exact_peak_region_v1
noaa-science-v1-0-1:201503152304,2015-03-15 23:04:00+00:00,2015-03-15 23:22:00+00:00,M1.8,,missing_region_peak_only_candidate,12297,,,unresolved_no_qualified_region_evidence,none,True,20150315events.txt:79,20150315:7550,,,M1.2,True,swpc_exact_peak_region_v1
noaa-science-v1-0-1:201504211015,2015-04-21 10:15:00+00:00,2015-04-21 10:40:00+00:00,M3.1,,missing_region_no_exact_reference,,,,unresolved_no_qualified_region_evidence,none,True,20150421events.txt:62,20150421:3360,,,M2.2,True,swpc_exact_peak_region_v1
noaa-science-v1-0-1:201504212158,2015-04-21 21:58:00+00:00,2015-04-21 22:01:00+00:00,M2.0,,missing_region_conflicting_references,12322;12325,12325,,unresolved_reference_daily_conflict,direct_xra,True,20150421events.txt:112,20150421:3560,12325,20150421events.txt:112,M1.2,True,swpc_exact_peak_region_v1
noaa-science-v1-0-1:201504230912,2015-04-23 09:12:00+00:00,2015-04-23 10:07:00+00:00,M1.6,12322,existing_region_reference_conflict,12321;12322,12322,12322,retained_original_daily_supported,direct_xra,True,20150423events.txt:74,20150423:4190,12322,20150423events.txt:74,M1.1,True,swpc_exact_peak_region_v1
noaa-science-v1-0-1:201505061145,2015-05-06 11:45:00+00:00,2015-05-06 11:49:00+00:00,M2.8,12339,existing_region_reference_conflict,12335;12339,12339,12339,retained_original_daily_supported,direct_xra,True,20150506events.txt:61,20150506:6520,12339,20150506events.txt:61,M1.9,True,swpc_exact_peak_region_v1
noaa-science-v1-0-1:201505090106,2015-05-09 01:06:00+00:00,2015-05-09 01:34:00+00:00,M1.0,,missing_region_no_exact_reference,,,,unresolved_no_qualified_region_evidence,none,True,20150509events.txt:21,20150509:7440,,,C7.4,False,swpc_exact_peak_region_v1
noaa-science-v1-0-1:201506221736,2015-06-22 17:36:00+00:00,2015-06-22 18:03:00+00:00,M8.0,,missing_region_no_exact_reference,,,,unresolved_no_exact_xra_peak,none,True,,,,,,False,swpc_exact_peak_region_v1
noaa-science-v1-0-1:201508212012,2015-08-21 20:12:00+00:00,2015-08-21 20:18:00+00:00,M1.0,,missing_region_no_exact_reference,,,,unresolved_no_exact_xra_peak,none,True,,,,,,False,swpc_exact_peak_region_v1
noaa-science-v1-0-1:201508221316,2015-08-22 13:16:00+00:00,2015-08-22 13:23:00+00:00,M3.2,,missing_region_peak_only_candidate,12403,,,unresolved_no_exact_xra_peak,none,True,,,,,,False,swpc_exact_peak_region_v1
noaa-science-v1-0-1:201508300224,2015-08-30 02:24:00+00:00,2015-08-30 03:15:00+00:00,M1.8,,missing_region_no_exact_reference,,,,unresolved_no_exact_xra_peak,none,True,,,,,,False,swpc_exact_peak_region_v1
noaa-science-v1-0-1:201509170926,2015-09-17 09:26:00+00:00,2015-09-17 09:40:00+00:00,M1.8,,missing_region_peak_only_candidate,12415,12415,12415,filled_missing_direct_xra,direct_xra,True,20150917events.txt:67,20150917:1570,12415,20150917events.txt:67,M1.1,True,swpc_exact_peak_region_v1
noaa-science-v1-0-1:201509271027,2015-09-27 10:27:00+00:00,2015-09-27 10:40:00+00:00,M2.7,12422,existing_region_reference_conflict,12422;12423,12422,12422,retained_original_daily_supported,direct_xra,True,20150927events.txt:41,20150927:4040,12422,20150927events.txt:41,M1.9,True,swpc_exact_peak_region_v1
noaa-science-v1-0-1:201509272310,2015-09-27 23:10:00+00:00,2015-09-27 23:21:00+00:00,M1.1,12422,existing_region_reference_conflict,12423,12422,12422,retained_original_daily_supported,direct_xra,True,20150927events.txt:153,20150927:4490,12422,20150927events.txt:153,C7.9,False,swpc_exact_peak_region_v1
noaa-science-v1-0-1:201509281151,2015-09-28 11:51:00+00:00,2015-09-28 11:56:00+00:00,M1.1,,missing_region_no_exact_reference,,,,unresolved_no_exact_xra_peak,none,True,,,,,,False,swpc_exact_peak_region_v1
noaa-science-v1-0-1:201509281257,2015-09-28 12:57:00+00:00,2015-09-28 13:09:00+00:00,M1.1,,missing_region_no_exact_reference,,,,unresolved_no_exact_xra_peak,none,True,,,,,,False,swpc_exact_peak_region_v1
noaa-science-v1-0-1:201509281331,2015-09-28 13:31:00+00:00,2015-09-28 13:40:00+00:00,M1.7,,missing_region_no_exact_reference,,,,unresolved_no_exact_xra_peak,none,True,,,,,,False,swpc_exact_peak_region_v1
noaa-science-v1-0-1:201509290334,2015-09-29 03:34:00+00:00,2015-09-29 03:43:00+00:00,M1.6,12422,existing_region_reference_conflict,12422;12423,12422,12422,retained_original_daily_supported,direct_xra,True,20150929events.txt:33,20150929:5200,12422,20150929events.txt:33,M1.1,True,swpc_exact_peak_region_v1
noaa-science-v1-0-1:201509290753,2015-09-29 07:53:00+00:00,2015-09-29 08:01:00+00:00,M1.5,,missing_region_no_exact_reference,,,,unresolved_no_exact_xra_peak,none,True,,,,,,False,swpc_exact_peak_region_v1
noaa-science-v1-0-1:201509290846,2015-09-29 08:46:00+00:00,2015-09-29 08:51:00+00:00,M2.1,12423,existing_region_reference_conflict,12422;12423,12423,12423,retained_original_daily_supported,direct_xra,True,20150929events.txt:76,20150929:5350,12423,20150929events.txt:76,M1.3,True,swpc_exact_peak_region_v1
noaa-science-v1-0-1:201510171830,2015-10-17 18:30:00+00:00,2015-10-17 18:51:00+00:00,M1.2,12437,existing_region_reference_conflict,12435,12437,12437,retained_original_daily_supported,direct_xra,True,20151017events.txt:54,20151017:8230,12437,20151017events.txt:54,C8.6,False,swpc_exact_peak_region_v1
noaa-science-v1-0-1:201510172004,2015-10-17 20:04:00+00:00,2015-10-17 20:23:00+00:00,M1.6,12437,existing_region_reference_conflict,12435;12437,12437,12437,retained_original_daily_supported,direct_xra,True,20151017events.txt:56,20151017:8240,12437,20151017events.txt:56,M1.1,True,swpc_exact_peak_region_v1
noaa-science-v1-0-1:201510172035,2015-10-17 20:35:00+00:00,2015-10-17 20:42:00+00:00,M2.1,12437,existing_region_reference_conflict,12434;12437,12437,12437,retained_original_daily_supported,direct_xra,True,20151017events.txt:58,20151017:8250,12437,20151017events.txt:58,M1.5,True,swpc_exact_peak_region_v1
noaa-science-v1-0-1:201607210042,2016-07-21 00:42:00+00:00,2016-07-21 00:46:00+00:00,M1.7,12567,existing_region_reference_conflict,12565;12567,12567,12567,retained_original_daily_supported,direct_xra,True,20160721events.txt:19,20160721:4660,12567,20160721events.txt:19,M1.2,True,swpc_exact_peak_region_v1
noaa-science-v1-0-1:201607211112,2016-07-21 11:12:00+00:00,2016-07-21 11:19:00+00:00,M1.0,12567,existing_region_reference_conflict,12565,12567,12567,retained_original_daily_supported,direct_xra,True,20160721events.txt:61,20160721:4840,12567,20160721events.txt:61,C7.2,False,swpc_exact_peak_region_v1
noaa-science-v1-0-1:201607211246,2016-07-21 12:46:00+00:00,2016-07-21 12:55:00+00:00,M1.3,12567,existing_region_reference_conflict,12565,12567,12567,retained_original_daily_supported,direct_xra,True,20160721events.txt:71,20160721:4860,12567,20160721events.txt:71,C9.1,False,swpc_exact_peak_region_v1
noaa-science-v1-0-1:201607230142,2016-07-23 01:42:00+00:00,2016-07-23 02:11:00+00:00,M7.1,12567,existing_region_reference_conflict,12565;12567,12567,12567,retained_original_daily_supported,direct_xra,True,20160723events.txt:18,20160723:5430,12567,20160723events.txt:18,M5.0,True,swpc_exact_peak_region_v1
noaa-science-v1-0-1:201607230458,2016-07-23 04:58:00+00:00,2016-07-23 05:16:00+00:00,X1.0,12567,existing_region_reference_conflict,12565;12567,12567,12567,retained_original_daily_supported,direct_xra,True,20160723events.txt:25,20160723:5450,12567,20160723events.txt:25,M7.6,True,swpc_exact_peak_region_v1
noaa-science-v1-0-1:201607230527,2016-07-23 05:27:00+00:00,2016-07-23 05:31:00+00:00,M7.9,12567,existing_region_reference_conflict,12565;12567,12567,12567,retained_original_daily_supported,direct_xra,True,20160723events.txt:39,20160723:5470,12567,20160723events.txt:39,M5.5,True,swpc_exact_peak_region_v1
noaa-science-v1-0-1:201608071433,2016-08-07 14:33:00+00:00,2016-08-07 14:44:00+00:00,M1.9,,missing_region_no_exact_reference,,,,unresolved_no_qualified_region_evidence,none,True,20160807events.txt:32,20160807:6490,,,M1.3,True,swpc_exact_peak_region_v1
noaa-science-v1-0-1:201608090033,2016-08-09 00:33:00+00:00,2016-08-09 00:42:00+00:00,M1.2,12574,existing_region_reference_conflict,12573,12574,12574,retained_original_daily_supported,direct_xra,True,20160809events.txt:14,20160809:6820,12574,20160809events.txt:14,C8.9,False,swpc_exact_peak_region_v1
noaa-science-v1-0-1:201704012131,2017-04-01 21:31:00+00:00,2017-04-01 21:48:00+00:00,M6.8,,missing_region_peak_only_candidate,12644,12644,12644,filled_missing_direct_xra,direct_xra,True,20170401events.txt:75,20170401:1260,12644,20170401events.txt:75,M4.4,True,swpc_exact_peak_region_v1
noaa-science-v1-0-1:201704020233,2017-04-02 02:33:00+00:00,2017-04-02 02:46:00+00:00,M1.2,,missing_region_peak_only_candidate,12645,12645,12645,filled_missing_direct_xra,direct_xra,True,20170402events.txt:33,20170402:1380,12645,20170402events.txt:33,C8.0,False,swpc_exact_peak_region_v1
noaa-science-v1-0-1:201704020742,2017-04-02 07:42:00+00:00,2017-04-02 08:02:00+00:00,M8.3,,missing_region_peak_only_candidate,12644,12644,12644,filled_missing_direct_xra,direct_xra,True,20170402events.txt:69,20170402:1550,12644,20170402events.txt:69,M5.3,True,swpc_exact_peak_region_v1
noaa-science-v1-0-1:201704021250,2017-04-02 12:50:00+00:00,2017-04-02 13:00:00+00:00,M3.6,,missing_region_peak_only_candidate,12644,12644,12644,filled_missing_direct_xra,direct_xra,True,20170402events.txt:99,20170402:1620,12644,20170402events.txt:99,M2.3,True,swpc_exact_peak_region_v1
noaa-science-v1-0-1:201704021814,2017-04-02 18:14:00+00:00,2017-04-02 18:38:00+00:00,M3.3,,missing_region_peak_only_candidate,12644,12644,12644,filled_missing_direct_xra,direct_xra,True,20170402events.txt:130,20170402:1760,12644,20170402events.txt:130,M2.1,True,swpc_exact_peak_region_v1
noaa-science-v1-0-1:201704021845,2017-04-02 18:45:00+00:00,2017-04-02 18:52:00+00:00,M3.2,,missing_region_no_exact_reference,,,,unresolved_no_exact_xra_peak,none,True,,,,,,False,swpc_exact_peak_region_v1
noaa-science-v1-0-1:201704022026,2017-04-02 20:26:00+00:00,2017-04-02 20:33:00+00:00,M8.8,,missing_region_exact_start_peak_candidate,12644,12644,12644,filled_missing_direct_xra,direct_xra,True,20170402events.txt:144,20170402:1790,12644,20170402events.txt:144,M5.7,True,swpc_exact_peak_region_v1
noaa-science-v1-0-1:201704030050,2017-04-03 00:50:00+00:00,2017-04-03 01:05:00+00:00,M1.9,,missing_region_peak_only_candidate,12644,12644,12644,filled_missing_direct_xra,direct_xra,True,20170403events.txt:20,20170403:1830,12644,20170403events.txt:20,M1.2,True,swpc_exact_peak_region_v1
noaa-science-v1-0-1:201704031317,2017-04-03 13:17:00+00:00,2017-04-03 13:24:00+00:00,M1.1,,missing_region_peak_only_candidate,12644,12644,12644,filled_missing_direct_xra,direct_xra,True,20170403events.txt:83,20170403:2030,12644,20170403events.txt:83,C7.3,False,swpc_exact_peak_region_v1
noaa-science-v1-0-1:201704031417,2017-04-03 14:17:00+00:00,2017-04-03 14:28:00+00:00,M9.0,,missing_region_no_exact_reference,,,,unresolved_no_exact_xra_peak,none,True,,,,,,False,swpc_exact_peak_region_v1
noaa-science-v1-0-1:201706010137,2017-06-01 01:37:00+00:00,2017-06-01 01:43:00+00:00,M1.0,,missing_region_peak_only_candidate,12661,12661,12661,filled_missing_direct_xra,direct_xra,True,20170601events.txt:18,20170601:5890,12661,20170601events.txt:18,C6.6,False,swpc_exact_peak_region_v1
noaa-science-v1-0-1:201706021751,2017-06-02 17:51:00+00:00,2017-06-02 17:57:00+00:00,M1.2,,missing_region_peak_only_candidate,12661,12661,12661,filled_missing_direct_xra,direct_xra,True,20170602events.txt:55,20170602:6340,12661,20170602events.txt:55,C8.0,False,swpc_exact_peak_region_v1
noaa-science-v1-0-1:201707031605,2017-07-03 16:05:00+00:00,2017-07-03 16:15:00+00:00,M2.0,,missing_region_no_exact_reference,,,,unresolved_no_qualified_region_evidence,none,True,20170703events.txt:42,20170703:7650,,,M1.3,True,swpc_exact_peak_region_v1
noaa-science-v1-0-1:201707090309,2017-07-09 03:09:00+00:00,2017-07-09 03:18:00+00:00,M2.1,,missing_region_exact_start_peak_candidate,12665,12665,12665,filled_missing_direct_xra,direct_xra,True,20170709events.txt:25,20170709:8800,12665,20170709events.txt:25,M1.3,True,swpc_exact_peak_region_v1
noaa-science-v1-0-1:201707132001,2017-07-13 20:01:00+00:00,2017-07-13 20:05:00+00:00,M1.2,,missing_region_no_exact_reference,,12667,12667,filled_missing_direct_xra,direct_xra,True,20170713events.txt:53,20170713:9600,12667,20170713events.txt:53,C8.4,False,swpc_exact_peak_region_v1
noaa-science-v1-0-1:201707140105,2017-07-14 01:05:00+00:00,2017-07-14 02:09:00+00:00,M3.7,,missing_region_peak_only_candidate,12665,12665,12665,filled_missing_direct_xra,direct_xra,True,20170714events.txt:22,20170714:9780,12665,20170714events.txt:22,M2.4,True,swpc_exact_peak_region_v1
noaa-science-v1-0-1:201708192124,2017-08-19 21:24:00+00:00,2017-08-19 21:55:00+00:00,M1.1,,missing_region_peak_only_candidate,12671,12671,12671,filled_missing_direct_xra,direct_xra,True,20170819events.txt:57,20170819:2950,12671,20170819events.txt:57,C7.0,False,swpc_exact_peak_region_v1
noaa-science-v1-0-1:201708200134,2017-08-20 01:34:00+00:00,2017-08-20 01:52:00+00:00,M1.8,,missing_region_peak_only_candidate,12672,12672,12672,filled_missing_direct_xra,direct_xra,True,20170820events.txt:15,20170820:2970,12672,20170820events.txt:15,M1.1,True,swpc_exact_peak_region_v1
noaa-science-v1-0-1:201708201914,2017-08-20 19:14:00+00:00,2017-08-20 19:39:00+00:00,M1.5,,missing_region_no_exact_reference,,12672,12672,filled_missing_direct_xra,direct_xra,True,20170820events.txt:51,20170820:3190,12672,20170820events.txt:51,C9.4,False,swpc_exact_peak_region_v1
noaa-science-v1-0-1:201709021520,2017-09-02 15:20:00+00:00,2017-09-02 15:41:00+00:00,M1.1,,missing_region_peak_only_candidate,12672,12672,12672,filled_missing_direct_xra,direct_xra,True,20170902events.txt:70,20170902:5610,12672,20170902events.txt:70,C7.7,False,swpc_exact_peak_region_v1
noaa-science-v1-0-1:201709041212,2017-09-04 12:12:00+00:00,2017-09-04 12:16:00+00:00,M1.2,,missing_region_no_exact_reference,,,,unresolved_no_exact_xra_peak,none,True,,,,,,False,swpc_exact_peak_region_v1
noaa-science-v1-0-1:201709041220,2017-09-04 12:20:00+00:00,2017-09-04 12:25:00+00:00,M1.2,,missing_region_peak_only_candidate,12673,12673,12673,filled_missing_direct_xra,direct_xra,True,20170904events.txt:82,20170904:6430,12673,20170904events.txt:82,C8.3,False,swpc_exact_peak_region_v1
noaa-science-v1-0-1:201709041524,2017-09-04 15:24:00+00:00,2017-09-04 15:30:00+00:00,M2.3,,missing_region_peak_only_candidate,12673,12673,12673,filled_missing_direct_xra,direct_xra,True,20170904events.txt:88,20170904:6450,12673,20170904events.txt:88,M1.5,True,swpc_exact_peak_region_v1
noaa-science-v1-0-1:201709041812,2017-09-04 18:12:00+00:00,2017-09-04 18:22:00+00:00,M1.5,,missing_region_peak_only_candidate,12673,12673,12673,filled_missing_direct_xra,direct_xra,True,20170904events.txt:121,20170904:6550,12673,20170904events.txt:121,M1.0,True,swpc_exact_peak_region_v1
noaa-science-v1-0-1:201709041925,2017-09-04 19:25:00+00:00,2017-09-04 19:37:00+00:00,M2.6,,missing_region_peak_only_candidate,12673,12673,12673,filled_missing_direct_xra,direct_xra,True,20170904events.txt:125,20170904:6590,12673,20170904events.txt:125,M1.7,True,swpc_exact_peak_region_v1
noaa-science-v1-0-1:201709041958,2017-09-04 19:58:00+00:00,2017-09-04 20:02:00+00:00,M2.3,,missing_region_peak_only_candidate,12673,12673,12673,filled_missing_direct_xra,direct_xra,True,20170904events.txt:138,20170904:6580,12673,20170904events.txt:138,M1.5,True,swpc_exact_peak_region_v1
noaa-science-v1-0-1:201709042022,2017-09-04 20:22:00+00:00,2017-09-04 20:33:00+00:00,M8.4,,missing_region_peak_only_candidate,12673,12673,12673,filled_missing_direct_xra,direct_xra,True,20170904events.txt:153,20170904:6610,12673,20170904events.txt:153,M5.5,True,swpc_exact_peak_region_v1
noaa-science-v1-0-1:201709042209,2017-09-04 22:09:00+00:00,2017-09-04 22:14:00+00:00,M3.3,,missing_region_peak_only_candidate,12673,12673,12673,filled_missing_direct_xra,direct_xra,True,20170904events.txt:170,20170904:6650,12673,20170904events.txt:170,M2.1,True,swpc_exact_peak_region_v1
noaa-science-v1-0-1:201709050030,2017-09-05 00:30:00+00:00,2017-09-05 00:35:00+00:00,M1.5,,missing_region_exact_start_peak_candidate,12673,12673,12673,filled_missing_direct_xra,direct_xra,True,20170905events.txt:17,20170905:6710,12673,20170905events.txt:17,C9.8,False,swpc_exact_peak_region_v1
noaa-science-v1-0-1:201709050102,2017-09-05 01:02:00+00:00,2017-09-05 01:08:00+00:00,M6.4,,missing_region_peak_only_candidate,12673,12673,12673,filled_missing_direct_xra,direct_xra,True,20170905events.txt:19,20170905:6720,12673,20170905events.txt:19,M4.2,True,swpc_exact_peak_region_v1
noaa-science-v1-0-1:201709050339,2017-09-05 03:39:00+00:00,2017-09-05 03:51:00+00:00,M1.5,,missing_region_peak_only_candidate,12673,12673,12673,filled_missing_direct_xra,direct_xra,True,20170905events.txt:26,20170905:6750,12673,20170905events.txt:26,M1.0,True,swpc_exact_peak_region_v1
noaa-science-v1-0-1:201709050427,2017-09-05 04:27:00+00:00,2017-09-05 04:53:00+00:00,M5.0,,missing_region_peak_only_candidate,12673,12673,12673,filled_missing_direct_xra,direct_xra,True,20170905events.txt:28,20170905:6760,12673,20170905events.txt:28,M3.2,True,swpc_exact_peak_region_v1
noaa-science-v1-0-1:201709050633,2017-09-05 06:33:00+00:00,2017-09-05 06:40:00+00:00,M5.8,,missing_region_exact_start_peak_candidate,12673,12673,12673,filled_missing_direct_xra,direct_xra,True,20170905events.txt:31,20170905:6770,12673,20170905events.txt:31,M3.8,True,swpc_exact_peak_region_v1
noaa-science-v1-0-1:201709051323,2017-09-05 13:23:00+00:00,2017-09-05 13:34:00+00:00,M1.0,,missing_region_peak_only_candidate,12673,12673,12673,filled_missing_direct_xra,direct_xra,True,20170905events.txt:81,20170905:6990,12673,20170905events.txt:81,C6.9,False,swpc_exact_peak_region_v1
noaa-science-v1-0-1:201709051737,2017-09-05 17:37:00+00:00,2017-09-05 17:43:00+00:00,M3.5,,missing_region_exact_start_peak_candidate,12673,12673,12673,filled_missing_direct_xra,direct_xra,True,20170905events.txt:99,20170905:7040,12673,20170905events.txt:99,M2.3,True,swpc_exact_peak_region_v1
noaa-science-v1-0-1:201709060852,2017-09-06 08:52:00+00:00,2017-09-06 09:10:00+00:00,X3.2,,missing_region_peak_only_candidate,12673,12673,12673,filled_missing_direct_xra,direct_xra,True,20170906events.txt:45,20170906:7250,12673,20170906events.txt:45,X2.2,True,swpc_exact_peak_region_v1
noaa-science-v1-0-1:201709061152,2017-09-06 11:52:00+00:00,2017-09-06 12:02:00+00:00,X14.6,,missing_region_peak_only_candidate,12673,12673,12673,filled_missing_direct_xra,direct_xra,True,20170906events.txt:65,20170906:7340,12673,20170906events.txt:65,X9.3,True,swpc_exact_peak_region_v1
noaa-science-v1-0-1:201709061551,2017-09-06 15:51:00+00:00,2017-09-06 15:56:00+00:00,M4.0,,missing_region_exact_start_peak_candidate,12673,12673,12673,filled_missing_direct_xra,direct_xra,True,20170906events.txt:82,20170906:7350,12673,20170906events.txt:82,M2.5,True,swpc_exact_peak_region_v1
noaa-science-v1-0-1:201709061917,2017-09-06 19:17:00+00:00,2017-09-06 19:30:00+00:00,M2.2,,missing_region_peak_only_candidate,12673,12673,12673,filled_missing_direct_xra,direct_xra,True,20170906events.txt:97,20170906:7410,12673,20170906events.txt:97,M1.4,True,swpc_exact_peak_region_v1
noaa-science-v1-0-1:201709062329,2017-09-06 23:29:00+00:00,2017-09-06 23:39:00+00:00,M1.9,,missing_region_peak_only_candidate,12673,,,unresolved_no_qualified_region_evidence,none,True,20170906events.txt:103,20170906:7450,,,M1.2,True,swpc_exact_peak_region_v1
noaa-science-v1-0-1:201709070459,2017-09-07 04:59:00+00:00,2017-09-07 05:02:00+00:00,M3.9,,missing_region_exact_start_peak_candidate,12673,12673,12673,filled_missing_direct_xra,direct_xra,True,20170907events.txt:37,20170907:7580,12673,20170907events.txt:37,M2.4,True,swpc_exact_peak_region_v1
noaa-science-v1-0-1:201709070948,2017-09-07 09:48:00+00:00,2017-09-07 09:54:00+00:00,M2.3,,missing_region_peak_only_candidate,12673,12673,12673,filled_missing_direct_xra,direct_xra,True,20170907events.txt:61,20170907:7660,12673,20170907events.txt:61,M1.4,True,swpc_exact_peak_region_v1
noaa-science-v1-0-1:201709071014,2017-09-07 10:14:00+00:00,2017-09-07 10:15:00+00:00,X1.2,,missing_region_peak_only_candidate,12673,12673,12673,filled_missing_direct_xra,direct_xra,True,20170907events.txt:74,20170907:7680,12673,20170907events.txt:74,M7.3,True,swpc_exact_peak_region_v1
noaa-science-v1-0-1:201709071415,2017-09-07 14:15:00+00:00,2017-09-07 14:36:00+00:00,X2.1,,missing_region_peak_only_candidate,12673,12673,12673,filled_missing_direct_xra,direct_xra,True,20170907events.txt:106,20170907:7780,12673,20170907events.txt:106,X1.3,True,swpc_exact_peak_region_v1
noaa-science-v1-0-1:201709072350,2017-09-07 23:50:00+00:00,2017-09-07 23:59:00+00:00,M6.0,,missing_region_exact_start_peak_candidate,12673,12673,12673,filled_missing_direct_xra,direct_xra,True,20170907events.txt:159,20170907:7940,12673,20170907events.txt:159,M3.9,True,swpc_exact_peak_region_v1
noaa-science-v1-0-1:201709080031,2017-09-08 00:31:00+00:00,2017-09-08 00:36:00+00:00,M1.0,,missing_region_no_exact_reference,,,,unresolved_no_exact_xra_peak,none,True,,,,,,False,swpc_exact_peak_region_v1
noaa-science-v1-0-1:201709080218,2017-09-08 02:18:00+00:00,2017-09-08 02:24:00+00:00,M2.0,,missing_region_peak_only_candidate,12673,12673,12673,filled_missing_direct_xra,direct_xra,True,20170908events.txt:35,20170908:8010,12673,20170908events.txt:35,M1.3,True,swpc_exact_peak_region_v1
noaa-science-v1-0-1:201709080339,2017-09-08 03:39:00+00:00,2017-09-08 03:43:00+00:00,M1.8,,missing_region_exact_start_peak_candidate,12673,12673,12673,filled_missing_direct_xra,direct_xra,True,20170908events.txt:42,20170908:8030,12673,20170908events.txt:42,M1.2,True,swpc_exact_peak_region_v1
noaa-science-v1-0-1:201709080521,2017-09-08 05:21:00+00:00,2017-09-08 05:39:00+00:00,M1.0,,missing_region_no_exact_reference,,,,unresolved_no_exact_xra_peak,none,True,,,,,,False,swpc_exact_peak_region_v1
noaa-science-v1-0-1:201709080739,2017-09-08 07:39:00+00:00,2017-09-08 07:49:00+00:00,X1.2,,missing_region_peak_only_candidate,12673,12673,12673,filled_missing_direct_xra,direct_xra,True,20170908events.txt:79,20170908:8100,12673,20170908events.txt:79,M8.1,True,swpc_exact_peak_region_v1
noaa-science-v1-0-1:201709081503,2017-09-08 15:03:00+00:00,2017-09-08 15:47:00+00:00,M4.6,,missing_region_peak_only_candidate,12673,12673,12673,filled_missing_direct_xra,direct_xra,True,20170908events.txt:126,20170908:8230,12673,20170908events.txt:126,M2.9,True,swpc_exact_peak_region_v1
noaa-science-v1-0-1:201709082330,2017-09-08 23:30:00+00:00,2017-09-08 23:45:00+00:00,M3.3,,missing_region_peak_only_candidate,12673,12673,12673,filled_missing_direct_xra,direct_xra,True,20170908events.txt:184,20170908:8440,12673,20170908events.txt:184,M2.1,True,swpc_exact_peak_region_v1
noaa-science-v1-0-1:201709090413,2017-09-09 04:13:00+00:00,2017-09-09 04:28:00+00:00,M1.7,,missing_region_peak_only_candidate,12673,12673,12673,filled_missing_direct_xra,direct_xra,True,20170909events.txt:32,20170909:8520,12673,20170909events.txt:32,M1.1,True,swpc_exact_peak_region_v1
noaa-science-v1-0-1:201709091046,2017-09-09 10:46:00+00:00,2017-09-09 11:04:00+00:00,M5.8,,missing_region_conflicting_references,12673;12676,12673,,unresolved_reference_daily_conflict,direct_xra,True,20170909events.txt:67,20170909:8690,12673,20170909events.txt:67,M3.7,True,swpc_exact_peak_region_v1
noaa-science-v1-0-1:201709091119,2017-09-09 11:19:00+00:00,2017-09-09 11:26:00+00:00,M4.6,,missing_region_no_exact_reference,,,,unresolved_no_exact_xra_peak,none,True,,,,,,False,swpc_exact_peak_region_v1
noaa-science-v1-0-1:201709092236,2017-09-09 22:36:00+00:00,2017-09-09 23:17:00+00:00,M1.5,,missing_region_no_exact_reference,,,,unresolved_no_exact_xra_peak,none,True,,,,,,False,swpc_exact_peak_region_v1
noaa-science-v1-0-1:201709092337,2017-09-09 23:37:00+00:00,2017-09-09 23:41:00+00:00,M1.5,,missing_region_no_exact_reference,,,,unresolved_no_exact_xra_peak,none,True,,,,,,False,swpc_exact_peak_region_v1
noaa-science-v1-0-1:201709092343,2017-09-09 23:43:00+00:00,2017-09-09 23:54:00+00:00,M1.8,,missing_region_no_exact_reference,,,,unresolved_no_exact_xra_peak,none,True,,,,,,False,swpc_exact_peak_region_v1
noaa-science-v1-0-1:201709100235,2017-09-10 02:35:00+00:00,2017-09-10 03:09:00+00:00,M1.4,,missing_region_peak_only_candidate,12673,12673,12673,filled_missing_direct_xra,direct_xra,True,20170910events.txt:21,20170910:8910,12673,20170910events.txt:21,C9.0,False,swpc_exact_peak_region_v1
noaa-science-v1-0-1:201709101534,2017-09-10 15:34:00+00:00,2017-09-10 16:06:00+00:00,X12.9,,missing_region_peak_only_candidate,12673,12673,12673,filled_missing_direct_xra,direct_xra,True,20170910events.txt:49,20170910:9040,12673,20170910events.txt:49,X8.2,True,swpc_exact_peak_region_v1
noaa-science-v1-0-1:201710202310,2017-10-20 23:10:00+00:00,2017-10-20 23:28:00+00:00,M1.6,,missing_region_exact_start_peak_candidate,12685,12685,12685,filled_missing_direct_xra,direct_xra,True,20171020events.txt:20,20171020:1490,12685,20171020events.txt:20,M1.1,True,swpc_exact_peak_region_v1
noaa-science-v1-0-1:201802071330,2018-02-07 13:30:00+00:00,2018-02-07 13:47:00+00:00,M1.2,,missing_region_peak_only_candidate,12699,12699,12699,filled_missing_direct_xra,direct_xra,True,20180207events.txt:27,20180207:3270,12699,20180207events.txt:27,C8.1,False,swpc_exact_peak_region_v1
noaa-science-v1-0-1:201905060504,2019-05-06 05:04:00+00:00,2019-05-06 05:09:00+00:00,M1.5,,missing_region_no_exact_reference,,,,unresolved_no_exact_xra_peak,none,True,,,,,,False,swpc_exact_peak_region_v1
noaa-science-v1-0-1:201905061331,2019-05-06 13:31:00+00:00,2019-05-06 13:54:00+00:00,M1.1,,missing_region_peak_only_candidate,12740,12740,12740,filled_missing_direct_xra,direct_xra,True,20190506events.txt:95,20190506:3290,12740,20190506events.txt:95,C7.3,False,swpc_exact_peak_region_v1
noaa-science-v1-0-1:201905090537,2019-05-09 05:37:00+00:00,2019-05-09 05:51:00+00:00,M1.0,,missing_region_peak_only_candidate,12740,12740,12740,filled_missing_direct_xra,direct_xra,True,20190509events.txt:16,20190509:3970,12740,20190509events.txt:16,C6.7,False,swpc_exact_peak_region_v1
noaa-science-v1-0-1:202005290713,2020-05-29 07:13:00+00:00,2020-05-29 07:24:00+00:00,M1.1,,missing_region_no_exact_reference,,,,unresolved_no_qualified_region_evidence,none,True,20200529events.txt:24,20200529:5420,,,M1.1,True,swpc_exact_peak_region_v1
noaa-science-v1-0-1:202011291234,2020-11-29 12:34:00+00:00,2020-11-29 13:11:00+00:00,M4.4,,missing_region_no_exact_reference,,,,unresolved_no_qualified_region_evidence,none,True,20201129events.txt:36,20201129:2050,,,M4.4,True,swpc_exact_peak_region_v1
noaa-science-v1-0-1:202109231523,2021-09-23 15:23:00+00:00,2021-09-23 15:28:00+00:00,M1.8,,missing_region_exact_start_peak_candidate,12871,,,unresolved_no_exact_xra_peak,none,True,,,,,,False,swpc_exact_peak_region_v1
noaa-science-v1-0-1:202110260240,2021-10-26 02:40:00+00:00,2021-10-26 02:47:00+00:00,M1.3,,missing_region_no_exact_reference,,,,unresolved_no_qualified_region_evidence,none,True,20211026events.txt:25,20211026:1440,,,M1.3,True,swpc_exact_peak_region_v1
noaa-science-v1-0-1:202111020203,2021-11-02 02:03:00+00:00,2021-11-02 02:51:00+00:00,M1.6,,missing_region_no_exact_reference,,,,unresolved_no_exact_xra_peak,none,True,,,,,,False,swpc_exact_peak_region_v1
noaa-science-v1-0-1:202111020257,2021-11-02 02:57:00+00:00,2021-11-02 03:01:00+00:00,M1.7,12891,existing_region_reference_conflict,12887;12891,12891,12891,retained_original_daily_supported,direct_xra,True,20211102events.txt:16,20211102:3090,12891,20211102events.txt:16,M1.7,True,swpc_exact_peak_region_v1
noaa-science-v1-0-1:202201140147,2022-01-14 01:47:00+00:00,2022-01-14 02:03:00+00:00,M1.8,,missing_region_no_exact_reference,,,,unresolved_no_qualified_region_evidence,none,True,20220114events.txt:14,20220114:1780,,,M1.8,True,swpc_exact_peak_region_v1
noaa-science-v1-0-1:202202120825,2022-02-12 08:25:00+00:00,2022-02-12 08:44:00+00:00,M1.4,,missing_region_exact_start_peak_candidate,12939,,,unresolved_no_qualified_region_evidence,none,True,20220212events.txt:29,20220212:7470,,,M1.4,True,swpc_exact_peak_region_v1
noaa-science-v1-0-1:202203281732,2022-03-28 17:32:00+00:00,2022-03-28 17:41:00+00:00,M1.0,,missing_region_exact_start_peak_candidate,12975,,,unresolved_no_exact_xra_peak,none,True,,,,,,False,swpc_exact_peak_region_v1
noaa-science-v1-0-1:202203281908,2022-03-28 19:08:00+00:00,2022-03-28 19:23:00+00:00,M1.0,,missing_region_exact_start_peak_candidate,12975,,,unresolved_no_exact_xra_peak,none,True,,,,,,False,swpc_exact_peak_region_v1
noaa-science-v1-0-1:202203290148,2022-03-29 01:48:00+00:00,2022-03-29 01:58:00+00:00,M1.1,12974,existing_region_reference_conflict,12975,12974,12974,retained_original_daily_supported,direct_xra,True,20220329events.txt:25,20220329:3640,12974,20220329events.txt:25,M1.1,True,swpc_exact_peak_region_v1
noaa-science-v1-0-1:202203290917,2022-03-29 09:17:00+00:00,2022-03-29 09:38:00+00:00,M1.0,,missing_region_exact_start_peak_candidate,12975,,,unresolved_no_qualified_region_evidence,none,True,20220329events.txt:74,20220329:3880,,,M1.0,True,swpc_exact_peak_region_v1
noaa-science-v1-0-1:202204021256,2022-04-02 12:56:00+00:00,2022-04-02 13:55:00+00:00,M3.9,12976,existing_region_reference_conflict,12975,12976,12976,retained_original_daily_supported,direct_xra,True,20220402events.txt:64,20220402:5230,12976,20220402events.txt:64,M3.9,True,swpc_exact_peak_region_v1
noaa-science-v1-0-1:202204151031,2022-04-15 10:31:00+00:00,2022-04-15 11:01:00+00:00,M1.2,,missing_region_no_exact_reference,,,,unresolved_no_qualified_region_evidence,none,True,20220415events.txt:20,20220415:6780,,,M1.2,True,swpc_exact_peak_region_v1
noaa-science-v1-0-1:202204151107,2022-04-15 11:07:00+00:00,2022-04-15 11:49:00+00:00,M2.2,,missing_region_no_exact_reference,,,,unresolved_no_exact_xra_peak,none,True,,,,,,False,swpc_exact_peak_region_v1
noaa-science-v1-0-1:202204151347,2022-04-15 13:47:00+00:00,2022-04-15 13:59:00+00:00,M1.9,,missing_region_no_exact_reference,,,,unresolved_no_qualified_region_evidence,none,True,20220415events.txt:24,20220415:6790,,,M1.9,True,swpc_exact_peak_region_v1
noaa-science-v1-0-1:202204180737,2022-04-18 07:37:00+00:00,2022-04-18 07:48:00+00:00,M1.3,12993,existing_region_reference_conflict,12992,12993,12993,retained_original_daily_supported,direct_xra,True,20220418events.txt:36,20220418:7420,12993,20220418events.txt:36,M1.3,True,swpc_exact_peak_region_v1
noaa-science-v1-0-1:202204181712,2022-04-18 17:12:00+00:00,2022-04-18 17:24:00+00:00,M1.9,12987,existing_region_reference_conflict,12992,12987,12987,retained_original_daily_supported,direct_xra,True,20220418events.txt:60,20220418:7500,12987,20220418events.txt:60,M1.9,True,swpc_exact_peak_region_v1
noaa-science-v1-0-1:202204200107,2022-04-20 01:07:00+00:00,2022-04-20 01:14:00+00:00,M1.2,12994,existing_region_reference_conflict,12992,12994,12994,retained_original_daily_supported,direct_xra,True,20220420events.txt:18,20220420:7800,12994,20220420events.txt:18,M1.2,True,swpc_exact_peak_region_v1
noaa-science-v1-0-1:202204201224,2022-04-20 12:24:00+00:00,2022-04-20 12:53:00+00:00,M1.9,12993,existing_region_reference_conflict,12992,12993,12993,retained_original_daily_supported,direct_xra,True,20220420events.txt:70,20220420:7920,12993,20220420events.txt:70,M1.9,True,swpc_exact_peak_region_v1
noaa-science-v1-0-1:202204220452,2022-04-22 04:52:00+00:00,2022-04-22 05:14:00+00:00,M1.1,12993,existing_region_reference_conflict,12994,12993,12993,retained_original_daily_supported,direct_xra,True,20220422events.txt:20,20220422:8420,12993,20220422events.txt:20,M1.1,True,swpc_exact_peak_region_v1
noaa-science-v1-0-1:202204221316,2022-04-22 13:16:00+00:00,2022-04-22 13:25:00+00:00,M3.4,12993,existing_region_reference_conflict,12993;12994,12993,12993,retained_original_daily_supported,direct_xra,True,20220422events.txt:31,20220422:8470,12993,20220422events.txt:31,M3.4,True,swpc_exact_peak_region_v1
noaa-science-v1-0-1:202204291801,2022-04-29 18:01:00+00:00,2022-04-29 18:10:00+00:00,M1.2,12994,existing_region_reference_conflict,12993;12994,,,unresolved_conflicting_swpc_regions,direct_xra,True,20220429events.txt:69,20220429:1230,12994;12995,20220429events.txt:69,M1.2,True,swpc_exact_peak_region_v1
noaa-science-v1-0-1:202205030734,2022-05-03 07:34:00+00:00,2022-05-03 07:53:00+00:00,M1.3,,missing_region_no_exact_reference,,,,unresolved_no_qualified_region_evidence,none,True,20220503events.txt:41,20220503:2200,,,M1.3,True,swpc_exact_peak_region_v1
noaa-science-v1-0-1:202205040008,2022-05-04 00:08:00+00:00,2022-05-04 00:19:00+00:00,M5.3,,missing_region_no_exact_reference,,,,unresolved_no_qualified_region_evidence,none,True,20220504events.txt:16,20220504:2430,,,M5.3,True,swpc_exact_peak_region_v1
noaa-science-v1-0-1:202205111813,2022-05-11 18:13:00+00:00,2022-05-11 18:58:00+00:00,M2.6,,missing_region_exact_start_peak_candidate,13004,,,unresolved_no_qualified_region_evidence,none,True,20220511events.txt:127,20220511:5310,,,M2.6,True,swpc_exact_peak_region_v1
noaa-science-v1-0-1:202205111927,2022-05-11 19:27:00+00:00,2022-05-11 19:31:00+00:00,M2.2,,missing_region_exact_start_peak_candidate,13004,,,unresolved_no_qualified_region_evidence,none,True,20220511events.txt:140,20220511:5320,,,M2.2,True,swpc_exact_peak_region_v1
noaa-science-v1-0-1:202205122004,2022-05-12 20:04:00+00:00,2022-05-12 20:19:00+00:00,M1.3,,missing_region_no_exact_reference,,,,unresolved_no_qualified_region_evidence,none,True,20220512events.txt:72,20220512:5750,,,M1.3,True,swpc_exact_peak_region_v1
noaa-science-v1-0-1:202205142358,2022-05-14 23:58:00+00:00,2022-05-15 00:08:00+00:00,M2.2,,missing_region_no_exact_reference,,,,unresolved_no_qualified_region_evidence,none,True,20220514events.txt:74,20220514:6270,,,M2.2,True,swpc_exact_peak_region_v1
noaa-science-v1-0-1:202207140422,2022-07-14 04:22:00+00:00,2022-07-14 04:31:00+00:00,M1.2,13058,existing_region_reference_conflict,13053,,,unresolved_conflicting_swpc_regions,direct_xra,True,20220714events.txt:30,20220714:7950,13053;13058,20220714events.txt:30,M1.2,True,swpc_exact_peak_region_v1
noaa-science-v1-0-1:202208151427,2022-08-15 14:27:00+00:00,2022-08-15 14:36:00+00:00,M1.0,,missing_region_exact_start_peak_candidate,13078,,,unresolved_no_qualified_region_evidence,none,True,20220815events.txt:76,20220815:3570,,,M1.0,True,swpc_exact_peak_region_v1
noaa-science-v1-0-1:202208251939,2022-08-25 19:39:00+00:00,2022-08-25 19:51:00+00:00,M1.8,13088,existing_region_reference_conflict,13089,13088,13088,retained_original_daily_supported,direct_xra,True,20220825events.txt:112,20220825:6400,13088,20220825events.txt:112,M1.8,True,swpc_exact_peak_region_v1
noaa-science-v1-0-1:202208280047,2022-08-28 00:47:00+00:00,2022-08-28 01:20:00+00:00,M1.4,,missing_region_no_exact_reference,,,,unresolved_no_exact_xra_peak,none,True,,,,,,False,swpc_exact_peak_region_v1
noaa-science-v1-0-1:202208291611,2022-08-29 16:11:00+00:00,2022-08-29 16:35:00+00:00,M4.2,,missing_region_no_exact_reference,,,,unresolved_no_exact_xra_peak,none,True,,,,,,False,swpc_exact_peak_region_v1
noaa-science-v1-0-1:202208300125,2022-08-30 01:25:00+00:00,2022-08-30 01:40:00+00:00,M1.6,,missing_region_exact_start_peak_candidate,13088,,,unresolved_no_exact_xra_peak,none,True,,,,,,False,swpc_exact_peak_region_v1
noaa-science-v1-0-1:202209171242,2022-09-17 12:42:00+00:00,2022-09-17 13:19:00+00:00,M1.0,,missing_region_exact_start_peak_candidate,13098,,,unresolved_no_exact_xra_peak,none,True,,,,,,False,swpc_exact_peak_region_v1
noaa-science-v1-0-1:202210031957,2022-10-03 19:57:00+00:00,2022-10-03 20:28:00+00:00,M1.2,,missing_region_exact_start_peak_candidate,13110,,,unresolved_no_qualified_region_evidence,none,True,20221003events.txt:91,20221003:7190,,,M1.2,True,swpc_exact_peak_region_v1
noaa-science-v1-0-1:202210032113,2022-10-03 21:13:00+00:00,2022-10-03 21:22:00+00:00,M1.7,,missing_region_peak_only_candidate,13110,,,unresolved_no_qualified_region_evidence,none,True,20221003events.txt:98,20221003:7200,,,M1.7,True,swpc_exact_peak_region_v1
noaa-science-v1-0-1:202210100035,2022-10-10 00:35:00+00:00,2022-10-10 00:47:00+00:00,M1.0,13112,existing_region_reference_conflict,13116,13112,13112,retained_original_daily_supported,direct_xra,True,20221010events.txt:16,20221010:8320,13112,20221010events.txt:16,M1.0,True,swpc_exact_peak_region_v1
noaa-science-v1-0-1:202210110836,2022-10-11 08:36:00+00:00,2022-10-11 08:42:00+00:00,M3.9,13112,existing_region_reference_conflict,13112;13116,13112,13112,retained_original_daily_supported,direct_xra,True,20221011events.txt:44,20221011:8650,13112,20221011events.txt:44,M3.9,True,swpc_exact_peak_region_v1
noaa-science-v1-0-1:202210111046,2022-10-11 10:46:00+00:00,2022-10-11 10:52:00+00:00,M1.5,13112,existing_region_reference_conflict,13116,13112,13112,retained_original_daily_supported,direct_xra,True,20221011events.txt:60,20221011:8680,13112,20221011events.txt:60,M1.5,True,swpc_exact_peak_region_v1
noaa-science-v1-0-1:202210140951,2022-10-14 09:51:00+00:00,2022-10-14 09:55:00+00:00,M1.3,,missing_region_exact_start_peak_candidate,13112,,,unresolved_no_exact_xra_peak,none,True,,,,,,False,swpc_exact_peak_region_v1
noaa-science-v1-0-1:202212142031,2022-12-14 20:31:00+00:00,2022-12-14 20:50:00+00:00,M1.3,,missing_region_exact_start_peak_candidate,13165,,,unresolved_no_exact_xra_peak,none,True,,,,,,False,swpc_exact_peak_region_v1
noaa-science-v1-0-1:202212150955,2022-12-15 09:55:00+00:00,2022-12-15 10:16:00+00:00,M1.5,,missing_region_exact_start_peak_candidate,13165,,,unresolved_no_exact_xra_peak,none,True,,,,,,False,swpc_exact_peak_region_v1
noaa-science-v1-0-1:202212151558,2022-12-15 15:58:00+00:00,2022-12-15 16:10:00+00:00,M1.0,,missing_region_no_exact_reference,,,,unresolved_no_exact_xra_peak,none,True,,,,,,False,swpc_exact_peak_region_v1
noaa-science-v1-0-1:202212151647,2022-12-15 16:47:00+00:00,2022-12-15 16:56:00+00:00,M2.0,13165,existing_region_reference_conflict,13163,,,unresolved_no_exact_xra_peak,none,True,,,,,,False,swpc_exact_peak_region_v1
noaa-science-v1-0-1:202212160442,2022-12-16 04:42:00+00:00,2022-12-16 04:59:00+00:00,M1.2,,missing_region_no_exact_reference,,,,unresolved_no_exact_xra_peak,none,True,,,,,,False,swpc_exact_peak_region_v1
noaa-science-v1-0-1:202212160535,2022-12-16 05:35:00+00:00,2022-12-16 05:48:00+00:00,M1.3,,missing_region_peak_only_candidate,13165,,,unresolved_no_exact_xra_peak,none,True,,,,,,False,swpc_exact_peak_region_v1
noaa-science-v1-0-1:202212160726,2022-12-16 07:26:00+00:00,2022-12-16 07:38:00+00:00,M1.6,,missing_region_exact_start_peak_candidate,13165,,,unresolved_no_exact_xra_peak,none,True,,,,,,False,swpc_exact_peak_region_v1
noaa-science-v1-0-1:202212160933,2022-12-16 09:33:00+00:00,2022-12-16 09:43:00+00:00,M1.1,13163,existing_region_reference_conflict,13165,13163,13163,retained_original_daily_supported,direct_xra,True,20221216events.txt:50,20221216:1040,13163,20221216events.txt:50,M1.1,True,swpc_exact_peak_region_v1
noaa-science-v1-0-1:202212161002,2022-12-16 10:02:00+00:00,2022-12-16 10:19:00+00:00,M4.0,,missing_region_exact_start_peak_candidate,13165,,,unresolved_no_qualified_region_evidence,none,True,20221216events.txt:52,20221216:1050,,,M4.0,True,swpc_exact_peak_region_v1
noaa-science-v1-0-1:202212290632,2022-12-29 06:32:00+00:00,2022-12-29 07:27:00+00:00,M1.2,,missing_region_no_exact_reference,,,,unresolved_no_qualified_region_evidence,none,True,20221229events.txt:17,20221229:4880,,,M1.2,True,swpc_exact_peak_region_v1
noaa-science-v1-0-1:202212291812,2022-12-29 18:12:00+00:00,2022-12-29 18:20:00+00:00,M2.1,,missing_region_no_exact_reference,,,,unresolved_no_qualified_region_evidence,none,True,20221229events.txt:37,20221229:5090,,,M2.1,True,swpc_exact_peak_region_v1
noaa-science-v1-0-1:202212291826,2022-12-29 18:26:00+00:00,2022-12-29 18:33:00+00:00,M2.4,,missing_region_no_exact_reference,,,,unresolved_no_qualified_region_evidence,none,True,20221229events.txt:39,20221229:4960,,,M2.4,True,swpc_exact_peak_region_v1
noaa-science-v1-0-1:202301101744,2023-01-10 17:44:00+00:00,2023-01-10 17:48:00+00:00,M1.2,13184,existing_region_reference_conflict,13184;13185,13184,13184,retained_original_daily_supported,direct_xra,True,20230110events.txt:115,20230110:8470,13184,20230110events.txt:115,M1.2,True,swpc_exact_peak_region_v1
noaa-science-v1-0-1:202301121108,2023-01-12 11:08:00+00:00,2023-01-12 11:28:00+00:00,M1.2,13181,existing_region_reference_conflict,13183,13181,13181,retained_original_daily_supported,direct_xra,True,20230112events.txt:80,20230112:9200,13181,20230112events.txt:80,M1.2,True,swpc_exact_peak_region_v1
noaa-science-v1-0-1:202301131005,2023-01-13 10:05:00+00:00,2023-01-13 10:15:00+00:00,M3.9,13181,existing_region_reference_conflict,13181;13182,13181,13181,retained_original_daily_supported,direct_xra,True,20230113events.txt:64,20230113:9630,13181,20230113events.txt:64,M3.9,True,swpc_exact_peak_region_v1
noaa-science-v1-0-1:202301150308,2023-01-15 03:08:00+00:00,2023-01-15 03:42:00+00:00,M6.0,13191,existing_region_reference_conflict,13188;13191,,,unresolved_no_exact_xra_peak,none,True,,,,,,False,swpc_exact_peak_region_v1
noaa-science-v1-0-1:202301221211,2023-01-22 12:11:00+00:00,2023-01-22 12:26:00+00:00,M1.1,13190,existing_region_reference_conflict,13194,13190,13190,retained_original_daily_supported,direct_xra,True,20230122events.txt:42,20230122:2790,13190,20230122events.txt:42,M1.1,True,swpc_exact_peak_region_v1
noaa-science-v1-0-1:202301251642,2023-01-25 16:42:00+00:00,2023-01-25 17:01:00+00:00,M1.3,13190,existing_region_reference_conflict,13192,,,unresolved_conflicting_swpc_regions,direct_xra,True,20230125events.txt:78,20230125:4130,13190;13192,20230125events.txt:78,M1.3,True,swpc_exact_peak_region_v1
noaa-science-v1-0-1:202302071333,2023-02-07 13:33:00+00:00,2023-02-07 13:53:00+00:00,M1.0,,missing_region_no_exact_reference,,,,unresolved_no_exact_xra_peak,none,True,,,,,,False,swpc_exact_peak_region_v1
noaa-science-v1-0-1:202302072246,2023-02-07 22:46:00+00:00,2023-02-07 22:58:00+00:00,M3.8,,missing_region_exact_start_peak_candidate,13213,,,unresolved_no_exact_xra_peak,none,True,,,,,,False,swpc_exact_peak_region_v1
noaa-science-v1-0-1:202302082121,2023-02-08 21:21:00+00:00,2023-02-08 21:37:00+00:00,M1.7,,missing_region_exact_start_peak_candidate,13213,,,unresolved_no_exact_xra_peak,none,True,,,,,,False,swpc_exact_peak_region_v1
noaa-science-v1-0-1:202302211105,2023-02-21 11:05:00+00:00,2023-02-21 11:11:00+00:00,M1.5,,missing_region_conflicting_references,13226;13234,,,unresolved_no_exact_xra_peak,none,True,,,,,,False,swpc_exact_peak_region_v1
noaa-science-v1-0-1:202302211114,2023-02-21 11:14:00+00:00,2023-02-21 11:23:00+00:00,M4.7,13234,existing_region_reference_conflict,13226;13234,,,unresolved_conflicting_swpc_regions,direct_xra,True,20230221events.txt:63,20230221:2040,13226;13234,20230221events.txt:63,M4.7,True,swpc_exact_peak_region_v1
noaa-science-v1-0-1:202302230851,2023-02-23 08:51:00+00:00,2023-02-23 09:01:00+00:00,M1.2,,missing_region_exact_start_peak_candidate,13234,,,unresolved_no_exact_xra_peak,none,True,,,,,,False,swpc_exact_peak_region_v1
noaa-science-v1-0-1:202303010056,2023-03-01 00:56:00+00:00,2023-03-01 01:07:00+00:00,M1.0,13240,existing_region_reference_conflict,13234,13240,13240,retained_original_daily_supported,direct_xra,True,20230301events.txt:24,20230301:4840,13240,20230301events.txt:24,M1.0,True,swpc_exact_peak_region_v1
noaa-science-v1-0-1:202303050240,2023-03-05 02:40:00+00:00,2023-03-05 02:52:00+00:00,M1.3,13238,existing_region_reference_conflict,13234,13238,13238,retained_original_daily_supported,direct_xra,True,20230305events.txt:26,20230305:6730,13238,20230305events.txt:26,M1.3,True,swpc_exact_peak_region_v1
noaa-science-v1-0-1:202303051624,2023-03-05 16:24:00+00:00,2023-03-05 16:41:00+00:00,M1.0,13238,existing_region_reference_conflict,13238;13242,13238,13238,retained_original_daily_supported,direct_xra,True,20230305events.txt:66,20230305:6900,13238,20230305events.txt:66,M1.0,True,swpc_exact_peak_region_v1
noaa-science-v1-0-1:202303060857,2023-03-06 08:57:00+00:00,2023-03-06 09:12:00+00:00,M1.3,,missing_region_conflicting_references,13234;13243,,,unresolved_no_qualified_region_evidence,none,True,20230306events.txt:58,20230306:7110,,,M1.3,True,swpc_exact_peak_region_v1
noaa-science-v1-0-1:202303171504,2023-03-17 15:04:00+00:00,2023-03-17 15:07:00+00:00,M1.0,13247,existing_region_reference_conflict,13254,13247,13247,retained_original_daily_supported,direct_xra,True,20230317events.txt:59,20230317:8560,13247,20230317events.txt:59,M1.0,True,swpc_exact_peak_region_v1
noaa-science-v1-0-1:202305030915,2023-05-03 09:15:00+00:00,2023-05-03 09:27:00+00:00,M4.3,13288,existing_region_reference_conflict,13293,13288,13288,retained_original_daily_supported,direct_xra,True,20230503events.txt:68,20230503:9310,13288,20230503events.txt:68,M4.2,True,swpc_exact_peak_region_v1
noaa-science-v1-0-1:202305101411,2023-05-10 14:11:00+00:00,2023-05-10 14:21:00+00:00,M2.2,13293,existing_region_reference_conflict,13296,13293,13293,retained_original_daily_supported,direct_xra,True,20230510events.txt:72,20230510:1760,13293,20230510events.txt:72,M2.2,True,swpc_exact_peak_region_v1
noaa-science-v1-0-1:202305111813,2023-05-11 18:13:00+00:00,2023-05-11 18:29:00+00:00,M1.8,13294,existing_region_reference_conflict,13294;13297,13294,13294,retained_original_daily_supported,direct_xra,True,20230511events.txt:80,20230511:2090,13294,20230511events.txt:80,M1.8,True,swpc_exact_peak_region_v1
noaa-science-v1-0-1:202305161631,2023-05-16 16:31:00+00:00,2023-05-16 16:43:00+00:00,M9.6,,missing_region_no_exact_reference,,,,unresolved_no_qualified_region_evidence,none,True,20230516events.txt:40,20230516:2930,,,M9.6,True,swpc_exact_peak_region_v1
noaa-science-v1-0-1:202305181200,2023-05-18 12:00:00+00:00,2023-05-18 12:13:00+00:00,M1.9,,missing_region_no_exact_reference,,,,unresolved_no_exact_xra_peak,none,True,,,,,,False,swpc_exact_peak_region_v1
noaa-science-v1-0-1:202305190449,2023-05-19 04:49:00+00:00,2023-05-19 05:00:00+00:00,M2.5,13311,existing_region_reference_conflict,13309;13311,13311,13311,retained_original_daily_supported,direct_xra,True,20230519events.txt:45,20230519:3790,13311,20230519events.txt:45,M2.5,True,swpc_exact_peak_region_v1
noaa-science-v1-0-1:202305221330,2023-05-22 13:30:00+00:00,2023-05-22 13:37:00+00:00,M1.9,13311,existing_region_reference_conflict,13312;13314,,,unresolved_multiple_swpc_groups,direct_xra,True,20230522events.txt:85;20230522events.txt:87,20230522:4990;20230522:5020,,,M1.9,True,swpc_exact_peak_region_v1
noaa-science-v1-0-1:202305262248,2023-05-26 22:48:00+00:00,2023-05-26 23:03:00+00:00,M1.3,,missing_region_exact_start_peak_candidate,13315,,,unresolved_no_exact_xra_peak,none,True,,,,,,False,swpc_exact_peak_region_v1
noaa-science-v1-0-1:202305312147,2023-05-31 21:47:00+00:00,2023-05-31 22:08:00+00:00,M1.0,,missing_region_exact_start_peak_candidate,13323,,,unresolved_no_exact_xra_peak,none,True,,,,,,False,swpc_exact_peak_region_v1
noaa-science-v1-0-1:202306201109,2023-06-20 11:09:00+00:00,2023-06-20 11:13:00+00:00,M1.0,,missing_region_exact_start_peak_candidate,13342,,,unresolved_no_exact_xra_peak,none,True,,,,,,False,swpc_exact_peak_region_v1
noaa-science-v1-0-1:202306201117,2023-06-20 11:17:00+00:00,2023-06-20 11:25:00+00:00,M1.8,,missing_region_exact_start_peak_candidate,13342,,,unresolved_no_exact_xra_peak,none,True,,,,,,False,swpc_exact_peak_region_v1
noaa-science-v1-0-1:202306201544,2023-06-20 15:44:00+00:00,2023-06-20 15:48:00+00:00,M1.0,,missing_region_exact_start_peak_candidate,13342,,,unresolved_no_exact_xra_peak,none,True,,,,,,False,swpc_exact_peak_region_v1
noaa-science-v1-0-1:202306222329,2023-06-22 23:29:00+00:00,2023-06-22 23:44:00+00:00,M4.8,13340,existing_region_reference_conflict,13341,,,unresolved_conflicting_swpc_regions,direct_xra,True,20230622events.txt:85,20230622:4250,13340;13341,20230622events.txt:85,M4.8,True,swpc_exact_peak_region_v1
noaa-science-v1-0-1:202306291400,2023-06-29 14:00:00+00:00,2023-06-29 14:15:00+00:00,M3.8,13354,existing_region_reference_conflict,13351,13354,13354,retained_original_daily_supported,direct_xra,True,20230629events.txt:38,20230629:6210,13354,20230629events.txt:38,M3.8,True,swpc_exact_peak_region_v1
noaa-science-v1-0-1:202307051836,2023-07-05 18:36:00+00:00,2023-07-05 18:58:00+00:00,M1.0,13361,existing_region_reference_conflict,13354,13361,13361,retained_original_daily_supported,direct_xra,True,20230705events.txt:64,20230705:7790,13361,20230705events.txt:64,M1.0,True,swpc_exact_peak_region_v1
noaa-science-v1-0-1:202307100329,2023-07-10 03:29:00+00:00,2023-07-10 03:55:00+00:00,M2.3,13366,existing_region_reference_conflict,13358,13366,13366,retained_original_daily_supported,direct_xra,True,20230710events.txt:70,20230710:9360,13366,20230710events.txt:70,M2.3,True,swpc_exact_peak_region_v1
noaa-science-v1-0-1:202307102206,2023-07-10 22:06:00+00:00,2023-07-10 22:18:00+00:00,M1.4,13366,existing_region_reference_conflict,13358,13366,13366,retained_original_daily_supported,direct_xra,True,20230710events.txt:179,20230710:9770,13366,20230710events.txt:179,M1.4,True,swpc_exact_peak_region_v1
noaa-science-v1-0-1:202307112204,2023-07-11 22:04:00+00:00,2023-07-11 22:15:00+00:00,M5.8,,missing_region_exact_start_peak_candidate,13372,,,unresolved_no_exact_xra_peak,none,True,,,,,,False,swpc_exact_peak_region_v1
noaa-science-v1-0-1:202307112334,2023-07-11 23:34:00+00:00,2023-07-11 23:37:00+00:00,M1.2,13368,existing_region_reference_conflict,13363;13368,,,unresolved_no_exact_xra_peak,none,True,,,,,,False,swpc_exact_peak_region_v1
noaa-science-v1-0-1:202307120849,2023-07-12 08:49:00+00:00,2023-07-12 08:55:00+00:00,M6.9,13372,existing_region_reference_conflict,13361;13372,,,unresolved_no_exact_xra_peak,none,True,,,,,,False,swpc_exact_peak_region_v1
noaa-science-v1-0-1:202307150943,2023-07-15 09:43:00+00:00,2023-07-15 09:53:00+00:00,M1.0,13372,existing_region_reference_conflict,13372;13373,13372,13372,retained_original_daily_supported,direct_xra,True,20230715events.txt:72,20230715:2110,13372,20230715events.txt:72,M1.0,True,swpc_exact_peak_region_v1
noaa-science-v1-0-1:202307172317,2023-07-17 23:17:00+00:00,2023-07-17 23:34:00+00:00,M5.0,,missing_region_exact_start_peak_candidate,13363,,,unresolved_no_exact_xra_peak,none,True,,,,,,False,swpc_exact_peak_region_v1
noaa-science-v1-0-1:202307180645,2023-07-18 06:45:00+00:00,2023-07-18 06:57:00+00:00,M1.5,,missing_region_no_exact_reference,,,,unresolved_no_exact_xra_peak,none,True,,,,,,False,swpc_exact_peak_region_v1
noaa-science-v1-0-1:202307181932,2023-07-18 19:32:00+00:00,2023-07-18 19:48:00+00:00,M1.3,,missing_region_exact_start_peak_candidate,13376,,,unresolved_no_qualified_region_evidence,none,True,20230718events.txt:116,20230718:3930,,,M1.3,True,swpc_exact_peak_region_v1
noaa-science-v1-0-1:202307182000,2023-07-18 20:00:00+00:00,2023-07-18 20:05:00+00:00,M1.4,,missing_region_exact_start_peak_candidate,13376,,,unresolved_no_qualified_region_evidence,none,True,20230718events.txt:120,20230718:3880,,,M1.4,True,swpc_exact_peak_region_v1
noaa-science-v1-0-1:202307182016,2023-07-18 20:16:00+00:00,2023-07-18 20:27:00+00:00,M2.1,,missing_region_exact_start_peak_candidate,13363,,,unresolved_multiple_swpc_groups,direct_xra,True,20230718events.txt:124;20230718events.txt:126,20230718:3840;20230718:3870,,,M2.1,True,swpc_exact_peak_region_v1
noaa-science-v1-0-1:202307252108,2023-07-25 21:08:00+00:00,2023-07-25 21:16:00+00:00,M1.6,13380,existing_region_reference_conflict,13376;13380,,,unresolved_conflicting_swpc_regions,direct_xra,True,20230725events.txt:75,20230725:6140,13376;13380,20230725events.txt:75,M1.6,True,swpc_exact_peak_region_v1
noaa-science-v1-0-1:202308012139,2023-08-01 21:39:00+00:00,2023-08-01 21:51:00+00:00,M1.0,13880,existing_region_reference_conflict,13380,13880,13880,retained_original_daily_supported,direct_xra,True,20230801events.txt:84,20230801:8970,13880,20230801events.txt:84,M1.0,True,swpc_exact_peak_region_v1
noaa-science-v1-0-1:202308020803,2023-08-02 08:03:00+00:00,2023-08-02 08:12:00+00:00,M1.3,13380,existing_region_reference_conflict,13380;13386,,,unresolved_conflicting_swpc_regions,direct_xra,True,20230802events.txt:58,20230802:9150,13380;13386,20230802events.txt:58,M1.3,True,swpc_exact_peak_region_v1
noaa-science-v1-0-1:202308071525,2023-08-07 15:25:00+00:00,2023-08-07 16:11:00+00:00,M1.0,,missing_region_exact_start_peak_candidate,13387,,,unresolved_no_exact_xra_peak,none,True,,,,,,False,swpc_exact_peak_region_v1
noaa-science-v1-0-1:202308262205,2023-08-26 22:05:00+00:00,2023-08-26 22:50:00+00:00,M1.1,,missing_region_exact_start_peak_candidate,13405,,,unresolved_no_qualified_region_evidence,none,True,20230826events.txt:55,20230826:5130,,,M1.1,True,swpc_exact_peak_region_v1
noaa-science-v1-0-1:202309010220,2023-09-01 02:20:00+00:00,2023-09-01 03:18:00+00:00,M1.0,,missing_region_exact_start_peak_candidate,13413,,,unresolved_no_exact_xra_peak,none,True,,,,,,False,swpc_exact_peak_region_v1
noaa-science-v1-0-1:202309120431,2023-09-12 04:31:00+00:00,2023-09-12 04:42:00+00:00,M1.8,,missing_region_no_exact_reference,,,,unresolved_no_qualified_region_evidence,none,True,20230912events.txt:34,20230912:9110,,,M1.8,True,swpc_exact_peak_region_v1
noaa-science-v1-0-1:202309240251,2023-09-24 02:51:00+00:00,2023-09-24 03:07:00+00:00,M1.2,,missing_region_exact_start_peak_candidate,13445,,,unresolved_no_exact_xra_peak,none,True,,,,,,False,swpc_exact_peak_region_v1
noaa-science-v1-0-1:202309240309,2023-09-24 03:09:00+00:00,2023-09-24 03:14:00+00:00,M1.9,,missing_region_exact_start_peak_candidate,13445,,,unresolved_no_exact_xra_peak,none,True,,,,,,False,swpc_exact_peak_region_v1
noaa-science-v1-0-1:202310010110,2023-10-01 01:10:00+00:00,2023-10-01 01:32:00+00:00,M2.5,13452,existing_region_reference_conflict,13451,13452,13452,retained_original_daily_supported,direct_xra,True,20231001events.txt:22,20231001:3900,13452,20231001events.txt:22,M2.5,True,swpc_exact_peak_region_v1
noaa-science-v1-0-1:202310100155,2023-10-10 01:55:00+00:00,2023-10-10 02:09:00+00:00,M1.6,13451,existing_region_reference_conflict,13452,13451,13451,retained_original_daily_supported,direct_xra,True,20231010events.txt:18,20231010:6160,13451,20231010events.txt:18,M1.6,True,swpc_exact_peak_region_v1
noaa-science-v1-0-1:202310262247,2023-10-26 22:47:00+00:00,2023-10-26 23:24:00+00:00,M1.4,,missing_region_no_exact_reference,,,,unresolved_no_qualified_region_evidence,none,True,20231026events.txt:46,20231026:7830,,,M1.4,True,swpc_exact_peak_region_v1
noaa-science-v1-0-1:202311010607,2023-11-01 06:07:00+00:00,2023-11-01 06:26:00+00:00,M1.1,,missing_region_exact_start_peak_candidate,13477,,,unresolved_no_qualified_region_evidence,none,True,20231101events.txt:21,20231101:8270,,,M1.1,True,swpc_exact_peak_region_v1
noaa-science-v1-0-1:202311200854,2023-11-20 08:54:00+00:00,2023-11-20 09:03:00+00:00,M1.2,13492,existing_region_reference_conflict,13490,13492,13492,retained_original_daily_supported,direct_xra,True,20231120events.txt:24,20231120:1300,13492,20231120events.txt:24,M1.2,True,swpc_exact_peak_region_v1
noaa-science-v1-0-1:202311230259,2023-11-23 02:59:00+00:00,2023-11-23 03:38:00+00:00,M1.4,,missing_region_exact_start_peak_candidate,13494,,,unresolved_no_qualified_region_evidence,none,True,20231123events.txt:19,20231123:1880,,,M1.4,True,swpc_exact_peak_region_v1
noaa-science-v1-0-1:202312172008,2023-12-17 20:08:00+00:00,2023-12-17 20:17:00+00:00,M1.1,13514,existing_region_reference_conflict,13520,13514,13514,retained_original_daily_supported,direct_xra,True,20231217events.txt:34,20231217:7510,13514,20231217events.txt:34,M1.1,True,swpc_exact_peak_region_v1
noaa-science-v1-0-1:202312241921,2023-12-24 19:21:00+00:00,2023-12-24 19:51:00+00:00,M1.1,,missing_region_no_exact_reference,,,,unresolved_no_qualified_region_evidence,none,True,20231224events.txt:70,20231224:8970,,,M1.1,True,swpc_exact_peak_region_v1
noaa-science-v1-0-1:202401101239,2024-01-10 12:39:00+00:00,2024-01-10 12:55:00+00:00,M1.4,,missing_region_no_exact_reference,,,,unresolved_no_qualified_region_evidence,none,True,20240110events.txt:52,20240110:1890,,,M1.4,True,swpc_exact_peak_region_v1
noaa-science-v1-0-1:202401221913,2024-01-22 19:13:00+00:00,2024-01-22 19:24:00+00:00,M1.1,,missing_region_exact_start_peak_candidate,13559,,,unresolved_no_exact_xra_peak,none,True,,,,,,False,swpc_exact_peak_region_v1
noaa-science-v1-0-1:202401221928,2024-01-22 19:28:00+00:00,2024-01-22 19:32:00+00:00,M1.2,13559,existing_region_reference_conflict,13559;13561,13559,13559,retained_original_daily_supported,direct_xra,True,20240122events.txt:84,20240122:4720,13559,20240122events.txt:84,M1.2,True,swpc_exact_peak_region_v1
noaa-science-v1-0-1:202401231240,2024-01-23 12:40:00+00:00,2024-01-23 12:58:00+00:00,M1.0,,missing_region_exact_start_peak_candidate,13561,,,unresolved_no_exact_xra_peak,none,True,,,,,,False,swpc_exact_peak_region_v1
noaa-science-v1-0-1:202401231819,2024-01-23 18:19:00+00:00,2024-01-23 18:28:00+00:00,M1.0,,missing_region_exact_start_peak_candidate,13561,,,unresolved_no_exact_xra_peak,none,True,,,,,,False,swpc_exact_peak_region_v1
noaa-science-v1-0-1:202401231946,2024-01-23 19:46:00+00:00,2024-01-23 19:52:00+00:00,M1.0,,missing_region_exact_start_peak_candidate,13561,,,unresolved_no_exact_xra_peak,none,True,,,,,,False,swpc_exact_peak_region_v1
noaa-science-v1-0-1:202402081517,2024-02-08 15:17:00+00:00,2024-02-08 15:22:00+00:00,M1.3,,missing_region_no_exact_reference,,,,unresolved_no_exact_xra_peak,none,True,,,,,,False,swpc_exact_peak_region_v1
noaa-science-v1-0-1:202402082317,2024-02-08 23:17:00+00:00,2024-02-08 23:55:00+00:00,M3.9,,missing_region_peak_only_candidate,13575,,,unresolved_no_qualified_region_evidence,none,True,20240208events.txt:99,20240208:8870,,,M3.9,True,swpc_exact_peak_region_v1
noaa-science-v1-0-1:202402100304,2024-02-10 03:04:00+00:00,2024-02-10 03:54:00+00:00,M3.4,,missing_region_no_exact_reference,,,,unresolved_no_qualified_region_evidence,none,True,20240210events.txt:26,20240210:9160,,,M3.4,True,swpc_exact_peak_region_v1
noaa-science-v1-0-1:202402112235,2024-02-11 22:35:00+00:00,2024-02-11 22:45:00+00:00,M1.0,,missing_region_no_exact_reference,,,,unresolved_no_qualified_region_evidence,none,True,20240211events.txt:57,20240211:9590,,,M1.0,True,swpc_exact_peak_region_v1
noaa-science-v1-0-1:202402122035,2024-02-12 20:35:00+00:00,2024-02-12 21:17:00+00:00,M2.6,,missing_region_no_exact_reference,,,,unresolved_no_qualified_region_evidence,none,True,20240212events.txt:69,20240212:9840,,,M2.6,True,swpc_exact_peak_region_v1
noaa-science-v1-0-1:202402212358,2024-02-21 23:58:00+00:00,2024-02-22 00:14:00+00:00,M1.5,,missing_region_no_exact_reference,,,,unresolved_no_qualified_region_evidence,none,True,20240221events.txt:91,20240221:1860,,,M1.5,True,swpc_exact_peak_region_v1
noaa-science-v1-0-1:202403161622,2024-03-16 16:22:00+00:00,2024-03-16 16:35:00+00:00,M3.5,,missing_region_no_exact_reference,,,,unresolved_no_qualified_region_evidence,none,True,20240316events.txt:26,20240316:5660,,,M3.5,True,swpc_exact_peak_region_v1
noaa-science-v1-0-1:202403162127,2024-03-16 21:27:00+00:00,2024-03-16 21:55:00+00:00,M1.1,,missing_region_no_exact_reference,,,,unresolved_no_qualified_region_evidence,none,True,20240316events.txt:30,20240316:5690,,,M1.1,True,swpc_exact_peak_region_v1
noaa-science-v1-0-1:202403230058,2024-03-23 00:58:00+00:00,2024-03-23 01:33:00+00:00,X1.1,13614,existing_region_reference_conflict,13614;13615,13614,13614,retained_original_daily_supported,direct_xra,True,20240323events.txt:18,20240323:7040,13614,20240323events.txt:18,X1.1,True,swpc_exact_peak_region_v1
noaa-science-v1-0-1:202403231351,2024-03-23 13:51:00+00:00,2024-03-23 13:52:00+00:00,M5.2,,missing_region_no_exact_reference,,,,unresolved_no_exact_xra_peak,none,True,,,,,,False,swpc_exact_peak_region_v1
noaa-science-v1-0-1:202403231517,2024-03-23 15:17:00+00:00,2024-03-23 15:22:00+00:00,M3.7,,missing_region_exact_start_peak_candidate,13615,,,unresolved_no_exact_xra_peak,none,True,,,,,,False,swpc_exact_peak_region_v1
noaa-science-v1-0-1:202403261341,2024-03-26 13:41:00+00:00,2024-03-26 13:46:00+00:00,M1.7,13615,existing_region_reference_conflict,13615;13621,13615,13615,retained_original_daily_supported,direct_xra,True,20240326events.txt:99,20240326:8540,13615,20240326events.txt:99,M1.7,True,swpc_exact_peak_region_v1
noaa-science-v1-0-1:202403262143,2024-03-26 21:43:00+00:00,2024-03-26 21:58:00+00:00,M1.6,,missing_region_exact_start_peak_candidate,13615,,,unresolved_no_qualified_region_evidence,none,True,20240326events.txt:109,20240326:8640,,,M1.6,True,swpc_exact_peak_region_v1
noaa-science-v1-0-1:202403282029,2024-03-28 20:29:00+00:00,2024-03-28 20:46:00+00:00,M9.7,,missing_region_exact_start_peak_candidate,13615,,,unresolved_no_exact_xra_peak,none,True,,,,,,False,swpc_exact_peak_region_v1
noaa-science-v1-0-1:202403302101,2024-03-30 21:01:00+00:00,2024-03-30 21:16:00+00:00,M9.4,13515,existing_region_reference_conflict,13515;13615,,,unresolved_no_exact_xra_peak,none,True,,,,,,False,swpc_exact_peak_region_v1
noaa-science-v1-0-1:202403302121,2024-03-30 21:21:00+00:00,2024-03-30 21:31:00+00:00,M9.3,,missing_region_exact_start_peak_candidate,13615,,,unresolved_no_exact_xra_peak,none,True,,,,,,False,swpc_exact_peak_region_v1
noaa-science-v1-0-1:202404010113,2024-04-01 01:13:00+00:00,2024-04-01 01:32:00+00:00,M3.9,13625,existing_region_reference_conflict,13614;13625,,,unresolved_no_exact_xra_peak,none,True,,,,,,False,swpc_exact_peak_region_v1
noaa-science-v1-0-1:202404111652,2024-04-11 16:52:00+00:00,2024-04-11 17:06:00+00:00,M5.4,,missing_region_no_exact_reference,,,,unresolved_no_qualified_region_evidence,none,True,20240411events.txt:75,20240411:1120,,,M5.4,True,swpc_exact_peak_region_v1
noaa-science-v1-0-1:202404151343,2024-04-15 13:43:00+00:00,2024-04-15 13:58:00+00:00,M1.1,13639,existing_region_reference_conflict,13634;13639,13639,13639,retained_original_daily_supported,direct_xra,True,20240415events.txt:90,20240415:2310,13639,20240415events.txt:90,M1.1,True,swpc_exact_peak_region_v1
noaa-science-v1-0-1:202404161749,2024-04-16 17:49:00+00:00,2024-04-16 18:02:00+00:00,M1.1,13645,existing_region_reference_conflict,13637;13645,13645,13645,retained_original_daily_supported,direct_xra,True,20240416events.txt:41,20240416:2560,13645,20240416events.txt:41,M1.1,True,swpc_exact_peak_region_v1
noaa-science-v1-0-1:202404181922,2024-04-18 19:22:00+00:00,2024-04-18 20:01:00+00:00,M1.6,,missing_region_exact_start_peak_candidate,13645,,,unresolved_no_exact_xra_peak,none,True,,,,,,False,swpc_exact_peak_region_v1
noaa-science-v1-0-1:202404182012,2024-04-18 20:12:00+00:00,2024-04-18 20:16:00+00:00,M1.6,13647,existing_region_reference_conflict,13645;13647,13647,13647,retained_original_daily_supported,direct_xra,True,20240418events.txt:83,20240418:3180,13647,20240418events.txt:83,M1.6,True,swpc_exact_peak_region_v1
noaa-science-v1-0-1:202404191253,2024-04-19 12:53:00+00:00,2024-04-19 13:06:00+00:00,M1.0,13647,existing_region_reference_conflict,13638;13647,13647,13647,retained_original_daily_supported,direct_xra,True,20240419events.txt:68,20240419:3500,13647,20240419events.txt:68,M1.0,True,swpc_exact_peak_region_v1
noaa-science-v1-0-1:202404211507,2024-04-21 15:07:00+00:00,2024-04-21 15:14:00+00:00,M2.2,13638,existing_region_reference_conflict,13636;13638,,,unresolved_conflicting_swpc_regions,direct_xra,True,20240421events.txt:57,20240421:4160,13638;13646,20240421events.txt:57,M2.2,True,swpc_exact_peak_region_v1
noaa-science-v1-0-1:202404212144,2024-04-21 21:44:00+00:00,2024-04-21 21:52:00+00:00,M3.4,13638,existing_region_reference_conflict,13636;13638,13638,13638,retained_original_daily_supported,direct_xra,True,20240421events.txt:84,20240421:4230,13638,20240421events.txt:84,M3.4,True,swpc_exact_peak_region_v1
noaa-science-v1-0-1:202404222300,2024-04-22 23:00:00+00:00,2024-04-22 23:18:00+00:00,M1.0,,missing_region_peak_only_candidate,13645,,,unresolved_no_exact_xra_peak,none,True,,,,,,False,swpc_exact_peak_region_v1
noaa-science-v1-0-1:202404240013,2024-04-24 00:13:00+00:00,2024-04-24 00:29:00+00:00,M1.7,13638,existing_region_reference_conflict,13638;13645,13638,13638,retained_original_daily_supported,direct_xra,True,20240424events.txt:14,20240424:5210,13638,20240424events.txt:14,M1.7,True,swpc_exact_peak_region_v1
noaa-science-v1-0-1:202404240038,2024-04-24 00:38:00+00:00,2024-04-24 00:42:00+00:00,M1.6,,missing_region_exact_start_peak_candidate,13645,,,unresolved_no_exact_xra_peak,none,True,,,,,,False,swpc_exact_peak_region_v1
noaa-science-v1-0-1:202404242227,2024-04-24 22:27:00+00:00,2024-04-24 22:50:00+00:00,M1.1,13647,existing_region_reference_conflict,13643;13647,13647,13647,retained_original_daily_supported,direct_xra,True,20240424events.txt:97,20240424:5530,13647,20240424events.txt:97,M1.1,True,swpc_exact_peak_region_v1
noaa-science-v1-0-1:202404242254,2024-04-24 22:54:00+00:00,2024-04-24 22:59:00+00:00,M2.0,13638,existing_region_reference_conflict,13638;13645,13638,13638,retained_original_daily_supported,direct_xra,True,20240424events.txt:100,20240424:5540,13638,20240424events.txt:100,M2.0,True,swpc_exact_peak_region_v1
noaa-science-v1-0-1:202405011437,2024-05-01 14:37:00+00:00,2024-05-01 14:44:00+00:00,M1.9,,missing_region_exact_start_peak_candidate,13654,,,unresolved_no_exact_xra_peak,none,True,,,,,,False,swpc_exact_peak_region_v1
noaa-science-v1-0-1:202405071332,2024-05-07 13:32:00+00:00,2024-05-07 13:35:00+00:00,M1.0,13664,existing_region_reference_conflict,13663;13664,,,unresolved_no_exact_xra_peak,none,True,,,,,,False,swpc_exact_peak_region_v1
noaa-science-v1-0-1:202405080216,2024-05-08 02:16:00+00:00,2024-05-08 02:27:00+00:00,M3.4,13664,existing_region_reference_conflict,13664;13668,,,unresolved_no_exact_xra_peak,none,True,,,,,,False,swpc_exact_peak_region_v1
noaa-science-v1-0-1:202405080338,2024-05-08 03:38:00+00:00,2024-05-08 03:42:00+00:00,M1.9,,missing_region_exact_start_peak_candidate,13664,,,unresolved_no_exact_xra_peak,none,True,,,,,,False,swpc_exact_peak_region_v1
noaa-science-v1-0-1:202405080420,2024-05-08 04:20:00+00:00,2024-05-08 04:30:00+00:00,M3.5,,missing_region_exact_start_peak_candidate,13664,,,unresolved_no_exact_xra_peak,none,True,,,,,,False,swpc_exact_peak_region_v1
noaa-science-v1-0-1:202405080644,2024-05-08 06:44:00+00:00,2024-05-08 06:53:00+00:00,M7.1,,missing_region_exact_start_peak_candidate,13664,,,unresolved_no_exact_xra_peak,none,True,,,,,,False,swpc_exact_peak_region_v1
noaa-science-v1-0-1:202405081126,2024-05-08 11:26:00+00:00,2024-05-08 12:04:00+00:00,M8.6,,missing_region_exact_start_peak_candidate,13664,,,unresolved_no_exact_xra_peak,none,True,,,,,,False,swpc_exact_peak_region_v1
noaa-science-v1-0-1:202405081732,2024-05-08 17:32:00+00:00,2024-05-08 17:53:00+00:00,M7.9,13664,existing_region_reference_conflict,13664;13668,,,unresolved_no_exact_xra_peak,none,True,,,,,,False,swpc_exact_peak_region_v1
noaa-science-v1-0-1:202405081814,2024-05-08 18:14:00+00:00,2024-05-08 18:36:00+00:00,M2.9,13663,existing_region_reference_conflict,13662;13663,,,unresolved_no_exact_xra_peak,none,True,,,,,,False,swpc_exact_peak_region_v1
noaa-science-v1-0-1:202405090624,2024-05-09 06:24:00+00:00,2024-05-09 06:27:00+00:00,M2.4,,missing_region_exact_start_peak_candidate,13664,,,unresolved_no_exact_xra_peak,none,True,,,,,,False,swpc_exact_peak_region_v1
noaa-science-v1-0-1:202405090830,2024-05-09 08:30:00+00:00,2024-05-09 08:40:00+00:00,M2.1,,missing_region_exact_start_peak_candidate,13663,,,unresolved_no_exact_xra_peak,none,True,,,,,,False,swpc_exact_peak_region_v1
noaa-science-v1-0-1:202405092208,2024-05-09 22:08:00+00:00,2024-05-09 22:15:00+00:00,M1.0,,missing_region_exact_start_peak_candidate,13663,,,unresolved_no_qualified_region_evidence,none,True,20240509events.txt:163,20240509:1110,,,M1.0,True,swpc_exact_peak_region_v1
noaa-science-v1-0-1:202405092224,2024-05-09 22:24:00+00:00,2024-05-09 22:41:00+00:00,M2.6,,missing_region_exact_start_peak_candidate,13664,,,unresolved_no_qualified_region_evidence,none,True,20240509events.txt:167,20240509:1180,,,M2.6,True,swpc_exact_peak_region_v1
noaa-science-v1-0-1:202405100614,2024-05-10 06:14:00+00:00,2024-05-10 06:24:00+00:00,M1.3,,missing_region_exact_start_peak_candidate,13664,,,unresolved_no_exact_xra_peak,none,True,,,,,,False,swpc_exact_peak_region_v1
noaa-science-v1-0-1:202405121340,2024-05-12 13:40:00+00:00,2024-05-12 13:47:00+00:00,M1.0,13679,existing_region_reference_conflict,13664;13679,13679,13679,retained_original_daily_supported,direct_xra,True,20240512events.txt:80,20240512:2320,13679,20240512events.txt:80,M1.0,True,swpc_exact_peak_region_v1
noaa-science-v1-0-1:202405122214,2024-05-12 22:14:00+00:00,2024-05-12 22:18:00+00:00,M1.1,13676,existing_region_reference_conflict,13664;13676,13676,13676,retained_original_daily_supported,direct_xra,True,20240512events.txt:131,20240512:2480,13676,20240512events.txt:131,M1.1,True,swpc_exact_peak_region_v1
noaa-science-v1-0-1:202405130847,2024-05-13 08:47:00+00:00,2024-05-13 09:33:00+00:00,M4.9,,missing_region_exact_start_peak_candidate,13664,,,unresolved_no_exact_xra_peak,none,True,,,,,,False,swpc_exact_peak_region_v1
noaa-science-v1-0-1:202405140123,2024-05-14 01:23:00+00:00,2024-05-14 01:48:00+00:00,M2.5,,missing_region_exact_start_peak_candidate,13664,,,unresolved_no_exact_xra_peak,none,True,,,,,,False,swpc_exact_peak_region_v1
noaa-science-v1-0-1:202405141725,2024-05-14 17:25:00+00:00,2024-05-14 17:38:00+00:00,M4.4,13682,existing_region_reference_conflict,13680;13682,13682,13682,retained_original_daily_supported,direct_xra,True,20240514events.txt:98,20240514:3040,13682,20240514events.txt:98,M4.4,True,swpc_exact_peak_region_v1
noaa-science-v1-0-1:202405150818,2024-05-15 08:18:00+00:00,2024-05-15 08:37:00+00:00,X3.4,,missing_region_exact_start_peak_candidate,13664,,,unresolved_no_exact_xra_peak,none,True,,,,,,False,swpc_exact_peak_region_v1
noaa-science-v1-0-1:202405172033,2024-05-17 20:33:00+00:00,2024-05-17 21:08:00+00:00,M7.2,13685,existing_region_reference_conflict,13685;13686,13685,13685,retained_original_daily_supported,direct_xra,True,20240517events.txt:94,20240517:3840,13685,20240517events.txt:94,M7.2,True,swpc_exact_peak_region_v1
noaa-science-v1-0-1:202405231003,2024-05-23 10:03:00+00:00,2024-05-23 10:08:00+00:00,M1.0,,missing_region_exact_start_peak_candidate,13679,,,unresolved_no_qualified_region_evidence,none,True,20240523events.txt:55,20240523:5770,,,M1.0,True,swpc_exact_peak_region_v1
noaa-science-v1-0-1:202405231553,2024-05-23 15:53:00+00:00,2024-05-23 15:58:00+00:00,M1.0,13689,existing_region_reference_conflict,13679;13689,13689,13689,retained_original_daily_supported,direct_xra,True,20240523events.txt:87,20240523:5870,13689,20240523events.txt:87,M1.0,True,swpc_exact_peak_region_v1
noaa-science-v1-0-1:202405240628,2024-05-24 06:28:00+00:00,2024-05-24 07:06:00+00:00,M1.4,13679,existing_region_reference_conflict,13679;13685,13679,13679,retained_original_daily_supported,direct_xra,True,20240524events.txt:29,20240524:6100,13679,20240524events.txt:29,M1.4,True,swpc_exact_peak_region_v1
noaa-science-v1-0-1:202405240808,2024-05-24 08:08:00+00:00,2024-05-24 08:24:00+00:00,M1.3,,missing_region_exact_start_peak_candidate,13685,,,unresolved_no_exact_xra_peak,none,True,,,,,,False,swpc_exact_peak_region_v1
noaa-science-v1-0-1:202406080517,2024-06-08 05:17:00+00:00,2024-06-08 05:28:00+00:00,M1.5,13697,existing_region_reference_conflict,13697;13709,13697,13697,retained_original_daily_supported,direct_xra,True,20240608events.txt:47,20240608:9990,13697,20240608events.txt:47,M1.5,True,swpc_exact_peak_region_v1
noaa-science-v1-0-1:202406080834,2024-06-08 08:34:00+00:00,2024-06-08 08:44:00+00:00,M1.2,13697,existing_region_reference_conflict,13697;13709,,,unresolved_no_exact_xra_peak,none,True,,,,,,False,swpc_exact_peak_region_v1
noaa-science-v1-0-1:202406220422,2024-06-22 04:22:00+00:00,2024-06-22 04:38:00+00:00,M1.2,,missing_region_no_exact_reference,,,,unresolved_no_qualified_region_evidence,none,True,20240622events.txt:16,20240622:4470,,,M1.2,True,swpc_exact_peak_region_v1
noaa-science-v1-0-1:202407030729,2024-07-03 07:29:00+00:00,2024-07-03 07:41:00+00:00,M1.5,13729,existing_region_reference_conflict,13729;13730,13729,13729,retained_original_daily_supported,direct_xra,True,20240703events.txt:22,20240703:7390,13729,20240703events.txt:22,M1.5,True,swpc_exact_peak_region_v1
noaa-science-v1-0-1:202407041406,2024-07-04 14:06:00+00:00,2024-07-04 14:25:00+00:00,M1.0,13723,existing_region_reference_conflict,13723;13732,13723,13723,retained_original_daily_supported,direct_xra,True,20240704events.txt:31,20240704:7620,13723,20240704events.txt:31,M1.0,True,swpc_exact_peak_region_v1
noaa-science-v1-0-1:202407071938,2024-07-07 19:38:00+00:00,2024-07-07 19:56:00+00:00,M1.0,,missing_region_no_exact_reference,,,,unresolved_no_qualified_region_evidence,none,True,20240707events.txt:83,20240707:8530,,,M1.0,True,swpc_exact_peak_region_v1
noaa-science-v1-0-1:202407072114,2024-07-07 21:14:00+00:00,2024-07-07 21:27:00+00:00,M1.3,,missing_region_no_exact_reference,,,,unresolved_no_qualified_region_evidence,none,True,20240707events.txt:88,20240707:8550,,,M1.3,True,swpc_exact_peak_region_v1
noaa-science-v1-0-1:202407072142,2024-07-07 21:42:00+00:00,2024-07-07 21:51:00+00:00,M1.1,,missing_region_no_exact_reference,,,,unresolved_no_qualified_region_evidence,none,True,20240707events.txt:93,20240707:8570,,,M1.1,True,swpc_exact_peak_region_v1
noaa-science-v1-0-1:202407072154,2024-07-07 21:54:00+00:00,2024-07-07 21:59:00+00:00,M1.4,,missing_region_exact_start_peak_candidate,13733,,,unresolved_no_qualified_region_evidence,none,True,20240707events.txt:95,20240707:8560,,,M1.4,True,swpc_exact_peak_region_v1
noaa-science-v1-0-1:202407081234,2024-07-08 12:34:00+00:00,2024-07-08 12:41:00+00:00,M1.1,,missing_region_no_exact_reference,,,,unresolved_no_qualified_region_evidence,none,True,20240708events.txt:64,20240708:8790,,,M1.1,True,swpc_exact_peak_region_v1
noaa-science-v1-0-1:202407131459,2024-07-13 14:59:00+00:00,2024-07-13 15:30:00+00:00,M1.8,13747,existing_region_reference_conflict,13745;13747,,,unresolved_no_exact_xra_peak,none,True,,,,,,False,swpc_exact_peak_region_v1
noaa-science-v1-0-1:202407131541,2024-07-13 15:41:00+00:00,2024-07-13 15:44:00+00:00,M1.9,13747,existing_region_reference_conflict,13738;13747,,,unresolved_no_exact_xra_peak,none,True,,,,,,False,swpc_exact_peak_region_v1
noaa-science-v1-0-1:202407220931,2024-07-22 09:31:00+00:00,2024-07-22 09:35:00+00:00,M1.4,,missing_region_exact_start_peak_candidate,13744,,,unresolved_no_qualified_region_evidence,none,True,20240722events.txt:79,20240722:3590,,,M1.4,True,swpc_exact_peak_region_v1
noaa-science-v1-0-1:202407231349,2024-07-23 13:49:00+00:00,2024-07-23 14:28:00+00:00,M2.4,,missing_region_exact_start_peak_candidate,13764,,,unresolved_no_qualified_region_evidence,none,True,20240723events.txt:49,20240723:3820,,,M2.4,True,swpc_exact_peak_region_v1
noaa-science-v1-0-1:202407271016,2024-07-27 10:16:00+00:00,2024-07-27 10:40:00+00:00,M2.0,13767,existing_region_reference_conflict,13762;13767,13767,13767,retained_original_daily_supported,direct_xra,True,20240727events.txt:84,20240727:5050,13767,20240727events.txt:84,M2.0,True,swpc_exact_peak_region_v1
noaa-science-v1-0-1:202407271750,2024-07-27 17:50:00+00:00,2024-07-27 18:06:00+00:00,M2.7,13765,existing_region_reference_conflict,13765;13766,13765,13765,retained_original_daily_supported,direct_xra,True,20240727events.txt:109,20240727:5160,13765,20240727events.txt:109,M2.7,True,swpc_exact_peak_region_v1
noaa-science-v1-0-1:202407280139,2024-07-28 01:39:00+00:00,2024-07-28 01:51:00+00:00,M7.8,13766,existing_region_reference_conflict,13764;13766,13766,13766,retained_original_daily_supported,direct_xra,True,20240728events.txt:23,20240728:5320,13766,20240728events.txt:23,M7.8,True,swpc_exact_peak_region_v1
noaa-science-v1-0-1:202407280153,2024-07-28 01:53:00+00:00,2024-07-28 01:57:00+00:00,M9.9,13766,existing_region_reference_conflict,13764;13766,13766,13766,retained_original_daily_supported,direct_xra,True,20240728events.txt:54,20240728:5330,13766,20240728events.txt:54,M9.9,True,swpc_exact_peak_region_v1
noaa-science-v1-0-1:202407281243,2024-07-28 12:43:00+00:00,2024-07-28 12:50:00+00:00,M2.6,13766,existing_region_reference_conflict,13767,13766,13766,retained_original_daily_supported,direct_xra,True,20240728events.txt:113,20240728:5550,13766,20240728events.txt:113,M2.6,True,swpc_exact_peak_region_v1
noaa-science-v1-0-1:202407290233,2024-07-29 02:33:00+00:00,2024-07-29 02:37:00+00:00,X1.5,13766,existing_region_reference_conflict,13764;13766,,,unresolved_conflicting_swpc_regions,direct_xra,True,20240729events.txt:48,20240729:5810,13764;13766,20240729events.txt:48,X1.5,True,swpc_exact_peak_region_v1
noaa-science-v1-0-1:202407291404,2024-07-29 14:04:00+00:00,2024-07-29 14:46:00+00:00,M4.2,13765,existing_region_reference_conflict,13772,13765,13765,retained_original_daily_supported,direct_xra,True,20240729events.txt:131,20240729:6130,13765,20240729events.txt:131,M4.2,True,swpc_exact_peak_region_v1
noaa-science-v1-0-1:202407291940,2024-07-29 19:40:00+00:00,2024-07-29 19:57:00+00:00,M6.4,13766,existing_region_reference_conflict,13772,13766,13766,retained_original_daily_supported,direct_xra,True,20240729events.txt:178,20240729:6210,13766,20240729events.txt:178,M6.4,True,swpc_exact_peak_region_v1
noaa-science-v1-0-1:202407300130,2024-07-30 01:30:00+00:00,2024-07-30 01:32:00+00:00,M1.3,13762,existing_region_reference_conflict,13762;13768,13762,13762,retained_original_daily_supported,direct_xra,True,20240730events.txt:18,20240730:6290,13762,20240730events.txt:18,M1.3,True,swpc_exact_peak_region_v1
noaa-science-v1-0-1:202407311807,2024-07-31 18:07:00+00:00,2024-07-31 18:37:00+00:00,M5.4,13768,existing_region_reference_conflict,13756;13768,13768,13768,retained_original_daily_supported,direct_xra,True,20240731events.txt:182,20240731:7430,13768,20240731events.txt:182,M5.4,True,swpc_exact_peak_region_v1
noaa-science-v1-0-1:202408010552,2024-08-01 05:52:00+00:00,2024-08-01 05:56:00+00:00,M1.5,13768,existing_region_reference_conflict,13765;13768,13768,13768,retained_original_daily_supported,direct_xra,True,20240801events.txt:70,20240801:7700,13768,20240801events.txt:70,M1.5,True,swpc_exact_peak_region_v1
noaa-science-v1-0-1:202408011109,2024-08-01 11:09:00+00:00,2024-08-01 11:37:00+00:00,M4.1,13768,existing_region_reference_conflict,13768;13772,13768,13768,retained_original_daily_supported,direct_xra,True,20240801events.txt:128,20240801:7990,13768,20240801events.txt:128,M4.1,True,swpc_exact_peak_region_v1
noaa-science-v1-0-1:202408011141,2024-08-01 11:41:00+00:00,2024-08-01 11:47:00+00:00,M4.1,,missing_region_exact_start_peak_candidate,13772,,,unresolved_no_exact_xra_peak,none,True,,,,,,False,swpc_exact_peak_region_v1
noaa-science-v1-0-1:202408011633,2024-08-01 16:33:00+00:00,2024-08-01 16:37:00+00:00,M1.3,13765,existing_region_reference_conflict,13765;13768,13765,13765,retained_original_daily_supported,direct_xra,True,20240801events.txt:169,20240801:8140,13765,20240801events.txt:169,M1.3,True,swpc_exact_peak_region_v1
noaa-science-v1-0-1:202408011644,2024-08-01 16:44:00+00:00,2024-08-01 16:47:00+00:00,M1.6,,missing_region_exact_start_peak_candidate,13774,,,unresolved_no_exact_xra_peak,none,True,,,,,,False,swpc_exact_peak_region_v1
noaa-science-v1-0-1:202408012300,2024-08-01 23:00:00+00:00,2024-08-01 23:08:00+00:00,M1.4,13772,existing_region_reference_conflict,13772;13774,13772,13772,retained_original_daily_supported,direct_xra,True,20240801events.txt:199,20240801:8280,13772,20240801events.txt:199,M1.4,True,swpc_exact_peak_region_v1
noaa-science-v1-0-1:202408020751,2024-08-02 07:51:00+00:00,2024-08-02 07:59:00+00:00,M2.1,13765,existing_region_reference_conflict,13765;13775,13765,13765,retained_original_daily_supported,direct_xra,True,20240802events.txt:100,20240802:8510,13765,20240802events.txt:100,M2.1,True,swpc_exact_peak_region_v1
noaa-science-v1-0-1:202408022341,2024-08-02 23:41:00+00:00,2024-08-02 23:58:00+00:00,M1.3,,missing_region_no_exact_reference,,,,unresolved_no_qualified_region_evidence,none,True,20240802events.txt:169,20240802:8760,,,M1.3,True,swpc_exact_peak_region_v1
noaa-science-v1-0-1:202408030652,2024-08-03 06:52:00+00:00,2024-08-03 07:05:00+00:00,M1.5,13770,existing_region_reference_conflict,13768;13770,13770,13770,retained_original_daily_supported,direct_xra,True,20240803events.txt:42,20240803:8880,13770,20240803events.txt:42,M1.5,True,swpc_exact_peak_region_v1
noaa-science-v1-0-1:202408030711,2024-08-03 07:11:00+00:00,2024-08-03 07:30:00+00:00,M1.9,13770,existing_region_reference_conflict,13765;13770,13770,13770,retained_original_daily_supported,direct_xra,True,20240803events.txt:44,20240803:8890,13770,20240803events.txt:44,M1.9,True,swpc_exact_peak_region_v1
noaa-science-v1-0-1:202408031917,2024-08-03 19:17:00+00:00,2024-08-03 19:30:00+00:00,M5.4,,missing_region_no_exact_reference,,,,unresolved_no_qualified_region_evidence,none,True,20240803events.txt:97,20240803:9070,,,M5.4,True,swpc_exact_peak_region_v1
noaa-science-v1-0-1:202408040935,2024-08-04 09:35:00+00:00,2024-08-04 09:44:00+00:00,M1.2,,missing_region_no_exact_reference,,,,unresolved_no_exact_xra_peak,none,True,,,,,,False,swpc_exact_peak_region_v1
noaa-science-v1-0-1:202408050949,2024-08-05 09:49:00+00:00,2024-08-05 10:01:00+00:00,M1.7,,missing_region_exact_start_peak_candidate,13767,,,unresolved_no_qualified_region_evidence,none,True,20240805events.txt:64,20240805:9510,,,M1.7,True,swpc_exact_peak_region_v1
noaa-science-v1-0-1:202408051756,2024-08-05 17:56:00+00:00,2024-08-05 18:02:00+00:00,M1.0,,missing_region_exact_start_peak_candidate,13767,,,unresolved_no_qualified_region_evidence,none,True,20240805events.txt:104,20240805:9630,,,M1.0,True,swpc_exact_peak_region_v1
noaa-science-v1-0-1:202408161313,2024-08-16 13:13:00+00:00,2024-08-16 13:24:00+00:00,M1.3,13780,existing_region_reference_conflict,13777;13780,13780,13780,retained_original_daily_supported,direct_xra,True,20240816events.txt:43,20240816:4000,13780,20240816events.txt:43,M1.3,True,swpc_exact_peak_region_v1
noaa-science-v1-0-1:202408182346,2024-08-18 23:46:00+00:00,2024-08-19 00:00:00+00:00,M1.4,,missing_region_no_exact_reference,,,,unresolved_no_exact_xra_peak,none,True,,,,,,False,swpc_exact_peak_region_v1
noaa-science-v1-0-1:202408310852,2024-08-31 08:52:00+00:00,2024-08-31 08:59:00+00:00,M1.2,,missing_region_no_exact_reference,,,,unresolved_no_qualified_region_evidence,none,True,20240831events.txt:38,20240831:8160,,,M1.2,True,swpc_exact_peak_region_v1
noaa-science-v1-0-1:202409010747,2024-09-01 07:47:00+00:00,2024-09-01 07:57:00+00:00,M1.4,,missing_region_no_exact_reference,,,,unresolved_no_qualified_region_evidence,none,True,20240901events.txt:36,20240901:8360,,,M1.4,True,swpc_exact_peak_region_v1
noaa-science-v1-0-1:202409011328,2024-09-01 13:28:00+00:00,2024-09-01 13:31:00+00:00,M5.5,,missing_region_no_exact_reference,,,,unresolved_no_exact_xra_peak,none,True,,,,,,False,swpc_exact_peak_region_v1
noaa-science-v1-0-1:202409021311,2024-09-02 13:11:00+00:00,2024-09-02 13:27:00+00:00,M1.8,,missing_region_no_exact_reference,,,,unresolved_no_exact_xra_peak,none,True,,,,,,False,swpc_exact_peak_region_v1
noaa-science-v1-0-1:202409030712,2024-09-03 07:12:00+00:00,2024-09-03 07:22:00+00:00,M1.4,13813,existing_region_reference_conflict,13807;13813,13813,13813,retained_original_daily_supported,direct_xra,True,20240903events.txt:22,20240903:8750,13813,20240903events.txt:22,M1.4,True,swpc_exact_peak_region_v1
noaa-science-v1-0-1:202409031608,2024-09-03 16:08:00+00:00,2024-09-03 16:13:00+00:00,M2.9,,missing_region_exact_start_peak_candidate,13813,,,unresolved_no_exact_xra_peak,none,True,,,,,,False,swpc_exact_peak_region_v1
noaa-science-v1-0-1:202409040449,2024-09-04 04:49:00+00:00,2024-09-04 04:56:00+00:00,M1.2,13807,existing_region_reference_conflict,13807;13813,13807,13807,retained_original_daily_supported,direct_xra,True,20240904events.txt:29,20240904:8940,13807,20240904events.txt:29,M1.2,True,swpc_exact_peak_region_v1
noaa-science-v1-0-1:202409090540,2024-09-09 05:40:00+00:00,2024-09-09 05:45:00+00:00,M1.8,13806,existing_region_reference_conflict,13806;13808,,,unresolved_no_exact_xra_peak,none,True,,,,,,False,swpc_exact_peak_region_v1
noaa-science-v1-0-1:202409090841,2024-09-09 08:41:00+00:00,2024-09-09 08:50:00+00:00,M1.5,13806,existing_region_reference_conflict,13806;13808,,,unresolved_no_exact_xra_peak,none,True,,,,,,False,swpc_exact_peak_region_v1
noaa-science-v1-0-1:202409101534,2024-09-10 15:34:00+00:00,2024-09-10 15:47:00+00:00,M1.6,,missing_region_exact_start_peak_candidate,13806,,,unresolved_no_exact_xra_peak,none,True,,,,,,False,swpc_exact_peak_region_v1
noaa-science-v1-0-1:202409111524,2024-09-11 15:24:00+00:00,2024-09-11 15:30:00+00:00,M1.8,,missing_region_no_exact_reference,,,,unresolved_no_exact_xra_peak,none,True,,,,,,False,swpc_exact_peak_region_v1
noaa-science-v1-0-1:202409121313,2024-09-12 13:13:00+00:00,2024-09-12 13:21:00+00:00,M1.2,13824,existing_region_reference_conflict,13811;13824,13824,13824,retained_original_daily_supported,direct_xra,True,20240912events.txt:92,20240912:1220,13824,20240912events.txt:92,M1.2,True,swpc_exact_peak_region_v1
noaa-science-v1-0-1:202409291249,2024-09-29 12:49:00+00:00,2024-09-29 12:53:00+00:00,M1.0,,missing_region_no_exact_reference,,,,unresolved_no_qualified_region_evidence,none,True,20240929events.txt:21,20240929:3880,,,M1.0,True,swpc_exact_peak_region_v1
noaa-science-v1-0-1:202410020507,2024-10-02 05:07:00+00:00,2024-10-02 05:16:00+00:00,M1.0,,missing_region_no_exact_reference,,,,unresolved_no_exact_xra_peak,none,True,,,,,,False,swpc_exact_peak_region_v1
noaa-science-v1-0-1:202410032003,2024-10-03 20:03:00+00:00,2024-10-03 20:06:00+00:00,M1.0,,missing_region_no_exact_reference,,,,unresolved_no_exact_xra_peak,none,True,,,,,,False,swpc_exact_peak_region_v1
noaa-science-v1-0-1:202410050347,2024-10-05 03:47:00+00:00,2024-10-05 04:08:00+00:00,M1.0,,missing_region_no_exact_reference,,,,unresolved_no_exact_xra_peak,none,True,,,,,,False,swpc_exact_peak_region_v1
noaa-science-v1-0-1:202410062052,2024-10-06 20:52:00+00:00,2024-10-06 21:19:00+00:00,M1.5,13842,existing_region_reference_conflict,13839;13842,13842,13842,retained_original_daily_supported,direct_xra,True,20241006events.txt:103,20241006:6910,13842,20241006events.txt:103,M1.5,True,swpc_exact_peak_region_v1
noaa-science-v1-0-1:202410071803,2024-10-07 18:03:00+00:00,2024-10-07 18:38:00+00:00,M1.3,13842,existing_region_reference_conflict,13842;13844,13842,13842,retained_original_daily_supported,direct_xra,True,20241007events.txt:62,20241007:7170,13842,20241007events.txt:62,M1.3,True,swpc_exact_peak_region_v1
noaa-science-v1-0-1:202410091544,2024-10-09 15:44:00+00:00,2024-10-09 15:47:00+00:00,X1.4,13842,existing_region_reference_conflict,13842;13843,13842,13842,retained_original_daily_supported,direct_xra,True,20241009events.txt:96,20241009:7930,13842,20241009events.txt:96,X1.4,True,swpc_exact_peak_region_v1
noaa-science-v1-0-1:202410101147,2024-10-10 11:47:00+00:00,2024-10-10 12:01:00+00:00,M1.3,,missing_region_exact_start_peak_candidate,13839,,,unresolved_no_qualified_region_evidence,none,True,20241010events.txt:73,20241010:8370,,,M1.3,True,swpc_exact_peak_region_v1
noaa-science-v1-0-1:202410101651,2024-10-10 16:51:00+00:00,2024-10-10 17:00:00+00:00,M1.0,13842,existing_region_reference_conflict,13839;13842,13842,13842,retained_original_daily_supported,direct_xra,True,20241010events.txt:102,20241010:8480,13842,20241010events.txt:102,M1.0,True,swpc_exact_peak_region_v1
noaa-science-v1-0-1:202410102154,2024-10-10 21:54:00+00:00,2024-10-10 22:30:00+00:00,M3.0,13842,existing_region_reference_conflict,13842;13844,13842,13842,retained_original_daily_supported,direct_xra,True,20241010events.txt:120,20241010:8540,13842,20241010events.txt:120,M3.0,True,swpc_exact_peak_region_v1
noaa-science-v1-0-1:202410160338,2024-10-16 03:38:00+00:00,2024-10-16 03:46:00+00:00,M3.7,13852,existing_region_reference_conflict,13852;13854,,,unresolved_no_exact_xra_peak,none,True,,,,,,False,swpc_exact_peak_region_v1
noaa-science-v1-0-1:202410170453,2024-10-17 04:53:00+00:00,2024-10-17 05:05:00+00:00,M2.4,13852,existing_region_reference_conflict,13852;13854,,,unresolved_no_exact_xra_peak,none,True,,,,,,False,swpc_exact_peak_region_v1
noaa-science-v1-0-1:202410182313,2024-10-18 23:13:00+00:00,2024-10-18 23:28:00+00:00,M4.7,13852,existing_region_reference_conflict,13852;13854,13852,13852,retained_original_daily_supported,direct_xra,True,20241018events.txt:62,20241018:1030,13852,20241018events.txt:62,M4.7,True,swpc_exact_peak_region_v1
noaa-science-v1-0-1:202410261157,2024-10-26 11:57:00+00:00,2024-10-26 12:05:00+00:00,M2.8,,missing_region_no_exact_reference,,,,unresolved_no_exact_xra_peak,none,True,,,,,,False,swpc_exact_peak_region_v1
noaa-science-v1-0-1:202410261404,2024-10-26 14:04:00+00:00,2024-10-26 14:16:00+00:00,M1.6,,missing_region_no_exact_reference,,,,unresolved_no_qualified_region_evidence,none,True,20241026events.txt:78,20241026:2580,,,M1.6,True,swpc_exact_peak_region_v1
noaa-science-v1-0-1:202411020813,2024-11-02 08:13:00+00:00,2024-11-02 08:31:00+00:00,M1.2,13876,existing_region_reference_conflict,13871;13876,13876,13876,retained_original_daily_supported,direct_xra,True,20241102events.txt:65,20241102:4640,13876,20241102events.txt:65,M1.2,True,swpc_exact_peak_region_v1
noaa-science-v1-0-1:202411030302,2024-11-03 03:02:00+00:00,2024-11-03 03:11:00+00:00,M1.1,13869,existing_region_reference_conflict,13869;13884,13869,13869,retained_original_daily_supported,direct_xra,True,20241103events.txt:21,20241103:4830,13869,20241103events.txt:21,M1.1,True,swpc_exact_peak_region_v1
noaa-science-v1-0-1:202411031511,2024-11-03 15:11:00+00:00,2024-11-03 15:24:00+00:00,M1.4,13869,existing_region_reference_conflict,13868;13869,13869,13869,retained_original_daily_supported,direct_xra,True,20241103events.txt:96,20241103:5080,13869,20241103events.txt:96,M1.4,True,swpc_exact_peak_region_v1
noaa-science-v1-0-1:202411041526,2024-11-04 15:26:00+00:00,2024-11-04 15:33:00+00:00,M3.7,,missing_region_no_exact_reference,,,,unresolved_no_exact_xra_peak,none,True,,,,,,False,swpc_exact_peak_region_v1
noaa-science-v1-0-1:202411050635,2024-11-05 06:35:00+00:00,2024-11-05 06:54:00+00:00,M2.6,,missing_region_no_exact_reference,,,,unresolved_no_qualified_region_evidence,none,True,20241105events.txt:36,20241105:5640,,,M2.6,True,swpc_exact_peak_region_v1
noaa-science-v1-0-1:202411060848,2024-11-06 08:48:00+00:00,2024-11-06 08:50:00+00:00,M5.8,13887,existing_region_reference_conflict,13878;13887,,,unresolved_conflicting_swpc_regions,direct_xra,True,20241106events.txt:48,20241106:5980,13878;13887,20241106events.txt:48,M5.8,True,swpc_exact_peak_region_v1
noaa-science-v1-0-1:202411062310,2024-11-06 23:10:00+00:00,2024-11-06 23:16:00+00:00,M1.1,13889,existing_region_reference_conflict,13887;13889,13889,13889,retained_original_daily_supported,direct_xra,True,20241106events.txt:135,20241106:6590,13889,20241106events.txt:135,M1.1,True,swpc_exact_peak_region_v1
noaa-science-v1-0-1:202411131657,2024-11-13 16:57:00+00:00,2024-11-13 17:08:00+00:00,M1.7,13889,existing_region_reference_conflict,13889;13891,13889,13889,retained_original_daily_supported,direct_xra,True,20241113events.txt:61,20241113:8580,13889,20241113events.txt:61,M1.7,True,swpc_exact_peak_region_v1
noaa-science-v1-0-1:202411160126,2024-11-16 01:26:00+00:00,2024-11-16 01:37:00+00:00,M1.6,13889,existing_region_reference_conflict,13889;13892,13889,13889,retained_original_daily_supported,direct_xra,True,20241116events.txt:25,20241116:8960,13889,20241116events.txt:25,M1.6,True,swpc_exact_peak_region_v1
noaa-science-v1-0-1:202411181845,2024-11-18 18:45:00+00:00,2024-11-18 19:15:00+00:00,M2.0,13901,existing_region_reference_conflict,13899;13901,13901,13901,retained_original_daily_supported,direct_xra,True,20241118events.txt:136,20241118:9850,13901,20241118events.txt:136,M2.0,True,swpc_exact_peak_region_v1
noaa-science-v1-0-1:202411182350,2024-11-18 23:50:00+00:00,2024-11-19 00:00:00+00:00,M1.1,,missing_region_exact_start_peak_candidate,13889,,,unresolved_no_exact_xra_peak,none,True,,,,,,False,swpc_exact_peak_region_v1
noaa-science-v1-0-1:202411201912,2024-11-20 19:12:00+00:00,2024-11-20 19:48:00+00:00,M1.1,13897,existing_region_reference_conflict,13889;13897,,,unresolved_no_exact_xra_peak,none,True,,,,,,False,swpc_exact_peak_region_v1
noaa-science-v1-0-1:202411242011,2024-11-24 20:11:00+00:00,2024-11-24 20:22:00+00:00,M1.1,,missing_region_no_exact_reference,,,,unresolved_no_qualified_region_evidence,none,True,20241124events.txt:63,20241124:1110,,,M1.1,True,swpc_exact_peak_region_v1
noaa-science-v1-0-1:202411250724,2024-11-25 07:24:00+00:00,2024-11-25 07:42:00+00:00,M9.4,,missing_region_no_exact_reference,,,,unresolved_no_qualified_region_evidence,none,True,20241125events.txt:41,20241125:1270,,,M9.4,True,swpc_exact_peak_region_v1
noaa-science-v1-0-1:202411251201,2024-11-25 12:01:00+00:00,2024-11-25 12:12:00+00:00,M2.0,13905,existing_region_reference_conflict,13905;13906,13905,13905,retained_original_daily_supported,direct_xra,True,20241125events.txt:69,20241125:1330,13905,20241125events.txt:69,M2.0,True,swpc_exact_peak_region_v1
noaa-science-v1-0-1:202412040952,2024-12-04 09:52:00+00:00,2024-12-04 10:00:00+00:00,M2.3,,missing_region_no_exact_reference,,,,unresolved_no_qualified_region_evidence,none,True,20241204events.txt:28,20241204:4120,,,M2.3,True,swpc_exact_peak_region_v1
noaa-science-v1-0-1:202412100636,2024-12-10 06:36:00+00:00,2024-12-10 06:48:00+00:00,M6.4,,missing_region_no_exact_reference,,,,unresolved_no_exact_xra_peak,none,True,,,,,,False,swpc_exact_peak_region_v1
noaa-science-v1-0-1:202412122058,2024-12-12 20:58:00+00:00,2024-12-12 21:06:00+00:00,M1.2,,missing_region_no_exact_reference,,,,unresolved_no_exact_xra_peak,none,True,,,,,,False,swpc_exact_peak_region_v1
noaa-science-v1-0-1:202412152015,2024-12-15 20:15:00+00:00,2024-12-15 20:24:00+00:00,M3.1,,missing_region_exact_start_peak_candidate,13920,,,unresolved_no_exact_xra_peak,none,True,,,,,,False,swpc_exact_peak_region_v1
noaa-science-v1-0-1:202412191856,2024-12-19 18:56:00+00:00,2024-12-19 19:00:00+00:00,M1.7,13928,existing_region_reference_conflict,13927;13928,13928,13928,retained_original_daily_supported,direct_xra,True,20241219events.txt:50,20241219:8150,13928,20241219events.txt:50,M1.7,True,swpc_exact_peak_region_v1
noaa-science-v1-0-1:202412222039,2024-12-22 20:39:00+00:00,2024-12-22 20:49:00+00:00,M1.1,13932,existing_region_reference_conflict,13928;13932,13932,13932,retained_original_daily_supported,direct_xra,True,20241222events.txt:84,20241222:8880,13932,20241222events.txt:84,M1.1,True,swpc_exact_peak_region_v1
noaa-science-v1-0-1:202412230210,2024-12-23 02:10:00+00:00,2024-12-23 02:31:00+00:00,M1.0,,missing_region_no_exact_reference,,,,unresolved_no_qualified_region_evidence,none,True,20241223events.txt:17,20241223:8940,,,M1.0,True,swpc_exact_peak_region_v1
noaa-science-v1-0-1:202412282204,2024-12-28 22:04:00+00:00,2024-12-28 22:14:00+00:00,M1.2,13933,existing_region_reference_conflict,13927;13933,,,unresolved_no_exact_xra_peak,none,True,,,,,,False,swpc_exact_peak_region_v1
noaa-science-v1-0-1:202412290541,2024-12-29 05:41:00+00:00,2024-12-29 05:47:00+00:00,M3.5,13939,existing_region_reference_conflict,13929;13939,,,unresolved_no_exact_xra_peak,none,True,,,,,,False,swpc_exact_peak_region_v1
noaa-science-v1-0-1:202412291026,2024-12-29 10:26:00+00:00,2024-12-29 10:39:00+00:00,M2.7,13938,existing_region_reference_conflict,13932;13938,,,unresolved_no_exact_xra_peak,none,True,,,,,,False,swpc_exact_peak_region_v1
noaa-science-v1-0-1:202412291827,2024-12-29 18:27:00+00:00,2024-12-29 18:41:00+00:00,M3.3,13934,existing_region_reference_conflict,13934;13936,,,unresolved_no_exact_xra_peak,none,True,,,,,,False,swpc_exact_peak_region_v1
noaa-science-v1-0-1:202412292032,2024-12-29 20:32:00+00:00,2024-12-29 20:39:00+00:00,M1.1,13933,existing_region_reference_conflict,13933;13936,13933,13933,retained_original_daily_supported,direct_xra,True,20241229events.txt:178,20241229:1060,13933,20241229events.txt:178,M1.1,True,swpc_exact_peak_region_v1
noaa-science-v1-0-1:202412292320,2024-12-29 23:20:00+00:00,2024-12-29 23:30:00+00:00,M1.9,13939,existing_region_reference_conflict,13936;13939,13939,13939,retained_original_daily_supported,direct_xra,True,20241229events.txt:193,20241229:1120,13939,20241229events.txt:193,M1.9,True,swpc_exact_peak_region_v1
noaa-science-v1-0-1:202412300250,2024-12-30 02:50:00+00:00,2024-12-30 03:00:00+00:00,M1.7,13940,existing_region_reference_conflict,13940;13941,13940,13940,retained_original_daily_supported,direct_xra,True,20241230events.txt:23,20241230:1160,13940,20241230events.txt:23,M1.7,True,swpc_exact_peak_region_v1
noaa-science-v1-0-1:202412300613,2024-12-30 06:13:00+00:00,2024-12-30 06:25:00+00:00,M3.5,13936,existing_region_reference_conflict,13936;13939,13936,13936,retained_original_daily_supported,direct_xra,True,20241230events.txt:47,20241230:1230,13936,20241230events.txt:47,M3.5,True,swpc_exact_peak_region_v1
noaa-science-v1-0-1:202412300834,2024-12-30 08:34:00+00:00,2024-12-30 08:40:00+00:00,M1.4,13933,existing_region_reference_conflict,13927;13933,13933,13933,retained_original_daily_supported,direct_xra,True,20241230events.txt:64,20241230:1290,13933,20241230events.txt:64,M1.4,True,swpc_exact_peak_region_v1
noaa-science-v1-0-1:202412300844,2024-12-30 08:44:00+00:00,2024-12-30 08:50:00+00:00,M1.7,13933,existing_region_reference_conflict,13927;13933,13933,13933,retained_original_daily_supported,direct_xra,True,20241230events.txt:67,20241230:1320,13933,20241230events.txt:67,M1.7,True,swpc_exact_peak_region_v1
noaa-science-v1-0-1:202412301000,2024-12-30 10:00:00+00:00,2024-12-30 10:11:00+00:00,M1.7,13933,existing_region_reference_conflict,13927;13933,,,unresolved_conflicting_swpc_regions,direct_xra,True,20241230events.txt:83,20241230:1340,13933;13939,20241230events.txt:83,M1.7,True,swpc_exact_peak_region_v1
noaa-science-v1-0-1:202412312109,2024-12-31 21:09:00+00:00,2024-12-31 21:51:00+00:00,M2.1,13936,existing_region_reference_conflict,13929;13936,13936,13936,retained_original_daily_supported,direct_xra,True,20241231events.txt:66,20241231:2090,13936,20241231events.txt:66,M2.1,True,swpc_exact_peak_region_v1
noaa-science-v1-0-1:202501021718,2025-01-02 17:18:00+00:00,2025-01-02 17:40:00+00:00,M1.1,13939,existing_region_reference_conflict,13936;13939,13939,13939,retained_original_daily_supported,direct_xra,True,20250102events.txt:46,20250102:2400,13939,20250102events.txt:46,M1.1,True,swpc_exact_peak_region_v1
noaa-science-v1-0-1:202502030426,2025-02-03 04:26:00+00:00,2025-02-03 04:32:00+00:00,M1.0,,missing_region_exact_start_peak_candidate,13981,,,unresolved_no_exact_xra_peak,none,True,,,,,,False,swpc_exact_peak_region_v1
noaa-science-v1-0-1:202502032104,2025-02-03 21:04:00+00:00,2025-02-03 21:12:00+00:00,M1.4,13981,existing_region_reference_conflict,13978;13981,13981,13981,retained_original_daily_supported,direct_xra,True,20250203events.txt:113,20250203:1100,13981,20250203events.txt:113,M1.4,True,swpc_exact_peak_region_v1
noaa-science-v1-0-1:202502032314,2025-02-03 23:14:00+00:00,2025-02-03 23:28:00+00:00,M1.4,13981,existing_region_reference_conflict,13978;13981,13981,13981,retained_original_daily_supported,direct_xra,True,20250203events.txt:120,20250203:1120,13981,20250203events.txt:120,M1.4,True,swpc_exact_peak_region_v1
noaa-science-v1-0-1:202502050312,2025-02-05 03:12:00+00:00,2025-02-05 03:15:00+00:00,M1.2,13981,existing_region_reference_conflict,13978;13981,13981,13981,retained_original_daily_supported,direct_xra,True,20250205events.txt:32,20250205:1500,13981,20250205events.txt:32,M1.2,True,swpc_exact_peak_region_v1
noaa-science-v1-0-1:202502062312,2025-02-06 23:12:00+00:00,2025-02-06 23:27:00+00:00,M2.3,13978,existing_region_reference_conflict,13976;13978,13978,13978,retained_original_daily_supported,direct_xra,True,20250206events.txt:96,20250206:2060,13978,20250206events.txt:96,M2.3,True,swpc_exact_peak_region_v1
noaa-science-v1-0-1:202502070641,2025-02-07 06:41:00+00:00,2025-02-07 06:46:00+00:00,M1.1,,missing_region_exact_start_peak_candidate,13981,,,unresolved_no_exact_xra_peak,none,True,,,,,,False,swpc_exact_peak_region_v1
noaa-science-v1-0-1:202502131105,2025-02-13 11:05:00+00:00,2025-02-13 11:09:00+00:00,M1.0,13992,existing_region_reference_conflict,13987;13992,13992,13992,retained_original_daily_supported,direct_xra,True,20250213events.txt:40,20250213:3420,13992,20250213events.txt:40,M1.0,True,swpc_exact_peak_region_v1
noaa-science-v1-0-1:202502140213,2025-02-14 02:13:00+00:00,2025-02-14 02:28:00+00:00,M1.2,,missing_region_no_exact_reference,,,,unresolved_no_qualified_region_evidence,none,True,20250214events.txt:18,20250214:3750,,,M1.2,True,swpc_exact_peak_region_v1
noaa-science-v1-0-1:202502242150,2025-02-24 21:50:00+00:00,2025-02-24 23:02:00+00:00,M3.9,,missing_region_no_exact_reference,,,,unresolved_no_qualified_region_evidence,none,True,20250224events.txt:101,20250224:6450,,,M3.9,True,swpc_exact_peak_region_v1
noaa-science-v1-0-1:202502251120,2025-02-25 11:20:00+00:00,2025-02-25 11:59:00+00:00,M3.6,13998,existing_region_reference_conflict,13996;13998,13998,13998,retained_original_daily_supported,direct_xra,True,20250225events.txt:43,20250225:6570,13998,20250225events.txt:43,M3.6,True,swpc_exact_peak_region_v1
noaa-science-v1-0-1:202503142215,2025-03-14 22:15:00+00:00,2025-03-14 22:21:00+00:00,M1.1,14030,existing_region_reference_conflict,14028;14030,14030,14030,retained_original_daily_supported,direct_xra,True,20250314events.txt:45,20250314:9900,14030,20250314events.txt:45,M1.1,True,swpc_exact_peak_region_v1
noaa-science-v1-0-1:202503192021,2025-03-19 20:21:00+00:00,2025-03-19 20:40:00+00:00,M1.5,14031,existing_region_reference_conflict,14025;14031,,,unresolved_no_exact_xra_peak,none,True,,,,,,False,swpc_exact_peak_region_v1
noaa-science-v1-0-1:202503281914,2025-03-28 19:14:00+00:00,2025-03-28 19:26:00+00:00,M1.1,,missing_region_exact_start_peak_candidate,14045,,,unresolved_no_qualified_region_evidence,none,True,20250328events.txt:49,20250328:1860,,,M1.1,True,swpc_exact_peak_region_v1
noaa-science-v1-0-1:202503282320,2025-03-28 23:20:00+00:00,2025-03-28 23:39:00+00:00,M1.7,14048,existing_region_reference_conflict,14045,14048,14048,retained_original_daily_supported,direct_xra,True,20250328events.txt:55,20250328:1870,14048,20250328events.txt:55,M1.7,True,swpc_exact_peak_region_v1
noaa-science-v1-0-1:202503292119,2025-03-29 21:19:00+00:00,2025-03-29 21:38:00+00:00,M1.4,14043,existing_region_reference_conflict,14048,14043,14043,retained_original_daily_supported,direct_xra,True,20250329events.txt:56,20250329:2080,14043,20250329events.txt:56,M1.4,True,swpc_exact_peak_region_v1
noaa-science-v1-0-1:202504130121,2025-04-13 01:21:00+00:00,2025-04-13 01:29:00+00:00,M1.0,14055,existing_region_reference_conflict,14055;14058,14055,14055,retained_original_daily_supported,direct_xra,True,20250413events.txt:19,20250413:6450,14055,20250413events.txt:19,M1.0,True,swpc_exact_peak_region_v1
noaa-science-v1-0-1:202504130638,2025-04-13 06:38:00+00:00,2025-04-13 06:52:00+00:00,M1.0,14055,existing_region_reference_conflict,14055;14058,14055,14055,retained_original_daily_supported,direct_xra,True,20250413events.txt:38,20250413:6530,14055,20250413events.txt:38,M1.0,True,swpc_exact_peak_region_v1
noaa-science-v1-0-1:202504151004,2025-04-15 10:04:00+00:00,2025-04-15 10:20:00+00:00,M1.4,,missing_region_no_exact_reference,,,,unresolved_no_qualified_region_evidence,none,True,20250415events.txt:20,20250415:7000,,,M1.5,True,swpc_exact_peak_region_v1
noaa-science-v1-0-1:202504151757,2025-04-15 17:57:00+00:00,2025-04-15 18:13:00+00:00,M1.2,,missing_region_exact_start_peak_candidate,14055,,,unresolved_no_qualified_region_evidence,none,True,20250415events.txt:28,20250415:7040,,,M1.3,True,swpc_exact_peak_region_v1
noaa-science-v1-0-1:202504182309,2025-04-18 23:09:00+00:00,2025-04-18 23:50:00+00:00,M4.3,,missing_region_no_exact_reference,,,,unresolved_no_qualified_region_evidence,none,True,20250418events.txt:49,20250418:7630,,,M4.4,True,swpc_exact_peak_region_v1
noaa-science-v1-0-1:202505140804,2025-05-14 08:04:00+00:00,2025-05-14 08:19:00+00:00,X2.4,,missing_region_no_exact_reference,,,,unresolved_no_exact_xra_peak,none,True,,,,,,False,swpc_exact_peak_region_v1
noaa-science-v1-0-1:202505190813,2025-05-19 08:13:00+00:00,2025-05-19 08:21:00+00:00,M3.1,,missing_region_no_exact_reference,,,,unresolved_no_qualified_region_evidence,none,True,20250519events.txt:26,20250519:4400,,,M3.2,True,swpc_exact_peak_region_v1
noaa-science-v1-0-1:202506161127,2025-06-16 11:27:00+00:00,2025-06-16 11:39:00+00:00,M1.4,,missing_region_exact_start_peak_candidate,14109,,,unresolved_no_qualified_region_evidence,none,True,20250616events.txt:70,20250616:1450,,,M1.4,True,swpc_exact_peak_region_v1
noaa-science-v1-0-1:202506161443,2025-06-16 14:43:00+00:00,2025-06-16 14:55:00+00:00,M1.1,,missing_region_exact_start_peak_candidate,14109,,,unresolved_no_qualified_region_evidence,none,True,20250616events.txt:82,20250616:1460,,,M1.1,True,swpc_exact_peak_region_v1
noaa-science-v1-0-1:202506172345,2025-06-17 23:45:00+00:00,2025-06-18 00:00:00+00:00,M1.5,,missing_region_no_exact_reference,,,,unresolved_no_exact_xra_peak,none,True,,,,,,False,swpc_exact_peak_region_v1
noaa-science-v1-0-1:202506201721,2025-06-20 17:21:00+00:00,2025-06-20 17:40:00+00:00,M1.0,14117,existing_region_reference_conflict,14117;14118,14117,14117,retained_original_daily_supported,direct_xra,True,20250620events.txt:57,20250620:2730,14117,20250620events.txt:57,M1.0,True,swpc_exact_peak_region_v1
noaa-science-v1-0-1:202508112212,2025-08-11 22:12:00+00:00,2025-08-11 22:18:00+00:00,M1.0,,missing_region_exact_start_peak_candidate,14168,,,unresolved_no_exact_xra_peak,none,True,,,,,,False,swpc_exact_peak_region_v1
noaa-science-v1-0-1:202508120042,2025-08-12 00:42:00+00:00,2025-08-12 00:59:00+00:00,M1.5,,missing_region_exact_start_peak_candidate,14168,,,unresolved_no_qualified_region_evidence,none,True,20250812events.txt:18,20250812:4790,,,M1.5,True,swpc_exact_peak_region_v1
noaa-science-v1-0-1:202508120118,2025-08-12 01:18:00+00:00,2025-08-12 01:23:00+00:00,M1.8,,missing_region_exact_start_peak_candidate,14168,,,unresolved_no_qualified_region_evidence,none,True,20250812events.txt:21,20250812:4870,,,M1.8,True,swpc_exact_peak_region_v1
noaa-science-v1-0-1:202508190351,2025-08-19 03:51:00+00:00,2025-08-19 04:39:00+00:00,M1.1,,missing_region_exact_start_peak_candidate,14188,,,unresolved_no_qualified_region_evidence,none,True,20250819events.txt:22,20250819:6200,,,M1.1,True,swpc_exact_peak_region_v1
noaa-science-v1-0-1:202508221756,2025-08-22 17:56:00+00:00,2025-08-22 18:51:00+00:00,M1.7,,missing_region_no_exact_reference,,,,unresolved_no_qualified_region_evidence,none,True,20250822events.txt:28,20250822:6560,,,M1.7,True,swpc_exact_peak_region_v1
noaa-science-v1-0-1:202508221855,2025-08-22 18:55:00+00:00,2025-08-22 18:59:00+00:00,M1.7,,missing_region_exact_start_peak_candidate,14191,,,unresolved_multiple_swpc_groups,none,True,20250822events.txt:31;20250822events.txt:33,20250822:6570;20250822:6670,,,M1.7;M1.8,True,swpc_exact_peak_region_v1
noaa-science-v1-0-1:202508231953,2025-08-23 19:53:00+00:00,2025-08-23 20:06:00+00:00,M1.9,,missing_region_no_exact_reference,,,,unresolved_no_qualified_region_evidence,none,True,20250823events.txt:54,20250823:6780,,,M1.9,True,swpc_exact_peak_region_v1
noaa-science-v1-0-1:202508240826,2025-08-24 08:26:00+00:00,2025-08-24 08:36:00+00:00,M1.3,,missing_region_no_exact_reference,,,,unresolved_no_qualified_region_evidence,none,True,20250824events.txt:28,20250824:6910,,,M1.3,True,swpc_exact_peak_region_v1
noaa-science-v1-0-1:202508281848,2025-08-28 18:48:00+00:00,2025-08-28 19:03:00+00:00,M1.0,14197,existing_region_reference_conflict,14197;14203,14197,14197,retained_original_daily_supported,direct_xra,True,20250828events.txt:78,20250828:8360,14197,20250828events.txt:78,M1.0,True,swpc_exact_peak_region_v1
noaa-science-v1-0-1:202508301400,2025-08-30 14:00:00+00:00,2025-08-30 14:09:00+00:00,M1.3,14197,existing_region_reference_conflict,14195;14197,14197,14197,retained_original_daily_supported,direct_xra,True,20250830events.txt:18,20250830:8820,14197,20250830events.txt:18,M1.3,True,swpc_exact_peak_region_v1
noaa-science-v1-0-1:202508301911,2025-08-30 19:11:00+00:00,2025-08-30 20:02:00+00:00,M2.7,14199,existing_region_reference_conflict,14199;14204,14199,14199,retained_original_daily_supported,direct_xra,True,20250830events.txt:22,20250830:8840,14199,20250830events.txt:22,M2.7,True,swpc_exact_peak_region_v1
noaa-science-v1-0-1:202509291106,2025-09-29 11:06:00+00:00,2025-09-29 11:15:00+00:00,M1.0,14236,existing_region_reference_conflict,14232;14236,14236,14236,retained_original_daily_supported,direct_xra,True,20250929events.txt:82,20250929:4830,14236,20250929events.txt:82,M1.0,True,swpc_exact_peak_region_v1
noaa-science-v1-0-1:202509300929,2025-09-30 09:29:00+00:00,2025-09-30 09:40:00+00:00,M2.7,14226,existing_region_reference_conflict,14226;14227,14226,14226,retained_original_daily_supported,direct_xra,True,20250930events.txt:62,20250930:5280,14226,20250930events.txt:62,M2.7,True,swpc_exact_peak_region_v1
noaa-science-v1-0-1:202509301202,2025-09-30 12:02:00+00:00,2025-09-30 12:27:00+00:00,M1.7,14238,existing_region_reference_conflict,14230;14238,14238,14238,retained_original_daily_supported,direct_xra,True,20250930events.txt:79,20250930:5350,14238,20250930events.txt:79,M1.8,True,swpc_exact_peak_region_v1
noaa-science-v1-0-1:202510171647,2025-10-17 16:47:00+00:00,2025-10-17 16:58:00+00:00,M1.2,14246,existing_region_reference_conflict,14246;14256,14246,14246,retained_original_daily_supported,direct_xra,True,20251017events.txt:49,20251017:9990,14246,20251017events.txt:49,M1.2,True,swpc_exact_peak_region_v1
noaa-science-v1-0-1:202511020013,2025-11-02 00:13:00+00:00,2025-11-02 00:26:00+00:00,M1.0,,missing_region_no_exact_reference,,,,unresolved_no_qualified_region_evidence,none,True,20251102events.txt:18,20251102:2170,,,M1.0,True,swpc_exact_peak_region_v1
noaa-science-v1-0-1:202511031704,2025-11-03 17:04:00+00:00,2025-11-03 17:08:00+00:00,M1.5,14274,existing_region_reference_conflict,14272;14274,14274,14274,retained_original_daily_supported,direct_xra,True,20251103events.txt:81,20251103:2470,14274,20251103events.txt:81,M1.5,True,swpc_exact_peak_region_v1
noaa-science-v1-0-1:202511140711,2025-11-14 07:11:00+00:00,2025-11-14 07:39:00+00:00,M1.8,,missing_region_exact_start_peak_candidate,14274,,,unresolved_no_exact_xra_peak,none,True,,,,,,False,swpc_exact_peak_region_v1
noaa-science-v1-0-1:202511291536,2025-11-29 15:36:00+00:00,2025-11-29 16:07:00+00:00,M2.8,,missing_region_no_exact_reference,,,,unresolved_no_qualified_region_evidence,none,True,20251129events.txt:78,20251129:9550,,,M2.8,True,swpc_exact_peak_region_v1
noaa-science-v1-0-1:202512090713,2025-12-09 07:13:00+00:00,2025-12-09 07:29:00+00:00,M1.0,,missing_region_exact_start_peak_candidate,14294,,,unresolved_no_exact_xra_peak,none,True,,,,,,False,swpc_exact_peak_region_v1
noaa-science-v1-0-1:202512090733,2025-12-09 07:33:00+00:00,2025-12-09 07:39:00+00:00,M1.3,,missing_region_exact_start_peak_candidate,14294,,,unresolved_no_exact_xra_peak,none,True,,,,,,False,swpc_exact_peak_region_v1
noaa-science-v1-0-1:202512191535,2025-12-19 15:35:00+00:00,2025-12-19 15:58:00+00:00,M1.0,,missing_region_exact_start_peak_candidate,14307,,,unresolved_no_qualified_region_evidence,none,True,20251219events.txt:22,20251219:5250,,,M1.0,True,swpc_exact_peak_region_v1
noaa-science-v1-0-1:202512200736,2025-12-20 07:36:00+00:00,2025-12-20 07:53:00+00:00,M1.0,14315,existing_region_reference_conflict,14312;14315,14315,14315,retained_original_daily_supported,direct_xra,True,20251220events.txt:30,20251220:5360,14315,20251220events.txt:30,M1.0,True,swpc_exact_peak_region_v1
noaa-science-v1-0-1:202512270138,2025-12-27 01:38:00+00:00,2025-12-27 01:50:00+00:00,M5.1,14325,existing_region_reference_conflict,14323;14325,14325,14325,retained_original_daily_supported,direct_xra,True,20251227events.txt:22,20251227:6110,14325,20251227events.txt:22,M5.1,True,swpc_exact_peak_region_v1
noaa-science-v1-0-1:202512311311,2025-12-31 13:11:00+00:00,2025-12-31 13:51:00+00:00,M7.1,,missing_region_peak_only_candidate,14324,,,unresolved_missing_daily_source,none,False,,,,,,False,swpc_exact_peak_region_v1
noaa-science-v1-0-1:202601112153,2026-01-11 21:53:00+00:00,2026-01-11 23:14:00+00:00,M3.3,,missing_region_no_exact_reference,,,,unresolved_no_qualified_region_evidence,none,True,20260111events.txt:53,20260111:9370,,,M3.3,True,swpc_exact_peak_region_v1
noaa-science-v1-0-1:202602040145,2026-02-04 01:45:00+00:00,2026-02-04 01:55:00+00:00,M1.4,,missing_region_exact_start_peak_candidate,14366,,,unresolved_no_exact_xra_peak,none,True,,,,,,False,swpc_exact_peak_region_v1
noaa-science-v1-0-1:202602040222,2026-02-04 02:22:00+00:00,2026-02-04 02:30:00+00:00,M2.1,,missing_region_exact_start_peak_candidate,14366,,,unresolved_no_exact_xra_peak,none,True,,,,,,False,swpc_exact_peak_region_v1
noaa-science-v1-0-1:202602041010,2026-02-04 10:10:00+00:00,2026-02-04 10:12:00+00:00,M3.1,,missing_region_exact_start_peak_candidate,14366,,,unresolved_no_exact_xra_peak,none,True,,,,,,False,swpc_exact_peak_region_v1
noaa-science-v1-0-1:202602041040,2026-02-04 10:40:00+00:00,2026-02-04 10:46:00+00:00,M1.5,,missing_region_exact_start_peak_candidate,14366,,,unresolved_no_exact_xra_peak,none,True,,,,,,False,swpc_exact_peak_region_v1
noaa-science-v1-0-1:202602110050,2026-02-11 00:50:00+00:00,2026-02-11 00:57:00+00:00,M1.3,,missing_region_exact_start_peak_candidate,14366,,,unresolved_no_exact_xra_peak,none,True,,,,,,False,swpc_exact_peak_region_v1
noaa-science-v1-0-1:202602120229,2026-02-12 02:29:00+00:00,2026-02-12 02:40:00+00:00,M1.4,14366,existing_region_reference_conflict,14366;14367,14366,14366,retained_original_daily_supported,direct_xra,True,20260212events.txt:16,20260212:6690,14366,20260212events.txt:16,M1.4,True,swpc_exact_peak_region_v1
noaa-science-v1-0-1:202602160403,2026-02-16 04:03:00+00:00,2026-02-16 04:35:00+00:00,M2.4,,missing_region_no_exact_reference,,,,unresolved_no_qualified_region_evidence,none,True,20260216events.txt:23,20260216:7340,,,M2.4,True,swpc_exact_peak_region_v1
noaa-science-v1-0-1:202604031246,2026-04-03 12:46:00+00:00,2026-04-03 12:50:00+00:00,M1.3,,missing_region_exact_start_peak_candidate,14409,,,unresolved_no_qualified_region_evidence,none,True,20260403events.txt:46,20260403:4090,,,M1.3,True,swpc_exact_peak_region_v1
noaa-science-v1-0-1:202604240857,2026-04-24 08:57:00+00:00,2026-04-24 09:07:00+00:00,M1.9,14223,existing_region_reference_conflict,14223;14421,14223,14223,retained_original_daily_supported,direct_xra,True,20260424events.txt:60,20260424:8120,14223,20260424events.txt:60,M1.9,True,swpc_exact_peak_region_v1
noaa-science-v1-0-1:202604241234,2026-04-24 12:34:00+00:00,2026-04-24 13:01:00+00:00,M1.7,14423,existing_region_reference_conflict,14421;14423,14423,14423,retained_original_daily_supported,direct_xra,True,20260424events.txt:69,20260424:8170,14423,20260424events.txt:69,M1.7,True,swpc_exact_peak_region_v1
noaa-science-v1-0-1:202605071420,2026-05-07 14:20:00+00:00,2026-05-07 15:14:00+00:00,M2.6,,missing_region_no_exact_reference,,,,unresolved_no_qualified_region_evidence,none,True,20260507events.txt:26,20260507:1680,,,M2.6,True,swpc_exact_peak_region_v1
noaa-science-v1-0-1:202606201450,2026-06-20 14:50:00+00:00,2026-06-20 15:00:00+00:00,M1.0,14473,existing_region_reference_conflict,14472;14473,14473,14473,retained_original_daily_supported,direct_xra,True,20260620events.txt:38,20260620:1090,14473,20260620events.txt:38,M1.0,True,swpc_exact_peak_region_v1
noaa-science-v1-0-1:202607012015,2026-07-01 20:15:00+00:00,2026-07-01 20:22:00+00:00,M1.8,14475,existing_region_reference_conflict,14475;14479,14475,14475,retained_original_daily_supported,direct_xra,True,20260701events.txt:130,20260701:4160,14475,20260701events.txt:130,M1.8,True,swpc_exact_peak_region_v1
noaa-science-v1-0-1:202607031959,2026-07-03 19:59:00+00:00,2026-07-03 20:08:00+00:00,M1.5,14478,existing_region_reference_conflict,14478;14479,14478,14478,retained_original_daily_supported,direct_xra,True,20260703events.txt:140,20260703:5080,14478,20260703events.txt:140,M1.5,True,swpc_exact_peak_region_v1
noaa-science-v1-0-1:202607032350,2026-07-03 23:50:00+00:00,2026-07-04 00:00:00+00:00,M2.0,,missing_region_no_exact_reference,,,,unresolved_no_exact_xra_peak,none,True,,,,,,False,swpc_exact_peak_region_v1
noaa-science-v1-0-1:202607040152,2026-07-04 01:52:00+00:00,2026-07-04 02:01:00+00:00,M1.2,,missing_region_exact_start_peak_candidate,14479,,,unresolved_no_qualified_region_evidence,none,True,20260704events.txt:33,20260704:5200,,,M1.2,True,swpc_exact_peak_region_v1
noaa-science-v1-0-1:202607051056,2026-07-05 10:56:00+00:00,2026-07-05 11:00:00+00:00,M1.4,14479,existing_region_reference_conflict,14478;14479,14479,14479,retained_original_daily_supported,direct_xra,True,20260705events.txt:82,20260705:6000,14479,20260705events.txt:82,M1.4,True,swpc_exact_peak_region_v1
noaa-science-v1-0-1:202607051621,2026-07-05 16:21:00+00:00,2026-07-05 16:32:00+00:00,M1.4,,missing_region_exact_start_peak_candidate,14479,,,unresolved_no_exact_xra_peak,none,True,,,,,,False,swpc_exact_peak_region_v1
noaa-science-v1-0-1:202607301553,2026-07-30 15:53:00+00:00,2026-07-30 17:00:00+00:00,M1.9,14500,existing_region_reference_conflict,14492;14500,,,unresolved_no_exact_xra_peak,none,True,,,,,,False,swpc_exact_peak_region_v1
noaa-science-v1-0-1:202608210909,2026-08-21 09:09:00+00:00,2026-08-21 09:57:00+00:00,M1.6,,missing_region_exact_start_peak_candidate,14507,,,unresolved_no_exact_xra_peak,none,True,,,,,,False,swpc_exact_peak_region_v1
noaa-science-v1-0-1:202608211009,2026-08-21 10:09:00+00:00,2026-08-21 10:18:00+00:00,M1.6,14507,existing_region_reference_conflict,14507;14513,,,unresolved_no_exact_xra_peak,none,True,,,,,,False,swpc_exact_peak_region_v1
noaa-science-v1-0-1:202609051504,2026-09-05 15:04:00+00:00,2026-09-05 15:18:00+00:00,M1.0,14520,existing_region_reference_conflict,14520;14523,14520,14520,retained_original_daily_supported,direct_xra,True,20260905events.txt:36,20260905:7430,14520,20260905events.txt:36,M1.0,True,swpc_exact_peak_region_v1
