sample_id,row_index,mapping_method,recovery_class,block_id,year,persistent_after_recovery
20250218_0324_HARP12755_NOAA13993,53341,source_sample_id,crop_patch_boundary,2025_HARP12755_20250218_0324_20250219_0148,2025,False
20250219_1436_HARP12755_NOAA13993,53367,source_sample_id,crop_patch_boundary,2025_HARP12755_20250219_0500_20250220_0336,2025,False
20250312_0148_HARP12869_NOAA14018,53832,source_sample_id,block_download_or_coverage,,2025,False
20250312_1124_HARP12873_NOAA14017,53845,source_sample_id,block_download_or_coverage,,2025,False
20250312_1124_HARP12888_NOAA14027,53846,source_sample_id,block_download_or_coverage,,2025,False
20250404_0748_HARP13004_NOAA14048,54418,source_sample_id,block_download_or_coverage,,2025,False
20250404_0748_HARP13009_NOAA14049,54419,source_sample_id,block_download_or_coverage,,2025,False
20250404_2048_HARP13011_NOAA14050,54440,source_sample_id,block_download_or_coverage,,2025,False
20250602_0436_HARP13306_NOAA14104,56047,source_sample_id,block_download_or_coverage,,2025,False
20250625_1600_HARP13403_NOAA14119,56492,source_sample_id,block_download_or_coverage,,2025,False
20250625_1736_HARP13403_NOAA14119,56496,source_sample_id,block_download_or_coverage,,2025,False
20250626_0048_HARP13386_NOAA14117,56500,source_sample_id,block_download_or_coverage,,2025,False
20250626_0224_HARP13386_NOAA14117,56503,source_sample_id,block_download_or_coverage,,2025,False
20250626_0236_HARP13415_NOAA14121,56505,source_sample_id,block_download_or_coverage,,2025,False
20250626_0400_HARP13386_NOAA14117,56507,source_sample_id,block_download_or_coverage,,2025,False
20250626_0412_HARP13415_NOAA14121,56509,source_sample_id,block_download_or_coverage,,2025,False
20250626_0536_HARP13386_NOAA14117,56511,source_sample_id,block_download_or_coverage,,2025,False
20250626_0548_HARP13415_NOAA14121,56513,source_sample_id,block_download_or_coverage,,2025,False
20250626_0712_HARP13386_NOAA14117,56515,source_sample_id,block_download_or_coverage,,2025,False
20250626_0724_HARP13415_NOAA14121,56517,source_sample_id,block_download_or_coverage,,2025,False
20250626_0848_HARP13386_NOAA14117,56519,source_sample_id,block_download_or_coverage,,2025,False
20250626_1024_HARP13386_NOAA14117,56521,source_sample_id,block_download_or_coverage,,2025,False
20250626_1524_HARP13415_NOAA14121,56524,source_sample_id,block_download_or_coverage,,2025,False
20250626_1700_HARP13415_NOAA14121,56525,source_sample_id,block_download_or_coverage,,2025,False
20250626_1836_HARP13415_NOAA14121,56526,source_sample_id,block_download_or_coverage,,2025,False
20250626_2012_HARP13415_NOAA14121,56527,source_sample_id,block_download_or_coverage,,2025,False
20250627_0300_HARP13415_NOAA14121,56528,source_sample_id,block_download_or_coverage,,2025,False
20250627_0300_HARP13434_NOAA14123,56529,source_sample_id,block_download_or_coverage,,2025,False
20250627_0436_HARP13415_NOAA14121,56530,source_sample_id,block_download_or_coverage,,2025,False
20250627_0436_HARP13434_NOAA14123,56531,source_sample_id,block_download_or_coverage,,2025,False
20250627_0612_HARP13415_NOAA14121,56532,source_sample_id,block_download_or_coverage,,2025,False
20250627_0612_HARP13434_NOAA14123,56533,source_sample_id,block_download_or_coverage,,2025,False
20250627_0748_HARP13415_NOAA14121,56534,source_sample_id,block_download_or_coverage,,2025,False
20250627_0748_HARP13434_NOAA14123,56535,source_sample_id,block_download_or_coverage,,2025,False
20250627_0924_HARP13415_NOAA14121,56536,source_sample_id,block_download_or_coverage,,2025,False
20250627_0924_HARP13434_NOAA14123,56537,source_sample_id,block_download_or_coverage,,2025,False
20250627_1100_HARP13415_NOAA14121,56538,source_sample_id,block_download_or_coverage,,2025,False
20250627_1100_HARP13434_NOAA14123,56539,source_sample_id,block_download_or_coverage,,2025,False
20250627_1236_HARP13434_NOAA14123,56540,source_sample_id,block_download_or_coverage,,2025,False
20250627_1412_HARP13434_NOAA14123,56541,source_sample_id,block_download_or_coverage,,2025,False
20250627_1548_HARP13434_NOAA14123,56542,source_sample_id,block_download_or_coverage,,2025,False
20250627_1724_HARP13434_NOAA14123,56543,source_sample_id,block_download_or_coverage,,2025,False
20250627_1900_HARP13434_NOAA14123,56544,source_sample_id,block_download_or_coverage,,2025,False
20250627_2036_HARP13434_NOAA14123,56545,source_sample_id,block_download_or_coverage,,2025,False
20250628_0024_HARP13424_NOAA14122,56546,source_sample_id,block_download_or_coverage,,2025,False
20250628_0200_HARP13424_NOAA14122,56547,source_sample_id,block_download_or_coverage,,2025,False
20250628_0336_HARP13424_NOAA14122,56548,source_sample_id,block_download_or_coverage,,2025,False
20250628_0512_HARP13424_NOAA14122,56549,source_sample_id,block_download_or_coverage,,2025,False
20250628_0648_HARP13424_NOAA14122,56550,source_sample_id,block_download_or_coverage,,2025,False
20250628_0824_HARP13424_NOAA14122,56551,source_sample_id,block_download_or_coverage,,2025,False
20250628_1000_HARP13424_NOAA14122,56552,source_sample_id,block_download_or_coverage,,2025,False
20250628_1136_HARP13424_NOAA14122,56553,source_sample_id,block_download_or_coverage,,2025,False
20250628_1312_HARP13424_NOAA14122,56554,source_sample_id,block_download_or_coverage,,2025,False
20250628_1448_HARP13424_NOAA14122,56555,source_sample_id,block_download_or_coverage,,2025,False
20250628_1624_HARP13424_NOAA14122,56557,source_sample_id,block_download_or_coverage,,2025,False
20250629_0648_HARP13434_NOAA14123,56564,source_sample_id,block_download_or_coverage,,2025,False
20250629_0824_HARP13434_NOAA14123,56566,source_sample_id,block_download_or_coverage,,2025,False
20250629_1000_HARP13434_NOAA14123,56568,source_sample_id,block_download_or_coverage,,2025,False
20250629_1136_HARP13412_NOAA14126,56569,source_sample_id,block_download_or_coverage,,2025,False
20250629_1136_HARP13434_NOAA14123,56570,source_sample_id,block_download_or_coverage,,2025,False
20250629_1312_HARP13412_NOAA14126,56571,source_sample_id,block_download_or_coverage,,2025,False
20250629_1312_HARP13434_NOAA14123,56572,source_sample_id,block_download_or_coverage,,2025,False
20250629_1448_HARP13412_NOAA14126,56573,source_sample_id,block_download_or_coverage,,2025,False
20250629_1448_HARP13434_NOAA14123,56574,source_sample_id,block_download_or_coverage,,2025,False
20250629_1624_HARP13412_NOAA14126,56575,source_sample_id,block_download_or_coverage,,2025,False
20250629_1624_HARP13434_NOAA14123,56576,source_sample_id,block_download_or_coverage,,2025,False
20250630_0100_HARP13424_NOAA14122,56577,source_sample_id,block_download_or_coverage,,2025,False
20250630_0236_HARP13424_NOAA14122,56578,source_sample_id,block_download_or_coverage,,2025,False
20250630_0336_HARP13432_NOAA14124,56579,source_sample_id,block_download_or_coverage,,2025,False
20250630_0412_HARP13424_NOAA14122,56580,source_sample_id,block_download_or_coverage,,2025,False
20250630_0512_HARP13432_NOAA14124,56581,source_sample_id,block_download_or_coverage,,2025,False
20250630_0548_HARP13424_NOAA14122,56582,source_sample_id,block_download_or_coverage,,2025,False
20250630_0648_HARP13432_NOAA14124,56583,source_sample_id,block_download_or_coverage,,2025,False
20250630_0724_HARP13424_NOAA14122,56584,source_sample_id,block_download_or_coverage,,2025,False
20250630_0824_HARP13432_NOAA14124,56585,source_sample_id,block_download_or_coverage,,2025,False
20250630_0900_HARP13424_NOAA14122,56586,source_sample_id,block_download_or_coverage,,2025,False
20250630_1000_HARP13432_NOAA14124,56587,source_sample_id,block_download_or_coverage,,2025,False
20250630_1036_HARP13424_NOAA14122,56588,source_sample_id,block_download_or_coverage,,2025,False
20250630_1136_HARP13432_NOAA14124,56589,source_sample_id,block_download_or_coverage,,2025,False
20250630_1212_HARP13424_NOAA14122,56590,source_sample_id,block_download_or_coverage,,2025,False
20250630_1348_HARP13424_NOAA14122,56591,source_sample_id,block_download_or_coverage,,2025,False
20250630_1524_HARP13424_NOAA14122,56592,source_sample_id,block_download_or_coverage,,2025,False
20250630_1700_HARP13424_NOAA14122,56593,source_sample_id,block_download_or_coverage,,2025,False
20250630_1836_HARP13424_NOAA14122,56594,source_sample_id,block_download_or_coverage,,2025,False
20250630_2012_HARP13424_NOAA14122,56595,source_sample_id,block_download_or_coverage,,2025,False
20250630_2148_HARP13424_NOAA14122,56596,source_sample_id,block_download_or_coverage,,2025,False
20250630_2236_HARP13449_NOAA14131,56597,source_sample_id,block_download_or_coverage,,2025,False
20250701_0012_HARP13449_NOAA14131,56598,source_sample_id,block_download_or_coverage,,2025,False
20250701_0024_HARP13432_NOAA14124,56599,source_sample_id,block_download_or_coverage,,2025,False
20250701_0148_HARP13449_NOAA14131,56601,source_sample_id,block_download_or_coverage,,2025,False
20250701_0324_HARP13449_NOAA14131,56602,source_sample_id,block_download_or_coverage,,2025,False
20250701_0500_HARP13449_NOAA14131,56603,source_sample_id,block_download_or_coverage,,2025,False
20250701_0636_HARP13449_NOAA14131,56604,source_sample_id,block_download_or_coverage,,2025,False
20250701_0812_HARP13449_NOAA14131,56605,source_sample_id,block_download_or_coverage,,2025,False
20250701_0824_HARP13434_NOAA14123,56606,source_sample_id,block_download_or_coverage,,2025,False
20250701_0836_HARP13439_NOAA14128,56607,source_sample_id,block_download_or_coverage,,2025,False
20250701_0948_HARP13449_NOAA14131,56608,source_sample_id,block_download_or_coverage,,2025,False
20250701_1000_HARP13434_NOAA14123,56609,source_sample_id,block_download_or_coverage,,2025,False
20250701_1012_HARP13439_NOAA14128,56610,source_sample_id,block_download_or_coverage,,2025,False
20250701_1124_HARP13449_NOAA14131,56611,source_sample_id,block_download_or_coverage,,2025,False
20250701_1136_HARP13434_NOAA14123,56612,source_sample_id,block_download_or_coverage,,2025,False
20250701_1148_HARP13439_NOAA14128,56613,source_sample_id,block_download_or_coverage,,2025,False
20250701_1300_HARP13449_NOAA14131,56614,source_sample_id,block_download_or_coverage,,2025,False
20250701_1324_HARP13439_NOAA14128,56615,source_sample_id,block_download_or_coverage,,2025,False
20250701_1436_HARP13449_NOAA14131,56616,source_sample_id,block_download_or_coverage,,2025,False
20250701_1500_HARP13439_NOAA14128,56617,source_sample_id,block_download_or_coverage,,2025,False
20250701_1612_HARP13449_NOAA14131,56618,source_sample_id,block_download_or_coverage,,2025,False
20250701_1636_HARP13439_NOAA14128,56619,source_sample_id,block_download_or_coverage,,2025,False
20250701_1748_HARP13449_NOAA14131,56620,source_sample_id,block_download_or_coverage,,2025,False
20250701_1812_HARP13439_NOAA14128,56621,source_sample_id,block_download_or_coverage,,2025,False
20250701_1948_HARP13439_NOAA14128,56622,source_sample_id,block_download_or_coverage,,2025,False
20250701_2124_HARP13439_NOAA14128,56623,source_sample_id,block_download_or_coverage,,2025,False
20250702_0648_HARP13432_NOAA14124,56624,source_sample_id,block_download_or_coverage,,2025,False
20250702_0648_HARP13436_NOAA14125,56625,source_sample_id,block_download_or_coverage,,2025,False
20250702_0824_HARP13432_NOAA14124,56627,source_sample_id,block_download_or_coverage,,2025,False
20250702_0824_HARP13436_NOAA14125,56628,source_sample_id,block_download_or_coverage,,2025,False
20250702_1000_HARP13432_NOAA14124,56630,source_sample_id,block_download_or_coverage,,2025,False
20250702_1000_HARP13436_NOAA14125,56631,source_sample_id,block_download_or_coverage,,2025,False
20250702_1136_HARP13432_NOAA14124,56633,source_sample_id,block_download_or_coverage,,2025,False
20250702_1136_HARP13436_NOAA14125,56634,source_sample_id,block_download_or_coverage,,2025,False
20250702_1312_HARP13432_NOAA14124,56636,source_sample_id,block_download_or_coverage,,2025,False
20250702_1312_HARP13436_NOAA14125,56637,source_sample_id,block_download_or_coverage,,2025,False
20250702_1448_HARP13432_NOAA14124,56639,source_sample_id,block_download_or_coverage,,2025,False
20250702_1448_HARP13436_NOAA14125,56640,source_sample_id,block_download_or_coverage,,2025,False
20250702_1624_HARP13432_NOAA14124,56642,source_sample_id,block_download_or_coverage,,2025,False
20250702_1624_HARP13436_NOAA14125,56643,source_sample_id,block_download_or_coverage,,2025,False
20250703_0048_HARP13432_NOAA14124,56645,source_sample_id,block_download_or_coverage,,2025,False
20250703_0848_HARP13436_NOAA14125,56647,source_sample_id,block_download_or_coverage,,2025,False
20250703_0848_HARP13445_NOAA14129,56648,source_sample_id,block_download_or_coverage,,2025,False
20250703_1024_HARP13436_NOAA14125,56649,source_sample_id,block_download_or_coverage,,2025,False
20250703_1024_HARP13445_NOAA14129,56650,source_sample_id,block_download_or_coverage,,2025,False
20250703_1200_HARP13436_NOAA14125,56652,source_sample_id,block_download_or_coverage,,2025,False
20250703_1200_HARP13445_NOAA14129,56653,source_sample_id,block_download_or_coverage,,2025,False
20250703_1336_HARP13436_NOAA14125,56655,source_sample_id,block_download_or_coverage,,2025,False
20250703_1336_HARP13445_NOAA14129,56656,source_sample_id,block_download_or_coverage,,2025,False
20250703_1512_HARP13436_NOAA14125,56658,source_sample_id,block_download_or_coverage,,2025,False
20250703_1512_HARP13445_NOAA14129,56659,source_sample_id,block_download_or_coverage,,2025,False
20250703_1648_HARP13436_NOAA14125,56661,source_sample_id,block_download_or_coverage,,2025,False
20250703_1648_HARP13445_NOAA14129,56662,source_sample_id,block_download_or_coverage,,2025,False
20250703_1824_HARP13436_NOAA14125,56664,source_sample_id,block_download_or_coverage,,2025,False
20250703_1824_HARP13445_NOAA14129,56665,source_sample_id,block_download_or_coverage,,2025,False
20250703_2000_HARP13436_NOAA14125,56667,source_sample_id,block_download_or_coverage,,2025,False
20250703_2000_HARP13445_NOAA14129,56668,source_sample_id,block_download_or_coverage,,2025,False
20250704_0400_HARP13436_NOAA14125,56674,source_sample_id,block_download_or_coverage,,2025,False
20250704_0400_HARP13445_NOAA14129,56675,source_sample_id,block_download_or_coverage,,2025,False
20250704_0536_HARP13436_NOAA14125,56678,source_sample_id,block_download_or_coverage,,2025,False
20250704_0536_HARP13445_NOAA14129,56679,source_sample_id,block_download_or_coverage,,2025,False
20250704_0548_HARP13439_NOAA14128,56680,source_sample_id,block_download_or_coverage,,2025,False
20250704_0712_HARP13436_NOAA14125,56681,source_sample_id,block_download_or_coverage,,2025,False
20250704_0712_HARP13445_NOAA14129,56682,source_sample_id,block_download_or_coverage,,2025,False
20250704_0848_HARP13436_NOAA14125,56683,source_sample_id,block_download_or_coverage,,2025,False
20250704_0848_HARP13445_NOAA14129,56684,source_sample_id,block_download_or_coverage,,2025,False
20250704_1024_HARP13436_NOAA14125,56685,source_sample_id,block_download_or_coverage,,2025,False
20250704_1024_HARP13445_NOAA14129,56686,source_sample_id,block_download_or_coverage,,2025,False
20250704_1200_HARP13436_NOAA14125,56687,source_sample_id,block_download_or_coverage,,2025,False
20250704_1200_HARP13445_NOAA14129,56688,source_sample_id,block_download_or_coverage,,2025,False
20250704_1224_HARP13446_NOAA13130,56689,source_sample_id,block_download_or_coverage,,2025,False
20250704_1336_HARP13436_NOAA14125,56690,source_sample_id,block_download_or_coverage,,2025,False
20250704_1336_HARP13445_NOAA14129,56691,source_sample_id,block_download_or_coverage,,2025,False
20250704_1400_HARP13446_NOAA13130,56692,source_sample_id,block_download_or_coverage,,2025,False
20250704_1512_HARP13436_NOAA14125,56693,source_sample_id,block_download_or_coverage,,2025,False
20250704_1512_HARP13445_NOAA14129,56694,source_sample_id,block_download_or_coverage,,2025,False
20250704_1536_HARP13446_NOAA13130,56695,source_sample_id,block_download_or_coverage,,2025,False
20250704_1648_HARP13436_NOAA14125,56696,source_sample_id,block_download_or_coverage,,2025,False
20250704_1648_HARP13445_NOAA14129,56697,source_sample_id,block_download_or_coverage,,2025,False
20250704_1712_HARP13446_NOAA13130,56698,source_sample_id,block_download_or_coverage,,2025,False
20250704_1824_HARP13436_NOAA14125,56699,source_sample_id,block_download_or_coverage,,2025,False
20250704_1824_HARP13445_NOAA14129,56700,source_sample_id,block_download_or_coverage,,2025,False
20250704_1848_HARP13446_NOAA13130,56701,source_sample_id,block_download_or_coverage,,2025,False
20250704_2000_HARP13436_NOAA14125,56702,source_sample_id,block_download_or_coverage,,2025,False
20250704_2000_HARP13445_NOAA14129,56703,source_sample_id,block_download_or_coverage,,2025,False
20250704_2024_HARP13446_NOAA13130,56704,source_sample_id,block_download_or_coverage,,2025,False
20250704_2136_HARP13436_NOAA14125,56705,source_sample_id,block_download_or_coverage,,2025,False
20250704_2136_HARP13445_NOAA14129,56706,source_sample_id,block_download_or_coverage,,2025,False
20250704_2200_HARP13446_NOAA13130,56707,source_sample_id,block_download_or_coverage,,2025,False
20250704_2312_HARP13436_NOAA14125,56708,source_sample_id,block_download_or_coverage,,2025,False
20250704_2336_HARP13446_NOAA13130,56710,source_sample_id,block_download_or_coverage,,2025,False
20250705_0048_HARP13436_NOAA14125,56711,source_sample_id,block_download_or_coverage,,2025,False
20250705_0112_HARP13446_NOAA13130,56713,source_sample_id,block_download_or_coverage,,2025,False
20250705_0224_HARP13436_NOAA14125,56714,source_sample_id,block_download_or_coverage,,2025,False
20250705_0248_HARP13446_NOAA13130,56716,source_sample_id,block_download_or_coverage,,2025,False
20250705_0400_HARP13436_NOAA14125,56717,source_sample_id,block_download_or_coverage,,2025,False
20250705_0424_HARP13446_NOAA13130,56719,source_sample_id,block_download_or_coverage,,2025,False
20250705_0536_HARP13436_NOAA14125,56720,source_sample_id,block_download_or_coverage,,2025,False
20250705_0712_HARP13436_NOAA14125,56722,source_sample_id,block_download_or_coverage,,2025,False
20250705_0848_HARP13436_NOAA14125,56724,source_sample_id,block_download_or_coverage,,2025,False
20250705_1024_HARP13436_NOAA14125,56726,source_sample_id,block_download_or_coverage,,2025,False
20250705_1200_HARP13436_NOAA14125,56728,source_sample_id,block_download_or_coverage,,2025,False
20250705_1336_HARP13436_NOAA14125,56730,source_sample_id,block_download_or_coverage,,2025,False
20250705_1512_HARP13436_NOAA14125,56732,source_sample_id,block_download_or_coverage,,2025,False
20250705_1648_HARP13436_NOAA14125,56734,source_sample_id,block_download_or_coverage,,2025,False
20250705_1824_HARP13436_NOAA14125,56736,source_sample_id,block_download_or_coverage,,2025,False
20250705_2000_HARP13436_NOAA14125,56738,source_sample_id,block_download_or_coverage,,2025,False
20250705_2136_HARP13436_NOAA14125,56740,source_sample_id,block_download_or_coverage,,2025,False
20250705_2312_HARP13436_NOAA14125,56742,source_sample_id,block_download_or_coverage,,2025,False
20250705_2312_HARP13445_NOAA14129,56743,source_sample_id,block_download_or_coverage,,2025,False
20250706_0048_HARP13436_NOAA14125,56744,source_sample_id,block_download_or_coverage,,2025,False
20250706_0048_HARP13445_NOAA14129,56745,source_sample_id,block_download_or_coverage,,2025,False
20250706_0224_HARP13436_NOAA14125,56746,source_sample_id,block_download_or_coverage,,2025,False
20250706_0400_HARP13436_NOAA14125,56747,source_sample_id,block_download_or_coverage,,2025,False
20250706_0536_HARP13436_NOAA14125,56748,source_sample_id,block_download_or_coverage,,2025,False
20250706_0712_HARP13436_NOAA14125,56749,source_sample_id,block_download_or_coverage,,2025,False
20250707_1224_HARP13446_NOAA13130,56755,source_sample_id,block_download_or_coverage,,2025,False
20250707_1400_HARP13446_NOAA13130,56756,source_sample_id,block_download_or_coverage,,2025,False
20250707_1536_HARP13446_NOAA13130,56757,source_sample_id,block_download_or_coverage,,2025,False
20250707_1712_HARP13446_NOAA13130,56758,source_sample_id,block_download_or_coverage,,2025,False
20250707_1848_HARP13446_NOAA13130,56759,source_sample_id,block_download_or_coverage,,2025,False
20250707_2024_HARP13446_NOAA13130,56760,source_sample_id,block_download_or_coverage,,2025,False
20250707_2200_HARP13446_NOAA13130,56761,source_sample_id,block_download_or_coverage,,2025,False
20250707_2336_HARP13446_NOAA13130,56762,source_sample_id,block_download_or_coverage,,2025,False
20250708_0112_HARP13446_NOAA13130,56763,source_sample_id,block_download_or_coverage,,2025,False
20250708_0248_HARP13446_NOAA13130,56764,source_sample_id,block_download_or_coverage,,2025,False
20250708_0424_HARP13446_NOAA13130,56765,source_sample_id,block_download_or_coverage,,2025,False
20250710_0536_HARP13483_NOAA14137,56770,source_sample_id,block_download_or_coverage,,2025,False
20250710_1248_HARP13483_NOAA14137,56771,source_sample_id,block_download_or_coverage,,2025,False
20250710_1424_HARP13483_NOAA14137,56772,source_sample_id,block_download_or_coverage,,2025,False
20250710_1600_HARP13483_NOAA14137,56773,source_sample_id,block_download_or_coverage,,2025,False
20250711_0548_HARP13492_NOAA14138,56774,source_sample_id,block_download_or_coverage,,2025,False
20250711_0624_HARP13470_NOAA14135,56775,source_sample_id,block_download_or_coverage,,2025,False
20250711_2348_HARP13476_NOAA14136,56782,source_sample_id,block_download_or_coverage,,2025,False
20250712_0024_HARP13470_NOAA14135,56784,source_sample_id,block_download_or_coverage,,2025,False
20250712_0124_HARP13476_NOAA14136,56785,source_sample_id,block_download_or_coverage,,2025,False
20250712_0200_HARP13470_NOAA14135,56787,source_sample_id,block_download_or_coverage,,2025,False
20250712_0300_HARP13476_NOAA14136,56788,source_sample_id,block_download_or_coverage,,2025,False
20250712_0336_HARP13470_NOAA14135,56790,source_sample_id,block_download_or_coverage,,2025,False
20250712_0436_HARP13476_NOAA14136,56791,source_sample_id,block_download_or_coverage,,2025,False
20250712_0512_HARP13470_NOAA14135,56793,source_sample_id,block_download_or_coverage,,2025,False
20250712_0612_HARP13476_NOAA14136,56794,source_sample_id,block_download_or_coverage,,2025,False
20250712_0648_HARP13470_NOAA14135,56796,source_sample_id,block_download_or_coverage,,2025,False
20250712_1524_HARP13470_NOAA14135,56798,source_sample_id,block_download_or_coverage,,2025,False
20250712_1700_HARP13470_NOAA14135,56800,source_sample_id,block_download_or_coverage,,2025,False
20250712_1836_HARP13470_NOAA14135,56801,source_sample_id,block_download_or_coverage,,2025,False
20250712_2012_HARP13470_NOAA14135,56802,source_sample_id,block_download_or_coverage,,2025,False
20250712_2148_HARP13470_NOAA14135,56803,source_sample_id,block_download_or_coverage,,2025,False
20250712_2324_HARP13470_NOAA14135,56804,source_sample_id,block_download_or_coverage,,2025,False
20250713_0024_HARP13476_NOAA14136,56805,source_sample_id,block_download_or_coverage,,2025,False
20250713_1412_HARP13476_NOAA14136,56807,source_sample_id,block_download_or_coverage,,2025,False
20250713_1448_HARP13470_NOAA14135,56808,source_sample_id,block_download_or_coverage,,2025,False
20250713_1548_HARP13476_NOAA14136,56809,source_sample_id,block_download_or_coverage,,2025,False
20250713_1624_HARP13470_NOAA14135,56810,source_sample_id,block_download_or_coverage,,2025,False
20250713_1724_HARP13476_NOAA14136,56811,source_sample_id,block_download_or_coverage,,2025,False
20250713_1900_HARP13476_NOAA14136,56812,source_sample_id,block_download_or_coverage,,2025,False
20250713_2036_HARP13476_NOAA14136,56813,source_sample_id,block_download_or_coverage,,2025,False
20250713_2212_HARP13476_NOAA14136,56814,source_sample_id,block_download_or_coverage,,2025,False
20250713_2348_HARP13476_NOAA14136,56815,source_sample_id,block_download_or_coverage,,2025,False
20250714_0124_HARP13476_NOAA14136,56817,source_sample_id,block_download_or_coverage,,2025,False
20250714_0300_HARP13476_NOAA14136,56819,source_sample_id,block_download_or_coverage,,2025,False
20250714_0436_HARP13476_NOAA14136,56821,source_sample_id,block_download_or_coverage,,2025,False
20250714_0612_HARP13476_NOAA14136,56823,source_sample_id,crop_patch_boundary,2025_HARP13476_20250713_0924_20250714_0612,2025,False
20250714_1524_HARP13470_NOAA14135,56824,source_sample_id,block_download_or_coverage,,2025,False
20250714_1700_HARP13470_NOAA14135,56825,source_sample_id,block_download_or_coverage,,2025,False
20250714_1836_HARP13470_NOAA14135,56826,source_sample_id,block_download_or_coverage,,2025,False
20250714_2012_HARP13470_NOAA14135,56827,source_sample_id,block_download_or_coverage,,2025,False
20250714_2148_HARP13470_NOAA14135,56828,source_sample_id,block_download_or_coverage,,2025,False
20250714_2324_HARP13470_NOAA14135,56829,source_sample_id,block_download_or_coverage,,2025,False
20250715_0100_HARP13470_NOAA14135,56830,source_sample_id,block_download_or_coverage,,2025,False
20250715_0236_HARP13470_NOAA14135,56831,source_sample_id,block_download_or_coverage,,2025,False
20250715_0336_HARP13476_NOAA14136,56832,source_sample_id,block_download_or_coverage,,2025,False
20250715_0412_HARP13470_NOAA14135,56833,source_sample_id,block_download_or_coverage,,2025,False
20250715_0512_HARP13476_NOAA14136,56834,source_sample_id,crop_patch_boundary,2025_HARP13476_20250714_1936_20250715_0512,2025,False
20250715_0548_HARP13470_NOAA14135,56835,source_sample_id,block_download_or_coverage,,2025,False
20250715_1400_HARP13493_NOAA14140,56836,source_sample_id,block_download_or_coverage,,2025,False
20250715_1536_HARP13493_NOAA14140,56837,source_sample_id,block_download_or_coverage,,2025,False
20250715_1712_HARP13493_NOAA14140,56838,source_sample_id,block_download_or_coverage,,2025,False
20250715_1848_HARP13493_NOAA14140,56839,source_sample_id,block_download_or_coverage,,2025,False
20250716_0136_HARP13493_NOAA14140,56840,source_sample_id,block_download_or_coverage,,2025,False
20250716_0312_HARP13493_NOAA14140,56841,source_sample_id,block_download_or_coverage,,2025,False
20250716_0448_HARP13493_NOAA14140,56842,source_sample_id,block_download_or_coverage,,2025,False
20250716_0624_HARP13493_NOAA14140,56843,source_sample_id,block_download_or_coverage,,2025,False
20250716_1512_HARP13476_NOAA14136,56844,source_sample_id,block_download_or_coverage,,2025,False
20250716_1648_HARP13476_NOAA14136,56846,source_sample_id,block_download_or_coverage,,2025,False
20250716_1824_HARP13476_NOAA14136,56848,source_sample_id,block_download_or_coverage,,2025,False
20250716_2000_HARP13476_NOAA14136,56850,source_sample_id,block_download_or_coverage,,2025,False
20250716_2136_HARP13476_NOAA14136,56852,source_sample_id,block_download_or_coverage,,2025,False
20250717_1412_HARP13501_NOAA14142,56856,source_sample_id,block_download_or_coverage,,2025,False
20250717_1548_HARP13501_NOAA14142,56858,source_sample_id,block_download_or_coverage,,2025,False
20250717_1724_HARP13501_NOAA14142,56860,source_sample_id,block_download_or_coverage,,2025,False
20250717_1900_HARP13501_NOAA14142,56862,source_sample_id,block_download_or_coverage,,2025,False
20250717_2036_HARP13501_NOAA14142,56864,source_sample_id,block_download_or_coverage,,2025,False
20250717_2212_HARP13501_NOAA14142,56865,source_sample_id,block_download_or_coverage,,2025,False
20250717_2348_HARP13501_NOAA14142,56866,source_sample_id,block_download_or_coverage,,2025,False
20250718_0124_HARP13501_NOAA14142,56867,source_sample_id,block_download_or_coverage,,2025,False
20250718_0300_HARP13501_NOAA14142,56868,source_sample_id,block_download_or_coverage,,2025,False
20250718_0436_HARP13501_NOAA14142,56869,source_sample_id,block_download_or_coverage,,2025,False
20250718_0612_HARP13501_NOAA14142,56870,source_sample_id,block_download_or_coverage,,2025,False
20250718_1412_HARP13506_NOAA14144,56871,source_sample_id,block_download_or_coverage,,2025,False
20250718_1500_HARP13501_NOAA14142,56872,source_sample_id,block_download_or_coverage,,2025,False
20250718_1548_HARP13506_NOAA14144,56873,source_sample_id,block_download_or_coverage,,2025,False
20250718_1636_HARP13501_NOAA14142,56875,source_sample_id,block_download_or_coverage,,2025,False
20250718_1724_HARP13506_NOAA14144,56876,source_sample_id,block_download_or_coverage,,2025,False
20250718_1812_HARP13501_NOAA14142,56878,source_sample_id,block_download_or_coverage,,2025,False
20250718_1900_HARP13506_NOAA14144,56879,source_sample_id,block_download_or_coverage,,2025,False
20250718_1948_HARP13501_NOAA14142,56881,source_sample_id,block_download_or_coverage,,2025,False
20250718_2036_HARP13506_NOAA14144,56882,source_sample_id,block_download_or_coverage,,2025,False
20250718_2124_HARP13501_NOAA14142,56884,source_sample_id,block_download_or_coverage,,2025,False
20250718_2212_HARP13506_NOAA14144,56885,source_sample_id,block_download_or_coverage,,2025,False
20250718_2300_HARP13501_NOAA14142,56887,source_sample_id,block_download_or_coverage,,2025,False
20250718_2348_HARP13506_NOAA14144,56888,source_sample_id,block_download_or_coverage,,2025,False
20250719_0036_HARP13501_NOAA14142,56890,source_sample_id,block_download_or_coverage,,2025,False
20250719_0124_HARP13506_NOAA14144,56891,source_sample_id,block_download_or_coverage,,2025,False
20250719_0212_HARP13501_NOAA14142,56893,source_sample_id,block_download_or_coverage,,2025,False
20250719_0300_HARP13506_NOAA14144,56894,source_sample_id,block_download_or_coverage,,2025,False
20250719_0348_HARP13501_NOAA14142,56896,source_sample_id,block_download_or_coverage,,2025,False
20250719_0436_HARP13506_NOAA14144,56897,source_sample_id,block_download_or_coverage,,2025,False
20250719_0524_HARP13501_NOAA14142,56899,source_sample_id,block_download_or_coverage,,2025,False
20250719_0612_HARP13506_NOAA14144,56900,source_sample_id,block_download_or_coverage,,2025,False
20250719_1512_HARP13506_NOAA14144,56902,source_sample_id,block_download_or_coverage,,2025,False
20250719_1648_HARP13506_NOAA14144,56904,source_sample_id,block_download_or_coverage,,2025,False
20250719_1812_HARP13517_NOAA14158,56906,source_sample_id,block_download_or_coverage,,2025,False
20250719_1824_HARP13506_NOAA14144,56907,source_sample_id,block_download_or_coverage,,2025,False
20250719_1948_HARP13517_NOAA14158,56909,source_sample_id,block_download_or_coverage,,2025,False
20250719_2000_HARP13506_NOAA14144,56910,source_sample_id,block_download_or_coverage,,2025,False
20250719_2124_HARP13517_NOAA14158,56912,source_sample_id,block_download_or_coverage,,2025,False
20250719_2136_HARP13506_NOAA14144,56913,source_sample_id,block_download_or_coverage,,2025,False
20250719_2300_HARP13517_NOAA14158,56915,source_sample_id,block_download_or_coverage,,2025,False
20250719_2312_HARP13506_NOAA14144,56916,source_sample_id,block_download_or_coverage,,2025,False
20250720_0024_HARP13532_NOAA14151,56918,source_sample_id,block_download_or_coverage,,2025,False
20250720_0036_HARP13517_NOAA14158,56919,source_sample_id,block_download_or_coverage,,2025,False
20250720_0048_HARP13506_NOAA14144,56920,source_sample_id,block_download_or_coverage,,2025,False
20250720_0200_HARP13532_NOAA14151,56922,source_sample_id,block_download_or_coverage,,2025,False
20250720_0212_HARP13517_NOAA14158,56923,source_sample_id,block_download_or_coverage,,2025,False
20250720_0224_HARP13506_NOAA14144,56924,source_sample_id,block_download_or_coverage,,2025,False
20250720_0336_HARP13532_NOAA14151,56926,source_sample_id,block_download_or_coverage,,2025,False
20250720_0348_HARP13517_NOAA14158,56927,source_sample_id,block_download_or_coverage,,2025,False
20250720_0400_HARP13506_NOAA14144,56928,source_sample_id,block_download_or_coverage,,2025,False
20250720_0512_HARP13532_NOAA14151,56930,source_sample_id,block_download_or_coverage,,2025,False
20250720_0524_HARP13517_NOAA14158,56931,source_sample_id,block_download_or_coverage,,2025,False
20250720_0536_HARP13506_NOAA14144,56932,source_sample_id,block_download_or_coverage,,2025,False
20250720_1524_HARP13507_NOAA14147,56934,source_sample_id,block_download_or_coverage,,2025,False
20250720_1700_HARP13507_NOAA14147,56936,source_sample_id,block_download_or_coverage,,2025,False
20250720_1836_HARP13507_NOAA14147,56938,source_sample_id,block_download_or_coverage,,2025,False
20250720_2012_HARP13507_NOAA14147,56940,source_sample_id,block_download_or_coverage,,2025,False
20250720_2048_HARP13517_NOAA14158,56941,source_sample_id,block_download_or_coverage,,2025,False
20250720_2148_HARP13507_NOAA14147,56943,source_sample_id,block_download_or_coverage,,2025,False
20250720_2224_HARP13517_NOAA14158,56944,source_sample_id,block_download_or_coverage,,2025,False
20250720_2324_HARP13507_NOAA14147,56946,source_sample_id,block_download_or_coverage,,2025,False
20250721_0000_HARP13517_NOAA14158,56947,source_sample_id,block_download_or_coverage,,2025,False
20250721_0100_HARP13507_NOAA14147,56949,source_sample_id,block_download_or_coverage,,2025,False
20250721_0136_HARP13517_NOAA14158,56950,source_sample_id,block_download_or_coverage,,2025,False
20250721_0236_HARP13507_NOAA14147,56952,source_sample_id,block_download_or_coverage,,2025,False
20250721_0312_HARP13517_NOAA14158,56953,source_sample_id,block_download_or_coverage,,2025,False
20250721_0412_HARP13507_NOAA14147,56955,source_sample_id,block_download_or_coverage,,2025,False
20250721_0448_HARP13517_NOAA14158,56956,source_sample_id,block_download_or_coverage,,2025,False
20250721_0548_HARP13507_NOAA14147,56958,source_sample_id,block_download_or_coverage,,2025,False
20250721_0624_HARP13517_NOAA14158,56959,source_sample_id,block_download_or_coverage,,2025,False
20250721_1400_HARP13506_NOAA14144,56960,source_sample_id,block_download_or_coverage,,2025,False
20250721_1524_HARP13517_NOAA14158,56962,source_sample_id,block_download_or_coverage,,2025,False
20250721_1536_HARP13506_NOAA14144,56963,source_sample_id,block_download_or_coverage,,2025,False
20250721_1700_HARP13517_NOAA14158,56965,source_sample_id,block_download_or_coverage,,2025,False
20250721_1712_HARP13506_NOAA14144,56966,source_sample_id,block_download_or_coverage,,2025,False
20250721_1836_HARP13517_NOAA14158,56967,source_sample_id,block_download_or_coverage,,2025,False
20250721_1848_HARP13506_NOAA14144,56968,source_sample_id,block_download_or_coverage,,2025,False
20250721_2012_HARP13517_NOAA14158,56969,source_sample_id,block_download_or_coverage,,2025,False
20250721_2024_HARP13506_NOAA14144,56970,source_sample_id,block_download_or_coverage,,2025,False
20250721_2148_HARP13517_NOAA14158,56971,source_sample_id,block_download_or_coverage,,2025,False
20250721_2200_HARP13506_NOAA14144,56972,source_sample_id,block_download_or_coverage,,2025,False
20250721_2324_HARP13517_NOAA14158,56973,source_sample_id,block_download_or_coverage,,2025,False
20250721_2336_HARP13506_NOAA14144,56974,source_sample_id,block_download_or_coverage,,2025,False
20250722_0024_HARP13507_NOAA14147,56975,source_sample_id,block_download_or_coverage,,2025,False
20250722_0100_HARP13517_NOAA14158,56976,source_sample_id,block_download_or_coverage,,2025,False
20250722_0112_HARP13506_NOAA14144,56977,source_sample_id,block_download_or_coverage,,2025,False
20250722_0200_HARP13507_NOAA14147,56978,source_sample_id,block_download_or_coverage,,2025,False
20250722_0236_HARP13517_NOAA14158,56979,source_sample_id,block_download_or_coverage,,2025,False
20250722_0248_HARP13506_NOAA14144,56980,source_sample_id,block_download_or_coverage,,2025,False
20250722_0336_HARP13507_NOAA14147,56981,source_sample_id,block_download_or_coverage,,2025,False
20250722_0412_HARP13517_NOAA14158,56982,source_sample_id,block_download_or_coverage,,2025,False
20250722_0424_HARP13506_NOAA14144,56983,source_sample_id,block_download_or_coverage,,2025,False
20250722_0512_HARP13507_NOAA14147,56984,source_sample_id,block_download_or_coverage,,2025,False
20250722_0548_HARP13517_NOAA14158,56985,source_sample_id,block_download_or_coverage,,2025,False
20250723_0224_HARP13522_NOAA14150,56990,source_sample_id,block_download_or_coverage,,2025,False
20250723_0400_HARP13522_NOAA14150,56992,source_sample_id,block_download_or_coverage,,2025,False
20250723_0536_HARP13522_NOAA14150,56994,source_sample_id,block_download_or_coverage,,2025,False
20250724_1524_HARP13522_NOAA14150,56998,source_sample_id,block_download_or_coverage,,2025,False
20250724_1524_HARP13524_NOAA14149,56999,source_sample_id,block_download_or_coverage,,2025,False
20250724_1700_HARP13522_NOAA14150,57000,source_sample_id,block_download_or_coverage,,2025,False
20250724_1700_HARP13524_NOAA14149,57001,source_sample_id,crop_patch_boundary,2025_HARP13524_20250724_1036_20250725_0112,2025,False
20250724_1836_HARP13522_NOAA14150,57002,source_sample_id,block_download_or_coverage,,2025,False
20250724_2012_HARP13522_NOAA14150,57003,source_sample_id,block_download_or_coverage,,2025,False
20250725_1448_HARP13542_NOAA14153,57004,source_sample_id,block_download_or_coverage,,2025,False
20250725_1624_HARP13542_NOAA14153,57006,source_sample_id,block_download_or_coverage,,2025,False
20250726_1412_HARP13542_NOAA14153,57016,source_sample_id,block_download_or_coverage,,2025,False
20250726_1448_HARP13561_NOAA14159,57017,source_sample_id,block_download_or_coverage,,2025,False
20250726_1548_HARP13542_NOAA14153,57019,source_sample_id,block_download_or_coverage,,2025,False
20250726_1624_HARP13561_NOAA14159,57020,source_sample_id,block_download_or_coverage,,2025,False
20250726_1724_HARP13542_NOAA14153,57022,source_sample_id,block_download_or_coverage,,2025,False
20250726_1900_HARP13542_NOAA14153,57024,source_sample_id,block_download_or_coverage,,2025,False
20250726_2036_HARP13542_NOAA14153,57026,source_sample_id,block_download_or_coverage,,2025,False
20250726_2212_HARP13542_NOAA14153,57028,source_sample_id,block_download_or_coverage,,2025,False
20250726_2236_HARP13543_NOAA14154,57029,source_sample_id,block_download_or_coverage,,2025,False
20250726_2348_HARP13542_NOAA14153,57031,source_sample_id,block_download_or_coverage,,2025,False
20250727_0012_HARP13543_NOAA14154,57032,source_sample_id,block_download_or_coverage,,2025,False
20250727_0124_HARP13542_NOAA14153,57035,source_sample_id,block_download_or_coverage,,2025,False
20250727_0148_HARP13543_NOAA14154,57036,source_sample_id,block_download_or_coverage,,2025,False
20250727_0300_HARP13542_NOAA14153,57039,source_sample_id,block_download_or_coverage,,2025,False
20250727_0324_HARP13543_NOAA14154,57040,source_sample_id,block_download_or_coverage,,2025,False
20250727_0436_HARP13542_NOAA14153,57042,source_sample_id,block_download_or_coverage,,2025,False
20250727_0500_HARP13543_NOAA14154,57043,source_sample_id,block_download_or_coverage,,2025,False
20250727_0612_HARP13542_NOAA14153,57045,source_sample_id,block_download_or_coverage,,2025,False
20250727_1400_HARP13543_NOAA14154,57046,source_sample_id,block_download_or_coverage,,2025,False
20250727_1536_HARP13543_NOAA14154,57048,source_sample_id,block_download_or_coverage,,2025,False
20250727_1700_HARP13568_NOAA14163,57050,source_sample_id,block_download_or_coverage,,2025,False
20250727_1712_HARP13543_NOAA14154,57051,source_sample_id,block_download_or_coverage,,2025,False
20250727_1836_HARP13568_NOAA14163,57053,source_sample_id,block_download_or_coverage,,2025,False
20250727_1848_HARP13543_NOAA14154,57054,source_sample_id,block_download_or_coverage,,2025,False
20250727_2012_HARP13568_NOAA14163,57056,source_sample_id,block_download_or_coverage,,2025,False
20250727_2024_HARP13543_NOAA14154,57057,source_sample_id,block_download_or_coverage,,2025,False
20250727_2148_HARP13568_NOAA14163,57059,source_sample_id,block_download_or_coverage,,2025,False
20250727_2200_HARP13543_NOAA14154,57060,source_sample_id,block_download_or_coverage,,2025,False
20250727_2324_HARP13568_NOAA14163,57062,source_sample_id,block_download_or_coverage,,2025,False
20250727_2336_HARP13543_NOAA14154,57063,source_sample_id,block_download_or_coverage,,2025,False
20250728_0024_HARP13552_NOAA14156,57065,source_sample_id,block_download_or_coverage,,2025,False
20250728_0100_HARP13568_NOAA14163,57066,source_sample_id,block_download_or_coverage,,2025,False
20250728_0112_HARP13543_NOAA14154,57067,source_sample_id,block_download_or_coverage,,2025,False
20250728_0200_HARP13552_NOAA14156,57069,source_sample_id,block_download_or_coverage,,2025,False
20250728_0236_HARP13568_NOAA14163,57070,source_sample_id,block_download_or_coverage,,2025,False
20250728_0248_HARP13543_NOAA14154,57071,source_sample_id,block_download_or_coverage,,2025,False
20250728_0312_HARP13524_NOAA14149,57073,source_sample_id,block_download_or_coverage,,2025,False
20250728_0336_HARP13552_NOAA14156,57074,source_sample_id,block_download_or_coverage,,2025,False
20250728_0412_HARP13568_NOAA14163,57075,source_sample_id,block_download_or_coverage,,2025,False
20250728_0424_HARP13543_NOAA14154,57076,source_sample_id,block_download_or_coverage,,2025,False
20250728_0448_HARP13524_NOAA14149,57078,source_sample_id,block_download_or_coverage,,2025,False
20250728_0512_HARP13552_NOAA14156,57079,source_sample_id,block_download_or_coverage,,2025,False
20250728_0548_HARP13568_NOAA14163,57080,source_sample_id,block_download_or_coverage,,2025,False
20250728_2036_HARP13548_NOAA14155,57082,source_sample_id,block_download_or_coverage,,2025,False
20250728_2212_HARP13548_NOAA14155,57084,source_sample_id,block_download_or_coverage,,2025,False
20250728_2348_HARP13548_NOAA14155,57086,source_sample_id,block_download_or_coverage,,2025,False
20250729_0124_HARP13548_NOAA14155,57089,source_sample_id,block_download_or_coverage,,2025,False
20250729_0300_HARP13548_NOAA14155,57092,source_sample_id,block_download_or_coverage,,2025,False
20250729_1600_HARP13552_NOAA14156,57094,source_sample_id,block_download_or_coverage,,2025,False
20250729_1624_HARP13542_NOAA14153,57095,source_sample_id,block_download_or_coverage,,2025,False
20250729_1736_HARP13552_NOAA14156,57096,source_sample_id,block_download_or_coverage,,2025,False
20250730_0200_HARP13552_NOAA14156,57097,source_sample_id,block_download_or_coverage,,2025,False
20250730_0336_HARP13552_NOAA14156,57098,source_sample_id,block_download_or_coverage,,2025,False
20250730_0512_HARP13552_NOAA14156,57099,source_sample_id,block_download_or_coverage,,2025,False
20250730_2148_HARP13543_NOAA14154,57100,source_sample_id,block_download_or_coverage,,2025,False
20250730_2324_HARP13543_NOAA14154,57102,source_sample_id,block_download_or_coverage,,2025,False
20250731_1412_HARP13581_NOAA14167,57107,source_sample_id,block_download_or_coverage,,2025,False
20250731_1524_HARP13548_NOAA14155,57108,source_sample_id,block_download_or_coverage,,2025,False
20250731_1548_HARP13581_NOAA14167,57110,source_sample_id,block_download_or_coverage,,2025,False
20250731_1700_HARP13548_NOAA14155,57111,source_sample_id,block_download_or_coverage,,2025,False
20250731_1724_HARP13581_NOAA14167,57113,source_sample_id,block_download_or_coverage,,2025,False
20250731_1836_HARP13548_NOAA14155,57114,source_sample_id,block_download_or_coverage,,2025,False
20250731_1900_HARP13581_NOAA14167,57116,source_sample_id,block_download_or_coverage,,2025,False
20250731_2012_HARP13548_NOAA14155,57117,source_sample_id,block_download_or_coverage,,2025,False
20250731_2036_HARP13581_NOAA14167,57119,source_sample_id,block_download_or_coverage,,2025,False
20250731_2148_HARP13548_NOAA14155,57120,source_sample_id,block_download_or_coverage,,2025,False
20250731_2212_HARP13581_NOAA14167,57122,source_sample_id,block_download_or_coverage,,2025,False
20250731_2324_HARP13548_NOAA14155,57123,source_sample_id,block_download_or_coverage,,2025,False
20250731_2348_HARP13581_NOAA14167,57124,source_sample_id,block_download_or_coverage,,2025,False
20250801_0124_HARP13581_NOAA14167,57125,source_sample_id,block_download_or_coverage,,2025,False
20250801_0300_HARP13581_NOAA14167,57126,source_sample_id,block_download_or_coverage,,2025,False
20250801_0436_HARP13581_NOAA14167,57127,source_sample_id,block_download_or_coverage,,2025,False
20250801_0612_HARP13581_NOAA14167,57128,source_sample_id,block_download_or_coverage,,2025,False
20250801_1412_HARP13567_NOAA14161,57129,source_sample_id,block_download_or_coverage,,2025,False
20250801_1548_HARP13567_NOAA14161,57131,source_sample_id,block_download_or_coverage,,2025,False
20250801_1724_HARP13567_NOAA14161,57133,source_sample_id,block_download_or_coverage,,2025,False
20250801_1900_HARP13567_NOAA14161,57135,source_sample_id,block_download_or_coverage,,2025,False
20250801_2036_HARP13567_NOAA14161,57137,source_sample_id,block_download_or_coverage,,2025,False
20250801_2212_HARP13567_NOAA14161,57139,source_sample_id,block_download_or_coverage,,2025,False
20250801_2348_HARP13567_NOAA14161,57141,source_sample_id,block_download_or_coverage,,2025,False
20250802_0124_HARP13567_NOAA14161,57143,source_sample_id,block_download_or_coverage,,2025,False
20250802_0300_HARP13567_NOAA14161,57145,source_sample_id,block_download_or_coverage,,2025,False
20250802_0436_HARP13567_NOAA14161,57147,source_sample_id,block_download_or_coverage,,2025,False
20250802_0612_HARP13567_NOAA14161,57149,source_sample_id,block_download_or_coverage,,2025,False
20250802_1448_HARP13567_NOAA14161,57150,source_sample_id,block_download_or_coverage,,2025,False
20250802_1624_HARP13567_NOAA14161,57151,source_sample_id,block_download_or_coverage,,2025,False
20250803_0024_HARP13567_NOAA14161,57152,source_sample_id,block_download_or_coverage,,2025,False
20250803_0200_HARP13567_NOAA14161,57153,source_sample_id,block_download_or_coverage,,2025,False
20250803_0336_HARP13567_NOAA14161,57154,source_sample_id,block_download_or_coverage,,2025,False
20250803_0512_HARP13567_NOAA14161,57155,source_sample_id,block_download_or_coverage,,2025,False
20250803_1524_HARP13574_NOAA14165,57156,source_sample_id,block_download_or_coverage,,2025,False
20250803_1700_HARP13574_NOAA14165,57157,source_sample_id,block_download_or_coverage,,2025,False
20250803_1836_HARP13574_NOAA14165,57158,source_sample_id,block_download_or_coverage,,2025,False
20250803_2012_HARP13574_NOAA14165,57159,source_sample_id,block_download_or_coverage,,2025,False
20250803_2148_HARP13574_NOAA14165,57160,source_sample_id,block_download_or_coverage,,2025,False
20250803_2324_HARP13574_NOAA14165,57161,source_sample_id,block_download_or_coverage,,2025,False
20250804_0100_HARP13574_NOAA14165,57162,source_sample_id,block_download_or_coverage,,2025,False
20250804_0236_HARP13574_NOAA14165,57163,source_sample_id,block_download_or_coverage,,2025,False
20250804_0412_HARP13574_NOAA14165,57164,source_sample_id,block_download_or_coverage,,2025,False
20250804_0548_HARP13574_NOAA14165,57165,source_sample_id,block_download_or_coverage,,2025,False
20250804_2048_HARP13574_NOAA14165,57166,source_sample_id,block_download_or_coverage,,2025,False
20250804_2224_HARP13574_NOAA14165,57167,source_sample_id,block_download_or_coverage,,2025,False
20250805_0000_HARP13574_NOAA14165,57168,source_sample_id,block_download_or_coverage,,2025,False
20250805_0136_HARP13574_NOAA14165,57169,source_sample_id,block_download_or_coverage,,2025,False
20250805_0312_HARP13574_NOAA14165,57170,source_sample_id,block_download_or_coverage,,2025,False
20250805_0448_HARP13574_NOAA14165,57171,source_sample_id,block_download_or_coverage,,2025,False
20250805_0624_HARP13574_NOAA14165,57172,source_sample_id,block_download_or_coverage,,2025,False
20250806_1324_HARP13574_NOAA14165,57175,source_sample_id,block_download_or_coverage,,2025,False
20250806_1500_HARP13574_NOAA14165,57176,source_sample_id,block_download_or_coverage,,2025,False
20250806_1636_HARP13574_NOAA14165,57177,source_sample_id,block_download_or_coverage,,2025,False
20250806_1648_HARP13610_NOAA14174,57178,source_sample_id,block_download_or_coverage,,2025,False
20250806_1812_HARP13574_NOAA14165,57179,source_sample_id,block_download_or_coverage,,2025,False
20250806_1824_HARP13610_NOAA14174,57180,source_sample_id,block_download_or_coverage,,2025,False
20250807_0048_HARP13574_NOAA14165,57181,source_sample_id,block_download_or_coverage,,2025,False
20250807_0100_HARP13610_NOAA14174,57182,source_sample_id,block_download_or_coverage,,2025,False
20250807_0224_HARP13574_NOAA14165,57184,source_sample_id,block_download_or_coverage,,2025,False
20250807_0236_HARP13610_NOAA14174,57185,source_sample_id,block_download_or_coverage,,2025,False
20250807_0400_HARP13574_NOAA14165,57187,source_sample_id,block_download_or_coverage,,2025,False
20250807_0412_HARP13610_NOAA14174,57188,source_sample_id,block_download_or_coverage,,2025,False
20250807_0536_HARP13574_NOAA14165,57190,source_sample_id,block_download_or_coverage,,2025,False
20250807_0548_HARP13610_NOAA14174,57191,source_sample_id,block_download_or_coverage,,2025,False
20250807_1248_HARP13610_NOAA14174,57193,source_sample_id,block_download_or_coverage,,2025,False
20250807_1424_HARP13610_NOAA14174,57195,source_sample_id,block_download_or_coverage,,2025,False
20250807_1600_HARP13610_NOAA14174,57197,source_sample_id,block_download_or_coverage,,2025,False
20250808_0248_HARP13599_NOAA14178,57198,source_sample_id,block_download_or_coverage,,2025,False
20250808_0424_HARP13599_NOAA14178,57200,source_sample_id,block_download_or_coverage,,2025,False
20250808_2100_HARP13606_NOAA14169,57212,source_sample_id,block_download_or_coverage,,2025,False
20250808_2200_HARP13599_NOAA14178,57213,source_sample_id,block_download_or_coverage,,2025,False
20250812_0200_HARP13597_NOAA14169,57214,source_sample_id,block_download_or_coverage,,2025,False
20250812_0200_HARP13612_NOAA14175,57215,source_sample_id,block_download_or_coverage,,2025,False
20250812_0336_HARP13597_NOAA14169,57217,source_sample_id,block_download_or_coverage,,2025,False
20250812_0336_HARP13612_NOAA14175,57218,source_sample_id,block_download_or_coverage,,2025,False
20250812_0512_HARP13597_NOAA14169,57220,source_sample_id,block_download_or_coverage,,2025,False
20250812_0512_HARP13612_NOAA14175,57221,source_sample_id,block_download_or_coverage,,2025,False
20250812_0648_HARP13597_NOAA14169,57223,source_sample_id,block_download_or_coverage,,2025,False
20250812_0648_HARP13612_NOAA14175,57224,source_sample_id,block_download_or_coverage,,2025,False
20250812_0824_HARP13597_NOAA14169,57227,source_sample_id,block_download_or_coverage,,2025,False
20250812_0824_HARP13612_NOAA14175,57228,source_sample_id,block_download_or_coverage,,2025,False
20250812_0836_HARP13606_NOAA14169,57229,source_sample_id,block_download_or_coverage,,2025,False
20250812_1000_HARP13597_NOAA14169,57230,source_sample_id,block_download_or_coverage,,2025,False
20250812_1000_HARP13612_NOAA14175,57231,source_sample_id,block_download_or_coverage,,2025,False
20250812_1136_HARP13597_NOAA14169,57232,source_sample_id,block_download_or_coverage,,2025,False
20250812_1136_HARP13612_NOAA14175,57233,source_sample_id,block_download_or_coverage,,2025,False
20250812_1312_HARP13597_NOAA14169,57234,source_sample_id,block_download_or_coverage,,2025,False
20250812_1312_HARP13612_NOAA14175,57235,source_sample_id,block_download_or_coverage,,2025,False
20250812_1448_HARP13597_NOAA14169,57236,source_sample_id,block_download_or_coverage,,2025,False
20250812_1448_HARP13612_NOAA14175,57237,source_sample_id,block_download_or_coverage,,2025,False
20250812_1624_HARP13597_NOAA14169,57238,source_sample_id,block_download_or_coverage,,2025,False
20250812_1624_HARP13612_NOAA14175,57239,source_sample_id,block_download_or_coverage,,2025,False
20250813_0024_HARP13597_NOAA14169,57240,source_sample_id,block_download_or_coverage,,2025,False
20250813_0200_HARP13597_NOAA14169,57242,source_sample_id,block_download_or_coverage,,2025,False
20250813_0336_HARP13597_NOAA14169,57244,source_sample_id,block_download_or_coverage,,2025,False
20250813_0512_HARP13597_NOAA14169,57246,source_sample_id,block_download_or_coverage,,2025,False
20250813_0648_HARP13597_NOAA14169,57248,source_sample_id,block_download_or_coverage,,2025,False
20250813_0824_HARP13597_NOAA14169,57250,source_sample_id,block_download_or_coverage,,2025,False
20250813_1000_HARP13597_NOAA14169,57252,source_sample_id,block_download_or_coverage,,2025,False
20250813_1624_HARP13597_NOAA14169,57257,source_sample_id,block_download_or_coverage,,2025,False
20250814_0048_HARP13597_NOAA14169,57259,source_sample_id,block_download_or_coverage,,2025,False
20250814_0048_HARP13612_NOAA14175,57260,source_sample_id,block_download_or_coverage,,2025,False
20250814_0224_HARP13597_NOAA14169,57262,source_sample_id,block_download_or_coverage,,2025,False
20250814_0224_HARP13612_NOAA14175,57263,source_sample_id,block_download_or_coverage,,2025,False
20250814_0400_HARP13597_NOAA14169,57265,source_sample_id,block_download_or_coverage,,2025,False
20250814_0400_HARP13612_NOAA14175,57266,source_sample_id,block_download_or_coverage,,2025,False
20250814_0536_HARP13597_NOAA14169,57268,source_sample_id,block_download_or_coverage,,2025,False
20250814_0536_HARP13612_NOAA14175,57269,source_sample_id,block_download_or_coverage,,2025,False
20250814_0712_HARP13597_NOAA14169,57271,source_sample_id,block_download_or_coverage,,2025,False
20250814_0712_HARP13612_NOAA14175,57272,source_sample_id,block_download_or_coverage,,2025,False
20250814_0848_HARP13597_NOAA14169,57274,source_sample_id,block_download_or_coverage,,2025,False
20250814_0848_HARP13612_NOAA14175,57275,source_sample_id,block_download_or_coverage,,2025,False
20250814_1024_HARP13612_NOAA14175,57277,source_sample_id,block_download_or_coverage,,2025,False
20250814_1200_HARP13612_NOAA14175,57279,source_sample_id,block_download_or_coverage,,2025,False
20250814_1336_HARP13612_NOAA14175,57281,source_sample_id,block_download_or_coverage,,2025,False
20250814_1512_HARP13612_NOAA14175,57283,source_sample_id,block_download_or_coverage,,2025,False
20250814_1648_HARP13612_NOAA14175,57285,source_sample_id,block_download_or_coverage,,2025,False
20250814_1824_HARP13612_NOAA14175,57286,source_sample_id,block_download_or_coverage,,2025,False
20250814_2348_HARP13624_NOAA14179,57290,source_sample_id,block_download_or_coverage,,2025,False
20250815_0124_HARP13624_NOAA14179,57292,source_sample_id,block_download_or_coverage,,2025,False
20250815_0300_HARP13624_NOAA14179,57294,source_sample_id,block_download_or_coverage,,2025,False
20250815_0436_HARP13624_NOAA14179,57296,source_sample_id,block_download_or_coverage,,2025,False
20250815_0612_HARP13624_NOAA14179,57298,source_sample_id,block_download_or_coverage,,2025,False
20250815_0748_HARP13624_NOAA14179,57300,source_sample_id,block_download_or_coverage,,2025,False
20250815_0924_HARP13624_NOAA14179,57302,source_sample_id,block_download_or_coverage,,2025,False
20250815_1100_HARP13624_NOAA14179,57304,source_sample_id,block_download_or_coverage,,2025,False
20250815_1236_HARP13624_NOAA14179,57306,source_sample_id,block_download_or_coverage,,2025,False
20250815_1412_HARP13624_NOAA14179,57308,source_sample_id,block_download_or_coverage,,2025,False
20250815_1548_HARP13624_NOAA14179,57310,source_sample_id,block_download_or_coverage,,2025,False
20250815_1724_HARP13624_NOAA14179,57311,source_sample_id,block_download_or_coverage,,2025,False
20250815_1900_HARP13624_NOAA14179,57312,source_sample_id,block_download_or_coverage,,2025,False
20250815_2036_HARP13624_NOAA14179,57313,source_sample_id,block_download_or_coverage,,2025,False
20250815_2212_HARP13624_NOAA14179,57314,source_sample_id,block_download_or_coverage,,2025,False
20250815_2348_HARP13624_NOAA14179,57315,source_sample_id,block_download_or_coverage,,2025,False
20250816_0124_HARP13624_NOAA14179,57316,source_sample_id,block_download_or_coverage,,2025,False
20250816_0300_HARP13624_NOAA14179,57317,source_sample_id,block_download_or_coverage,,2025,False
20250819_0424_HARP13627_NOAA14180,57318,source_sample_id,block_download_or_coverage,,2025,False
20250819_1024_HARP13652_NOAA14203,57323,source_sample_id,block_download_or_coverage,,2025,False
20250819_1200_HARP13652_NOAA14203,57325,source_sample_id,block_download_or_coverage,,2025,False
20250819_1336_HARP13652_NOAA14203,57327,source_sample_id,block_download_or_coverage,,2025,False
20250819_1512_HARP13652_NOAA14203,57329,source_sample_id,block_download_or_coverage,,2025,False
20250819_1648_HARP13652_NOAA14203,57331,source_sample_id,block_download_or_coverage,,2025,False
20250824_0948_HARP13694_NOAA14194,57334,source_sample_id,block_download_or_coverage,,2025,False
20250824_1000_HARP13676_NOAA14189,57335,source_sample_id,block_download_or_coverage,,2025,False
20250824_1124_HARP13694_NOAA14194,57338,source_sample_id,block_download_or_coverage,,2025,False
20250824_1136_HARP13676_NOAA14189,57339,source_sample_id,block_download_or_coverage,,2025,False
20250824_1300_HARP13694_NOAA14194,57342,source_sample_id,block_download_or_coverage,,2025,False
20250824_1312_HARP13676_NOAA14189,57343,source_sample_id,block_download_or_coverage,,2025,False
20250824_1436_HARP13694_NOAA14194,57346,source_sample_id,block_download_or_coverage,,2025,False
20250824_1448_HARP13676_NOAA14189,57347,source_sample_id,block_download_or_coverage,,2025,False
20250824_1612_HARP13694_NOAA14194,57350,source_sample_id,block_download_or_coverage,,2025,False
20250824_1624_HARP13676_NOAA14189,57351,source_sample_id,block_download_or_coverage,,2025,False
20250824_1636_HARP13662_NOAA14188,57352,source_sample_id,block_download_or_coverage,,2025,False
20250824_1748_HARP13694_NOAA14194,57354,source_sample_id,block_download_or_coverage,,2025,False
20250824_1924_HARP13694_NOAA14194,57356,source_sample_id,block_download_or_coverage,,2025,False
20250824_2100_HARP13694_NOAA14194,57358,source_sample_id,block_download_or_coverage,,2025,False
20250824_2124_HARP13673_NOAA14190,57360,source_sample_id,block_download_or_coverage,,2025,False
20250824_2236_HARP13694_NOAA14194,57361,source_sample_id,block_download_or_coverage,,2025,False
20250824_2300_HARP13673_NOAA14190,57363,source_sample_id,block_download_or_coverage,,2025,False
20250825_0012_HARP13694_NOAA14194,57364,source_sample_id,block_download_or_coverage,,2025,False
20250825_0148_HARP13694_NOAA14194,57367,source_sample_id,block_download_or_coverage,,2025,False
20250825_0324_HARP13694_NOAA14194,57370,source_sample_id,block_download_or_coverage,,2025,False
20250825_0500_HARP13694_NOAA14194,57373,source_sample_id,block_download_or_coverage,,2025,False
20250825_0524_HARP13671_NOAA14193,57375,source_sample_id,block_download_or_coverage,,2025,False
20250825_0636_HARP13694_NOAA14194,57376,source_sample_id,block_download_or_coverage,,2025,False
20250825_0812_HARP13694_NOAA14194,57378,source_sample_id,block_download_or_coverage,,2025,False
20250825_0948_HARP13694_NOAA14194,57380,source_sample_id,block_download_or_coverage,,2025,False
20250825_1124_HARP13694_NOAA14194,57382,source_sample_id,block_download_or_coverage,,2025,False
20250825_1200_HARP13711_NOAA14200,57384,source_sample_id,block_download_or_coverage,,2025,False
20250825_1300_HARP13694_NOAA14194,57385,source_sample_id,block_download_or_coverage,,2025,False
20250825_1336_HARP13711_NOAA14200,57387,source_sample_id,block_download_or_coverage,,2025,False
20250825_1436_HARP13694_NOAA14194,57388,source_sample_id,block_download_or_coverage,,2025,False
20250825_1448_HARP13673_NOAA14190,57389,source_sample_id,block_download_or_coverage,,2025,False
20250825_1512_HARP13711_NOAA14200,57391,source_sample_id,block_download_or_coverage,,2025,False
20250825_1612_HARP13694_NOAA14194,57393,source_sample_id,block_download_or_coverage,,2025,False
20250825_1624_HARP13673_NOAA14190,57394,source_sample_id,block_download_or_coverage,,2025,False
20250825_1648_HARP13711_NOAA14200,57395,source_sample_id,block_download_or_coverage,,2025,False
20250825_1748_HARP13694_NOAA14194,57397,source_sample_id,block_download_or_coverage,,2025,False
20250825_1824_HARP13711_NOAA14200,57398,source_sample_id,block_download_or_coverage,,2025,False
20250825_1924_HARP13694_NOAA14194,57400,source_sample_id,block_download_or_coverage,,2025,False
20250825_2000_HARP13711_NOAA14200,57401,source_sample_id,block_download_or_coverage,,2025,False
20250825_2100_HARP13694_NOAA14194,57403,source_sample_id,block_download_or_coverage,,2025,False
20250825_2136_HARP13711_NOAA14200,57404,source_sample_id,block_download_or_coverage,,2025,False
20250825_2236_HARP13694_NOAA14194,57406,source_sample_id,block_download_or_coverage,,2025,False
20250825_2312_HARP13711_NOAA14200,57407,source_sample_id,block_download_or_coverage,,2025,False
20250826_0012_HARP13694_NOAA14194,57409,source_sample_id,block_download_or_coverage,,2025,False
20250826_0024_HARP13673_NOAA14190,57410,source_sample_id,block_download_or_coverage,,2025,False
20250826_0048_HARP13711_NOAA14200,57411,source_sample_id,block_download_or_coverage,,2025,False
20250826_0148_HARP13694_NOAA14194,57413,source_sample_id,block_download_or_coverage,,2025,False
20250826_0200_HARP13673_NOAA14190,57414,source_sample_id,block_download_or_coverage,,2025,False
20250826_0224_HARP13711_NOAA14200,57415,source_sample_id,block_download_or_coverage,,2025,False
20250826_0324_HARP13694_NOAA14194,57417,source_sample_id,block_download_or_coverage,,2025,False
20250826_0336_HARP13673_NOAA14190,57418,source_sample_id,block_download_or_coverage,,2025,False
20250826_0400_HARP13711_NOAA14200,57419,source_sample_id,block_download_or_coverage,,2025,False
20250826_0500_HARP13694_NOAA14194,57421,source_sample_id,block_download_or_coverage,,2025,False
20250826_0512_HARP13673_NOAA14190,57422,source_sample_id,block_download_or_coverage,,2025,False
20250826_0536_HARP13711_NOAA14200,57423,source_sample_id,block_download_or_coverage,,2025,False
20250826_0636_HARP13694_NOAA14194,57425,source_sample_id,block_download_or_coverage,,2025,False
20250826_0648_HARP13673_NOAA14190,57426,source_sample_id,block_download_or_coverage,,2025,False
20250826_0812_HARP13694_NOAA14194,57429,source_sample_id,block_download_or_coverage,,2025,False
20250826_0824_HARP13673_NOAA14190,57430,source_sample_id,block_download_or_coverage,,2025,False
20250826_0948_HARP13694_NOAA14194,57433,source_sample_id,block_download_or_coverage,,2025,False
20250826_1000_HARP13673_NOAA14190,57434,source_sample_id,block_download_or_coverage,,2025,False
20250826_1036_HARP13675_NOAA14191,57436,source_sample_id,block_download_or_coverage,,2025,False
20250826_1124_HARP13694_NOAA14194,57437,source_sample_id,block_download_or_coverage,,2025,False
20250826_1136_HARP13673_NOAA14190,57438,source_sample_id,block_download_or_coverage,,2025,False
20250826_1300_HARP13694_NOAA14194,57440,source_sample_id,block_download_or_coverage,,2025,False
20250826_1312_HARP13673_NOAA14190,57441,source_sample_id,block_download_or_coverage,,2025,False
20250826_1436_HARP13694_NOAA14194,57443,source_sample_id,block_download_or_coverage,,2025,False
20250826_1448_HARP13673_NOAA14190,57444,source_sample_id,block_download_or_coverage,,2025,False
20250826_1612_HARP13694_NOAA14194,57446,source_sample_id,block_download_or_coverage,,2025,False
20250826_1624_HARP13673_NOAA14190,57447,source_sample_id,block_download_or_coverage,,2025,False
20250826_1748_HARP13694_NOAA14194,57449,source_sample_id,block_download_or_coverage,,2025,False
20250826_1924_HARP13694_NOAA14194,57451,source_sample_id,block_download_or_coverage,,2025,False
20250826_2100_HARP13694_NOAA14194,57453,source_sample_id,block_download_or_coverage,,2025,False
20250826_2124_HARP13662_NOAA14188,57454,source_sample_id,block_download_or_coverage,,2025,False
20250826_2236_HARP13694_NOAA14194,57456,source_sample_id,block_download_or_coverage,,2025,False
20250826_2300_HARP13662_NOAA14188,57457,source_sample_id,block_download_or_coverage,,2025,False
20250827_0012_HARP13694_NOAA14194,57459,source_sample_id,block_download_or_coverage,,2025,False
20250827_0036_HARP13662_NOAA14188,57461,source_sample_id,block_download_or_coverage,,2025,False
20250827_0148_HARP13694_NOAA14194,57463,source_sample_id,block_download_or_coverage,,2025,False
20250827_0324_HARP13694_NOAA14194,57466,source_sample_id,block_download_or_coverage,,2025,False
20250827_0500_HARP13694_NOAA14194,57469,source_sample_id,block_download_or_coverage,,2025,False
20250827_0636_HARP13694_NOAA14194,57471,source_sample_id,block_download_or_coverage,,2025,False
20250827_0712_HARP13711_NOAA14200,57472,source_sample_id,block_download_or_coverage,,2025,False
20250827_0812_HARP13694_NOAA14194,57473,source_sample_id,block_download_or_coverage,,2025,False
20250827_0948_HARP13694_NOAA14194,57474,source_sample_id,block_download_or_coverage,,2025,False
20250827_1124_HARP13694_NOAA14194,57475,source_sample_id,block_download_or_coverage,,2025,False
20250827_1300_HARP13694_NOAA14194,57476,source_sample_id,block_download_or_coverage,,2025,False
20250827_1436_HARP13694_NOAA14194,57477,source_sample_id,block_download_or_coverage,,2025,False
20250827_1524_HARP13675_NOAA14191,57478,source_sample_id,block_download_or_coverage,,2025,False
20250827_1612_HARP13694_NOAA14194,57479,source_sample_id,block_download_or_coverage,,2025,False
20250827_1700_HARP13675_NOAA14191,57480,source_sample_id,block_download_or_coverage,,2025,False
20250827_1748_HARP13694_NOAA14194,57481,source_sample_id,block_download_or_coverage,,2025,False
20250827_1836_HARP13675_NOAA14191,57482,source_sample_id,block_download_or_coverage,,2025,False
20250828_0036_HARP13694_NOAA14194,57483,source_sample_id,block_download_or_coverage,,2025,False
20250828_0124_HARP13675_NOAA14191,57484,source_sample_id,block_download_or_coverage,,2025,False
20250828_0212_HARP13694_NOAA14194,57485,source_sample_id,block_download_or_coverage,,2025,False
20250828_0300_HARP13675_NOAA14191,57486,source_sample_id,block_download_or_coverage,,2025,False
20250828_0348_HARP13694_NOAA14194,57487,source_sample_id,block_download_or_coverage,,2025,False
20250828_0436_HARP13675_NOAA14191,57488,source_sample_id,block_download_or_coverage,,2025,False
20250828_0524_HARP13694_NOAA14194,57489,source_sample_id,block_download_or_coverage,,2025,False
20250828_0612_HARP13675_NOAA14191,57490,source_sample_id,block_download_or_coverage,,2025,False
20250828_0748_HARP13675_NOAA14191,57491,source_sample_id,block_download_or_coverage,,2025,False
20250828_0924_HARP13675_NOAA14191,57493,source_sample_id,block_download_or_coverage,,2025,False
20250828_1100_HARP13675_NOAA14191,57495,source_sample_id,block_download_or_coverage,,2025,False
20250828_1236_HARP13675_NOAA14191,57497,source_sample_id,block_download_or_coverage,,2025,False
20250828_1412_HARP13675_NOAA14191,57499,source_sample_id,block_download_or_coverage,,2025,False
20250828_1548_HARP13675_NOAA14191,57501,source_sample_id,block_download_or_coverage,,2025,False
20250828_1724_HARP13675_NOAA14191,57503,source_sample_id,block_download_or_coverage,,2025,False
20250828_1900_HARP13675_NOAA14191,57505,source_sample_id,block_download_or_coverage,,2025,False
20250828_2036_HARP13675_NOAA14191,57507,source_sample_id,block_download_or_coverage,,2025,False
20250828_2212_HARP13675_NOAA14191,57509,source_sample_id,block_download_or_coverage,,2025,False
20250828_2348_HARP13675_NOAA14191,57511,source_sample_id,block_download_or_coverage,,2025,False
20250829_0124_HARP13675_NOAA14191,57513,source_sample_id,block_download_or_coverage,,2025,False
20250829_0300_HARP13675_NOAA14191,57515,source_sample_id,block_download_or_coverage,,2025,False
20250829_0300_HARP13691_NOAA14195,57516,source_sample_id,block_download_or_coverage,,2025,False
20250829_0436_HARP13675_NOAA14191,57517,source_sample_id,block_download_or_coverage,,2025,False
20250829_0436_HARP13691_NOAA14195,57518,source_sample_id,block_download_or_coverage,,2025,False
20250829_0612_HARP13675_NOAA14191,57519,source_sample_id,block_download_or_coverage,,2025,False
20250829_0612_HARP13691_NOAA14195,57520,source_sample_id,block_download_or_coverage,,2025,False
20250830_0024_HARP13708_NOAA14199,57526,source_sample_id,block_download_or_coverage,,2025,False
20250830_0200_HARP13708_NOAA14199,57527,source_sample_id,block_download_or_coverage,,2025,False
20250830_0336_HARP13708_NOAA14199,57528,source_sample_id,block_download_or_coverage,,2025,False
20250830_0512_HARP13708_NOAA14199,57529,source_sample_id,block_download_or_coverage,,2025,False
20250830_0648_HARP13708_NOAA14199,57530,source_sample_id,block_download_or_coverage,,2025,False
20250830_0824_HARP13708_NOAA14199,57531,source_sample_id,block_download_or_coverage,,2025,False
20250830_1000_HARP13708_NOAA14199,57532,source_sample_id,block_download_or_coverage,,2025,False
20250830_1136_HARP13708_NOAA14199,57533,source_sample_id,block_download_or_coverage,,2025,False
20250830_1312_HARP13708_NOAA14199,57534,source_sample_id,block_download_or_coverage,,2025,False
20250830_1448_HARP13708_NOAA14199,57535,source_sample_id,block_download_or_coverage,,2025,False
20250830_1624_HARP13708_NOAA14199,57536,source_sample_id,block_download_or_coverage,,2025,False
20250831_0924_HARP13691_NOAA14195,57542,source_sample_id,block_download_or_coverage,,2025,False
20250831_1100_HARP13691_NOAA14195,57543,source_sample_id,block_download_or_coverage,,2025,False
20250831_1236_HARP13691_NOAA14195,57544,source_sample_id,block_download_or_coverage,,2025,False
20250831_1412_HARP13691_NOAA14195,57545,source_sample_id,block_download_or_coverage,,2025,False
20250831_1548_HARP13691_NOAA14195,57546,source_sample_id,block_download_or_coverage,,2025,False
20250831_2300_HARP13691_NOAA14195,57547,source_sample_id,block_download_or_coverage,,2025,False
20250831_2336_HARP13708_NOAA14199,57548,source_sample_id,block_download_or_coverage,,2025,False
20250901_0036_HARP13691_NOAA14195,57549,source_sample_id,block_download_or_coverage,,2025,False
20250901_0112_HARP13708_NOAA14199,57550,source_sample_id,block_download_or_coverage,,2025,False
20250901_0212_HARP13691_NOAA14195,57551,source_sample_id,block_download_or_coverage,,2025,False
20250901_0248_HARP13708_NOAA14199,57552,source_sample_id,block_download_or_coverage,,2025,False
20250901_0348_HARP13691_NOAA14195,57553,source_sample_id,block_download_or_coverage,,2025,False
20250901_0424_HARP13708_NOAA14199,57554,source_sample_id,block_download_or_coverage,,2025,False
20250901_0524_HARP13691_NOAA14195,57555,source_sample_id,block_download_or_coverage,,2025,False
20250901_0700_HARP13691_NOAA14195,57556,source_sample_id,block_download_or_coverage,,2025,False
20250901_0836_HARP13691_NOAA14195,57557,source_sample_id,block_download_or_coverage,,2025,False
20250901_1012_HARP13691_NOAA14195,57558,source_sample_id,block_download_or_coverage,,2025,False
20250902_0400_HARP13722_NOAA14205,57569,source_sample_id,block_download_or_coverage,,2025,False
20250902_0536_HARP13722_NOAA14205,57571,source_sample_id,block_download_or_coverage,,2025,False
20250902_0548_HARP13723_NOAA14206,57572,source_sample_id,block_download_or_coverage,,2025,False
20250902_0712_HARP13722_NOAA14205,57573,source_sample_id,block_download_or_coverage,,2025,False
20250902_0724_HARP13723_NOAA14206,57574,source_sample_id,block_download_or_coverage,,2025,False
20250902_0848_HARP13722_NOAA14205,57575,source_sample_id,block_download_or_coverage,,2025,False
20250902_0900_HARP13723_NOAA14206,57576,source_sample_id,block_download_or_coverage,,2025,False
20250902_1024_HARP13722_NOAA14205,57577,source_sample_id,block_download_or_coverage,,2025,False
20250902_1036_HARP13723_NOAA14206,57578,source_sample_id,block_download_or_coverage,,2025,False
20250902_1200_HARP13722_NOAA14205,57579,source_sample_id,block_download_or_coverage,,2025,False
20250902_1212_HARP13723_NOAA14206,57580,source_sample_id,block_download_or_coverage,,2025,False
20250902_1336_HARP13722_NOAA14205,57582,source_sample_id,block_download_or_coverage,,2025,False
20250902_1348_HARP13723_NOAA14206,57583,source_sample_id,block_download_or_coverage,,2025,False
20250902_1512_HARP13722_NOAA14205,57585,source_sample_id,block_download_or_coverage,,2025,False
20250902_1524_HARP13723_NOAA14206,57586,source_sample_id,block_download_or_coverage,,2025,False
20250902_1648_HARP13722_NOAA14205,57588,source_sample_id,block_download_or_coverage,,2025,False
20250902_1700_HARP13723_NOAA14206,57589,source_sample_id,block_download_or_coverage,,2025,False
20250902_1824_HARP13722_NOAA14205,57591,source_sample_id,block_download_or_coverage,,2025,False
20250902_1836_HARP13723_NOAA14206,57592,source_sample_id,block_download_or_coverage,,2025,False
20250902_2000_HARP13722_NOAA14205,57594,source_sample_id,block_download_or_coverage,,2025,False
20250902_2012_HARP13723_NOAA14206,57595,source_sample_id,block_download_or_coverage,,2025,False
20250902_2136_HARP13722_NOAA14205,57596,source_sample_id,block_download_or_coverage,,2025,False
20250902_2148_HARP13723_NOAA14206,57597,source_sample_id,block_download_or_coverage,,2025,False
20250902_2312_HARP13722_NOAA14205,57598,source_sample_id,block_download_or_coverage,,2025,False
20250902_2324_HARP13723_NOAA14206,57599,source_sample_id,block_download_or_coverage,,2025,False
20250903_0048_HARP13722_NOAA14205,57600,source_sample_id,block_download_or_coverage,,2025,False
20250903_0100_HARP13723_NOAA14206,57601,source_sample_id,block_download_or_coverage,,2025,False
20250903_0224_HARP13722_NOAA14205,57602,source_sample_id,block_download_or_coverage,,2025,False
20250903_0236_HARP13723_NOAA14206,57603,source_sample_id,block_download_or_coverage,,2025,False
20250903_0400_HARP13722_NOAA14205,57604,source_sample_id,block_download_or_coverage,,2025,False
20250903_0412_HARP13723_NOAA14206,57605,source_sample_id,block_download_or_coverage,,2025,False
20250903_0536_HARP13722_NOAA14205,57606,source_sample_id,block_download_or_coverage,,2025,False
20250903_0548_HARP13723_NOAA14206,57607,source_sample_id,block_download_or_coverage,,2025,False
20250903_0712_HARP13722_NOAA14205,57608,source_sample_id,block_download_or_coverage,,2025,False
20250903_0724_HARP13723_NOAA14206,57609,source_sample_id,block_download_or_coverage,,2025,False
20250903_0848_HARP13722_NOAA14205,57610,source_sample_id,block_download_or_coverage,,2025,False
20250903_0900_HARP13723_NOAA14206,57611,source_sample_id,block_download_or_coverage,,2025,False
20250903_1024_HARP13722_NOAA14205,57612,source_sample_id,block_download_or_coverage,,2025,False
20250903_1036_HARP13723_NOAA14206,57613,source_sample_id,block_download_or_coverage,,2025,False
20250903_1200_HARP13722_NOAA14205,57614,source_sample_id,block_download_or_coverage,,2025,False
20250903_1212_HARP13723_NOAA14206,57615,source_sample_id,block_download_or_coverage,,2025,False
20250903_1336_HARP13722_NOAA14205,57616,source_sample_id,block_download_or_coverage,,2025,False
20250903_1348_HARP13723_NOAA14206,57617,source_sample_id,block_download_or_coverage,,2025,False
20250903_1512_HARP13722_NOAA14205,57618,source_sample_id,block_download_or_coverage,,2025,False
20250903_1524_HARP13723_NOAA14206,57619,source_sample_id,block_download_or_coverage,,2025,False
20250903_1648_HARP13722_NOAA14205,57620,source_sample_id,block_download_or_coverage,,2025,False
20250903_1700_HARP13723_NOAA14206,57621,source_sample_id,block_download_or_coverage,,2025,False
20250903_1824_HARP13722_NOAA14205,57622,source_sample_id,block_download_or_coverage,,2025,False
20250903_1836_HARP13723_NOAA14206,57623,source_sample_id,block_download_or_coverage,,2025,False
20250904_0112_HARP13723_NOAA14206,57624,source_sample_id,block_download_or_coverage,,2025,False
20250904_0248_HARP13723_NOAA14206,57625,source_sample_id,block_download_or_coverage,,2025,False
20250904_0424_HARP13723_NOAA14206,57627,source_sample_id,block_download_or_coverage,,2025,False
20250904_2224_HARP13726_NOAA14207,57646,source_sample_id,block_download_or_coverage,,2025,False
20250905_0000_HARP13726_NOAA14207,57648,source_sample_id,block_download_or_coverage,,2025,False
20250905_0136_HARP13726_NOAA14207,57650,source_sample_id,block_download_or_coverage,,2025,False
20250905_0312_HARP13726_NOAA14207,57652,source_sample_id,block_download_or_coverage,,2025,False
20250905_0412_HARP13722_NOAA14205,57653,source_sample_id,block_download_or_coverage,,2025,False
20250905_0448_HARP13726_NOAA14207,57655,source_sample_id,block_download_or_coverage,,2025,False
20250905_0548_HARP13722_NOAA14205,57656,source_sample_id,block_download_or_coverage,,2025,False
20250905_0624_HARP13726_NOAA14207,57657,source_sample_id,block_download_or_coverage,,2025,False
20250905_0724_HARP13722_NOAA14205,57658,source_sample_id,block_download_or_coverage,,2025,False
20250905_0800_HARP13726_NOAA14207,57659,source_sample_id,block_download_or_coverage,,2025,False
20250905_0900_HARP13722_NOAA14205,57660,source_sample_id,block_download_or_coverage,,2025,False
20250905_0936_HARP13726_NOAA14207,57661,source_sample_id,block_download_or_coverage,,2025,False
20250905_1036_HARP13722_NOAA14205,57662,source_sample_id,block_download_or_coverage,,2025,False
20250905_1112_HARP13726_NOAA14207,57663,source_sample_id,block_download_or_coverage,,2025,False
20250905_1212_HARP13722_NOAA14205,57664,source_sample_id,block_download_or_coverage,,2025,False
20250905_1248_HARP13726_NOAA14207,57666,source_sample_id,block_download_or_coverage,,2025,False
20250905_1348_HARP13722_NOAA14205,57667,source_sample_id,block_download_or_coverage,,2025,False
20250905_1424_HARP13726_NOAA14207,57669,source_sample_id,block_download_or_coverage,,2025,False
20250905_1524_HARP13722_NOAA14205,57670,source_sample_id,block_download_or_coverage,,2025,False
20250905_1600_HARP13726_NOAA14207,57672,source_sample_id,block_download_or_coverage,,2025,False
20250905_1700_HARP13722_NOAA14205,57673,source_sample_id,block_download_or_coverage,,2025,False
20250905_1836_HARP13722_NOAA14205,57675,source_sample_id,block_download_or_coverage,,2025,False
20250905_2012_HARP13722_NOAA14205,57677,source_sample_id,block_download_or_coverage,,2025,False
20250905_2148_HARP13722_NOAA14205,57679,source_sample_id,block_download_or_coverage,,2025,False
20250905_2324_HARP13722_NOAA14205,57681,source_sample_id,block_download_or_coverage,,2025,False
20250906_0000_HARP13726_NOAA14207,57683,source_sample_id,block_download_or_coverage,,2025,False
20250906_0100_HARP13722_NOAA14205,57684,source_sample_id,block_download_or_coverage,,2025,False
20250906_0136_HARP13726_NOAA14207,57686,source_sample_id,block_download_or_coverage,,2025,False
20250906_0236_HARP13722_NOAA14205,57687,source_sample_id,block_download_or_coverage,,2025,False
20250906_0312_HARP13726_NOAA14207,57689,source_sample_id,block_download_or_coverage,,2025,False
20250906_0412_HARP13722_NOAA14205,57690,source_sample_id,block_download_or_coverage,,2025,False
20250906_0448_HARP13726_NOAA14207,57692,source_sample_id,block_download_or_coverage,,2025,False
20250906_0548_HARP13722_NOAA14205,57693,source_sample_id,block_download_or_coverage,,2025,False
20250906_0624_HARP13726_NOAA14207,57694,source_sample_id,block_download_or_coverage,,2025,False
20250906_0724_HARP13722_NOAA14205,57695,source_sample_id,block_download_or_coverage,,2025,False
20250906_0800_HARP13726_NOAA14207,57696,source_sample_id,block_download_or_coverage,,2025,False
20250906_0900_HARP13722_NOAA14205,57697,source_sample_id,block_download_or_coverage,,2025,False
20250906_0936_HARP13726_NOAA14207,57698,source_sample_id,block_download_or_coverage,,2025,False
20250906_1036_HARP13722_NOAA14205,57699,source_sample_id,block_download_or_coverage,,2025,False
20250906_1112_HARP13726_NOAA14207,57700,source_sample_id,block_download_or_coverage,,2025,False
20250906_1248_HARP13726_NOAA14207,57701,source_sample_id,block_download_or_coverage,,2025,False
20250906_1424_HARP13726_NOAA14207,57702,source_sample_id,block_download_or_coverage,,2025,False
20250906_1600_HARP13726_NOAA14207,57703,source_sample_id,block_download_or_coverage,,2025,False
20250906_1712_HARP13736_NOAA14211,57704,source_sample_id,block_download_or_coverage,,2025,False
20250906_1736_HARP13726_NOAA14207,57705,source_sample_id,block_download_or_coverage,,2025,False
20250906_1824_HARP13747_NOAA14215,57706,source_sample_id,block_download_or_coverage,,2025,False
20250906_1848_HARP13736_NOAA14211,57707,source_sample_id,block_download_or_coverage,,2025,False
20250906_2000_HARP13747_NOAA14215,57709,source_sample_id,block_download_or_coverage,,2025,False
20250906_2024_HARP13736_NOAA14211,57710,source_sample_id,block_download_or_coverage,,2025,False
20250906_2136_HARP13747_NOAA14215,57712,source_sample_id,block_download_or_coverage,,2025,False
20250906_2200_HARP13736_NOAA14211,57713,source_sample_id,block_download_or_coverage,,2025,False
20250906_2312_HARP13747_NOAA14215,57715,source_sample_id,block_download_or_coverage,,2025,False
20250906_2336_HARP13736_NOAA14211,57716,source_sample_id,block_download_or_coverage,,2025,False
20250907_0048_HARP13747_NOAA14215,57718,source_sample_id,block_download_or_coverage,,2025,False
20250907_0112_HARP13736_NOAA14211,57719,source_sample_id,block_download_or_coverage,,2025,False
20250907_0224_HARP13747_NOAA14215,57721,source_sample_id,block_download_or_coverage,,2025,False
20250907_0248_HARP13736_NOAA14211,57722,source_sample_id,block_download_or_coverage,,2025,False
20250907_0400_HARP13747_NOAA14215,57724,source_sample_id,block_download_or_coverage,,2025,False
20250907_0424_HARP13736_NOAA14211,57725,source_sample_id,block_download_or_coverage,,2025,False
20250907_0536_HARP13747_NOAA14215,57727,source_sample_id,block_download_or_coverage,,2025,False
20250907_1124_HARP13736_NOAA14211,57728,source_sample_id,block_download_or_coverage,,2025,False
20250907_1236_HARP13747_NOAA14215,57730,source_sample_id,block_download_or_coverage,,2025,False
20250907_1300_HARP13736_NOAA14211,57731,source_sample_id,block_download_or_coverage,,2025,False
20250907_1412_HARP13747_NOAA14215,57733,source_sample_id,block_download_or_coverage,,2025,False
20250907_1436_HARP13736_NOAA14211,57734,source_sample_id,block_download_or_coverage,,2025,False
20250907_1548_HARP13747_NOAA14215,57736,source_sample_id,block_download_or_coverage,,2025,False
20250907_1612_HARP13736_NOAA14211,57737,source_sample_id,block_download_or_coverage,,2025,False
20250907_1724_HARP13747_NOAA14215,57739,source_sample_id,block_download_or_coverage,,2025,False
20250907_1748_HARP13736_NOAA14211,57740,source_sample_id,block_download_or_coverage,,2025,False
20250907_1900_HARP13747_NOAA14215,57742,source_sample_id,block_download_or_coverage,,2025,False
20250907_1924_HARP13736_NOAA14211,57743,source_sample_id,block_download_or_coverage,,2025,False
20250907_2036_HARP13747_NOAA14215,57745,source_sample_id,block_download_or_coverage,,2025,False
20250907_2100_HARP13736_NOAA14211,57746,source_sample_id,block_download_or_coverage,,2025,False
20250907_2212_HARP13747_NOAA14215,57748,source_sample_id,block_download_or_coverage,,2025,False
20250907_2236_HARP13736_NOAA14211,57749,source_sample_id,block_download_or_coverage,,2025,False
20250907_2348_HARP13747_NOAA14215,57751,source_sample_id,block_download_or_coverage,,2025,False
20250908_0012_HARP13736_NOAA14211,57752,source_sample_id,block_download_or_coverage,,2025,False
20250908_0124_HARP13747_NOAA14215,57754,source_sample_id,block_download_or_coverage,,2025,False
20250908_0148_HARP13736_NOAA14211,57755,source_sample_id,block_download_or_coverage,,2025,False
20250908_0300_HARP13747_NOAA14215,57757,source_sample_id,block_download_or_coverage,,2025,False
20250908_0324_HARP13736_NOAA14211,57758,source_sample_id,block_download_or_coverage,,2025,False
20250908_0436_HARP13747_NOAA14215,57760,source_sample_id,block_download_or_coverage,,2025,False
20250908_0500_HARP13736_NOAA14211,57761,source_sample_id,block_download_or_coverage,,2025,False
20250908_0612_HARP13747_NOAA14215,57763,source_sample_id,block_download_or_coverage,,2025,False
20250908_0636_HARP13736_NOAA14211,57764,source_sample_id,block_download_or_coverage,,2025,False
20250908_0748_HARP13747_NOAA14215,57766,source_sample_id,block_download_or_coverage,,2025,False
20250908_0812_HARP13736_NOAA14211,57767,source_sample_id,block_download_or_coverage,,2025,False
20250908_0924_HARP13747_NOAA14215,57769,source_sample_id,block_download_or_coverage,,2025,False
20250908_0948_HARP13736_NOAA14211,57770,source_sample_id,block_download_or_coverage,,2025,False
20250908_1100_HARP13747_NOAA14215,57772,source_sample_id,block_download_or_coverage,,2025,False
20250908_1124_HARP13736_NOAA14211,57773,source_sample_id,block_download_or_coverage,,2025,False
20250908_1236_HARP13747_NOAA14215,57775,source_sample_id,block_download_or_coverage,,2025,False
20250908_1300_HARP13736_NOAA14211,57776,source_sample_id,block_download_or_coverage,,2025,False
20250908_1412_HARP13747_NOAA14215,57778,source_sample_id,block_download_or_coverage,,2025,False
20250908_1436_HARP13736_NOAA14211,57779,source_sample_id,block_download_or_coverage,,2025,False
20250908_1548_HARP13747_NOAA14215,57781,source_sample_id,block_download_or_coverage,,2025,False
20250908_1612_HARP13736_NOAA14211,57782,source_sample_id,block_download_or_coverage,,2025,False
20250908_1724_HARP13747_NOAA14215,57783,source_sample_id,block_download_or_coverage,,2025,False
20250908_1748_HARP13736_NOAA14211,57784,source_sample_id,block_download_or_coverage,,2025,False
20250908_1900_HARP13747_NOAA14215,57785,source_sample_id,block_download_or_coverage,,2025,False
20250908_1924_HARP13736_NOAA14211,57786,source_sample_id,block_download_or_coverage,,2025,False
20250908_2036_HARP13747_NOAA14215,57787,source_sample_id,block_download_or_coverage,,2025,False
20250908_2100_HARP13736_NOAA14211,57788,source_sample_id,block_download_or_coverage,,2025,False
20250908_2212_HARP13747_NOAA14215,57789,source_sample_id,block_download_or_coverage,,2025,False
20250908_2236_HARP13736_NOAA14211,57790,source_sample_id,block_download_or_coverage,,2025,False
20250908_2348_HARP13747_NOAA14215,57791,source_sample_id,block_download_or_coverage,,2025,False
20250909_0012_HARP13736_NOAA14211,57792,source_sample_id,block_download_or_coverage,,2025,False
20250909_0124_HARP13747_NOAA14215,57793,source_sample_id,block_download_or_coverage,,2025,False
20250909_0148_HARP13736_NOAA14211,57794,source_sample_id,block_download_or_coverage,,2025,False
20250909_0300_HARP13747_NOAA14215,57795,source_sample_id,block_download_or_coverage,,2025,False
20250909_0324_HARP13736_NOAA14211,57796,source_sample_id,block_download_or_coverage,,2025,False
20250909_0436_HARP13747_NOAA14215,57797,source_sample_id,block_download_or_coverage,,2025,False
20250909_0500_HARP13736_NOAA14211,57798,source_sample_id,block_download_or_coverage,,2025,False
20250909_0612_HARP13747_NOAA14215,57799,source_sample_id,block_download_or_coverage,,2025,False
20250909_0636_HARP13736_NOAA14211,57800,source_sample_id,block_download_or_coverage,,2025,False
20250909_0748_HARP13747_NOAA14215,57801,source_sample_id,block_download_or_coverage,,2025,False
20250909_0812_HARP13736_NOAA14211,57802,source_sample_id,block_download_or_coverage,,2025,False
20250909_0924_HARP13747_NOAA14215,57803,source_sample_id,block_download_or_coverage,,2025,False
20250909_0948_HARP13736_NOAA14211,57804,source_sample_id,block_download_or_coverage,,2025,False
20250909_1100_HARP13747_NOAA14215,57805,source_sample_id,block_download_or_coverage,,2025,False
20250909_1124_HARP13736_NOAA14211,57806,source_sample_id,block_download_or_coverage,,2025,False
20250909_1236_HARP13747_NOAA14215,57807,source_sample_id,block_download_or_coverage,,2025,False
20250909_1412_HARP13747_NOAA14215,57809,source_sample_id,block_download_or_coverage,,2025,False
20250910_0124_HARP13747_NOAA14215,57817,source_sample_id,block_download_or_coverage,,2025,False
20250910_0300_HARP13747_NOAA14215,57819,source_sample_id,block_download_or_coverage,,2025,False
20250910_0436_HARP13747_NOAA14215,57821,source_sample_id,block_download_or_coverage,,2025,False
20250910_0612_HARP13747_NOAA14215,57823,source_sample_id,block_download_or_coverage,,2025,False
20250910_0748_HARP13747_NOAA14215,57825,source_sample_id,block_download_or_coverage,,2025,False
20250910_0924_HARP13747_NOAA14215,57827,source_sample_id,block_download_or_coverage,,2025,False
20250910_1100_HARP13747_NOAA14215,57829,source_sample_id,block_download_or_coverage,,2025,False
20250910_1236_HARP13747_NOAA14215,57831,source_sample_id,block_download_or_coverage,,2025,False
20250910_1300_HARP13736_NOAA14211,57832,source_sample_id,block_download_or_coverage,,2025,False
20250910_1412_HARP13747_NOAA14215,57833,source_sample_id,block_download_or_coverage,,2025,False
20250910_1436_HARP13736_NOAA14211,57834,source_sample_id,block_download_or_coverage,,2025,False
20250910_1548_HARP13747_NOAA14215,57835,source_sample_id,block_download_or_coverage,,2025,False
20250910_1612_HARP13736_NOAA14211,57836,source_sample_id,block_download_or_coverage,,2025,False
20250910_1724_HARP13747_NOAA14215,57837,source_sample_id,block_download_or_coverage,,2025,False
20250910_1748_HARP13736_NOAA14211,57838,source_sample_id,block_download_or_coverage,,2025,False
20250911_0024_HARP13736_NOAA14211,57839,source_sample_id,block_download_or_coverage,,2025,False
20250911_0200_HARP13736_NOAA14211,57841,source_sample_id,block_download_or_coverage,,2025,False
20250915_0436_HARP13778_NOAA14219,57843,source_sample_id,block_download_or_coverage,,2025,False
20250915_0612_HARP13778_NOAA14219,57844,source_sample_id,block_download_or_coverage,,2025,False
20250915_0748_HARP13778_NOAA14219,57845,source_sample_id,block_download_or_coverage,,2025,False
20250915_0924_HARP13778_NOAA14219,57846,source_sample_id,block_download_or_coverage,,2025,False
20250915_1100_HARP13778_NOAA14219,57847,source_sample_id,block_download_or_coverage,,2025,False
20250915_1236_HARP13778_NOAA14219,57848,source_sample_id,block_download_or_coverage,,2025,False
20250915_1412_HARP13778_NOAA14219,57849,source_sample_id,block_download_or_coverage,,2025,False
20250915_1548_HARP13778_NOAA14219,57850,source_sample_id,block_download_or_coverage,,2025,False
20250915_1724_HARP13778_NOAA14219,57851,source_sample_id,block_download_or_coverage,,2025,False
20250915_1900_HARP13778_NOAA14219,57852,source_sample_id,block_download_or_coverage,,2025,False
20250915_2036_HARP13778_NOAA14219,57853,source_sample_id,block_download_or_coverage,,2025,False
20250915_2212_HARP13778_NOAA14219,57854,source_sample_id,block_download_or_coverage,,2025,False
20250915_2348_HARP13778_NOAA14219,57855,source_sample_id,block_download_or_coverage,,2025,False
20250916_0224_HARP13768_NOAA14216,57856,source_sample_id,block_download_or_coverage,,2025,False
20250916_0400_HARP13768_NOAA14216,57858,source_sample_id,block_download_or_coverage,,2025,False
20250916_0536_HARP13768_NOAA14216,57860,source_sample_id,block_download_or_coverage,,2025,False
20250916_0712_HARP13768_NOAA14216,57861,source_sample_id,block_download_or_coverage,,2025,False
20250916_0848_HARP13768_NOAA14216,57862,source_sample_id,block_download_or_coverage,,2025,False
20250916_1024_HARP13768_NOAA14216,57863,source_sample_id,block_download_or_coverage,,2025,False
20250916_1200_HARP13768_NOAA14216,57864,source_sample_id,block_download_or_coverage,,2025,False
20250916_1224_HARP13773_NOAA14220,57865,source_sample_id,block_download_or_coverage,,2025,False
20250916_1336_HARP13768_NOAA14216,57866,source_sample_id,block_download_or_coverage,,2025,False
20250916_1400_HARP13773_NOAA14220,57867,source_sample_id,block_download_or_coverage,,2025,False
20250916_1512_HARP13768_NOAA14216,57868,source_sample_id,block_download_or_coverage,,2025,False
20250916_1536_HARP13773_NOAA14220,57869,source_sample_id,block_download_or_coverage,,2025,False
20250916_1648_HARP13768_NOAA14216,57870,source_sample_id,block_download_or_coverage,,2025,False
20250916_1712_HARP13773_NOAA14220,57871,source_sample_id,block_download_or_coverage,,2025,False
20250916_1824_HARP13768_NOAA14216,57872,source_sample_id,block_download_or_coverage,,2025,False
20250916_1848_HARP13773_NOAA14220,57873,source_sample_id,block_download_or_coverage,,2025,False
20250916_2000_HARP13768_NOAA14216,57874,source_sample_id,block_download_or_coverage,,2025,False
20250917_0248_HARP13768_NOAA14216,57875,source_sample_id,block_download_or_coverage,,2025,False
20250917_0424_HARP13768_NOAA14216,57877,source_sample_id,block_download_or_coverage,,2025,False
20250917_1224_HARP13768_NOAA14216,57883,source_sample_id,block_download_or_coverage,,2025,False
20250917_1400_HARP13768_NOAA14216,57885,source_sample_id,block_download_or_coverage,,2025,False
20250917_1536_HARP13768_NOAA14216,57887,source_sample_id,block_download_or_coverage,,2025,False
20250917_1712_HARP13768_NOAA14216,57889,source_sample_id,block_download_or_coverage,,2025,False
20250917_1848_HARP13768_NOAA14216,57891,source_sample_id,block_download_or_coverage,,2025,False
20250918_0012_HARP13773_NOAA14220,57892,source_sample_id,block_download_or_coverage,,2025,False
20250919_0036_HARP13768_NOAA14216,57894,source_sample_id,block_download_or_coverage,,2025,False
20250919_0212_HARP13768_NOAA14216,57896,source_sample_id,block_download_or_coverage,,2025,False
20250919_0248_HARP13776_NOAA14217,57898,source_sample_id,block_download_or_coverage,,2025,False
20250919_0348_HARP13768_NOAA14216,57899,source_sample_id,block_download_or_coverage,,2025,False
20250919_0424_HARP13776_NOAA14217,57901,source_sample_id,block_download_or_coverage,,2025,False
20250919_0524_HARP13768_NOAA14216,57902,source_sample_id,block_download_or_coverage,,2025,False
20250919_0700_HARP13768_NOAA14216,57904,source_sample_id,block_download_or_coverage,,2025,False
20250919_0836_HARP13768_NOAA14216,57906,source_sample_id,block_download_or_coverage,,2025,False
20250919_1012_HARP13768_NOAA14216,57908,source_sample_id,block_download_or_coverage,,2025,False
20250919_1148_HARP13768_NOAA14216,57910,source_sample_id,block_download_or_coverage,,2025,False
20250919_1324_HARP13768_NOAA14216,57913,source_sample_id,block_download_or_coverage,,2025,False
20250919_1500_HARP13768_NOAA14216,57916,source_sample_id,block_download_or_coverage,,2025,False
20250919_1636_HARP13768_NOAA14216,57919,source_sample_id,block_download_or_coverage,,2025,False
20250919_1812_HARP13768_NOAA14216,57922,source_sample_id,block_download_or_coverage,,2025,False
20250919_1836_HARP13773_NOAA14220,57923,source_sample_id,block_download_or_coverage,,2025,False
20250919_1948_HARP13768_NOAA14216,57925,source_sample_id,block_download_or_coverage,,2025,False
20250919_2124_HARP13768_NOAA14216,57927,source_sample_id,block_download_or_coverage,,2025,False
20250919_2300_HARP13768_NOAA14216,57929,source_sample_id,block_download_or_coverage,,2025,False
20250919_2348_HARP13777_NOAA14221,57931,source_sample_id,block_download_or_coverage,,2025,False
20250920_0036_HARP13768_NOAA14216,57932,source_sample_id,block_download_or_coverage,,2025,False
20250920_0124_HARP13777_NOAA14221,57934,source_sample_id,block_download_or_coverage,,2025,False
20250920_0212_HARP13768_NOAA14216,57935,source_sample_id,block_download_or_coverage,,2025,False
20250920_0300_HARP13777_NOAA14221,57937,source_sample_id,block_download_or_coverage,,2025,False
20250920_0348_HARP13768_NOAA14216,57938,source_sample_id,block_download_or_coverage,,2025,False
20250920_0436_HARP13777_NOAA14221,57940,source_sample_id,block_download_or_coverage,,2025,False
20250920_0524_HARP13768_NOAA14216,57941,source_sample_id,block_download_or_coverage,,2025,False
20250920_0612_HARP13777_NOAA14221,57942,source_sample_id,block_download_or_coverage,,2025,False
20250920_0700_HARP13768_NOAA14216,57943,source_sample_id,block_download_or_coverage,,2025,False
20250920_0748_HARP13777_NOAA14221,57944,source_sample_id,block_download_or_coverage,,2025,False
20250920_0836_HARP13768_NOAA14216,57945,source_sample_id,block_download_or_coverage,,2025,False
20250920_0924_HARP13777_NOAA14221,57946,source_sample_id,block_download_or_coverage,,2025,False
20250920_1012_HARP13768_NOAA14216,57947,source_sample_id,block_download_or_coverage,,2025,False
20250920_1100_HARP13777_NOAA14221,57948,source_sample_id,block_download_or_coverage,,2025,False
20250920_1236_HARP13777_NOAA14221,57950,source_sample_id,block_download_or_coverage,,2025,False
20250920_1412_HARP13777_NOAA14221,57952,source_sample_id,block_download_or_coverage,,2025,False
20250920_1548_HARP13777_NOAA14221,57954,source_sample_id,block_download_or_coverage,,2025,False
20250920_1724_HARP13777_NOAA14221,57956,source_sample_id,block_download_or_coverage,,2025,False
20250920_1900_HARP13777_NOAA14221,57958,source_sample_id,block_download_or_coverage,,2025,False
20250920_1912_HARP13784_NOAA14225,57959,source_sample_id,block_download_or_coverage,,2025,False
20250920_2036_HARP13777_NOAA14221,57961,source_sample_id,block_download_or_coverage,,2025,False
20250920_2048_HARP13784_NOAA14225,57962,source_sample_id,block_download_or_coverage,,2025,False
20250920_2212_HARP13777_NOAA14221,57964,source_sample_id,block_download_or_coverage,,2025,False
20250920_2224_HARP13784_NOAA14225,57965,source_sample_id,block_download_or_coverage,,2025,False
20250920_2348_HARP13777_NOAA14221,57967,source_sample_id,block_download_or_coverage,,2025,False
20250921_0000_HARP13784_NOAA14225,57968,source_sample_id,block_download_or_coverage,,2025,False
20250921_0124_HARP13777_NOAA14221,57970,source_sample_id,block_download_or_coverage,,2025,False
20250921_0136_HARP13784_NOAA14225,57971,source_sample_id,block_download_or_coverage,,2025,False
20250921_0300_HARP13777_NOAA14221,57973,source_sample_id,block_download_or_coverage,,2025,False
20250921_0312_HARP13784_NOAA14225,57974,source_sample_id,block_download_or_coverage,,2025,False
20250921_0436_HARP13777_NOAA14221,57976,source_sample_id,block_download_or_coverage,,2025,False
20250921_0448_HARP13784_NOAA14225,57977,source_sample_id,block_download_or_coverage,,2025,False
20250921_0612_HARP13777_NOAA14221,57978,source_sample_id,block_download_or_coverage,,2025,False
20250921_0624_HARP13784_NOAA14225,57979,source_sample_id,block_download_or_coverage,,2025,False
20250921_0748_HARP13777_NOAA14221,57980,source_sample_id,block_download_or_coverage,,2025,False
20250921_0800_HARP13784_NOAA14225,57981,source_sample_id,block_download_or_coverage,,2025,False
20250921_0924_HARP13777_NOAA14221,57982,source_sample_id,block_download_or_coverage,,2025,False
20250921_0936_HARP13784_NOAA14225,57983,source_sample_id,block_download_or_coverage,,2025,False
20250921_1100_HARP13777_NOAA14221,57984,source_sample_id,block_download_or_coverage,,2025,False
20250921_1236_HARP13777_NOAA14221,57986,source_sample_id,block_download_or_coverage,,2025,False
20250921_1412_HARP13777_NOAA14221,57988,source_sample_id,block_download_or_coverage,,2025,False
20250921_1548_HARP13777_NOAA14221,57990,source_sample_id,block_download_or_coverage,,2025,False
20250921_1724_HARP13777_NOAA14221,57992,source_sample_id,block_download_or_coverage,,2025,False
20250921_1736_HARP13784_NOAA14225,57993,source_sample_id,block_download_or_coverage,,2025,False
20250921_1900_HARP13777_NOAA14221,57994,source_sample_id,block_download_or_coverage,,2025,False
20250921_1912_HARP13784_NOAA14225,57995,source_sample_id,block_download_or_coverage,,2025,False
20250921_2036_HARP13777_NOAA14221,57996,source_sample_id,block_download_or_coverage,,2025,False
20250921_2048_HARP13784_NOAA14225,57997,source_sample_id,block_download_or_coverage,,2025,False
20250921_2212_HARP13777_NOAA14221,57998,source_sample_id,block_download_or_coverage,,2025,False
20250921_2224_HARP13784_NOAA14225,57999,source_sample_id,block_download_or_coverage,,2025,False
20250921_2348_HARP13777_NOAA14221,58001,source_sample_id,block_download_or_coverage,,2025,False
20250922_0000_HARP13784_NOAA14225,58002,source_sample_id,block_download_or_coverage,,2025,False
20250922_0124_HARP13777_NOAA14221,58004,source_sample_id,block_download_or_coverage,,2025,False
20250922_0136_HARP13784_NOAA14225,58005,source_sample_id,block_download_or_coverage,,2025,False
20250922_0300_HARP13777_NOAA14221,58007,source_sample_id,block_download_or_coverage,,2025,False
20250922_0312_HARP13784_NOAA14225,58008,source_sample_id,block_download_or_coverage,,2025,False
20250922_1024_HARP13777_NOAA14221,58010,source_sample_id,block_download_or_coverage,,2025,False
20250922_1036_HARP13784_NOAA14225,58011,source_sample_id,block_download_or_coverage,,2025,False
20250922_1200_HARP13777_NOAA14221,58013,source_sample_id,block_download_or_coverage,,2025,False
20250922_1212_HARP13784_NOAA14225,58014,source_sample_id,block_download_or_coverage,,2025,False
20250922_1348_HARP13784_NOAA14225,58016,source_sample_id,block_download_or_coverage,,2025,False
20250922_1524_HARP13784_NOAA14225,58018,source_sample_id,block_download_or_coverage,,2025,False
20250922_1700_HARP13784_NOAA14225,58020,source_sample_id,block_download_or_coverage,,2025,False
20250922_1836_HARP13784_NOAA14225,58022,source_sample_id,block_download_or_coverage,,2025,False
20250922_2012_HARP13784_NOAA14225,58024,source_sample_id,block_download_or_coverage,,2025,False
20250922_2148_HARP13784_NOAA14225,58026,source_sample_id,block_download_or_coverage,,2025,False
20250922_2324_HARP13784_NOAA14225,58028,source_sample_id,block_download_or_coverage,,2025,False
20250923_0100_HARP13784_NOAA14225,58031,source_sample_id,block_download_or_coverage,,2025,False
20250923_0236_HARP13784_NOAA14225,58034,source_sample_id,block_download_or_coverage,,2025,False
20250923_0412_HARP13784_NOAA14225,58037,source_sample_id,block_download_or_coverage,,2025,False
20250923_0548_HARP13784_NOAA14225,58040,source_sample_id,block_download_or_coverage,,2025,False
20250923_0724_HARP13784_NOAA14225,58043,source_sample_id,block_download_or_coverage,,2025,False
20250923_0900_HARP13784_NOAA14225,58045,source_sample_id,block_download_or_coverage,,2025,False
20250923_1036_HARP13784_NOAA14225,58047,source_sample_id,block_download_or_coverage,,2025,False
20250923_1212_HARP13784_NOAA14225,58049,source_sample_id,block_download_or_coverage,,2025,False
20250923_1348_HARP13784_NOAA14225,58051,source_sample_id,block_download_or_coverage,,2025,False
20250924_0048_HARP13790_NOAA14224,58054,source_sample_id,block_download_or_coverage,,2025,False
20250924_0224_HARP13790_NOAA14224,58055,source_sample_id,block_download_or_coverage,,2025,False
20250924_0400_HARP13790_NOAA14224,58056,source_sample_id,block_download_or_coverage,,2025,False
20250924_0536_HARP13790_NOAA14224,58057,source_sample_id,block_download_or_coverage,,2025,False
20250924_0712_HARP13790_NOAA14224,58058,source_sample_id,block_download_or_coverage,,2025,False
20250924_0848_HARP13790_NOAA14224,58059,source_sample_id,block_download_or_coverage,,2025,False
20250925_0748_HARP13808_NOAA14228,58060,source_sample_id,block_download_or_coverage,,2025,False
20250925_0924_HARP13808_NOAA14228,58061,source_sample_id,block_download_or_coverage,,2025,False
20250925_1100_HARP13808_NOAA14228,58062,source_sample_id,block_download_or_coverage,,2025,False
20250925_1236_HARP13808_NOAA14228,58063,source_sample_id,block_download_or_coverage,,2025,False
20250925_1412_HARP13808_NOAA14228,58064,source_sample_id,block_download_or_coverage,,2025,False
20250925_1548_HARP13808_NOAA14228,58065,source_sample_id,block_download_or_coverage,,2025,False
20250925_1724_HARP13808_NOAA14228,58066,source_sample_id,block_download_or_coverage,,2025,False
20250925_1900_HARP13808_NOAA14228,58067,source_sample_id,block_download_or_coverage,,2025,False
20250925_2036_HARP13808_NOAA14228,58068,source_sample_id,block_download_or_coverage,,2025,False
20250925_2212_HARP13808_NOAA14228,58069,source_sample_id,block_download_or_coverage,,2025,False
20250925_2348_HARP13808_NOAA14228,58070,source_sample_id,block_download_or_coverage,,2025,False
20250926_0124_HARP13808_NOAA14228,58071,source_sample_id,block_download_or_coverage,,2025,False
20250927_0300_HARP13808_NOAA14228,58087,source_sample_id,block_download_or_coverage,,2025,False
20250927_0436_HARP13808_NOAA14228,58088,source_sample_id,block_download_or_coverage,,2025,False
20250927_0612_HARP13808_NOAA14228,58089,source_sample_id,block_download_or_coverage,,2025,False
20250927_0748_HARP13808_NOAA14228,58090,source_sample_id,block_download_or_coverage,,2025,False
20250927_0924_HARP13808_NOAA14228,58091,source_sample_id,block_download_or_coverage,,2025,False
20250927_0948_HARP13835_NOAA14234,58092,source_sample_id,block_download_or_coverage,,2025,False
20250927_1100_HARP13808_NOAA14228,58093,source_sample_id,block_download_or_coverage,,2025,False
20250927_1124_HARP13835_NOAA14234,58094,source_sample_id,block_download_or_coverage,,2025,False
20250927_1236_HARP13808_NOAA14228,58095,source_sample_id,block_download_or_coverage,,2025,False
20250927_1300_HARP13835_NOAA14234,58096,source_sample_id,block_download_or_coverage,,2025,False
20250927_1412_HARP13808_NOAA14228,58097,source_sample_id,block_download_or_coverage,,2025,False
20250927_1436_HARP13835_NOAA14234,58098,source_sample_id,block_download_or_coverage,,2025,False
20250927_1548_HARP13808_NOAA14228,58099,source_sample_id,block_download_or_coverage,,2025,False
20250927_1612_HARP13835_NOAA14234,58100,source_sample_id,block_download_or_coverage,,2025,False
20250927_1724_HARP13808_NOAA14228,58101,source_sample_id,block_download_or_coverage,,2025,False
20250927_1748_HARP13835_NOAA14234,58102,source_sample_id,block_download_or_coverage,,2025,False
20250927_1900_HARP13808_NOAA14228,58103,source_sample_id,block_download_or_coverage,,2025,False
20250927_1924_HARP13835_NOAA14234,58104,source_sample_id,block_download_or_coverage,,2025,False
20250927_2036_HARP13808_NOAA14228,58105,source_sample_id,block_download_or_coverage,,2025,False
20250927_2100_HARP13835_NOAA14234,58106,source_sample_id,block_download_or_coverage,,2025,False
20250927_2212_HARP13808_NOAA14228,58107,source_sample_id,block_download_or_coverage,,2025,False
20250927_2236_HARP13835_NOAA14234,58108,source_sample_id,block_download_or_coverage,,2025,False
20250927_2348_HARP13808_NOAA14228,58109,source_sample_id,block_download_or_coverage,,2025,False
20250928_0012_HARP13835_NOAA14234,58110,source_sample_id,block_download_or_coverage,,2025,False
20250928_0124_HARP13808_NOAA14228,58111,source_sample_id,block_download_or_coverage,,2025,False
20250928_0148_HARP13835_NOAA14234,58112,source_sample_id,block_download_or_coverage,,2025,False
20250928_0300_HARP13808_NOAA14228,58113,source_sample_id,block_download_or_coverage,,2025,False
20250928_0324_HARP13835_NOAA14234,58114,source_sample_id,block_download_or_coverage,,2025,False
20250928_0500_HARP13835_NOAA14234,58115,source_sample_id,block_download_or_coverage,,2025,False
20250928_0636_HARP13835_NOAA14234,58116,source_sample_id,block_download_or_coverage,,2025,False
20250929_0848_HARP13835_NOAA14234,58119,source_sample_id,block_download_or_coverage,,2025,False
20250929_1024_HARP13835_NOAA14234,58121,source_sample_id,block_download_or_coverage,,2025,False
20250929_1200_HARP13835_NOAA14234,58123,source_sample_id,block_download_or_coverage,,2025,False
20250929_1336_HARP13835_NOAA14234,58125,source_sample_id,block_download_or_coverage,,2025,False
20250929_1512_HARP13835_NOAA14234,58127,source_sample_id,block_download_or_coverage,,2025,False
20250929_1648_HARP13835_NOAA14234,58129,source_sample_id,block_download_or_coverage,,2025,False
20250929_1824_HARP13835_NOAA14234,58130,source_sample_id,block_download_or_coverage,,2025,False
20250929_2000_HARP13835_NOAA14234,58131,source_sample_id,block_download_or_coverage,,2025,False
20250929_2136_HARP13835_NOAA14234,58132,source_sample_id,block_download_or_coverage,,2025,False
20250929_2312_HARP13835_NOAA14234,58133,source_sample_id,block_download_or_coverage,,2025,False
20250930_0048_HARP13835_NOAA14234,58134,source_sample_id,block_download_or_coverage,,2025,False
20250930_0224_HARP13835_NOAA14234,58135,source_sample_id,block_download_or_coverage,,2025,False
20250930_0836_HARP13845_NOAA14237,58139,source_sample_id,block_download_or_coverage,,2025,False
20250930_1012_HARP13845_NOAA14237,58141,source_sample_id,block_download_or_coverage,,2025,False
20250930_1148_HARP13845_NOAA14237,58143,source_sample_id,block_download_or_coverage,,2025,False
20250930_1324_HARP13845_NOAA14237,58145,source_sample_id,block_download_or_coverage,,2025,False
20250930_1500_HARP13845_NOAA14237,58147,source_sample_id,block_download_or_coverage,,2025,False
20250930_1636_HARP13845_NOAA14237,58149,source_sample_id,block_download_or_coverage,,2025,False
20250930_1812_HARP13845_NOAA14237,58151,source_sample_id,block_download_or_coverage,,2025,False
20251001_0048_HARP13845_NOAA14237,58153,source_sample_id,block_download_or_coverage,,2025,False
20251001_0224_HARP13845_NOAA14237,58155,source_sample_id,block_download_or_coverage,,2025,False
20251001_0400_HARP13845_NOAA14237,58157,source_sample_id,block_download_or_coverage,,2025,False
20251001_0412_HARP13835_NOAA14234,58158,source_sample_id,block_download_or_coverage,,2025,False
20251001_0536_HARP13845_NOAA14237,58159,source_sample_id,block_download_or_coverage,,2025,False
20251001_0548_HARP13835_NOAA14234,58160,source_sample_id,block_download_or_coverage,,2025,False
20251001_0712_HARP13845_NOAA14237,58161,source_sample_id,block_download_or_coverage,,2025,False
20251001_0724_HARP13835_NOAA14234,58162,source_sample_id,block_download_or_coverage,,2025,False
20251001_0848_HARP13845_NOAA14237,58163,source_sample_id,block_download_or_coverage,,2025,False
20251001_0900_HARP13835_NOAA14234,58164,source_sample_id,block_download_or_coverage,,2025,False
20251001_1024_HARP13845_NOAA14237,58165,source_sample_id,block_download_or_coverage,,2025,False
20251001_1036_HARP13835_NOAA14234,58166,source_sample_id,block_download_or_coverage,,2025,False
20251001_1200_HARP13845_NOAA14237,58167,source_sample_id,block_download_or_coverage,,2025,False
20251001_1212_HARP13835_NOAA14234,58168,source_sample_id,block_download_or_coverage,,2025,False
20251002_0100_HARP13831_NOAA14232,58170,source_sample_id,block_download_or_coverage,,2025,False
20251002_0236_HARP13831_NOAA14232,58171,source_sample_id,block_download_or_coverage,,2025,False
20251002_0412_HARP13831_NOAA14232,58172,source_sample_id,block_download_or_coverage,,2025,False
20251002_0548_HARP13831_NOAA14232,58173,source_sample_id,block_download_or_coverage,,2025,False
20251002_0724_HARP13831_NOAA14232,58174,source_sample_id,block_download_or_coverage,,2025,False
20251002_0900_HARP13831_NOAA14232,58175,source_sample_id,block_download_or_coverage,,2025,False
20251002_1036_HARP13831_NOAA14232,58176,source_sample_id,block_download_or_coverage,,2025,False
20251002_1212_HARP13831_NOAA14232,58177,source_sample_id,block_download_or_coverage,,2025,False
20251002_1348_HARP13831_NOAA14232,58178,source_sample_id,block_download_or_coverage,,2025,False
20251002_1524_HARP13831_NOAA14232,58179,source_sample_id,block_download_or_coverage,,2025,False
20251002_1700_HARP13831_NOAA14232,58180,source_sample_id,block_download_or_coverage,,2025,False
20251002_1836_HARP13831_NOAA14232,58181,source_sample_id,block_download_or_coverage,,2025,False
20251003_0248_HARP13831_NOAA14232,58182,source_sample_id,block_download_or_coverage,,2025,False
20251003_0424_HARP13831_NOAA14232,58183,source_sample_id,block_download_or_coverage,,2025,False
20251004_0400_HARP13859_NOAA14240,58197,source_sample_id,block_download_or_coverage,,2025,False
20251004_1224_HARP13831_NOAA14232,58203,source_sample_id,block_download_or_coverage,,2025,False
20251004_1248_HARP13852_NOAA14240,58204,source_sample_id,block_download_or_coverage,,2025,False
20251004_1400_HARP13831_NOAA14232,58206,source_sample_id,block_download_or_coverage,,2025,False
20251004_1424_HARP13852_NOAA14240,58207,source_sample_id,block_download_or_coverage,,2025,False
20251004_1536_HARP13831_NOAA14232,58209,source_sample_id,block_download_or_coverage,,2025,False
20251004_1600_HARP13852_NOAA14240,58210,source_sample_id,block_download_or_coverage,,2025,False
20251004_1712_HARP13831_NOAA14232,58212,source_sample_id,block_download_or_coverage,,2025,False
20251004_1736_HARP13852_NOAA14240,58213,source_sample_id,block_download_or_coverage,,2025,False
20251004_1848_HARP13831_NOAA14232,58214,source_sample_id,block_download_or_coverage,,2025,False
20251004_1912_HARP13852_NOAA14240,58215,source_sample_id,block_download_or_coverage,,2025,False
20251004_2048_HARP13852_NOAA14240,58216,source_sample_id,block_download_or_coverage,,2025,False
20251004_2224_HARP13852_NOAA14240,58217,source_sample_id,block_download_or_coverage,,2025,False
20251005_0000_HARP13852_NOAA14240,58218,source_sample_id,block_download_or_coverage,,2025,False
20251005_0136_HARP13852_NOAA14240,58220,source_sample_id,block_download_or_coverage,,2025,False
20251005_0312_HARP13852_NOAA14240,58222,source_sample_id,block_download_or_coverage,,2025,False
20251005_0448_HARP13852_NOAA14240,58224,source_sample_id,block_download_or_coverage,,2025,False
20251005_0624_HARP13852_NOAA14240,58226,source_sample_id,block_download_or_coverage,,2025,False
20251005_0800_HARP13852_NOAA14240,58228,source_sample_id,block_download_or_coverage,,2025,False
20251005_0936_HARP13852_NOAA14240,58230,source_sample_id,block_download_or_coverage,,2025,False
20251005_1112_HARP13852_NOAA14240,58232,source_sample_id,block_download_or_coverage,,2025,False
20251005_1248_HARP13852_NOAA14240,58234,source_sample_id,block_download_or_coverage,,2025,False
20251005_1424_HARP13852_NOAA14240,58236,source_sample_id,block_download_or_coverage,,2025,False
20251005_1600_HARP13852_NOAA14240,58238,source_sample_id,block_download_or_coverage,,2025,False
20251005_1736_HARP13852_NOAA14240,58240,source_sample_id,block_download_or_coverage,,2025,False
20251005_1912_HARP13852_NOAA14240,58241,source_sample_id,block_download_or_coverage,,2025,False
20251005_2048_HARP13852_NOAA14240,58242,source_sample_id,block_download_or_coverage,,2025,False
20251005_2224_HARP13852_NOAA14240,58243,source_sample_id,block_download_or_coverage,,2025,False
20251006_0000_HARP13852_NOAA14240,58244,source_sample_id,block_download_or_coverage,,2025,False
20251006_0024_HARP13855_NOAA14242,58245,source_sample_id,block_download_or_coverage,,2025,False
20251006_0136_HARP13852_NOAA14240,58246,source_sample_id,block_download_or_coverage,,2025,False
20251006_0200_HARP13855_NOAA14242,58247,source_sample_id,block_download_or_coverage,,2025,False
20251006_0312_HARP13852_NOAA14240,58248,source_sample_id,block_download_or_coverage,,2025,False
20251006_0336_HARP13855_NOAA14242,58249,source_sample_id,block_download_or_coverage,,2025,False
20251006_0448_HARP13852_NOAA14240,58250,source_sample_id,block_download_or_coverage,,2025,False
20251006_0512_HARP13855_NOAA14242,58251,source_sample_id,block_download_or_coverage,,2025,False
20251006_0624_HARP13852_NOAA14240,58253,source_sample_id,block_download_or_coverage,,2025,False
20251006_0648_HARP13855_NOAA14242,58254,source_sample_id,block_download_or_coverage,,2025,False
20251006_0800_HARP13852_NOAA14240,58256,source_sample_id,block_download_or_coverage,,2025,False
20251006_0824_HARP13855_NOAA14242,58257,source_sample_id,block_download_or_coverage,,2025,False
20251006_0936_HARP13852_NOAA14240,58259,source_sample_id,block_download_or_coverage,,2025,False
20251006_1000_HARP13855_NOAA14242,58260,source_sample_id,block_download_or_coverage,,2025,False
20251006_1112_HARP13852_NOAA14240,58262,source_sample_id,block_download_or_coverage,,2025,False
20251006_1136_HARP13855_NOAA14242,58263,source_sample_id,block_download_or_coverage,,2025,False
20251006_1248_HARP13852_NOAA14240,58265,source_sample_id,block_download_or_coverage,,2025,False
20251006_1312_HARP13855_NOAA14242,58266,source_sample_id,block_download_or_coverage,,2025,False
20251006_1424_HARP13852_NOAA14240,58268,source_sample_id,block_download_or_coverage,,2025,False
20251006_1448_HARP13855_NOAA14242,58269,source_sample_id,block_download_or_coverage,,2025,False
20251006_1600_HARP13852_NOAA14240,58271,source_sample_id,block_download_or_coverage,,2025,False
20251006_1624_HARP13855_NOAA14242,58272,source_sample_id,block_download_or_coverage,,2025,False
20251006_1736_HARP13852_NOAA14240,58274,source_sample_id,block_download_or_coverage,,2025,False
20251006_1812_HARP13876_NOAA14247,58275,source_sample_id,block_download_or_coverage,,2025,False
20251006_1912_HARP13852_NOAA14240,58276,source_sample_id,block_download_or_coverage,,2025,False
20251006_1948_HARP13876_NOAA14247,58277,source_sample_id,block_download_or_coverage,,2025,False
20251006_2048_HARP13852_NOAA14240,58278,source_sample_id,block_download_or_coverage,,2025,False
20251006_2124_HARP13876_NOAA14247,58279,source_sample_id,block_download_or_coverage,,2025,False
20251006_2224_HARP13852_NOAA14240,58280,source_sample_id,block_download_or_coverage,,2025,False
20251006_2300_HARP13876_NOAA14247,58281,source_sample_id,block_download_or_coverage,,2025,False
20251007_0000_HARP13852_NOAA14240,58282,source_sample_id,block_download_or_coverage,,2025,False
20251007_0036_HARP13876_NOAA14247,58283,source_sample_id,block_download_or_coverage,,2025,False
20251007_0136_HARP13852_NOAA14240,58284,source_sample_id,block_download_or_coverage,,2025,False
20251007_0212_HARP13876_NOAA14247,58286,source_sample_id,block_download_or_coverage,,2025,False
20251007_0312_HARP13852_NOAA14240,58287,source_sample_id,block_download_or_coverage,,2025,False
20251007_0348_HARP13876_NOAA14247,58289,source_sample_id,block_download_or_coverage,,2025,False
20251007_0448_HARP13852_NOAA14240,58290,source_sample_id,block_download_or_coverage,,2025,False
20251007_0524_HARP13876_NOAA14247,58292,source_sample_id,block_download_or_coverage,,2025,False
20251007_0624_HARP13852_NOAA14240,58293,source_sample_id,block_download_or_coverage,,2025,False
20251007_0700_HARP13876_NOAA14247,58295,source_sample_id,block_download_or_coverage,,2025,False
20251007_0800_HARP13852_NOAA14240,58296,source_sample_id,block_download_or_coverage,,2025,False
20251007_0836_HARP13876_NOAA14247,58298,source_sample_id,block_download_or_coverage,,2025,False
20251007_0848_HARP13859_NOAA14240,58299,source_sample_id,block_download_or_coverage,,2025,False
20251007_0936_HARP13852_NOAA14240,58300,source_sample_id,block_download_or_coverage,,2025,False
20251007_1012_HARP13876_NOAA14247,58302,source_sample_id,block_download_or_coverage,,2025,False
20251007_1024_HARP13859_NOAA14240,58303,source_sample_id,block_download_or_coverage,,2025,False
20251007_1112_HARP13852_NOAA14240,58304,source_sample_id,block_download_or_coverage,,2025,False
20251007_1148_HARP13876_NOAA14247,58306,source_sample_id,block_download_or_coverage,,2025,False
20251007_1200_HARP13859_NOAA14240,58307,source_sample_id,block_download_or_coverage,,2025,False
20251007_1248_HARP13852_NOAA14240,58308,source_sample_id,block_download_or_coverage,,2025,False
20251007_1324_HARP13876_NOAA14247,58310,source_sample_id,block_download_or_coverage,,2025,False
20251007_1336_HARP13859_NOAA14240,58311,source_sample_id,block_download_or_coverage,,2025,False
20251007_1424_HARP13852_NOAA14240,58312,source_sample_id,block_download_or_coverage,,2025,False
20251007_1512_HARP13859_NOAA14240,58314,source_sample_id,block_download_or_coverage,,2025,False
20251007_1600_HARP13852_NOAA14240,58315,source_sample_id,block_download_or_coverage,,2025,False
20251007_1736_HARP13852_NOAA14240,58317,source_sample_id,block_download_or_coverage,,2025,False
20251007_1912_HARP13852_NOAA14240,58318,source_sample_id,block_download_or_coverage,,2025,False
20251008_0048_HARP13866_NOAA14243,58319,source_sample_id,block_download_or_coverage,,2025,False
20251008_0200_HARP13852_NOAA14240,58320,source_sample_id,block_download_or_coverage,,2025,False
20251008_0224_HARP13866_NOAA14243,58321,source_sample_id,block_download_or_coverage,,2025,False
20251008_0336_HARP13852_NOAA14240,58322,source_sample_id,block_download_or_coverage,,2025,False
20251008_0400_HARP13866_NOAA14243,58323,source_sample_id,block_download_or_coverage,,2025,False
20251008_1200_HARP13852_NOAA14240,58324,source_sample_id,block_download_or_coverage,,2025,False
20251008_1336_HARP13852_NOAA14240,58326,source_sample_id,block_download_or_coverage,,2025,False
20251009_0336_HARP13866_NOAA14243,58328,source_sample_id,block_download_or_coverage,,2025,False
20251009_0512_HARP13866_NOAA14243,58330,source_sample_id,block_download_or_coverage,,2025,False
20251009_0648_HARP13866_NOAA14243,58332,source_sample_id,block_download_or_coverage,,2025,False
20251009_0824_HARP13866_NOAA14243,58334,source_sample_id,block_download_or_coverage,,2025,False
20251009_1000_HARP13866_NOAA14243,58336,source_sample_id,block_download_or_coverage,,2025,False
20251009_1136_HARP13866_NOAA14243,58338,source_sample_id,block_download_or_coverage,,2025,False
20251009_1312_HARP13866_NOAA14243,58340,source_sample_id,block_download_or_coverage,,2025,False
20251009_1448_HARP13866_NOAA14243,58342,source_sample_id,block_download_or_coverage,,2025,False
20251009_1624_HARP13866_NOAA14243,58344,source_sample_id,block_download_or_coverage,,2025,False
20251010_0024_HARP13866_NOAA14243,58346,source_sample_id,block_download_or_coverage,,2025,False
20251010_0024_HARP13872_NOAA14244,58347,source_sample_id,block_download_or_coverage,,2025,False
20251010_0200_HARP13866_NOAA14243,58348,source_sample_id,block_download_or_coverage,,2025,False
20251010_0200_HARP13872_NOAA14244,58349,source_sample_id,block_download_or_coverage,,2025,False
20251010_0336_HARP13866_NOAA14243,58351,source_sample_id,block_download_or_coverage,,2025,False
20251010_0336_HARP13872_NOAA14244,58352,source_sample_id,block_download_or_coverage,,2025,False
20251010_0512_HARP13866_NOAA14243,58354,source_sample_id,block_download_or_coverage,,2025,False
20251010_0512_HARP13872_NOAA14244,58355,source_sample_id,block_download_or_coverage,,2025,False
20251010_0648_HARP13866_NOAA14243,58357,source_sample_id,block_download_or_coverage,,2025,False
20251010_0648_HARP13872_NOAA14244,58358,source_sample_id,block_download_or_coverage,,2025,False
20251010_0824_HARP13866_NOAA14243,58360,source_sample_id,block_download_or_coverage,,2025,False
20251010_0824_HARP13872_NOAA14244,58361,source_sample_id,block_download_or_coverage,,2025,False
20251010_1000_HARP13866_NOAA14243,58363,source_sample_id,block_download_or_coverage,,2025,False
20251010_1000_HARP13872_NOAA14244,58364,source_sample_id,block_download_or_coverage,,2025,False
20251010_1136_HARP13872_NOAA14244,58366,source_sample_id,block_download_or_coverage,,2025,False
20251010_1312_HARP13872_NOAA14244,58368,source_sample_id,block_download_or_coverage,,2025,False
20251010_1448_HARP13872_NOAA14244,58370,source_sample_id,block_download_or_coverage,,2025,False
20251010_2300_HARP13876_NOAA14247,58376,source_sample_id,block_download_or_coverage,,2025,False
20251011_0024_HARP13872_NOAA14244,58378,source_sample_id,block_download_or_coverage,,2025,False
20251011_0036_HARP13876_NOAA14247,58379,source_sample_id,block_download_or_coverage,,2025,False
20251011_0200_HARP13872_NOAA14244,58381,source_sample_id,block_download_or_coverage,,2025,False
20251011_0212_HARP13876_NOAA14247,58382,source_sample_id,block_download_or_coverage,,2025,False
20251011_0336_HARP13872_NOAA14244,58384,source_sample_id,block_download_or_coverage,,2025,False
20251011_0512_HARP13872_NOAA14244,58386,source_sample_id,block_download_or_coverage,,2025,False
20251011_0648_HARP13872_NOAA14244,58388,source_sample_id,block_download_or_coverage,,2025,False
20251011_0824_HARP13872_NOAA14244,58390,source_sample_id,block_download_or_coverage,,2025,False
20251011_1000_HARP13872_NOAA14244,58392,source_sample_id,block_download_or_coverage,,2025,False
20251011_1136_HARP13872_NOAA14244,58394,source_sample_id,block_download_or_coverage,,2025,False
20251011_1312_HARP13872_NOAA14244,58396,source_sample_id,block_download_or_coverage,,2025,False
20251011_1448_HARP13872_NOAA14244,58398,source_sample_id,block_download_or_coverage,,2025,False
20251011_1624_HARP13872_NOAA14244,58400,source_sample_id,block_download_or_coverage,,2025,False
20251011_2224_HARP13880_NOAA14246,58404,source_sample_id,block_download_or_coverage,,2025,False
20251012_0000_HARP13880_NOAA14246,58405,source_sample_id,block_download_or_coverage,,2025,False
20251012_0136_HARP13880_NOAA14246,58406,source_sample_id,block_download_or_coverage,,2025,False
20251012_0312_HARP13880_NOAA14246,58407,source_sample_id,block_download_or_coverage,,2025,False
20251012_0448_HARP13880_NOAA14246,58408,source_sample_id,block_download_or_coverage,,2025,False
20251012_0624_HARP13880_NOAA14246,58409,source_sample_id,block_download_or_coverage,,2025,False
20251012_0800_HARP13880_NOAA14246,58410,source_sample_id,block_download_or_coverage,,2025,False
20251012_0848_HARP13895_NOAA14253,58411,source_sample_id,block_download_or_coverage,,2025,False
20251012_0936_HARP13880_NOAA14246,58412,source_sample_id,block_download_or_coverage,,2025,False
20251012_1024_HARP13895_NOAA14253,58414,source_sample_id,block_download_or_coverage,,2025,False
20251012_1112_HARP13880_NOAA14246,58415,source_sample_id,block_download_or_coverage,,2025,False
20251012_1200_HARP13895_NOAA14253,58417,source_sample_id,block_download_or_coverage,,2025,False
20251012_1248_HARP13880_NOAA14246,58418,source_sample_id,block_download_or_coverage,,2025,False
20251012_1336_HARP13895_NOAA14253,58420,source_sample_id,block_download_or_coverage,,2025,False
20251012_1424_HARP13880_NOAA14246,58421,source_sample_id,block_download_or_coverage,,2025,False
20251012_1512_HARP13895_NOAA14253,58423,source_sample_id,block_download_or_coverage,,2025,False
20251012_1600_HARP13880_NOAA14246,58424,source_sample_id,block_download_or_coverage,,2025,False
20251012_1648_HARP13895_NOAA14253,58426,source_sample_id,block_download_or_coverage,,2025,False
20251012_1736_HARP13880_NOAA14246,58427,source_sample_id,block_download_or_coverage,,2025,False
20251012_1824_HARP13895_NOAA14253,58429,source_sample_id,block_download_or_coverage,,2025,False
20251012_1912_HARP13880_NOAA14246,58430,source_sample_id,block_download_or_coverage,,2025,False
20251012_2000_HARP13895_NOAA14253,58432,source_sample_id,block_download_or_coverage,,2025,False
20251012_2048_HARP13880_NOAA14246,58433,source_sample_id,block_download_or_coverage,,2025,False
20251012_2136_HARP13895_NOAA14253,58435,source_sample_id,block_download_or_coverage,,2025,False
20251012_2224_HARP13880_NOAA14246,58436,source_sample_id,block_download_or_coverage,,2025,False
20251012_2312_HARP13895_NOAA14253,58438,source_sample_id,block_download_or_coverage,,2025,False
20251013_0000_HARP13880_NOAA14246,58439,source_sample_id,block_download_or_coverage,,2025,False
20251013_0048_HARP13895_NOAA14253,58441,source_sample_id,block_download_or_coverage,,2025,False
20251013_0136_HARP13880_NOAA14246,58442,source_sample_id,block_download_or_coverage,,2025,False
20251013_0224_HARP13895_NOAA14253,58444,source_sample_id,block_download_or_coverage,,2025,False
20251013_0312_HARP13880_NOAA14246,58445,source_sample_id,block_download_or_coverage,,2025,False
20251013_0324_HARP13881_NOAA14249,58447,source_sample_id,block_download_or_coverage,,2025,False
20251013_0448_HARP13880_NOAA14246,58449,source_sample_id,block_download_or_coverage,,2025,False
20251013_0448_HARP13883_NOAA14248,58450,source_sample_id,block_download_or_coverage,,2025,False
20251013_0500_HARP13881_NOAA14249,58451,source_sample_id,block_download_or_coverage,,2025,False
20251013_0624_HARP13880_NOAA14246,58453,source_sample_id,block_download_or_coverage,,2025,False
20251013_0624_HARP13883_NOAA14248,58454,source_sample_id,block_download_or_coverage,,2025,False
20251013_0636_HARP13881_NOAA14249,58455,source_sample_id,block_download_or_coverage,,2025,False
20251013_0800_HARP13880_NOAA14246,58457,source_sample_id,block_download_or_coverage,,2025,False
20251013_0800_HARP13883_NOAA14248,58458,source_sample_id,block_download_or_coverage,,2025,False
20251013_0812_HARP13881_NOAA14249,58459,source_sample_id,block_download_or_coverage,,2025,False
20251013_0936_HARP13880_NOAA14246,58461,source_sample_id,block_download_or_coverage,,2025,False
20251013_0936_HARP13883_NOAA14248,58462,source_sample_id,block_download_or_coverage,,2025,False
20251013_0948_HARP13881_NOAA14249,58463,source_sample_id,block_download_or_coverage,,2025,False
20251013_1112_HARP13880_NOAA14246,58465,source_sample_id,block_download_or_coverage,,2025,False
20251013_1112_HARP13883_NOAA14248,58466,source_sample_id,block_download_or_coverage,,2025,False
20251013_1124_HARP13881_NOAA14249,58467,source_sample_id,block_download_or_coverage,,2025,False
20251013_1224_HARP13887_NOAA14251,58469,source_sample_id,block_download_or_coverage,,2025,False
20251013_1248_HARP13880_NOAA14246,58470,source_sample_id,block_download_or_coverage,,2025,False
20251013_1248_HARP13883_NOAA14248,58471,source_sample_id,block_download_or_coverage,,2025,False
20251013_1300_HARP13881_NOAA14249,58472,source_sample_id,block_download_or_coverage,,2025,False
20251013_1400_HARP13887_NOAA14251,58474,source_sample_id,block_download_or_coverage,,2025,False
20251013_1424_HARP13880_NOAA14246,58475,source_sample_id,block_download_or_coverage,,2025,False
20251013_1424_HARP13883_NOAA14248,58476,source_sample_id,block_download_or_coverage,,2025,False
20251013_1436_HARP13881_NOAA14249,58477,source_sample_id,block_download_or_coverage,,2025,False
20251013_1536_HARP13887_NOAA14251,58479,source_sample_id,block_download_or_coverage,,2025,False
20251013_1612_HARP13881_NOAA14249,58480,source_sample_id,block_download_or_coverage,,2025,False
20251013_1712_HARP13887_NOAA14251,58482,source_sample_id,block_download_or_coverage,,2025,False
20251013_1748_HARP13881_NOAA14249,58483,source_sample_id,block_download_or_coverage,,2025,False
20251013_1924_HARP13881_NOAA14249,58485,source_sample_id,block_download_or_coverage,,2025,False
20251013_2100_HARP13881_NOAA14249,58487,source_sample_id,block_download_or_coverage,,2025,False
20251013_2236_HARP13881_NOAA14249,58489,source_sample_id,block_download_or_coverage,,2025,False
20251014_0112_HARP13887_NOAA14251,58492,source_sample_id,block_download_or_coverage,,2025,False
20251014_0136_HARP13880_NOAA14246,58493,source_sample_id,block_download_or_coverage,,2025,False
20251014_0248_HARP13887_NOAA14251,58496,source_sample_id,block_download_or_coverage,,2025,False
20251014_0312_HARP13880_NOAA14246,58497,source_sample_id,block_download_or_coverage,,2025,False
20251014_0400_HARP13895_NOAA14253,58499,source_sample_id,block_download_or_coverage,,2025,False
20251014_0424_HARP13887_NOAA14251,58500,source_sample_id,block_download_or_coverage,,2025,False
20251014_0448_HARP13880_NOAA14246,58501,source_sample_id,block_download_or_coverage,,2025,False
20251014_0536_HARP13895_NOAA14253,58503,source_sample_id,block_download_or_coverage,,2025,False
20251014_0624_HARP13880_NOAA14246,58504,source_sample_id,block_download_or_coverage,,2025,False
20251014_0712_HARP13895_NOAA14253,58506,source_sample_id,block_download_or_coverage,,2025,False
20251014_0800_HARP13880_NOAA14246,58507,source_sample_id,block_download_or_coverage,,2025,False
20251014_0848_HARP13895_NOAA14253,58509,source_sample_id,block_download_or_coverage,,2025,False
20251014_1024_HARP13895_NOAA14253,58511,source_sample_id,block_download_or_coverage,,2025,False
20251014_1200_HARP13895_NOAA14253,58513,source_sample_id,block_download_or_coverage,,2025,False
20251014_1224_HARP13887_NOAA14251,58514,source_sample_id,block_download_or_coverage,,2025,False
20251014_1336_HARP13895_NOAA14253,58516,source_sample_id,block_download_or_coverage,,2025,False
20251014_1400_HARP13887_NOAA14251,58517,source_sample_id,block_download_or_coverage,,2025,False
20251014_1536_HARP13887_NOAA14251,58519,source_sample_id,block_download_or_coverage,,2025,False
20251014_1712_HARP13887_NOAA14251,58521,source_sample_id,block_download_or_coverage,,2025,False
20251014_1848_HARP13887_NOAA14251,58523,source_sample_id,block_download_or_coverage,,2025,False
20251015_0124_HARP13887_NOAA14251,58524,source_sample_id,block_download_or_coverage,,2025,False
20251015_0300_HARP13887_NOAA14251,58525,source_sample_id,block_download_or_coverage,,2025,False
20251015_0436_HARP13887_NOAA14251,58526,source_sample_id,block_download_or_coverage,,2025,False
20251015_0612_HARP13887_NOAA14251,58527,source_sample_id,block_download_or_coverage,,2025,False
20251015_0636_HARP13883_NOAA14248,58528,source_sample_id,block_download_or_coverage,,2025,False
20251015_0648_HARP13881_NOAA14249,58529,source_sample_id,block_download_or_coverage,,2025,False
20251015_0812_HARP13883_NOAA14248,58531,source_sample_id,block_download_or_coverage,,2025,False
20251015_0824_HARP13881_NOAA14249,58532,source_sample_id,block_download_or_coverage,,2025,False
20251015_0948_HARP13883_NOAA14248,58534,source_sample_id,block_download_or_coverage,,2025,False
20251015_1000_HARP13881_NOAA14249,58535,source_sample_id,block_download_or_coverage,,2025,False
20251015_1124_HARP13883_NOAA14248,58537,source_sample_id,block_download_or_coverage,,2025,False
20251015_1136_HARP13881_NOAA14249,58538,source_sample_id,block_download_or_coverage,,2025,False
20251015_2312_HARP13883_NOAA14248,58540,source_sample_id,block_download_or_coverage,,2025,False
20251015_2324_HARP13881_NOAA14249,58541,source_sample_id,block_download_or_coverage,,2025,False
20251016_0048_HARP13883_NOAA14248,58543,source_sample_id,block_download_or_coverage,,2025,False
20251016_0100_HARP13881_NOAA14249,58544,source_sample_id,block_download_or_coverage,,2025,False
20251016_0224_HARP13883_NOAA14248,58546,source_sample_id,block_download_or_coverage,,2025,False
20251016_0236_HARP13881_NOAA14249,58547,source_sample_id,block_download_or_coverage,,2025,False
20251016_0400_HARP13883_NOAA14248,58549,source_sample_id,block_download_or_coverage,,2025,False
20251016_0412_HARP13881_NOAA14249,58550,source_sample_id,block_download_or_coverage,,2025,False
20251016_0536_HARP13883_NOAA14248,58552,source_sample_id,block_download_or_coverage,,2025,False
20251016_0548_HARP13881_NOAA14249,58553,source_sample_id,block_download_or_coverage,,2025,False
20251016_0712_HARP13883_NOAA14248,58555,source_sample_id,block_download_or_coverage,,2025,False
20251016_0724_HARP13881_NOAA14249,58556,source_sample_id,block_download_or_coverage,,2025,False
20251016_0900_HARP13881_NOAA14249,58558,source_sample_id,block_download_or_coverage,,2025,False
20251016_1036_HARP13881_NOAA14249,58560,source_sample_id,block_download_or_coverage,,2025,False
20251016_1212_HARP13881_NOAA14249,58562,source_sample_id,block_download_or_coverage,,2025,False
20251016_2324_HARP13881_NOAA14249,58570,source_sample_id,block_download_or_coverage,,2025,False
20251017_0100_HARP13881_NOAA14249,58572,source_sample_id,block_download_or_coverage,,2025,False
20251017_0236_HARP13881_NOAA14249,58574,source_sample_id,block_download_or_coverage,,2025,False
20251017_0412_HARP13881_NOAA14249,58576,source_sample_id,block_download_or_coverage,,2025,False
20251017_0548_HARP13881_NOAA14249,58578,source_sample_id,block_download_or_coverage,,2025,False
20251017_0724_HARP13881_NOAA14249,58580,source_sample_id,block_download_or_coverage,,2025,False
20251017_0900_HARP13881_NOAA14249,58582,source_sample_id,block_download_or_coverage,,2025,False
20251017_1036_HARP13881_NOAA14249,58584,source_sample_id,block_download_or_coverage,,2025,False
20251017_1212_HARP13881_NOAA14249,58586,source_sample_id,block_download_or_coverage,,2025,False
20251017_1348_HARP13881_NOAA14249,58588,source_sample_id,block_download_or_coverage,,2025,False
20251017_1912_HARP13891_NOAA14252,58592,source_sample_id,block_download_or_coverage,,2025,False
20251017_2048_HARP13891_NOAA14252,58593,source_sample_id,block_download_or_coverage,,2025,False
20251017_2212_HARP13909_NOAA14255,58594,source_sample_id,block_download_or_coverage,,2025,False
20251017_2224_HARP13891_NOAA14252,58595,source_sample_id,block_download_or_coverage,,2025,False
20251017_2348_HARP13909_NOAA14255,58596,source_sample_id,block_download_or_coverage,,2025,False
20251018_0000_HARP13891_NOAA14252,58597,source_sample_id,block_download_or_coverage,,2025,False
20251018_0124_HARP13909_NOAA14255,58598,source_sample_id,block_download_or_coverage,,2025,False
20251018_0136_HARP13891_NOAA14252,58599,source_sample_id,block_download_or_coverage,,2025,False
20251018_0300_HARP13909_NOAA14255,58600,source_sample_id,block_download_or_coverage,,2025,False
20251018_0312_HARP13891_NOAA14252,58601,source_sample_id,block_download_or_coverage,,2025,False
20251018_0436_HARP13909_NOAA14255,58602,source_sample_id,block_download_or_coverage,,2025,False
20251018_0448_HARP13891_NOAA14252,58603,source_sample_id,block_download_or_coverage,,2025,False
20251018_0612_HARP13909_NOAA14255,58604,source_sample_id,block_download_or_coverage,,2025,False
20251018_0624_HARP13891_NOAA14252,58605,source_sample_id,block_download_or_coverage,,2025,False
20251018_0748_HARP13909_NOAA14255,58606,source_sample_id,block_download_or_coverage,,2025,False
20251018_0800_HARP13891_NOAA14252,58607,source_sample_id,block_download_or_coverage,,2025,False
20251018_0924_HARP13909_NOAA14255,58609,source_sample_id,block_download_or_coverage,,2025,False
20251018_0936_HARP13891_NOAA14252,58610,source_sample_id,block_download_or_coverage,,2025,False
20251018_1100_HARP13909_NOAA14255,58612,source_sample_id,block_download_or_coverage,,2025,False
20251018_1112_HARP13891_NOAA14252,58613,source_sample_id,block_download_or_coverage,,2025,False
20251018_1236_HARP13909_NOAA14255,58615,source_sample_id,block_download_or_coverage,,2025,False
20251018_1248_HARP13891_NOAA14252,58616,source_sample_id,block_download_or_coverage,,2025,False
20251018_1412_HARP13909_NOAA14255,58618,source_sample_id,block_download_or_coverage,,2025,False
20251018_1424_HARP13891_NOAA14252,58619,source_sample_id,block_download_or_coverage,,2025,False
20251018_1548_HARP13909_NOAA14255,58621,source_sample_id,block_download_or_coverage,,2025,False
20251018_1600_HARP13891_NOAA14252,58622,source_sample_id,block_download_or_coverage,,2025,False
20251018_1724_HARP13909_NOAA14255,58624,source_sample_id,block_download_or_coverage,,2025,False
20251018_1736_HARP13891_NOAA14252,58625,source_sample_id,block_download_or_coverage,,2025,False
20251018_1912_HARP13891_NOAA14252,58626,source_sample_id,block_download_or_coverage,,2025,False
20251018_2048_HARP13891_NOAA14252,58627,source_sample_id,block_download_or_coverage,,2025,False
20251018_2224_HARP13891_NOAA14252,58628,source_sample_id,block_download_or_coverage,,2025,False
20251019_0000_HARP13891_NOAA14252,58629,source_sample_id,block_download_or_coverage,,2025,False
20251019_0136_HARP13891_NOAA14252,58630,source_sample_id,block_download_or_coverage,,2025,False
20251019_0200_HARP13901_NOAA14254,58631,source_sample_id,block_download_or_coverage,,2025,False
20251019_0312_HARP13891_NOAA14252,58632,source_sample_id,block_download_or_coverage,,2025,False
20251019_0336_HARP13901_NOAA14254,58633,source_sample_id,block_download_or_coverage,,2025,False
20251019_0448_HARP13891_NOAA14252,58634,source_sample_id,block_download_or_coverage,,2025,False
20251019_0512_HARP13901_NOAA14254,58635,source_sample_id,block_download_or_coverage,,2025,False
20251019_0624_HARP13891_NOAA14252,58636,source_sample_id,block_download_or_coverage,,2025,False
20251019_0648_HARP13901_NOAA14254,58637,source_sample_id,block_download_or_coverage,,2025,False
20251019_0800_HARP13891_NOAA14252,58638,source_sample_id,block_download_or_coverage,,2025,False
20251019_0824_HARP13901_NOAA14254,58639,source_sample_id,block_download_or_coverage,,2025,False
20251019_0936_HARP13891_NOAA14252,58640,source_sample_id,block_download_or_coverage,,2025,False
20251019_1000_HARP13901_NOAA14254,58641,source_sample_id,block_download_or_coverage,,2025,False
20251019_1112_HARP13891_NOAA14252,58642,source_sample_id,block_download_or_coverage,,2025,False
20251019_1136_HARP13901_NOAA14254,58643,source_sample_id,block_download_or_coverage,,2025,False
20251019_1248_HARP13891_NOAA14252,58644,source_sample_id,block_download_or_coverage,,2025,False
20251019_1312_HARP13901_NOAA14254,58645,source_sample_id,block_download_or_coverage,,2025,False
20251019_1424_HARP13891_NOAA14252,58646,source_sample_id,block_download_or_coverage,,2025,False
20251019_1448_HARP13901_NOAA14254,58647,source_sample_id,block_download_or_coverage,,2025,False
20251019_1600_HARP13891_NOAA14252,58648,source_sample_id,block_download_or_coverage,,2025,False
20251019_1624_HARP13901_NOAA14254,58649,source_sample_id,block_download_or_coverage,,2025,False
20251020_0024_HARP13901_NOAA14254,58651,source_sample_id,block_download_or_coverage,,2025,False
20251020_0200_HARP13901_NOAA14254,58653,source_sample_id,block_download_or_coverage,,2025,False
20251020_0336_HARP13901_NOAA14254,58655,source_sample_id,block_download_or_coverage,,2025,False
20251020_0512_HARP13901_NOAA14254,58657,source_sample_id,block_download_or_coverage,,2025,False
20251020_0648_HARP13901_NOAA14254,58659,source_sample_id,block_download_or_coverage,,2025,False
20251020_0824_HARP13901_NOAA14254,58661,source_sample_id,block_download_or_coverage,,2025,False
20251020_1000_HARP13901_NOAA14254,58663,source_sample_id,block_download_or_coverage,,2025,False
20251020_1136_HARP13901_NOAA14254,58665,source_sample_id,block_download_or_coverage,,2025,False
20251020_1312_HARP13901_NOAA14254,58667,source_sample_id,block_download_or_coverage,,2025,False
20251020_1436_HARP13935_NOAA14263,58669,source_sample_id,block_download_or_coverage,,2025,False
20251020_1448_HARP13901_NOAA14254,58670,source_sample_id,block_download_or_coverage,,2025,False
20251020_1612_HARP13935_NOAA14263,58672,source_sample_id,block_download_or_coverage,,2025,False
20251020_1624_HARP13901_NOAA14254,58673,source_sample_id,block_download_or_coverage,,2025,False
20251020_1748_HARP13935_NOAA14263,58675,source_sample_id,block_download_or_coverage,,2025,False
20251020_1924_HARP13935_NOAA14263,58677,source_sample_id,block_download_or_coverage,,2025,False
20251020_2100_HARP13935_NOAA14263,58678,source_sample_id,block_download_or_coverage,,2025,False
20251020_2236_HARP13935_NOAA14263,58679,source_sample_id,block_download_or_coverage,,2025,False
20251021_0012_HARP13935_NOAA14263,58680,source_sample_id,block_download_or_coverage,,2025,False
20251021_0024_HARP13901_NOAA14254,58681,source_sample_id,block_download_or_coverage,,2025,False
20251021_0148_HARP13935_NOAA14263,58683,source_sample_id,block_download_or_coverage,,2025,False
20251021_0200_HARP13901_NOAA14254,58684,source_sample_id,block_download_or_coverage,,2025,False
20251021_0324_HARP13935_NOAA14263,58686,source_sample_id,block_download_or_coverage,,2025,False
20251021_0336_HARP13901_NOAA14254,58687,source_sample_id,block_download_or_coverage,,2025,False
20251021_0500_HARP13935_NOAA14263,58689,source_sample_id,block_download_or_coverage,,2025,False
20251021_0512_HARP13901_NOAA14254,58690,source_sample_id,block_download_or_coverage,,2025,False
20251021_0636_HARP13935_NOAA14263,58692,source_sample_id,block_download_or_coverage,,2025,False
20251021_0648_HARP13901_NOAA14254,58693,source_sample_id,block_download_or_coverage,,2025,False
20251021_1336_HARP13935_NOAA14263,58695,source_sample_id,block_download_or_coverage,,2025,False
20251021_1348_HARP13901_NOAA14254,58696,source_sample_id,block_download_or_coverage,,2025,False
20251021_1512_HARP13935_NOAA14263,58698,source_sample_id,block_download_or_coverage,,2025,False
20251021_1524_HARP13901_NOAA14254,58699,source_sample_id,block_download_or_coverage,,2025,False
20251021_1648_HARP13935_NOAA14263,58701,source_sample_id,block_download_or_coverage,,2025,False
20251021_1700_HARP13901_NOAA14254,58702,source_sample_id,block_download_or_coverage,,2025,False
20251021_1824_HARP13935_NOAA14263,58704,source_sample_id,block_download_or_coverage,,2025,False
20251021_1836_HARP13901_NOAA14254,58705,source_sample_id,block_download_or_coverage,,2025,False
20251021_2012_HARP13901_NOAA14254,58706,source_sample_id,block_download_or_coverage,,2025,False
20251022_0224_HARP13911_NOAA14256,58707,source_sample_id,block_download_or_coverage,,2025,False
20251022_0224_HARP13935_NOAA14263,58708,source_sample_id,block_download_or_coverage,,2025,False
20251022_0400_HARP13911_NOAA14256,58709,source_sample_id,block_download_or_coverage,,2025,False
20251022_0400_HARP13935_NOAA14263,58710,source_sample_id,block_download_or_coverage,,2025,False
20251022_0536_HARP13911_NOAA14256,58711,source_sample_id,block_download_or_coverage,,2025,False
20251022_0536_HARP13935_NOAA14263,58712,source_sample_id,block_download_or_coverage,,2025,False
20251022_0712_HARP13911_NOAA14256,58713,source_sample_id,block_download_or_coverage,,2025,False
20251022_0712_HARP13935_NOAA14263,58714,source_sample_id,block_download_or_coverage,,2025,False
20251022_0848_HARP13911_NOAA14256,58715,source_sample_id,block_download_or_coverage,,2025,False
20251022_0848_HARP13935_NOAA14263,58716,source_sample_id,block_download_or_coverage,,2025,False
20251022_1024_HARP13911_NOAA14256,58717,source_sample_id,block_download_or_coverage,,2025,False
20251022_1024_HARP13935_NOAA14263,58718,source_sample_id,block_download_or_coverage,,2025,False
20251022_1200_HARP13911_NOAA14256,58720,source_sample_id,block_download_or_coverage,,2025,False
20251022_1200_HARP13935_NOAA14263,58721,source_sample_id,block_download_or_coverage,,2025,False
20251022_1336_HARP13911_NOAA14256,58723,source_sample_id,block_download_or_coverage,,2025,False
20251022_1336_HARP13935_NOAA14263,58724,source_sample_id,block_download_or_coverage,,2025,False
20251022_1512_HARP13911_NOAA14256,58726,source_sample_id,block_download_or_coverage,,2025,False
20251022_1512_HARP13935_NOAA14263,58727,source_sample_id,block_download_or_coverage,,2025,False
20251022_1648_HARP13911_NOAA14256,58729,source_sample_id,block_download_or_coverage,,2025,False
20251022_1648_HARP13935_NOAA14263,58730,source_sample_id,block_download_or_coverage,,2025,False
20251022_1824_HARP13911_NOAA14256,58732,source_sample_id,block_download_or_coverage,,2025,False
20251022_1824_HARP13935_NOAA14263,58733,source_sample_id,block_download_or_coverage,,2025,False
20251023_0112_HARP13911_NOAA14256,58735,source_sample_id,block_download_or_coverage,,2025,False
20251023_0112_HARP13935_NOAA14263,58736,source_sample_id,block_download_or_coverage,,2025,False
20251023_0248_HARP13911_NOAA14256,58738,source_sample_id,block_download_or_coverage,,2025,False
20251023_0248_HARP13935_NOAA14263,58739,source_sample_id,block_download_or_coverage,,2025,False
20251023_0424_HARP13911_NOAA14256,58741,source_sample_id,block_download_or_coverage,,2025,False
20251023_0648_HARP13945_NOAA14265,58745,source_sample_id,block_download_or_coverage,,2025,False
20251024_0024_HARP13931_NOAA14260,58752,source_sample_id,block_download_or_coverage,,2025,False
20251024_0200_HARP13931_NOAA14260,58753,source_sample_id,block_download_or_coverage,,2025,False
20251024_0336_HARP13931_NOAA14260,58754,source_sample_id,block_download_or_coverage,,2025,False
20251024_0512_HARP13931_NOAA14260,58756,source_sample_id,block_download_or_coverage,,2025,False
20251024_0648_HARP13931_NOAA14260,58758,source_sample_id,block_download_or_coverage,,2025,False
20251024_0824_HARP13931_NOAA14260,58760,source_sample_id,block_download_or_coverage,,2025,False
20251024_1000_HARP13931_NOAA14260,58762,source_sample_id,block_download_or_coverage,,2025,False
20251024_1136_HARP13931_NOAA14260,58764,source_sample_id,block_download_or_coverage,,2025,False
20251024_1312_HARP13931_NOAA14260,58766,source_sample_id,block_download_or_coverage,,2025,False
20251024_1448_HARP13931_NOAA14260,58768,source_sample_id,block_download_or_coverage,,2025,False
20251024_1624_HARP13931_NOAA14260,58770,source_sample_id,block_download_or_coverage,,2025,False
20251024_1712_HARP13911_NOAA14256,58772,source_sample_id,block_download_or_coverage,,2025,False
20251024_1848_HARP13911_NOAA14256,58774,source_sample_id,block_download_or_coverage,,2025,False
20251024_2024_HARP13911_NOAA14256,58776,source_sample_id,block_download_or_coverage,,2025,False
20251024_2200_HARP13911_NOAA14256,58778,source_sample_id,block_download_or_coverage,,2025,False
20251024_2336_HARP13911_NOAA14256,58779,source_sample_id,block_download_or_coverage,,2025,False
20251025_0024_HARP13931_NOAA14260,58780,source_sample_id,block_download_or_coverage,,2025,False
20251025_0112_HARP13911_NOAA14256,58781,source_sample_id,block_download_or_coverage,,2025,False
20251025_0200_HARP13931_NOAA14260,58782,source_sample_id,block_download_or_coverage,,2025,False
20251025_0248_HARP13911_NOAA14256,58783,source_sample_id,block_download_or_coverage,,2025,False
20251025_0336_HARP13931_NOAA14260,58784,source_sample_id,block_download_or_coverage,,2025,False
20251025_0424_HARP13911_NOAA14256,58785,source_sample_id,block_download_or_coverage,,2025,False
20251025_0512_HARP13931_NOAA14260,58786,source_sample_id,block_download_or_coverage,,2025,False
20251025_0636_HARP13930_NOAA14264,58788,source_sample_id,block_download_or_coverage,,2025,False
20251025_0648_HARP13931_NOAA14260,58789,source_sample_id,block_download_or_coverage,,2025,False
20251025_0812_HARP13930_NOAA14264,58791,source_sample_id,block_download_or_coverage,,2025,False
20251025_0824_HARP13931_NOAA14260,58792,source_sample_id,block_download_or_coverage,,2025,False
20251025_0948_HARP13930_NOAA14264,58794,source_sample_id,block_download_or_coverage,,2025,False
20251025_1000_HARP13931_NOAA14260,58795,source_sample_id,block_download_or_coverage,,2025,False
20251025_1124_HARP13930_NOAA14264,58797,source_sample_id,block_download_or_coverage,,2025,False
20251025_1136_HARP13931_NOAA14260,58798,source_sample_id,block_download_or_coverage,,2025,False
20251025_1224_HARP13911_NOAA14256,58800,source_sample_id,block_download_or_coverage,,2025,False
20251025_1300_HARP13930_NOAA14264,58801,source_sample_id,block_download_or_coverage,,2025,False
20251025_1312_HARP13931_NOAA14260,58802,source_sample_id,block_download_or_coverage,,2025,False
20251025_1400_HARP13911_NOAA14256,58804,source_sample_id,block_download_or_coverage,,2025,False
20251025_1436_HARP13930_NOAA14264,58805,source_sample_id,block_download_or_coverage,,2025,False
20251025_1448_HARP13931_NOAA14260,58806,source_sample_id,block_download_or_coverage,,2025,False
20251025_1536_HARP13911_NOAA14256,58808,source_sample_id,block_download_or_coverage,,2025,False
20251025_1612_HARP13930_NOAA14264,58809,source_sample_id,block_download_or_coverage,,2025,False
20251025_1624_HARP13931_NOAA14260,58810,source_sample_id,block_download_or_coverage,,2025,False
20251025_1712_HARP13911_NOAA14256,58812,source_sample_id,block_download_or_coverage,,2025,False
20251025_1748_HARP13930_NOAA14264,58813,source_sample_id,block_download_or_coverage,,2025,False
20251025_1848_HARP13911_NOAA14256,58815,source_sample_id,block_download_or_coverage,,2025,False
20251025_1924_HARP13930_NOAA14264,58816,source_sample_id,block_download_or_coverage,,2025,False
20251025_2024_HARP13911_NOAA14256,58818,source_sample_id,block_download_or_coverage,,2025,False
20251025_2100_HARP13930_NOAA14264,58819,source_sample_id,block_download_or_coverage,,2025,False
20251025_2236_HARP13930_NOAA14264,58821,source_sample_id,block_download_or_coverage,,2025,False
20251026_0012_HARP13930_NOAA14264,58823,source_sample_id,block_download_or_coverage,,2025,False
20251026_0048_HARP13929_NOAA14261,58825,source_sample_id,block_download_or_coverage,,2025,False
20251026_0148_HARP13930_NOAA14264,58826,source_sample_id,block_download_or_coverage,,2025,False
20251026_0324_HARP13930_NOAA14264,58828,source_sample_id,block_download_or_coverage,,2025,False
20251026_0500_HARP13930_NOAA14264,58830,source_sample_id,block_download_or_coverage,,2025,False
20251026_0548_HARP13955_NOAA14266,58832,source_sample_id,block_download_or_coverage,,2025,False
20251026_0636_HARP13930_NOAA14264,58833,source_sample_id,block_download_or_coverage,,2025,False
20251026_0724_HARP13955_NOAA14266,58835,source_sample_id,block_download_or_coverage,,2025,False
20251026_0812_HARP13930_NOAA14264,58836,source_sample_id,block_download_or_coverage,,2025,False
20251026_0900_HARP13955_NOAA14266,58838,source_sample_id,block_download_or_coverage,,2025,False
20251026_0948_HARP13930_NOAA14264,58839,source_sample_id,block_download_or_coverage,,2025,False
20251026_1036_HARP13955_NOAA14266,58841,source_sample_id,block_download_or_coverage,,2025,False
20251026_1124_HARP13930_NOAA14264,58842,source_sample_id,block_download_or_coverage,,2025,False
20251026_1212_HARP13955_NOAA14266,58844,source_sample_id,block_download_or_coverage,,2025,False
20251026_1300_HARP13930_NOAA14264,58845,source_sample_id,block_download_or_coverage,,2025,False
20251026_1348_HARP13955_NOAA14266,58847,source_sample_id,block_download_or_coverage,,2025,False
20251026_1436_HARP13930_NOAA14264,58848,source_sample_id,block_download_or_coverage,,2025,False
20251026_1524_HARP13955_NOAA14266,58850,source_sample_id,block_download_or_coverage,,2025,False
20251026_1612_HARP13930_NOAA14264,58851,source_sample_id,block_download_or_coverage,,2025,False
20251026_1700_HARP13955_NOAA14266,58853,source_sample_id,block_download_or_coverage,,2025,False
20251026_1748_HARP13930_NOAA14264,58854,source_sample_id,block_download_or_coverage,,2025,False
20251026_1836_HARP13955_NOAA14266,58856,source_sample_id,block_download_or_coverage,,2025,False
20251026_1924_HARP13930_NOAA14264,58857,source_sample_id,block_download_or_coverage,,2025,False
20251026_2012_HARP13955_NOAA14266,58859,source_sample_id,block_download_or_coverage,,2025,False
20251026_2100_HARP13930_NOAA14264,58860,source_sample_id,block_download_or_coverage,,2025,False
20251026_2148_HARP13955_NOAA14266,58862,source_sample_id,block_download_or_coverage,,2025,False
20251026_2236_HARP13930_NOAA14264,58863,source_sample_id,block_download_or_coverage,,2025,False
20251026_2324_HARP13955_NOAA14266,58865,source_sample_id,block_download_or_coverage,,2025,False
20251027_0012_HARP13930_NOAA14264,58866,source_sample_id,block_download_or_coverage,,2025,False
20251027_0148_HARP13930_NOAA14264,58869,source_sample_id,block_download_or_coverage,,2025,False
20251027_0324_HARP13960_NOAA14269,58872,source_sample_id,block_download_or_coverage,,2025,False
20251027_0500_HARP13960_NOAA14269,58875,source_sample_id,block_download_or_coverage,,2025,False
20251027_0536_HARP13929_NOAA14261,58877,source_sample_id,block_download_or_coverage,,2025,False
20251027_0636_HARP13960_NOAA14269,58879,source_sample_id,block_download_or_coverage,,2025,False
20251027_0712_HARP13929_NOAA14261,58881,source_sample_id,block_download_or_coverage,,2025,False
20251027_0812_HARP13960_NOAA14269,58883,source_sample_id,block_download_or_coverage,,2025,False
20251027_0848_HARP13929_NOAA14261,58885,source_sample_id,block_download_or_coverage,,2025,False
20251027_0948_HARP13960_NOAA14269,58887,source_sample_id,block_download_or_coverage,,2025,False
20251027_1024_HARP13929_NOAA14261,58889,source_sample_id,block_download_or_coverage,,2025,False
20251027_1124_HARP13960_NOAA14269,58891,source_sample_id,block_download_or_coverage,,2025,False
20251027_1200_HARP13929_NOAA14261,58893,source_sample_id,block_download_or_coverage,,2025,False
20251027_1300_HARP13960_NOAA14269,58895,source_sample_id,block_download_or_coverage,,2025,False
20251027_1324_HARP13946_NOAA14267,58896,source_sample_id,block_download_or_coverage,,2025,False
20251027_1336_HARP13929_NOAA14261,58897,source_sample_id,block_download_or_coverage,,2025,False
20251027_1412_HARP13976_NOAA14270,58899,source_sample_id,block_download_or_coverage,,2025,False
20251027_1436_HARP13960_NOAA14269,58900,source_sample_id,block_download_or_coverage,,2025,False
20251027_1500_HARP13946_NOAA14267,58901,source_sample_id,block_download_or_coverage,,2025,False
20251027_1512_HARP13929_NOAA14261,58902,source_sample_id,block_download_or_coverage,,2025,False
20251027_1548_HARP13976_NOAA14270,58904,source_sample_id,block_download_or_coverage,,2025,False
20251027_1612_HARP13960_NOAA14269,58905,source_sample_id,block_download_or_coverage,,2025,False
20251027_1636_HARP13946_NOAA14267,58906,source_sample_id,block_download_or_coverage,,2025,False
20251027_1648_HARP13929_NOAA14261,58907,source_sample_id,block_download_or_coverage,,2025,False
20251027_1724_HARP13976_NOAA14270,58909,source_sample_id,block_download_or_coverage,,2025,False
20251027_1748_HARP13960_NOAA14269,58910,source_sample_id,block_download_or_coverage,,2025,False
20251027_1812_HARP13946_NOAA14267,58911,source_sample_id,block_download_or_coverage,,2025,False
20251027_1824_HARP13929_NOAA14261,58912,source_sample_id,block_download_or_coverage,,2025,False
20251027_1924_HARP13960_NOAA14269,58914,source_sample_id,block_download_or_coverage,,2025,False
20251027_1948_HARP13946_NOAA14267,58915,source_sample_id,block_download_or_coverage,,2025,False
20251027_2000_HARP13929_NOAA14261,58916,source_sample_id,block_download_or_coverage,,2025,False
20251027_2100_HARP13960_NOAA14269,58918,source_sample_id,block_download_or_coverage,,2025,False
20251027_2124_HARP13946_NOAA14267,58919,source_sample_id,block_download_or_coverage,,2025,False
20251027_2136_HARP13929_NOAA14261,58920,source_sample_id,block_download_or_coverage,,2025,False
20251027_2236_HARP13960_NOAA14269,58922,source_sample_id,block_download_or_coverage,,2025,False
20251027_2300_HARP13946_NOAA14267,58923,source_sample_id,block_download_or_coverage,,2025,False
20251027_2312_HARP13929_NOAA14261,58924,source_sample_id,block_download_or_coverage,,2025,False
20251028_0036_HARP13946_NOAA14267,58926,source_sample_id,block_download_or_coverage,,2025,False
20251028_0048_HARP13929_NOAA14261,58927,source_sample_id,block_download_or_coverage,,2025,False
20251028_0100_HARP13955_NOAA14266,58928,source_sample_id,block_download_or_coverage,,2025,False
20251028_0212_HARP13946_NOAA14267,58930,source_sample_id,block_download_or_coverage,,2025,False
20251028_0224_HARP13929_NOAA14261,58931,source_sample_id,block_download_or_coverage,,2025,False
20251028_0236_HARP13955_NOAA14266,58932,source_sample_id,block_download_or_coverage,,2025,False
20251028_0348_HARP13946_NOAA14267,58934,source_sample_id,block_download_or_coverage,,2025,False
20251028_0400_HARP13929_NOAA14261,58935,source_sample_id,block_download_or_coverage,,2025,False
20251028_0412_HARP13955_NOAA14266,58936,source_sample_id,block_download_or_coverage,,2025,False
20251028_0524_HARP13946_NOAA14267,58938,source_sample_id,block_download_or_coverage,,2025,False
20251028_0536_HARP13929_NOAA14261,58939,source_sample_id,block_download_or_coverage,,2025,False
20251028_0548_HARP13955_NOAA14266,58940,source_sample_id,block_download_or_coverage,,2025,False
20251028_0700_HARP13946_NOAA14267,58943,source_sample_id,block_download_or_coverage,,2025,False
20251028_0712_HARP13929_NOAA14261,58944,source_sample_id,block_download_or_coverage,,2025,False
20251028_0724_HARP13955_NOAA14266,58945,source_sample_id,block_download_or_coverage,,2025,False
20251028_0836_HARP13946_NOAA14267,58948,source_sample_id,block_download_or_coverage,,2025,False
20251028_0848_HARP13929_NOAA14261,58949,source_sample_id,block_download_or_coverage,,2025,False
20251028_0900_HARP13955_NOAA14266,58950,source_sample_id,block_download_or_coverage,,2025,False
20251028_1012_HARP13946_NOAA14267,58953,source_sample_id,block_download_or_coverage,,2025,False
20251028_1024_HARP13929_NOAA14261,58954,source_sample_id,block_download_or_coverage,,2025,False
20251028_1036_HARP13955_NOAA14266,58955,source_sample_id,block_download_or_coverage,,2025,False
20251028_1148_HARP13946_NOAA14267,58957,source_sample_id,block_download_or_coverage,,2025,False
20251028_1212_HARP13955_NOAA14266,58958,source_sample_id,block_download_or_coverage,,2025,False
20251028_1324_HARP13946_NOAA14267,58960,source_sample_id,block_download_or_coverage,,2025,False
20251028_1348_HARP13955_NOAA14266,58961,source_sample_id,block_download_or_coverage,,2025,False
20251028_1524_HARP13955_NOAA14266,58963,source_sample_id,block_download_or_coverage,,2025,False
20251028_1700_HARP13955_NOAA14266,58965,source_sample_id,block_download_or_coverage,,2025,False
20251028_1836_HARP13955_NOAA14266,58967,source_sample_id,block_download_or_coverage,,2025,False
20251029_0112_HARP13955_NOAA14266,58968,source_sample_id,block_download_or_coverage,,2025,False
20251029_0248_HARP13955_NOAA14266,58969,source_sample_id,block_download_or_coverage,,2025,False
20251029_0336_HARP13960_NOAA14269,58970,source_sample_id,block_download_or_coverage,,2025,False
20251029_0424_HARP13955_NOAA14266,58972,source_sample_id,block_download_or_coverage,,2025,False
20251029_0512_HARP13960_NOAA14269,58973,source_sample_id,block_download_or_coverage,,2025,False
20251029_0648_HARP13960_NOAA14269,58975,source_sample_id,block_download_or_coverage,,2025,False
20251029_0824_HARP13960_NOAA14269,58977,source_sample_id,block_download_or_coverage,,2025,False
20251029_1000_HARP13960_NOAA14269,58979,source_sample_id,block_download_or_coverage,,2025,False
20251029_1136_HARP13960_NOAA14269,58981,source_sample_id,block_download_or_coverage,,2025,False
20251029_1312_HARP13960_NOAA14269,58983,source_sample_id,block_download_or_coverage,,2025,False
20251029_1448_HARP13960_NOAA14269,58985,source_sample_id,block_download_or_coverage,,2025,False
20251029_1624_HARP13960_NOAA14269,58987,source_sample_id,block_download_or_coverage,,2025,False
20251103_0900_HARP13982_NOAA14271,59002,source_sample_id,block_download_or_coverage,,2025,False
20251104_1348_HARP13982_NOAA14271,59003,source_sample_id,block_download_or_coverage,,2025,False
20251104_1524_HARP13982_NOAA14271,59004,source_sample_id,block_download_or_coverage,,2025,False
20251104_1700_HARP13982_NOAA14271,59005,source_sample_id,block_download_or_coverage,,2025,False
20251104_1836_HARP13982_NOAA14271,59006,source_sample_id,block_download_or_coverage,,2025,False
20251105_0236_HARP13982_NOAA14271,59007,source_sample_id,block_download_or_coverage,,2025,False
20251105_0412_HARP13982_NOAA14271,59008,source_sample_id,block_download_or_coverage,,2025,False
20251105_0548_HARP13982_NOAA14271,59009,source_sample_id,block_download_or_coverage,,2025,False
20251105_0724_HARP13982_NOAA14271,59010,source_sample_id,block_download_or_coverage,,2025,False
20251105_0900_HARP13982_NOAA14271,59011,source_sample_id,block_download_or_coverage,,2025,False
20251105_1036_HARP13982_NOAA14271,59012,source_sample_id,block_download_or_coverage,,2025,False
20251105_1212_HARP13982_NOAA14271,59013,source_sample_id,block_download_or_coverage,,2025,False
20251105_1348_HARP13982_NOAA14271,59014,source_sample_id,block_download_or_coverage,,2025,False
20251105_1524_HARP13982_NOAA14271,59015,source_sample_id,block_download_or_coverage,,2025,False
20251105_1700_HARP13982_NOAA14271,59016,source_sample_id,block_download_or_coverage,,2025,False
20251105_1836_HARP13982_NOAA14271,59017,source_sample_id,block_download_or_coverage,,2025,False
20251106_2212_HARP13982_NOAA14271,59031,source_sample_id,block_download_or_coverage,,2025,False
20251107_1012_HARP13999_NOAA14272,59032,source_sample_id,block_download_or_coverage,,2025,False
20251107_1148_HARP13999_NOAA14272,59033,source_sample_id,block_download_or_coverage,,2025,False
20251107_1324_HARP13999_NOAA14272,59034,source_sample_id,block_download_or_coverage,,2025,False
20251107_1500_HARP13999_NOAA14272,59035,source_sample_id,block_download_or_coverage,,2025,False
20251107_1636_HARP13999_NOAA14272,59036,source_sample_id,block_download_or_coverage,,2025,False
20251107_1812_HARP13999_NOAA14272,59038,source_sample_id,block_download_or_coverage,,2025,False
20251107_1948_HARP13999_NOAA14272,59040,source_sample_id,block_download_or_coverage,,2025,False
20251107_2124_HARP13999_NOAA14272,59042,source_sample_id,block_download_or_coverage,,2025,False
20251107_2300_HARP13999_NOAA14272,59044,source_sample_id,block_download_or_coverage,,2025,False
20251108_0036_HARP13999_NOAA14272,59046,source_sample_id,block_download_or_coverage,,2025,False
20251108_0212_HARP13999_NOAA14272,59048,source_sample_id,block_download_or_coverage,,2025,False
20251108_0348_HARP13999_NOAA14272,59050,source_sample_id,block_download_or_coverage,,2025,False
20251108_0524_HARP13999_NOAA14272,59052,source_sample_id,block_download_or_coverage,,2025,False
20251108_1300_HARP14003_NOAA14275,59057,source_sample_id,block_download_or_coverage,,2025,False
20251108_1424_HARP14018_NOAA14281,59058,source_sample_id,block_download_or_coverage,,2025,False
20251108_1436_HARP14003_NOAA14275,59059,source_sample_id,block_download_or_coverage,,2025,False
20251108_1600_HARP14018_NOAA14281,59060,source_sample_id,block_download_or_coverage,,2025,False
20251108_1612_HARP14003_NOAA14275,59061,source_sample_id,block_download_or_coverage,,2025,False
20251108_1736_HARP14018_NOAA14281,59062,source_sample_id,block_download_or_coverage,,2025,False
20251108_1748_HARP14003_NOAA14275,59063,source_sample_id,block_download_or_coverage,,2025,False
20251108_1912_HARP14018_NOAA14281,59064,source_sample_id,block_download_or_coverage,,2025,False
20251108_1924_HARP14003_NOAA14275,59065,source_sample_id,block_download_or_coverage,,2025,False
20251108_2048_HARP14018_NOAA14281,59066,source_sample_id,block_download_or_coverage,,2025,False
20251108_2100_HARP14003_NOAA14275,59067,source_sample_id,block_download_or_coverage,,2025,False
20251108_2224_HARP14018_NOAA14281,59068,source_sample_id,block_download_or_coverage,,2025,False
20251108_2236_HARP14003_NOAA14275,59069,source_sample_id,block_download_or_coverage,,2025,False
20251109_0000_HARP14018_NOAA14281,59070,source_sample_id,block_download_or_coverage,,2025,False
20251109_0012_HARP14003_NOAA14275,59071,source_sample_id,block_download_or_coverage,,2025,False
20251109_0136_HARP14018_NOAA14281,59072,source_sample_id,block_download_or_coverage,,2025,False
20251109_0148_HARP14003_NOAA14275,59073,source_sample_id,block_download_or_coverage,,2025,False
20251109_0312_HARP14018_NOAA14281,59074,source_sample_id,block_download_or_coverage,,2025,False
20251109_0324_HARP14003_NOAA14275,59075,source_sample_id,block_download_or_coverage,,2025,False
20251109_0448_HARP14018_NOAA14281,59076,source_sample_id,block_download_or_coverage,,2025,False
20251109_0500_HARP14003_NOAA14275,59077,source_sample_id,block_download_or_coverage,,2025,False
20251109_0624_HARP14018_NOAA14281,59078,source_sample_id,block_download_or_coverage,,2025,False
20251109_0800_HARP14018_NOAA14281,59079,source_sample_id,block_download_or_coverage,,2025,False
20251109_0936_HARP14018_NOAA14281,59080,source_sample_id,block_download_or_coverage,,2025,False
20251109_1124_HARP14003_NOAA14275,59082,source_sample_id,block_download_or_coverage,,2025,False
20251109_1300_HARP14003_NOAA14275,59084,source_sample_id,block_download_or_coverage,,2025,False
20251109_1436_HARP14003_NOAA14275,59086,source_sample_id,block_download_or_coverage,,2025,False
20251109_1612_HARP14003_NOAA14275,59088,source_sample_id,block_download_or_coverage,,2025,False
20251109_1748_HARP14003_NOAA14275,59090,source_sample_id,block_download_or_coverage,,2025,False
20251109_1924_HARP14003_NOAA14275,59092,source_sample_id,block_download_or_coverage,,2025,False
20251109_2048_HARP14008_NOAA14278,59094,source_sample_id,block_download_or_coverage,,2025,False
20251109_2100_HARP14003_NOAA14275,59095,source_sample_id,block_download_or_coverage,,2025,False
20251109_2224_HARP14008_NOAA14278,59097,source_sample_id,block_download_or_coverage,,2025,False
20251109_2236_HARP14003_NOAA14275,59098,source_sample_id,block_download_or_coverage,,2025,False
20251110_0000_HARP14008_NOAA14278,59100,source_sample_id,block_download_or_coverage,,2025,False
20251110_0012_HARP14003_NOAA14275,59101,source_sample_id,block_download_or_coverage,,2025,False
20251110_0136_HARP14008_NOAA14278,59103,source_sample_id,block_download_or_coverage,,2025,False
20251110_0148_HARP14003_NOAA14275,59104,source_sample_id,block_download_or_coverage,,2025,False
20251110_0312_HARP14008_NOAA14278,59106,source_sample_id,block_download_or_coverage,,2025,False
20251110_0324_HARP14003_NOAA14275,59107,source_sample_id,block_download_or_coverage,,2025,False
20251110_0448_HARP14008_NOAA14278,59109,source_sample_id,block_download_or_coverage,,2025,False
20251110_0500_HARP14003_NOAA14275,59110,source_sample_id,block_download_or_coverage,,2025,False
20251110_0624_HARP14008_NOAA14278,59112,source_sample_id,block_download_or_coverage,,2025,False
20251110_0636_HARP14003_NOAA14275,59113,source_sample_id,block_download_or_coverage,,2025,False
20251110_0800_HARP14008_NOAA14278,59115,source_sample_id,block_download_or_coverage,,2025,False
20251110_0812_HARP14003_NOAA14275,59116,source_sample_id,block_download_or_coverage,,2025,False
20251110_0936_HARP14008_NOAA14278,59118,source_sample_id,block_download_or_coverage,,2025,False
20251110_0948_HARP14003_NOAA14275,59119,source_sample_id,block_download_or_coverage,,2025,False
20251110_1112_HARP14008_NOAA14278,59121,source_sample_id,block_download_or_coverage,,2025,False
20251110_1124_HARP14003_NOAA14275,59122,source_sample_id,block_download_or_coverage,,2025,False
20251110_1248_HARP14008_NOAA14278,59124,source_sample_id,block_download_or_coverage,,2025,False
20251110_1300_HARP14003_NOAA14275,59125,source_sample_id,block_download_or_coverage,,2025,False
20251110_1424_HARP14008_NOAA14278,59127,source_sample_id,block_download_or_coverage,,2025,False
20251110_1436_HARP14003_NOAA14275,59128,source_sample_id,block_download_or_coverage,,2025,False
20251110_1600_HARP14008_NOAA14278,59130,source_sample_id,block_download_or_coverage,,2025,False
20251110_1612_HARP14003_NOAA14275,59131,source_sample_id,block_download_or_coverage,,2025,False
20251110_1736_HARP14008_NOAA14278,59133,source_sample_id,block_download_or_coverage,,2025,False
20251110_1748_HARP14003_NOAA14275,59134,source_sample_id,block_download_or_coverage,,2025,False
20251110_1912_HARP14008_NOAA14278,59136,source_sample_id,block_download_or_coverage,,2025,False
20251110_1924_HARP14003_NOAA14275,59137,source_sample_id,block_download_or_coverage,,2025,False
20251110_2048_HARP14008_NOAA14278,59139,source_sample_id,block_download_or_coverage,,2025,False
20251110_2100_HARP14003_NOAA14275,59140,source_sample_id,block_download_or_coverage,,2025,False
20251110_2224_HARP14008_NOAA14278,59142,source_sample_id,block_download_or_coverage,,2025,False
20251110_2236_HARP14003_NOAA14275,59143,source_sample_id,block_download_or_coverage,,2025,False
20251111_0000_HARP14008_NOAA14278,59145,source_sample_id,block_download_or_coverage,,2025,False
20251111_0012_HARP14003_NOAA14275,59146,source_sample_id,block_download_or_coverage,,2025,False
20251111_0136_HARP14008_NOAA14278,59148,source_sample_id,block_download_or_coverage,,2025,False
20251111_0148_HARP14003_NOAA14275,59149,source_sample_id,block_download_or_coverage,,2025,False
20251111_0312_HARP14008_NOAA14278,59151,source_sample_id,block_download_or_coverage,,2025,False
20251111_0324_HARP14003_NOAA14275,59152,source_sample_id,block_download_or_coverage,,2025,False
20251111_0448_HARP14008_NOAA14278,59154,source_sample_id,block_download_or_coverage,,2025,False
20251111_0500_HARP14003_NOAA14275,59155,source_sample_id,block_download_or_coverage,,2025,False
20251111_0624_HARP14008_NOAA14278,59156,source_sample_id,block_download_or_coverage,,2025,False
20251111_0636_HARP14003_NOAA14275,59157,source_sample_id,block_download_or_coverage,,2025,False
20251114_1236_HARP14024_NOAA14280,59161,source_sample_id,block_download_or_coverage,,2025,False
20251114_1412_HARP14024_NOAA14280,59162,source_sample_id,block_download_or_coverage,,2025,False
20251114_1548_HARP14024_NOAA14280,59163,source_sample_id,block_download_or_coverage,,2025,False
20251114_1724_HARP14024_NOAA14280,59164,source_sample_id,block_download_or_coverage,,2025,False
20251114_1900_HARP14024_NOAA14280,59166,source_sample_id,block_download_or_coverage,,2025,False
20251114_2036_HARP14024_NOAA14280,59168,source_sample_id,block_download_or_coverage,,2025,False
20251114_2212_HARP14024_NOAA14280,59170,source_sample_id,block_download_or_coverage,,2025,False
20251114_2348_HARP14024_NOAA14280,59172,source_sample_id,block_download_or_coverage,,2025,False
20251115_0100_HARP14009_NOAA14276,59174,source_sample_id,block_download_or_coverage,,2025,False
20251115_0124_HARP14024_NOAA14280,59175,source_sample_id,block_download_or_coverage,,2025,False
20251115_0236_HARP14009_NOAA14276,59177,source_sample_id,block_download_or_coverage,,2025,False
20251115_0300_HARP14024_NOAA14280,59178,source_sample_id,block_download_or_coverage,,2025,False
20251115_0412_HARP14009_NOAA14276,59180,source_sample_id,block_download_or_coverage,,2025,False
20251115_0436_HARP14024_NOAA14280,59181,source_sample_id,block_download_or_coverage,,2025,False
20251115_0612_HARP14024_NOAA14280,59183,source_sample_id,block_download_or_coverage,,2025,False
20251115_0748_HARP14024_NOAA14280,59185,source_sample_id,block_download_or_coverage,,2025,False
20251115_0924_HARP14024_NOAA14280,59187,source_sample_id,block_download_or_coverage,,2025,False
20251115_1100_HARP14024_NOAA14280,59189,source_sample_id,block_download_or_coverage,,2025,False
20251115_1236_HARP14024_NOAA14280,59191,source_sample_id,block_download_or_coverage,,2025,False
20251115_1336_HARP14045_NOAA14283,59192,source_sample_id,block_download_or_coverage,,2025,False
20251115_1512_HARP14045_NOAA14283,59193,source_sample_id,block_download_or_coverage,,2025,False
20251115_1648_HARP14045_NOAA14283,59194,source_sample_id,block_download_or_coverage,,2025,False
20251115_1824_HARP14045_NOAA14283,59195,source_sample_id,block_download_or_coverage,,2025,False
20251115_2000_HARP14045_NOAA14283,59196,source_sample_id,block_download_or_coverage,,2025,False
20251115_2136_HARP14045_NOAA14283,59197,source_sample_id,block_download_or_coverage,,2025,False
20251115_2312_HARP14045_NOAA14283,59198,source_sample_id,block_download_or_coverage,,2025,False
20251116_0048_HARP14045_NOAA14283,59199,source_sample_id,block_download_or_coverage,,2025,False
20251116_0224_HARP14045_NOAA14283,59200,source_sample_id,block_download_or_coverage,,2025,False
20251116_0400_HARP14045_NOAA14283,59201,source_sample_id,block_download_or_coverage,,2025,False
20251116_0536_HARP14045_NOAA14283,59202,source_sample_id,block_download_or_coverage,,2025,False
20251116_0712_HARP14045_NOAA14283,59203,source_sample_id,block_download_or_coverage,,2025,False
20251116_0848_HARP14045_NOAA14283,59204,source_sample_id,block_download_or_coverage,,2025,False
20251116_1024_HARP14045_NOAA14283,59205,source_sample_id,block_download_or_coverage,,2025,False
20251116_1200_HARP14045_NOAA14283,59206,source_sample_id,block_download_or_coverage,,2025,False
20251116_1400_HARP14054_NOAA14284,59208,source_sample_id,block_download_or_coverage,,2025,False
20251116_1536_HARP14054_NOAA14284,59210,source_sample_id,block_download_or_coverage,,2025,False
20251116_1712_HARP14054_NOAA14284,59212,source_sample_id,block_download_or_coverage,,2025,False
20251116_1848_HARP14054_NOAA14284,59214,source_sample_id,block_download_or_coverage,,2025,False
20251116_2024_HARP14054_NOAA14284,59216,source_sample_id,block_download_or_coverage,,2025,False
20251116_2200_HARP14054_NOAA14284,59218,source_sample_id,block_download_or_coverage,,2025,False
20251116_2336_HARP14054_NOAA14284,59220,source_sample_id,block_download_or_coverage,,2025,False
20251117_0112_HARP14054_NOAA14284,59222,source_sample_id,block_download_or_coverage,,2025,False
20251117_0248_HARP14054_NOAA14284,59224,source_sample_id,block_download_or_coverage,,2025,False
20251117_0424_HARP14054_NOAA14284,59226,source_sample_id,block_download_or_coverage,,2025,False
20251117_1224_HARP14054_NOAA14284,59232,source_sample_id,block_download_or_coverage,,2025,False
20251117_1400_HARP14054_NOAA14284,59234,source_sample_id,block_download_or_coverage,,2025,False
20251117_1536_HARP14054_NOAA14284,59236,source_sample_id,block_download_or_coverage,,2025,False
20251117_1536_HARP14059_NOAA14283,59237,source_sample_id,block_download_or_coverage,,2025,False
20251117_1712_HARP14054_NOAA14284,59239,source_sample_id,block_download_or_coverage,,2025,False
20251117_1712_HARP14059_NOAA14283,59240,source_sample_id,block_download_or_coverage,,2025,False
20251117_1848_HARP14054_NOAA14284,59242,source_sample_id,block_download_or_coverage,,2025,False
20251117_1848_HARP14059_NOAA14283,59243,source_sample_id,block_download_or_coverage,,2025,False
20251117_2024_HARP14054_NOAA14284,59245,source_sample_id,block_download_or_coverage,,2025,False
20251117_2024_HARP14059_NOAA14283,59246,source_sample_id,block_download_or_coverage,,2025,False
20251117_2200_HARP14054_NOAA14284,59248,source_sample_id,block_download_or_coverage,,2025,False
20251117_2200_HARP14059_NOAA14283,59249,source_sample_id,block_download_or_coverage,,2025,False
20251117_2336_HARP14054_NOAA14284,59251,source_sample_id,block_download_or_coverage,,2025,False
20251117_2336_HARP14059_NOAA14283,59252,source_sample_id,block_download_or_coverage,,2025,False
20251118_0112_HARP14054_NOAA14284,59254,source_sample_id,block_download_or_coverage,,2025,False
20251118_0112_HARP14059_NOAA14283,59255,source_sample_id,block_download_or_coverage,,2025,False
20251118_0248_HARP14054_NOAA14284,59257,source_sample_id,block_download_or_coverage,,2025,False
20251118_0248_HARP14059_NOAA14283,59258,source_sample_id,block_download_or_coverage,,2025,False
20251121_1900_HARP14057_NOAA14286,59277,source_sample_id,block_download_or_coverage,,2025,False
20251121_2036_HARP14057_NOAA14286,59278,source_sample_id,block_download_or_coverage,,2025,False
20251121_2212_HARP14057_NOAA14286,59279,source_sample_id,block_download_or_coverage,,2025,False
20251121_2348_HARP14057_NOAA14286,59280,source_sample_id,block_download_or_coverage,,2025,False
20251122_0024_HARP14056_NOAA14286,59281,source_sample_id,block_download_or_coverage,,2025,False
20251122_0124_HARP14057_NOAA14286,59282,source_sample_id,block_download_or_coverage,,2025,False
20251122_0200_HARP14056_NOAA14286,59283,source_sample_id,block_download_or_coverage,,2025,False
20251122_0300_HARP14057_NOAA14286,59284,source_sample_id,block_download_or_coverage,,2025,False
20251122_0336_HARP14056_NOAA14286,59285,source_sample_id,block_download_or_coverage,,2025,False
20251122_0436_HARP14057_NOAA14286,59286,source_sample_id,block_download_or_coverage,,2025,False
20251122_0512_HARP14056_NOAA14286,59287,source_sample_id,block_download_or_coverage,,2025,False
20251122_0612_HARP14057_NOAA14286,59288,source_sample_id,block_download_or_coverage,,2025,False
20251122_0648_HARP14056_NOAA14286,59289,source_sample_id,block_download_or_coverage,,2025,False
20251122_0748_HARP14057_NOAA14286,59290,source_sample_id,block_download_or_coverage,,2025,False
20251122_0824_HARP14056_NOAA14286,59291,source_sample_id,block_download_or_coverage,,2025,False
20251122_0924_HARP14057_NOAA14286,59292,source_sample_id,block_download_or_coverage,,2025,False
20251122_1000_HARP14056_NOAA14286,59293,source_sample_id,block_download_or_coverage,,2025,False
20251122_1100_HARP14057_NOAA14286,59294,source_sample_id,block_download_or_coverage,,2025,False
20251122_1136_HARP14056_NOAA14286,59295,source_sample_id,block_download_or_coverage,,2025,False
20251122_1236_HARP14057_NOAA14286,59296,source_sample_id,block_download_or_coverage,,2025,False
20251122_1312_HARP14056_NOAA14286,59297,source_sample_id,block_download_or_coverage,,2025,False
20251122_1412_HARP14057_NOAA14286,59298,source_sample_id,block_download_or_coverage,,2025,False
20251122_1448_HARP14056_NOAA14286,59299,source_sample_id,block_download_or_coverage,,2025,False
20251122_1548_HARP14057_NOAA14286,59300,source_sample_id,block_download_or_coverage,,2025,False
20251122_1624_HARP14056_NOAA14286,59301,source_sample_id,block_download_or_coverage,,2025,False
20251122_1724_HARP14057_NOAA14286,59302,source_sample_id,block_download_or_coverage,,2025,False
20251123_0112_HARP14060_NOAA14287,59307,source_sample_id,block_download_or_coverage,,2025,False
20251123_0248_HARP14060_NOAA14287,59309,source_sample_id,block_download_or_coverage,,2025,False
20251123_1224_HARP14060_NOAA14287,59311,source_sample_id,block_download_or_coverage,,2025,False
20251123_1400_HARP14060_NOAA14287,59313,source_sample_id,block_download_or_coverage,,2025,False
20251123_1536_HARP14060_NOAA14287,59315,source_sample_id,block_download_or_coverage,,2025,False
20251123_1712_HARP14060_NOAA14287,59317,source_sample_id,block_download_or_coverage,,2025,False
20251123_1848_HARP14060_NOAA14287,59319,source_sample_id,block_download_or_coverage,,2025,False
20251123_2024_HARP14060_NOAA14287,59321,source_sample_id,block_download_or_coverage,,2025,False
20251123_2036_HARP14063_NOAA14289,59322,source_sample_id,block_download_or_coverage,,2025,False
20251123_2200_HARP14060_NOAA14287,59323,source_sample_id,block_download_or_coverage,,2025,False
20251123_2212_HARP14063_NOAA14289,59324,source_sample_id,block_download_or_coverage,,2025,False
20251123_2336_HARP14060_NOAA14287,59325,source_sample_id,block_download_or_coverage,,2025,False
20251123_2348_HARP14063_NOAA14289,59326,source_sample_id,block_download_or_coverage,,2025,False
20251124_0024_HARP14056_NOAA14286,59327,source_sample_id,block_download_or_coverage,,2025,False
20251124_0112_HARP14060_NOAA14287,59328,source_sample_id,block_download_or_coverage,,2025,False
20251124_0124_HARP14063_NOAA14289,59329,source_sample_id,block_download_or_coverage,,2025,False
20251124_0200_HARP14056_NOAA14286,59330,source_sample_id,block_download_or_coverage,,2025,False
20251124_0248_HARP14060_NOAA14287,59331,source_sample_id,block_download_or_coverage,,2025,False
20251124_0300_HARP14063_NOAA14289,59332,source_sample_id,block_download_or_coverage,,2025,False
20251124_0336_HARP14056_NOAA14286,59333,source_sample_id,block_download_or_coverage,,2025,False
20251124_0424_HARP14060_NOAA14287,59334,source_sample_id,block_download_or_coverage,,2025,False
20251124_0436_HARP14063_NOAA14289,59335,source_sample_id,block_download_or_coverage,,2025,False
20251124_0512_HARP14056_NOAA14286,59336,source_sample_id,block_download_or_coverage,,2025,False
20251124_0612_HARP14063_NOAA14289,59337,source_sample_id,block_download_or_coverage,,2025,False
20251124_0648_HARP14056_NOAA14286,59338,source_sample_id,block_download_or_coverage,,2025,False
20251124_0748_HARP14063_NOAA14289,59339,source_sample_id,block_download_or_coverage,,2025,False
20251124_0824_HARP14056_NOAA14286,59340,source_sample_id,block_download_or_coverage,,2025,False
20251124_0924_HARP14063_NOAA14289,59341,source_sample_id,block_download_or_coverage,,2025,False
20251124_1000_HARP14056_NOAA14286,59342,source_sample_id,block_download_or_coverage,,2025,False
20251124_1100_HARP14063_NOAA14289,59343,source_sample_id,block_download_or_coverage,,2025,False
20251124_1136_HARP14056_NOAA14286,59344,source_sample_id,block_download_or_coverage,,2025,False
20251124_1236_HARP14063_NOAA14289,59345,source_sample_id,block_download_or_coverage,,2025,False
20251124_1312_HARP14056_NOAA14286,59346,source_sample_id,block_download_or_coverage,,2025,False
20251124_1412_HARP14063_NOAA14289,59347,source_sample_id,block_download_or_coverage,,2025,False
20251124_1448_HARP14056_NOAA14286,59348,source_sample_id,block_download_or_coverage,,2025,False
20251124_1548_HARP14057_NOAA14286,59349,source_sample_id,block_download_or_coverage,,2025,False
20251124_1548_HARP14063_NOAA14289,59350,source_sample_id,block_download_or_coverage,,2025,False
20251125_1848_HARP14060_NOAA14287,59354,source_sample_id,block_download_or_coverage,,2025,False
20251126_0100_HARP14081_NOAA14290,59356,source_sample_id,block_download_or_coverage,,2025,False
20251126_0124_HARP14060_NOAA14287,59357,source_sample_id,block_download_or_coverage,,2025,False
20251126_0236_HARP14081_NOAA14290,59359,source_sample_id,block_download_or_coverage,,2025,False
20251126_0300_HARP14060_NOAA14287,59360,source_sample_id,block_download_or_coverage,,2025,False
20251126_0412_HARP14081_NOAA14290,59362,source_sample_id,block_download_or_coverage,,2025,False
20251126_0436_HARP14060_NOAA14287,59363,source_sample_id,block_download_or_coverage,,2025,False
20251126_0548_HARP14081_NOAA14290,59365,source_sample_id,block_download_or_coverage,,2025,False
20251126_0612_HARP14060_NOAA14287,59366,source_sample_id,block_download_or_coverage,,2025,False
20251126_0724_HARP14081_NOAA14290,59368,source_sample_id,block_download_or_coverage,,2025,False
20251126_0748_HARP14060_NOAA14287,59369,source_sample_id,block_download_or_coverage,,2025,False
20251126_0900_HARP14081_NOAA14290,59371,source_sample_id,block_download_or_coverage,,2025,False
20251126_0924_HARP14060_NOAA14287,59372,source_sample_id,block_download_or_coverage,,2025,False
20251126_1036_HARP14081_NOAA14290,59374,source_sample_id,block_download_or_coverage,,2025,False
20251126_1100_HARP14060_NOAA14287,59375,source_sample_id,block_download_or_coverage,,2025,False
20251126_1148_HARP14090_NOAA14293,59377,source_sample_id,block_download_or_coverage,,2025,False
20251126_1212_HARP14081_NOAA14290,59378,source_sample_id,block_download_or_coverage,,2025,False
20251126_1236_HARP14060_NOAA14287,59379,source_sample_id,block_download_or_coverage,,2025,False
20251126_1324_HARP14090_NOAA14293,59381,source_sample_id,block_download_or_coverage,,2025,False
20251126_1348_HARP14081_NOAA14290,59382,source_sample_id,block_download_or_coverage,,2025,False
20251126_1412_HARP14060_NOAA14287,59383,source_sample_id,block_download_or_coverage,,2025,False
20251126_1500_HARP14090_NOAA14293,59385,source_sample_id,block_download_or_coverage,,2025,False
20251129_2124_HARP14090_NOAA14293,59387,source_sample_id,block_download_or_coverage,,2025,False
20251129_2300_HARP14090_NOAA14293,59388,source_sample_id,block_download_or_coverage,,2025,False
20251130_0036_HARP14090_NOAA14293,59390,source_sample_id,block_download_or_coverage,,2025,False
20251130_0212_HARP14090_NOAA14293,59392,source_sample_id,block_download_or_coverage,,2025,False
20251130_0348_HARP14090_NOAA14293,59394,source_sample_id,block_download_or_coverage,,2025,False
20251130_0524_HARP14090_NOAA14293,59395,source_sample_id,block_download_or_coverage,,2025,False
20251130_0700_HARP14090_NOAA14293,59396,source_sample_id,block_download_or_coverage,,2025,False
20251130_0836_HARP14090_NOAA14293,59397,source_sample_id,block_download_or_coverage,,2025,False
20251130_1012_HARP14090_NOAA14293,59398,source_sample_id,block_download_or_coverage,,2025,False
20251130_1148_HARP14090_NOAA14293,59399,source_sample_id,block_download_or_coverage,,2025,False
20251130_1324_HARP14090_NOAA14293,59400,source_sample_id,block_download_or_coverage,,2025,False
20251130_1500_HARP14090_NOAA14293,59401,source_sample_id,block_download_or_coverage,,2025,False
20251130_1636_HARP14090_NOAA14293,59402,source_sample_id,block_download_or_coverage,,2025,False
20251130_1812_HARP14090_NOAA14293,59403,source_sample_id,block_download_or_coverage,,2025,False
20251201_0024_HARP14108_NOAA14297,59404,source_sample_id,block_download_or_coverage,,2025,False
20251201_0200_HARP14108_NOAA14297,59405,source_sample_id,block_download_or_coverage,,2025,False
20251201_0336_HARP14108_NOAA14297,59406,source_sample_id,block_download_or_coverage,,2025,False
20251201_0512_HARP14108_NOAA14297,59407,source_sample_id,block_download_or_coverage,,2025,False
20251201_0648_HARP14108_NOAA14297,59408,source_sample_id,block_download_or_coverage,,2025,False
20251201_0824_HARP14108_NOAA14297,59409,source_sample_id,block_download_or_coverage,,2025,False
20251201_1000_HARP14108_NOAA14297,59410,source_sample_id,block_download_or_coverage,,2025,False
20251201_1136_HARP14108_NOAA14297,59411,source_sample_id,block_download_or_coverage,,2025,False
20251201_1312_HARP14108_NOAA14297,59412,source_sample_id,block_download_or_coverage,,2025,False
20251201_1448_HARP14108_NOAA14297,59414,source_sample_id,block_download_or_coverage,,2025,False
20251201_1624_HARP14108_NOAA14297,59416,source_sample_id,block_download_or_coverage,,2025,False
20251203_0224_HARP14108_NOAA14297,59421,source_sample_id,block_download_or_coverage,,2025,False
20251203_0400_HARP14108_NOAA14297,59422,source_sample_id,block_download_or_coverage,,2025,False
20251203_0536_HARP14108_NOAA14297,59423,source_sample_id,block_download_or_coverage,,2025,False
20251203_0712_HARP14108_NOAA14297,59424,source_sample_id,block_download_or_coverage,,2025,False
20251204_1224_HARP14111_NOAA14294,59428,source_sample_id,block_download_or_coverage,,2025,False
20251204_1400_HARP14111_NOAA14294,59429,source_sample_id,block_download_or_coverage,,2025,False
20251204_1536_HARP14111_NOAA14294,59430,source_sample_id,block_download_or_coverage,,2025,False
20251204_1712_HARP14111_NOAA14294,59431,source_sample_id,block_download_or_coverage,,2025,False
20251204_1724_HARP14117_NOAA14299,59432,source_sample_id,block_download_or_coverage,,2025,False
20251204_1848_HARP14111_NOAA14294,59433,source_sample_id,block_download_or_coverage,,2025,False
20251204_1900_HARP14117_NOAA14299,59434,source_sample_id,block_download_or_coverage,,2025,False
20251204_2024_HARP14111_NOAA14294,59435,source_sample_id,block_download_or_coverage,,2025,False
20251204_2036_HARP14117_NOAA14299,59436,source_sample_id,block_download_or_coverage,,2025,False
20251204_2200_HARP14111_NOAA14294,59437,source_sample_id,block_download_or_coverage,,2025,False
20251204_2212_HARP14117_NOAA14299,59438,source_sample_id,block_download_or_coverage,,2025,False
20251204_2336_HARP14111_NOAA14294,59439,source_sample_id,block_download_or_coverage,,2025,False
20251204_2348_HARP14117_NOAA14299,59440,source_sample_id,block_download_or_coverage,,2025,False
20251205_0112_HARP14111_NOAA14294,59442,source_sample_id,block_download_or_coverage,,2025,False
20251205_0124_HARP14117_NOAA14299,59443,source_sample_id,block_download_or_coverage,,2025,False
20251205_0248_HARP14111_NOAA14294,59445,source_sample_id,block_download_or_coverage,,2025,False
20251205_0300_HARP14117_NOAA14299,59446,source_sample_id,block_download_or_coverage,,2025,False
20251205_0424_HARP14111_NOAA14294,59448,source_sample_id,block_download_or_coverage,,2025,False
20251205_0436_HARP14117_NOAA14299,59449,source_sample_id,block_download_or_coverage,,2025,False
20251205_0612_HARP14117_NOAA14299,59451,source_sample_id,block_download_or_coverage,,2025,False
20251205_0748_HARP14117_NOAA14299,59453,source_sample_id,block_download_or_coverage,,2025,False
20251205_0924_HARP14117_NOAA14299,59455,source_sample_id,block_download_or_coverage,,2025,False
20251205_1100_HARP14117_NOAA14299,59457,source_sample_id,block_download_or_coverage,,2025,False
20251205_1236_HARP14117_NOAA14299,59459,source_sample_id,block_download_or_coverage,,2025,False
20251205_1412_HARP14117_NOAA14299,59461,source_sample_id,block_download_or_coverage,,2025,False
20251205_1548_HARP14117_NOAA14299,59463,source_sample_id,block_download_or_coverage,,2025,False
20251205_1724_HARP14117_NOAA14299,59465,source_sample_id,block_download_or_coverage,,2025,False
20251205_1900_HARP14117_NOAA14299,59466,source_sample_id,block_download_or_coverage,,2025,False
20251205_2036_HARP14117_NOAA14299,59467,source_sample_id,block_download_or_coverage,,2025,False
20251205_2100_HARP14124_NOAA14300,59468,source_sample_id,block_download_or_coverage,,2025,False
20251205_2212_HARP14117_NOAA14299,59469,source_sample_id,block_download_or_coverage,,2025,False
20251205_2236_HARP14124_NOAA14300,59470,source_sample_id,block_download_or_coverage,,2025,False
20251205_2348_HARP14117_NOAA14299,59471,source_sample_id,block_download_or_coverage,,2025,False
20251206_0012_HARP14124_NOAA14300,59472,source_sample_id,block_download_or_coverage,,2025,False
20251206_0124_HARP14117_NOAA14299,59474,source_sample_id,block_download_or_coverage,,2025,False
20251206_0148_HARP14124_NOAA14300,59475,source_sample_id,block_download_or_coverage,,2025,False
20251206_0300_HARP14117_NOAA14299,59477,source_sample_id,block_download_or_coverage,,2025,False
20251206_0324_HARP14124_NOAA14300,59478,source_sample_id,block_download_or_coverage,,2025,False
20251206_0436_HARP14117_NOAA14299,59480,source_sample_id,block_download_or_coverage,,2025,False
20251206_0500_HARP14124_NOAA14300,59481,source_sample_id,block_download_or_coverage,,2025,False
20251206_0612_HARP14117_NOAA14299,59483,source_sample_id,block_download_or_coverage,,2025,False
20251206_0636_HARP14124_NOAA14300,59484,source_sample_id,block_download_or_coverage,,2025,False
20251206_0748_HARP14117_NOAA14299,59486,source_sample_id,block_download_or_coverage,,2025,False
20251206_0924_HARP14117_NOAA14299,59487,source_sample_id,block_download_or_coverage,,2025,False
20251206_1100_HARP14117_NOAA14299,59488,source_sample_id,block_download_or_coverage,,2025,False
20251206_1236_HARP14117_NOAA14299,59489,source_sample_id,block_download_or_coverage,,2025,False
20251206_1412_HARP14117_NOAA14299,59490,source_sample_id,block_download_or_coverage,,2025,False
20251206_1548_HARP14117_NOAA14299,59491,source_sample_id,block_download_or_coverage,,2025,False
20251206_1724_HARP14117_NOAA14299,59492,source_sample_id,block_download_or_coverage,,2025,False
20251206_1900_HARP14117_NOAA14299,59493,source_sample_id,block_download_or_coverage,,2025,False
20251206_2036_HARP14117_NOAA14299,59494,source_sample_id,block_download_or_coverage,,2025,False
20251206_2212_HARP14117_NOAA14299,59495,source_sample_id,block_download_or_coverage,,2025,False
20251206_2348_HARP14117_NOAA14299,59496,source_sample_id,block_download_or_coverage,,2025,False
20251207_0124_HARP14117_NOAA14299,59497,source_sample_id,block_download_or_coverage,,2025,False
20251207_0300_HARP14117_NOAA14299,59498,source_sample_id,block_download_or_coverage,,2025,False
20251207_0436_HARP14117_NOAA14299,59499,source_sample_id,block_download_or_coverage,,2025,False
20251207_0612_HARP14117_NOAA14299,59500,source_sample_id,block_download_or_coverage,,2025,False
20251207_0748_HARP14117_NOAA14299,59501,source_sample_id,block_download_or_coverage,,2025,False
20251207_0924_HARP14117_NOAA14299,59502,source_sample_id,block_download_or_coverage,,2025,False
20251207_1100_HARP14117_NOAA14299,59503,source_sample_id,block_download_or_coverage,,2025,False
20251207_1236_HARP14117_NOAA14299,59504,source_sample_id,block_download_or_coverage,,2025,False
20251207_1412_HARP14117_NOAA14299,59505,source_sample_id,block_download_or_coverage,,2025,False
20251207_1548_HARP14117_NOAA14299,59506,source_sample_id,block_download_or_coverage,,2025,False
20251207_1724_HARP14117_NOAA14299,59507,source_sample_id,block_download_or_coverage,,2025,False
20251207_1900_HARP14117_NOAA14299,59508,source_sample_id,block_download_or_coverage,,2025,False
20251207_2036_HARP14117_NOAA14299,59509,source_sample_id,block_download_or_coverage,,2025,False
20251208_0436_HARP14117_NOAA14299,59510,source_sample_id,block_download_or_coverage,,2025,False
20251208_0612_HARP14117_NOAA14299,59511,source_sample_id,block_download_or_coverage,,2025,False
20251208_0748_HARP14117_NOAA14299,59512,source_sample_id,block_download_or_coverage,,2025,False
20251208_0924_HARP14117_NOAA14299,59513,source_sample_id,block_download_or_coverage,,2025,False
20251208_1100_HARP14117_NOAA14299,59514,source_sample_id,block_download_or_coverage,,2025,False
20251208_1236_HARP14117_NOAA14299,59515,source_sample_id,block_download_or_coverage,,2025,False
20251208_1412_HARP14117_NOAA14299,59516,source_sample_id,block_download_or_coverage,,2025,False
20251208_1548_HARP14117_NOAA14299,59517,source_sample_id,block_download_or_coverage,,2025,False
20251208_1724_HARP14117_NOAA14299,59518,source_sample_id,block_download_or_coverage,,2025,False
20251208_1900_HARP14117_NOAA14299,59519,source_sample_id,block_download_or_coverage,,2025,False
20251208_2036_HARP14117_NOAA14299,59520,source_sample_id,block_download_or_coverage,,2025,False
20251208_2212_HARP14117_NOAA14299,59521,source_sample_id,block_download_or_coverage,,2025,False
20251208_2348_HARP14117_NOAA14299,59522,source_sample_id,block_download_or_coverage,,2025,False
20251209_0836_HARP14138_NOAA14306,59524,source_sample_id,block_download_or_coverage,,2025,False
20251209_1012_HARP14138_NOAA14306,59526,source_sample_id,block_download_or_coverage,,2025,False
20251209_1148_HARP14138_NOAA14306,59528,source_sample_id,block_download_or_coverage,,2025,False
20251209_1324_HARP14138_NOAA14306,59530,source_sample_id,block_download_or_coverage,,2025,False
20251209_1500_HARP14138_NOAA14306,59532,source_sample_id,block_download_or_coverage,,2025,False
20251209_1636_HARP14138_NOAA14306,59534,source_sample_id,block_download_or_coverage,,2025,False
20251209_1812_HARP14138_NOAA14306,59536,source_sample_id,block_download_or_coverage,,2025,False
20251209_1948_HARP14138_NOAA14306,59538,source_sample_id,block_download_or_coverage,,2025,False
20251209_2024_HARP14143_NOAA14303,59539,source_sample_id,block_download_or_coverage,,2025,False
20251209_2124_HARP14138_NOAA14306,59541,source_sample_id,block_download_or_coverage,,2025,False
20251209_2200_HARP14143_NOAA14303,59542,source_sample_id,block_download_or_coverage,,2025,False
20251209_2300_HARP14138_NOAA14306,59544,source_sample_id,block_download_or_coverage,,2025,False
20251209_2336_HARP14143_NOAA14303,59545,source_sample_id,block_download_or_coverage,,2025,False
20251210_0036_HARP14138_NOAA14306,59547,source_sample_id,block_download_or_coverage,,2025,False
20251210_0112_HARP14143_NOAA14303,59548,source_sample_id,block_download_or_coverage,,2025,False
20251210_0212_HARP14138_NOAA14306,59550,source_sample_id,block_download_or_coverage,,2025,False
20251210_0248_HARP14143_NOAA14303,59551,source_sample_id,block_download_or_coverage,,2025,False
20251210_0348_HARP14138_NOAA14306,59552,source_sample_id,block_download_or_coverage,,2025,False
20251210_0424_HARP14143_NOAA14303,59553,source_sample_id,block_download_or_coverage,,2025,False
20251210_0524_HARP14138_NOAA14306,59554,source_sample_id,block_download_or_coverage,,2025,False
20251210_0700_HARP14138_NOAA14306,59555,source_sample_id,block_download_or_coverage,,2025,False
20251210_0836_HARP14138_NOAA14306,59556,source_sample_id,block_download_or_coverage,,2025,False
20251210_1012_HARP14138_NOAA14306,59557,source_sample_id,block_download_or_coverage,,2025,False
20251210_1148_HARP14138_NOAA14306,59558,source_sample_id,block_download_or_coverage,,2025,False
20251210_1324_HARP14138_NOAA14306,59559,source_sample_id,block_download_or_coverage,,2025,False
20251210_1500_HARP14138_NOAA14306,59560,source_sample_id,block_download_or_coverage,,2025,False
20251210_1624_HARP14156_NOAA14307,59561,source_sample_id,block_download_or_coverage,,2025,False
20251210_1636_HARP14138_NOAA14306,59562,source_sample_id,block_download_or_coverage,,2025,False
20251210_1812_HARP14138_NOAA14306,59563,source_sample_id,block_download_or_coverage,,2025,False
20251211_0048_HARP14138_NOAA14306,59565,source_sample_id,block_download_or_coverage,,2025,False
20251211_0224_HARP14138_NOAA14306,59567,source_sample_id,block_download_or_coverage,,2025,False
20251211_0400_HARP14138_NOAA14306,59569,source_sample_id,block_download_or_coverage,,2025,False
20251211_0536_HARP14138_NOAA14306,59571,source_sample_id,block_download_or_coverage,,2025,False
20251211_0712_HARP14138_NOAA14306,59573,source_sample_id,block_download_or_coverage,,2025,False
20251211_0848_HARP14138_NOAA14306,59575,source_sample_id,block_download_or_coverage,,2025,False
20251211_1024_HARP14138_NOAA14306,59577,source_sample_id,block_download_or_coverage,,2025,False
20251211_1200_HARP14138_NOAA14306,59579,source_sample_id,block_download_or_coverage,,2025,False
20251211_1336_HARP14138_NOAA14306,59581,source_sample_id,block_download_or_coverage,,2025,False
20251211_1512_HARP14138_NOAA14306,59583,source_sample_id,block_download_or_coverage,,2025,False
20251211_1648_HARP14138_NOAA14306,59585,source_sample_id,block_download_or_coverage,,2025,False
20251211_1824_HARP14138_NOAA14306,59587,source_sample_id,block_download_or_coverage,,2025,False
20251211_1948_HARP14156_NOAA14307,59588,source_sample_id,block_download_or_coverage,,2025,False
20251211_2000_HARP14138_NOAA14306,59589,source_sample_id,block_download_or_coverage,,2025,False
20251211_2124_HARP14156_NOAA14307,59590,source_sample_id,block_download_or_coverage,,2025,False
20251211_2136_HARP14138_NOAA14306,59591,source_sample_id,block_download_or_coverage,,2025,False
20251211_2300_HARP14156_NOAA14307,59592,source_sample_id,block_download_or_coverage,,2025,False
20251212_0036_HARP14156_NOAA14307,59593,source_sample_id,block_download_or_coverage,,2025,False
20251212_0212_HARP14156_NOAA14307,59595,source_sample_id,block_download_or_coverage,,2025,False
20251212_0348_HARP14156_NOAA14307,59597,source_sample_id,block_download_or_coverage,,2025,False
20251212_0524_HARP14156_NOAA14307,59599,source_sample_id,block_download_or_coverage,,2025,False
20251212_0700_HARP14156_NOAA14307,59600,source_sample_id,block_download_or_coverage,,2025,False
20251212_0836_HARP14156_NOAA14307,59601,source_sample_id,block_download_or_coverage,,2025,False
20251212_1012_HARP14156_NOAA14307,59602,source_sample_id,block_download_or_coverage,,2025,False
20251212_1148_HARP14156_NOAA14307,59603,source_sample_id,block_download_or_coverage,,2025,False
20251212_1324_HARP14156_NOAA14307,59604,source_sample_id,block_download_or_coverage,,2025,False
20251212_1500_HARP14156_NOAA14307,59605,source_sample_id,block_download_or_coverage,,2025,False
20251212_1636_HARP14156_NOAA14307,59606,source_sample_id,block_download_or_coverage,,2025,False
20251212_1812_HARP14156_NOAA14307,59607,source_sample_id,block_download_or_coverage,,2025,False
20251212_1948_HARP14156_NOAA14307,59608,source_sample_id,block_download_or_coverage,,2025,False
20251212_2036_HARP14143_NOAA14303,59609,source_sample_id,block_download_or_coverage,,2025,False
20251212_2124_HARP14156_NOAA14307,59610,source_sample_id,block_download_or_coverage,,2025,False
20251212_2212_HARP14143_NOAA14303,59611,source_sample_id,block_download_or_coverage,,2025,False
20251212_2300_HARP14156_NOAA14307,59612,source_sample_id,block_download_or_coverage,,2025,False
20251212_2348_HARP14143_NOAA14303,59613,source_sample_id,block_download_or_coverage,,2025,False
20251213_0036_HARP14156_NOAA14307,59614,source_sample_id,block_download_or_coverage,,2025,False
20251213_0124_HARP14143_NOAA14303,59615,source_sample_id,block_download_or_coverage,,2025,False
20251213_0212_HARP14156_NOAA14307,59616,source_sample_id,block_download_or_coverage,,2025,False
20251213_0300_HARP14143_NOAA14303,59617,source_sample_id,block_download_or_coverage,,2025,False
20251213_0348_HARP14156_NOAA14307,59618,source_sample_id,block_download_or_coverage,,2025,False
20251213_0436_HARP14143_NOAA14303,59619,source_sample_id,block_download_or_coverage,,2025,False
20251213_0524_HARP14156_NOAA14307,59620,source_sample_id,block_download_or_coverage,,2025,False
20251213_0612_HARP14143_NOAA14303,59621,source_sample_id,block_download_or_coverage,,2025,False
20251213_0700_HARP14156_NOAA14307,59622,source_sample_id,block_download_or_coverage,,2025,False
20251213_0748_HARP14143_NOAA14303,59623,source_sample_id,block_download_or_coverage,,2025,False
20251213_0836_HARP14156_NOAA14307,59624,source_sample_id,block_download_or_coverage,,2025,False
20251213_0924_HARP14143_NOAA14303,59625,source_sample_id,block_download_or_coverage,,2025,False
20251213_1012_HARP14156_NOAA14307,59626,source_sample_id,block_download_or_coverage,,2025,False
20251213_1100_HARP14143_NOAA14303,59627,source_sample_id,block_download_or_coverage,,2025,False
20251213_1148_HARP14156_NOAA14307,59628,source_sample_id,block_download_or_coverage,,2025,False
20251213_1236_HARP14143_NOAA14303,59629,source_sample_id,block_download_or_coverage,,2025,False
20251213_1324_HARP14156_NOAA14307,59630,source_sample_id,block_download_or_coverage,,2025,False
20251213_1412_HARP14143_NOAA14303,59631,source_sample_id,block_download_or_coverage,,2025,False
20251213_1500_HARP14156_NOAA14307,59632,source_sample_id,block_download_or_coverage,,2025,False
20251213_1636_HARP14156_NOAA14307,59634,source_sample_id,block_download_or_coverage,,2025,False
20251213_1812_HARP14156_NOAA14307,59636,source_sample_id,block_download_or_coverage,,2025,False
20251213_1948_HARP14156_NOAA14307,59638,source_sample_id,block_download_or_coverage,,2025,False
20251215_1536_HARP14172_NOAA14310,59648,source_sample_id,block_download_or_coverage,,2025,False
20251215_1712_HARP14172_NOAA14310,59649,source_sample_id,block_download_or_coverage,,2025,False
20251215_1848_HARP14172_NOAA14310,59650,source_sample_id,block_download_or_coverage,,2025,False
20251215_2024_HARP14172_NOAA14310,59651,source_sample_id,block_download_or_coverage,,2025,False
20251215_2200_HARP14172_NOAA14310,59652,source_sample_id,block_download_or_coverage,,2025,False
20251215_2336_HARP14172_NOAA14310,59653,source_sample_id,block_download_or_coverage,,2025,False
20251216_0112_HARP14172_NOAA14310,59654,source_sample_id,block_download_or_coverage,,2025,False
20251216_0248_HARP14172_NOAA14310,59655,source_sample_id,block_download_or_coverage,,2025,False
20251216_0424_HARP14172_NOAA14310,59656,source_sample_id,block_download_or_coverage,,2025,False
20251219_1700_HARP14183_NOAA14322,59664,source_sample_id,block_download_or_coverage,,2025,False
20251219_1836_HARP14183_NOAA14322,59666,source_sample_id,block_download_or_coverage,,2025,False
20251219_2012_HARP14183_NOAA14322,59668,source_sample_id,block_download_or_coverage,,2025,False
20251219_2048_HARP14177_NOAA14313,59669,source_sample_id,block_download_or_coverage,,2025,False
20251219_2148_HARP14183_NOAA14322,59670,source_sample_id,block_download_or_coverage,,2025,False
20251219_2224_HARP14177_NOAA14313,59671,source_sample_id,block_download_or_coverage,,2025,False
20251219_2324_HARP14183_NOAA14322,59672,source_sample_id,block_download_or_coverage,,2025,False
20251220_0000_HARP14177_NOAA14313,59673,source_sample_id,block_download_or_coverage,,2025,False
20251220_0100_HARP14183_NOAA14322,59674,source_sample_id,block_download_or_coverage,,2025,False
20251220_0136_HARP14177_NOAA14313,59675,source_sample_id,block_download_or_coverage,,2025,False
20251220_0312_HARP14177_NOAA14313,59677,source_sample_id,block_download_or_coverage,,2025,False
20251220_0448_HARP14177_NOAA14313,59679,source_sample_id,block_download_or_coverage,,2025,False
20251220_0624_HARP14177_NOAA14313,59681,source_sample_id,block_download_or_coverage,,2025,False
20251220_0800_HARP14177_NOAA14313,59683,source_sample_id,block_download_or_coverage,,2025,False
20251220_0936_HARP14177_NOAA14313,59685,source_sample_id,block_download_or_coverage,,2025,False
20251220_1112_HARP14177_NOAA14313,59687,source_sample_id,block_download_or_coverage,,2025,False
20251220_1248_HARP14177_NOAA14313,59689,source_sample_id,block_download_or_coverage,,2025,False
20251220_1424_HARP14177_NOAA14313,59691,source_sample_id,block_download_or_coverage,,2025,False
20251220_1600_HARP14177_NOAA14313,59693,source_sample_id,block_download_or_coverage,,2025,False
20251220_1736_HARP14177_NOAA14313,59695,source_sample_id,block_download_or_coverage,,2025,False
20251220_1912_HARP14177_NOAA14313,59697,source_sample_id,block_download_or_coverage,,2025,False
20251220_2048_HARP14177_NOAA14313,59699,source_sample_id,block_download_or_coverage,,2025,False
20251221_0236_HARP14183_NOAA14322,59703,source_sample_id,block_download_or_coverage,,2025,False
20251221_0412_HARP14183_NOAA14322,59704,source_sample_id,block_download_or_coverage,,2025,False
20251221_0548_HARP14183_NOAA14322,59705,source_sample_id,block_download_or_coverage,,2025,False
20251221_0724_HARP14183_NOAA14322,59706,source_sample_id,block_download_or_coverage,,2025,False
20251221_0900_HARP14183_NOAA14322,59707,source_sample_id,block_download_or_coverage,,2025,False
20251221_1036_HARP14183_NOAA14322,59708,source_sample_id,block_download_or_coverage,,2025,False
20251221_1212_HARP14183_NOAA14322,59709,source_sample_id,block_download_or_coverage,,2025,False
20251221_1348_HARP14183_NOAA14322,59710,source_sample_id,block_download_or_coverage,,2025,False
20251221_1524_HARP14183_NOAA14322,59711,source_sample_id,block_download_or_coverage,,2025,False
20251221_1700_HARP14183_NOAA14322,59712,source_sample_id,block_download_or_coverage,,2025,False
20251221_1836_HARP14183_NOAA14322,59713,source_sample_id,block_download_or_coverage,,2025,False
20251221_2012_HARP14183_NOAA14322,59714,source_sample_id,block_download_or_coverage,,2025,False
20251221_2148_HARP14183_NOAA14322,59715,source_sample_id,block_download_or_coverage,,2025,False
20251221_2324_HARP14176_NOAA14312,59716,source_sample_id,block_download_or_coverage,,2025,False
20251221_2324_HARP14183_NOAA14322,59717,source_sample_id,block_download_or_coverage,,2025,False
20251222_0100_HARP14176_NOAA14312,59718,source_sample_id,block_download_or_coverage,,2025,False
20251222_0100_HARP14183_NOAA14322,59719,source_sample_id,block_download_or_coverage,,2025,False
20251222_0236_HARP14176_NOAA14312,59721,source_sample_id,block_download_or_coverage,,2025,False
20251222_0236_HARP14183_NOAA14322,59722,source_sample_id,block_download_or_coverage,,2025,False
20251222_0412_HARP14176_NOAA14312,59724,source_sample_id,block_download_or_coverage,,2025,False
20251222_0412_HARP14183_NOAA14322,59725,source_sample_id,block_download_or_coverage,,2025,False
20251222_0548_HARP14176_NOAA14312,59727,source_sample_id,block_download_or_coverage,,2025,False
20251222_0548_HARP14183_NOAA14322,59728,source_sample_id,block_download_or_coverage,,2025,False
20251222_0724_HARP14176_NOAA14312,59730,source_sample_id,block_download_or_coverage,,2025,False
20251222_0724_HARP14183_NOAA14322,59731,source_sample_id,block_download_or_coverage,,2025,False
20251222_0900_HARP14176_NOAA14312,59733,source_sample_id,block_download_or_coverage,,2025,False
20251222_0900_HARP14183_NOAA14322,59734,source_sample_id,block_download_or_coverage,,2025,False
20251222_1036_HARP14176_NOAA14312,59736,source_sample_id,block_download_or_coverage,,2025,False
20251222_1036_HARP14183_NOAA14322,59737,source_sample_id,block_download_or_coverage,,2025,False
20251222_1212_HARP14176_NOAA14312,59739,source_sample_id,block_download_or_coverage,,2025,False
20251222_1212_HARP14183_NOAA14322,59740,source_sample_id,block_download_or_coverage,,2025,False
20251222_1348_HARP14176_NOAA14312,59742,source_sample_id,block_download_or_coverage,,2025,False
20251222_1348_HARP14183_NOAA14322,59743,source_sample_id,block_download_or_coverage,,2025,False
20251222_1524_HARP14176_NOAA14312,59745,source_sample_id,block_download_or_coverage,,2025,False
20251222_1524_HARP14183_NOAA14322,59746,source_sample_id,block_download_or_coverage,,2025,False
20251222_1700_HARP14176_NOAA14312,59748,source_sample_id,block_download_or_coverage,,2025,False
20251222_1700_HARP14183_NOAA14322,59749,source_sample_id,block_download_or_coverage,,2025,False
20251222_1836_HARP14176_NOAA14312,59751,source_sample_id,block_download_or_coverage,,2025,False
20251222_1836_HARP14183_NOAA14322,59752,source_sample_id,block_download_or_coverage,,2025,False
20251222_2012_HARP14176_NOAA14312,59753,source_sample_id,block_download_or_coverage,,2025,False
20251222_2012_HARP14183_NOAA14322,59754,source_sample_id,block_download_or_coverage,,2025,False
20251222_2148_HARP14176_NOAA14312,59755,source_sample_id,block_download_or_coverage,,2025,False
20251222_2148_HARP14183_NOAA14322,59756,source_sample_id,block_download_or_coverage,,2025,False
20251222_2324_HARP14176_NOAA14312,59757,source_sample_id,block_download_or_coverage,,2025,False
20251222_2324_HARP14183_NOAA14322,59758,source_sample_id,block_download_or_coverage,,2025,False
20251223_0100_HARP14176_NOAA14312,59759,source_sample_id,block_download_or_coverage,,2025,False
20251223_0100_HARP14183_NOAA14322,59760,source_sample_id,block_download_or_coverage,,2025,False
20251223_0236_HARP14176_NOAA14312,59762,source_sample_id,block_download_or_coverage,,2025,False
20251223_0236_HARP14183_NOAA14322,59763,source_sample_id,block_download_or_coverage,,2025,False
20251223_0412_HARP14176_NOAA14312,59765,source_sample_id,block_download_or_coverage,,2025,False
20251223_0412_HARP14183_NOAA14322,59766,source_sample_id,block_download_or_coverage,,2025,False
20251223_0548_HARP14176_NOAA14312,59768,source_sample_id,block_download_or_coverage,,2025,False
20251223_0548_HARP14183_NOAA14322,59769,source_sample_id,block_download_or_coverage,,2025,False
20251223_0724_HARP14176_NOAA14312,59771,source_sample_id,block_download_or_coverage,,2025,False
20251223_0724_HARP14183_NOAA14322,59772,source_sample_id,block_download_or_coverage,,2025,False
20251223_0900_HARP14176_NOAA14312,59774,source_sample_id,block_download_or_coverage,,2025,False
20251223_0900_HARP14183_NOAA14322,59775,source_sample_id,block_download_or_coverage,,2025,False
20251223_1036_HARP14176_NOAA14312,59777,source_sample_id,block_download_or_coverage,,2025,False
20251223_1036_HARP14183_NOAA14322,59778,source_sample_id,block_download_or_coverage,,2025,False
20251223_1212_HARP14176_NOAA14312,59780,source_sample_id,block_download_or_coverage,,2025,False
20251223_1348_HARP14176_NOAA14312,59782,source_sample_id,block_download_or_coverage,,2025,False
20251223_1524_HARP14176_NOAA14312,59784,source_sample_id,block_download_or_coverage,,2025,False
20251223_1700_HARP14176_NOAA14312,59786,source_sample_id,block_download_or_coverage,,2025,False
20251223_1836_HARP14176_NOAA14312,59788,source_sample_id,block_download_or_coverage,,2025,False
20251224_0112_HARP14176_NOAA14312,59789,source_sample_id,block_download_or_coverage,,2025,False
20251224_0248_HARP14176_NOAA14312,59790,source_sample_id,block_download_or_coverage,,2025,False
20251224_0424_HARP14176_NOAA14312,59791,source_sample_id,block_download_or_coverage,,2025,False
20251224_1724_HARP14191_NOAA14317,59792,source_sample_id,block_download_or_coverage,,2025,False
20251224_1900_HARP14191_NOAA14317,59793,source_sample_id,block_download_or_coverage,,2025,False
20251224_2036_HARP14191_NOAA14317,59794,source_sample_id,block_download_or_coverage,,2025,False
20251224_2212_HARP14191_NOAA14317,59795,source_sample_id,block_download_or_coverage,,2025,False
20251224_2348_HARP14191_NOAA14317,59796,source_sample_id,block_download_or_coverage,,2025,False
20251225_0124_HARP14191_NOAA14317,59797,source_sample_id,block_download_or_coverage,,2025,False
20251225_0136_HARP14187_NOAA14316,59798,source_sample_id,block_download_or_coverage,,2025,False
20251225_0300_HARP14191_NOAA14317,59799,source_sample_id,block_download_or_coverage,,2025,False
20251225_0312_HARP14187_NOAA14316,59800,source_sample_id,block_download_or_coverage,,2025,False
20251225_0436_HARP14191_NOAA14317,59801,source_sample_id,block_download_or_coverage,,2025,False
20251225_0448_HARP14187_NOAA14316,59802,source_sample_id,block_download_or_coverage,,2025,False
20251225_0612_HARP14191_NOAA14317,59803,source_sample_id,block_download_or_coverage,,2025,False
20251225_0624_HARP14187_NOAA14316,59804,source_sample_id,block_download_or_coverage,,2025,False
20251225_0748_HARP14191_NOAA14317,59805,source_sample_id,block_download_or_coverage,,2025,False
20251225_0800_HARP14187_NOAA14316,59806,source_sample_id,block_download_or_coverage,,2025,False
20251225_0924_HARP14191_NOAA14317,59807,source_sample_id,block_download_or_coverage,,2025,False
20251225_0936_HARP14187_NOAA14316,59808,source_sample_id,block_download_or_coverage,,2025,False
20251225_1100_HARP14191_NOAA14317,59809,source_sample_id,block_download_or_coverage,,2025,False
20251225_1112_HARP14187_NOAA14316,59810,source_sample_id,block_download_or_coverage,,2025,False
20251225_1236_HARP14191_NOAA14317,59812,source_sample_id,block_download_or_coverage,,2025,False
20251225_1248_HARP14187_NOAA14316,59813,source_sample_id,block_download_or_coverage,,2025,False
20251225_1424_HARP14187_NOAA14316,59815,source_sample_id,block_download_or_coverage,,2025,False
20251225_1600_HARP14187_NOAA14316,59817,source_sample_id,block_download_or_coverage,,2025,False
20251225_1736_HARP14187_NOAA14316,59819,source_sample_id,block_download_or_coverage,,2025,False
20251225_1912_HARP14187_NOAA14316,59821,source_sample_id,block_download_or_coverage,,2025,False
20251225_2048_HARP14187_NOAA14316,59823,source_sample_id,block_download_or_coverage,,2025,False
20251225_2224_HARP14187_NOAA14316,59825,source_sample_id,block_download_or_coverage,,2025,False
20251225_2348_HARP14200_NOAA14319,59827,source_sample_id,block_download_or_coverage,,2025,False
20251226_0000_HARP14187_NOAA14316,59828,source_sample_id,block_download_or_coverage,,2025,False
20251226_0124_HARP14200_NOAA14319,59830,source_sample_id,block_download_or_coverage,,2025,False
20251226_0136_HARP14187_NOAA14316,59831,source_sample_id,block_download_or_coverage,,2025,False
20251226_0300_HARP14200_NOAA14319,59833,source_sample_id,block_download_or_coverage,,2025,False
20251226_0312_HARP14187_NOAA14316,59834,source_sample_id,block_download_or_coverage,,2025,False
20251226_0436_HARP14200_NOAA14319,59836,source_sample_id,block_download_or_coverage,,2025,False
20251226_0448_HARP14187_NOAA14316,59837,source_sample_id,block_download_or_coverage,,2025,False
20251226_0612_HARP14200_NOAA14319,59838,source_sample_id,block_download_or_coverage,,2025,False
20251226_0624_HARP14187_NOAA14316,59839,source_sample_id,block_download_or_coverage,,2025,False
20251226_0748_HARP14200_NOAA14319,59840,source_sample_id,block_download_or_coverage,,2025,False
20251226_0800_HARP14187_NOAA14316,59841,source_sample_id,block_download_or_coverage,,2025,False
20251226_0924_HARP14200_NOAA14319,59842,source_sample_id,block_download_or_coverage,,2025,False
20251226_1100_HARP14200_NOAA14319,59843,source_sample_id,block_download_or_coverage,,2025,False
20251226_1236_HARP14200_NOAA14319,59844,source_sample_id,block_download_or_coverage,,2025,False
20251226_1412_HARP14200_NOAA14319,59845,source_sample_id,block_download_or_coverage,,2025,False
20251226_1548_HARP14200_NOAA14319,59846,source_sample_id,block_download_or_coverage,,2025,False
20251226_1724_HARP14200_NOAA14319,59847,source_sample_id,block_download_or_coverage,,2025,False
20251226_1900_HARP14200_NOAA14319,59848,source_sample_id,block_download_or_coverage,,2025,False
20251226_2036_HARP14200_NOAA14319,59849,source_sample_id,block_download_or_coverage,,2025,False
20251226_2212_HARP14200_NOAA14319,59850,source_sample_id,block_download_or_coverage,,2025,False
20251226_2224_HARP14205_NOAA14320,59851,source_sample_id,block_download_or_coverage,,2025,False
20251226_2348_HARP14200_NOAA14319,59852,source_sample_id,block_download_or_coverage,,2025,False
20251227_0000_HARP14205_NOAA14320,59853,source_sample_id,block_download_or_coverage,,2025,False
20251227_0124_HARP14200_NOAA14319,59854,source_sample_id,block_download_or_coverage,,2025,False
20251227_0136_HARP14205_NOAA14320,59855,source_sample_id,block_download_or_coverage,,2025,False
20251227_0300_HARP14200_NOAA14319,59856,source_sample_id,block_download_or_coverage,,2025,False
20251227_0312_HARP14205_NOAA14320,59857,source_sample_id,block_download_or_coverage,,2025,False
20251227_0436_HARP14200_NOAA14319,59858,source_sample_id,block_download_or_coverage,,2025,False
20251227_0448_HARP14205_NOAA14320,59859,source_sample_id,block_download_or_coverage,,2025,False
20251227_0612_HARP14200_NOAA14319,59860,source_sample_id,block_download_or_coverage,,2025,False
20251227_0624_HARP14205_NOAA14320,59861,source_sample_id,block_download_or_coverage,,2025,False
20251227_0748_HARP14200_NOAA14319,59862,source_sample_id,block_download_or_coverage,,2025,False
20251227_0800_HARP14205_NOAA14320,59863,source_sample_id,block_download_or_coverage,,2025,False
20251227_0924_HARP14200_NOAA14319,59864,source_sample_id,block_download_or_coverage,,2025,False
20251227_0936_HARP14205_NOAA14320,59865,source_sample_id,block_download_or_coverage,,2025,False
20251227_1100_HARP14200_NOAA14319,59866,source_sample_id,block_download_or_coverage,,2025,False
20251227_1112_HARP14205_NOAA14320,59867,source_sample_id,block_download_or_coverage,,2025,False
20251227_1236_HARP14200_NOAA14319,59869,source_sample_id,block_download_or_coverage,,2025,False
20251227_1248_HARP14205_NOAA14320,59870,source_sample_id,block_download_or_coverage,,2025,False
20251227_1412_HARP14200_NOAA14319,59872,source_sample_id,block_download_or_coverage,,2025,False
20251227_1424_HARP14205_NOAA14320,59873,source_sample_id,block_download_or_coverage,,2025,False
20251227_1548_HARP14200_NOAA14319,59875,source_sample_id,block_download_or_coverage,,2025,False
20251227_1600_HARP14205_NOAA14320,59876,source_sample_id,block_download_or_coverage,,2025,False
20251227_1724_HARP14200_NOAA14319,59878,source_sample_id,block_download_or_coverage,,2025,False
20251227_1736_HARP14205_NOAA14320,59879,source_sample_id,block_download_or_coverage,,2025,False
20251227_1900_HARP14200_NOAA14319,59881,source_sample_id,block_download_or_coverage,,2025,False
20251227_1912_HARP14205_NOAA14320,59882,source_sample_id,block_download_or_coverage,,2025,False
20251227_2036_HARP14200_NOAA14319,59884,source_sample_id,block_download_or_coverage,,2025,False
20251227_2048_HARP14205_NOAA14320,59885,source_sample_id,block_download_or_coverage,,2025,False
20251227_2212_HARP14200_NOAA14319,59887,source_sample_id,block_download_or_coverage,,2025,False
20251227_2224_HARP14205_NOAA14320,59888,source_sample_id,block_download_or_coverage,,2025,False
20251227_2348_HARP14200_NOAA14319,59890,source_sample_id,block_download_or_coverage,,2025,False
20251228_0000_HARP14205_NOAA14320,59891,source_sample_id,block_download_or_coverage,,2025,False
20260322_0100_HARP14507_NOAA14398,61215,source_sample_id,block_download_or_coverage,2026_HARP14507_20260322_0100_20260322_2324,2026,True
