sample_id,year,recovery_class,block_id,persistent_after_recovery
20250119_1124_HARP12589_NOAA13961,2025,crop_patch_boundary,2025_HARP12589_20250119_1124_20250120_0500,False
20250119_1300_HARP12589_NOAA13961,2025,crop_patch_boundary,2025_HARP12589_20250119_1124_20250120_0500,False
20250119_1612_HARP12589_NOAA13961,2025,crop_patch_boundary,2025_HARP12589_20250119_1124_20250120_0500,False
20250119_1748_HARP12589_NOAA13961,2025,crop_patch_boundary,2025_HARP12589_20250119_1124_20250120_0500,False
20250119_1924_HARP12589_NOAA13961,2025,crop_patch_boundary,2025_HARP12589_20250119_1124_20250120_0500,False
20250119_2100_HARP12589_NOAA13961,2025,crop_patch_boundary,2025_HARP12589_20250119_1124_20250120_0500,False
20250119_2236_HARP12589_NOAA13961,2025,crop_patch_boundary,2025_HARP12589_20250119_1124_20250120_0500,False
20250120_0012_HARP12589_NOAA13961,2025,crop_patch_boundary,2025_HARP12589_20250119_1124_20250120_0500,False
20250120_0148_HARP12589_NOAA13961,2025,crop_patch_boundary,2025_HARP12589_20250119_1124_20250120_0500,False
20250120_0324_HARP12589_NOAA13961,2025,crop_patch_boundary,2025_HARP12589_20250119_1124_20250120_0500,False
20250120_0500_HARP12589_NOAA13961,2025,crop_patch_boundary,2025_HARP12589_20250119_1124_20250120_0500,False
20250120_1100_HARP12589_NOAA13961,2025,crop_patch_boundary,2025_HARP12589_20250120_1100_20250120_1724,False
20250120_1236_HARP12589_NOAA13961,2025,crop_patch_boundary,2025_HARP12589_20250120_1100_20250120_1724,False
20250120_1412_HARP12589_NOAA13961,2025,crop_patch_boundary,2025_HARP12589_20250120_1100_20250120_1724,False
20250120_1548_HARP12589_NOAA13961,2025,crop_patch_boundary,2025_HARP12589_20250120_1100_20250120_1724,False
20250120_1724_HARP12589_NOAA13961,2025,crop_patch_boundary,2025_HARP12589_20250120_1100_20250120_1724,False
20250120_2212_HARP12589_NOAA13961,2025,crop_patch_boundary,2025_HARP12589_20250120_2212_20250121_0624,False
20250120_2348_HARP12589_NOAA13961,2025,crop_patch_boundary,2025_HARP12589_20250120_2212_20250121_0624,False
20250121_0124_HARP12589_NOAA13961,2025,crop_patch_boundary,2025_HARP12589_20250120_2212_20250121_0624,False
20250121_0312_HARP12589_NOAA13961,2025,crop_patch_boundary,2025_HARP12589_20250120_2212_20250121_0624,False
20250121_0448_HARP12589_NOAA13961,2025,crop_patch_boundary,2025_HARP12589_20250120_2212_20250121_0624,False
20250121_0624_HARP12589_NOAA13961,2025,crop_patch_boundary,2025_HARP12589_20250120_2212_20250121_0624,False
20250121_1048_HARP12589_NOAA13961,2025,crop_patch_boundary,2025_HARP12589_20250121_1048_20250122_0612,False
20250121_1224_HARP12589_NOAA13961,2025,crop_patch_boundary,2025_HARP12589_20250121_1048_20250122_0612,False
20250121_1400_HARP12589_NOAA13961,2025,crop_patch_boundary,2025_HARP12589_20250121_1048_20250122_0612,False
20250121_1536_HARP12589_NOAA13961,2025,crop_patch_boundary,2025_HARP12589_20250121_1048_20250122_0612,False
20250121_1712_HARP12589_NOAA13961,2025,crop_patch_boundary,2025_HARP12589_20250121_1048_20250122_0612,False
20250121_1848_HARP12589_NOAA13961,2025,crop_patch_boundary,2025_HARP12589_20250121_1048_20250122_0612,False
20250121_2036_HARP12589_NOAA13961,2025,crop_patch_boundary,2025_HARP12589_20250121_1048_20250122_0612,False
20250121_2212_HARP12589_NOAA13961,2025,crop_patch_boundary,2025_HARP12589_20250121_1048_20250122_0612,False
20250121_2348_HARP12589_NOAA13961,2025,crop_patch_boundary,2025_HARP12589_20250121_1048_20250122_0612,False
20250122_0124_HARP12589_NOAA13961,2025,crop_patch_boundary,2025_HARP12589_20250121_1048_20250122_0612,False
20250122_0300_HARP12589_NOAA13961,2025,crop_patch_boundary,2025_HARP12589_20250121_1048_20250122_0612,False
20250122_0436_HARP12589_NOAA13961,2025,crop_patch_boundary,2025_HARP12589_20250121_1048_20250122_0612,False
20250122_0612_HARP12589_NOAA13961,2025,crop_patch_boundary,2025_HARP12589_20250121_1048_20250122_0612,False
20250122_1048_HARP12589_NOAA13961,2025,crop_patch_boundary,2025_HARP12589_20250122_1048_20250123_0512,False
20250122_1136_HARP12600_NOAA13962,2025,crop_patch_boundary,2025_HARP12600_20250122_1000_20250122_1624,False
20250122_1224_HARP12589_NOAA13961,2025,crop_patch_boundary,2025_HARP12589_20250122_1048_20250123_0512,False
20250122_1312_HARP12600_NOAA13962,2025,crop_patch_boundary,2025_HARP12600_20250122_1000_20250122_1624,False
20250122_1400_HARP12589_NOAA13961,2025,crop_patch_boundary,2025_HARP12589_20250122_1048_20250123_0512,False
20250122_1448_HARP12600_NOAA13962,2025,crop_patch_boundary,2025_HARP12600_20250122_1000_20250122_1624,False
20250122_1536_HARP12589_NOAA13961,2025,crop_patch_boundary,2025_HARP12589_20250122_1048_20250123_0512,False
20250122_1624_HARP12600_NOAA13962,2025,crop_patch_boundary,2025_HARP12600_20250122_1000_20250122_1624,False
20250122_1712_HARP12589_NOAA13961,2025,crop_patch_boundary,2025_HARP12589_20250122_1048_20250123_0512,False
20250122_1848_HARP12589_NOAA13961,2025,crop_patch_boundary,2025_HARP12589_20250122_1048_20250123_0512,False
20250122_1936_HARP12600_NOAA13962,2025,crop_patch_boundary,2025_HARP12600_20250122_1936_20250122_2112,False
20250122_2024_HARP12589_NOAA13961,2025,crop_patch_boundary,2025_HARP12589_20250122_1048_20250123_0512,False
20250122_2112_HARP12600_NOAA13962,2025,crop_patch_boundary,2025_HARP12600_20250122_1936_20250122_2112,False
20250122_2200_HARP12589_NOAA13961,2025,crop_patch_boundary,2025_HARP12589_20250122_1048_20250123_0512,False
20250123_0024_HARP12589_NOAA13961,2025,crop_patch_boundary,2025_HARP12589_20250122_1048_20250123_0512,False
20250123_0112_HARP12600_NOAA13962,2025,crop_patch_boundary,2025_HARP12600_20250123_0112_20250123_0424,False
20250123_0200_HARP12589_NOAA13961,2025,crop_patch_boundary,2025_HARP12589_20250122_1048_20250123_0512,False
20250123_0248_HARP12600_NOAA13962,2025,crop_patch_boundary,2025_HARP12600_20250123_0112_20250123_0424,False
20250123_0336_HARP12589_NOAA13961,2025,crop_patch_boundary,2025_HARP12589_20250122_1048_20250123_0512,False
20250123_0424_HARP12600_NOAA13962,2025,crop_patch_boundary,2025_HARP12600_20250123_0112_20250123_0424,False
20250123_0512_HARP12589_NOAA13961,2025,crop_patch_boundary,2025_HARP12589_20250122_1048_20250123_0512,False
20250123_0924_HARP12589_NOAA13961,2025,crop_patch_boundary,2025_HARP12589_20250123_0924_20250123_2224,False
20250123_1024_HARP12600_NOAA13962,2025,crop_patch_boundary,2025_HARP12600_20250123_1024_20250124_0536,False
20250123_1112_HARP12589_NOAA13961,2025,crop_patch_boundary,2025_HARP12589_20250123_0924_20250123_2224,False
20250123_1200_HARP12600_NOAA13962,2025,crop_patch_boundary,2025_HARP12600_20250123_1024_20250124_0536,False
20250123_1248_HARP12589_NOAA13961,2025,crop_patch_boundary,2025_HARP12589_20250123_0924_20250123_2224,False
20250123_1424_HARP12589_NOAA13961,2025,crop_patch_boundary,2025_HARP12589_20250123_0924_20250123_2224,False
20250123_1600_HARP12589_NOAA13961,2025,crop_patch_boundary,2025_HARP12589_20250123_0924_20250123_2224,False
20250123_1736_HARP12589_NOAA13961,2025,crop_patch_boundary,2025_HARP12589_20250123_0924_20250123_2224,False
20250123_1912_HARP12589_NOAA13961,2025,crop_patch_boundary,2025_HARP12589_20250123_0924_20250123_2224,False
20250123_2048_HARP12589_NOAA13961,2025,crop_patch_boundary,2025_HARP12589_20250123_0924_20250123_2224,False
20250124_1000_HARP12600_NOAA13962,2025,block_download_or_coverage,,False
20250124_1024_HARP12623_NOAA13969,2025,block_download_or_coverage,,False
20250124_1124_HARP12643_NOAA13973,2025,block_download_or_coverage,,False
20250124_1136_HARP12600_NOAA13962,2025,block_download_or_coverage,,False
20250124_1200_HARP12623_NOAA13969,2025,block_download_or_coverage,,False
20250124_1300_HARP12643_NOAA13973,2025,block_download_or_coverage,,False
20250124_1312_HARP12600_NOAA13962,2025,block_download_or_coverage,,False
20250124_1336_HARP12623_NOAA13969,2025,block_download_or_coverage,,False
20250124_1436_HARP12643_NOAA13973,2025,block_download_or_coverage,,False
20250124_1448_HARP12600_NOAA13962,2025,block_download_or_coverage,,False
20250124_1512_HARP12623_NOAA13969,2025,block_download_or_coverage,,False
20250124_1612_HARP12643_NOAA13973,2025,block_download_or_coverage,,False
20250124_1624_HARP12600_NOAA13962,2025,block_download_or_coverage,,False
20250124_1648_HARP12623_NOAA13969,2025,block_download_or_coverage,,False
20250124_1748_HARP12643_NOAA13973,2025,block_download_or_coverage,,False
20250124_1824_HARP12623_NOAA13969,2025,block_download_or_coverage,,False
20250124_1924_HARP12643_NOAA13973,2025,block_download_or_coverage,,False
20250124_2000_HARP12623_NOAA13969,2025,block_download_or_coverage,,False
20250124_2100_HARP12643_NOAA13973,2025,block_download_or_coverage,,False
20250124_2136_HARP12623_NOAA13969,2025,block_download_or_coverage,,False
20250124_2236_HARP12643_NOAA13973,2025,block_download_or_coverage,,False
20250124_2312_HARP12623_NOAA13969,2025,block_download_or_coverage,,False
20250125_0012_HARP12643_NOAA13973,2025,block_download_or_coverage,,False
20250125_0048_HARP12623_NOAA13969,2025,block_download_or_coverage,,False
20250125_0148_HARP12643_NOAA13973,2025,block_download_or_coverage,,False
20250125_0224_HARP12623_NOAA13969,2025,block_download_or_coverage,,False
20250125_0324_HARP12643_NOAA13973,2025,block_download_or_coverage,,False
20250125_0400_HARP12623_NOAA13969,2025,block_download_or_coverage,,False
20250125_0500_HARP12643_NOAA13973,2025,block_download_or_coverage,,False
20250125_0536_HARP12623_NOAA13969,2025,block_download_or_coverage,,False
20250218_0324_HARP12755_NOAA13993,2025,crop_patch_boundary,2025_HARP12755_20250218_0324_20250219_0148,False
20250218_0500_HARP12755_NOAA13993,2025,crop_patch_boundary,2025_HARP12755_20250218_0324_20250219_0148,False
20250218_0636_HARP12755_NOAA13993,2025,crop_patch_boundary,2025_HARP12755_20250218_0324_20250219_0148,False
20250218_0812_HARP12755_NOAA13993,2025,crop_patch_boundary,2025_HARP12755_20250218_0324_20250219_0148,False
20250218_0948_HARP12755_NOAA13993,2025,crop_patch_boundary,2025_HARP12755_20250218_0324_20250219_0148,False
20250218_1124_HARP12755_NOAA13993,2025,crop_patch_boundary,2025_HARP12755_20250218_0324_20250219_0148,False
20250218_1300_HARP12755_NOAA13993,2025,crop_patch_boundary,2025_HARP12755_20250218_0324_20250219_0148,False
20250218_1436_HARP12755_NOAA13993,2025,crop_patch_boundary,2025_HARP12755_20250218_0324_20250219_0148,False
20250218_1612_HARP12755_NOAA13993,2025,crop_patch_boundary,2025_HARP12755_20250218_0324_20250219_0148,False
20250218_1748_HARP12755_NOAA13993,2025,crop_patch_boundary,2025_HARP12755_20250218_0324_20250219_0148,False
20250218_1924_HARP12755_NOAA13993,2025,crop_patch_boundary,2025_HARP12755_20250218_0324_20250219_0148,False
20250218_2100_HARP12755_NOAA13993,2025,crop_patch_boundary,2025_HARP12755_20250218_0324_20250219_0148,False
20250218_2236_HARP12755_NOAA13993,2025,crop_patch_boundary,2025_HARP12755_20250218_0324_20250219_0148,False
20250219_0012_HARP12755_NOAA13993,2025,crop_patch_boundary,2025_HARP12755_20250218_0324_20250219_0148,False
20250219_0148_HARP12755_NOAA13993,2025,crop_patch_boundary,2025_HARP12755_20250218_0324_20250219_0148,False
20250219_0500_HARP12755_NOAA13993,2025,crop_patch_boundary,2025_HARP12755_20250219_0500_20250220_0336,False
20250219_0812_HARP12755_NOAA13993,2025,crop_patch_boundary,2025_HARP12755_20250219_0500_20250220_0336,False
20250219_1436_HARP12755_NOAA13993,2025,crop_patch_boundary,2025_HARP12755_20250219_0500_20250220_0336,False
20250219_1612_HARP12755_NOAA13993,2025,crop_patch_boundary,2025_HARP12755_20250219_0500_20250220_0336,False
20250219_1748_HARP12755_NOAA13993,2025,crop_patch_boundary,2025_HARP12755_20250219_0500_20250220_0336,False
20250219_1936_HARP12755_NOAA13993,2025,crop_patch_boundary,2025_HARP12755_20250219_0500_20250220_0336,False
20250220_0024_HARP12755_NOAA13993,2025,crop_patch_boundary,2025_HARP12755_20250219_0500_20250220_0336,False
20250220_0200_HARP12755_NOAA13993,2025,crop_patch_boundary,2025_HARP12755_20250219_0500_20250220_0336,False
20250220_0336_HARP12755_NOAA13993,2025,crop_patch_boundary,2025_HARP12755_20250219_0500_20250220_0336,False
20250220_0512_HARP12755_NOAA13993,2025,crop_patch_boundary,2025_HARP12755_20250220_0512_20250220_1624,False
20250220_0648_HARP12755_NOAA13993,2025,crop_patch_boundary,2025_HARP12755_20250220_0512_20250220_1624,False
20250220_0824_HARP12755_NOAA13993,2025,crop_patch_boundary,2025_HARP12755_20250220_0512_20250220_1624,False
20250220_1000_HARP12755_NOAA13993,2025,crop_patch_boundary,2025_HARP12755_20250220_0512_20250220_1624,False
20250220_1136_HARP12755_NOAA13993,2025,crop_patch_boundary,2025_HARP12755_20250220_0512_20250220_1624,False
20250220_1312_HARP12755_NOAA13993,2025,crop_patch_boundary,2025_HARP12755_20250220_0512_20250220_1624,False
20250220_1448_HARP12755_NOAA13993,2025,crop_patch_boundary,2025_HARP12755_20250220_0512_20250220_1624,False
20250220_1624_HARP12755_NOAA13993,2025,crop_patch_boundary,2025_HARP12755_20250220_0512_20250220_1624,False
20250220_1936_HARP12755_NOAA13993,2025,crop_patch_boundary,2025_HARP12755_20250220_1936_20250221_1624,False
20250220_2112_HARP12755_NOAA13993,2025,crop_patch_boundary,2025_HARP12755_20250220_1936_20250221_1624,False
20250220_2248_HARP12755_NOAA13993,2025,crop_patch_boundary,2025_HARP12755_20250220_1936_20250221_1624,False
20250221_0024_HARP12755_NOAA13993,2025,crop_patch_boundary,2025_HARP12755_20250220_1936_20250221_1624,False
20250221_0200_HARP12755_NOAA13993,2025,crop_patch_boundary,2025_HARP12755_20250220_1936_20250221_1624,False
20250221_0336_HARP12755_NOAA13993,2025,crop_patch_boundary,2025_HARP12755_20250220_1936_20250221_1624,False
20250225_0100_HARP12810_NOAA14005,2025,block_download_or_coverage,,False
20250225_0236_HARP12810_NOAA14005,2025,block_download_or_coverage,,False
20250225_0412_HARP12810_NOAA14005,2025,block_download_or_coverage,,False
20250225_0548_HARP12810_NOAA14005,2025,block_download_or_coverage,,False
20250225_0724_HARP12810_NOAA14005,2025,block_download_or_coverage,,False
20250225_0900_HARP12810_NOAA14005,2025,block_download_or_coverage,,False
20250225_1036_HARP12810_NOAA14005,2025,block_download_or_coverage,,False
20250225_1212_HARP12810_NOAA14005,2025,block_download_or_coverage,,False
20250225_1348_HARP12810_NOAA14005,2025,block_download_or_coverage,,False
20250225_1524_HARP12810_NOAA14005,2025,block_download_or_coverage,,False
20250225_1700_HARP12810_NOAA14005,2025,block_download_or_coverage,,False
20250225_1836_HARP12810_NOAA14005,2025,block_download_or_coverage,,False
20250225_2012_HARP12810_NOAA14005,2025,block_download_or_coverage,,False
20250225_2148_HARP12810_NOAA14005,2025,block_download_or_coverage,,False
20250225_2324_HARP12810_NOAA14005,2025,block_download_or_coverage,,False
20250228_0500_HARP12808_NOAA14006,2025,crop_patch_boundary,2025_HARP12808_20250228_0500_20250301_0324,False
20250228_0636_HARP12808_NOAA14006,2025,crop_patch_boundary,2025_HARP12808_20250228_0500_20250301_0324,False
20250228_0812_HARP12808_NOAA14006,2025,crop_patch_boundary,2025_HARP12808_20250228_0500_20250301_0324,False
20250228_0948_HARP12808_NOAA14006,2025,crop_patch_boundary,2025_HARP12808_20250228_0500_20250301_0324,False
20250228_1124_HARP12808_NOAA14006,2025,crop_patch_boundary,2025_HARP12808_20250228_0500_20250301_0324,False
20250228_1300_HARP12808_NOAA14006,2025,crop_patch_boundary,2025_HARP12808_20250228_0500_20250301_0324,False
20250228_1436_HARP12808_NOAA14006,2025,crop_patch_boundary,2025_HARP12808_20250228_0500_20250301_0324,False
20250228_1612_HARP12808_NOAA14006,2025,crop_patch_boundary,2025_HARP12808_20250228_0500_20250301_0324,False
20250228_1748_HARP12808_NOAA14006,2025,crop_patch_boundary,2025_HARP12808_20250228_0500_20250301_0324,False
20250228_1924_HARP12808_NOAA14006,2025,crop_patch_boundary,2025_HARP12808_20250228_0500_20250301_0324,False
20250228_2100_HARP12808_NOAA14006,2025,crop_patch_boundary,2025_HARP12808_20250228_0500_20250301_0324,False
20250228_2236_HARP12808_NOAA14006,2025,crop_patch_boundary,2025_HARP12808_20250228_0500_20250301_0324,False
20250301_0012_HARP12808_NOAA14006,2025,crop_patch_boundary,2025_HARP12808_20250228_0500_20250301_0324,False
20250301_0148_HARP12808_NOAA14006,2025,crop_patch_boundary,2025_HARP12808_20250228_0500_20250301_0324,False
20250301_0324_HARP12808_NOAA14006,2025,crop_patch_boundary,2025_HARP12808_20250228_0500_20250301_0324,False
20250301_0500_HARP12808_NOAA14006,2025,crop_patch_boundary,2025_HARP12808_20250301_0500_20250302_0324,False
20250301_0636_HARP12808_NOAA14006,2025,crop_patch_boundary,2025_HARP12808_20250301_0500_20250302_0324,False
20250301_0812_HARP12808_NOAA14006,2025,crop_patch_boundary,2025_HARP12808_20250301_0500_20250302_0324,False
20250301_0948_HARP12808_NOAA14006,2025,crop_patch_boundary,2025_HARP12808_20250301_0500_20250302_0324,False
20250301_1124_HARP12808_NOAA14006,2025,crop_patch_boundary,2025_HARP12808_20250301_0500_20250302_0324,False
20250301_1300_HARP12808_NOAA14006,2025,crop_patch_boundary,2025_HARP12808_20250301_0500_20250302_0324,False
20250301_1436_HARP12808_NOAA14006,2025,crop_patch_boundary,2025_HARP12808_20250301_0500_20250302_0324,False
20250301_1612_HARP12808_NOAA14006,2025,crop_patch_boundary,2025_HARP12808_20250301_0500_20250302_0324,False
20250301_1748_HARP12808_NOAA14006,2025,crop_patch_boundary,2025_HARP12808_20250301_0500_20250302_0324,False
20250301_1924_HARP12808_NOAA14006,2025,crop_patch_boundary,2025_HARP12808_20250301_0500_20250302_0324,False
20250301_2100_HARP12808_NOAA14006,2025,crop_patch_boundary,2025_HARP12808_20250301_0500_20250302_0324,False
20250301_2236_HARP12808_NOAA14006,2025,crop_patch_boundary,2025_HARP12808_20250301_0500_20250302_0324,False
20250302_0012_HARP12808_NOAA14006,2025,crop_patch_boundary,2025_HARP12808_20250301_0500_20250302_0324,False
20250302_0148_HARP12808_NOAA14006,2025,crop_patch_boundary,2025_HARP12808_20250301_0500_20250302_0324,False
20250302_0324_HARP12808_NOAA14006,2025,crop_patch_boundary,2025_HARP12808_20250301_0500_20250302_0324,False
20250302_0500_HARP12808_NOAA14006,2025,crop_patch_boundary,2025_HARP12808_20250302_0500_20250302_0948,False
20250302_0636_HARP12808_NOAA14006,2025,crop_patch_boundary,2025_HARP12808_20250302_0500_20250302_0948,False
20250302_0812_HARP12808_NOAA14006,2025,crop_patch_boundary,2025_HARP12808_20250302_0500_20250302_0948,False
20250302_0948_HARP12808_NOAA14006,2025,crop_patch_boundary,2025_HARP12808_20250302_0500_20250302_0948,False
20250302_1300_HARP12808_NOAA14006,2025,crop_patch_boundary,2025_HARP12808_20250302_1300_20250303_1124,False
20250302_1436_HARP12808_NOAA14006,2025,crop_patch_boundary,2025_HARP12808_20250302_1300_20250303_1124,False
20250302_1612_HARP12808_NOAA14006,2025,crop_patch_boundary,2025_HARP12808_20250302_1300_20250303_1124,False
20250302_1748_HARP12808_NOAA14006,2025,crop_patch_boundary,2025_HARP12808_20250302_1300_20250303_1124,False
20250302_1924_HARP12808_NOAA14006,2025,crop_patch_boundary,2025_HARP12808_20250302_1300_20250303_1124,False
20250302_2100_HARP12808_NOAA14006,2025,crop_patch_boundary,2025_HARP12808_20250302_1300_20250303_1124,False
20250302_2236_HARP12808_NOAA14006,2025,crop_patch_boundary,2025_HARP12808_20250302_1300_20250303_1124,False
20250303_0012_HARP12808_NOAA14006,2025,crop_patch_boundary,2025_HARP12808_20250302_1300_20250303_1124,False
20250303_0148_HARP12808_NOAA14006,2025,crop_patch_boundary,2025_HARP12808_20250302_1300_20250303_1124,False
20250303_0324_HARP12808_NOAA14006,2025,crop_patch_boundary,2025_HARP12808_20250302_1300_20250303_1124,False
20250303_0500_HARP12808_NOAA14006,2025,crop_patch_boundary,2025_HARP12808_20250302_1300_20250303_1124,False
20250303_0636_HARP12808_NOAA14006,2025,crop_patch_boundary,2025_HARP12808_20250302_1300_20250303_1124,False
20250303_0812_HARP12808_NOAA14006,2025,crop_patch_boundary,2025_HARP12808_20250302_1300_20250303_1124,False
20250303_0948_HARP12808_NOAA14006,2025,crop_patch_boundary,2025_HARP12808_20250302_1300_20250303_1124,False
20250303_1124_HARP12808_NOAA14006,2025,crop_patch_boundary,2025_HARP12808_20250302_1300_20250303_1124,False
20250303_1436_HARP12808_NOAA14006,2025,crop_patch_boundary,2025_HARP12808_20250303_1436_20250303_1748,False
20250303_1612_HARP12808_NOAA14006,2025,crop_patch_boundary,2025_HARP12808_20250303_1436_20250303_1748,False
20250303_1748_HARP12808_NOAA14006,2025,crop_patch_boundary,2025_HARP12808_20250303_1436_20250303_1748,False
20250303_2100_HARP12808_NOAA14006,2025,crop_patch_boundary,2025_HARP12808_20250303_2100_20250304_1924,False
20250303_2236_HARP12808_NOAA14006,2025,crop_patch_boundary,2025_HARP12808_20250303_2100_20250304_1924,False
20250304_0012_HARP12808_NOAA14006,2025,crop_patch_boundary,2025_HARP12808_20250303_2100_20250304_1924,False
20250304_0148_HARP12808_NOAA14006,2025,crop_patch_boundary,2025_HARP12808_20250303_2100_20250304_1924,False
20250304_0324_HARP12808_NOAA14006,2025,crop_patch_boundary,2025_HARP12808_20250303_2100_20250304_1924,False
20250304_0500_HARP12808_NOAA14006,2025,crop_patch_boundary,2025_HARP12808_20250303_2100_20250304_1924,False
20250304_0636_HARP12808_NOAA14006,2025,crop_patch_boundary,2025_HARP12808_20250303_2100_20250304_1924,False
20250304_0812_HARP12808_NOAA14006,2025,crop_patch_boundary,2025_HARP12808_20250303_2100_20250304_1924,False
20250304_0948_HARP12808_NOAA14006,2025,crop_patch_boundary,2025_HARP12808_20250303_2100_20250304_1924,False
20250304_1124_HARP12808_NOAA14006,2025,crop_patch_boundary,2025_HARP12808_20250303_2100_20250304_1924,False
20250304_1300_HARP12808_NOAA14006,2025,crop_patch_boundary,2025_HARP12808_20250303_2100_20250304_1924,False
20250304_1436_HARP12808_NOAA14006,2025,crop_patch_boundary,2025_HARP12808_20250303_2100_20250304_1924,False
20250304_1612_HARP12808_NOAA14006,2025,crop_patch_boundary,2025_HARP12808_20250303_2100_20250304_1924,False
20250304_1748_HARP12808_NOAA14006,2025,crop_patch_boundary,2025_HARP12808_20250303_2100_20250304_1924,False
20250304_1924_HARP12808_NOAA14006,2025,crop_patch_boundary,2025_HARP12808_20250303_2100_20250304_1924,False
20250311_0400_HARP12879_NOAA14019,2025,block_download_or_coverage,,False
20250311_0536_HARP12879_NOAA14019,2025,block_download_or_coverage,,False
20250311_0712_HARP12879_NOAA14019,2025,block_download_or_coverage,,False
20250311_0848_HARP12879_NOAA14019,2025,block_download_or_coverage,,False
20250311_1024_HARP12879_NOAA14019,2025,block_download_or_coverage,,False
20250311_1200_HARP12879_NOAA14019,2025,block_download_or_coverage,,False
20250311_1336_HARP12879_NOAA14019,2025,block_download_or_coverage,,False
20250311_1512_HARP12879_NOAA14019,2025,block_download_or_coverage,,False
20250311_1648_HARP12879_NOAA14019,2025,block_download_or_coverage,,False
20250311_1848_HARP12879_NOAA14019,2025,block_download_or_coverage,,False
20250311_2024_HARP12879_NOAA14019,2025,block_download_or_coverage,,False
20250311_2200_HARP12879_NOAA14019,2025,block_download_or_coverage,,False
20250311_2336_HARP12879_NOAA14019,2025,block_download_or_coverage,,False
20250312_0112_HARP12879_NOAA14019,2025,block_download_or_coverage,,False
20250312_0148_HARP12869_NOAA14018,2025,block_download_or_coverage,,False
20250312_0248_HARP12879_NOAA14019,2025,block_download_or_coverage,,False
20250312_0324_HARP12869_NOAA14018,2025,block_download_or_coverage,,False
20250312_0500_HARP12869_NOAA14018,2025,block_download_or_coverage,,False
20250312_0636_HARP12869_NOAA14018,2025,block_download_or_coverage,,False
20250312_0812_HARP12869_NOAA14018,2025,block_download_or_coverage,,False
20250312_0948_HARP12869_NOAA14018,2025,block_download_or_coverage,,False
20250312_1124_HARP12869_NOAA14018,2025,block_download_or_coverage,,False
20250312_1124_HARP12873_NOAA14017,2025,block_download_or_coverage,,False
20250312_1124_HARP12888_NOAA14027,2025,block_download_or_coverage,,False
20250312_1300_HARP12869_NOAA14018,2025,block_download_or_coverage,,False
20250312_1300_HARP12873_NOAA14017,2025,block_download_or_coverage,,False
20250312_1300_HARP12888_NOAA14027,2025,block_download_or_coverage,,False
20250312_1436_HARP12869_NOAA14018,2025,block_download_or_coverage,,False
20250312_1436_HARP12873_NOAA14017,2025,block_download_or_coverage,,False
20250312_1436_HARP12888_NOAA14027,2025,block_download_or_coverage,,False
20250312_1612_HARP12869_NOAA14018,2025,block_download_or_coverage,,False
20250312_1612_HARP12873_NOAA14017,2025,block_download_or_coverage,,False
20250312_1612_HARP12888_NOAA14027,2025,block_download_or_coverage,,False
20250312_1748_HARP12869_NOAA14018,2025,block_download_or_coverage,,False
20250312_1748_HARP12873_NOAA14017,2025,block_download_or_coverage,,False
20250312_1748_HARP12888_NOAA14027,2025,block_download_or_coverage,,False
20250312_2000_HARP12869_NOAA14018,2025,block_download_or_coverage,,False
20250312_2000_HARP12873_NOAA14017,2025,block_download_or_coverage,,False
20250312_2000_HARP12888_NOAA14027,2025,block_download_or_coverage,,False
20250312_2136_HARP12869_NOAA14018,2025,block_download_or_coverage,,False
20250312_2136_HARP12873_NOAA14017,2025,block_download_or_coverage,,False
20250312_2136_HARP12888_NOAA14027,2025,block_download_or_coverage,,False
20250312_2312_HARP12869_NOAA14018,2025,block_download_or_coverage,,False
20250312_2312_HARP12888_NOAA14027,2025,block_download_or_coverage,,False
20250313_0048_HARP12869_NOAA14018,2025,block_download_or_coverage,,False
20250313_0048_HARP12888_NOAA14027,2025,block_download_or_coverage,,False
20250313_0224_HARP12888_NOAA14027,2025,block_download_or_coverage,,False
20250313_0400_HARP12888_NOAA14027,2025,block_download_or_coverage,,False
20250313_0536_HARP12888_NOAA14027,2025,block_download_or_coverage,,False
20250313_0712_HARP12888_NOAA14027,2025,block_download_or_coverage,,False
20250313_0848_HARP12888_NOAA14027,2025,block_download_or_coverage,,False
20250313_1024_HARP12888_NOAA14027,2025,block_download_or_coverage,,False
20250326_1148_HARP12962_NOAA14040,2025,block_download_or_coverage,,False
20250326_1400_HARP12962_NOAA14040,2025,block_download_or_coverage,,False
20250326_1536_HARP12962_NOAA14040,2025,block_download_or_coverage,,False
20250326_1712_HARP12962_NOAA14040,2025,block_download_or_coverage,,False
20250326_1848_HARP12962_NOAA14040,2025,block_download_or_coverage,,False
20250326_2024_HARP12962_NOAA14040,2025,block_download_or_coverage,,False
20250326_2200_HARP12962_NOAA14040,2025,block_download_or_coverage,,False
20250327_0212_HARP12961_NOAA14039,2025,crop_patch_boundary,2025_HARP12961_20250327_0212_20250328_0036,False
20250327_0348_HARP12961_NOAA14039,2025,crop_patch_boundary,2025_HARP12961_20250327_0212_20250328_0036,False
20250327_0524_HARP12961_NOAA14039,2025,crop_patch_boundary,2025_HARP12961_20250327_0212_20250328_0036,False
20250327_0700_HARP12961_NOAA14039,2025,crop_patch_boundary,2025_HARP12961_20250327_0212_20250328_0036,False
20250327_0836_HARP12961_NOAA14039,2025,crop_patch_boundary,2025_HARP12961_20250327_0212_20250328_0036,False
20250327_1012_HARP12961_NOAA14039,2025,crop_patch_boundary,2025_HARP12961_20250327_0212_20250328_0036,False
20250327_1148_HARP12961_NOAA14039,2025,crop_patch_boundary,2025_HARP12961_20250327_0212_20250328_0036,False
20250327_1324_HARP12961_NOAA14039,2025,crop_patch_boundary,2025_HARP12961_20250327_0212_20250328_0036,False
20250327_1500_HARP12961_NOAA14039,2025,crop_patch_boundary,2025_HARP12961_20250327_0212_20250328_0036,False
20250327_1636_HARP12961_NOAA14039,2025,crop_patch_boundary,2025_HARP12961_20250327_0212_20250328_0036,False
20250327_1812_HARP12961_NOAA14039,2025,crop_patch_boundary,2025_HARP12961_20250327_0212_20250328_0036,False
20250327_1948_HARP12961_NOAA14039,2025,crop_patch_boundary,2025_HARP12961_20250327_0212_20250328_0036,False
20250327_2124_HARP12961_NOAA14039,2025,crop_patch_boundary,2025_HARP12961_20250327_0212_20250328_0036,False
20250327_2300_HARP12961_NOAA14039,2025,crop_patch_boundary,2025_HARP12961_20250327_0212_20250328_0036,False
20250328_0036_HARP12961_NOAA14039,2025,crop_patch_boundary,2025_HARP12961_20250327_0212_20250328_0036,False
20250328_0212_HARP12961_NOAA14039,2025,crop_patch_boundary,2025_HARP12961_20250328_0212_20250329_0036,False
20250328_0348_HARP12961_NOAA14039,2025,crop_patch_boundary,2025_HARP12961_20250328_0212_20250329_0036,False
20250328_0524_HARP12961_NOAA14039,2025,crop_patch_boundary,2025_HARP12961_20250328_0212_20250329_0036,False
20250328_0700_HARP12961_NOAA14039,2025,crop_patch_boundary,2025_HARP12961_20250328_0212_20250329_0036,False
20250328_0836_HARP12961_NOAA14039,2025,crop_patch_boundary,2025_HARP12961_20250328_0212_20250329_0036,False
20250328_1012_HARP12961_NOAA14039,2025,crop_patch_boundary,2025_HARP12961_20250328_0212_20250329_0036,False
20250328_1148_HARP12961_NOAA14039,2025,crop_patch_boundary,2025_HARP12961_20250328_0212_20250329_0036,False
20250328_1324_HARP12961_NOAA14039,2025,crop_patch_boundary,2025_HARP12961_20250328_0212_20250329_0036,False
20250328_1500_HARP12961_NOAA14039,2025,crop_patch_boundary,2025_HARP12961_20250328_0212_20250329_0036,False
20250328_1636_HARP12961_NOAA14039,2025,crop_patch_boundary,2025_HARP12961_20250328_0212_20250329_0036,False
20250328_1812_HARP12961_NOAA14039,2025,crop_patch_boundary,2025_HARP12961_20250328_0212_20250329_0036,False
20250328_1948_HARP12961_NOAA14039,2025,crop_patch_boundary,2025_HARP12961_20250328_0212_20250329_0036,False
20250328_2124_HARP12961_NOAA14039,2025,crop_patch_boundary,2025_HARP12961_20250328_0212_20250329_0036,False
20250328_2300_HARP12961_NOAA14039,2025,crop_patch_boundary,2025_HARP12961_20250328_0212_20250329_0036,False
20250329_0036_HARP12961_NOAA14039,2025,crop_patch_boundary,2025_HARP12961_20250328_0212_20250329_0036,False
20250329_0212_HARP12961_NOAA14039,2025,crop_patch_boundary,2025_HARP12961_20250329_0212_20250329_0212,False
20250329_0524_HARP12961_NOAA14039,2025,crop_patch_boundary,2025_HARP12961_20250329_0524_20250329_1812,False
20250329_0700_HARP12961_NOAA14039,2025,crop_patch_boundary,2025_HARP12961_20250329_0524_20250329_1812,False
20250329_0836_HARP12961_NOAA14039,2025,crop_patch_boundary,2025_HARP12961_20250329_0524_20250329_1812,False
20250329_1012_HARP12961_NOAA14039,2025,crop_patch_boundary,2025_HARP12961_20250329_0524_20250329_1812,False
20250329_1148_HARP12961_NOAA14039,2025,crop_patch_boundary,2025_HARP12961_20250329_0524_20250329_1812,False
20250329_1324_HARP12961_NOAA14039,2025,crop_patch_boundary,2025_HARP12961_20250329_0524_20250329_1812,False
20250329_1500_HARP12961_NOAA14039,2025,crop_patch_boundary,2025_HARP12961_20250329_0524_20250329_1812,False
20250329_1636_HARP12961_NOAA14039,2025,crop_patch_boundary,2025_HARP12961_20250329_0524_20250329_1812,False
20250329_1812_HARP12961_NOAA14039,2025,crop_patch_boundary,2025_HARP12961_20250329_0524_20250329_1812,False
20250329_2124_HARP12961_NOAA14039,2025,crop_patch_boundary,2025_HARP12961_20250329_2124_20250329_2300,False
20250329_2300_HARP12961_NOAA14039,2025,crop_patch_boundary,2025_HARP12961_20250329_2124_20250329_2300,False
20250330_0212_HARP12961_NOAA14039,2025,crop_patch_boundary,2025_HARP12961_20250330_0212_20250330_1812,False
20250330_0348_HARP12961_NOAA14039,2025,crop_patch_boundary,2025_HARP12961_20250330_0212_20250330_1812,False
20250330_0524_HARP12961_NOAA14039,2025,crop_patch_boundary,2025_HARP12961_20250330_0212_20250330_1812,False
20250330_0700_HARP12961_NOAA14039,2025,crop_patch_boundary,2025_HARP12961_20250330_0212_20250330_1812,False
20250330_0836_HARP12961_NOAA14039,2025,crop_patch_boundary,2025_HARP12961_20250330_0212_20250330_1812,False
20250330_1012_HARP12961_NOAA14039,2025,crop_patch_boundary,2025_HARP12961_20250330_0212_20250330_1812,False
20250330_1148_HARP12961_NOAA14039,2025,crop_patch_boundary,2025_HARP12961_20250330_0212_20250330_1812,False
20250330_1324_HARP12961_NOAA14039,2025,crop_patch_boundary,2025_HARP12961_20250330_0212_20250330_1812,False
20250330_1500_HARP12961_NOAA14039,2025,crop_patch_boundary,2025_HARP12961_20250330_0212_20250330_1812,False
20250330_1636_HARP12961_NOAA14039,2025,crop_patch_boundary,2025_HARP12961_20250330_0212_20250330_1812,False
20250330_1812_HARP12961_NOAA14039,2025,crop_patch_boundary,2025_HARP12961_20250330_0212_20250330_1812,False
20250330_2300_HARP12961_NOAA14039,2025,crop_patch_boundary,2025_HARP12961_20250330_2300_20250331_1812,False
20250331_0036_HARP12961_NOAA14039,2025,crop_patch_boundary,2025_HARP12961_20250330_2300_20250331_1812,False
20250331_0212_HARP12961_NOAA14039,2025,crop_patch_boundary,2025_HARP12961_20250330_2300_20250331_1812,False
20250331_0348_HARP12961_NOAA14039,2025,crop_patch_boundary,2025_HARP12961_20250330_2300_20250331_1812,False
20250331_0524_HARP12961_NOAA14039,2025,crop_patch_boundary,2025_HARP12961_20250330_2300_20250331_1812,False
20250331_0700_HARP12961_NOAA14039,2025,crop_patch_boundary,2025_HARP12961_20250330_2300_20250331_1812,False
20250331_0836_HARP12961_NOAA14039,2025,crop_patch_boundary,2025_HARP12961_20250330_2300_20250331_1812,False
20250331_1012_HARP12961_NOAA14039,2025,crop_patch_boundary,2025_HARP12961_20250330_2300_20250331_1812,False
20250331_1148_HARP12961_NOAA14039,2025,crop_patch_boundary,2025_HARP12961_20250330_2300_20250331_1812,False
20250331_1324_HARP12961_NOAA14039,2025,crop_patch_boundary,2025_HARP12961_20250330_2300_20250331_1812,False
20250331_1500_HARP12961_NOAA14039,2025,crop_patch_boundary,2025_HARP12961_20250330_2300_20250331_1812,False
20250331_1636_HARP12961_NOAA14039,2025,crop_patch_boundary,2025_HARP12961_20250330_2300_20250331_1812,False
20250331_1812_HARP12961_NOAA14039,2025,crop_patch_boundary,2025_HARP12961_20250330_2300_20250331_1812,False
20250401_0036_HARP12961_NOAA14039,2025,crop_patch_boundary,2025_HARP12961_20250401_0036_20250401_0036,False
20250404_0748_HARP13004_NOAA14048,2025,block_download_or_coverage,,False
20250404_0748_HARP13009_NOAA14049,2025,block_download_or_coverage,,False
20250404_0924_HARP13004_NOAA14048,2025,block_download_or_coverage,,False
20250404_0924_HARP13009_NOAA14049,2025,block_download_or_coverage,,False
20250404_1100_HARP13004_NOAA14048,2025,block_download_or_coverage,,False
20250404_1100_HARP13009_NOAA14049,2025,block_download_or_coverage,,False
20250404_1236_HARP13004_NOAA14048,2025,block_download_or_coverage,,False
20250404_1236_HARP13009_NOAA14049,2025,block_download_or_coverage,,False
20250404_1412_HARP13004_NOAA14048,2025,block_download_or_coverage,,False
20250404_1412_HARP13009_NOAA14049,2025,block_download_or_coverage,,False
20250404_1424_HARP13024_NOAA14054,2025,block_download_or_coverage,,False
20250404_1548_HARP13004_NOAA14048,2025,block_download_or_coverage,,False
20250404_1548_HARP13009_NOAA14049,2025,block_download_or_coverage,,False
20250404_1600_HARP13024_NOAA14054,2025,block_download_or_coverage,,False
20250404_1724_HARP13004_NOAA14048,2025,block_download_or_coverage,,False
20250404_1724_HARP13009_NOAA14049,2025,block_download_or_coverage,,False
20250404_1736_HARP13024_NOAA14054,2025,block_download_or_coverage,,False
20250404_1900_HARP13004_NOAA14048,2025,block_download_or_coverage,,False
20250404_1900_HARP13009_NOAA14049,2025,block_download_or_coverage,,False
20250404_1912_HARP13024_NOAA14054,2025,block_download_or_coverage,,False
20250404_2036_HARP13004_NOAA14048,2025,block_download_or_coverage,,False
20250404_2036_HARP13009_NOAA14049,2025,block_download_or_coverage,,False
20250404_2048_HARP13011_NOAA14050,2025,block_download_or_coverage,,False
20250404_2048_HARP13024_NOAA14054,2025,block_download_or_coverage,,False
20250404_2212_HARP13004_NOAA14048,2025,block_download_or_coverage,,False
20250404_2212_HARP13009_NOAA14049,2025,block_download_or_coverage,,False
20250404_2224_HARP13011_NOAA14050,2025,block_download_or_coverage,,False
20250404_2224_HARP13024_NOAA14054,2025,block_download_or_coverage,,False
20250404_2348_HARP13004_NOAA14048,2025,block_download_or_coverage,,False
20250404_2348_HARP13009_NOAA14049,2025,block_download_or_coverage,,False
20250405_0000_HARP13011_NOAA14050,2025,block_download_or_coverage,,False
20250405_0000_HARP13024_NOAA14054,2025,block_download_or_coverage,,False
20250405_0124_HARP13004_NOAA14048,2025,block_download_or_coverage,,False
20250405_0124_HARP13009_NOAA14049,2025,block_download_or_coverage,,False
20250405_0136_HARP13011_NOAA14050,2025,block_download_or_coverage,,False
20250405_0136_HARP13024_NOAA14054,2025,block_download_or_coverage,,False
20250405_0224_HARP12997_NOAA14046,2025,block_download_or_coverage,,False
20250405_0300_HARP13004_NOAA14048,2025,block_download_or_coverage,,False
20250405_0300_HARP13009_NOAA14049,2025,block_download_or_coverage,,False
20250405_0312_HARP13011_NOAA14050,2025,block_download_or_coverage,,False
20250405_0312_HARP13024_NOAA14054,2025,block_download_or_coverage,,False
20250405_0400_HARP12997_NOAA14046,2025,block_download_or_coverage,,False
20250405_0436_HARP13004_NOAA14048,2025,block_download_or_coverage,,False
20250405_0436_HARP13009_NOAA14049,2025,block_download_or_coverage,,False
20250405_0448_HARP13011_NOAA14050,2025,block_download_or_coverage,,False
20250405_0448_HARP13024_NOAA14054,2025,block_download_or_coverage,,False
20250405_0536_HARP12997_NOAA14046,2025,block_download_or_coverage,,False
20250405_0612_HARP13004_NOAA14048,2025,block_download_or_coverage,,False
20250405_0612_HARP13009_NOAA14049,2025,block_download_or_coverage,,False
20250405_0624_HARP13011_NOAA14050,2025,block_download_or_coverage,,False
20250405_0624_HARP13024_NOAA14054,2025,block_download_or_coverage,,False
20250405_0712_HARP12997_NOAA14046,2025,block_download_or_coverage,,False
20250405_0748_HARP13004_NOAA14048,2025,block_download_or_coverage,,False
20250405_0800_HARP13024_NOAA14054,2025,block_download_or_coverage,,False
20250405_0848_HARP12997_NOAA14046,2025,block_download_or_coverage,,False
20250405_0924_HARP13004_NOAA14048,2025,block_download_or_coverage,,False
20250405_0936_HARP13024_NOAA14054,2025,block_download_or_coverage,,False
20250405_1024_HARP12997_NOAA14046,2025,block_download_or_coverage,,False
20250405_1100_HARP13004_NOAA14048,2025,block_download_or_coverage,,False
20250405_1112_HARP13024_NOAA14054,2025,block_download_or_coverage,,False
20250405_1200_HARP12997_NOAA14046,2025,block_download_or_coverage,,False
20250405_1236_HARP13004_NOAA14048,2025,block_download_or_coverage,,False
20250405_1248_HARP13024_NOAA14054,2025,block_download_or_coverage,,False
20250405_1336_HARP12997_NOAA14046,2025,block_download_or_coverage,,False
20250405_1412_HARP13004_NOAA14048,2025,block_download_or_coverage,,False
20250405_1512_HARP12997_NOAA14046,2025,block_download_or_coverage,,False
20250405_1548_HARP13004_NOAA14048,2025,block_download_or_coverage,,False
20250405_1648_HARP12997_NOAA14046,2025,block_download_or_coverage,,False
20250405_1724_HARP13004_NOAA14048,2025,block_download_or_coverage,,False
20250405_1824_HARP12997_NOAA14046,2025,block_download_or_coverage,,False
20250405_1900_HARP13004_NOAA14048,2025,block_download_or_coverage,,False
20250405_2000_HARP12997_NOAA14046,2025,block_download_or_coverage,,False
20250405_2036_HARP13004_NOAA14048,2025,block_download_or_coverage,,False
20250405_2136_HARP12997_NOAA14046,2025,block_download_or_coverage,,False
20250405_2212_HARP13004_NOAA14048,2025,block_download_or_coverage,,False
20250405_2312_HARP12997_NOAA14046,2025,block_download_or_coverage,,False
20250405_2348_HARP13004_NOAA14048,2025,block_download_or_coverage,,False
20250406_0124_HARP13004_NOAA14048,2025,block_download_or_coverage,,False
20250406_0300_HARP13004_NOAA14048,2025,block_download_or_coverage,,False
20250406_0436_HARP13004_NOAA14048,2025,block_download_or_coverage,,False
20250406_0612_HARP13004_NOAA14048,2025,block_download_or_coverage,,False
20250422_2012_HARP13105_NOAA14065,2025,block_download_or_coverage,,False
20250422_2148_HARP13105_NOAA14065,2025,block_download_or_coverage,,False
20250422_2324_HARP13105_NOAA14065,2025,block_download_or_coverage,,False
20250424_1936_HARP13118_NOAA14078,2025,block_download_or_coverage,,False
20250424_2112_HARP13118_NOAA14078,2025,block_download_or_coverage,,False
20250424_2248_HARP13118_NOAA14078,2025,block_download_or_coverage,,False
20250425_0024_HARP13118_NOAA14078,2025,block_download_or_coverage,,False
20250425_0200_HARP13118_NOAA14078,2025,block_download_or_coverage,,False
20250425_0336_HARP13118_NOAA14078,2025,block_download_or_coverage,,False
20250425_0512_HARP13118_NOAA14078,2025,block_download_or_coverage,,False
20250425_0648_HARP13118_NOAA14078,2025,block_download_or_coverage,,False
20250425_0824_HARP13118_NOAA14078,2025,block_download_or_coverage,,False
20250506_2024_HARP13182_NOAA14083,2025,block_download_or_coverage,,False
20250506_2200_HARP13182_NOAA14083,2025,block_download_or_coverage,,False
20250506_2336_HARP13182_NOAA14083,2025,block_download_or_coverage,,False
20250507_0112_HARP13182_NOAA14083,2025,block_download_or_coverage,,False
20250507_0248_HARP13182_NOAA14083,2025,block_download_or_coverage,,False
20250507_0424_HARP13182_NOAA14083,2025,block_download_or_coverage,,False
20250602_0436_HARP13306_NOAA14104,2025,block_download_or_coverage,,False
20250602_0612_HARP13306_NOAA14104,2025,block_download_or_coverage,,False
20250602_0748_HARP13306_NOAA14104,2025,block_download_or_coverage,,False
20250602_0924_HARP13306_NOAA14104,2025,block_download_or_coverage,,False
20250602_1100_HARP13306_NOAA14104,2025,block_download_or_coverage,,False
20250602_1236_HARP13306_NOAA14104,2025,block_download_or_coverage,,False
20250602_1412_HARP13306_NOAA14104,2025,block_download_or_coverage,,False
20250602_1548_HARP13306_NOAA14104,2025,block_download_or_coverage,,False
20250602_1724_HARP13306_NOAA14104,2025,block_download_or_coverage,,False
20250602_1900_HARP13306_NOAA14104,2025,block_download_or_coverage,,False
20250602_2036_HARP13306_NOAA14104,2025,block_download_or_coverage,,False
20250602_2212_HARP13306_NOAA14104,2025,block_download_or_coverage,,False
20250602_2348_HARP13306_NOAA14104,2025,block_download_or_coverage,,False
20250603_0124_HARP13306_NOAA14104,2025,block_download_or_coverage,,False
20250603_0300_HARP13306_NOAA14104,2025,block_download_or_coverage,,False
20250604_0024_HARP13327_NOAA14106,2025,block_download_or_coverage,,False
20250604_0200_HARP13327_NOAA14106,2025,block_download_or_coverage,,False
20250604_0336_HARP13327_NOAA14106,2025,block_download_or_coverage,,False
20250604_0512_HARP13327_NOAA14106,2025,block_download_or_coverage,,False
20250604_0648_HARP13327_NOAA14106,2025,block_download_or_coverage,,False
20250604_0812_HARP13306_NOAA14104,2025,block_download_or_coverage,,False
20250604_0824_HARP13327_NOAA14106,2025,block_download_or_coverage,,False
20250604_0948_HARP13306_NOAA14104,2025,block_download_or_coverage,,False
20250604_1000_HARP13327_NOAA14106,2025,block_download_or_coverage,,False
20250604_1124_HARP13306_NOAA14104,2025,block_download_or_coverage,,False
20250604_1136_HARP13327_NOAA14106,2025,block_download_or_coverage,,False
20250604_1336_HARP13306_NOAA14104,2025,block_download_or_coverage,,False
20250604_1348_HARP13327_NOAA14106,2025,block_download_or_coverage,,False
20250604_1512_HARP13306_NOAA14104,2025,block_download_or_coverage,,False
20250604_1524_HARP13327_NOAA14106,2025,block_download_or_coverage,,False
20250604_1648_HARP13306_NOAA14104,2025,block_download_or_coverage,,False
20250604_1700_HARP13327_NOAA14106,2025,block_download_or_coverage,,False
20250604_1824_HARP13306_NOAA14104,2025,block_download_or_coverage,,False
20250604_1836_HARP13327_NOAA14106,2025,block_download_or_coverage,,False
20250604_2000_HARP13306_NOAA14104,2025,block_download_or_coverage,,False
20250604_2012_HARP13327_NOAA14106,2025,block_download_or_coverage,,False
20250604_2136_HARP13306_NOAA14104,2025,block_download_or_coverage,,False
20250604_2148_HARP13327_NOAA14106,2025,block_download_or_coverage,,False
20250604_2312_HARP13306_NOAA14104,2025,block_download_or_coverage,,False
20250604_2324_HARP13327_NOAA14106,2025,block_download_or_coverage,,False
20250605_0048_HARP13306_NOAA14104,2025,block_download_or_coverage,,False
20250605_0224_HARP13306_NOAA14104,2025,block_download_or_coverage,,False
20250605_0400_HARP13306_NOAA14104,2025,block_download_or_coverage,,False
20250605_0536_HARP13306_NOAA14104,2025,block_download_or_coverage,,False
20250605_0712_HARP13306_NOAA14104,2025,block_download_or_coverage,,False
20250624_2112_HARP13415_NOAA14121,2025,block_download_or_coverage,,False
20250624_2248_HARP13415_NOAA14121,2025,block_download_or_coverage,,False
20250625_0024_HARP13415_NOAA14121,2025,block_download_or_coverage,,False
20250625_0200_HARP13415_NOAA14121,2025,block_download_or_coverage,,False
20250625_0336_HARP13415_NOAA14121,2025,block_download_or_coverage,,False
20250625_0512_HARP13415_NOAA14121,2025,block_download_or_coverage,,False
20250625_0648_HARP13415_NOAA14121,2025,block_download_or_coverage,,False
20250625_0736_HARP13403_NOAA14119,2025,block_download_or_coverage,,False
20250625_0824_HARP13415_NOAA14121,2025,block_download_or_coverage,,False
20250625_0912_HARP13403_NOAA14119,2025,block_download_or_coverage,,False
20250625_1000_HARP13415_NOAA14121,2025,block_download_or_coverage,,False
20250625_1112_HARP13403_NOAA14119,2025,block_download_or_coverage,,False
20250625_1200_HARP13415_NOAA14121,2025,block_download_or_coverage,,False
20250625_1248_HARP13403_NOAA14119,2025,block_download_or_coverage,,False
20250625_1336_HARP13415_NOAA14121,2025,block_download_or_coverage,,False
20250625_1424_HARP13403_NOAA14119,2025,block_download_or_coverage,,False
20250625_1512_HARP13415_NOAA14121,2025,block_download_or_coverage,,False
20250625_1600_HARP13403_NOAA14119,2025,block_download_or_coverage,,False
20250625_1648_HARP13415_NOAA14121,2025,block_download_or_coverage,,False
20250625_1736_HARP13403_NOAA14119,2025,block_download_or_coverage,,False
20250625_1824_HARP13415_NOAA14121,2025,block_download_or_coverage,,False
20250625_2012_HARP13415_NOAA14121,2025,block_download_or_coverage,,False
20250625_2100_HARP13403_NOAA14119,2025,block_download_or_coverage,,False
20250625_2136_HARP13386_NOAA14117,2025,block_download_or_coverage,,False
20250625_2148_HARP13415_NOAA14121,2025,block_download_or_coverage,,False
20250625_2236_HARP13403_NOAA14119,2025,block_download_or_coverage,,False
20250625_2312_HARP13386_NOAA14117,2025,block_download_or_coverage,,False
20250625_2324_HARP13415_NOAA14121,2025,block_download_or_coverage,,False
20250626_0048_HARP13386_NOAA14117,2025,block_download_or_coverage,,False
20250626_0100_HARP13415_NOAA14121,2025,block_download_or_coverage,,False
20250626_0224_HARP13386_NOAA14117,2025,block_download_or_coverage,,False
20250626_0236_HARP13415_NOAA14121,2025,block_download_or_coverage,,False
20250626_0400_HARP13386_NOAA14117,2025,block_download_or_coverage,,False
20250626_0412_HARP13415_NOAA14121,2025,block_download_or_coverage,,False
20250626_0536_HARP13386_NOAA14117,2025,block_download_or_coverage,,False
20250626_0548_HARP13415_NOAA14121,2025,block_download_or_coverage,,False
20250626_0712_HARP13386_NOAA14117,2025,block_download_or_coverage,,False
20250626_0724_HARP13415_NOAA14121,2025,block_download_or_coverage,,False
20250626_0848_HARP13386_NOAA14117,2025,block_download_or_coverage,,False
20250626_1024_HARP13386_NOAA14117,2025,block_download_or_coverage,,False
20250626_1036_HARP13412_NOAA14126,2025,block_download_or_coverage,,False
20250626_1036_HARP13415_NOAA14121,2025,block_download_or_coverage,,False
20250626_1212_HARP13412_NOAA14126,2025,block_download_or_coverage,,False
20250626_1212_HARP13415_NOAA14121,2025,block_download_or_coverage,,False
20250626_1348_HARP13412_NOAA14126,2025,block_download_or_coverage,,False
20250626_1348_HARP13415_NOAA14121,2025,block_download_or_coverage,,False
20250626_1524_HARP13412_NOAA14126,2025,block_download_or_coverage,,False
20250626_1524_HARP13415_NOAA14121,2025,block_download_or_coverage,,False
20250626_1700_HARP13412_NOAA14126,2025,block_download_or_coverage,,False
20250626_1700_HARP13415_NOAA14121,2025,block_download_or_coverage,,False
20250626_1836_HARP13412_NOAA14126,2025,block_download_or_coverage,,False
20250626_1836_HARP13415_NOAA14121,2025,block_download_or_coverage,,False
20250626_2012_HARP13412_NOAA14126,2025,block_download_or_coverage,,False
20250626_2012_HARP13415_NOAA14121,2025,block_download_or_coverage,,False
20250626_2012_HARP13434_NOAA14123,2025,block_download_or_coverage,,False
20250626_2212_HARP13412_NOAA14126,2025,block_download_or_coverage,,False
20250626_2212_HARP13415_NOAA14121,2025,block_download_or_coverage,,False
20250626_2212_HARP13434_NOAA14123,2025,block_download_or_coverage,,False
20250626_2348_HARP13412_NOAA14126,2025,block_download_or_coverage,,False
20250626_2348_HARP13415_NOAA14121,2025,block_download_or_coverage,,False
20250626_2348_HARP13434_NOAA14123,2025,block_download_or_coverage,,False
20250627_0124_HARP13412_NOAA14126,2025,block_download_or_coverage,,False
20250627_0124_HARP13415_NOAA14121,2025,block_download_or_coverage,,False
20250627_0124_HARP13434_NOAA14123,2025,block_download_or_coverage,,False
20250627_0300_HARP13412_NOAA14126,2025,block_download_or_coverage,,False
20250627_0300_HARP13415_NOAA14121,2025,block_download_or_coverage,,False
20250627_0300_HARP13434_NOAA14123,2025,block_download_or_coverage,,False
20250627_0436_HARP13412_NOAA14126,2025,block_download_or_coverage,,False
20250627_0436_HARP13415_NOAA14121,2025,block_download_or_coverage,,False
20250627_0436_HARP13434_NOAA14123,2025,block_download_or_coverage,,False
20250627_0612_HARP13412_NOAA14126,2025,block_download_or_coverage,,False
20250627_0612_HARP13415_NOAA14121,2025,block_download_or_coverage,,False
20250627_0612_HARP13434_NOAA14123,2025,block_download_or_coverage,,False
20250627_0748_HARP13412_NOAA14126,2025,block_download_or_coverage,,False
20250627_0748_HARP13415_NOAA14121,2025,block_download_or_coverage,,False
20250627_0748_HARP13434_NOAA14123,2025,block_download_or_coverage,,False
20250627_0924_HARP13412_NOAA14126,2025,block_download_or_coverage,,False
20250627_0924_HARP13415_NOAA14121,2025,block_download_or_coverage,,False
20250627_0924_HARP13434_NOAA14123,2025,block_download_or_coverage,,False
20250627_1100_HARP13412_NOAA14126,2025,block_download_or_coverage,,False
20250627_1100_HARP13415_NOAA14121,2025,block_download_or_coverage,,False
20250627_1100_HARP13434_NOAA14123,2025,block_download_or_coverage,,False
20250627_1236_HARP13412_NOAA14126,2025,block_download_or_coverage,,False
20250627_1236_HARP13415_NOAA14121,2025,block_download_or_coverage,,False
20250627_1236_HARP13434_NOAA14123,2025,block_download_or_coverage,,False
20250627_1412_HARP13412_NOAA14126,2025,block_download_or_coverage,,False
20250627_1412_HARP13415_NOAA14121,2025,block_download_or_coverage,,False
20250627_1412_HARP13434_NOAA14123,2025,block_download_or_coverage,,False
20250627_1548_HARP13412_NOAA14126,2025,block_download_or_coverage,,False
20250627_1548_HARP13415_NOAA14121,2025,block_download_or_coverage,,False
20250627_1548_HARP13434_NOAA14123,2025,block_download_or_coverage,,False
20250627_1724_HARP13412_NOAA14126,2025,block_download_or_coverage,,False
20250627_1724_HARP13415_NOAA14121,2025,block_download_or_coverage,,False
20250627_1724_HARP13434_NOAA14123,2025,block_download_or_coverage,,False
20250627_1900_HARP13412_NOAA14126,2025,block_download_or_coverage,,False
20250627_1900_HARP13415_NOAA14121,2025,block_download_or_coverage,,False
20250627_1900_HARP13434_NOAA14123,2025,block_download_or_coverage,,False
20250627_1936_HARP13424_NOAA14122,2025,block_download_or_coverage,,False
20250627_2036_HARP13412_NOAA14126,2025,block_download_or_coverage,,False
20250627_2036_HARP13415_NOAA14121,2025,block_download_or_coverage,,False
20250627_2036_HARP13434_NOAA14123,2025,block_download_or_coverage,,False
20250627_2112_HARP13424_NOAA14122,2025,block_download_or_coverage,,False
20250627_2212_HARP13412_NOAA14126,2025,block_download_or_coverage,,False
20250627_2212_HARP13415_NOAA14121,2025,block_download_or_coverage,,False
20250627_2212_HARP13434_NOAA14123,2025,block_download_or_coverage,,False
20250627_2248_HARP13424_NOAA14122,2025,block_download_or_coverage,,False
20250627_2348_HARP13412_NOAA14126,2025,block_download_or_coverage,,False
20250627_2348_HARP13415_NOAA14121,2025,block_download_or_coverage,,False
20250627_2348_HARP13434_NOAA14123,2025,block_download_or_coverage,,False
20250628_0024_HARP13424_NOAA14122,2025,block_download_or_coverage,,False
20250628_0124_HARP13412_NOAA14126,2025,block_download_or_coverage,,False
20250628_0124_HARP13415_NOAA14121,2025,block_download_or_coverage,,False
20250628_0124_HARP13434_NOAA14123,2025,block_download_or_coverage,,False
20250628_0200_HARP13424_NOAA14122,2025,block_download_or_coverage,,False
20250628_0300_HARP13412_NOAA14126,2025,block_download_or_coverage,,False
20250628_0300_HARP13434_NOAA14123,2025,block_download_or_coverage,,False
20250628_0336_HARP13424_NOAA14122,2025,block_download_or_coverage,,False
20250628_0436_HARP13412_NOAA14126,2025,block_download_or_coverage,,False
20250628_0436_HARP13434_NOAA14123,2025,block_download_or_coverage,,False
20250628_0512_HARP13424_NOAA14122,2025,block_download_or_coverage,,False
20250628_0612_HARP13412_NOAA14126,2025,block_download_or_coverage,,False
20250628_0612_HARP13434_NOAA14123,2025,block_download_or_coverage,,False
20250628_0648_HARP13424_NOAA14122,2025,block_download_or_coverage,,False
20250628_0748_HARP13412_NOAA14126,2025,block_download_or_coverage,,False
20250628_0748_HARP13434_NOAA14123,2025,block_download_or_coverage,,False
20250628_0824_HARP13424_NOAA14122,2025,block_download_or_coverage,,False
20250628_0924_HARP13412_NOAA14126,2025,block_download_or_coverage,,False
20250628_0924_HARP13434_NOAA14123,2025,block_download_or_coverage,,False
20250628_1000_HARP13424_NOAA14122,2025,block_download_or_coverage,,False
20250628_1100_HARP13434_NOAA14123,2025,block_download_or_coverage,,False
20250628_1136_HARP13424_NOAA14122,2025,block_download_or_coverage,,False
20250628_1236_HARP13434_NOAA14123,2025,block_download_or_coverage,,False
20250628_1312_HARP13424_NOAA14122,2025,block_download_or_coverage,,False
20250628_1412_HARP13434_NOAA14123,2025,block_download_or_coverage,,False
20250628_1448_HARP13424_NOAA14122,2025,block_download_or_coverage,,False
20250628_1548_HARP13434_NOAA14123,2025,block_download_or_coverage,,False
20250628_1624_HARP13424_NOAA14122,2025,block_download_or_coverage,,False
20250628_1724_HARP13434_NOAA14123,2025,block_download_or_coverage,,False
20250628_1900_HARP13434_NOAA14123,2025,block_download_or_coverage,,False
20250628_1936_HARP13424_NOAA14122,2025,block_download_or_coverage,,False
20250628_2036_HARP13434_NOAA14123,2025,block_download_or_coverage,,False
20250628_2112_HARP13424_NOAA14122,2025,block_download_or_coverage,,False
20250628_2212_HARP13434_NOAA14123,2025,block_download_or_coverage,,False
20250628_2248_HARP13424_NOAA14122,2025,block_download_or_coverage,,False
20250628_2348_HARP13434_NOAA14123,2025,block_download_or_coverage,,False
20250629_0024_HARP13424_NOAA14122,2025,block_download_or_coverage,,False
20250629_0200_HARP13434_NOAA14123,2025,block_download_or_coverage,,False
20250629_0236_HARP13424_NOAA14122,2025,block_download_or_coverage,,False
20250629_0336_HARP13434_NOAA14123,2025,block_download_or_coverage,,False
20250629_0412_HARP13424_NOAA14122,2025,block_download_or_coverage,,False
20250629_0512_HARP13434_NOAA14123,2025,block_download_or_coverage,,False
20250629_0548_HARP13424_NOAA14122,2025,block_download_or_coverage,,False
20250629_0648_HARP13434_NOAA14123,2025,block_download_or_coverage,,False
20250629_0724_HARP13424_NOAA14122,2025,block_download_or_coverage,,False
20250629_0824_HARP13434_NOAA14123,2025,block_download_or_coverage,,False
20250629_0900_HARP13424_NOAA14122,2025,block_download_or_coverage,,False
20250629_1000_HARP13434_NOAA14123,2025,block_download_or_coverage,,False
20250629_1036_HARP13424_NOAA14122,2025,block_download_or_coverage,,False
20250629_1136_HARP13412_NOAA14126,2025,block_download_or_coverage,,False
20250629_1136_HARP13434_NOAA14123,2025,block_download_or_coverage,,False
20250629_1212_HARP13424_NOAA14122,2025,block_download_or_coverage,,False
20250629_1312_HARP13412_NOAA14126,2025,block_download_or_coverage,,False
20250629_1312_HARP13434_NOAA14123,2025,block_download_or_coverage,,False
20250629_1348_HARP13424_NOAA14122,2025,block_download_or_coverage,,False
20250629_1448_HARP13412_NOAA14126,2025,block_download_or_coverage,,False
20250629_1448_HARP13434_NOAA14123,2025,block_download_or_coverage,,False
20250629_1524_HARP13424_NOAA14122,2025,block_download_or_coverage,,False
20250629_1624_HARP13412_NOAA14126,2025,block_download_or_coverage,,False
20250629_1624_HARP13434_NOAA14123,2025,block_download_or_coverage,,False
20250629_1700_HARP13424_NOAA14122,2025,block_download_or_coverage,,False
20250629_1836_HARP13424_NOAA14122,2025,block_download_or_coverage,,False
20250629_1936_HARP13434_NOAA14123,2025,block_download_or_coverage,,False
20250629_2012_HARP13424_NOAA14122,2025,block_download_or_coverage,,False
20250629_2112_HARP13434_NOAA14123,2025,block_download_or_coverage,,False
20250629_2148_HARP13424_NOAA14122,2025,block_download_or_coverage,,False
20250629_2248_HARP13432_NOAA14124,2025,block_download_or_coverage,,False
20250629_2248_HARP13434_NOAA14123,2025,block_download_or_coverage,,False
20250629_2324_HARP13424_NOAA14122,2025,block_download_or_coverage,,False
20250630_0024_HARP13432_NOAA14124,2025,block_download_or_coverage,,False
20250630_0024_HARP13434_NOAA14123,2025,block_download_or_coverage,,False
20250630_0100_HARP13424_NOAA14122,2025,block_download_or_coverage,,False
20250630_0200_HARP13432_NOAA14124,2025,block_download_or_coverage,,False
20250630_0200_HARP13434_NOAA14123,2025,block_download_or_coverage,,False
20250630_0236_HARP13424_NOAA14122,2025,block_download_or_coverage,,False
20250630_0336_HARP13432_NOAA14124,2025,block_download_or_coverage,,False
20250630_0336_HARP13434_NOAA14123,2025,block_download_or_coverage,,False
20250630_0412_HARP13424_NOAA14122,2025,block_download_or_coverage,,False
20250630_0512_HARP13432_NOAA14124,2025,block_download_or_coverage,,False
20250630_0512_HARP13434_NOAA14123,2025,block_download_or_coverage,,False
20250630_0548_HARP13424_NOAA14122,2025,block_download_or_coverage,,False
20250630_0648_HARP13432_NOAA14124,2025,block_download_or_coverage,,False
20250630_0648_HARP13434_NOAA14123,2025,block_download_or_coverage,,False
20250630_0724_HARP13424_NOAA14122,2025,block_download_or_coverage,,False
20250630_0824_HARP13432_NOAA14124,2025,block_download_or_coverage,,False
20250630_0824_HARP13434_NOAA14123,2025,block_download_or_coverage,,False
20250630_0900_HARP13424_NOAA14122,2025,block_download_or_coverage,,False
20250630_1000_HARP13432_NOAA14124,2025,block_download_or_coverage,,False
20250630_1000_HARP13434_NOAA14123,2025,block_download_or_coverage,,False
20250630_1036_HARP13424_NOAA14122,2025,block_download_or_coverage,,False
20250630_1136_HARP13432_NOAA14124,2025,block_download_or_coverage,,False
20250630_1136_HARP13434_NOAA14123,2025,block_download_or_coverage,,False
20250630_1212_HARP13424_NOAA14122,2025,block_download_or_coverage,,False
20250630_1348_HARP13424_NOAA14122,2025,block_download_or_coverage,,False
20250630_1448_HARP13434_NOAA14123,2025,block_download_or_coverage,,False
20250630_1524_HARP13424_NOAA14122,2025,block_download_or_coverage,,False
20250630_1624_HARP13434_NOAA14123,2025,block_download_or_coverage,,False
20250630_1700_HARP13424_NOAA14122,2025,block_download_or_coverage,,False
20250630_1748_HARP13449_NOAA14131,2025,block_download_or_coverage,,False
20250630_1836_HARP13424_NOAA14122,2025,block_download_or_coverage,,False
20250630_1924_HARP13449_NOAA14131,2025,block_download_or_coverage,,False
20250630_1936_HARP13432_NOAA14124,2025,block_download_or_coverage,,False
20250630_1948_HARP13439_NOAA14128,2025,block_download_or_coverage,,False
20250630_2012_HARP13424_NOAA14122,2025,block_download_or_coverage,,False
20250630_2100_HARP13449_NOAA14131,2025,block_download_or_coverage,,False
20250630_2112_HARP13432_NOAA14124,2025,block_download_or_coverage,,False
20250630_2124_HARP13439_NOAA14128,2025,block_download_or_coverage,,False
20250630_2148_HARP13424_NOAA14122,2025,block_download_or_coverage,,False
20250630_2236_HARP13449_NOAA14131,2025,block_download_or_coverage,,False
20250630_2248_HARP13432_NOAA14124,2025,block_download_or_coverage,,False
20250701_0012_HARP13449_NOAA14131,2025,block_download_or_coverage,,False
20250701_0024_HARP13432_NOAA14124,2025,block_download_or_coverage,,False
20250701_0036_HARP13439_NOAA14128,2025,block_download_or_coverage,,False
20250701_0100_HARP13424_NOAA14122,2025,block_download_or_coverage,,False
20250701_0148_HARP13449_NOAA14131,2025,block_download_or_coverage,,False
20250701_0236_HARP13424_NOAA14122,2025,block_download_or_coverage,,False
20250701_0324_HARP13449_NOAA14131,2025,block_download_or_coverage,,False
20250701_0336_HARP13432_NOAA14124,2025,block_download_or_coverage,,False
20250701_0336_HARP13434_NOAA14123,2025,block_download_or_coverage,,False
20250701_0348_HARP13439_NOAA14128,2025,block_download_or_coverage,,False
20250701_0412_HARP13424_NOAA14122,2025,block_download_or_coverage,,False
20250701_0500_HARP13449_NOAA14131,2025,block_download_or_coverage,,False
20250701_0512_HARP13432_NOAA14124,2025,block_download_or_coverage,,False
20250701_0512_HARP13434_NOAA14123,2025,block_download_or_coverage,,False
20250701_0524_HARP13439_NOAA14128,2025,block_download_or_coverage,,False
20250701_0548_HARP13424_NOAA14122,2025,block_download_or_coverage,,False
20250701_0636_HARP13449_NOAA14131,2025,block_download_or_coverage,,False
20250701_0648_HARP13432_NOAA14124,2025,block_download_or_coverage,,False
20250701_0648_HARP13434_NOAA14123,2025,block_download_or_coverage,,False
20250701_0700_HARP13439_NOAA14128,2025,block_download_or_coverage,,False
20250701_0724_HARP13424_NOAA14122,2025,block_download_or_coverage,,False
20250701_0812_HARP13449_NOAA14131,2025,block_download_or_coverage,,False
20250701_0824_HARP13432_NOAA14124,2025,block_download_or_coverage,,False
20250701_0824_HARP13434_NOAA14123,2025,block_download_or_coverage,,False
20250701_0836_HARP13439_NOAA14128,2025,block_download_or_coverage,,False
20250701_0900_HARP13424_NOAA14122,2025,block_download_or_coverage,,False
20250701_0948_HARP13449_NOAA14131,2025,block_download_or_coverage,,False
20250701_1000_HARP13432_NOAA14124,2025,block_download_or_coverage,,False
20250701_1000_HARP13434_NOAA14123,2025,block_download_or_coverage,,False
20250701_1012_HARP13439_NOAA14128,2025,block_download_or_coverage,,False
20250701_1036_HARP13424_NOAA14122,2025,block_download_or_coverage,,False
20250701_1124_HARP13449_NOAA14131,2025,block_download_or_coverage,,False
20250701_1136_HARP13432_NOAA14124,2025,block_download_or_coverage,,False
20250701_1136_HARP13434_NOAA14123,2025,block_download_or_coverage,,False
20250701_1148_HARP13439_NOAA14128,2025,block_download_or_coverage,,False
20250701_1212_HARP13424_NOAA14122,2025,block_download_or_coverage,,False
20250701_1300_HARP13449_NOAA14131,2025,block_download_or_coverage,,False
20250701_1312_HARP13432_NOAA14124,2025,block_download_or_coverage,,False
20250701_1324_HARP13439_NOAA14128,2025,block_download_or_coverage,,False
20250701_1348_HARP13424_NOAA14122,2025,block_download_or_coverage,,False
20250701_1436_HARP13449_NOAA14131,2025,block_download_or_coverage,,False
20250701_1448_HARP13432_NOAA14124,2025,block_download_or_coverage,,False
20250701_1500_HARP13439_NOAA14128,2025,block_download_or_coverage,,False
20250701_1524_HARP13424_NOAA14122,2025,block_download_or_coverage,,False
20250701_1612_HARP13449_NOAA14131,2025,block_download_or_coverage,,False
20250701_1624_HARP13432_NOAA14124,2025,block_download_or_coverage,,False
20250701_1624_HARP13445_NOAA14129,2025,block_download_or_coverage,,False
20250701_1636_HARP13439_NOAA14128,2025,block_download_or_coverage,,False
20250701_1700_HARP13424_NOAA14122,2025,block_download_or_coverage,,False
20250701_1748_HARP13449_NOAA14131,2025,block_download_or_coverage,,False
20250701_1812_HARP13439_NOAA14128,2025,block_download_or_coverage,,False
20250701_1836_HARP13424_NOAA14122,2025,block_download_or_coverage,,False
20250701_1948_HARP13439_NOAA14128,2025,block_download_or_coverage,,False
20250701_2012_HARP13424_NOAA14122,2025,block_download_or_coverage,,False
20250701_2100_HARP13449_NOAA14131,2025,block_download_or_coverage,,False
20250701_2112_HARP13436_NOAA14125,2025,block_download_or_coverage,,False
20250701_2112_HARP13445_NOAA14129,2025,block_download_or_coverage,,False
20250701_2124_HARP13439_NOAA14128,2025,block_download_or_coverage,,False
20250701_2148_HARP13424_NOAA14122,2025,block_download_or_coverage,,False
20250701_2236_HARP13449_NOAA14131,2025,block_download_or_coverage,,False
20250701_2324_HARP13424_NOAA14122,2025,block_download_or_coverage,,False
20250702_0036_HARP13439_NOAA14128,2025,block_download_or_coverage,,False
20250702_0148_HARP13449_NOAA14131,2025,block_download_or_coverage,,False
20250702_0200_HARP13432_NOAA14124,2025,block_download_or_coverage,,False
20250702_0200_HARP13436_NOAA14125,2025,block_download_or_coverage,,False
20250702_0212_HARP13439_NOAA14128,2025,block_download_or_coverage,,False
20250702_0324_HARP13449_NOAA14131,2025,block_download_or_coverage,,False
20250702_0336_HARP13432_NOAA14124,2025,block_download_or_coverage,,False
20250702_0336_HARP13436_NOAA14125,2025,block_download_or_coverage,,False
20250702_0500_HARP13449_NOAA14131,2025,block_download_or_coverage,,False
20250702_0512_HARP13432_NOAA14124,2025,block_download_or_coverage,,False
20250702_0512_HARP13436_NOAA14125,2025,block_download_or_coverage,,False
20250702_0524_HARP13439_NOAA14128,2025,block_download_or_coverage,,False
20250702_0548_HARP13424_NOAA14122,2025,block_download_or_coverage,,False
20250702_0636_HARP13449_NOAA14131,2025,block_download_or_coverage,,False
20250702_0648_HARP13432_NOAA14124,2025,block_download_or_coverage,,False
20250702_0648_HARP13436_NOAA14125,2025,block_download_or_coverage,,False
20250702_0700_HARP13439_NOAA14128,2025,block_download_or_coverage,,False
20250702_0724_HARP13424_NOAA14122,2025,block_download_or_coverage,,False
20250702_0812_HARP13449_NOAA14131,2025,block_download_or_coverage,,False
20250702_0824_HARP13432_NOAA14124,2025,block_download_or_coverage,,False
20250702_0824_HARP13436_NOAA14125,2025,block_download_or_coverage,,False
20250702_0836_HARP13439_NOAA14128,2025,block_download_or_coverage,,False
20250702_0900_HARP13424_NOAA14122,2025,block_download_or_coverage,,False
20250702_0948_HARP13449_NOAA14131,2025,block_download_or_coverage,,False
20250702_1000_HARP13432_NOAA14124,2025,block_download_or_coverage,,False
20250702_1000_HARP13436_NOAA14125,2025,block_download_or_coverage,,False
20250702_1012_HARP13439_NOAA14128,2025,block_download_or_coverage,,False
20250702_1124_HARP13449_NOAA14131,2025,block_download_or_coverage,,False
20250702_1136_HARP13432_NOAA14124,2025,block_download_or_coverage,,False
20250702_1136_HARP13436_NOAA14125,2025,block_download_or_coverage,,False
20250702_1148_HARP13439_NOAA14128,2025,block_download_or_coverage,,False
20250702_1300_HARP13449_NOAA14131,2025,block_download_or_coverage,,False
20250702_1312_HARP13432_NOAA14124,2025,block_download_or_coverage,,False
20250702_1312_HARP13436_NOAA14125,2025,block_download_or_coverage,,False
20250702_1324_HARP13439_NOAA14128,2025,block_download_or_coverage,,False
20250702_1436_HARP13449_NOAA14131,2025,block_download_or_coverage,,False
20250702_1448_HARP13432_NOAA14124,2025,block_download_or_coverage,,False
20250702_1448_HARP13436_NOAA14125,2025,block_download_or_coverage,,False
20250702_1500_HARP13439_NOAA14128,2025,block_download_or_coverage,,False
20250702_1612_HARP13449_NOAA14131,2025,block_download_or_coverage,,False
20250702_1624_HARP13432_NOAA14124,2025,block_download_or_coverage,,False
20250702_1624_HARP13436_NOAA14125,2025,block_download_or_coverage,,False
20250702_1636_HARP13439_NOAA14128,2025,block_download_or_coverage,,False
20250702_1748_HARP13449_NOAA14131,2025,block_download_or_coverage,,False
20250702_1812_HARP13439_NOAA14128,2025,block_download_or_coverage,,False
20250702_2000_HARP13432_NOAA14124,2025,block_download_or_coverage,,False
20250702_2000_HARP13445_NOAA14129,2025,block_download_or_coverage,,False
20250702_2012_HARP13439_NOAA14128,2025,block_download_or_coverage,,False
20250702_2124_HARP13449_NOAA14131,2025,block_download_or_coverage,,False
20250702_2136_HARP13432_NOAA14124,2025,block_download_or_coverage,,False
20250702_2136_HARP13445_NOAA14129,2025,block_download_or_coverage,,False
20250702_2148_HARP13439_NOAA14128,2025,block_download_or_coverage,,False
20250702_2312_HARP13432_NOAA14124,2025,block_download_or_coverage,,False
20250702_2312_HARP13445_NOAA14129,2025,block_download_or_coverage,,False
20250702_2324_HARP13439_NOAA14128,2025,block_download_or_coverage,,False
20250703_0036_HARP13449_NOAA14131,2025,block_download_or_coverage,,False
20250703_0048_HARP13432_NOAA14124,2025,block_download_or_coverage,,False
20250703_0048_HARP13445_NOAA14129,2025,block_download_or_coverage,,False
20250703_0100_HARP13439_NOAA14128,2025,block_download_or_coverage,,False
20250703_0236_HARP13439_NOAA14128,2025,block_download_or_coverage,,False
20250703_0400_HARP13432_NOAA14124,2025,block_download_or_coverage,,False
20250703_0400_HARP13436_NOAA14125,2025,block_download_or_coverage,,False
20250703_0400_HARP13445_NOAA14129,2025,block_download_or_coverage,,False
20250703_0412_HARP13439_NOAA14128,2025,block_download_or_coverage,,False
20250703_0536_HARP13432_NOAA14124,2025,block_download_or_coverage,,False
20250703_0536_HARP13436_NOAA14125,2025,block_download_or_coverage,,False
20250703_0536_HARP13445_NOAA14129,2025,block_download_or_coverage,,False
20250703_0712_HARP13432_NOAA14124,2025,block_download_or_coverage,,False
20250703_0712_HARP13436_NOAA14125,2025,block_download_or_coverage,,False
20250703_0712_HARP13445_NOAA14129,2025,block_download_or_coverage,,False
20250703_0848_HARP13432_NOAA14124,2025,block_download_or_coverage,,False
20250703_0848_HARP13436_NOAA14125,2025,block_download_or_coverage,,False
20250703_0848_HARP13445_NOAA14129,2025,block_download_or_coverage,,False
20250703_1024_HARP13432_NOAA14124,2025,block_download_or_coverage,,False
20250703_1024_HARP13436_NOAA14125,2025,block_download_or_coverage,,False
20250703_1024_HARP13445_NOAA14129,2025,block_download_or_coverage,,False
20250703_1200_HARP13432_NOAA14124,2025,block_download_or_coverage,,False
20250703_1200_HARP13436_NOAA14125,2025,block_download_or_coverage,,False
20250703_1200_HARP13445_NOAA14129,2025,block_download_or_coverage,,False
20250703_1336_HARP13432_NOAA14124,2025,block_download_or_coverage,,False
20250703_1336_HARP13436_NOAA14125,2025,block_download_or_coverage,,False
20250703_1336_HARP13445_NOAA14129,2025,block_download_or_coverage,,False
20250703_1512_HARP13432_NOAA14124,2025,block_download_or_coverage,,False
20250703_1512_HARP13436_NOAA14125,2025,block_download_or_coverage,,False
20250703_1512_HARP13445_NOAA14129,2025,block_download_or_coverage,,False
20250703_1648_HARP13432_NOAA14124,2025,block_download_or_coverage,,False
20250703_1648_HARP13436_NOAA14125,2025,block_download_or_coverage,,False
20250703_1648_HARP13445_NOAA14129,2025,block_download_or_coverage,,False
20250703_1824_HARP13432_NOAA14124,2025,block_download_or_coverage,,False
20250703_1824_HARP13436_NOAA14125,2025,block_download_or_coverage,,False
20250703_1824_HARP13445_NOAA14129,2025,block_download_or_coverage,,False
20250703_2000_HARP13432_NOAA14124,2025,block_download_or_coverage,,False
20250703_2000_HARP13436_NOAA14125,2025,block_download_or_coverage,,False
20250703_2000_HARP13445_NOAA14129,2025,block_download_or_coverage,,False
20250703_2312_HARP13432_NOAA14124,2025,block_download_or_coverage,,False
20250703_2312_HARP13436_NOAA14125,2025,block_download_or_coverage,,False
20250703_2312_HARP13445_NOAA14129,2025,block_download_or_coverage,,False
20250704_0048_HARP13432_NOAA14124,2025,block_download_or_coverage,,False
20250704_0048_HARP13436_NOAA14125,2025,block_download_or_coverage,,False
20250704_0048_HARP13445_NOAA14129,2025,block_download_or_coverage,,False
20250704_0224_HARP13432_NOAA14124,2025,block_download_or_coverage,,False
20250704_0224_HARP13436_NOAA14125,2025,block_download_or_coverage,,False
20250704_0224_HARP13445_NOAA14129,2025,block_download_or_coverage,,False
20250704_0400_HARP13432_NOAA14124,2025,block_download_or_coverage,,False
20250704_0400_HARP13436_NOAA14125,2025,block_download_or_coverage,,False
20250704_0400_HARP13445_NOAA14129,2025,block_download_or_coverage,,False
20250704_0536_HARP13432_NOAA14124,2025,block_download_or_coverage,,False
20250704_0536_HARP13436_NOAA14125,2025,block_download_or_coverage,,False
20250704_0536_HARP13445_NOAA14129,2025,block_download_or_coverage,,False
20250704_0548_HARP13439_NOAA14128,2025,block_download_or_coverage,,False
20250704_0712_HARP13432_NOAA14124,2025,block_download_or_coverage,,False
20250704_0712_HARP13436_NOAA14125,2025,block_download_or_coverage,,False
20250704_0712_HARP13445_NOAA14129,2025,block_download_or_coverage,,False
20250704_0724_HARP13439_NOAA14128,2025,block_download_or_coverage,,False
20250704_0736_HARP13446_NOAA13130,2025,block_download_or_coverage,,False
20250704_0848_HARP13432_NOAA14124,2025,block_download_or_coverage,,False
20250704_0848_HARP13436_NOAA14125,2025,block_download_or_coverage,,False
20250704_0848_HARP13445_NOAA14129,2025,block_download_or_coverage,,False
20250704_0900_HARP13439_NOAA14128,2025,block_download_or_coverage,,False
20250704_0912_HARP13446_NOAA13130,2025,block_download_or_coverage,,False
20250704_1024_HARP13432_NOAA14124,2025,block_download_or_coverage,,False
20250704_1024_HARP13436_NOAA14125,2025,block_download_or_coverage,,False
20250704_1024_HARP13445_NOAA14129,2025,block_download_or_coverage,,False
20250704_1036_HARP13439_NOAA14128,2025,block_download_or_coverage,,False
20250704_1048_HARP13446_NOAA13130,2025,block_download_or_coverage,,False
20250704_1200_HARP13436_NOAA14125,2025,block_download_or_coverage,,False
20250704_1200_HARP13445_NOAA14129,2025,block_download_or_coverage,,False
20250704_1212_HARP13439_NOAA14128,2025,block_download_or_coverage,,False
20250704_1224_HARP13446_NOAA13130,2025,block_download_or_coverage,,False
20250704_1336_HARP13436_NOAA14125,2025,block_download_or_coverage,,False
20250704_1336_HARP13445_NOAA14129,2025,block_download_or_coverage,,False
20250704_1348_HARP13439_NOAA14128,2025,block_download_or_coverage,,False
20250704_1400_HARP13446_NOAA13130,2025,block_download_or_coverage,,False
20250704_1512_HARP13436_NOAA14125,2025,block_download_or_coverage,,False
20250704_1512_HARP13445_NOAA14129,2025,block_download_or_coverage,,False
20250704_1524_HARP13439_NOAA14128,2025,block_download_or_coverage,,False
20250704_1536_HARP13446_NOAA13130,2025,block_download_or_coverage,,False
20250704_1648_HARP13436_NOAA14125,2025,block_download_or_coverage,,False
20250704_1648_HARP13445_NOAA14129,2025,block_download_or_coverage,,False
20250704_1700_HARP13439_NOAA14128,2025,block_download_or_coverage,,False
20250704_1712_HARP13446_NOAA13130,2025,block_download_or_coverage,,False
20250704_1824_HARP13436_NOAA14125,2025,block_download_or_coverage,,False
20250704_1824_HARP13445_NOAA14129,2025,block_download_or_coverage,,False
20250704_1836_HARP13439_NOAA14128,2025,block_download_or_coverage,,False
20250704_1848_HARP13446_NOAA13130,2025,block_download_or_coverage,,False
20250704_2000_HARP13436_NOAA14125,2025,block_download_or_coverage,,False
20250704_2000_HARP13445_NOAA14129,2025,block_download_or_coverage,,False
20250704_2012_HARP13439_NOAA14128,2025,block_download_or_coverage,,False
20250704_2024_HARP13446_NOAA13130,2025,block_download_or_coverage,,False
20250704_2136_HARP13436_NOAA14125,2025,block_download_or_coverage,,False
20250704_2136_HARP13445_NOAA14129,2025,block_download_or_coverage,,False
20250704_2148_HARP13439_NOAA14128,2025,block_download_or_coverage,,False
20250704_2200_HARP13446_NOAA13130,2025,block_download_or_coverage,,False
20250704_2312_HARP13436_NOAA14125,2025,block_download_or_coverage,,False
20250704_2324_HARP13439_NOAA14128,2025,block_download_or_coverage,,False
20250704_2336_HARP13446_NOAA13130,2025,block_download_or_coverage,,False
20250705_0048_HARP13436_NOAA14125,2025,block_download_or_coverage,,False
20250705_0100_HARP13439_NOAA14128,2025,block_download_or_coverage,,False
20250705_0112_HARP13446_NOAA13130,2025,block_download_or_coverage,,False
20250705_0224_HARP13436_NOAA14125,2025,block_download_or_coverage,,False
20250705_0236_HARP13439_NOAA14128,2025,block_download_or_coverage,,False
20250705_0248_HARP13446_NOAA13130,2025,block_download_or_coverage,,False
20250705_0400_HARP13436_NOAA14125,2025,block_download_or_coverage,,False
20250705_0412_HARP13439_NOAA14128,2025,block_download_or_coverage,,False
20250705_0424_HARP13446_NOAA13130,2025,block_download_or_coverage,,False
20250705_0536_HARP13436_NOAA14125,2025,block_download_or_coverage,,False
20250705_0712_HARP13436_NOAA14125,2025,block_download_or_coverage,,False
20250705_0736_HARP13446_NOAA13130,2025,block_download_or_coverage,,False
20250705_0848_HARP13436_NOAA14125,2025,block_download_or_coverage,,False
20250705_0912_HARP13446_NOAA13130,2025,block_download_or_coverage,,False
20250705_1024_HARP13436_NOAA14125,2025,block_download_or_coverage,,False
20250705_1048_HARP13446_NOAA13130,2025,block_download_or_coverage,,False
20250705_1200_HARP13436_NOAA14125,2025,block_download_or_coverage,,False
20250705_1224_HARP13446_NOAA13130,2025,block_download_or_coverage,,False
20250705_1336_HARP13436_NOAA14125,2025,block_download_or_coverage,,False
20250705_1400_HARP13446_NOAA13130,2025,block_download_or_coverage,,False
20250705_1512_HARP13436_NOAA14125,2025,block_download_or_coverage,,False
20250705_1536_HARP13446_NOAA13130,2025,block_download_or_coverage,,False
20250705_1648_HARP13436_NOAA14125,2025,block_download_or_coverage,,False
20250705_1712_HARP13446_NOAA13130,2025,block_download_or_coverage,,False
20250705_1824_HARP13436_NOAA14125,2025,block_download_or_coverage,,False
20250705_1848_HARP13446_NOAA13130,2025,block_download_or_coverage,,False
20250705_2000_HARP13436_NOAA14125,2025,block_download_or_coverage,,False
20250705_2024_HARP13446_NOAA13130,2025,block_download_or_coverage,,False
20250705_2136_HARP13436_NOAA14125,2025,block_download_or_coverage,,False
20250705_2200_HARP13446_NOAA13130,2025,block_download_or_coverage,,False
20250705_2312_HARP13436_NOAA14125,2025,block_download_or_coverage,,False
20250705_2312_HARP13445_NOAA14129,2025,block_download_or_coverage,,False
20250705_2336_HARP13446_NOAA13130,2025,block_download_or_coverage,,False
20250706_0048_HARP13436_NOAA14125,2025,block_download_or_coverage,,False
20250706_0048_HARP13445_NOAA14129,2025,block_download_or_coverage,,False
20250706_0112_HARP13446_NOAA13130,2025,block_download_or_coverage,,False
20250706_0224_HARP13436_NOAA14125,2025,block_download_or_coverage,,False
20250706_0248_HARP13446_NOAA13130,2025,block_download_or_coverage,,False
20250706_0400_HARP13436_NOAA14125,2025,block_download_or_coverage,,False
20250706_0536_HARP13436_NOAA14125,2025,block_download_or_coverage,,False
20250706_0712_HARP13436_NOAA14125,2025,block_download_or_coverage,,False
20250706_2200_HARP13446_NOAA13130,2025,block_download_or_coverage,,False
20250706_2336_HARP13446_NOAA13130,2025,block_download_or_coverage,,False
20250707_0248_HARP13446_NOAA13130,2025,block_download_or_coverage,,False
20250707_0424_HARP13446_NOAA13130,2025,block_download_or_coverage,,False
20250707_0736_HARP13446_NOAA13130,2025,block_download_or_coverage,,False
20250707_0912_HARP13446_NOAA13130,2025,block_download_or_coverage,,False
20250707_1048_HARP13446_NOAA13130,2025,block_download_or_coverage,,False
20250707_1224_HARP13446_NOAA13130,2025,block_download_or_coverage,,False
20250707_1400_HARP13446_NOAA13130,2025,block_download_or_coverage,,False
20250707_1536_HARP13446_NOAA13130,2025,block_download_or_coverage,,False
20250707_1712_HARP13446_NOAA13130,2025,block_download_or_coverage,,False
20250707_1848_HARP13446_NOAA13130,2025,block_download_or_coverage,,False
20250707_2024_HARP13446_NOAA13130,2025,block_download_or_coverage,,False
20250707_2200_HARP13446_NOAA13130,2025,block_download_or_coverage,,False
20250707_2336_HARP13446_NOAA13130,2025,block_download_or_coverage,,False
20250708_0112_HARP13446_NOAA13130,2025,block_download_or_coverage,,False
20250708_0248_HARP13446_NOAA13130,2025,block_download_or_coverage,,False
20250708_0424_HARP13446_NOAA13130,2025,block_download_or_coverage,,False
20250708_1600_HARP13483_NOAA14137,2025,block_download_or_coverage,,False
20250708_1736_HARP13483_NOAA14137,2025,block_download_or_coverage,,False
20250708_1948_HARP13483_NOAA14137,2025,block_download_or_coverage,,False
20250708_2136_HARP13483_NOAA14137,2025,block_download_or_coverage,,False
20250708_2348_HARP13483_NOAA14137,2025,block_download_or_coverage,,False
20250709_0124_HARP13483_NOAA14137,2025,block_download_or_coverage,,False
20250709_0436_HARP13483_NOAA14137,2025,block_download_or_coverage,,False
20250709_0612_HARP13483_NOAA14137,2025,block_download_or_coverage,,False
20250709_0748_HARP13483_NOAA14137,2025,block_download_or_coverage,,False
20250709_0924_HARP13483_NOAA14137,2025,block_download_or_coverage,,False
20250709_1100_HARP13483_NOAA14137,2025,block_download_or_coverage,,False
20250709_1236_HARP13483_NOAA14137,2025,block_download_or_coverage,,False
20250709_1412_HARP13483_NOAA14137,2025,block_download_or_coverage,,False
20250709_1548_HARP13483_NOAA14137,2025,block_download_or_coverage,,False
20250710_0048_HARP13483_NOAA14137,2025,block_download_or_coverage,,False
20250710_0224_HARP13483_NOAA14137,2025,block_download_or_coverage,,False
20250710_0400_HARP13483_NOAA14137,2025,block_download_or_coverage,,False
20250710_0536_HARP13483_NOAA14137,2025,block_download_or_coverage,,False
20250710_0800_HARP13483_NOAA14137,2025,block_download_or_coverage,,False
20250710_0936_HARP13483_NOAA14137,2025,block_download_or_coverage,,False
20250710_1112_HARP13483_NOAA14137,2025,block_download_or_coverage,,False
20250710_1248_HARP13483_NOAA14137,2025,block_download_or_coverage,,False
20250710_1424_HARP13483_NOAA14137,2025,block_download_or_coverage,,False
20250710_1600_HARP13483_NOAA14137,2025,block_download_or_coverage,,False
20250710_2148_HARP13492_NOAA14138,2025,block_download_or_coverage,,False
20250711_0100_HARP13492_NOAA14138,2025,block_download_or_coverage,,False
20250711_0136_HARP13470_NOAA14135,2025,block_download_or_coverage,,False
20250711_0236_HARP13492_NOAA14138,2025,block_download_or_coverage,,False
20250711_0312_HARP13470_NOAA14135,2025,block_download_or_coverage,,False
20250711_0412_HARP13492_NOAA14138,2025,block_download_or_coverage,,False
20250711_0448_HARP13470_NOAA14135,2025,block_download_or_coverage,,False
20250711_0548_HARP13492_NOAA14138,2025,block_download_or_coverage,,False
20250711_0624_HARP13470_NOAA14135,2025,block_download_or_coverage,,False
20250711_1000_HARP13470_NOAA14135,2025,block_download_or_coverage,,False
20250711_1136_HARP13470_NOAA14135,2025,block_download_or_coverage,,False
20250711_1312_HARP13470_NOAA14135,2025,block_download_or_coverage,,False
20250711_1448_HARP13470_NOAA14135,2025,block_download_or_coverage,,False
20250711_1624_HARP13470_NOAA14135,2025,block_download_or_coverage,,False
20250711_1900_HARP13476_NOAA14136,2025,block_download_or_coverage,,False
20250711_1936_HARP13470_NOAA14135,2025,block_download_or_coverage,,False
20250711_2036_HARP13476_NOAA14136,2025,block_download_or_coverage,,False
20250711_2112_HARP13470_NOAA14135,2025,block_download_or_coverage,,False
20250711_2212_HARP13476_NOAA14136,2025,block_download_or_coverage,,False
20250711_2248_HARP13470_NOAA14135,2025,block_download_or_coverage,,False
20250711_2348_HARP13476_NOAA14136,2025,block_download_or_coverage,,False
20250712_0024_HARP13470_NOAA14135,2025,block_download_or_coverage,,False
20250712_0124_HARP13476_NOAA14136,2025,block_download_or_coverage,,False
20250712_0200_HARP13470_NOAA14135,2025,block_download_or_coverage,,False
20250712_0300_HARP13476_NOAA14136,2025,block_download_or_coverage,,False
20250712_0336_HARP13470_NOAA14135,2025,block_download_or_coverage,,False
20250712_0436_HARP13476_NOAA14136,2025,block_download_or_coverage,,False
20250712_0512_HARP13470_NOAA14135,2025,block_download_or_coverage,,False
20250712_0612_HARP13476_NOAA14136,2025,block_download_or_coverage,,False
20250712_0648_HARP13470_NOAA14135,2025,block_download_or_coverage,,False
20250712_1000_HARP13492_NOAA14138,2025,block_download_or_coverage,,False
20250712_1036_HARP13470_NOAA14135,2025,block_download_or_coverage,,False
20250712_1136_HARP13492_NOAA14138,2025,block_download_or_coverage,,False
20250712_1212_HARP13470_NOAA14135,2025,block_download_or_coverage,,False
20250712_1312_HARP13492_NOAA14138,2025,block_download_or_coverage,,False
20250712_1348_HARP13470_NOAA14135,2025,block_download_or_coverage,,False
20250712_1448_HARP13492_NOAA14138,2025,block_download_or_coverage,,False
20250712_1524_HARP13470_NOAA14135,2025,block_download_or_coverage,,False
20250712_1624_HARP13492_NOAA14138,2025,block_download_or_coverage,,False
20250712_1700_HARP13470_NOAA14135,2025,block_download_or_coverage,,False
20250712_1836_HARP13470_NOAA14135,2025,block_download_or_coverage,,False
20250712_1936_HARP13476_NOAA14136,2025,block_download_or_coverage,,False
20250712_2012_HARP13470_NOAA14135,2025,block_download_or_coverage,,False
20250712_2112_HARP13476_NOAA14136,2025,block_download_or_coverage,,False
20250712_2148_HARP13470_NOAA14135,2025,block_download_or_coverage,,False
20250712_2248_HARP13476_NOAA14136,2025,block_download_or_coverage,,False
20250712_2324_HARP13470_NOAA14135,2025,block_download_or_coverage,,False
20250713_0024_HARP13476_NOAA14136,2025,block_download_or_coverage,,False
20250713_0224_HARP13476_NOAA14136,2025,block_download_or_coverage,,False
20250713_0300_HARP13470_NOAA14135,2025,block_download_or_coverage,,False
20250713_0400_HARP13476_NOAA14136,2025,block_download_or_coverage,,False
20250713_0436_HARP13470_NOAA14135,2025,block_download_or_coverage,,False
20250713_0536_HARP13476_NOAA14136,2025,block_download_or_coverage,,False
20250713_0612_HARP13470_NOAA14135,2025,block_download_or_coverage,,False
20250713_0924_HARP13476_NOAA14136,2025,block_download_or_coverage,,False
20250713_1000_HARP13470_NOAA14135,2025,block_download_or_coverage,,False
20250713_1100_HARP13476_NOAA14136,2025,block_download_or_coverage,,False
20250713_1136_HARP13470_NOAA14135,2025,block_download_or_coverage,,False
20250713_1236_HARP13476_NOAA14136,2025,block_download_or_coverage,,False
20250713_1312_HARP13470_NOAA14135,2025,block_download_or_coverage,,False
20250713_1412_HARP13476_NOAA14136,2025,block_download_or_coverage,,False
20250713_1448_HARP13470_NOAA14135,2025,block_download_or_coverage,,False
20250713_1548_HARP13476_NOAA14136,2025,block_download_or_coverage,,False
20250713_1624_HARP13470_NOAA14135,2025,block_download_or_coverage,,False
20250713_1724_HARP13476_NOAA14136,2025,block_download_or_coverage,,False
20250713_1900_HARP13476_NOAA14136,2025,block_download_or_coverage,,False
20250713_2036_HARP13476_NOAA14136,2025,block_download_or_coverage,,False
20250713_2212_HARP13476_NOAA14136,2025,block_download_or_coverage,,False
20250713_2348_HARP13476_NOAA14136,2025,block_download_or_coverage,,False
20250714_0124_HARP13476_NOAA14136,2025,block_download_or_coverage,,False
20250714_0300_HARP13476_NOAA14136,2025,block_download_or_coverage,,False
20250714_0436_HARP13476_NOAA14136,2025,block_download_or_coverage,,False
20250714_0612_HARP13476_NOAA14136,2025,crop_patch_boundary,2025_HARP13476_20250713_0924_20250714_0612,False
20250714_1000_HARP13476_NOAA14136,2025,block_download_or_coverage,,False
20250714_1036_HARP13470_NOAA14135,2025,block_download_or_coverage,,False
20250714_1136_HARP13476_NOAA14136,2025,block_download_or_coverage,,False
20250714_1212_HARP13470_NOAA14135,2025,block_download_or_coverage,,False
20250714_1312_HARP13476_NOAA14136,2025,block_download_or_coverage,,False
20250714_1348_HARP13470_NOAA14135,2025,block_download_or_coverage,,False
20250714_1448_HARP13476_NOAA14136,2025,block_download_or_coverage,,False
20250714_1524_HARP13470_NOAA14135,2025,block_download_or_coverage,,False
20250714_1624_HARP13476_NOAA14136,2025,block_download_or_coverage,,False
20250714_1700_HARP13470_NOAA14135,2025,block_download_or_coverage,,False
20250714_1836_HARP13470_NOAA14135,2025,block_download_or_coverage,,False
20250714_1936_HARP13476_NOAA14136,2025,crop_patch_boundary,2025_HARP13476_20250714_1936_20250715_0512,False
20250714_2012_HARP13470_NOAA14135,2025,block_download_or_coverage,,False
20250714_2112_HARP13476_NOAA14136,2025,crop_patch_boundary,2025_HARP13476_20250714_1936_20250715_0512,False
20250714_2148_HARP13470_NOAA14135,2025,block_download_or_coverage,,False
20250714_2248_HARP13476_NOAA14136,2025,block_download_or_coverage,,False
20250714_2324_HARP13470_NOAA14135,2025,block_download_or_coverage,,False
20250715_0024_HARP13476_NOAA14136,2025,block_download_or_coverage,,False
20250715_0100_HARP13470_NOAA14135,2025,block_download_or_coverage,,False
20250715_0200_HARP13476_NOAA14136,2025,block_download_or_coverage,,False
20250715_0236_HARP13470_NOAA14135,2025,block_download_or_coverage,,False
20250715_0336_HARP13476_NOAA14136,2025,block_download_or_coverage,,False
20250715_0412_HARP13470_NOAA14135,2025,block_download_or_coverage,,False
20250715_0512_HARP13476_NOAA14136,2025,crop_patch_boundary,2025_HARP13476_20250714_1936_20250715_0512,False
20250715_0548_HARP13470_NOAA14135,2025,block_download_or_coverage,,False
20250715_0912_HARP13476_NOAA14136,2025,block_download_or_coverage,,False
20250715_0912_HARP13493_NOAA14140,2025,block_download_or_coverage,,False
20250715_1048_HARP13476_NOAA14136,2025,block_download_or_coverage,,False
20250715_1048_HARP13493_NOAA14140,2025,block_download_or_coverage,,False
20250715_1224_HARP13476_NOAA14136,2025,block_download_or_coverage,,False
20250715_1224_HARP13493_NOAA14140,2025,block_download_or_coverage,,False
20250715_1400_HARP13476_NOAA14136,2025,block_download_or_coverage,,False
20250715_1400_HARP13493_NOAA14140,2025,block_download_or_coverage,,False
20250715_1536_HARP13476_NOAA14136,2025,block_download_or_coverage,,False
20250715_1536_HARP13493_NOAA14140,2025,block_download_or_coverage,,False
20250715_1712_HARP13476_NOAA14136,2025,block_download_or_coverage,,False
20250715_1712_HARP13493_NOAA14140,2025,block_download_or_coverage,,False
20250715_1848_HARP13476_NOAA14136,2025,block_download_or_coverage,,False
20250715_1848_HARP13493_NOAA14140,2025,block_download_or_coverage,,False
20250715_2048_HARP13476_NOAA14136,2025,block_download_or_coverage,,False
20250715_2048_HARP13493_NOAA14140,2025,block_download_or_coverage,,False
20250715_2224_HARP13476_NOAA14136,2025,block_download_or_coverage,,False
20250715_2224_HARP13493_NOAA14140,2025,block_download_or_coverage,,False
20250716_0000_HARP13476_NOAA14136,2025,block_download_or_coverage,,False
20250716_0000_HARP13493_NOAA14140,2025,block_download_or_coverage,,False
20250716_0136_HARP13476_NOAA14136,2025,block_download_or_coverage,,False
20250716_0136_HARP13493_NOAA14140,2025,block_download_or_coverage,,False
20250716_0312_HARP13476_NOAA14136,2025,block_download_or_coverage,,False
20250716_0312_HARP13493_NOAA14140,2025,block_download_or_coverage,,False
20250716_0448_HARP13476_NOAA14136,2025,block_download_or_coverage,,False
20250716_0448_HARP13493_NOAA14140,2025,block_download_or_coverage,,False
20250716_0624_HARP13476_NOAA14136,2025,block_download_or_coverage,,False
20250716_0624_HARP13493_NOAA14140,2025,block_download_or_coverage,,False
20250716_1024_HARP13476_NOAA14136,2025,block_download_or_coverage,,False
20250716_1100_HARP13501_NOAA14142,2025,block_download_or_coverage,,False
20250716_1200_HARP13476_NOAA14136,2025,block_download_or_coverage,,False
20250716_1236_HARP13501_NOAA14142,2025,block_download_or_coverage,,False
20250716_1336_HARP13476_NOAA14136,2025,block_download_or_coverage,,False
20250716_1412_HARP13501_NOAA14142,2025,block_download_or_coverage,,False
20250716_1512_HARP13476_NOAA14136,2025,block_download_or_coverage,,False
20250716_1548_HARP13501_NOAA14142,2025,block_download_or_coverage,,False
20250716_1648_HARP13476_NOAA14136,2025,block_download_or_coverage,,False
20250716_1724_HARP13501_NOAA14142,2025,block_download_or_coverage,,False
20250716_1824_HARP13476_NOAA14136,2025,block_download_or_coverage,,False
20250716_1900_HARP13501_NOAA14142,2025,block_download_or_coverage,,False
20250716_2000_HARP13476_NOAA14136,2025,block_download_or_coverage,,False
20250716_2036_HARP13501_NOAA14142,2025,block_download_or_coverage,,False
20250716_2136_HARP13476_NOAA14136,2025,block_download_or_coverage,,False
20250716_2212_HARP13501_NOAA14142,2025,block_download_or_coverage,,False
20250717_0036_HARP13501_NOAA14142,2025,block_download_or_coverage,,False
20250717_0212_HARP13501_NOAA14142,2025,block_download_or_coverage,,False
20250717_0312_HARP13476_NOAA14136,2025,block_download_or_coverage,,False
20250717_0348_HARP13501_NOAA14142,2025,block_download_or_coverage,,False
20250717_0524_HARP13501_NOAA14142,2025,block_download_or_coverage,,False
20250717_0924_HARP13501_NOAA14142,2025,block_download_or_coverage,,False
20250717_1100_HARP13501_NOAA14142,2025,block_download_or_coverage,,False
20250717_1236_HARP13501_NOAA14142,2025,block_download_or_coverage,,False
20250717_1412_HARP13501_NOAA14142,2025,block_download_or_coverage,,False
20250717_1548_HARP13501_NOAA14142,2025,block_download_or_coverage,,False
20250717_1724_HARP13501_NOAA14142,2025,block_download_or_coverage,,False
20250717_1900_HARP13501_NOAA14142,2025,block_download_or_coverage,,False
20250717_2036_HARP13501_NOAA14142,2025,block_download_or_coverage,,False
20250717_2212_HARP13501_NOAA14142,2025,block_download_or_coverage,,False
20250717_2312_HARP13493_NOAA14140,2025,block_download_or_coverage,,False
20250717_2348_HARP13501_NOAA14142,2025,block_download_or_coverage,,False
20250718_0048_HARP13493_NOAA14140,2025,block_download_or_coverage,,False
20250718_0124_HARP13501_NOAA14142,2025,block_download_or_coverage,,False
20250718_0224_HARP13493_NOAA14140,2025,block_download_or_coverage,,False
20250718_0300_HARP13501_NOAA14142,2025,block_download_or_coverage,,False
20250718_0400_HARP13493_NOAA14140,2025,block_download_or_coverage,,False
20250718_0436_HARP13501_NOAA14142,2025,block_download_or_coverage,,False
20250718_0536_HARP13493_NOAA14140,2025,block_download_or_coverage,,False
20250718_0612_HARP13501_NOAA14142,2025,block_download_or_coverage,,False
20250718_0924_HARP13506_NOAA14144,2025,block_download_or_coverage,,False
20250718_1012_HARP13501_NOAA14142,2025,block_download_or_coverage,,False
20250718_1100_HARP13506_NOAA14144,2025,block_download_or_coverage,,False
20250718_1148_HARP13501_NOAA14142,2025,block_download_or_coverage,,False
20250718_1236_HARP13506_NOAA14144,2025,block_download_or_coverage,,False
20250718_1324_HARP13501_NOAA14142,2025,block_download_or_coverage,,False
20250718_1412_HARP13506_NOAA14144,2025,block_download_or_coverage,,False
20250718_1500_HARP13501_NOAA14142,2025,block_download_or_coverage,,False
20250718_1548_HARP13506_NOAA14144,2025,block_download_or_coverage,,False
20250718_1636_HARP13501_NOAA14142,2025,block_download_or_coverage,,False
20250718_1724_HARP13506_NOAA14144,2025,block_download_or_coverage,,False
20250718_1812_HARP13501_NOAA14142,2025,block_download_or_coverage,,False
20250718_1900_HARP13506_NOAA14144,2025,block_download_or_coverage,,False
20250718_1948_HARP13501_NOAA14142,2025,block_download_or_coverage,,False
20250718_2036_HARP13506_NOAA14144,2025,block_download_or_coverage,,False
20250718_2124_HARP13501_NOAA14142,2025,block_download_or_coverage,,False
20250718_2212_HARP13506_NOAA14144,2025,block_download_or_coverage,,False
20250718_2300_HARP13501_NOAA14142,2025,block_download_or_coverage,,False
20250718_2348_HARP13506_NOAA14144,2025,block_download_or_coverage,,False
20250719_0036_HARP13501_NOAA14142,2025,block_download_or_coverage,,False
20250719_0124_HARP13506_NOAA14144,2025,block_download_or_coverage,,False
20250719_0212_HARP13501_NOAA14142,2025,block_download_or_coverage,,False
20250719_0300_HARP13506_NOAA14144,2025,block_download_or_coverage,,False
20250719_0348_HARP13501_NOAA14142,2025,block_download_or_coverage,,False
20250719_0436_HARP13506_NOAA14144,2025,block_download_or_coverage,,False
20250719_0524_HARP13501_NOAA14142,2025,block_download_or_coverage,,False
20250719_0524_HARP13507_NOAA14147,2025,block_download_or_coverage,,False
20250719_0612_HARP13506_NOAA14144,2025,block_download_or_coverage,,False
20250719_1024_HARP13506_NOAA14144,2025,block_download_or_coverage,,False
20250719_1036_HARP13493_NOAA14140,2025,block_download_or_coverage,,False
20250719_1112_HARP13507_NOAA14147,2025,block_download_or_coverage,,False
20250719_1200_HARP13506_NOAA14144,2025,block_download_or_coverage,,False
20250719_1212_HARP13493_NOAA14140,2025,block_download_or_coverage,,False
20250719_1248_HARP13507_NOAA14147,2025,block_download_or_coverage,,False
20250719_1324_HARP13517_NOAA14158,2025,block_download_or_coverage,,False
20250719_1336_HARP13506_NOAA14144,2025,block_download_or_coverage,,False
20250719_1424_HARP13507_NOAA14147,2025,block_download_or_coverage,,False
20250719_1500_HARP13517_NOAA14158,2025,block_download_or_coverage,,False
20250719_1512_HARP13506_NOAA14144,2025,block_download_or_coverage,,False
20250719_1600_HARP13507_NOAA14147,2025,block_download_or_coverage,,False
20250719_1636_HARP13517_NOAA14158,2025,block_download_or_coverage,,False
20250719_1648_HARP13506_NOAA14144,2025,block_download_or_coverage,,False
20250719_1736_HARP13507_NOAA14147,2025,block_download_or_coverage,,False
20250719_1812_HARP13517_NOAA14158,2025,block_download_or_coverage,,False
20250719_1824_HARP13506_NOAA14144,2025,block_download_or_coverage,,False
20250719_1912_HARP13507_NOAA14147,2025,block_download_or_coverage,,False
20250719_1936_HARP13532_NOAA14151,2025,block_download_or_coverage,,False
20250719_1948_HARP13517_NOAA14158,2025,block_download_or_coverage,,False
20250719_2000_HARP13506_NOAA14144,2025,block_download_or_coverage,,False
20250719_2048_HARP13507_NOAA14147,2025,block_download_or_coverage,,False
20250719_2112_HARP13532_NOAA14151,2025,block_download_or_coverage,,False
20250719_2124_HARP13517_NOAA14158,2025,block_download_or_coverage,,False
20250719_2136_HARP13506_NOAA14144,2025,block_download_or_coverage,,False
20250719_2224_HARP13507_NOAA14147,2025,block_download_or_coverage,,False
20250719_2248_HARP13532_NOAA14151,2025,block_download_or_coverage,,False
20250719_2300_HARP13517_NOAA14158,2025,block_download_or_coverage,,False
20250719_2312_HARP13506_NOAA14144,2025,block_download_or_coverage,,False
20250720_0000_HARP13507_NOAA14147,2025,block_download_or_coverage,,False
20250720_0024_HARP13532_NOAA14151,2025,block_download_or_coverage,,False
20250720_0036_HARP13517_NOAA14158,2025,block_download_or_coverage,,False
20250720_0048_HARP13506_NOAA14144,2025,block_download_or_coverage,,False
20250720_0136_HARP13507_NOAA14147,2025,block_download_or_coverage,,False
20250720_0200_HARP13532_NOAA14151,2025,block_download_or_coverage,,False
20250720_0212_HARP13517_NOAA14158,2025,block_download_or_coverage,,False
20250720_0224_HARP13506_NOAA14144,2025,block_download_or_coverage,,False
20250720_0312_HARP13507_NOAA14147,2025,block_download_or_coverage,,False
20250720_0336_HARP13532_NOAA14151,2025,block_download_or_coverage,,False
20250720_0348_HARP13517_NOAA14158,2025,block_download_or_coverage,,False
20250720_0400_HARP13506_NOAA14144,2025,block_download_or_coverage,,False
20250720_0448_HARP13507_NOAA14147,2025,block_download_or_coverage,,False
20250720_0512_HARP13532_NOAA14151,2025,block_download_or_coverage,,False
20250720_0524_HARP13517_NOAA14158,2025,block_download_or_coverage,,False
20250720_0536_HARP13506_NOAA14144,2025,block_download_or_coverage,,False
20250720_0624_HARP13507_NOAA14147,2025,block_download_or_coverage,,False
20250720_1036_HARP13501_NOAA14142,2025,block_download_or_coverage,,False
20250720_1036_HARP13507_NOAA14147,2025,block_download_or_coverage,,False
20250720_1112_HARP13517_NOAA14158,2025,block_download_or_coverage,,False
20250720_1212_HARP13501_NOAA14142,2025,block_download_or_coverage,,False
20250720_1212_HARP13507_NOAA14147,2025,block_download_or_coverage,,False
20250720_1248_HARP13517_NOAA14158,2025,block_download_or_coverage,,False
20250720_1348_HARP13501_NOAA14142,2025,block_download_or_coverage,,False
20250720_1348_HARP13507_NOAA14147,2025,block_download_or_coverage,,False
20250720_1524_HARP13501_NOAA14142,2025,block_download_or_coverage,,False
20250720_1524_HARP13507_NOAA14147,2025,block_download_or_coverage,,False
20250720_1548_HARP13532_NOAA14151,2025,block_download_or_coverage,,False
20250720_1600_HARP13517_NOAA14158,2025,block_download_or_coverage,,False
20250720_1700_HARP13501_NOAA14142,2025,block_download_or_coverage,,False
20250720_1700_HARP13507_NOAA14147,2025,block_download_or_coverage,,False
20250720_1724_HARP13532_NOAA14151,2025,block_download_or_coverage,,False
20250720_1736_HARP13517_NOAA14158,2025,block_download_or_coverage,,False
20250720_1836_HARP13507_NOAA14147,2025,block_download_or_coverage,,False
20250720_1900_HARP13532_NOAA14151,2025,block_download_or_coverage,,False
20250720_1912_HARP13517_NOAA14158,2025,block_download_or_coverage,,False
20250720_2012_HARP13507_NOAA14147,2025,block_download_or_coverage,,False
20250720_2036_HARP13532_NOAA14151,2025,block_download_or_coverage,,False
20250720_2048_HARP13517_NOAA14158,2025,block_download_or_coverage,,False
20250720_2148_HARP13507_NOAA14147,2025,block_download_or_coverage,,False
20250720_2212_HARP13532_NOAA14151,2025,block_download_or_coverage,,False
20250720_2224_HARP13517_NOAA14158,2025,block_download_or_coverage,,False
20250720_2324_HARP13507_NOAA14147,2025,block_download_or_coverage,,False
20250720_2348_HARP13532_NOAA14151,2025,block_download_or_coverage,,False
20250721_0000_HARP13517_NOAA14158,2025,block_download_or_coverage,,False
20250721_0100_HARP13507_NOAA14147,2025,block_download_or_coverage,,False
20250721_0124_HARP13532_NOAA14151,2025,block_download_or_coverage,,False
20250721_0136_HARP13517_NOAA14158,2025,block_download_or_coverage,,False
20250721_0236_HARP13507_NOAA14147,2025,block_download_or_coverage,,False
20250721_0300_HARP13532_NOAA14151,2025,block_download_or_coverage,,False
20250721_0312_HARP13517_NOAA14158,2025,block_download_or_coverage,,False
20250721_0412_HARP13507_NOAA14147,2025,block_download_or_coverage,,False
20250721_0436_HARP13532_NOAA14151,2025,block_download_or_coverage,,False
20250721_0448_HARP13517_NOAA14158,2025,block_download_or_coverage,,False
20250721_0548_HARP13507_NOAA14147,2025,block_download_or_coverage,,False
20250721_0612_HARP13532_NOAA14151,2025,block_download_or_coverage,,False
20250721_0624_HARP13517_NOAA14158,2025,block_download_or_coverage,,False
20250721_0912_HARP13506_NOAA14144,2025,block_download_or_coverage,,False
20250721_1024_HARP13532_NOAA14151,2025,block_download_or_coverage,,False
20250721_1036_HARP13517_NOAA14158,2025,block_download_or_coverage,,False
20250721_1048_HARP13506_NOAA14144,2025,block_download_or_coverage,,False
20250721_1200_HARP13532_NOAA14151,2025,block_download_or_coverage,,False
20250721_1212_HARP13517_NOAA14158,2025,block_download_or_coverage,,False
20250721_1224_HARP13506_NOAA14144,2025,block_download_or_coverage,,False
20250721_1348_HARP13517_NOAA14158,2025,block_download_or_coverage,,False
20250721_1400_HARP13506_NOAA14144,2025,block_download_or_coverage,,False
20250721_1524_HARP13517_NOAA14158,2025,block_download_or_coverage,,False
20250721_1536_HARP13506_NOAA14144,2025,block_download_or_coverage,,False
20250721_1700_HARP13517_NOAA14158,2025,block_download_or_coverage,,False
20250721_1712_HARP13506_NOAA14144,2025,block_download_or_coverage,,False
20250721_1836_HARP13517_NOAA14158,2025,block_download_or_coverage,,False
20250721_1848_HARP13506_NOAA14144,2025,block_download_or_coverage,,False
20250721_1936_HARP13507_NOAA14147,2025,block_download_or_coverage,,False
20250721_2012_HARP13517_NOAA14158,2025,block_download_or_coverage,,False
20250721_2024_HARP13506_NOAA14144,2025,block_download_or_coverage,,False
20250721_2112_HARP13507_NOAA14147,2025,block_download_or_coverage,,False
20250721_2148_HARP13517_NOAA14158,2025,block_download_or_coverage,,False
20250721_2200_HARP13506_NOAA14144,2025,block_download_or_coverage,,False
20250721_2248_HARP13507_NOAA14147,2025,block_download_or_coverage,,False
20250721_2324_HARP13517_NOAA14158,2025,block_download_or_coverage,,False
20250721_2336_HARP13506_NOAA14144,2025,block_download_or_coverage,,False
20250722_0024_HARP13507_NOAA14147,2025,block_download_or_coverage,,False
20250722_0100_HARP13517_NOAA14158,2025,block_download_or_coverage,,False
20250722_0112_HARP13506_NOAA14144,2025,block_download_or_coverage,,False
20250722_0200_HARP13507_NOAA14147,2025,block_download_or_coverage,,False
20250722_0236_HARP13517_NOAA14158,2025,block_download_or_coverage,,False
20250722_0248_HARP13506_NOAA14144,2025,block_download_or_coverage,,False
20250722_0336_HARP13507_NOAA14147,2025,block_download_or_coverage,,False
20250722_0412_HARP13517_NOAA14158,2025,block_download_or_coverage,,False
20250722_0424_HARP13506_NOAA14144,2025,block_download_or_coverage,,False
20250722_0512_HARP13507_NOAA14147,2025,block_download_or_coverage,,False
20250722_0548_HARP13517_NOAA14158,2025,block_download_or_coverage,,False
20250722_1000_HARP13517_NOAA14158,2025,block_download_or_coverage,,False
20250722_1012_HARP13506_NOAA14144,2025,block_download_or_coverage,,False
20250722_1136_HARP13517_NOAA14158,2025,block_download_or_coverage,,False
20250722_1148_HARP13506_NOAA14144,2025,block_download_or_coverage,,False
20250722_1312_HARP13517_NOAA14158,2025,block_download_or_coverage,,False
20250722_1324_HARP13506_NOAA14144,2025,block_download_or_coverage,,False
20250722_1612_HARP13517_NOAA14158,2025,block_download_or_coverage,,False
20250722_1624_HARP13506_NOAA14144,2025,block_download_or_coverage,,False
20250722_1748_HARP13517_NOAA14158,2025,block_download_or_coverage,,False
20250722_1924_HARP13517_NOAA14158,2025,block_download_or_coverage,,False
20250722_2100_HARP13517_NOAA14158,2025,block_download_or_coverage,,False
20250722_2136_HARP13522_NOAA14150,2025,block_download_or_coverage,,False
20250722_2236_HARP13517_NOAA14158,2025,block_download_or_coverage,,False
20250722_2312_HARP13522_NOAA14150,2025,block_download_or_coverage,,False
20250723_0012_HARP13517_NOAA14158,2025,block_download_or_coverage,,False
20250723_0048_HARP13522_NOAA14150,2025,block_download_or_coverage,,False
20250723_0148_HARP13517_NOAA14158,2025,block_download_or_coverage,,False
20250723_0224_HARP13522_NOAA14150,2025,block_download_or_coverage,,False
20250723_0324_HARP13517_NOAA14158,2025,block_download_or_coverage,,False
20250723_0400_HARP13522_NOAA14150,2025,block_download_or_coverage,,False
20250723_0500_HARP13517_NOAA14158,2025,block_download_or_coverage,,False
20250723_0536_HARP13522_NOAA14150,2025,block_download_or_coverage,,False
20250723_1012_HARP13507_NOAA14147,2025,block_download_or_coverage,,False
20250723_1124_HARP13522_NOAA14150,2025,block_download_or_coverage,,False
20250723_1148_HARP13507_NOAA14147,2025,block_download_or_coverage,,False
20250723_1300_HARP13522_NOAA14150,2025,block_download_or_coverage,,False
20250723_1324_HARP13507_NOAA14147,2025,block_download_or_coverage,,False
20250723_1436_HARP13522_NOAA14150,2025,block_download_or_coverage,,False
20250723_2148_HARP13517_NOAA14158,2025,block_download_or_coverage,,False
20250723_2324_HARP13517_NOAA14158,2025,block_download_or_coverage,,False
20250724_0000_HARP13524_NOAA14149,2025,block_download_or_coverage,,False
20250724_0100_HARP13517_NOAA14158,2025,block_download_or_coverage,,False
20250724_0136_HARP13524_NOAA14149,2025,block_download_or_coverage,,False
20250724_0312_HARP13524_NOAA14149,2025,block_download_or_coverage,,False
20250724_0448_HARP13524_NOAA14149,2025,block_download_or_coverage,,False
20250724_0624_HARP13524_NOAA14149,2025,block_download_or_coverage,,False
20250724_1036_HARP13522_NOAA14150,2025,block_download_or_coverage,,False
20250724_1036_HARP13524_NOAA14149,2025,block_download_or_coverage,,False
20250724_1212_HARP13522_NOAA14150,2025,block_download_or_coverage,,False
20250724_1212_HARP13524_NOAA14149,2025,block_download_or_coverage,,False
20250724_1348_HARP13522_NOAA14150,2025,block_download_or_coverage,,False
20250724_1348_HARP13524_NOAA14149,2025,block_download_or_coverage,,False
20250724_1524_HARP13522_NOAA14150,2025,block_download_or_coverage,,False
20250724_1524_HARP13524_NOAA14149,2025,block_download_or_coverage,,False
20250724_1700_HARP13522_NOAA14150,2025,block_download_or_coverage,,False
20250724_1700_HARP13524_NOAA14149,2025,crop_patch_boundary,2025_HARP13524_20250724_1036_20250725_0112,False
20250724_1836_HARP13522_NOAA14150,2025,block_download_or_coverage,,False
20250724_1836_HARP13524_NOAA14149,2025,crop_patch_boundary,2025_HARP13524_20250724_1036_20250725_0112,False
20250724_2012_HARP13522_NOAA14150,2025,block_download_or_coverage,,False
20250724_2012_HARP13524_NOAA14149,2025,crop_patch_boundary,2025_HARP13524_20250724_1036_20250725_0112,False
20250724_2200_HARP13522_NOAA14150,2025,block_download_or_coverage,,False
20250724_2200_HARP13524_NOAA14149,2025,block_download_or_coverage,,False
20250724_2336_HARP13522_NOAA14150,2025,block_download_or_coverage,,False
20250724_2336_HARP13524_NOAA14149,2025,block_download_or_coverage,,False
20250725_0112_HARP13522_NOAA14150,2025,block_download_or_coverage,,False
20250725_0112_HARP13524_NOAA14149,2025,crop_patch_boundary,2025_HARP13524_20250724_1036_20250725_0112,False
20250725_0500_HARP13522_NOAA14150,2025,block_download_or_coverage,,False
20250725_0500_HARP13524_NOAA14149,2025,crop_patch_boundary,2025_HARP13524_20250725_0500_20250725_0500,False
20250725_0548_HARP13542_NOAA14153,2025,block_download_or_coverage,,False
20250725_0912_HARP13522_NOAA14150,2025,block_download_or_coverage,,False
20250725_0912_HARP13524_NOAA14149,2025,crop_patch_boundary,2025_HARP13524_20250725_0912_20250726_0424,False
20250725_1000_HARP13542_NOAA14153,2025,block_download_or_coverage,,False
20250725_1048_HARP13522_NOAA14150,2025,block_download_or_coverage,,False
20250725_1048_HARP13524_NOAA14149,2025,crop_patch_boundary,2025_HARP13524_20250725_0912_20250726_0424,False
20250725_1136_HARP13542_NOAA14153,2025,block_download_or_coverage,,False
20250725_1224_HARP13522_NOAA14150,2025,block_download_or_coverage,,False
20250725_1224_HARP13524_NOAA14149,2025,crop_patch_boundary,2025_HARP13524_20250725_0912_20250726_0424,False
20250725_1312_HARP13542_NOAA14153,2025,block_download_or_coverage,,False
20250725_1400_HARP13522_NOAA14150,2025,block_download_or_coverage,,False
20250725_1400_HARP13524_NOAA14149,2025,crop_patch_boundary,2025_HARP13524_20250725_0912_20250726_0424,False
20250725_1448_HARP13542_NOAA14153,2025,block_download_or_coverage,,False
20250725_1536_HARP13522_NOAA14150,2025,block_download_or_coverage,,False
20250725_1536_HARP13524_NOAA14149,2025,crop_patch_boundary,2025_HARP13524_20250725_0912_20250726_0424,False
20250725_1624_HARP13542_NOAA14153,2025,block_download_or_coverage,,False
20250725_1712_HARP13522_NOAA14150,2025,block_download_or_coverage,,False
20250725_1712_HARP13524_NOAA14149,2025,crop_patch_boundary,2025_HARP13524_20250725_0912_20250726_0424,False
20250725_1848_HARP13522_NOAA14150,2025,block_download_or_coverage,,False
20250725_1848_HARP13524_NOAA14149,2025,crop_patch_boundary,2025_HARP13524_20250725_0912_20250726_0424,False
20250725_1936_HARP13542_NOAA14153,2025,block_download_or_coverage,,False
20250725_2024_HARP13522_NOAA14150,2025,block_download_or_coverage,,False
20250725_2024_HARP13524_NOAA14149,2025,crop_patch_boundary,2025_HARP13524_20250725_0912_20250726_0424,False
20250725_2112_HARP13542_NOAA14153,2025,block_download_or_coverage,,False
20250725_2200_HARP13522_NOAA14150,2025,block_download_or_coverage,,False
20250725_2200_HARP13524_NOAA14149,2025,crop_patch_boundary,2025_HARP13524_20250725_0912_20250726_0424,False
20250725_2248_HARP13542_NOAA14153,2025,block_download_or_coverage,,False
20250725_2336_HARP13522_NOAA14150,2025,block_download_or_coverage,,False
20250725_2336_HARP13524_NOAA14149,2025,crop_patch_boundary,2025_HARP13524_20250725_0912_20250726_0424,False
20250726_0024_HARP13542_NOAA14153,2025,block_download_or_coverage,,False
20250726_0112_HARP13522_NOAA14150,2025,block_download_or_coverage,,False
20250726_0112_HARP13524_NOAA14149,2025,crop_patch_boundary,2025_HARP13524_20250725_0912_20250726_0424,False
20250726_0200_HARP13542_NOAA14153,2025,block_download_or_coverage,,False
20250726_0248_HARP13522_NOAA14150,2025,block_download_or_coverage,,False
20250726_0248_HARP13524_NOAA14149,2025,crop_patch_boundary,2025_HARP13524_20250725_0912_20250726_0424,False
20250726_0336_HARP13542_NOAA14153,2025,block_download_or_coverage,,False
20250726_0424_HARP13522_NOAA14150,2025,block_download_or_coverage,,False
20250726_0424_HARP13524_NOAA14149,2025,crop_patch_boundary,2025_HARP13524_20250725_0912_20250726_0424,False
20250726_0512_HARP13542_NOAA14153,2025,block_download_or_coverage,,False
20250726_0924_HARP13542_NOAA14153,2025,block_download_or_coverage,,False
20250726_1000_HARP13561_NOAA14159,2025,block_download_or_coverage,,False
20250726_1012_HARP13524_NOAA14149,2025,block_download_or_coverage,,False
20250726_1100_HARP13542_NOAA14153,2025,block_download_or_coverage,,False
20250726_1136_HARP13561_NOAA14159,2025,block_download_or_coverage,,False
20250726_1148_HARP13524_NOAA14149,2025,block_download_or_coverage,,False
20250726_1236_HARP13542_NOAA14153,2025,block_download_or_coverage,,False
20250726_1300_HARP13543_NOAA14154,2025,block_download_or_coverage,,False
20250726_1312_HARP13561_NOAA14159,2025,block_download_or_coverage,,False
20250726_1324_HARP13524_NOAA14149,2025,block_download_or_coverage,,False
20250726_1412_HARP13542_NOAA14153,2025,block_download_or_coverage,,False
20250726_1448_HARP13561_NOAA14159,2025,block_download_or_coverage,,False
20250726_1500_HARP13524_NOAA14149,2025,block_download_or_coverage,,False
20250726_1548_HARP13542_NOAA14153,2025,block_download_or_coverage,,False
20250726_1624_HARP13561_NOAA14159,2025,block_download_or_coverage,,False
20250726_1636_HARP13524_NOAA14149,2025,block_download_or_coverage,,False
20250726_1724_HARP13542_NOAA14153,2025,block_download_or_coverage,,False
20250726_1748_HARP13543_NOAA14154,2025,block_download_or_coverage,,False
20250726_1812_HARP13524_NOAA14149,2025,block_download_or_coverage,,False
20250726_1900_HARP13542_NOAA14153,2025,block_download_or_coverage,,False
20250726_1924_HARP13543_NOAA14154,2025,block_download_or_coverage,,False
20250726_1948_HARP13524_NOAA14149,2025,block_download_or_coverage,,False
20250726_2036_HARP13542_NOAA14153,2025,block_download_or_coverage,,False
20250726_2100_HARP13543_NOAA14154,2025,block_download_or_coverage,,False
20250726_2124_HARP13524_NOAA14149,2025,block_download_or_coverage,,False
20250726_2212_HARP13542_NOAA14153,2025,block_download_or_coverage,,False
20250726_2236_HARP13543_NOAA14154,2025,block_download_or_coverage,,False
20250726_2300_HARP13524_NOAA14149,2025,block_download_or_coverage,,False
20250726_2348_HARP13542_NOAA14153,2025,block_download_or_coverage,,False
20250727_0012_HARP13543_NOAA14154,2025,block_download_or_coverage,,False
20250727_0036_HARP13524_NOAA14149,2025,block_download_or_coverage,,False
20250727_0124_HARP13542_NOAA14153,2025,block_download_or_coverage,,False
20250727_0148_HARP13543_NOAA14154,2025,block_download_or_coverage,,False
20250727_0212_HARP13524_NOAA14149,2025,block_download_or_coverage,,False
20250727_0300_HARP13542_NOAA14153,2025,block_download_or_coverage,,False
20250727_0324_HARP13543_NOAA14154,2025,block_download_or_coverage,,False
20250727_0436_HARP13542_NOAA14153,2025,block_download_or_coverage,,False
20250727_0500_HARP13543_NOAA14154,2025,block_download_or_coverage,,False
20250727_0524_HARP13522_NOAA14150,2025,block_download_or_coverage,,False
20250727_0524_HARP13524_NOAA14149,2025,crop_patch_boundary,2025_HARP13524_20250727_0524_20250727_0524,False
20250727_0612_HARP13542_NOAA14153,2025,block_download_or_coverage,,False
20250727_0912_HARP13543_NOAA14154,2025,block_download_or_coverage,,False
20250727_1024_HARP13542_NOAA14153,2025,block_download_or_coverage,,False
20250727_1048_HARP13543_NOAA14154,2025,block_download_or_coverage,,False
20250727_1112_HARP13524_NOAA14149,2025,crop_patch_boundary,2025_HARP13524_20250727_1112_20250728_0448,False
20250727_1200_HARP13542_NOAA14153,2025,block_download_or_coverage,,False
20250727_1212_HARP13568_NOAA14163,2025,block_download_or_coverage,,False
20250727_1224_HARP13543_NOAA14154,2025,block_download_or_coverage,,False
20250727_1248_HARP13524_NOAA14149,2025,crop_patch_boundary,2025_HARP13524_20250727_1112_20250728_0448,False
20250727_1336_HARP13542_NOAA14153,2025,block_download_or_coverage,,False
20250727_1348_HARP13568_NOAA14163,2025,block_download_or_coverage,,False
20250727_1400_HARP13543_NOAA14154,2025,block_download_or_coverage,,False
20250727_1424_HARP13524_NOAA14149,2025,crop_patch_boundary,2025_HARP13524_20250727_1112_20250728_0448,False
20250727_1512_HARP13542_NOAA14153,2025,block_download_or_coverage,,False
20250727_1524_HARP13568_NOAA14163,2025,block_download_or_coverage,,False
20250727_1536_HARP13543_NOAA14154,2025,block_download_or_coverage,,False
20250727_1600_HARP13524_NOAA14149,2025,crop_patch_boundary,2025_HARP13524_20250727_1112_20250728_0448,False
20250727_1648_HARP13542_NOAA14153,2025,block_download_or_coverage,,False
20250727_1700_HARP13568_NOAA14163,2025,block_download_or_coverage,,False
20250727_1712_HARP13543_NOAA14154,2025,block_download_or_coverage,,False
20250727_1736_HARP13524_NOAA14149,2025,crop_patch_boundary,2025_HARP13524_20250727_1112_20250728_0448,False
20250727_1824_HARP13542_NOAA14153,2025,block_download_or_coverage,,False
20250727_1836_HARP13568_NOAA14163,2025,block_download_or_coverage,,False
20250727_1848_HARP13543_NOAA14154,2025,block_download_or_coverage,,False
20250727_1912_HARP13524_NOAA14149,2025,crop_patch_boundary,2025_HARP13524_20250727_1112_20250728_0448,False
20250727_1936_HARP13548_NOAA14155,2025,block_download_or_coverage,,False
20250727_1936_HARP13552_NOAA14156,2025,block_download_or_coverage,,False
20250727_2000_HARP13542_NOAA14153,2025,block_download_or_coverage,,False
20250727_2012_HARP13568_NOAA14163,2025,block_download_or_coverage,,False
20250727_2024_HARP13543_NOAA14154,2025,block_download_or_coverage,,False
20250727_2048_HARP13524_NOAA14149,2025,crop_patch_boundary,2025_HARP13524_20250727_1112_20250728_0448,False
20250727_2112_HARP13548_NOAA14155,2025,block_download_or_coverage,,False
20250727_2112_HARP13552_NOAA14156,2025,block_download_or_coverage,,False
20250727_2136_HARP13542_NOAA14153,2025,block_download_or_coverage,,False
20250727_2148_HARP13568_NOAA14163,2025,block_download_or_coverage,,False
20250727_2200_HARP13543_NOAA14154,2025,block_download_or_coverage,,False
20250727_2224_HARP13524_NOAA14149,2025,block_download_or_coverage,,False
20250727_2248_HARP13548_NOAA14155,2025,block_download_or_coverage,,False
20250727_2248_HARP13552_NOAA14156,2025,block_download_or_coverage,,False
20250727_2312_HARP13542_NOAA14153,2025,block_download_or_coverage,,False
20250727_2324_HARP13568_NOAA14163,2025,block_download_or_coverage,,False
20250727_2336_HARP13543_NOAA14154,2025,block_download_or_coverage,,False
20250728_0000_HARP13524_NOAA14149,2025,block_download_or_coverage,,False
20250728_0024_HARP13548_NOAA14155,2025,block_download_or_coverage,,False
20250728_0024_HARP13552_NOAA14156,2025,block_download_or_coverage,,False
20250728_0048_HARP13542_NOAA14153,2025,block_download_or_coverage,,False
20250728_0100_HARP13568_NOAA14163,2025,block_download_or_coverage,,False
20250728_0112_HARP13543_NOAA14154,2025,block_download_or_coverage,,False
20250728_0136_HARP13524_NOAA14149,2025,block_download_or_coverage,,False
20250728_0200_HARP13548_NOAA14155,2025,block_download_or_coverage,,False
20250728_0200_HARP13552_NOAA14156,2025,block_download_or_coverage,,False
20250728_0224_HARP13542_NOAA14153,2025,block_download_or_coverage,,False
20250728_0236_HARP13568_NOAA14163,2025,block_download_or_coverage,,False
20250728_0248_HARP13543_NOAA14154,2025,block_download_or_coverage,,False
20250728_0312_HARP13524_NOAA14149,2025,block_download_or_coverage,,False
20250728_0336_HARP13548_NOAA14155,2025,block_download_or_coverage,,False
20250728_0336_HARP13552_NOAA14156,2025,block_download_or_coverage,,False
20250728_0400_HARP13542_NOAA14153,2025,block_download_or_coverage,,False
20250728_0412_HARP13568_NOAA14163,2025,block_download_or_coverage,,False
20250728_0424_HARP13543_NOAA14154,2025,block_download_or_coverage,,False
20250728_0448_HARP13524_NOAA14149,2025,block_download_or_coverage,,False
20250728_0512_HARP13548_NOAA14155,2025,block_download_or_coverage,,False
20250728_0512_HARP13552_NOAA14156,2025,block_download_or_coverage,,False
20250728_0536_HARP13542_NOAA14153,2025,block_download_or_coverage,,False
20250728_0548_HARP13568_NOAA14163,2025,block_download_or_coverage,,False
20250728_0924_HARP13548_NOAA14155,2025,block_download_or_coverage,,False
20250728_1000_HARP13568_NOAA14163,2025,block_download_or_coverage,,False
20250728_1012_HARP13543_NOAA14154,2025,block_download_or_coverage,,False
20250728_1024_HARP13561_NOAA14159,2025,block_download_or_coverage,,False
20250728_1100_HARP13548_NOAA14155,2025,block_download_or_coverage,,False
20250728_1124_HARP13542_NOAA14153,2025,block_download_or_coverage,,False
20250728_1136_HARP13568_NOAA14163,2025,block_download_or_coverage,,False
20250728_1148_HARP13543_NOAA14154,2025,block_download_or_coverage,,False
20250728_1200_HARP13561_NOAA14159,2025,block_download_or_coverage,,False
20250728_1236_HARP13548_NOAA14155,2025,block_download_or_coverage,,False
20250728_1300_HARP13542_NOAA14153,2025,block_download_or_coverage,,False
20250728_1524_HARP13524_NOAA14149,2025,block_download_or_coverage,,False
20250728_1548_HARP13548_NOAA14155,2025,block_download_or_coverage,,False
20250728_1612_HARP13542_NOAA14153,2025,block_download_or_coverage,,False
20250728_1624_HARP13568_NOAA14163,2025,block_download_or_coverage,,False
20250728_1636_HARP13543_NOAA14154,2025,block_download_or_coverage,,False
20250728_1700_HARP13524_NOAA14149,2025,block_download_or_coverage,,False
20250728_1724_HARP13548_NOAA14155,2025,block_download_or_coverage,,False
20250728_1748_HARP13542_NOAA14153,2025,block_download_or_coverage,,False
20250728_1812_HARP13543_NOAA14154,2025,block_download_or_coverage,,False
20250728_1836_HARP13524_NOAA14149,2025,block_download_or_coverage,,False
20250728_1900_HARP13548_NOAA14155,2025,block_download_or_coverage,,False
20250728_1948_HARP13543_NOAA14154,2025,block_download_or_coverage,,False
20250728_2036_HARP13548_NOAA14155,2025,block_download_or_coverage,,False
20250728_2100_HARP13542_NOAA14153,2025,block_download_or_coverage,,False
20250728_2212_HARP13548_NOAA14155,2025,block_download_or_coverage,,False
20250728_2236_HARP13542_NOAA14153,2025,block_download_or_coverage,,False
20250728_2300_HARP13543_NOAA14154,2025,block_download_or_coverage,,False
20250728_2348_HARP13548_NOAA14155,2025,block_download_or_coverage,,False
20250729_0012_HARP13542_NOAA14153,2025,block_download_or_coverage,,False
20250729_0036_HARP13543_NOAA14154,2025,block_download_or_coverage,,False
20250729_0124_HARP13548_NOAA14155,2025,block_download_or_coverage,,False
20250729_0148_HARP13542_NOAA14153,2025,block_download_or_coverage,,False
20250729_0212_HARP13543_NOAA14154,2025,block_download_or_coverage,,False
20250729_0300_HARP13548_NOAA14155,2025,block_download_or_coverage,,False
20250729_0324_HARP13542_NOAA14153,2025,block_download_or_coverage,,False
20250729_0536_HARP13548_NOAA14155,2025,block_download_or_coverage,,False
20250729_0612_HARP13568_NOAA14163,2025,block_download_or_coverage,,False
20250729_1024_HARP13543_NOAA14154,2025,block_download_or_coverage,,False
20250729_1112_HARP13548_NOAA14155,2025,block_download_or_coverage,,False
20250729_1112_HARP13552_NOAA14156,2025,block_download_or_coverage,,False
20250729_1136_HARP13542_NOAA14153,2025,block_download_or_coverage,,False
20250729_1148_HARP13568_NOAA14163,2025,block_download_or_coverage,,False
20250729_1200_HARP13543_NOAA14154,2025,block_download_or_coverage,,False
20250729_1248_HARP13548_NOAA14155,2025,block_download_or_coverage,,False
20250729_1248_HARP13552_NOAA14156,2025,block_download_or_coverage,,False
20250729_1312_HARP13542_NOAA14153,2025,block_download_or_coverage,,False
20250729_1324_HARP13568_NOAA14163,2025,block_download_or_coverage,,False
20250729_1336_HARP13543_NOAA14154,2025,block_download_or_coverage,,False
20250729_1424_HARP13548_NOAA14155,2025,block_download_or_coverage,,False
20250729_1424_HARP13552_NOAA14156,2025,block_download_or_coverage,,False
20250729_1448_HARP13542_NOAA14153,2025,block_download_or_coverage,,False
20250729_1500_HARP13568_NOAA14163,2025,block_download_or_coverage,,False
20250729_1512_HARP13543_NOAA14154,2025,block_download_or_coverage,,False
20250729_1600_HARP13548_NOAA14155,2025,block_download_or_coverage,,False
20250729_1600_HARP13552_NOAA14156,2025,block_download_or_coverage,,False
20250729_1624_HARP13542_NOAA14153,2025,block_download_or_coverage,,False
20250729_1636_HARP13568_NOAA14163,2025,block_download_or_coverage,,False
20250729_1648_HARP13543_NOAA14154,2025,block_download_or_coverage,,False
20250729_1736_HARP13548_NOAA14155,2025,block_download_or_coverage,,False
20250729_1736_HARP13552_NOAA14156,2025,block_download_or_coverage,,False
20250729_1812_HARP13568_NOAA14163,2025,block_download_or_coverage,,False
20250729_1824_HARP13543_NOAA14154,2025,block_download_or_coverage,,False
20250729_2012_HARP13568_NOAA14163,2025,block_download_or_coverage,,False
20250729_2024_HARP13543_NOAA14154,2025,block_download_or_coverage,,False
20250729_2112_HARP13548_NOAA14155,2025,block_download_or_coverage,,False
20250729_2112_HARP13552_NOAA14156,2025,block_download_or_coverage,,False
20250729_2148_HARP13568_NOAA14163,2025,block_download_or_coverage,,False
20250729_2200_HARP13543_NOAA14154,2025,block_download_or_coverage,,False
20250729_2248_HARP13548_NOAA14155,2025,block_download_or_coverage,,False
20250729_2248_HARP13552_NOAA14156,2025,block_download_or_coverage,,False
20250729_2324_HARP13568_NOAA14163,2025,block_download_or_coverage,,False
20250729_2336_HARP13543_NOAA14154,2025,block_download_or_coverage,,False
20250730_0024_HARP13548_NOAA14155,2025,block_download_or_coverage,,False
20250730_0024_HARP13552_NOAA14156,2025,block_download_or_coverage,,False
20250730_0100_HARP13568_NOAA14163,2025,block_download_or_coverage,,False
20250730_0112_HARP13543_NOAA14154,2025,block_download_or_coverage,,False
20250730_0200_HARP13548_NOAA14155,2025,block_download_or_coverage,,False
20250730_0200_HARP13552_NOAA14156,2025,block_download_or_coverage,,False
20250730_0236_HARP13568_NOAA14163,2025,block_download_or_coverage,,False
20250730_0236_HARP13576_NOAA14166,2025,block_download_or_coverage,,False
20250730_0248_HARP13543_NOAA14154,2025,block_download_or_coverage,,False
20250730_0336_HARP13548_NOAA14155,2025,block_download_or_coverage,,False
20250730_0336_HARP13552_NOAA14156,2025,block_download_or_coverage,,False
20250730_0424_HARP13543_NOAA14154,2025,block_download_or_coverage,,False
20250730_0512_HARP13548_NOAA14155,2025,block_download_or_coverage,,False
20250730_0512_HARP13552_NOAA14156,2025,block_download_or_coverage,,False
20250730_0548_HARP13576_NOAA14166,2025,block_download_or_coverage,,False
20250730_0912_HARP13548_NOAA14155,2025,block_download_or_coverage,,False
20250730_0912_HARP13552_NOAA14156,2025,block_download_or_coverage,,False
20250730_1048_HARP13548_NOAA14155,2025,block_download_or_coverage,,False
20250730_1048_HARP13552_NOAA14156,2025,block_download_or_coverage,,False
20250730_1124_HARP13576_NOAA14166,2025,block_download_or_coverage,,False
20250730_1148_HARP13568_NOAA14163,2025,block_download_or_coverage,,False
20250730_1224_HARP13548_NOAA14155,2025,block_download_or_coverage,,False
20250730_1224_HARP13552_NOAA14156,2025,block_download_or_coverage,,False
20250730_1300_HARP13576_NOAA14166,2025,block_download_or_coverage,,False
20250730_1400_HARP13548_NOAA14155,2025,block_download_or_coverage,,False
20250730_1400_HARP13552_NOAA14156,2025,block_download_or_coverage,,False
20250730_1436_HARP13576_NOAA14166,2025,block_download_or_coverage,,False
20250730_1612_HARP13548_NOAA14155,2025,block_download_or_coverage,,False
20250730_1612_HARP13552_NOAA14156,2025,block_download_or_coverage,,False
20250730_1648_HARP13576_NOAA14166,2025,block_download_or_coverage,,False
20250730_1700_HARP13543_NOAA14154,2025,block_download_or_coverage,,False
20250730_1748_HARP13548_NOAA14155,2025,block_download_or_coverage,,False
20250730_1748_HARP13552_NOAA14156,2025,block_download_or_coverage,,False
20250730_1824_HARP13576_NOAA14166,2025,block_download_or_coverage,,False
20250730_1836_HARP13543_NOAA14154,2025,block_download_or_coverage,,False
20250730_1924_HARP13548_NOAA14155,2025,block_download_or_coverage,,False
20250730_1924_HARP13552_NOAA14156,2025,block_download_or_coverage,,False
20250730_2000_HARP13576_NOAA14166,2025,block_download_or_coverage,,False
20250730_2012_HARP13543_NOAA14154,2025,block_download_or_coverage,,False
20250730_2100_HARP13548_NOAA14155,2025,block_download_or_coverage,,False
20250730_2100_HARP13552_NOAA14156,2025,block_download_or_coverage,,False
20250730_2136_HARP13576_NOAA14166,2025,block_download_or_coverage,,False
20250730_2148_HARP13543_NOAA14154,2025,block_download_or_coverage,,False
20250730_2236_HARP13548_NOAA14155,2025,block_download_or_coverage,,False
20250730_2236_HARP13552_NOAA14156,2025,block_download_or_coverage,,False
20250730_2312_HARP13576_NOAA14166,2025,block_download_or_coverage,,False
20250730_2324_HARP13543_NOAA14154,2025,block_download_or_coverage,,False
20250731_0012_HARP13548_NOAA14155,2025,block_download_or_coverage,,False
20250731_0012_HARP13552_NOAA14156,2025,block_download_or_coverage,,False
20250731_0048_HARP13576_NOAA14166,2025,block_download_or_coverage,,False
20250731_0148_HARP13548_NOAA14155,2025,block_download_or_coverage,,False
20250731_0148_HARP13552_NOAA14156,2025,block_download_or_coverage,,False
20250731_0224_HARP13576_NOAA14166,2025,block_download_or_coverage,,False
20250731_0236_HARP13543_NOAA14154,2025,block_download_or_coverage,,False
20250731_0324_HARP13548_NOAA14155,2025,block_download_or_coverage,,False
20250731_0324_HARP13552_NOAA14156,2025,block_download_or_coverage,,False
20250731_0400_HARP13576_NOAA14166,2025,block_download_or_coverage,,False
20250731_0412_HARP13543_NOAA14154,2025,block_download_or_coverage,,False
20250731_0500_HARP13548_NOAA14155,2025,block_download_or_coverage,,False
20250731_0500_HARP13552_NOAA14156,2025,block_download_or_coverage,,False
20250731_0536_HARP13576_NOAA14166,2025,block_download_or_coverage,,False
20250731_0548_HARP13543_NOAA14154,2025,block_download_or_coverage,,False
20250731_0924_HARP13581_NOAA14167,2025,block_download_or_coverage,,False
20250731_1036_HARP13548_NOAA14155,2025,block_download_or_coverage,,False
20250731_1100_HARP13581_NOAA14167,2025,block_download_or_coverage,,False
20250731_1212_HARP13548_NOAA14155,2025,block_download_or_coverage,,False
20250731_1236_HARP13581_NOAA14167,2025,block_download_or_coverage,,False
20250731_1348_HARP13548_NOAA14155,2025,block_download_or_coverage,,False
20250731_1412_HARP13581_NOAA14167,2025,block_download_or_coverage,,False
20250731_1524_HARP13548_NOAA14155,2025,block_download_or_coverage,,False
20250731_1548_HARP13581_NOAA14167,2025,block_download_or_coverage,,False
20250731_1636_HARP13567_NOAA14161,2025,block_download_or_coverage,,False
20250731_1700_HARP13548_NOAA14155,2025,block_download_or_coverage,,False
20250731_1724_HARP13581_NOAA14167,2025,block_download_or_coverage,,False
20250731_1812_HARP13567_NOAA14161,2025,block_download_or_coverage,,False
20250731_1836_HARP13548_NOAA14155,2025,block_download_or_coverage,,False
20250731_1900_HARP13581_NOAA14167,2025,block_download_or_coverage,,False
20250731_1948_HARP13567_NOAA14161,2025,block_download_or_coverage,,False
20250731_2012_HARP13548_NOAA14155,2025,block_download_or_coverage,,False
20250731_2036_HARP13581_NOAA14167,2025,block_download_or_coverage,,False
20250731_2124_HARP13567_NOAA14161,2025,block_download_or_coverage,,False
20250731_2148_HARP13548_NOAA14155,2025,block_download_or_coverage,,False
20250731_2212_HARP13581_NOAA14167,2025,block_download_or_coverage,,False
20250731_2300_HARP13567_NOAA14161,2025,block_download_or_coverage,,False
20250731_2324_HARP13548_NOAA14155,2025,block_download_or_coverage,,False
20250731_2348_HARP13581_NOAA14167,2025,block_download_or_coverage,,False
20250801_0036_HARP13567_NOAA14161,2025,block_download_or_coverage,,False
20250801_0124_HARP13581_NOAA14167,2025,block_download_or_coverage,,False
20250801_0212_HARP13567_NOAA14161,2025,block_download_or_coverage,,False
20250801_0300_HARP13581_NOAA14167,2025,block_download_or_coverage,,False
20250801_0436_HARP13581_NOAA14167,2025,block_download_or_coverage,,False
20250801_0524_HARP13567_NOAA14161,2025,block_download_or_coverage,,False
20250801_0612_HARP13581_NOAA14167,2025,block_download_or_coverage,,False
20250801_0924_HARP13567_NOAA14161,2025,block_download_or_coverage,,False
20250801_1100_HARP13567_NOAA14161,2025,block_download_or_coverage,,False
20250801_1236_HARP13567_NOAA14161,2025,block_download_or_coverage,,False
20250801_1412_HARP13567_NOAA14161,2025,block_download_or_coverage,,False
20250801_1548_HARP13567_NOAA14161,2025,block_download_or_coverage,,False
20250801_1724_HARP13567_NOAA14161,2025,block_download_or_coverage,,False
20250801_1900_HARP13567_NOAA14161,2025,block_download_or_coverage,,False
20250801_2036_HARP13567_NOAA14161,2025,block_download_or_coverage,,False
20250801_2212_HARP13567_NOAA14161,2025,block_download_or_coverage,,False
20250801_2348_HARP13567_NOAA14161,2025,block_download_or_coverage,,False
20250802_0124_HARP13567_NOAA14161,2025,block_download_or_coverage,,False
20250802_0300_HARP13567_NOAA14161,2025,block_download_or_coverage,,False
20250802_0436_HARP13567_NOAA14161,2025,block_download_or_coverage,,False
20250802_0612_HARP13567_NOAA14161,2025,block_download_or_coverage,,False
20250802_0912_HARP13581_NOAA14167,2025,block_download_or_coverage,,False
20250802_1000_HARP13567_NOAA14161,2025,block_download_or_coverage,,False
20250802_1048_HARP13581_NOAA14167,2025,block_download_or_coverage,,False
20250802_1136_HARP13567_NOAA14161,2025,block_download_or_coverage,,False
20250802_1312_HARP13567_NOAA14161,2025,block_download_or_coverage,,False
20250802_1448_HARP13567_NOAA14161,2025,block_download_or_coverage,,False
20250802_1624_HARP13567_NOAA14161,2025,block_download_or_coverage,,False
20250802_1936_HARP13567_NOAA14161,2025,block_download_or_coverage,,False
20250802_2112_HARP13567_NOAA14161,2025,block_download_or_coverage,,False
20250802_2248_HARP13567_NOAA14161,2025,block_download_or_coverage,,False
20250803_0024_HARP13567_NOAA14161,2025,block_download_or_coverage,,False
20250803_0200_HARP13567_NOAA14161,2025,block_download_or_coverage,,False
20250803_0336_HARP13567_NOAA14161,2025,block_download_or_coverage,,False
20250803_0512_HARP13567_NOAA14161,2025,block_download_or_coverage,,False
20250803_1036_HARP13567_NOAA14161,2025,block_download_or_coverage,,False
20250803_1036_HARP13574_NOAA14165,2025,block_download_or_coverage,,False
20250803_1212_HARP13567_NOAA14161,2025,block_download_or_coverage,,False
20250803_1212_HARP13574_NOAA14165,2025,block_download_or_coverage,,False
20250803_1348_HARP13567_NOAA14161,2025,block_download_or_coverage,,False
20250803_1348_HARP13574_NOAA14165,2025,block_download_or_coverage,,False
20250803_1524_HARP13567_NOAA14161,2025,block_download_or_coverage,,False
20250803_1524_HARP13574_NOAA14165,2025,block_download_or_coverage,,False
20250803_1700_HARP13567_NOAA14161,2025,block_download_or_coverage,,False
20250803_1700_HARP13574_NOAA14165,2025,block_download_or_coverage,,False
20250803_1836_HARP13567_NOAA14161,2025,block_download_or_coverage,,False
20250803_1836_HARP13574_NOAA14165,2025,block_download_or_coverage,,False
20250803_2012_HARP13567_NOAA14161,2025,block_download_or_coverage,,False
20250803_2012_HARP13574_NOAA14165,2025,block_download_or_coverage,,False
20250803_2148_HARP13567_NOAA14161,2025,block_download_or_coverage,,False
20250803_2148_HARP13574_NOAA14165,2025,block_download_or_coverage,,False
20250803_2324_HARP13567_NOAA14161,2025,block_download_or_coverage,,False
20250803_2324_HARP13574_NOAA14165,2025,block_download_or_coverage,,False
20250804_0100_HARP13567_NOAA14161,2025,block_download_or_coverage,,False
20250804_0100_HARP13574_NOAA14165,2025,block_download_or_coverage,,False
20250804_0236_HARP13567_NOAA14161,2025,block_download_or_coverage,,False
20250804_0236_HARP13574_NOAA14165,2025,block_download_or_coverage,,False
20250804_0412_HARP13567_NOAA14161,2025,block_download_or_coverage,,False
20250804_0412_HARP13574_NOAA14165,2025,block_download_or_coverage,,False
20250804_0548_HARP13567_NOAA14161,2025,block_download_or_coverage,,False
20250804_0548_HARP13574_NOAA14165,2025,block_download_or_coverage,,False
20250804_0936_HARP13567_NOAA14161,2025,block_download_or_coverage,,False
20250804_1112_HARP13567_NOAA14161,2025,block_download_or_coverage,,False
20250804_1248_HARP13567_NOAA14161,2025,block_download_or_coverage,,False
20250804_1600_HARP13567_NOAA14161,2025,block_download_or_coverage,,False
20250804_1600_HARP13574_NOAA14165,2025,block_download_or_coverage,,False
20250804_1736_HARP13567_NOAA14161,2025,block_download_or_coverage,,False
20250804_1736_HARP13574_NOAA14165,2025,block_download_or_coverage,,False
20250804_1912_HARP13567_NOAA14161,2025,block_download_or_coverage,,False
20250804_1912_HARP13574_NOAA14165,2025,block_download_or_coverage,,False
20250804_2048_HARP13567_NOAA14161,2025,block_download_or_coverage,,False
20250804_2048_HARP13574_NOAA14165,2025,block_download_or_coverage,,False
20250804_2224_HARP13567_NOAA14161,2025,block_download_or_coverage,,False
20250804_2224_HARP13574_NOAA14165,2025,block_download_or_coverage,,False
20250805_0000_HARP13567_NOAA14161,2025,block_download_or_coverage,,False
20250805_0000_HARP13574_NOAA14165,2025,block_download_or_coverage,,False
20250805_0136_HARP13567_NOAA14161,2025,block_download_or_coverage,,False
20250805_0136_HARP13574_NOAA14165,2025,block_download_or_coverage,,False
20250805_0312_HARP13567_NOAA14161,2025,block_download_or_coverage,,False
20250805_0312_HARP13574_NOAA14165,2025,block_download_or_coverage,,False
20250805_0448_HARP13567_NOAA14161,2025,block_download_or_coverage,,False
20250805_0448_HARP13574_NOAA14165,2025,block_download_or_coverage,,False
20250805_0624_HARP13567_NOAA14161,2025,block_download_or_coverage,,False
20250805_0624_HARP13574_NOAA14165,2025,block_download_or_coverage,,False
20250805_1000_HARP13567_NOAA14161,2025,block_download_or_coverage,,False
20250805_1936_HARP13574_NOAA14165,2025,block_download_or_coverage,,False
20250805_2112_HARP13574_NOAA14165,2025,block_download_or_coverage,,False
20250805_2248_HARP13574_NOAA14165,2025,block_download_or_coverage,,False
20250806_0024_HARP13574_NOAA14165,2025,block_download_or_coverage,,False
20250806_0200_HARP13574_NOAA14165,2025,block_download_or_coverage,,False
20250806_0336_HARP13574_NOAA14165,2025,block_download_or_coverage,,False
20250806_0512_HARP13574_NOAA14165,2025,block_download_or_coverage,,False
20250806_0836_HARP13574_NOAA14165,2025,block_download_or_coverage,,False
20250806_1012_HARP13574_NOAA14165,2025,block_download_or_coverage,,False
20250806_1148_HARP13574_NOAA14165,2025,block_download_or_coverage,,False
20250806_1200_HARP13610_NOAA14174,2025,block_download_or_coverage,,False
20250806_1324_HARP13574_NOAA14165,2025,block_download_or_coverage,,False
20250806_1336_HARP13610_NOAA14174,2025,block_download_or_coverage,,False
20250806_1500_HARP13574_NOAA14165,2025,block_download_or_coverage,,False
20250806_1512_HARP13610_NOAA14174,2025,block_download_or_coverage,,False
20250806_1636_HARP13574_NOAA14165,2025,block_download_or_coverage,,False
20250806_1648_HARP13610_NOAA14174,2025,block_download_or_coverage,,False
20250806_1812_HARP13574_NOAA14165,2025,block_download_or_coverage,,False
20250806_1824_HARP13610_NOAA14174,2025,block_download_or_coverage,,False
20250806_2000_HARP13574_NOAA14165,2025,block_download_or_coverage,,False
20250806_2012_HARP13610_NOAA14174,2025,block_download_or_coverage,,False
20250806_2136_HARP13574_NOAA14165,2025,block_download_or_coverage,,False
20250806_2148_HARP13610_NOAA14174,2025,block_download_or_coverage,,False
20250806_2312_HARP13574_NOAA14165,2025,block_download_or_coverage,,False
20250806_2324_HARP13610_NOAA14174,2025,block_download_or_coverage,,False
20250807_0048_HARP13574_NOAA14165,2025,block_download_or_coverage,,False
20250807_0100_HARP13610_NOAA14174,2025,block_download_or_coverage,,False
20250807_0224_HARP13574_NOAA14165,2025,block_download_or_coverage,,False
20250807_0236_HARP13610_NOAA14174,2025,block_download_or_coverage,,False
20250807_0400_HARP13574_NOAA14165,2025,block_download_or_coverage,,False
20250807_0412_HARP13610_NOAA14174,2025,block_download_or_coverage,,False
20250807_0536_HARP13574_NOAA14165,2025,block_download_or_coverage,,False
20250807_0548_HARP13610_NOAA14174,2025,block_download_or_coverage,,False
20250807_0748_HARP13574_NOAA14165,2025,block_download_or_coverage,,False
20250807_0800_HARP13610_NOAA14174,2025,block_download_or_coverage,,False
20250807_0924_HARP13574_NOAA14165,2025,block_download_or_coverage,,False
20250807_0936_HARP13610_NOAA14174,2025,block_download_or_coverage,,False
20250807_1100_HARP13574_NOAA14165,2025,block_download_or_coverage,,False
20250807_1112_HARP13610_NOAA14174,2025,block_download_or_coverage,,False
20250807_1236_HARP13574_NOAA14165,2025,block_download_or_coverage,,False
20250807_1248_HARP13610_NOAA14174,2025,block_download_or_coverage,,False
20250807_1412_HARP13574_NOAA14165,2025,block_download_or_coverage,,False
20250807_1424_HARP13610_NOAA14174,2025,block_download_or_coverage,,False
20250807_1600_HARP13610_NOAA14174,2025,block_download_or_coverage,,False
20250807_2200_HARP13599_NOAA14178,2025,block_download_or_coverage,,False
20250807_2336_HARP13599_NOAA14178,2025,block_download_or_coverage,,False
20250808_0112_HARP13599_NOAA14178,2025,block_download_or_coverage,,False
20250808_0248_HARP13599_NOAA14178,2025,block_download_or_coverage,,False
20250808_0424_HARP13599_NOAA14178,2025,block_download_or_coverage,,False
20250808_0736_HARP13599_NOAA14178,2025,block_download_or_coverage,,False
20250808_0912_HARP13599_NOAA14178,2025,block_download_or_coverage,,False
20250808_1048_HARP13599_NOAA14178,2025,block_download_or_coverage,,False
20250808_1224_HARP13599_NOAA14178,2025,block_download_or_coverage,,False
20250808_1400_HARP13599_NOAA14178,2025,block_download_or_coverage,,False
20250808_1612_HARP13606_NOAA14169,2025,block_download_or_coverage,,False
20250808_1712_HARP13599_NOAA14178,2025,block_download_or_coverage,,False
20250808_1748_HARP13606_NOAA14169,2025,block_download_or_coverage,,False
20250808_1848_HARP13599_NOAA14178,2025,block_download_or_coverage,,False
20250808_1924_HARP13606_NOAA14169,2025,block_download_or_coverage,,False
20250808_2024_HARP13599_NOAA14178,2025,block_download_or_coverage,,False
20250808_2100_HARP13606_NOAA14169,2025,block_download_or_coverage,,False
20250808_2200_HARP13599_NOAA14178,2025,block_download_or_coverage,,False
20250808_2236_HARP13606_NOAA14169,2025,block_download_or_coverage,,False
20250808_2336_HARP13599_NOAA14178,2025,block_download_or_coverage,,False
20250809_0012_HARP13606_NOAA14169,2025,block_download_or_coverage,,False
20250809_0112_HARP13599_NOAA14178,2025,block_download_or_coverage,,False
20250809_0148_HARP13606_NOAA14169,2025,block_download_or_coverage,,False
20250809_0248_HARP13599_NOAA14178,2025,block_download_or_coverage,,False
20250809_0324_HARP13606_NOAA14169,2025,block_download_or_coverage,,False
20250809_0424_HARP13599_NOAA14178,2025,block_download_or_coverage,,False
20250809_0500_HARP13606_NOAA14169,2025,block_download_or_coverage,,False
20250809_0636_HARP13606_NOAA14169,2025,block_download_or_coverage,,False
20250809_0736_HARP13599_NOAA14178,2025,block_download_or_coverage,,False
20250809_0812_HARP13606_NOAA14169,2025,block_download_or_coverage,,False
20250809_0912_HARP13599_NOAA14178,2025,block_download_or_coverage,,False
20250809_0948_HARP13606_NOAA14169,2025,block_download_or_coverage,,False
20250809_1048_HARP13599_NOAA14178,2025,block_download_or_coverage,,False
20250809_1124_HARP13606_NOAA14169,2025,block_download_or_coverage,,False
20250809_1224_HARP13599_NOAA14178,2025,block_download_or_coverage,,False
20250809_1300_HARP13606_NOAA14169,2025,block_download_or_coverage,,False
20250809_1400_HARP13599_NOAA14178,2025,block_download_or_coverage,,False
20250809_1424_HARP13597_NOAA14169,2025,block_download_or_coverage,,False
20250809_1436_HARP13606_NOAA14169,2025,block_download_or_coverage,,False
20250809_1536_HARP13599_NOAA14178,2025,block_download_or_coverage,,False
20250809_1600_HARP13597_NOAA14169,2025,block_download_or_coverage,,False
20250809_1612_HARP13606_NOAA14169,2025,block_download_or_coverage,,False
20250809_1712_HARP13599_NOAA14178,2025,block_download_or_coverage,,False
20250809_1736_HARP13597_NOAA14169,2025,block_download_or_coverage,,False
20250809_1748_HARP13606_NOAA14169,2025,block_download_or_coverage,,False
20250809_1848_HARP13599_NOAA14178,2025,block_download_or_coverage,,False
20250809_1912_HARP13597_NOAA14169,2025,block_download_or_coverage,,False
20250809_1924_HARP13606_NOAA14169,2025,block_download_or_coverage,,False
20250809_2024_HARP13599_NOAA14178,2025,block_download_or_coverage,,False
20250809_2048_HARP13597_NOAA14169,2025,block_download_or_coverage,,False
20250809_2100_HARP13606_NOAA14169,2025,block_download_or_coverage,,False
20250809_2200_HARP13599_NOAA14178,2025,block_download_or_coverage,,False
20250809_2224_HARP13597_NOAA14169,2025,block_download_or_coverage,,False
20250809_2236_HARP13606_NOAA14169,2025,block_download_or_coverage,,False
20250809_2336_HARP13599_NOAA14178,2025,block_download_or_coverage,,False
20250810_0000_HARP13597_NOAA14169,2025,block_download_or_coverage,,False
20250810_0012_HARP13606_NOAA14169,2025,block_download_or_coverage,,False
20250810_0112_HARP13599_NOAA14178,2025,block_download_or_coverage,,False
20250810_0136_HARP13597_NOAA14169,2025,block_download_or_coverage,,False
20250810_0148_HARP13606_NOAA14169,2025,block_download_or_coverage,,False
20250810_0248_HARP13599_NOAA14178,2025,block_download_or_coverage,,False
20250810_0824_HARP13597_NOAA14169,2025,block_download_or_coverage,,False
20250810_0836_HARP13606_NOAA14169,2025,block_download_or_coverage,,False
20250810_1000_HARP13597_NOAA14169,2025,block_download_or_coverage,,False
20250810_1012_HARP13606_NOAA14169,2025,block_download_or_coverage,,False
20250810_1136_HARP13597_NOAA14169,2025,block_download_or_coverage,,False
20250810_1148_HARP13606_NOAA14169,2025,block_download_or_coverage,,False
20250810_1312_HARP13597_NOAA14169,2025,block_download_or_coverage,,False
20250810_1324_HARP13606_NOAA14169,2025,block_download_or_coverage,,False
20250810_1448_HARP13597_NOAA14169,2025,block_download_or_coverage,,False
20250810_1500_HARP13606_NOAA14169,2025,block_download_or_coverage,,False
20250810_1624_HARP13597_NOAA14169,2025,block_download_or_coverage,,False
20250810_1636_HARP13606_NOAA14169,2025,block_download_or_coverage,,False
20250810_1812_HARP13606_NOAA14169,2025,block_download_or_coverage,,False
20250810_1936_HARP13597_NOAA14169,2025,block_download_or_coverage,,False
20250810_1948_HARP13606_NOAA14169,2025,block_download_or_coverage,,False
20250810_2112_HARP13597_NOAA14169,2025,block_download_or_coverage,,False
20250810_2124_HARP13606_NOAA14169,2025,block_download_or_coverage,,False
20250810_2248_HARP13597_NOAA14169,2025,block_download_or_coverage,,False
20250810_2300_HARP13606_NOAA14169,2025,block_download_or_coverage,,False
20250811_0024_HARP13597_NOAA14169,2025,block_download_or_coverage,,False
20250811_0036_HARP13606_NOAA14169,2025,block_download_or_coverage,,False
20250811_0200_HARP13597_NOAA14169,2025,block_download_or_coverage,,False
20250811_0212_HARP13606_NOAA14169,2025,block_download_or_coverage,,False
20250811_0336_HARP13597_NOAA14169,2025,block_download_or_coverage,,False
20250811_0348_HARP13606_NOAA14169,2025,block_download_or_coverage,,False
20250811_0512_HARP13597_NOAA14169,2025,block_download_or_coverage,,False
20250811_0524_HARP13606_NOAA14169,2025,block_download_or_coverage,,False
20250811_0648_HARP13597_NOAA14169,2025,block_download_or_coverage,,False
20250811_0700_HARP13606_NOAA14169,2025,block_download_or_coverage,,False
20250811_0824_HARP13597_NOAA14169,2025,block_download_or_coverage,,False
20250811_1000_HARP13597_NOAA14169,2025,block_download_or_coverage,,False
20250811_1136_HARP13597_NOAA14169,2025,block_download_or_coverage,,False
20250811_1312_HARP13597_NOAA14169,2025,block_download_or_coverage,,False
20250811_1312_HARP13612_NOAA14175,2025,block_download_or_coverage,,False
20250811_1448_HARP13597_NOAA14169,2025,block_download_or_coverage,,False
20250811_1448_HARP13612_NOAA14175,2025,block_download_or_coverage,,False
20250811_1624_HARP13597_NOAA14169,2025,block_download_or_coverage,,False
20250811_1624_HARP13612_NOAA14175,2025,block_download_or_coverage,,False
20250811_1936_HARP13597_NOAA14169,2025,block_download_or_coverage,,False
20250811_1936_HARP13612_NOAA14175,2025,block_download_or_coverage,,False
20250811_2112_HARP13597_NOAA14169,2025,block_download_or_coverage,,False
20250811_2112_HARP13612_NOAA14175,2025,block_download_or_coverage,,False
20250811_2248_HARP13597_NOAA14169,2025,block_download_or_coverage,,False
20250811_2248_HARP13612_NOAA14175,2025,block_download_or_coverage,,False
20250812_0024_HARP13597_NOAA14169,2025,block_download_or_coverage,,False
20250812_0024_HARP13612_NOAA14175,2025,block_download_or_coverage,,False
20250812_0200_HARP13597_NOAA14169,2025,block_download_or_coverage,,False
20250812_0200_HARP13612_NOAA14175,2025,block_download_or_coverage,,False
20250812_0336_HARP13597_NOAA14169,2025,block_download_or_coverage,,False
20250812_0336_HARP13612_NOAA14175,2025,block_download_or_coverage,,False
20250812_0512_HARP13597_NOAA14169,2025,block_download_or_coverage,,False
20250812_0512_HARP13612_NOAA14175,2025,block_download_or_coverage,,False
20250812_0648_HARP13597_NOAA14169,2025,block_download_or_coverage,,False
20250812_0648_HARP13612_NOAA14175,2025,block_download_or_coverage,,False
20250812_0824_HARP13597_NOAA14169,2025,block_download_or_coverage,,False
20250812_0824_HARP13612_NOAA14175,2025,block_download_or_coverage,,False
20250812_0836_HARP13606_NOAA14169,2025,block_download_or_coverage,,False
20250812_1000_HARP13597_NOAA14169,2025,block_download_or_coverage,,False
20250812_1000_HARP13612_NOAA14175,2025,block_download_or_coverage,,False
20250812_1012_HARP13606_NOAA14169,2025,block_download_or_coverage,,False
20250812_1036_HARP13636_NOAA14181,2025,block_download_or_coverage,,False
20250812_1136_HARP13597_NOAA14169,2025,block_download_or_coverage,,False
20250812_1136_HARP13612_NOAA14175,2025,block_download_or_coverage,,False
20250812_1148_HARP13606_NOAA14169,2025,block_download_or_coverage,,False
20250812_1212_HARP13636_NOAA14181,2025,block_download_or_coverage,,False
20250812_1312_HARP13597_NOAA14169,2025,block_download_or_coverage,,False
20250812_1312_HARP13612_NOAA14175,2025,block_download_or_coverage,,False
20250812_1324_HARP13606_NOAA14169,2025,block_download_or_coverage,,False
20250812_1348_HARP13636_NOAA14181,2025,block_download_or_coverage,,False
20250812_1448_HARP13597_NOAA14169,2025,block_download_or_coverage,,False
20250812_1448_HARP13612_NOAA14175,2025,block_download_or_coverage,,False
20250812_1500_HARP13606_NOAA14169,2025,block_download_or_coverage,,False
20250812_1524_HARP13636_NOAA14181,2025,block_download_or_coverage,,False
20250812_1624_HARP13597_NOAA14169,2025,block_download_or_coverage,,False
20250812_1624_HARP13612_NOAA14175,2025,block_download_or_coverage,,False
20250812_1636_HARP13606_NOAA14169,2025,block_download_or_coverage,,False
20250812_1700_HARP13636_NOAA14181,2025,block_download_or_coverage,,False
20250812_1812_HARP13606_NOAA14169,2025,block_download_or_coverage,,False
20250812_1836_HARP13636_NOAA14181,2025,block_download_or_coverage,,False
20250812_1936_HARP13597_NOAA14169,2025,block_download_or_coverage,,False
20250812_1948_HARP13606_NOAA14169,2025,block_download_or_coverage,,False
20250812_2012_HARP13636_NOAA14181,2025,block_download_or_coverage,,False
20250812_2112_HARP13597_NOAA14169,2025,block_download_or_coverage,,False
20250812_2124_HARP13606_NOAA14169,2025,block_download_or_coverage,,False
20250812_2148_HARP13636_NOAA14181,2025,block_download_or_coverage,,False
20250812_2248_HARP13597_NOAA14169,2025,block_download_or_coverage,,False
20250812_2300_HARP13606_NOAA14169,2025,block_download_or_coverage,,False
20250812_2324_HARP13636_NOAA14181,2025,block_download_or_coverage,,False
20250813_0024_HARP13597_NOAA14169,2025,block_download_or_coverage,,False
20250813_0036_HARP13606_NOAA14169,2025,block_download_or_coverage,,False
20250813_0100_HARP13636_NOAA14181,2025,block_download_or_coverage,,False
20250813_0200_HARP13597_NOAA14169,2025,block_download_or_coverage,,False
20250813_0236_HARP13636_NOAA14181,2025,block_download_or_coverage,,False
20250813_0336_HARP13597_NOAA14169,2025,block_download_or_coverage,,False
20250813_0412_HARP13636_NOAA14181,2025,block_download_or_coverage,,False
20250813_0512_HARP13597_NOAA14169,2025,block_download_or_coverage,,False
20250813_0548_HARP13636_NOAA14181,2025,block_download_or_coverage,,False
20250813_0648_HARP13597_NOAA14169,2025,block_download_or_coverage,,False
20250813_0724_HARP13636_NOAA14181,2025,block_download_or_coverage,,False
20250813_0824_HARP13597_NOAA14169,2025,block_download_or_coverage,,False
20250813_0900_HARP13636_NOAA14181,2025,block_download_or_coverage,,False
20250813_1000_HARP13597_NOAA14169,2025,block_download_or_coverage,,False
20250813_1036_HARP13636_NOAA14181,2025,block_download_or_coverage,,False
20250813_1136_HARP13597_NOAA14169,2025,block_download_or_coverage,,False
20250813_1212_HARP13636_NOAA14181,2025,block_download_or_coverage,,False
20250813_1312_HARP13597_NOAA14169,2025,block_download_or_coverage,,False
20250813_1348_HARP13636_NOAA14181,2025,block_download_or_coverage,,False
20250813_1448_HARP13597_NOAA14169,2025,block_download_or_coverage,,False
20250813_1524_HARP13636_NOAA14181,2025,block_download_or_coverage,,False
20250813_1624_HARP13597_NOAA14169,2025,block_download_or_coverage,,False
20250813_1700_HARP13636_NOAA14181,2025,block_download_or_coverage,,False
20250813_1836_HARP13636_NOAA14181,2025,block_download_or_coverage,,False
20250813_2000_HARP13597_NOAA14169,2025,block_download_or_coverage,,False
20250813_2000_HARP13612_NOAA14175,2025,block_download_or_coverage,,False
20250813_2036_HARP13636_NOAA14181,2025,block_download_or_coverage,,False
20250813_2136_HARP13597_NOAA14169,2025,block_download_or_coverage,,False
20250813_2136_HARP13612_NOAA14175,2025,block_download_or_coverage,,False
20250813_2212_HARP13636_NOAA14181,2025,block_download_or_coverage,,False
20250813_2312_HARP13597_NOAA14169,2025,block_download_or_coverage,,False
20250813_2312_HARP13612_NOAA14175,2025,block_download_or_coverage,,False
20250813_2348_HARP13636_NOAA14181,2025,block_download_or_coverage,,False
20250814_0048_HARP13597_NOAA14169,2025,block_download_or_coverage,,False
20250814_0048_HARP13612_NOAA14175,2025,block_download_or_coverage,,False
20250814_0124_HARP13636_NOAA14181,2025,block_download_or_coverage,,False
20250814_0224_HARP13597_NOAA14169,2025,block_download_or_coverage,,False
20250814_0224_HARP13612_NOAA14175,2025,block_download_or_coverage,,False
20250814_0300_HARP13636_NOAA14181,2025,block_download_or_coverage,,False
20250814_0400_HARP13597_NOAA14169,2025,block_download_or_coverage,,False
20250814_0400_HARP13612_NOAA14175,2025,block_download_or_coverage,,False
20250814_0436_HARP13636_NOAA14181,2025,block_download_or_coverage,,False
20250814_0536_HARP13597_NOAA14169,2025,block_download_or_coverage,,False
20250814_0536_HARP13612_NOAA14175,2025,block_download_or_coverage,,False
20250814_0612_HARP13636_NOAA14181,2025,block_download_or_coverage,,False
20250814_0712_HARP13597_NOAA14169,2025,block_download_or_coverage,,False
20250814_0712_HARP13612_NOAA14175,2025,block_download_or_coverage,,False
20250814_0748_HARP13624_NOAA14179,2025,block_download_or_coverage,,False
20250814_0748_HARP13636_NOAA14181,2025,block_download_or_coverage,,False
20250814_0848_HARP13597_NOAA14169,2025,block_download_or_coverage,,False
20250814_0848_HARP13612_NOAA14175,2025,block_download_or_coverage,,False
20250814_0924_HARP13624_NOAA14179,2025,block_download_or_coverage,,False
20250814_1024_HARP13612_NOAA14175,2025,block_download_or_coverage,,False
20250814_1100_HARP13624_NOAA14179,2025,block_download_or_coverage,,False
20250814_1200_HARP13612_NOAA14175,2025,block_download_or_coverage,,False
20250814_1236_HARP13624_NOAA14179,2025,block_download_or_coverage,,False
20250814_1336_HARP13612_NOAA14175,2025,block_download_or_coverage,,False
20250814_1412_HARP13624_NOAA14179,2025,block_download_or_coverage,,False
20250814_1512_HARP13612_NOAA14175,2025,block_download_or_coverage,,False
20250814_1548_HARP13624_NOAA14179,2025,block_download_or_coverage,,False
20250814_1600_HARP13649_NOAA14186,2025,block_download_or_coverage,,False
20250814_1648_HARP13612_NOAA14175,2025,block_download_or_coverage,,False
20250814_1736_HARP13649_NOAA14186,2025,block_download_or_coverage,,False
20250814_1824_HARP13612_NOAA14175,2025,block_download_or_coverage,,False
20250814_1900_HARP13624_NOAA14179,2025,block_download_or_coverage,,False
20250814_2036_HARP13624_NOAA14179,2025,block_download_or_coverage,,False
20250814_2212_HARP13624_NOAA14179,2025,block_download_or_coverage,,False
20250814_2348_HARP13624_NOAA14179,2025,block_download_or_coverage,,False
20250815_0124_HARP13624_NOAA14179,2025,block_download_or_coverage,,False
20250815_0236_HARP13627_NOAA14180,2025,block_download_or_coverage,,False
20250815_0300_HARP13624_NOAA14179,2025,block_download_or_coverage,,False
20250815_0412_HARP13627_NOAA14180,2025,block_download_or_coverage,,False
20250815_0436_HARP13624_NOAA14179,2025,block_download_or_coverage,,False
20250815_0548_HARP13627_NOAA14180,2025,block_download_or_coverage,,False
20250815_0612_HARP13624_NOAA14179,2025,block_download_or_coverage,,False
20250815_0724_HARP13627_NOAA14180,2025,block_download_or_coverage,,False
20250815_0748_HARP13624_NOAA14179,2025,block_download_or_coverage,,False
20250815_0900_HARP13627_NOAA14180,2025,block_download_or_coverage,,False
20250815_0924_HARP13624_NOAA14179,2025,block_download_or_coverage,,False
20250815_1036_HARP13627_NOAA14180,2025,block_download_or_coverage,,False
20250815_1100_HARP13624_NOAA14179,2025,block_download_or_coverage,,False
20250815_1212_HARP13627_NOAA14180,2025,block_download_or_coverage,,False
20250815_1236_HARP13624_NOAA14179,2025,block_download_or_coverage,,False
20250815_1348_HARP13627_NOAA14180,2025,block_download_or_coverage,,False
20250815_1412_HARP13624_NOAA14179,2025,block_download_or_coverage,,False
20250815_1524_HARP13627_NOAA14180,2025,block_download_or_coverage,,False
20250815_1548_HARP13624_NOAA14179,2025,block_download_or_coverage,,False
20250815_1700_HARP13627_NOAA14180,2025,block_download_or_coverage,,False
20250815_1724_HARP13624_NOAA14179,2025,block_download_or_coverage,,False
20250815_1824_HARP13612_NOAA14175,2025,block_download_or_coverage,,False
20250815_1836_HARP13627_NOAA14180,2025,block_download_or_coverage,,False
20250815_1900_HARP13624_NOAA14179,2025,block_download_or_coverage,,False
20250815_2012_HARP13627_NOAA14180,2025,block_download_or_coverage,,False
20250815_2036_HARP13624_NOAA14179,2025,block_download_or_coverage,,False
20250815_2148_HARP13627_NOAA14180,2025,block_download_or_coverage,,False
20250815_2212_HARP13624_NOAA14179,2025,block_download_or_coverage,,False
20250815_2324_HARP13627_NOAA14180,2025,block_download_or_coverage,,False
20250815_2348_HARP13624_NOAA14179,2025,block_download_or_coverage,,False
20250816_0100_HARP13627_NOAA14180,2025,block_download_or_coverage,,False
20250816_0124_HARP13624_NOAA14179,2025,block_download_or_coverage,,False
20250816_0300_HARP13624_NOAA14179,2025,block_download_or_coverage,,False
20250816_0436_HARP13624_NOAA14179,2025,block_download_or_coverage,,False
20250816_0612_HARP13624_NOAA14179,2025,block_download_or_coverage,,False
20250816_0748_HARP13624_NOAA14179,2025,block_download_or_coverage,,False
20250816_0924_HARP13624_NOAA14179,2025,block_download_or_coverage,,False
20250816_1100_HARP13624_NOAA14179,2025,block_download_or_coverage,,False
20250816_1236_HARP13624_NOAA14179,2025,block_download_or_coverage,,False
20250816_1412_HARP13624_NOAA14179,2025,block_download_or_coverage,,False
20250816_1548_HARP13624_NOAA14179,2025,block_download_or_coverage,,False
20250816_1724_HARP13624_NOAA14179,2025,block_download_or_coverage,,False
20250816_1900_HARP13624_NOAA14179,2025,block_download_or_coverage,,False
20250816_2036_HARP13624_NOAA14179,2025,block_download_or_coverage,,False
20250816_2112_HARP13641_NOAA14182,2025,block_download_or_coverage,,False
20250816_2212_HARP13624_NOAA14179,2025,block_download_or_coverage,,False
20250816_2248_HARP13641_NOAA14182,2025,block_download_or_coverage,,False
20250816_2348_HARP13624_NOAA14179,2025,block_download_or_coverage,,False
20250817_0024_HARP13641_NOAA14182,2025,block_download_or_coverage,,False
20250817_0124_HARP13624_NOAA14179,2025,block_download_or_coverage,,False
20250817_0200_HARP13641_NOAA14182,2025,block_download_or_coverage,,False
20250817_0236_HARP13627_NOAA14180,2025,block_download_or_coverage,,False
20250817_0300_HARP13624_NOAA14179,2025,block_download_or_coverage,,False
20250817_0336_HARP13641_NOAA14182,2025,block_download_or_coverage,,False
20250817_0412_HARP13627_NOAA14180,2025,block_download_or_coverage,,False
20250817_0436_HARP13624_NOAA14179,2025,block_download_or_coverage,,False
20250817_0512_HARP13641_NOAA14182,2025,block_download_or_coverage,,False
20250817_0548_HARP13627_NOAA14180,2025,block_download_or_coverage,,False
20250817_0612_HARP13624_NOAA14179,2025,block_download_or_coverage,,False
20250817_0648_HARP13641_NOAA14182,2025,block_download_or_coverage,,False
20250817_0724_HARP13627_NOAA14180,2025,block_download_or_coverage,,False
20250817_0748_HARP13624_NOAA14179,2025,block_download_or_coverage,,False
20250817_0824_HARP13641_NOAA14182,2025,block_download_or_coverage,,False
20250817_0900_HARP13627_NOAA14180,2025,block_download_or_coverage,,False
20250817_0924_HARP13624_NOAA14179,2025,block_download_or_coverage,,False
20250817_1000_HARP13641_NOAA14182,2025,block_download_or_coverage,,False
20250817_1036_HARP13627_NOAA14180,2025,block_download_or_coverage,,False
20250817_1100_HARP13624_NOAA14179,2025,block_download_or_coverage,,False
20250817_1136_HARP13641_NOAA14182,2025,block_download_or_coverage,,False
20250817_1212_HARP13627_NOAA14180,2025,block_download_or_coverage,,False
20250817_1236_HARP13624_NOAA14179,2025,block_download_or_coverage,,False
20250817_1312_HARP13641_NOAA14182,2025,block_download_or_coverage,,False
20250817_1348_HARP13627_NOAA14180,2025,block_download_or_coverage,,False
20250817_1412_HARP13624_NOAA14179,2025,block_download_or_coverage,,False
20250817_1448_HARP13641_NOAA14182,2025,block_download_or_coverage,,False
20250817_1524_HARP13627_NOAA14180,2025,block_download_or_coverage,,False
20250817_1548_HARP13624_NOAA14179,2025,block_download_or_coverage,,False
20250817_1624_HARP13641_NOAA14182,2025,block_download_or_coverage,,False
20250817_1700_HARP13627_NOAA14180,2025,block_download_or_coverage,,False
20250817_1724_HARP13624_NOAA14179,2025,block_download_or_coverage,,False
20250817_1836_HARP13627_NOAA14180,2025,block_download_or_coverage,,False
20250817_1936_HARP13641_NOAA14182,2025,block_download_or_coverage,,False
20250817_2012_HARP13627_NOAA14180,2025,block_download_or_coverage,,False
20250817_2112_HARP13641_NOAA14182,2025,block_download_or_coverage,,False
20250817_2148_HARP13627_NOAA14180,2025,block_download_or_coverage,,False
20250817_2248_HARP13641_NOAA14182,2025,block_download_or_coverage,,False
20250817_2324_HARP13627_NOAA14180,2025,block_download_or_coverage,,False
20250818_0024_HARP13641_NOAA14182,2025,block_download_or_coverage,,False
20250818_0100_HARP13627_NOAA14180,2025,block_download_or_coverage,,False
20250818_0200_HARP13641_NOAA14182,2025,block_download_or_coverage,,False
20250818_0236_HARP13627_NOAA14180,2025,block_download_or_coverage,,False
20250818_0336_HARP13641_NOAA14182,2025,block_download_or_coverage,,False
20250818_0412_HARP13627_NOAA14180,2025,block_download_or_coverage,,False
20250818_0512_HARP13641_NOAA14182,2025,block_download_or_coverage,,False
20250818_0548_HARP13627_NOAA14180,2025,block_download_or_coverage,,False
20250818_0648_HARP13641_NOAA14182,2025,block_download_or_coverage,,False
20250818_0724_HARP13627_NOAA14180,2025,block_download_or_coverage,,False
20250818_0824_HARP13641_NOAA14182,2025,block_download_or_coverage,,False
20250818_0900_HARP13627_NOAA14180,2025,block_download_or_coverage,,False
20250818_1000_HARP13641_NOAA14182,2025,block_download_or_coverage,,False
20250818_1036_HARP13627_NOAA14180,2025,block_download_or_coverage,,False
20250818_1136_HARP13641_NOAA14182,2025,block_download_or_coverage,,False
20250818_1212_HARP13627_NOAA14180,2025,block_download_or_coverage,,False
20250818_1312_HARP13641_NOAA14182,2025,block_download_or_coverage,,False
20250818_1348_HARP13627_NOAA14180,2025,block_download_or_coverage,,False
20250818_1448_HARP13641_NOAA14182,2025,block_download_or_coverage,,False
20250818_1524_HARP13627_NOAA14180,2025,block_download_or_coverage,,False
20250818_1636_HARP13641_NOAA14182,2025,block_download_or_coverage,,False
20250818_1712_HARP13627_NOAA14180,2025,block_download_or_coverage,,False
20250818_1812_HARP13641_NOAA14182,2025,block_download_or_coverage,,False
20250818_1848_HARP13627_NOAA14180,2025,block_download_or_coverage,,False
20250818_1912_HARP13624_NOAA14179,2025,block_download_or_coverage,,False
20250818_2000_HARP13663_NOAA14187,2025,block_download_or_coverage,,False
20250818_2024_HARP13627_NOAA14180,2025,block_download_or_coverage,,False
20250818_2048_HARP13624_NOAA14179,2025,block_download_or_coverage,,False
20250818_2136_HARP13663_NOAA14187,2025,block_download_or_coverage,,False
20250818_2200_HARP13627_NOAA14180,2025,block_download_or_coverage,,False
20250818_2312_HARP13663_NOAA14187,2025,block_download_or_coverage,,False
20250818_2336_HARP13627_NOAA14180,2025,block_download_or_coverage,,False
20250819_0048_HARP13663_NOAA14187,2025,block_download_or_coverage,,False
20250819_0112_HARP13627_NOAA14180,2025,block_download_or_coverage,,False
20250819_0224_HARP13663_NOAA14187,2025,block_download_or_coverage,,False
20250819_0248_HARP13627_NOAA14180,2025,block_download_or_coverage,,False
20250819_0400_HARP13663_NOAA14187,2025,block_download_or_coverage,,False
20250819_0424_HARP13627_NOAA14180,2025,block_download_or_coverage,,False
20250819_0536_HARP13652_NOAA14203,2025,block_download_or_coverage,,False
20250819_0536_HARP13663_NOAA14187,2025,block_download_or_coverage,,False
20250819_0712_HARP13652_NOAA14203,2025,block_download_or_coverage,,False
20250819_0712_HARP13663_NOAA14187,2025,block_download_or_coverage,,False
20250819_0848_HARP13652_NOAA14203,2025,block_download_or_coverage,,False
20250819_0848_HARP13663_NOAA14187,2025,block_download_or_coverage,,False
20250819_1024_HARP13652_NOAA14203,2025,block_download_or_coverage,,False
20250819_1024_HARP13663_NOAA14187,2025,block_download_or_coverage,,False
20250819_1200_HARP13652_NOAA14203,2025,block_download_or_coverage,,False
20250819_1200_HARP13663_NOAA14187,2025,block_download_or_coverage,,False
20250819_1336_HARP13652_NOAA14203,2025,block_download_or_coverage,,False
20250819_1336_HARP13663_NOAA14187,2025,block_download_or_coverage,,False
20250819_1512_HARP13652_NOAA14203,2025,block_download_or_coverage,,False
20250819_1512_HARP13663_NOAA14187,2025,block_download_or_coverage,,False
20250819_1648_HARP13652_NOAA14203,2025,block_download_or_coverage,,False
20250819_1648_HARP13663_NOAA14187,2025,block_download_or_coverage,,False
20250819_1824_HARP13652_NOAA14203,2025,block_download_or_coverage,,False
20250819_1824_HARP13663_NOAA14187,2025,block_download_or_coverage,,False
20250819_1948_HARP13641_NOAA14182,2025,block_download_or_coverage,,False
20250819_2000_HARP13652_NOAA14203,2025,block_download_or_coverage,,False
20250819_2000_HARP13663_NOAA14187,2025,block_download_or_coverage,,False
20250819_2124_HARP13641_NOAA14182,2025,block_download_or_coverage,,False
20250819_2136_HARP13652_NOAA14203,2025,block_download_or_coverage,,False
20250819_2136_HARP13663_NOAA14187,2025,block_download_or_coverage,,False
20250819_2300_HARP13641_NOAA14182,2025,block_download_or_coverage,,False
20250819_2312_HARP13652_NOAA14203,2025,block_download_or_coverage,,False
20250819_2312_HARP13663_NOAA14187,2025,block_download_or_coverage,,False
20250820_0036_HARP13641_NOAA14182,2025,block_download_or_coverage,,False
20250820_0048_HARP13652_NOAA14203,2025,block_download_or_coverage,,False
20250820_0048_HARP13663_NOAA14187,2025,block_download_or_coverage,,False
20250820_0212_HARP13641_NOAA14182,2025,block_download_or_coverage,,False
20250820_0224_HARP13652_NOAA14203,2025,block_download_or_coverage,,False
20250820_0224_HARP13663_NOAA14187,2025,block_download_or_coverage,,False
20250820_0348_HARP13641_NOAA14182,2025,block_download_or_coverage,,False
20250820_0400_HARP13652_NOAA14203,2025,block_download_or_coverage,,False
20250820_0400_HARP13663_NOAA14187,2025,block_download_or_coverage,,False
20250820_0524_HARP13641_NOAA14182,2025,block_download_or_coverage,,False
20250820_0536_HARP13652_NOAA14203,2025,block_download_or_coverage,,False
20250820_0536_HARP13663_NOAA14187,2025,block_download_or_coverage,,False
20250820_0700_HARP13641_NOAA14182,2025,block_download_or_coverage,,False
20250820_0712_HARP13652_NOAA14203,2025,block_download_or_coverage,,False
20250820_0712_HARP13663_NOAA14187,2025,block_download_or_coverage,,False
20250820_0836_HARP13641_NOAA14182,2025,block_download_or_coverage,,False
20250820_0848_HARP13652_NOAA14203,2025,block_download_or_coverage,,False
20250820_0848_HARP13663_NOAA14187,2025,block_download_or_coverage,,False
20250820_1012_HARP13641_NOAA14182,2025,block_download_or_coverage,,False
20250820_1024_HARP13652_NOAA14203,2025,block_download_or_coverage,,False
20250820_1024_HARP13663_NOAA14187,2025,block_download_or_coverage,,False
20250820_1148_HARP13641_NOAA14182,2025,block_download_or_coverage,,False
20250820_1200_HARP13652_NOAA14203,2025,block_download_or_coverage,,False
20250820_1200_HARP13663_NOAA14187,2025,block_download_or_coverage,,False
20250820_1324_HARP13641_NOAA14182,2025,block_download_or_coverage,,False
20250820_1336_HARP13652_NOAA14203,2025,block_download_or_coverage,,False
20250820_1336_HARP13663_NOAA14187,2025,block_download_or_coverage,,False
20250820_1500_HARP13641_NOAA14182,2025,block_download_or_coverage,,False
20250820_1512_HARP13652_NOAA14203,2025,block_download_or_coverage,,False
20250820_1512_HARP13663_NOAA14187,2025,block_download_or_coverage,,False
20250820_1636_HARP13641_NOAA14182,2025,block_download_or_coverage,,False
20250820_1648_HARP13652_NOAA14203,2025,block_download_or_coverage,,False
20250820_1648_HARP13663_NOAA14187,2025,block_download_or_coverage,,False
20250820_1812_HARP13641_NOAA14182,2025,block_download_or_coverage,,False
20250820_1824_HARP13652_NOAA14203,2025,block_download_or_coverage,,False
20250820_1824_HARP13663_NOAA14187,2025,block_download_or_coverage,,False
20250820_2012_HARP13652_NOAA14203,2025,block_download_or_coverage,,False
20250820_2012_HARP13663_NOAA14187,2025,block_download_or_coverage,,False
20250820_2148_HARP13652_NOAA14203,2025,block_download_or_coverage,,False
20250820_2148_HARP13663_NOAA14187,2025,block_download_or_coverage,,False
20250820_2324_HARP13652_NOAA14203,2025,block_download_or_coverage,,False
20250820_2324_HARP13663_NOAA14187,2025,block_download_or_coverage,,False
20250821_0100_HARP13652_NOAA14203,2025,block_download_or_coverage,,False
20250821_0100_HARP13663_NOAA14187,2025,block_download_or_coverage,,False
20250821_0236_HARP13652_NOAA14203,2025,block_download_or_coverage,,False
20250821_0236_HARP13663_NOAA14187,2025,block_download_or_coverage,,False
20250821_0412_HARP13652_NOAA14203,2025,block_download_or_coverage,,False
20250821_0412_HARP13663_NOAA14187,2025,block_download_or_coverage,,False
20250821_0512_HARP13676_NOAA14189,2025,block_download_or_coverage,,False
20250821_0548_HARP13652_NOAA14203,2025,block_download_or_coverage,,False
20250821_0548_HARP13663_NOAA14187,2025,block_download_or_coverage,,False
20250821_0648_HARP13676_NOAA14189,2025,block_download_or_coverage,,False
20250821_0724_HARP13652_NOAA14203,2025,block_download_or_coverage,,False
20250821_0724_HARP13663_NOAA14187,2025,block_download_or_coverage,,False
20250821_0824_HARP13676_NOAA14189,2025,block_download_or_coverage,,False
20250821_0900_HARP13652_NOAA14203,2025,block_download_or_coverage,,False
20250821_0900_HARP13663_NOAA14187,2025,block_download_or_coverage,,False
20250821_1000_HARP13676_NOAA14189,2025,block_download_or_coverage,,False
20250821_1036_HARP13652_NOAA14203,2025,block_download_or_coverage,,False
20250821_1036_HARP13663_NOAA14187,2025,block_download_or_coverage,,False
20250821_1136_HARP13676_NOAA14189,2025,block_download_or_coverage,,False
20250821_1212_HARP13652_NOAA14203,2025,block_download_or_coverage,,False
20250821_1212_HARP13663_NOAA14187,2025,block_download_or_coverage,,False
20250821_1312_HARP13676_NOAA14189,2025,block_download_or_coverage,,False
20250821_1348_HARP13652_NOAA14203,2025,block_download_or_coverage,,False
20250821_1348_HARP13663_NOAA14187,2025,block_download_or_coverage,,False
20250821_1448_HARP13676_NOAA14189,2025,block_download_or_coverage,,False
20250821_1524_HARP13652_NOAA14203,2025,block_download_or_coverage,,False
20250821_1524_HARP13663_NOAA14187,2025,block_download_or_coverage,,False
20250821_1624_HARP13676_NOAA14189,2025,block_download_or_coverage,,False
20250821_1700_HARP13652_NOAA14203,2025,block_download_or_coverage,,False
20250821_1700_HARP13663_NOAA14187,2025,block_download_or_coverage,,False
20250821_1836_HARP13652_NOAA14203,2025,block_download_or_coverage,,False
20250821_1836_HARP13663_NOAA14187,2025,block_download_or_coverage,,False
20250821_1936_HARP13676_NOAA14189,2025,block_download_or_coverage,,False
20250821_2012_HARP13652_NOAA14203,2025,block_download_or_coverage,,False
20250821_2012_HARP13663_NOAA14187,2025,block_download_or_coverage,,False
20250821_2112_HARP13676_NOAA14189,2025,block_download_or_coverage,,False
20250821_2148_HARP13652_NOAA14203,2025,block_download_or_coverage,,False
20250821_2148_HARP13663_NOAA14187,2025,block_download_or_coverage,,False
20250821_2248_HARP13676_NOAA14189,2025,block_download_or_coverage,,False
20250821_2324_HARP13652_NOAA14203,2025,block_download_or_coverage,,False
20250821_2324_HARP13663_NOAA14187,2025,block_download_or_coverage,,False
20250822_0024_HARP13676_NOAA14189,2025,block_download_or_coverage,,False
20250822_0100_HARP13652_NOAA14203,2025,block_download_or_coverage,,False
20250822_0100_HARP13663_NOAA14187,2025,block_download_or_coverage,,False
20250822_0200_HARP13676_NOAA14189,2025,block_download_or_coverage,,False
20250822_0236_HARP13652_NOAA14203,2025,block_download_or_coverage,,False
20250822_0236_HARP13663_NOAA14187,2025,block_download_or_coverage,,False
20250822_0412_HARP13652_NOAA14203,2025,block_download_or_coverage,,False
20250822_0412_HARP13663_NOAA14187,2025,block_download_or_coverage,,False
20250822_0512_HARP13676_NOAA14189,2025,block_download_or_coverage,,False
20250822_0548_HARP13652_NOAA14203,2025,block_download_or_coverage,,False
20250822_0548_HARP13663_NOAA14187,2025,block_download_or_coverage,,False
20250822_0648_HARP13676_NOAA14189,2025,block_download_or_coverage,,False
20250822_0724_HARP13652_NOAA14203,2025,block_download_or_coverage,,False
20250822_0724_HARP13663_NOAA14187,2025,block_download_or_coverage,,False
20250822_0824_HARP13676_NOAA14189,2025,block_download_or_coverage,,False
20250822_0900_HARP13652_NOAA14203,2025,block_download_or_coverage,,False
20250822_0900_HARP13663_NOAA14187,2025,block_download_or_coverage,,False
20250822_1000_HARP13676_NOAA14189,2025,block_download_or_coverage,,False
20250822_1036_HARP13652_NOAA14203,2025,block_download_or_coverage,,False
20250822_1036_HARP13663_NOAA14187,2025,block_download_or_coverage,,False
20250822_1136_HARP13676_NOAA14189,2025,block_download_or_coverage,,False
20250822_1212_HARP13652_NOAA14203,2025,block_download_or_coverage,,False
20250822_1212_HARP13663_NOAA14187,2025,block_download_or_coverage,,False
20250822_1312_HARP13676_NOAA14189,2025,block_download_or_coverage,,False
20250822_1348_HARP13652_NOAA14203,2025,block_download_or_coverage,,False
20250822_1348_HARP13663_NOAA14187,2025,block_download_or_coverage,,False
20250822_1448_HARP13676_NOAA14189,2025,block_download_or_coverage,,False
20250822_1524_HARP13652_NOAA14203,2025,block_download_or_coverage,,False
20250822_1524_HARP13663_NOAA14187,2025,block_download_or_coverage,,False
20250822_1624_HARP13676_NOAA14189,2025,block_download_or_coverage,,False
20250822_1636_HARP13662_NOAA14188,2025,block_download_or_coverage,,False
20250822_1700_HARP13652_NOAA14203,2025,block_download_or_coverage,,False
20250822_1700_HARP13663_NOAA14187,2025,block_download_or_coverage,,False
20250822_1812_HARP13662_NOAA14188,2025,block_download_or_coverage,,False
20250822_1836_HARP13652_NOAA14203,2025,block_download_or_coverage,,False
20250822_1836_HARP13663_NOAA14187,2025,block_download_or_coverage,,False
20250822_1936_HARP13676_NOAA14189,2025,block_download_or_coverage,,False
20250822_1948_HARP13662_NOAA14188,2025,block_download_or_coverage,,False
20250822_2012_HARP13652_NOAA14203,2025,block_download_or_coverage,,False
20250822_2112_HARP13676_NOAA14189,2025,block_download_or_coverage,,False
20250822_2124_HARP13662_NOAA14188,2025,block_download_or_coverage,,False
20250822_2148_HARP13652_NOAA14203,2025,block_download_or_coverage,,False
20250822_2200_HARP13673_NOAA14190,2025,block_download_or_coverage,,False
20250822_2248_HARP13676_NOAA14189,2025,block_download_or_coverage,,False
20250822_2300_HARP13662_NOAA14188,2025,block_download_or_coverage,,False
20250822_2324_HARP13652_NOAA14203,2025,block_download_or_coverage,,False
20250822_2336_HARP13673_NOAA14190,2025,block_download_or_coverage,,False
20250823_0024_HARP13676_NOAA14189,2025,block_download_or_coverage,,False
20250823_0036_HARP13662_NOAA14188,2025,block_download_or_coverage,,False
20250823_0100_HARP13652_NOAA14203,2025,block_download_or_coverage,,False
20250823_0112_HARP13673_NOAA14190,2025,block_download_or_coverage,,False
20250823_0200_HARP13676_NOAA14189,2025,block_download_or_coverage,,False
20250823_0212_HARP13662_NOAA14188,2025,block_download_or_coverage,,False
20250823_0236_HARP13652_NOAA14203,2025,block_download_or_coverage,,False
20250823_0312_HARP13673_NOAA14190,2025,block_download_or_coverage,,False
20250823_0336_HARP13676_NOAA14189,2025,block_download_or_coverage,,False
20250823_0348_HARP13662_NOAA14188,2025,block_download_or_coverage,,False
20250823_0412_HARP13652_NOAA14203,2025,block_download_or_coverage,,False
20250823_0448_HARP13673_NOAA14190,2025,block_download_or_coverage,,False
20250823_0512_HARP13676_NOAA14189,2025,block_download_or_coverage,,False
20250823_0524_HARP13662_NOAA14188,2025,block_download_or_coverage,,False
20250823_0524_HARP13671_NOAA14193,2025,block_download_or_coverage,,False
20250823_0548_HARP13652_NOAA14203,2025,block_download_or_coverage,,False
20250823_0624_HARP13673_NOAA14190,2025,block_download_or_coverage,,False
20250823_0648_HARP13676_NOAA14189,2025,block_download_or_coverage,,False
20250823_0700_HARP13662_NOAA14188,2025,block_download_or_coverage,,False
20250823_0700_HARP13671_NOAA14193,2025,block_download_or_coverage,,False
20250823_0724_HARP13652_NOAA14203,2025,block_download_or_coverage,,False
20250823_0800_HARP13673_NOAA14190,2025,block_download_or_coverage,,False
20250823_0824_HARP13676_NOAA14189,2025,block_download_or_coverage,,False
20250823_0836_HARP13662_NOAA14188,2025,block_download_or_coverage,,False
20250823_0836_HARP13671_NOAA14193,2025,block_download_or_coverage,,False
20250823_0900_HARP13652_NOAA14203,2025,block_download_or_coverage,,False
20250823_0936_HARP13673_NOAA14190,2025,block_download_or_coverage,,False
20250823_1000_HARP13676_NOAA14189,2025,block_download_or_coverage,,False
20250823_1012_HARP13662_NOAA14188,2025,block_download_or_coverage,,False
20250823_1012_HARP13671_NOAA14193,2025,block_download_or_coverage,,False
20250823_1036_HARP13652_NOAA14203,2025,block_download_or_coverage,,False
20250823_1112_HARP13673_NOAA14190,2025,block_download_or_coverage,,False
20250823_1136_HARP13676_NOAA14189,2025,block_download_or_coverage,,False
20250823_1148_HARP13662_NOAA14188,2025,block_download_or_coverage,,False
20250823_1148_HARP13671_NOAA14193,2025,block_download_or_coverage,,False
20250823_1212_HARP13652_NOAA14203,2025,block_download_or_coverage,,False
20250823_1248_HARP13673_NOAA14190,2025,block_download_or_coverage,,False
20250823_1312_HARP13676_NOAA14189,2025,block_download_or_coverage,,False
20250823_1324_HARP13662_NOAA14188,2025,block_download_or_coverage,,False
20250823_1324_HARP13671_NOAA14193,2025,block_download_or_coverage,,False
20250823_1348_HARP13652_NOAA14203,2025,block_download_or_coverage,,False
20250823_1424_HARP13673_NOAA14190,2025,block_download_or_coverage,,False
20250823_1448_HARP13676_NOAA14189,2025,block_download_or_coverage,,False
20250823_1500_HARP13662_NOAA14188,2025,block_download_or_coverage,,False
20250823_1500_HARP13671_NOAA14193,2025,block_download_or_coverage,,False
20250823_1524_HARP13652_NOAA14203,2025,block_download_or_coverage,,False
20250823_1624_HARP13676_NOAA14189,2025,block_download_or_coverage,,False
20250823_1636_HARP13671_NOAA14193,2025,block_download_or_coverage,,False
20250823_1700_HARP13652_NOAA14203,2025,block_download_or_coverage,,False
20250823_1812_HARP13671_NOAA14193,2025,block_download_or_coverage,,False
20250823_1836_HARP13652_NOAA14203,2025,block_download_or_coverage,,False
20250823_1924_HARP13673_NOAA14190,2025,block_download_or_coverage,,False
20250823_1924_HARP13694_NOAA14194,2025,block_download_or_coverage,,False
20250823_1936_HARP13676_NOAA14189,2025,block_download_or_coverage,,False
20250823_1948_HARP13671_NOAA14193,2025,block_download_or_coverage,,False
20250823_2100_HARP13694_NOAA14194,2025,block_download_or_coverage,,False
20250823_2112_HARP13676_NOAA14189,2025,block_download_or_coverage,,False
20250823_2124_HARP13671_NOAA14193,2025,block_download_or_coverage,,False
20250823_2124_HARP13673_NOAA14190,2025,block_download_or_coverage,,False
20250823_2236_HARP13694_NOAA14194,2025,block_download_or_coverage,,False
20250823_2248_HARP13676_NOAA14189,2025,block_download_or_coverage,,False
20250823_2300_HARP13671_NOAA14193,2025,block_download_or_coverage,,False
20250823_2336_HARP13673_NOAA14190,2025,block_download_or_coverage,,False
20250824_0012_HARP13694_NOAA14194,2025,block_download_or_coverage,,False
20250824_0024_HARP13676_NOAA14189,2025,block_download_or_coverage,,False
20250824_0036_HARP13671_NOAA14193,2025,block_download_or_coverage,,False
20250824_0112_HARP13673_NOAA14190,2025,block_download_or_coverage,,False
20250824_0148_HARP13694_NOAA14194,2025,block_download_or_coverage,,False
20250824_0200_HARP13676_NOAA14189,2025,block_download_or_coverage,,False
20250824_0212_HARP13671_NOAA14193,2025,block_download_or_coverage,,False
20250824_0324_HARP13694_NOAA14194,2025,block_download_or_coverage,,False
20250824_0336_HARP13673_NOAA14190,2025,block_download_or_coverage,,False
20250824_0336_HARP13676_NOAA14189,2025,block_download_or_coverage,,False
20250824_0348_HARP13671_NOAA14193,2025,block_download_or_coverage,,False
20250824_0500_HARP13694_NOAA14194,2025,block_download_or_coverage,,False
20250824_0512_HARP13676_NOAA14189,2025,block_download_or_coverage,,False
20250824_0624_HARP13673_NOAA14190,2025,block_download_or_coverage,,False
20250824_0636_HARP13694_NOAA14194,2025,block_download_or_coverage,,False
20250824_0648_HARP13676_NOAA14189,2025,block_download_or_coverage,,False
20250824_0812_HARP13694_NOAA14194,2025,block_download_or_coverage,,False
20250824_0824_HARP13673_NOAA14190,2025,block_download_or_coverage,,False
20250824_0824_HARP13676_NOAA14189,2025,block_download_or_coverage,,False
20250824_0948_HARP13694_NOAA14194,2025,block_download_or_coverage,,False
20250824_1000_HARP13673_NOAA14190,2025,block_download_or_coverage,,False
20250824_1000_HARP13676_NOAA14189,2025,block_download_or_coverage,,False
20250824_1124_HARP13694_NOAA14194,2025,block_download_or_coverage,,False
20250824_1136_HARP13676_NOAA14189,2025,block_download_or_coverage,,False
20250824_1148_HARP13673_NOAA14190,2025,block_download_or_coverage,,False
20250824_1300_HARP13694_NOAA14194,2025,block_download_or_coverage,,False
20250824_1312_HARP13676_NOAA14189,2025,block_download_or_coverage,,False
20250824_1436_HARP13694_NOAA14194,2025,block_download_or_coverage,,False
20250824_1448_HARP13676_NOAA14189,2025,block_download_or_coverage,,False
20250824_1612_HARP13694_NOAA14194,2025,block_download_or_coverage,,False
20250824_1624_HARP13676_NOAA14189,2025,block_download_or_coverage,,False
20250824_1636_HARP13662_NOAA14188,2025,block_download_or_coverage,,False
20250824_1636_HARP13673_NOAA14190,2025,block_download_or_coverage,,False
20250824_1748_HARP13694_NOAA14194,2025,block_download_or_coverage,,False
20250824_1812_HARP13662_NOAA14188,2025,block_download_or_coverage,,False
20250824_1812_HARP13673_NOAA14190,2025,block_download_or_coverage,,False
20250824_1924_HARP13694_NOAA14194,2025,block_download_or_coverage,,False
20250824_1948_HARP13662_NOAA14188,2025,block_download_or_coverage,,False
20250824_1948_HARP13673_NOAA14190,2025,block_download_or_coverage,,False
20250824_2100_HARP13694_NOAA14194,2025,block_download_or_coverage,,False
20250824_2124_HARP13662_NOAA14188,2025,block_download_or_coverage,,False
20250824_2124_HARP13673_NOAA14190,2025,block_download_or_coverage,,False
20250824_2236_HARP13694_NOAA14194,2025,block_download_or_coverage,,False
20250824_2300_HARP13662_NOAA14188,2025,block_download_or_coverage,,False
20250824_2300_HARP13673_NOAA14190,2025,block_download_or_coverage,,False
20250825_0012_HARP13694_NOAA14194,2025,block_download_or_coverage,,False
20250825_0036_HARP13662_NOAA14188,2025,block_download_or_coverage,,False
20250825_0148_HARP13694_NOAA14194,2025,block_download_or_coverage,,False
20250825_0212_HARP13662_NOAA14188,2025,block_download_or_coverage,,False
20250825_0324_HARP13694_NOAA14194,2025,block_download_or_coverage,,False
20250825_0348_HARP13662_NOAA14188,2025,block_download_or_coverage,,False
20250825_0500_HARP13694_NOAA14194,2025,block_download_or_coverage,,False
20250825_0524_HARP13662_NOAA14188,2025,block_download_or_coverage,,False
20250825_0524_HARP13671_NOAA14193,2025,block_download_or_coverage,,False
20250825_0636_HARP13694_NOAA14194,2025,block_download_or_coverage,,False
20250825_0700_HARP13662_NOAA14188,2025,block_download_or_coverage,,False
20250825_0700_HARP13671_NOAA14193,2025,block_download_or_coverage,,False
20250825_0712_HARP13711_NOAA14200,2025,block_download_or_coverage,,False
20250825_0812_HARP13673_NOAA14190,2025,block_download_or_coverage,,False
20250825_0812_HARP13694_NOAA14194,2025,block_download_or_coverage,,False
20250825_0836_HARP13662_NOAA14188,2025,block_download_or_coverage,,False
20250825_0836_HARP13671_NOAA14193,2025,block_download_or_coverage,,False
20250825_0848_HARP13711_NOAA14200,2025,block_download_or_coverage,,False
20250825_0948_HARP13694_NOAA14194,2025,block_download_or_coverage,,False
20250825_1000_HARP13673_NOAA14190,2025,block_download_or_coverage,,False
20250825_1012_HARP13662_NOAA14188,2025,block_download_or_coverage,,False
20250825_1012_HARP13671_NOAA14193,2025,block_download_or_coverage,,False
20250825_1024_HARP13711_NOAA14200,2025,block_download_or_coverage,,False
20250825_1124_HARP13694_NOAA14194,2025,block_download_or_coverage,,False
20250825_1136_HARP13673_NOAA14190,2025,block_download_or_coverage,,False
20250825_1148_HARP13662_NOAA14188,2025,block_download_or_coverage,,False
20250825_1148_HARP13671_NOAA14193,2025,block_download_or_coverage,,False
20250825_1200_HARP13711_NOAA14200,2025,block_download_or_coverage,,False
20250825_1300_HARP13694_NOAA14194,2025,block_download_or_coverage,,False
20250825_1312_HARP13673_NOAA14190,2025,block_download_or_coverage,,False
20250825_1324_HARP13662_NOAA14188,2025,block_download_or_coverage,,False
20250825_1324_HARP13671_NOAA14193,2025,block_download_or_coverage,,False
20250825_1336_HARP13711_NOAA14200,2025,block_download_or_coverage,,False
20250825_1436_HARP13694_NOAA14194,2025,block_download_or_coverage,,False
20250825_1448_HARP13673_NOAA14190,2025,block_download_or_coverage,,False
20250825_1500_HARP13662_NOAA14188,2025,block_download_or_coverage,,False
20250825_1500_HARP13671_NOAA14193,2025,block_download_or_coverage,,False
20250825_1512_HARP13711_NOAA14200,2025,block_download_or_coverage,,False
20250825_1612_HARP13694_NOAA14194,2025,block_download_or_coverage,,False
20250825_1624_HARP13673_NOAA14190,2025,block_download_or_coverage,,False
20250825_1636_HARP13662_NOAA14188,2025,block_download_or_coverage,,False
20250825_1636_HARP13671_NOAA14193,2025,block_download_or_coverage,,False
20250825_1648_HARP13711_NOAA14200,2025,block_download_or_coverage,,False
20250825_1748_HARP13694_NOAA14194,2025,block_download_or_coverage,,False
20250825_1812_HARP13662_NOAA14188,2025,block_download_or_coverage,,False
20250825_1812_HARP13671_NOAA14193,2025,block_download_or_coverage,,False
20250825_1824_HARP13711_NOAA14200,2025,block_download_or_coverage,,False
20250825_1924_HARP13694_NOAA14194,2025,block_download_or_coverage,,False
20250825_1936_HARP13673_NOAA14190,2025,block_download_or_coverage,,False
20250825_1948_HARP13662_NOAA14188,2025,block_download_or_coverage,,False
20250825_1948_HARP13671_NOAA14193,2025,block_download_or_coverage,,False
20250825_2000_HARP13711_NOAA14200,2025,block_download_or_coverage,,False
20250825_2100_HARP13694_NOAA14194,2025,block_download_or_coverage,,False
20250825_2112_HARP13673_NOAA14190,2025,block_download_or_coverage,,False
20250825_2124_HARP13662_NOAA14188,2025,block_download_or_coverage,,False
20250825_2124_HARP13671_NOAA14193,2025,block_download_or_coverage,,False
20250825_2136_HARP13711_NOAA14200,2025,block_download_or_coverage,,False
20250825_2236_HARP13694_NOAA14194,2025,block_download_or_coverage,,False
20250825_2248_HARP13673_NOAA14190,2025,block_download_or_coverage,,False
20250825_2300_HARP13662_NOAA14188,2025,block_download_or_coverage,,False
20250825_2300_HARP13671_NOAA14193,2025,block_download_or_coverage,,False
20250825_2312_HARP13711_NOAA14200,2025,block_download_or_coverage,,False
20250826_0012_HARP13694_NOAA14194,2025,block_download_or_coverage,,False
20250826_0024_HARP13673_NOAA14190,2025,block_download_or_coverage,,False
20250826_0036_HARP13662_NOAA14188,2025,block_download_or_coverage,,False
20250826_0036_HARP13671_NOAA14193,2025,block_download_or_coverage,,False
20250826_0048_HARP13711_NOAA14200,2025,block_download_or_coverage,,False
20250826_0148_HARP13694_NOAA14194,2025,block_download_or_coverage,,False
20250826_0200_HARP13673_NOAA14190,2025,block_download_or_coverage,,False
20250826_0212_HARP13662_NOAA14188,2025,block_download_or_coverage,,False
20250826_0212_HARP13671_NOAA14193,2025,block_download_or_coverage,,False
20250826_0224_HARP13711_NOAA14200,2025,block_download_or_coverage,,False
20250826_0324_HARP13694_NOAA14194,2025,block_download_or_coverage,,False
20250826_0336_HARP13673_NOAA14190,2025,block_download_or_coverage,,False
20250826_0348_HARP13662_NOAA14188,2025,block_download_or_coverage,,False
20250826_0348_HARP13671_NOAA14193,2025,block_download_or_coverage,,False
20250826_0400_HARP13711_NOAA14200,2025,block_download_or_coverage,,False
20250826_0500_HARP13694_NOAA14194,2025,block_download_or_coverage,,False
20250826_0512_HARP13673_NOAA14190,2025,block_download_or_coverage,,False
20250826_0524_HARP13662_NOAA14188,2025,block_download_or_coverage,,False
20250826_0536_HARP13711_NOAA14200,2025,block_download_or_coverage,,False
20250826_0636_HARP13694_NOAA14194,2025,block_download_or_coverage,,False
20250826_0648_HARP13673_NOAA14190,2025,block_download_or_coverage,,False
20250826_0700_HARP13662_NOAA14188,2025,block_download_or_coverage,,False
20250826_0812_HARP13694_NOAA14194,2025,block_download_or_coverage,,False
20250826_0824_HARP13673_NOAA14190,2025,block_download_or_coverage,,False
20250826_0836_HARP13662_NOAA14188,2025,block_download_or_coverage,,False
20250826_0948_HARP13694_NOAA14194,2025,block_download_or_coverage,,False
20250826_1000_HARP13673_NOAA14190,2025,block_download_or_coverage,,False
20250826_1012_HARP13662_NOAA14188,2025,block_download_or_coverage,,False
20250826_1036_HARP13675_NOAA14191,2025,block_download_or_coverage,,False
20250826_1124_HARP13694_NOAA14194,2025,block_download_or_coverage,,False
20250826_1136_HARP13673_NOAA14190,2025,block_download_or_coverage,,False
20250826_1148_HARP13662_NOAA14188,2025,block_download_or_coverage,,False
20250826_1212_HARP13675_NOAA14191,2025,block_download_or_coverage,,False
20250826_1300_HARP13694_NOAA14194,2025,block_download_or_coverage,,False
20250826_1312_HARP13673_NOAA14190,2025,block_download_or_coverage,,False
20250826_1324_HARP13662_NOAA14188,2025,block_download_or_coverage,,False
20250826_1348_HARP13675_NOAA14191,2025,block_download_or_coverage,,False
20250826_1436_HARP13694_NOAA14194,2025,block_download_or_coverage,,False
20250826_1448_HARP13673_NOAA14190,2025,block_download_or_coverage,,False
20250826_1500_HARP13662_NOAA14188,2025,block_download_or_coverage,,False
20250826_1524_HARP13675_NOAA14191,2025,block_download_or_coverage,,False
20250826_1612_HARP13694_NOAA14194,2025,block_download_or_coverage,,False
20250826_1624_HARP13673_NOAA14190,2025,block_download_or_coverage,,False
20250826_1636_HARP13662_NOAA14188,2025,block_download_or_coverage,,False
20250826_1700_HARP13675_NOAA14191,2025,block_download_or_coverage,,False
20250826_1748_HARP13694_NOAA14194,2025,block_download_or_coverage,,False
20250826_1812_HARP13662_NOAA14188,2025,block_download_or_coverage,,False
20250826_1836_HARP13675_NOAA14191,2025,block_download_or_coverage,,False
20250826_1924_HARP13694_NOAA14194,2025,block_download_or_coverage,,False
20250826_1948_HARP13662_NOAA14188,2025,block_download_or_coverage,,False
20250826_2012_HARP13675_NOAA14191,2025,block_download_or_coverage,,False
20250826_2100_HARP13694_NOAA14194,2025,block_download_or_coverage,,False
20250826_2124_HARP13662_NOAA14188,2025,block_download_or_coverage,,False
20250826_2148_HARP13675_NOAA14191,2025,block_download_or_coverage,,False
20250826_2236_HARP13694_NOAA14194,2025,block_download_or_coverage,,False
20250826_2300_HARP13662_NOAA14188,2025,block_download_or_coverage,,False
20250826_2324_HARP13675_NOAA14191,2025,block_download_or_coverage,,False
20250827_0012_HARP13694_NOAA14194,2025,block_download_or_coverage,,False
20250827_0036_HARP13662_NOAA14188,2025,block_download_or_coverage,,False
20250827_0100_HARP13675_NOAA14191,2025,block_download_or_coverage,,False
20250827_0148_HARP13694_NOAA14194,2025,block_download_or_coverage,,False
20250827_0236_HARP13675_NOAA14191,2025,block_download_or_coverage,,False
20250827_0324_HARP13694_NOAA14194,2025,block_download_or_coverage,,False
20250827_0412_HARP13675_NOAA14191,2025,block_download_or_coverage,,False
20250827_0500_HARP13694_NOAA14194,2025,block_download_or_coverage,,False
20250827_0548_HARP13675_NOAA14191,2025,block_download_or_coverage,,False
20250827_0636_HARP13694_NOAA14194,2025,block_download_or_coverage,,False
20250827_0712_HARP13711_NOAA14200,2025,block_download_or_coverage,,False
20250827_0724_HARP13675_NOAA14191,2025,block_download_or_coverage,,False
20250827_0812_HARP13694_NOAA14194,2025,block_download_or_coverage,,False
20250827_0848_HARP13711_NOAA14200,2025,block_download_or_coverage,,False
20250827_0900_HARP13675_NOAA14191,2025,block_download_or_coverage,,False
20250827_0948_HARP13694_NOAA14194,2025,block_download_or_coverage,,False
20250827_1024_HARP13711_NOAA14200,2025,block_download_or_coverage,,False
20250827_1036_HARP13675_NOAA14191,2025,block_download_or_coverage,,False
20250827_1124_HARP13694_NOAA14194,2025,block_download_or_coverage,,False
20250827_1200_HARP13711_NOAA14200,2025,block_download_or_coverage,,False
20250827_1212_HARP13675_NOAA14191,2025,block_download_or_coverage,,False
20250827_1300_HARP13694_NOAA14194,2025,block_download_or_coverage,,False
20250827_1336_HARP13711_NOAA14200,2025,block_download_or_coverage,,False
20250827_1348_HARP13675_NOAA14191,2025,block_download_or_coverage,,False
20250827_1436_HARP13694_NOAA14194,2025,block_download_or_coverage,,False
20250827_1512_HARP13711_NOAA14200,2025,block_download_or_coverage,,False
20250827_1524_HARP13675_NOAA14191,2025,block_download_or_coverage,,False
20250827_1612_HARP13694_NOAA14194,2025,block_download_or_coverage,,False
20250827_1648_HARP13711_NOAA14200,2025,block_download_or_coverage,,False
20250827_1700_HARP13675_NOAA14191,2025,block_download_or_coverage,,False
20250827_1748_HARP13694_NOAA14194,2025,block_download_or_coverage,,False
20250827_1824_HARP13711_NOAA14200,2025,block_download_or_coverage,,False
20250827_1836_HARP13675_NOAA14191,2025,block_download_or_coverage,,False
20250827_1948_HARP13694_NOAA14194,2025,block_download_or_coverage,,False
20250827_2024_HARP13711_NOAA14200,2025,block_download_or_coverage,,False
20250827_2036_HARP13675_NOAA14191,2025,block_download_or_coverage,,False
20250827_2124_HARP13694_NOAA14194,2025,block_download_or_coverage,,False
20250827_2200_HARP13711_NOAA14200,2025,block_download_or_coverage,,False
20250827_2212_HARP13675_NOAA14191,2025,block_download_or_coverage,,False
20250827_2300_HARP13694_NOAA14194,2025,block_download_or_coverage,,False
20250827_2336_HARP13711_NOAA14200,2025,block_download_or_coverage,,False
20250827_2348_HARP13675_NOAA14191,2025,block_download_or_coverage,,False
20250828_0036_HARP13694_NOAA14194,2025,block_download_or_coverage,,False
20250828_0112_HARP13711_NOAA14200,2025,block_download_or_coverage,,False
20250828_0124_HARP13675_NOAA14191,2025,block_download_or_coverage,,False
20250828_0212_HARP13694_NOAA14194,2025,block_download_or_coverage,,False
20250828_0248_HARP13711_NOAA14200,2025,block_download_or_coverage,,False
20250828_0300_HARP13675_NOAA14191,2025,block_download_or_coverage,,False
20250828_0348_HARP13694_NOAA14194,2025,block_download_or_coverage,,False
20250828_0424_HARP13711_NOAA14200,2025,block_download_or_coverage,,False
20250828_0436_HARP13675_NOAA14191,2025,block_download_or_coverage,,False
20250828_0524_HARP13694_NOAA14194,2025,block_download_or_coverage,,False
20250828_0612_HARP13675_NOAA14191,2025,block_download_or_coverage,,False
20250828_0736_HARP13711_NOAA14200,2025,block_download_or_coverage,,False
20250828_0748_HARP13675_NOAA14191,2025,block_download_or_coverage,,False
20250828_0912_HARP13711_NOAA14200,2025,block_download_or_coverage,,False
20250828_0924_HARP13675_NOAA14191,2025,block_download_or_coverage,,False
20250828_1048_HARP13711_NOAA14200,2025,block_download_or_coverage,,False
20250828_1100_HARP13675_NOAA14191,2025,block_download_or_coverage,,False
20250828_1224_HARP13711_NOAA14200,2025,block_download_or_coverage,,False
20250828_1236_HARP13675_NOAA14191,2025,block_download_or_coverage,,False
20250828_1400_HARP13711_NOAA14200,2025,block_download_or_coverage,,False
20250828_1412_HARP13675_NOAA14191,2025,block_download_or_coverage,,False
20250828_1536_HARP13711_NOAA14200,2025,block_download_or_coverage,,False
20250828_1548_HARP13675_NOAA14191,2025,block_download_or_coverage,,False
20250828_1712_HARP13711_NOAA14200,2025,block_download_or_coverage,,False
20250828_1724_HARP13675_NOAA14191,2025,block_download_or_coverage,,False
20250828_1848_HARP13711_NOAA14200,2025,block_download_or_coverage,,False
20250828_1900_HARP13675_NOAA14191,2025,block_download_or_coverage,,False
20250828_2024_HARP13711_NOAA14200,2025,block_download_or_coverage,,False
20250828_2036_HARP13675_NOAA14191,2025,block_download_or_coverage,,False
20250828_2200_HARP13711_NOAA14200,2025,block_download_or_coverage,,False
20250828_2212_HARP13675_NOAA14191,2025,block_download_or_coverage,,False
20250828_2336_HARP13711_NOAA14200,2025,block_download_or_coverage,,False
20250828_2348_HARP13675_NOAA14191,2025,block_download_or_coverage,,False
20250829_0112_HARP13711_NOAA14200,2025,block_download_or_coverage,,False
20250829_0124_HARP13675_NOAA14191,2025,block_download_or_coverage,,False
20250829_0248_HARP13711_NOAA14200,2025,block_download_or_coverage,,False
20250829_0300_HARP13675_NOAA14191,2025,block_download_or_coverage,,False
20250829_0300_HARP13691_NOAA14195,2025,block_download_or_coverage,,False
20250829_0424_HARP13711_NOAA14200,2025,block_download_or_coverage,,False
20250829_0436_HARP13675_NOAA14191,2025,block_download_or_coverage,,False
20250829_0436_HARP13691_NOAA14195,2025,block_download_or_coverage,,False
20250829_0612_HARP13675_NOAA14191,2025,block_download_or_coverage,,False
20250829_0612_HARP13691_NOAA14195,2025,block_download_or_coverage,,False
20250829_0924_HARP13691_NOAA14195,2025,block_download_or_coverage,,False
20250829_1100_HARP13691_NOAA14195,2025,block_download_or_coverage,,False
20250829_1236_HARP13691_NOAA14195,2025,block_download_or_coverage,,False
20250829_1412_HARP13691_NOAA14195,2025,block_download_or_coverage,,False
20250829_1548_HARP13691_NOAA14195,2025,block_download_or_coverage,,False
20250829_1624_HARP13708_NOAA14199,2025,block_download_or_coverage,,False
20250829_1724_HARP13691_NOAA14195,2025,block_download_or_coverage,,False
20250829_1900_HARP13691_NOAA14195,2025,block_download_or_coverage,,False
20250829_1936_HARP13708_NOAA14199,2025,block_download_or_coverage,,False
20250829_2036_HARP13691_NOAA14195,2025,block_download_or_coverage,,False
20250829_2112_HARP13708_NOAA14199,2025,block_download_or_coverage,,False
20250829_2212_HARP13691_NOAA14195,2025,block_download_or_coverage,,False
20250829_2248_HARP13708_NOAA14199,2025,block_download_or_coverage,,False
20250829_2348_HARP13691_NOAA14195,2025,block_download_or_coverage,,False
20250830_0024_HARP13708_NOAA14199,2025,block_download_or_coverage,,False
20250830_0124_HARP13691_NOAA14195,2025,block_download_or_coverage,,False
20250830_0200_HARP13708_NOAA14199,2025,block_download_or_coverage,,False
20250830_0300_HARP13691_NOAA14195,2025,block_download_or_coverage,,False
20250830_0336_HARP13708_NOAA14199,2025,block_download_or_coverage,,False
20250830_0436_HARP13691_NOAA14195,2025,block_download_or_coverage,,False
20250830_0512_HARP13708_NOAA14199,2025,block_download_or_coverage,,False
20250830_0612_HARP13691_NOAA14195,2025,block_download_or_coverage,,False
20250830_0648_HARP13708_NOAA14199,2025,block_download_or_coverage,,False
20250830_0748_HARP13691_NOAA14195,2025,block_download_or_coverage,,False
20250830_0824_HARP13708_NOAA14199,2025,block_download_or_coverage,,False
20250830_0924_HARP13691_NOAA14195,2025,crop_patch_boundary,2025_HARP13691_20250830_0924_20250831_0748,False
20250830_1000_HARP13708_NOAA14199,2025,block_download_or_coverage,,False
20250830_1100_HARP13691_NOAA14195,2025,crop_patch_boundary,2025_HARP13691_20250830_0924_20250831_0748,False
20250830_1136_HARP13708_NOAA14199,2025,block_download_or_coverage,,False
20250830_1236_HARP13691_NOAA14195,2025,crop_patch_boundary,2025_HARP13691_20250830_0924_20250831_0748,False
20250830_1312_HARP13708_NOAA14199,2025,block_download_or_coverage,,False
20250830_1412_HARP13691_NOAA14195,2025,crop_patch_boundary,2025_HARP13691_20250830_0924_20250831_0748,False
20250830_1448_HARP13708_NOAA14199,2025,block_download_or_coverage,,False
20250830_1548_HARP13691_NOAA14195,2025,crop_patch_boundary,2025_HARP13691_20250830_0924_20250831_0748,False
20250830_1624_HARP13708_NOAA14199,2025,block_download_or_coverage,,False
20250830_1724_HARP13691_NOAA14195,2025,crop_patch_boundary,2025_HARP13691_20250830_0924_20250831_0748,False
20250830_1900_HARP13691_NOAA14195,2025,crop_patch_boundary,2025_HARP13691_20250830_0924_20250831_0748,False
20250830_1936_HARP13708_NOAA14199,2025,block_download_or_coverage,,False
20250830_2112_HARP13708_NOAA14199,2025,block_download_or_coverage,,False
20250830_2248_HARP13708_NOAA14199,2025,block_download_or_coverage,,False
20250831_0024_HARP13708_NOAA14199,2025,block_download_or_coverage,,False
20250831_0200_HARP13708_NOAA14199,2025,block_download_or_coverage,,False
20250831_0336_HARP13708_NOAA14199,2025,block_download_or_coverage,,False
20250831_0512_HARP13708_NOAA14199,2025,block_download_or_coverage,,False
20250831_0648_HARP13708_NOAA14199,2025,block_download_or_coverage,,False
20250831_0824_HARP13708_NOAA14199,2025,block_download_or_coverage,,False
20250831_0924_HARP13691_NOAA14195,2025,block_download_or_coverage,,False
20250831_1000_HARP13708_NOAA14199,2025,block_download_or_coverage,,False
20250831_1100_HARP13691_NOAA14195,2025,block_download_or_coverage,,False
20250831_1136_HARP13708_NOAA14199,2025,block_download_or_coverage,,False
20250831_1236_HARP13691_NOAA14195,2025,block_download_or_coverage,,False
20250831_1312_HARP13708_NOAA14199,2025,block_download_or_coverage,,False
20250831_1412_HARP13691_NOAA14195,2025,block_download_or_coverage,,False
20250831_1448_HARP13708_NOAA14199,2025,block_download_or_coverage,,False
20250831_1548_HARP13691_NOAA14195,2025,block_download_or_coverage,,False
20250831_1812_HARP13691_NOAA14195,2025,block_download_or_coverage,,False
20250831_1848_HARP13708_NOAA14199,2025,block_download_or_coverage,,False
20250831_1948_HARP13691_NOAA14195,2025,block_download_or_coverage,,False
20250831_2024_HARP13708_NOAA14199,2025,block_download_or_coverage,,False
20250831_2124_HARP13691_NOAA14195,2025,block_download_or_coverage,,False
20250831_2200_HARP13708_NOAA14199,2025,block_download_or_coverage,,False
20250831_2300_HARP13691_NOAA14195,2025,block_download_or_coverage,,False
20250831_2336_HARP13708_NOAA14199,2025,block_download_or_coverage,,False
20250901_0036_HARP13691_NOAA14195,2025,block_download_or_coverage,,False
20250901_0112_HARP13708_NOAA14199,2025,block_download_or_coverage,,False
20250901_0212_HARP13691_NOAA14195,2025,block_download_or_coverage,,False
20250901_0248_HARP13708_NOAA14199,2025,block_download_or_coverage,,False
20250901_0348_HARP13691_NOAA14195,2025,block_download_or_coverage,,False
20250901_0424_HARP13708_NOAA14199,2025,block_download_or_coverage,,False
20250901_0524_HARP13691_NOAA14195,2025,block_download_or_coverage,,False
20250901_0700_HARP13691_NOAA14195,2025,block_download_or_coverage,,False
20250901_0836_HARP13691_NOAA14195,2025,block_download_or_coverage,,False
20250901_1012_HARP13691_NOAA14195,2025,block_download_or_coverage,,False
20250901_1148_HARP13691_NOAA14195,2025,block_download_or_coverage,,False
20250901_1324_HARP13691_NOAA14195,2025,block_download_or_coverage,,False
20250901_1500_HARP13691_NOAA14195,2025,block_download_or_coverage,,False
20250901_1636_HARP13691_NOAA14195,2025,block_download_or_coverage,,False
20250901_1812_HARP13691_NOAA14195,2025,block_download_or_coverage,,False
20250901_1948_HARP13691_NOAA14195,2025,block_download_or_coverage,,False
20250901_2312_HARP13722_NOAA14205,2025,block_download_or_coverage,,False
20250902_0048_HARP13722_NOAA14205,2025,block_download_or_coverage,,False
20250902_0100_HARP13723_NOAA14206,2025,block_download_or_coverage,,False
20250902_0224_HARP13722_NOAA14205,2025,block_download_or_coverage,,False
20250902_0236_HARP13723_NOAA14206,2025,block_download_or_coverage,,False
20250902_0400_HARP13722_NOAA14205,2025,block_download_or_coverage,,False
20250902_0412_HARP13723_NOAA14206,2025,block_download_or_coverage,,False
20250902_0536_HARP13722_NOAA14205,2025,block_download_or_coverage,,False
20250902_0548_HARP13723_NOAA14206,2025,block_download_or_coverage,,False
20250902_0712_HARP13722_NOAA14205,2025,block_download_or_coverage,,False
20250902_0724_HARP13723_NOAA14206,2025,block_download_or_coverage,,False
20250902_0848_HARP13722_NOAA14205,2025,block_download_or_coverage,,False
20250902_0900_HARP13723_NOAA14206,2025,block_download_or_coverage,,False
20250902_1024_HARP13722_NOAA14205,2025,block_download_or_coverage,,False
20250902_1036_HARP13723_NOAA14206,2025,block_download_or_coverage,,False
20250902_1200_HARP13722_NOAA14205,2025,block_download_or_coverage,,False
20250902_1212_HARP13723_NOAA14206,2025,block_download_or_coverage,,False
20250902_1336_HARP13722_NOAA14205,2025,block_download_or_coverage,,False
20250902_1348_HARP13723_NOAA14206,2025,block_download_or_coverage,,False
20250902_1512_HARP13722_NOAA14205,2025,block_download_or_coverage,,False
20250902_1524_HARP13723_NOAA14206,2025,block_download_or_coverage,,False
20250902_1648_HARP13722_NOAA14205,2025,block_download_or_coverage,,False
20250902_1700_HARP13723_NOAA14206,2025,block_download_or_coverage,,False
20250902_1824_HARP13722_NOAA14205,2025,block_download_or_coverage,,False
20250902_1836_HARP13723_NOAA14206,2025,block_download_or_coverage,,False
20250902_2000_HARP13722_NOAA14205,2025,block_download_or_coverage,,False
20250902_2012_HARP13723_NOAA14206,2025,block_download_or_coverage,,False
20250902_2136_HARP13722_NOAA14205,2025,block_download_or_coverage,,False
20250902_2148_HARP13723_NOAA14206,2025,block_download_or_coverage,,False
20250902_2200_HARP13708_NOAA14199,2025,block_download_or_coverage,,False
20250902_2312_HARP13722_NOAA14205,2025,block_download_or_coverage,,False
20250902_2324_HARP13723_NOAA14206,2025,block_download_or_coverage,,False
20250902_2336_HARP13708_NOAA14199,2025,block_download_or_coverage,,False
20250903_0048_HARP13722_NOAA14205,2025,block_download_or_coverage,,False
20250903_0100_HARP13723_NOAA14206,2025,block_download_or_coverage,,False
20250903_0112_HARP13708_NOAA14199,2025,block_download_or_coverage,,False
20250903_0224_HARP13722_NOAA14205,2025,block_download_or_coverage,,False
20250903_0236_HARP13723_NOAA14206,2025,block_download_or_coverage,,False
20250903_0248_HARP13708_NOAA14199,2025,block_download_or_coverage,,False
20250903_0400_HARP13722_NOAA14205,2025,block_download_or_coverage,,False
20250903_0412_HARP13723_NOAA14206,2025,block_download_or_coverage,,False
20250903_0536_HARP13722_NOAA14205,2025,block_download_or_coverage,,False
20250903_0548_HARP13723_NOAA14206,2025,block_download_or_coverage,,False
20250903_0712_HARP13722_NOAA14205,2025,block_download_or_coverage,,False
20250903_0724_HARP13723_NOAA14206,2025,block_download_or_coverage,,False
20250903_0848_HARP13722_NOAA14205,2025,block_download_or_coverage,,False
20250903_0900_HARP13723_NOAA14206,2025,block_download_or_coverage,,False
20250903_1024_HARP13722_NOAA14205,2025,block_download_or_coverage,,False
20250903_1036_HARP13723_NOAA14206,2025,block_download_or_coverage,,False
20250903_1200_HARP13722_NOAA14205,2025,block_download_or_coverage,,False
20250903_1212_HARP13723_NOAA14206,2025,block_download_or_coverage,,False
20250903_1336_HARP13722_NOAA14205,2025,block_download_or_coverage,,False
20250903_1348_HARP13723_NOAA14206,2025,block_download_or_coverage,,False
20250903_1512_HARP13722_NOAA14205,2025,block_download_or_coverage,,False
20250903_1524_HARP13723_NOAA14206,2025,block_download_or_coverage,,False
20250903_1648_HARP13722_NOAA14205,2025,block_download_or_coverage,,False
20250903_1700_HARP13723_NOAA14206,2025,block_download_or_coverage,,False
20250903_1824_HARP13722_NOAA14205,2025,block_download_or_coverage,,False
20250903_1836_HARP13723_NOAA14206,2025,block_download_or_coverage,,False
20250903_2012_HARP13722_NOAA14205,2025,block_download_or_coverage,,False
20250903_2024_HARP13723_NOAA14206,2025,block_download_or_coverage,,False
20250903_2148_HARP13722_NOAA14205,2025,block_download_or_coverage,,False
20250903_2200_HARP13723_NOAA14206,2025,block_download_or_coverage,,False
20250903_2324_HARP13722_NOAA14205,2025,block_download_or_coverage,,False
20250903_2336_HARP13723_NOAA14206,2025,block_download_or_coverage,,False
20250904_0100_HARP13722_NOAA14205,2025,block_download_or_coverage,,False
20250904_0112_HARP13723_NOAA14206,2025,block_download_or_coverage,,False
20250904_0236_HARP13722_NOAA14205,2025,block_download_or_coverage,,False
20250904_0248_HARP13723_NOAA14206,2025,block_download_or_coverage,,False
20250904_0412_HARP13722_NOAA14205,2025,block_download_or_coverage,,False
20250904_0424_HARP13723_NOAA14206,2025,block_download_or_coverage,,False
20250904_0424_HARP13730_NOAA14210,2025,block_download_or_coverage,,False
20250904_0548_HARP13722_NOAA14205,2025,block_download_or_coverage,,False
20250904_0724_HARP13722_NOAA14205,2025,block_download_or_coverage,,False
20250904_0736_HARP13730_NOAA14210,2025,block_download_or_coverage,,False
20250904_0900_HARP13722_NOAA14205,2025,block_download_or_coverage,,False
20250904_0912_HARP13730_NOAA14210,2025,block_download_or_coverage,,False
20250904_1036_HARP13722_NOAA14205,2025,block_download_or_coverage,,False
20250904_1048_HARP13730_NOAA14210,2025,block_download_or_coverage,,False
20250904_1212_HARP13722_NOAA14205,2025,block_download_or_coverage,,False
20250904_1224_HARP13730_NOAA14210,2025,block_download_or_coverage,,False
20250904_1348_HARP13722_NOAA14205,2025,block_download_or_coverage,,False
20250904_1400_HARP13730_NOAA14210,2025,block_download_or_coverage,,False
20250904_1524_HARP13722_NOAA14205,2025,block_download_or_coverage,,False
20250904_1536_HARP13730_NOAA14210,2025,block_download_or_coverage,,False
20250904_1700_HARP13722_NOAA14205,2025,block_download_or_coverage,,False
20250904_1712_HARP13730_NOAA14210,2025,block_download_or_coverage,,False
20250904_1836_HARP13722_NOAA14205,2025,block_download_or_coverage,,False
20250904_1848_HARP13730_NOAA14210,2025,block_download_or_coverage,,False
20250904_2012_HARP13722_NOAA14205,2025,block_download_or_coverage,,False
20250904_2024_HARP13730_NOAA14210,2025,block_download_or_coverage,,False
20250904_2148_HARP13722_NOAA14205,2025,block_download_or_coverage,,False
20250904_2200_HARP13730_NOAA14210,2025,block_download_or_coverage,,False
20250904_2224_HARP13726_NOAA14207,2025,block_download_or_coverage,,False
20250904_2324_HARP13722_NOAA14205,2025,block_download_or_coverage,,False
20250904_2336_HARP13730_NOAA14210,2025,block_download_or_coverage,,False
20250905_0000_HARP13726_NOAA14207,2025,block_download_or_coverage,,False
20250905_0100_HARP13722_NOAA14205,2025,block_download_or_coverage,,False
20250905_0112_HARP13730_NOAA14210,2025,block_download_or_coverage,,False
20250905_0136_HARP13726_NOAA14207,2025,block_download_or_coverage,,False
20250905_0236_HARP13722_NOAA14205,2025,block_download_or_coverage,,False
20250905_0248_HARP13730_NOAA14210,2025,block_download_or_coverage,,False
20250905_0312_HARP13726_NOAA14207,2025,block_download_or_coverage,,False
20250905_0412_HARP13722_NOAA14205,2025,block_download_or_coverage,,False
20250905_0424_HARP13730_NOAA14210,2025,block_download_or_coverage,,False
20250905_0448_HARP13726_NOAA14207,2025,block_download_or_coverage,,False
20250905_0548_HARP13722_NOAA14205,2025,block_download_or_coverage,,False
20250905_0624_HARP13726_NOAA14207,2025,block_download_or_coverage,,False
20250905_0724_HARP13722_NOAA14205,2025,block_download_or_coverage,,False
20250905_0736_HARP13730_NOAA14210,2025,block_download_or_coverage,,False
20250905_0800_HARP13726_NOAA14207,2025,block_download_or_coverage,,False
20250905_0900_HARP13722_NOAA14205,2025,block_download_or_coverage,,False
20250905_0912_HARP13730_NOAA14210,2025,block_download_or_coverage,,False
20250905_0936_HARP13726_NOAA14207,2025,block_download_or_coverage,,False
20250905_1036_HARP13722_NOAA14205,2025,block_download_or_coverage,,False
20250905_1048_HARP13730_NOAA14210,2025,block_download_or_coverage,,False
20250905_1112_HARP13726_NOAA14207,2025,block_download_or_coverage,,False
20250905_1212_HARP13722_NOAA14205,2025,block_download_or_coverage,,False
20250905_1224_HARP13730_NOAA14210,2025,block_download_or_coverage,,False
20250905_1248_HARP13726_NOAA14207,2025,block_download_or_coverage,,False
20250905_1348_HARP13722_NOAA14205,2025,block_download_or_coverage,,False
20250905_1400_HARP13730_NOAA14210,2025,block_download_or_coverage,,False
20250905_1424_HARP13726_NOAA14207,2025,block_download_or_coverage,,False
20250905_1524_HARP13722_NOAA14205,2025,block_download_or_coverage,,False
20250905_1536_HARP13730_NOAA14210,2025,block_download_or_coverage,,False
20250905_1600_HARP13726_NOAA14207,2025,block_download_or_coverage,,False
20250905_1700_HARP13722_NOAA14205,2025,block_download_or_coverage,,False
20250905_1712_HARP13730_NOAA14210,2025,block_download_or_coverage,,False
20250905_1836_HARP13722_NOAA14205,2025,block_download_or_coverage,,False
20250905_1848_HARP13730_NOAA14210,2025,block_download_or_coverage,,False
20250905_1912_HARP13726_NOAA14207,2025,block_download_or_coverage,,False
20250905_2012_HARP13722_NOAA14205,2025,block_download_or_coverage,,False
20250905_2024_HARP13730_NOAA14210,2025,block_download_or_coverage,,False
20250905_2048_HARP13726_NOAA14207,2025,block_download_or_coverage,,False
20250905_2148_HARP13722_NOAA14205,2025,block_download_or_coverage,,False
20250905_2200_HARP13730_NOAA14210,2025,block_download_or_coverage,,False
20250905_2224_HARP13726_NOAA14207,2025,block_download_or_coverage,,False
20250905_2324_HARP13722_NOAA14205,2025,block_download_or_coverage,,False
20250905_2336_HARP13730_NOAA14210,2025,block_download_or_coverage,,False
20250906_0000_HARP13726_NOAA14207,2025,block_download_or_coverage,,False
20250906_0100_HARP13722_NOAA14205,2025,block_download_or_coverage,,False
20250906_0112_HARP13730_NOAA14210,2025,block_download_or_coverage,,False
20250906_0136_HARP13726_NOAA14207,2025,block_download_or_coverage,,False
20250906_0236_HARP13722_NOAA14205,2025,block_download_or_coverage,,False
20250906_0248_HARP13730_NOAA14210,2025,block_download_or_coverage,,False
20250906_0312_HARP13726_NOAA14207,2025,block_download_or_coverage,,False
20250906_0412_HARP13722_NOAA14205,2025,block_download_or_coverage,,False
20250906_0424_HARP13730_NOAA14210,2025,block_download_or_coverage,,False
20250906_0448_HARP13726_NOAA14207,2025,block_download_or_coverage,,False
20250906_0548_HARP13722_NOAA14205,2025,block_download_or_coverage,,False
20250906_0624_HARP13726_NOAA14207,2025,block_download_or_coverage,,False
20250906_0724_HARP13722_NOAA14205,2025,block_download_or_coverage,,False
20250906_0736_HARP13730_NOAA14210,2025,block_download_or_coverage,,False
20250906_0800_HARP13726_NOAA14207,2025,block_download_or_coverage,,False
20250906_0900_HARP13722_NOAA14205,2025,block_download_or_coverage,,False
20250906_0912_HARP13730_NOAA14210,2025,block_download_or_coverage,,False
20250906_0936_HARP13726_NOAA14207,2025,block_download_or_coverage,,False
20250906_1036_HARP13722_NOAA14205,2025,block_download_or_coverage,,False
20250906_1048_HARP13730_NOAA14210,2025,block_download_or_coverage,,False
20250906_1112_HARP13726_NOAA14207,2025,block_download_or_coverage,,False
20250906_1224_HARP13730_NOAA14210,2025,block_download_or_coverage,,False
20250906_1224_HARP13736_NOAA14211,2025,block_download_or_coverage,,False
20250906_1248_HARP13726_NOAA14207,2025,block_download_or_coverage,,False
20250906_1336_HARP13747_NOAA14215,2025,block_download_or_coverage,,False
20250906_1400_HARP13730_NOAA14210,2025,block_download_or_coverage,,False
20250906_1400_HARP13736_NOAA14211,2025,block_download_or_coverage,,False
20250906_1424_HARP13726_NOAA14207,2025,block_download_or_coverage,,False
20250906_1512_HARP13747_NOAA14215,2025,block_download_or_coverage,,False
20250906_1536_HARP13730_NOAA14210,2025,block_download_or_coverage,,False
20250906_1536_HARP13736_NOAA14211,2025,block_download_or_coverage,,False
20250906_1600_HARP13726_NOAA14207,2025,block_download_or_coverage,,False
20250906_1648_HARP13747_NOAA14215,2025,block_download_or_coverage,,False
20250906_1712_HARP13730_NOAA14210,2025,block_download_or_coverage,,False
20250906_1712_HARP13736_NOAA14211,2025,block_download_or_coverage,,False
20250906_1736_HARP13726_NOAA14207,2025,block_download_or_coverage,,False
20250906_1824_HARP13747_NOAA14215,2025,block_download_or_coverage,,False
20250906_1848_HARP13730_NOAA14210,2025,block_download_or_coverage,,False
20250906_1848_HARP13736_NOAA14211,2025,block_download_or_coverage,,False
20250906_2000_HARP13747_NOAA14215,2025,block_download_or_coverage,,False
20250906_2024_HARP13730_NOAA14210,2025,block_download_or_coverage,,False
20250906_2024_HARP13736_NOAA14211,2025,block_download_or_coverage,,False
20250906_2136_HARP13747_NOAA14215,2025,block_download_or_coverage,,False
20250906_2200_HARP13730_NOAA14210,2025,block_download_or_coverage,,False
20250906_2200_HARP13736_NOAA14211,2025,block_download_or_coverage,,False
20250906_2312_HARP13747_NOAA14215,2025,block_download_or_coverage,,False
20250906_2336_HARP13730_NOAA14210,2025,block_download_or_coverage,,False
20250906_2336_HARP13736_NOAA14211,2025,block_download_or_coverage,,False
20250907_0048_HARP13747_NOAA14215,2025,block_download_or_coverage,,False
20250907_0112_HARP13730_NOAA14210,2025,block_download_or_coverage,,False
20250907_0112_HARP13736_NOAA14211,2025,block_download_or_coverage,,False
20250907_0224_HARP13747_NOAA14215,2025,block_download_or_coverage,,False
20250907_0248_HARP13730_NOAA14210,2025,block_download_or_coverage,,False
20250907_0248_HARP13736_NOAA14211,2025,block_download_or_coverage,,False
20250907_0400_HARP13747_NOAA14215,2025,block_download_or_coverage,,False
20250907_0424_HARP13730_NOAA14210,2025,block_download_or_coverage,,False
20250907_0424_HARP13736_NOAA14211,2025,block_download_or_coverage,,False
20250907_0536_HARP13747_NOAA14215,2025,block_download_or_coverage,,False
20250907_0636_HARP13730_NOAA14210,2025,block_download_or_coverage,,False
20250907_0636_HARP13736_NOAA14211,2025,block_download_or_coverage,,False
20250907_0748_HARP13747_NOAA14215,2025,block_download_or_coverage,,False
20250907_0812_HARP13730_NOAA14210,2025,block_download_or_coverage,,False
20250907_0812_HARP13736_NOAA14211,2025,block_download_or_coverage,,False
20250907_0924_HARP13747_NOAA14215,2025,block_download_or_coverage,,False
20250907_0948_HARP13730_NOAA14210,2025,block_download_or_coverage,,False
20250907_0948_HARP13736_NOAA14211,2025,block_download_or_coverage,,False
20250907_1100_HARP13747_NOAA14215,2025,block_download_or_coverage,,False
20250907_1124_HARP13730_NOAA14210,2025,block_download_or_coverage,,False
20250907_1124_HARP13736_NOAA14211,2025,block_download_or_coverage,,False
20250907_1236_HARP13747_NOAA14215,2025,block_download_or_coverage,,False
20250907_1300_HARP13730_NOAA14210,2025,block_download_or_coverage,,False
20250907_1300_HARP13736_NOAA14211,2025,block_download_or_coverage,,False
20250907_1412_HARP13747_NOAA14215,2025,block_download_or_coverage,,False
20250907_1436_HARP13730_NOAA14210,2025,block_download_or_coverage,,False
20250907_1436_HARP13736_NOAA14211,2025,block_download_or_coverage,,False
20250907_1548_HARP13747_NOAA14215,2025,block_download_or_coverage,,False
20250907_1612_HARP13730_NOAA14210,2025,block_download_or_coverage,,False
20250907_1612_HARP13736_NOAA14211,2025,block_download_or_coverage,,False
20250907_1724_HARP13747_NOAA14215,2025,block_download_or_coverage,,False
20250907_1748_HARP13730_NOAA14210,2025,block_download_or_coverage,,False
20250907_1748_HARP13736_NOAA14211,2025,block_download_or_coverage,,False
20250907_1900_HARP13747_NOAA14215,2025,block_download_or_coverage,,False
20250907_1924_HARP13730_NOAA14210,2025,block_download_or_coverage,,False
20250907_1924_HARP13736_NOAA14211,2025,block_download_or_coverage,,False
20250907_2036_HARP13747_NOAA14215,2025,block_download_or_coverage,,False
20250907_2100_HARP13730_NOAA14210,2025,block_download_or_coverage,,False
20250907_2100_HARP13736_NOAA14211,2025,block_download_or_coverage,,False
20250907_2212_HARP13747_NOAA14215,2025,block_download_or_coverage,,False
20250907_2236_HARP13730_NOAA14210,2025,block_download_or_coverage,,False
20250907_2236_HARP13736_NOAA14211,2025,block_download_or_coverage,,False
20250907_2348_HARP13747_NOAA14215,2025,block_download_or_coverage,,False
20250908_0012_HARP13730_NOAA14210,2025,block_download_or_coverage,,False
20250908_0012_HARP13736_NOAA14211,2025,block_download_or_coverage,,False
20250908_0124_HARP13747_NOAA14215,2025,block_download_or_coverage,,False
20250908_0148_HARP13730_NOAA14210,2025,block_download_or_coverage,,False
20250908_0148_HARP13736_NOAA14211,2025,block_download_or_coverage,,False
20250908_0300_HARP13747_NOAA14215,2025,block_download_or_coverage,,False
20250908_0324_HARP13730_NOAA14210,2025,block_download_or_coverage,,False
20250908_0324_HARP13736_NOAA14211,2025,block_download_or_coverage,,False
20250908_0436_HARP13747_NOAA14215,2025,block_download_or_coverage,,False
20250908_0500_HARP13730_NOAA14210,2025,block_download_or_coverage,,False
20250908_0500_HARP13736_NOAA14211,2025,block_download_or_coverage,,False
20250908_0612_HARP13747_NOAA14215,2025,block_download_or_coverage,,False
20250908_0636_HARP13730_NOAA14210,2025,block_download_or_coverage,,False
20250908_0636_HARP13736_NOAA14211,2025,block_download_or_coverage,,False
20250908_0748_HARP13747_NOAA14215,2025,block_download_or_coverage,,False
20250908_0812_HARP13730_NOAA14210,2025,block_download_or_coverage,,False
20250908_0812_HARP13736_NOAA14211,2025,block_download_or_coverage,,False
20250908_0924_HARP13747_NOAA14215,2025,block_download_or_coverage,,False
20250908_0948_HARP13730_NOAA14210,2025,block_download_or_coverage,,False
20250908_0948_HARP13736_NOAA14211,2025,block_download_or_coverage,,False
20250908_1100_HARP13747_NOAA14215,2025,block_download_or_coverage,,False
20250908_1124_HARP13730_NOAA14210,2025,block_download_or_coverage,,False
20250908_1124_HARP13736_NOAA14211,2025,block_download_or_coverage,,False
20250908_1236_HARP13747_NOAA14215,2025,block_download_or_coverage,,False
20250908_1300_HARP13730_NOAA14210,2025,block_download_or_coverage,,False
20250908_1300_HARP13736_NOAA14211,2025,block_download_or_coverage,,False
20250908_1412_HARP13747_NOAA14215,2025,block_download_or_coverage,,False
20250908_1436_HARP13736_NOAA14211,2025,block_download_or_coverage,,False
20250908_1548_HARP13747_NOAA14215,2025,block_download_or_coverage,,False
20250908_1612_HARP13736_NOAA14211,2025,block_download_or_coverage,,False
20250908_1724_HARP13747_NOAA14215,2025,block_download_or_coverage,,False
20250908_1748_HARP13736_NOAA14211,2025,block_download_or_coverage,,False
20250908_1900_HARP13747_NOAA14215,2025,block_download_or_coverage,,False
20250908_1924_HARP13736_NOAA14211,2025,block_download_or_coverage,,False
20250908_2036_HARP13747_NOAA14215,2025,block_download_or_coverage,,False
20250908_2100_HARP13736_NOAA14211,2025,block_download_or_coverage,,False
20250908_2212_HARP13747_NOAA14215,2025,block_download_or_coverage,,False
20250908_2236_HARP13736_NOAA14211,2025,block_download_or_coverage,,False
20250908_2348_HARP13747_NOAA14215,2025,block_download_or_coverage,,False
20250909_0012_HARP13736_NOAA14211,2025,block_download_or_coverage,,False
20250909_0124_HARP13747_NOAA14215,2025,block_download_or_coverage,,False
20250909_0148_HARP13736_NOAA14211,2025,block_download_or_coverage,,False
20250909_0300_HARP13747_NOAA14215,2025,block_download_or_coverage,,False
20250909_0324_HARP13736_NOAA14211,2025,block_download_or_coverage,,False
20250909_0436_HARP13747_NOAA14215,2025,block_download_or_coverage,,False
20250909_0500_HARP13736_NOAA14211,2025,block_download_or_coverage,,False
20250909_0612_HARP13747_NOAA14215,2025,block_download_or_coverage,,False
20250909_0636_HARP13736_NOAA14211,2025,block_download_or_coverage,,False
20250909_0748_HARP13747_NOAA14215,2025,block_download_or_coverage,,False
20250909_0812_HARP13736_NOAA14211,2025,block_download_or_coverage,,False
20250909_0924_HARP13747_NOAA14215,2025,block_download_or_coverage,,False
20250909_0948_HARP13736_NOAA14211,2025,block_download_or_coverage,,False
20250909_1100_HARP13747_NOAA14215,2025,block_download_or_coverage,,False
20250909_1124_HARP13736_NOAA14211,2025,block_download_or_coverage,,False
20250909_1236_HARP13747_NOAA14215,2025,block_download_or_coverage,,False
20250909_1412_HARP13747_NOAA14215,2025,block_download_or_coverage,,False
20250909_1548_HARP13747_NOAA14215,2025,block_download_or_coverage,,False
20250909_1724_HARP13747_NOAA14215,2025,block_download_or_coverage,,False
20250909_2036_HARP13747_NOAA14215,2025,block_download_or_coverage,,False
20250909_2212_HARP13747_NOAA14215,2025,block_download_or_coverage,,False
20250909_2348_HARP13747_NOAA14215,2025,block_download_or_coverage,,False
20250910_0124_HARP13747_NOAA14215,2025,block_download_or_coverage,,False
20250910_0300_HARP13747_NOAA14215,2025,block_download_or_coverage,,False
20250910_0436_HARP13747_NOAA14215,2025,block_download_or_coverage,,False
20250910_0612_HARP13747_NOAA14215,2025,block_download_or_coverage,,False
20250910_0748_HARP13747_NOAA14215,2025,block_download_or_coverage,,False
20250910_0924_HARP13747_NOAA14215,2025,block_download_or_coverage,,False
20250910_1100_HARP13747_NOAA14215,2025,block_download_or_coverage,,False
20250910_1236_HARP13747_NOAA14215,2025,block_download_or_coverage,,False
20250910_1300_HARP13736_NOAA14211,2025,block_download_or_coverage,,False
20250910_1412_HARP13747_NOAA14215,2025,block_download_or_coverage,,False
20250910_1436_HARP13736_NOAA14211,2025,block_download_or_coverage,,False
20250910_1548_HARP13747_NOAA14215,2025,block_download_or_coverage,,False
20250910_1612_HARP13736_NOAA14211,2025,block_download_or_coverage,,False
20250910_1724_HARP13747_NOAA14215,2025,block_download_or_coverage,,False
20250910_1748_HARP13736_NOAA14211,2025,block_download_or_coverage,,False
20250910_1936_HARP13736_NOAA14211,2025,block_download_or_coverage,,False
20250910_2112_HARP13736_NOAA14211,2025,block_download_or_coverage,,False
20250910_2248_HARP13736_NOAA14211,2025,block_download_or_coverage,,False
20250911_0024_HARP13736_NOAA14211,2025,block_download_or_coverage,,False
20250911_0200_HARP13736_NOAA14211,2025,block_download_or_coverage,,False
20250913_2348_HARP13778_NOAA14219,2025,block_download_or_coverage,,False
20250914_0124_HARP13778_NOAA14219,2025,block_download_or_coverage,,False
20250914_0300_HARP13778_NOAA14219,2025,block_download_or_coverage,,False
20250914_0436_HARP13778_NOAA14219,2025,block_download_or_coverage,,False
20250914_0612_HARP13778_NOAA14219,2025,block_download_or_coverage,,False
20250914_0748_HARP13778_NOAA14219,2025,block_download_or_coverage,,False
20250914_0924_HARP13778_NOAA14219,2025,block_download_or_coverage,,False
20250914_1100_HARP13778_NOAA14219,2025,block_download_or_coverage,,False
20250914_1236_HARP13778_NOAA14219,2025,block_download_or_coverage,,False
20250914_1412_HARP13778_NOAA14219,2025,block_download_or_coverage,,False
20250914_1548_HARP13778_NOAA14219,2025,block_download_or_coverage,,False
20250914_1724_HARP13778_NOAA14219,2025,block_download_or_coverage,,False
20250914_1900_HARP13778_NOAA14219,2025,block_download_or_coverage,,False
20250914_2036_HARP13778_NOAA14219,2025,block_download_or_coverage,,False
20250914_2212_HARP13778_NOAA14219,2025,block_download_or_coverage,,False
20250914_2348_HARP13778_NOAA14219,2025,block_download_or_coverage,,False
20250915_0124_HARP13778_NOAA14219,2025,block_download_or_coverage,,False
20250915_0300_HARP13778_NOAA14219,2025,block_download_or_coverage,,False
20250915_0436_HARP13778_NOAA14219,2025,block_download_or_coverage,,False
20250915_0612_HARP13778_NOAA14219,2025,block_download_or_coverage,,False
20250915_0748_HARP13778_NOAA14219,2025,block_download_or_coverage,,False
20250915_0924_HARP13778_NOAA14219,2025,block_download_or_coverage,,False
20250915_1100_HARP13778_NOAA14219,2025,block_download_or_coverage,,False
20250915_1236_HARP13778_NOAA14219,2025,block_download_or_coverage,,False
20250915_1412_HARP13778_NOAA14219,2025,block_download_or_coverage,,False
20250915_1548_HARP13778_NOAA14219,2025,block_download_or_coverage,,False
20250915_1724_HARP13778_NOAA14219,2025,block_download_or_coverage,,False
20250915_1900_HARP13778_NOAA14219,2025,block_download_or_coverage,,False
20250915_2036_HARP13778_NOAA14219,2025,block_download_or_coverage,,False
20250915_2136_HARP13768_NOAA14216,2025,block_download_or_coverage,,False
20250915_2212_HARP13778_NOAA14219,2025,block_download_or_coverage,,False
20250915_2312_HARP13768_NOAA14216,2025,block_download_or_coverage,,False
20250915_2348_HARP13778_NOAA14219,2025,block_download_or_coverage,,False
20250916_0048_HARP13768_NOAA14216,2025,block_download_or_coverage,,False
20250916_0124_HARP13778_NOAA14219,2025,block_download_or_coverage,,False
20250916_0224_HARP13768_NOAA14216,2025,block_download_or_coverage,,False
20250916_0300_HARP13778_NOAA14219,2025,block_download_or_coverage,,False
20250916_0400_HARP13768_NOAA14216,2025,block_download_or_coverage,,False
20250916_0436_HARP13778_NOAA14219,2025,block_download_or_coverage,,False
20250916_0536_HARP13768_NOAA14216,2025,block_download_or_coverage,,False
20250916_0612_HARP13778_NOAA14219,2025,block_download_or_coverage,,False
20250916_0712_HARP13768_NOAA14216,2025,block_download_or_coverage,,False
20250916_0736_HARP13773_NOAA14220,2025,block_download_or_coverage,,False
20250916_0748_HARP13778_NOAA14219,2025,block_download_or_coverage,,False
20250916_0848_HARP13768_NOAA14216,2025,block_download_or_coverage,,False
20250916_0912_HARP13773_NOAA14220,2025,block_download_or_coverage,,False
20250916_0924_HARP13778_NOAA14219,2025,block_download_or_coverage,,False
20250916_1024_HARP13768_NOAA14216,2025,block_download_or_coverage,,False
20250916_1048_HARP13773_NOAA14220,2025,block_download_or_coverage,,False
20250916_1100_HARP13778_NOAA14219,2025,block_download_or_coverage,,False
20250916_1200_HARP13768_NOAA14216,2025,block_download_or_coverage,,False
20250916_1224_HARP13773_NOAA14220,2025,block_download_or_coverage,,False
20250916_1236_HARP13778_NOAA14219,2025,block_download_or_coverage,,False
20250916_1336_HARP13768_NOAA14216,2025,block_download_or_coverage,,False
20250916_1400_HARP13773_NOAA14220,2025,block_download_or_coverage,,False
20250916_1412_HARP13778_NOAA14219,2025,block_download_or_coverage,,False
20250916_1512_HARP13768_NOAA14216,2025,block_download_or_coverage,,False
20250916_1536_HARP13773_NOAA14220,2025,block_download_or_coverage,,False
20250916_1548_HARP13778_NOAA14219,2025,block_download_or_coverage,,False
20250916_1648_HARP13768_NOAA14216,2025,block_download_or_coverage,,False
20250916_1712_HARP13773_NOAA14220,2025,block_download_or_coverage,,False
20250916_1724_HARP13778_NOAA14219,2025,block_download_or_coverage,,False
20250916_1824_HARP13768_NOAA14216,2025,block_download_or_coverage,,False
20250916_1848_HARP13773_NOAA14220,2025,block_download_or_coverage,,False
20250916_2000_HARP13768_NOAA14216,2025,block_download_or_coverage,,False
20250916_2200_HARP13768_NOAA14216,2025,block_download_or_coverage,,False
20250916_2236_HARP13778_NOAA14219,2025,block_download_or_coverage,,False
20250916_2336_HARP13768_NOAA14216,2025,block_download_or_coverage,,False
20250917_0012_HARP13778_NOAA14219,2025,block_download_or_coverage,,False
20250917_0112_HARP13768_NOAA14216,2025,block_download_or_coverage,,False
20250917_0148_HARP13778_NOAA14219,2025,block_download_or_coverage,,False
20250917_0248_HARP13768_NOAA14216,2025,block_download_or_coverage,,False
20250917_0424_HARP13768_NOAA14216,2025,block_download_or_coverage,,False
20250917_0736_HARP13768_NOAA14216,2025,block_download_or_coverage,,False
20250917_0912_HARP13768_NOAA14216,2025,block_download_or_coverage,,False
20250917_1048_HARP13768_NOAA14216,2025,block_download_or_coverage,,False
20250917_1224_HARP13768_NOAA14216,2025,block_download_or_coverage,,False
20250917_1400_HARP13768_NOAA14216,2025,block_download_or_coverage,,False
20250917_1536_HARP13768_NOAA14216,2025,block_download_or_coverage,,False
20250917_1712_HARP13768_NOAA14216,2025,block_download_or_coverage,,False
20250917_1848_HARP13768_NOAA14216,2025,block_download_or_coverage,,False
20250917_2036_HARP13768_NOAA14216,2025,block_download_or_coverage,,False
20250917_2212_HARP13768_NOAA14216,2025,block_download_or_coverage,,False
20250917_2236_HARP13773_NOAA14220,2025,block_download_or_coverage,,False
20250917_2348_HARP13768_NOAA14216,2025,block_download_or_coverage,,False
20250918_0012_HARP13773_NOAA14220,2025,block_download_or_coverage,,False
20250918_1900_HARP13777_NOAA14221,2025,block_download_or_coverage,,False
20250918_1948_HARP13768_NOAA14216,2025,block_download_or_coverage,,False
20250918_2036_HARP13777_NOAA14221,2025,block_download_or_coverage,,False
20250918_2124_HARP13768_NOAA14216,2025,block_download_or_coverage,,False
20250918_2200_HARP13776_NOAA14217,2025,block_download_or_coverage,,False
20250918_2212_HARP13777_NOAA14221,2025,block_download_or_coverage,,False
20250918_2300_HARP13768_NOAA14216,2025,block_download_or_coverage,,False
20250918_2336_HARP13776_NOAA14217,2025,block_download_or_coverage,,False
20250918_2348_HARP13777_NOAA14221,2025,block_download_or_coverage,,False
20250919_0036_HARP13768_NOAA14216,2025,block_download_or_coverage,,False
20250919_0112_HARP13776_NOAA14217,2025,block_download_or_coverage,,False
20250919_0124_HARP13777_NOAA14221,2025,block_download_or_coverage,,False
20250919_0212_HARP13768_NOAA14216,2025,block_download_or_coverage,,False
20250919_0248_HARP13776_NOAA14217,2025,block_download_or_coverage,,False
20250919_0300_HARP13777_NOAA14221,2025,block_download_or_coverage,,False
20250919_0348_HARP13768_NOAA14216,2025,block_download_or_coverage,,False
20250919_0424_HARP13776_NOAA14217,2025,block_download_or_coverage,,False
20250919_0436_HARP13777_NOAA14221,2025,block_download_or_coverage,,False
20250919_0524_HARP13768_NOAA14216,2025,block_download_or_coverage,,False
20250919_0612_HARP13777_NOAA14221,2025,block_download_or_coverage,,False
20250919_0700_HARP13768_NOAA14216,2025,block_download_or_coverage,,False
20250919_0748_HARP13777_NOAA14221,2025,block_download_or_coverage,,False
20250919_0836_HARP13768_NOAA14216,2025,block_download_or_coverage,,False
20250919_0924_HARP13777_NOAA14221,2025,block_download_or_coverage,,False
20250919_1012_HARP13768_NOAA14216,2025,block_download_or_coverage,,False
20250919_1100_HARP13777_NOAA14221,2025,block_download_or_coverage,,False
20250919_1148_HARP13768_NOAA14216,2025,block_download_or_coverage,,False
20250919_1236_HARP13777_NOAA14221,2025,block_download_or_coverage,,False
20250919_1324_HARP13768_NOAA14216,2025,block_download_or_coverage,,False
20250919_1412_HARP13777_NOAA14221,2025,block_download_or_coverage,,False
20250919_1500_HARP13768_NOAA14216,2025,block_download_or_coverage,,False
20250919_1548_HARP13777_NOAA14221,2025,block_download_or_coverage,,False
20250919_1636_HARP13768_NOAA14216,2025,block_download_or_coverage,,False
20250919_1724_HARP13777_NOAA14221,2025,block_download_or_coverage,,False
20250919_1812_HARP13768_NOAA14216,2025,block_download_or_coverage,,False
20250919_1836_HARP13773_NOAA14220,2025,block_download_or_coverage,,False
20250919_1900_HARP13777_NOAA14221,2025,block_download_or_coverage,,False
20250919_1948_HARP13768_NOAA14216,2025,block_download_or_coverage,,False
20250919_2012_HARP13773_NOAA14220,2025,block_download_or_coverage,,False
20250919_2036_HARP13777_NOAA14221,2025,block_download_or_coverage,,False
20250919_2124_HARP13768_NOAA14216,2025,block_download_or_coverage,,False
20250919_2148_HARP13773_NOAA14220,2025,block_download_or_coverage,,False
20250919_2212_HARP13777_NOAA14221,2025,block_download_or_coverage,,False
20250919_2300_HARP13768_NOAA14216,2025,block_download_or_coverage,,False
20250919_2324_HARP13773_NOAA14220,2025,block_download_or_coverage,,False
20250919_2348_HARP13777_NOAA14221,2025,block_download_or_coverage,,False
20250920_0036_HARP13768_NOAA14216,2025,block_download_or_coverage,,False
20250920_0100_HARP13773_NOAA14220,2025,block_download_or_coverage,,False
20250920_0124_HARP13777_NOAA14221,2025,block_download_or_coverage,,False
20250920_0212_HARP13768_NOAA14216,2025,block_download_or_coverage,,False
20250920_0236_HARP13773_NOAA14220,2025,block_download_or_coverage,,False
20250920_0300_HARP13777_NOAA14221,2025,block_download_or_coverage,,False
20250920_0348_HARP13768_NOAA14216,2025,block_download_or_coverage,,False
20250920_0412_HARP13773_NOAA14220,2025,block_download_or_coverage,,False
20250920_0436_HARP13777_NOAA14221,2025,block_download_or_coverage,,False
20250920_0524_HARP13768_NOAA14216,2025,block_download_or_coverage,,False
20250920_0612_HARP13777_NOAA14221,2025,block_download_or_coverage,,False
20250920_0700_HARP13768_NOAA14216,2025,block_download_or_coverage,,False
20250920_0748_HARP13777_NOAA14221,2025,block_download_or_coverage,,False
20250920_0836_HARP13768_NOAA14216,2025,block_download_or_coverage,,False
20250920_0900_HARP13790_NOAA14224,2025,block_download_or_coverage,,False
20250920_0924_HARP13777_NOAA14221,2025,block_download_or_coverage,,False
20250920_1012_HARP13768_NOAA14216,2025,block_download_or_coverage,,False
20250920_1036_HARP13790_NOAA14224,2025,block_download_or_coverage,,False
20250920_1100_HARP13777_NOAA14221,2025,block_download_or_coverage,,False
20250920_1212_HARP13790_NOAA14224,2025,block_download_or_coverage,,False
20250920_1236_HARP13777_NOAA14221,2025,block_download_or_coverage,,False
20250920_1348_HARP13790_NOAA14224,2025,block_download_or_coverage,,False
20250920_1412_HARP13777_NOAA14221,2025,block_download_or_coverage,,False
20250920_1424_HARP13784_NOAA14225,2025,block_download_or_coverage,,False
20250920_1524_HARP13790_NOAA14224,2025,block_download_or_coverage,,False
20250920_1548_HARP13777_NOAA14221,2025,block_download_or_coverage,,False
20250920_1600_HARP13784_NOAA14225,2025,block_download_or_coverage,,False
20250920_1700_HARP13790_NOAA14224,2025,block_download_or_coverage,,False
20250920_1724_HARP13777_NOAA14221,2025,block_download_or_coverage,,False
20250920_1736_HARP13784_NOAA14225,2025,block_download_or_coverage,,False
20250920_1836_HARP13790_NOAA14224,2025,block_download_or_coverage,,False
20250920_1900_HARP13777_NOAA14221,2025,block_download_or_coverage,,False
20250920_1912_HARP13784_NOAA14225,2025,block_download_or_coverage,,False
20250920_2012_HARP13790_NOAA14224,2025,block_download_or_coverage,,False
20250920_2036_HARP13777_NOAA14221,2025,block_download_or_coverage,,False
20250920_2048_HARP13784_NOAA14225,2025,block_download_or_coverage,,False
20250920_2148_HARP13790_NOAA14224,2025,block_download_or_coverage,,False
20250920_2212_HARP13777_NOAA14221,2025,block_download_or_coverage,,False
20250920_2224_HARP13784_NOAA14225,2025,block_download_or_coverage,,False
20250920_2324_HARP13790_NOAA14224,2025,block_download_or_coverage,,False
20250920_2348_HARP13777_NOAA14221,2025,block_download_or_coverage,,False
20250921_0000_HARP13784_NOAA14225,2025,block_download_or_coverage,,False
20250921_0100_HARP13790_NOAA14224,2025,block_download_or_coverage,,False
20250921_0124_HARP13777_NOAA14221,2025,block_download_or_coverage,,False
20250921_0136_HARP13784_NOAA14225,2025,block_download_or_coverage,,False
20250921_0236_HARP13790_NOAA14224,2025,block_download_or_coverage,,False
20250921_0300_HARP13777_NOAA14221,2025,block_download_or_coverage,,False
20250921_0312_HARP13784_NOAA14225,2025,block_download_or_coverage,,False
20250921_0412_HARP13790_NOAA14224,2025,block_download_or_coverage,,False
20250921_0436_HARP13777_NOAA14221,2025,block_download_or_coverage,,False
20250921_0448_HARP13784_NOAA14225,2025,block_download_or_coverage,,False
20250921_0548_HARP13790_NOAA14224,2025,block_download_or_coverage,,False
20250921_0612_HARP13777_NOAA14221,2025,block_download_or_coverage,,False
20250921_0624_HARP13784_NOAA14225,2025,block_download_or_coverage,,False
20250921_0724_HARP13790_NOAA14224,2025,block_download_or_coverage,,False
20250921_0748_HARP13777_NOAA14221,2025,block_download_or_coverage,,False
20250921_0800_HARP13784_NOAA14225,2025,block_download_or_coverage,,False
20250921_0900_HARP13790_NOAA14224,2025,block_download_or_coverage,,False
20250921_0924_HARP13777_NOAA14221,2025,block_download_or_coverage,,False
20250921_0936_HARP13784_NOAA14225,2025,block_download_or_coverage,,False
20250921_1036_HARP13790_NOAA14224,2025,block_download_or_coverage,,False
20250921_1100_HARP13777_NOAA14221,2025,block_download_or_coverage,,False
20250921_1212_HARP13790_NOAA14224,2025,block_download_or_coverage,,False
20250921_1236_HARP13777_NOAA14221,2025,block_download_or_coverage,,False
20250921_1248_HARP13784_NOAA14225,2025,block_download_or_coverage,,False
20250921_1348_HARP13790_NOAA14224,2025,block_download_or_coverage,,False
20250921_1412_HARP13777_NOAA14221,2025,block_download_or_coverage,,False
20250921_1424_HARP13784_NOAA14225,2025,block_download_or_coverage,,False
20250921_1524_HARP13790_NOAA14224,2025,block_download_or_coverage,,False
20250921_1548_HARP13777_NOAA14221,2025,block_download_or_coverage,,False
20250921_1600_HARP13784_NOAA14225,2025,block_download_or_coverage,,False
20250921_1700_HARP13790_NOAA14224,2025,block_download_or_coverage,,False
20250921_1724_HARP13777_NOAA14221,2025,block_download_or_coverage,,False
20250921_1736_HARP13784_NOAA14225,2025,block_download_or_coverage,,False
20250921_1836_HARP13790_NOAA14224,2025,block_download_or_coverage,,False
20250921_1900_HARP13777_NOAA14221,2025,block_download_or_coverage,,False
20250921_1912_HARP13784_NOAA14225,2025,block_download_or_coverage,,False
20250921_2012_HARP13790_NOAA14224,2025,block_download_or_coverage,,False
20250921_2036_HARP13777_NOAA14221,2025,block_download_or_coverage,,False
20250921_2048_HARP13784_NOAA14225,2025,block_download_or_coverage,,False
20250921_2148_HARP13790_NOAA14224,2025,block_download_or_coverage,,False
20250921_2212_HARP13777_NOAA14221,2025,block_download_or_coverage,,False
20250921_2224_HARP13784_NOAA14225,2025,block_download_or_coverage,,False
20250921_2324_HARP13790_NOAA14224,2025,block_download_or_coverage,,False
20250921_2348_HARP13777_NOAA14221,2025,block_download_or_coverage,,False
20250922_0000_HARP13784_NOAA14225,2025,block_download_or_coverage,,False
20250922_0100_HARP13790_NOAA14224,2025,block_download_or_coverage,,False
20250922_0124_HARP13777_NOAA14221,2025,block_download_or_coverage,,False
20250922_0136_HARP13784_NOAA14225,2025,block_download_or_coverage,,False
20250922_0236_HARP13790_NOAA14224,2025,block_download_or_coverage,,False
20250922_0300_HARP13777_NOAA14221,2025,block_download_or_coverage,,False
20250922_0312_HARP13784_NOAA14225,2025,block_download_or_coverage,,False
20250922_0512_HARP13790_NOAA14224,2025,block_download_or_coverage,,False
20250922_0536_HARP13777_NOAA14221,2025,block_download_or_coverage,,False
20250922_0548_HARP13784_NOAA14225,2025,block_download_or_coverage,,False
20250922_0648_HARP13790_NOAA14224,2025,block_download_or_coverage,,False
20250922_0712_HARP13777_NOAA14221,2025,block_download_or_coverage,,False
20250922_0724_HARP13784_NOAA14225,2025,block_download_or_coverage,,False
20250922_0824_HARP13790_NOAA14224,2025,block_download_or_coverage,,False
20250922_0848_HARP13777_NOAA14221,2025,block_download_or_coverage,,False
20250922_0900_HARP13784_NOAA14225,2025,block_download_or_coverage,,False
20250922_1000_HARP13790_NOAA14224,2025,block_download_or_coverage,,False
20250922_1024_HARP13777_NOAA14221,2025,block_download_or_coverage,,False
20250922_1036_HARP13784_NOAA14225,2025,block_download_or_coverage,,False
20250922_1200_HARP13777_NOAA14221,2025,block_download_or_coverage,,False
20250922_1212_HARP13784_NOAA14225,2025,block_download_or_coverage,,False
20250922_1312_HARP13790_NOAA14224,2025,block_download_or_coverage,,False
20250922_1348_HARP13784_NOAA14225,2025,block_download_or_coverage,,False
20250922_1448_HARP13790_NOAA14224,2025,block_download_or_coverage,,False
20250922_1524_HARP13784_NOAA14225,2025,block_download_or_coverage,,False
20250922_1624_HARP13790_NOAA14224,2025,block_download_or_coverage,,False
20250922_1700_HARP13784_NOAA14225,2025,block_download_or_coverage,,False
20250922_1836_HARP13784_NOAA14225,2025,block_download_or_coverage,,False
20250922_2012_HARP13784_NOAA14225,2025,block_download_or_coverage,,False
20250922_2148_HARP13784_NOAA14225,2025,block_download_or_coverage,,False
20250922_2324_HARP13784_NOAA14225,2025,block_download_or_coverage,,False
20250923_0100_HARP13784_NOAA14225,2025,block_download_or_coverage,,False
20250923_0236_HARP13784_NOAA14225,2025,block_download_or_coverage,,False
20250923_0412_HARP13784_NOAA14225,2025,block_download_or_coverage,,False
20250923_0548_HARP13784_NOAA14225,2025,block_download_or_coverage,,False
20250923_0724_HARP13784_NOAA14225,2025,block_download_or_coverage,,False
20250923_0900_HARP13784_NOAA14225,2025,block_download_or_coverage,,False
20250923_1036_HARP13784_NOAA14225,2025,block_download_or_coverage,,False
20250923_1212_HARP13784_NOAA14225,2025,block_download_or_coverage,,False
20250923_1348_HARP13784_NOAA14225,2025,block_download_or_coverage,,False
20250923_1524_HARP13784_NOAA14225,2025,block_download_or_coverage,,False
20250923_1700_HARP13784_NOAA14225,2025,block_download_or_coverage,,False
20250923_1836_HARP13784_NOAA14225,2025,block_download_or_coverage,,False
20250923_2000_HARP13790_NOAA14224,2025,block_download_or_coverage,,False
20250923_2036_HARP13784_NOAA14225,2025,block_download_or_coverage,,False
20250923_2136_HARP13790_NOAA14224,2025,block_download_or_coverage,,False
20250923_2212_HARP13784_NOAA14225,2025,block_download_or_coverage,,False
20250923_2312_HARP13790_NOAA14224,2025,block_download_or_coverage,,False
20250923_2348_HARP13784_NOAA14225,2025,block_download_or_coverage,,False
20250924_0048_HARP13790_NOAA14224,2025,block_download_or_coverage,,False
20250924_0124_HARP13784_NOAA14225,2025,block_download_or_coverage,,False
20250924_0224_HARP13790_NOAA14224,2025,block_download_or_coverage,,False
20250924_0300_HARP13784_NOAA14225,2025,block_download_or_coverage,,False
20250924_0400_HARP13790_NOAA14224,2025,block_download_or_coverage,,False
20250924_0436_HARP13784_NOAA14225,2025,block_download_or_coverage,,False
20250924_0536_HARP13790_NOAA14224,2025,block_download_or_coverage,,False
20250924_0612_HARP13784_NOAA14225,2025,block_download_or_coverage,,False
20250924_0712_HARP13790_NOAA14224,2025,block_download_or_coverage,,False
20250924_0748_HARP13784_NOAA14225,2025,block_download_or_coverage,,False
20250924_0848_HARP13790_NOAA14224,2025,block_download_or_coverage,,False
20250924_0924_HARP13784_NOAA14225,2025,block_download_or_coverage,,False
20250924_1100_HARP13784_NOAA14225,2025,block_download_or_coverage,,False
20250924_1236_HARP13784_NOAA14225,2025,block_download_or_coverage,,False
20250924_1400_HARP13801_NOAA14226,2025,block_download_or_coverage,,False
20250924_1536_HARP13801_NOAA14226,2025,block_download_or_coverage,,False
20250924_1712_HARP13801_NOAA14226,2025,block_download_or_coverage,,False
20250924_1848_HARP13801_NOAA14226,2025,block_download_or_coverage,,False
20250924_1936_HARP13784_NOAA14225,2025,block_download_or_coverage,,False
20250924_2024_HARP13801_NOAA14226,2025,block_download_or_coverage,,False
20250924_2112_HARP13784_NOAA14225,2025,block_download_or_coverage,,False
20250924_2200_HARP13801_NOAA14226,2025,block_download_or_coverage,,False
20250924_2248_HARP13784_NOAA14225,2025,block_download_or_coverage,,False
20250924_2336_HARP13801_NOAA14226,2025,block_download_or_coverage,,False
20250925_0024_HARP13784_NOAA14225,2025,block_download_or_coverage,,False
20250925_0112_HARP13801_NOAA14226,2025,block_download_or_coverage,,False
20250925_0200_HARP13784_NOAA14225,2025,block_download_or_coverage,,False
20250925_0248_HARP13801_NOAA14226,2025,block_download_or_coverage,,False
20250925_0300_HARP13808_NOAA14228,2025,block_download_or_coverage,,False
20250925_0336_HARP13784_NOAA14225,2025,block_download_or_coverage,,False
20250925_0424_HARP13801_NOAA14226,2025,block_download_or_coverage,,False
20250925_0436_HARP13808_NOAA14228,2025,block_download_or_coverage,,False
20250925_0612_HARP13808_NOAA14228,2025,block_download_or_coverage,,False
20250925_0736_HARP13801_NOAA14226,2025,crop_patch_boundary,2025_HARP13801_20250925_0736_20250926_0424,False
20250925_0748_HARP13808_NOAA14228,2025,block_download_or_coverage,,False
20250925_0912_HARP13801_NOAA14226,2025,crop_patch_boundary,2025_HARP13801_20250925_0736_20250926_0424,False
20250925_0924_HARP13808_NOAA14228,2025,block_download_or_coverage,,False
20250925_1048_HARP13801_NOAA14226,2025,crop_patch_boundary,2025_HARP13801_20250925_0736_20250926_0424,False
20250925_1100_HARP13808_NOAA14228,2025,block_download_or_coverage,,False
20250925_1224_HARP13801_NOAA14226,2025,crop_patch_boundary,2025_HARP13801_20250925_0736_20250926_0424,False
20250925_1236_HARP13808_NOAA14228,2025,block_download_or_coverage,,False
20250925_1400_HARP13801_NOAA14226,2025,crop_patch_boundary,2025_HARP13801_20250925_0736_20250926_0424,False
20250925_1412_HARP13808_NOAA14228,2025,block_download_or_coverage,,False
20250925_1536_HARP13801_NOAA14226,2025,crop_patch_boundary,2025_HARP13801_20250925_0736_20250926_0424,False
20250925_1548_HARP13808_NOAA14228,2025,block_download_or_coverage,,False
20250925_1712_HARP13801_NOAA14226,2025,crop_patch_boundary,2025_HARP13801_20250925_0736_20250926_0424,False
20250925_1724_HARP13808_NOAA14228,2025,block_download_or_coverage,,False
20250925_1848_HARP13801_NOAA14226,2025,crop_patch_boundary,2025_HARP13801_20250925_0736_20250926_0424,False
20250925_1900_HARP13808_NOAA14228,2025,block_download_or_coverage,,False
20250925_2024_HARP13801_NOAA14226,2025,crop_patch_boundary,2025_HARP13801_20250925_0736_20250926_0424,False
20250925_2036_HARP13808_NOAA14228,2025,block_download_or_coverage,,False
20250925_2200_HARP13801_NOAA14226,2025,crop_patch_boundary,2025_HARP13801_20250925_0736_20250926_0424,False
20250925_2212_HARP13808_NOAA14228,2025,block_download_or_coverage,,False
20250925_2336_HARP13801_NOAA14226,2025,crop_patch_boundary,2025_HARP13801_20250925_0736_20250926_0424,False
20250925_2348_HARP13808_NOAA14228,2025,block_download_or_coverage,,False
20250926_0112_HARP13801_NOAA14226,2025,crop_patch_boundary,2025_HARP13801_20250925_0736_20250926_0424,False
20250926_0124_HARP13808_NOAA14228,2025,block_download_or_coverage,,False
20250926_0248_HARP13801_NOAA14226,2025,crop_patch_boundary,2025_HARP13801_20250925_0736_20250926_0424,False
20250926_0424_HARP13801_NOAA14226,2025,crop_patch_boundary,2025_HARP13801_20250925_0736_20250926_0424,False
20250926_0736_HARP13801_NOAA14226,2025,block_download_or_coverage,,False
20250926_0912_HARP13801_NOAA14226,2025,block_download_or_coverage,,False
20250926_1048_HARP13801_NOAA14226,2025,block_download_or_coverage,,False
20250926_1224_HARP13801_NOAA14226,2025,block_download_or_coverage,,False
20250926_1400_HARP13801_NOAA14226,2025,block_download_or_coverage,,False
20250926_1536_HARP13801_NOAA14226,2025,block_download_or_coverage,,False
20250926_1712_HARP13801_NOAA14226,2025,block_download_or_coverage,,False
20250926_1848_HARP13801_NOAA14226,2025,block_download_or_coverage,,False
20250926_2024_HARP13801_NOAA14226,2025,block_download_or_coverage,,False
20250926_2200_HARP13801_NOAA14226,2025,block_download_or_coverage,,False
20250926_2336_HARP13801_NOAA14226,2025,block_download_or_coverage,,False
20250927_0112_HARP13801_NOAA14226,2025,block_download_or_coverage,,False
20250927_0248_HARP13801_NOAA14226,2025,block_download_or_coverage,,False
20250927_0300_HARP13808_NOAA14228,2025,block_download_or_coverage,,False
20250927_0424_HARP13801_NOAA14226,2025,block_download_or_coverage,,False
20250927_0436_HARP13808_NOAA14228,2025,block_download_or_coverage,,False
20250927_0500_HARP13835_NOAA14234,2025,block_download_or_coverage,,False
20250927_0612_HARP13808_NOAA14228,2025,block_download_or_coverage,,False
20250927_0636_HARP13835_NOAA14234,2025,block_download_or_coverage,,False
20250927_0736_HARP13801_NOAA14226,2025,crop_patch_boundary,2025_HARP13801_20250927_0736_20250928_0424,False
20250927_0748_HARP13808_NOAA14228,2025,block_download_or_coverage,,False
20250927_0812_HARP13835_NOAA14234,2025,block_download_or_coverage,,False
20250927_0912_HARP13801_NOAA14226,2025,crop_patch_boundary,2025_HARP13801_20250927_0736_20250928_0424,False
20250927_0924_HARP13808_NOAA14228,2025,block_download_or_coverage,,False
20250927_0948_HARP13835_NOAA14234,2025,block_download_or_coverage,,False
20250927_1048_HARP13801_NOAA14226,2025,crop_patch_boundary,2025_HARP13801_20250927_0736_20250928_0424,False
20250927_1100_HARP13808_NOAA14228,2025,block_download_or_coverage,,False
20250927_1124_HARP13835_NOAA14234,2025,block_download_or_coverage,,False
20250927_1224_HARP13801_NOAA14226,2025,crop_patch_boundary,2025_HARP13801_20250927_0736_20250928_0424,False
20250927_1236_HARP13808_NOAA14228,2025,block_download_or_coverage,,False
20250927_1300_HARP13835_NOAA14234,2025,block_download_or_coverage,,False
20250927_1400_HARP13801_NOAA14226,2025,crop_patch_boundary,2025_HARP13801_20250927_0736_20250928_0424,False
20250927_1412_HARP13808_NOAA14228,2025,block_download_or_coverage,,False
20250927_1436_HARP13835_NOAA14234,2025,block_download_or_coverage,,False
20250927_1536_HARP13801_NOAA14226,2025,crop_patch_boundary,2025_HARP13801_20250927_0736_20250928_0424,False
20250927_1548_HARP13808_NOAA14228,2025,block_download_or_coverage,,False
20250927_1612_HARP13835_NOAA14234,2025,block_download_or_coverage,,False
20250927_1712_HARP13801_NOAA14226,2025,crop_patch_boundary,2025_HARP13801_20250927_0736_20250928_0424,False
20250927_1724_HARP13808_NOAA14228,2025,block_download_or_coverage,,False
20250927_1748_HARP13835_NOAA14234,2025,block_download_or_coverage,,False
20250927_1848_HARP13801_NOAA14226,2025,crop_patch_boundary,2025_HARP13801_20250927_0736_20250928_0424,False
20250927_1900_HARP13808_NOAA14228,2025,block_download_or_coverage,,False
20250927_1924_HARP13835_NOAA14234,2025,block_download_or_coverage,,False
20250927_2024_HARP13801_NOAA14226,2025,crop_patch_boundary,2025_HARP13801_20250927_0736_20250928_0424,False
20250927_2036_HARP13808_NOAA14228,2025,block_download_or_coverage,,False
20250927_2100_HARP13835_NOAA14234,2025,block_download_or_coverage,,False
20250927_2200_HARP13801_NOAA14226,2025,crop_patch_boundary,2025_HARP13801_20250927_0736_20250928_0424,False
20250927_2212_HARP13808_NOAA14228,2025,block_download_or_coverage,,False
20250927_2236_HARP13835_NOAA14234,2025,block_download_or_coverage,,False
20250927_2336_HARP13801_NOAA14226,2025,crop_patch_boundary,2025_HARP13801_20250927_0736_20250928_0424,False
20250927_2348_HARP13808_NOAA14228,2025,block_download_or_coverage,,False
20250928_0012_HARP13835_NOAA14234,2025,block_download_or_coverage,,False
20250928_0112_HARP13801_NOAA14226,2025,crop_patch_boundary,2025_HARP13801_20250927_0736_20250928_0424,False
20250928_0124_HARP13808_NOAA14228,2025,block_download_or_coverage,,False
20250928_0148_HARP13835_NOAA14234,2025,block_download_or_coverage,,False
20250928_0248_HARP13801_NOAA14226,2025,crop_patch_boundary,2025_HARP13801_20250927_0736_20250928_0424,False
20250928_0300_HARP13808_NOAA14228,2025,block_download_or_coverage,,False
20250928_0324_HARP13835_NOAA14234,2025,block_download_or_coverage,,False
20250928_0424_HARP13801_NOAA14226,2025,crop_patch_boundary,2025_HARP13801_20250927_0736_20250928_0424,False
20250928_0436_HARP13808_NOAA14228,2025,block_download_or_coverage,,False
20250928_0500_HARP13835_NOAA14234,2025,block_download_or_coverage,,False
20250928_0612_HARP13808_NOAA14228,2025,block_download_or_coverage,,False
20250928_0636_HARP13835_NOAA14234,2025,block_download_or_coverage,,False
20250928_0800_HARP13801_NOAA14226,2025,crop_patch_boundary,2025_HARP13801_20250928_0800_20250928_2224,False
20250928_0812_HARP13808_NOAA14228,2025,block_download_or_coverage,,False
20250928_0836_HARP13835_NOAA14234,2025,block_download_or_coverage,,False
20250928_0936_HARP13801_NOAA14226,2025,crop_patch_boundary,2025_HARP13801_20250928_0800_20250928_2224,False
20250928_0948_HARP13808_NOAA14228,2025,block_download_or_coverage,,False
20250928_1012_HARP13835_NOAA14234,2025,block_download_or_coverage,,False
20250928_1112_HARP13801_NOAA14226,2025,crop_patch_boundary,2025_HARP13801_20250928_0800_20250928_2224,False
20250928_1124_HARP13808_NOAA14228,2025,block_download_or_coverage,,False
20250928_1248_HARP13801_NOAA14226,2025,crop_patch_boundary,2025_HARP13801_20250928_0800_20250928_2224,False
20250928_1300_HARP13808_NOAA14228,2025,block_download_or_coverage,,False
20250928_1324_HARP13835_NOAA14234,2025,block_download_or_coverage,,False
20250928_1424_HARP13801_NOAA14226,2025,crop_patch_boundary,2025_HARP13801_20250928_0800_20250928_2224,False
20250928_1436_HARP13808_NOAA14228,2025,block_download_or_coverage,,False
20250928_1500_HARP13835_NOAA14234,2025,block_download_or_coverage,,False
20250928_1600_HARP13801_NOAA14226,2025,crop_patch_boundary,2025_HARP13801_20250928_0800_20250928_2224,False
20250928_1612_HARP13808_NOAA14228,2025,block_download_or_coverage,,False
20250928_1636_HARP13835_NOAA14234,2025,block_download_or_coverage,,False
20250928_1736_HARP13801_NOAA14226,2025,crop_patch_boundary,2025_HARP13801_20250928_0800_20250928_2224,False
20250928_1748_HARP13808_NOAA14228,2025,block_download_or_coverage,,False
20250928_1812_HARP13835_NOAA14234,2025,block_download_or_coverage,,False
20250928_1912_HARP13801_NOAA14226,2025,crop_patch_boundary,2025_HARP13801_20250928_0800_20250928_2224,False
20250928_1924_HARP13808_NOAA14228,2025,block_download_or_coverage,,False
20250928_1936_HARP13845_NOAA14237,2025,block_download_or_coverage,,False
20250928_1948_HARP13835_NOAA14234,2025,block_download_or_coverage,,False
20250928_2048_HARP13801_NOAA14226,2025,crop_patch_boundary,2025_HARP13801_20250928_0800_20250928_2224,False
20250928_2100_HARP13808_NOAA14228,2025,block_download_or_coverage,,False
20250928_2112_HARP13845_NOAA14237,2025,block_download_or_coverage,,False
20250928_2124_HARP13835_NOAA14234,2025,block_download_or_coverage,,False
20250928_2224_HARP13801_NOAA14226,2025,crop_patch_boundary,2025_HARP13801_20250928_0800_20250928_2224,False
20250928_2236_HARP13808_NOAA14228,2025,block_download_or_coverage,,False
20250928_2248_HARP13845_NOAA14237,2025,block_download_or_coverage,,False
20250928_2300_HARP13835_NOAA14234,2025,block_download_or_coverage,,False
20250929_0324_HARP13801_NOAA14226,2025,crop_patch_boundary,2025_HARP13801_20250929_0324_20250929_0812,False
20250929_0348_HARP13845_NOAA14237,2025,block_download_or_coverage,,False
20250929_0400_HARP13835_NOAA14234,2025,block_download_or_coverage,,False
20250929_0500_HARP13801_NOAA14226,2025,crop_patch_boundary,2025_HARP13801_20250929_0324_20250929_0812,False
20250929_0524_HARP13845_NOAA14237,2025,block_download_or_coverage,,False
20250929_0536_HARP13835_NOAA14234,2025,block_download_or_coverage,,False
20250929_0636_HARP13801_NOAA14226,2025,crop_patch_boundary,2025_HARP13801_20250929_0324_20250929_0812,False
20250929_0700_HARP13845_NOAA14237,2025,block_download_or_coverage,,False
20250929_0712_HARP13835_NOAA14234,2025,block_download_or_coverage,,False
20250929_0812_HARP13801_NOAA14226,2025,crop_patch_boundary,2025_HARP13801_20250929_0324_20250929_0812,False
20250929_0836_HARP13845_NOAA14237,2025,block_download_or_coverage,,False
20250929_0848_HARP13835_NOAA14234,2025,block_download_or_coverage,,False
20250929_1012_HARP13845_NOAA14237,2025,block_download_or_coverage,,False
20250929_1024_HARP13835_NOAA14234,2025,block_download_or_coverage,,False
20250929_1148_HARP13845_NOAA14237,2025,block_download_or_coverage,,False
20250929_1200_HARP13835_NOAA14234,2025,block_download_or_coverage,,False
20250929_1324_HARP13845_NOAA14237,2025,block_download_or_coverage,,False
20250929_1336_HARP13835_NOAA14234,2025,block_download_or_coverage,,False
20250929_1500_HARP13845_NOAA14237,2025,block_download_or_coverage,,False
20250929_1512_HARP13835_NOAA14234,2025,block_download_or_coverage,,False
20250929_1636_HARP13845_NOAA14237,2025,block_download_or_coverage,,False
20250929_1648_HARP13835_NOAA14234,2025,block_download_or_coverage,,False
20250929_1812_HARP13845_NOAA14237,2025,block_download_or_coverage,,False
20250929_1824_HARP13835_NOAA14234,2025,block_download_or_coverage,,False
20250929_1948_HARP13845_NOAA14237,2025,block_download_or_coverage,,False
20250929_2000_HARP13835_NOAA14234,2025,block_download_or_coverage,,False
20250929_2124_HARP13845_NOAA14237,2025,block_download_or_coverage,,False
20250929_2136_HARP13835_NOAA14234,2025,block_download_or_coverage,,False
20250929_2300_HARP13845_NOAA14237,2025,block_download_or_coverage,,False
20250929_2312_HARP13835_NOAA14234,2025,block_download_or_coverage,,False
20250930_0036_HARP13845_NOAA14237,2025,block_download_or_coverage,,False
20250930_0048_HARP13835_NOAA14234,2025,block_download_or_coverage,,False
20250930_0212_HARP13845_NOAA14237,2025,block_download_or_coverage,,False
20250930_0224_HARP13835_NOAA14234,2025,block_download_or_coverage,,False
20250930_0348_HARP13845_NOAA14237,2025,block_download_or_coverage,,False
20250930_0524_HARP13845_NOAA14237,2025,block_download_or_coverage,,False
20250930_0700_HARP13845_NOAA14237,2025,block_download_or_coverage,,False
20250930_0724_HARP13831_NOAA14232,2025,block_download_or_coverage,,False
20250930_0836_HARP13845_NOAA14237,2025,block_download_or_coverage,,False
20250930_0900_HARP13831_NOAA14232,2025,block_download_or_coverage,,False
20250930_1012_HARP13845_NOAA14237,2025,block_download_or_coverage,,False
20250930_1036_HARP13831_NOAA14232,2025,block_download_or_coverage,,False
20250930_1148_HARP13845_NOAA14237,2025,block_download_or_coverage,,False
20250930_1212_HARP13831_NOAA14232,2025,block_download_or_coverage,,False
20250930_1324_HARP13845_NOAA14237,2025,block_download_or_coverage,,False
20250930_1348_HARP13831_NOAA14232,2025,block_download_or_coverage,,False
20250930_1500_HARP13845_NOAA14237,2025,block_download_or_coverage,,False
20250930_1524_HARP13831_NOAA14232,2025,block_download_or_coverage,,False
20250930_1636_HARP13845_NOAA14237,2025,block_download_or_coverage,,False
20250930_1700_HARP13831_NOAA14232,2025,block_download_or_coverage,,False
20250930_1812_HARP13845_NOAA14237,2025,block_download_or_coverage,,False
20250930_1836_HARP13831_NOAA14232,2025,block_download_or_coverage,,False
20250930_2000_HARP13845_NOAA14237,2025,block_download_or_coverage,,False
20250930_2024_HARP13831_NOAA14232,2025,block_download_or_coverage,,False
20250930_2136_HARP13845_NOAA14237,2025,block_download_or_coverage,,False
20250930_2200_HARP13831_NOAA14232,2025,block_download_or_coverage,,False
20250930_2312_HARP13845_NOAA14237,2025,block_download_or_coverage,,False
20250930_2336_HARP13831_NOAA14232,2025,block_download_or_coverage,,False
20251001_0048_HARP13845_NOAA14237,2025,block_download_or_coverage,,False
20251001_0112_HARP13831_NOAA14232,2025,block_download_or_coverage,,False
20251001_0224_HARP13845_NOAA14237,2025,block_download_or_coverage,,False
20251001_0248_HARP13831_NOAA14232,2025,block_download_or_coverage,,False
20251001_0400_HARP13845_NOAA14237,2025,block_download_or_coverage,,False
20251001_0412_HARP13835_NOAA14234,2025,block_download_or_coverage,,False
20251001_0424_HARP13831_NOAA14232,2025,block_download_or_coverage,,False
20251001_0536_HARP13845_NOAA14237,2025,block_download_or_coverage,,False
20251001_0548_HARP13835_NOAA14234,2025,block_download_or_coverage,,False
20251001_0712_HARP13845_NOAA14237,2025,block_download_or_coverage,,False
20251001_0724_HARP13835_NOAA14234,2025,block_download_or_coverage,,False
20251001_0848_HARP13845_NOAA14237,2025,block_download_or_coverage,,False
20251001_0900_HARP13835_NOAA14234,2025,block_download_or_coverage,,False
20251001_1024_HARP13845_NOAA14237,2025,block_download_or_coverage,,False
20251001_1036_HARP13835_NOAA14234,2025,block_download_or_coverage,,False
20251001_1200_HARP13845_NOAA14237,2025,block_download_or_coverage,,False
20251001_1212_HARP13835_NOAA14234,2025,block_download_or_coverage,,False
20251001_2000_HARP13835_NOAA14234,2025,block_download_or_coverage,,False
20251001_2012_HARP13831_NOAA14232,2025,block_download_or_coverage,,False
20251001_2148_HARP13831_NOAA14232,2025,block_download_or_coverage,,False
20251001_2324_HARP13831_NOAA14232,2025,block_download_or_coverage,,False
20251002_0100_HARP13831_NOAA14232,2025,block_download_or_coverage,,False
20251002_0236_HARP13831_NOAA14232,2025,block_download_or_coverage,,False
20251002_0412_HARP13831_NOAA14232,2025,block_download_or_coverage,,False
20251002_0548_HARP13831_NOAA14232,2025,block_download_or_coverage,,False
20251002_0724_HARP13831_NOAA14232,2025,block_download_or_coverage,,False
20251002_0900_HARP13831_NOAA14232,2025,block_download_or_coverage,,False
20251002_1036_HARP13831_NOAA14232,2025,block_download_or_coverage,,False
20251002_1212_HARP13831_NOAA14232,2025,block_download_or_coverage,,False
20251002_1348_HARP13831_NOAA14232,2025,block_download_or_coverage,,False
20251002_1524_HARP13831_NOAA14232,2025,block_download_or_coverage,,False
20251002_1700_HARP13831_NOAA14232,2025,block_download_or_coverage,,False
20251002_1836_HARP13831_NOAA14232,2025,block_download_or_coverage,,False
20251002_2200_HARP13831_NOAA14232,2025,block_download_or_coverage,,False
20251002_2336_HARP13831_NOAA14232,2025,block_download_or_coverage,,False
20251003_0112_HARP13831_NOAA14232,2025,block_download_or_coverage,,False
20251003_0248_HARP13831_NOAA14232,2025,block_download_or_coverage,,False
20251003_0424_HARP13831_NOAA14232,2025,block_download_or_coverage,,False
20251003_0736_HARP13831_NOAA14232,2025,block_download_or_coverage,,False
20251003_0912_HARP13831_NOAA14232,2025,block_download_or_coverage,,False
20251003_1048_HARP13831_NOAA14232,2025,block_download_or_coverage,,False
20251003_1224_HARP13831_NOAA14232,2025,block_download_or_coverage,,False
20251003_1312_HARP13855_NOAA14242,2025,block_download_or_coverage,,False
20251003_1400_HARP13831_NOAA14232,2025,block_download_or_coverage,,False
20251003_1448_HARP13855_NOAA14242,2025,block_download_or_coverage,,False
20251003_1536_HARP13831_NOAA14232,2025,block_download_or_coverage,,False
20251003_1624_HARP13855_NOAA14242,2025,block_download_or_coverage,,False
20251003_1712_HARP13831_NOAA14232,2025,block_download_or_coverage,,False
20251003_1848_HARP13831_NOAA14232,2025,block_download_or_coverage,,False
20251003_1936_HARP13855_NOAA14242,2025,block_download_or_coverage,,False
20251003_2024_HARP13831_NOAA14232,2025,block_download_or_coverage,,False
20251003_2200_HARP13831_NOAA14232,2025,block_download_or_coverage,,False
20251003_2336_HARP13831_NOAA14232,2025,block_download_or_coverage,,False
20251004_0112_HARP13831_NOAA14232,2025,block_download_or_coverage,,False
20251004_0248_HARP13831_NOAA14232,2025,block_download_or_coverage,,False
20251004_0400_HARP13859_NOAA14240,2025,block_download_or_coverage,,False
20251004_0424_HARP13831_NOAA14232,2025,block_download_or_coverage,,False
20251004_0536_HARP13859_NOAA14240,2025,block_download_or_coverage,,False
20251004_0712_HARP13859_NOAA14240,2025,block_download_or_coverage,,False
20251004_0736_HARP13831_NOAA14232,2025,block_download_or_coverage,,False
20251004_0800_HARP13852_NOAA14240,2025,block_download_or_coverage,,False
20251004_0848_HARP13859_NOAA14240,2025,block_download_or_coverage,,False
20251004_0912_HARP13831_NOAA14232,2025,block_download_or_coverage,,False
20251004_0936_HARP13852_NOAA14240,2025,block_download_or_coverage,,False
20251004_1024_HARP13859_NOAA14240,2025,block_download_or_coverage,,False
20251004_1048_HARP13831_NOAA14232,2025,block_download_or_coverage,,False
20251004_1112_HARP13852_NOAA14240,2025,block_download_or_coverage,,False
20251004_1200_HARP13859_NOAA14240,2025,block_download_or_coverage,,False
20251004_1224_HARP13831_NOAA14232,2025,block_download_or_coverage,,False
20251004_1248_HARP13852_NOAA14240,2025,block_download_or_coverage,,False
20251004_1336_HARP13859_NOAA14240,2025,block_download_or_coverage,,False
20251004_1400_HARP13831_NOAA14232,2025,block_download_or_coverage,,False
20251004_1424_HARP13852_NOAA14240,2025,block_download_or_coverage,,False
20251004_1512_HARP13859_NOAA14240,2025,block_download_or_coverage,,False
20251004_1536_HARP13831_NOAA14232,2025,block_download_or_coverage,,False
20251004_1600_HARP13852_NOAA14240,2025,block_download_or_coverage,,False
20251004_1648_HARP13859_NOAA14240,2025,block_download_or_coverage,,False
20251004_1712_HARP13831_NOAA14232,2025,block_download_or_coverage,,False
20251004_1736_HARP13852_NOAA14240,2025,block_download_or_coverage,,False
20251004_1824_HARP13859_NOAA14240,2025,block_download_or_coverage,,False
20251004_1848_HARP13831_NOAA14232,2025,block_download_or_coverage,,False
20251004_1912_HARP13852_NOAA14240,2025,block_download_or_coverage,,False
20251004_2000_HARP13859_NOAA14240,2025,block_download_or_coverage,,False
20251004_2048_HARP13852_NOAA14240,2025,block_download_or_coverage,,False
20251004_2136_HARP13859_NOAA14240,2025,block_download_or_coverage,,False
20251004_2224_HARP13852_NOAA14240,2025,block_download_or_coverage,,False
20251004_2312_HARP13859_NOAA14240,2025,block_download_or_coverage,,False
20251005_0000_HARP13852_NOAA14240,2025,block_download_or_coverage,,False
20251005_0048_HARP13859_NOAA14240,2025,block_download_or_coverage,,False
20251005_0136_HARP13852_NOAA14240,2025,block_download_or_coverage,,False
20251005_0224_HARP13859_NOAA14240,2025,block_download_or_coverage,,False
20251005_0312_HARP13852_NOAA14240,2025,block_download_or_coverage,,False
20251005_0400_HARP13859_NOAA14240,2025,block_download_or_coverage,,False
20251005_0448_HARP13852_NOAA14240,2025,block_download_or_coverage,,False
20251005_0536_HARP13859_NOAA14240,2025,block_download_or_coverage,,False
20251005_0624_HARP13852_NOAA14240,2025,block_download_or_coverage,,False
20251005_0712_HARP13859_NOAA14240,2025,block_download_or_coverage,,False
20251005_0800_HARP13852_NOAA14240,2025,block_download_or_coverage,,False
20251005_0848_HARP13859_NOAA14240,2025,block_download_or_coverage,,False
20251005_0936_HARP13852_NOAA14240,2025,block_download_or_coverage,,False
20251005_1024_HARP13859_NOAA14240,2025,block_download_or_coverage,,False
20251005_1112_HARP13852_NOAA14240,2025,block_download_or_coverage,,False
20251005_1200_HARP13859_NOAA14240,2025,block_download_or_coverage,,False
20251005_1248_HARP13852_NOAA14240,2025,block_download_or_coverage,,False
20251005_1336_HARP13859_NOAA14240,2025,block_download_or_coverage,,False
20251005_1424_HARP13852_NOAA14240,2025,block_download_or_coverage,,False
20251005_1512_HARP13859_NOAA14240,2025,block_download_or_coverage,,False
20251005_1600_HARP13852_NOAA14240,2025,block_download_or_coverage,,False
20251005_1648_HARP13859_NOAA14240,2025,block_download_or_coverage,,False
20251005_1736_HARP13852_NOAA14240,2025,block_download_or_coverage,,False
20251005_1824_HARP13859_NOAA14240,2025,block_download_or_coverage,,False
20251005_1912_HARP13852_NOAA14240,2025,block_download_or_coverage,,False
20251005_1936_HARP13855_NOAA14242,2025,block_download_or_coverage,,False
20251005_2000_HARP13859_NOAA14240,2025,block_download_or_coverage,,False
20251005_2048_HARP13852_NOAA14240,2025,block_download_or_coverage,,False
20251005_2112_HARP13855_NOAA14242,2025,block_download_or_coverage,,False
20251005_2136_HARP13859_NOAA14240,2025,block_download_or_coverage,,False
20251005_2224_HARP13852_NOAA14240,2025,block_download_or_coverage,,False
20251005_2248_HARP13855_NOAA14242,2025,block_download_or_coverage,,False
20251005_2312_HARP13859_NOAA14240,2025,block_download_or_coverage,,False
20251006_0000_HARP13852_NOAA14240,2025,block_download_or_coverage,,False
20251006_0024_HARP13855_NOAA14242,2025,block_download_or_coverage,,False
20251006_0048_HARP13859_NOAA14240,2025,block_download_or_coverage,,False
20251006_0136_HARP13852_NOAA14240,2025,block_download_or_coverage,,False
20251006_0200_HARP13855_NOAA14242,2025,block_download_or_coverage,,False
20251006_0224_HARP13859_NOAA14240,2025,block_download_or_coverage,,False
20251006_0312_HARP13852_NOAA14240,2025,block_download_or_coverage,,False
20251006_0336_HARP13855_NOAA14242,2025,block_download_or_coverage,,False
20251006_0400_HARP13859_NOAA14240,2025,block_download_or_coverage,,False
20251006_0448_HARP13852_NOAA14240,2025,block_download_or_coverage,,False
20251006_0512_HARP13855_NOAA14242,2025,block_download_or_coverage,,False
20251006_0536_HARP13859_NOAA14240,2025,block_download_or_coverage,,False
20251006_0624_HARP13852_NOAA14240,2025,block_download_or_coverage,,False
20251006_0648_HARP13855_NOAA14242,2025,block_download_or_coverage,,False
20251006_0712_HARP13859_NOAA14240,2025,block_download_or_coverage,,False
20251006_0800_HARP13852_NOAA14240,2025,block_download_or_coverage,,False
20251006_0824_HARP13855_NOAA14242,2025,block_download_or_coverage,,False
20251006_0848_HARP13859_NOAA14240,2025,block_download_or_coverage,,False
20251006_0936_HARP13852_NOAA14240,2025,block_download_or_coverage,,False
20251006_1000_HARP13855_NOAA14242,2025,block_download_or_coverage,,False
20251006_1024_HARP13859_NOAA14240,2025,block_download_or_coverage,,False
20251006_1112_HARP13852_NOAA14240,2025,block_download_or_coverage,,False
20251006_1136_HARP13855_NOAA14242,2025,block_download_or_coverage,,False
20251006_1200_HARP13859_NOAA14240,2025,block_download_or_coverage,,False
20251006_1248_HARP13852_NOAA14240,2025,block_download_or_coverage,,False
20251006_1312_HARP13855_NOAA14242,2025,block_download_or_coverage,,False
20251006_1324_HARP13876_NOAA14247,2025,block_download_or_coverage,,False
20251006_1336_HARP13859_NOAA14240,2025,block_download_or_coverage,,False
20251006_1424_HARP13852_NOAA14240,2025,block_download_or_coverage,,False
20251006_1448_HARP13855_NOAA14242,2025,block_download_or_coverage,,False
20251006_1500_HARP13876_NOAA14247,2025,block_download_or_coverage,,False
20251006_1512_HARP13859_NOAA14240,2025,block_download_or_coverage,,False
20251006_1600_HARP13852_NOAA14240,2025,block_download_or_coverage,,False
20251006_1624_HARP13855_NOAA14242,2025,block_download_or_coverage,,False
20251006_1636_HARP13876_NOAA14247,2025,block_download_or_coverage,,False
20251006_1648_HARP13859_NOAA14240,2025,block_download_or_coverage,,False
20251006_1736_HARP13852_NOAA14240,2025,block_download_or_coverage,,False
20251006_1812_HARP13876_NOAA14247,2025,block_download_or_coverage,,False
20251006_1824_HARP13859_NOAA14240,2025,block_download_or_coverage,,False
20251006_1912_HARP13852_NOAA14240,2025,block_download_or_coverage,,False
20251006_1948_HARP13876_NOAA14247,2025,block_download_or_coverage,,False
20251006_2000_HARP13859_NOAA14240,2025,block_download_or_coverage,,False
20251006_2048_HARP13852_NOAA14240,2025,block_download_or_coverage,,False
20251006_2112_HARP13866_NOAA14243,2025,block_download_or_coverage,,False
20251006_2124_HARP13876_NOAA14247,2025,block_download_or_coverage,,False
20251006_2136_HARP13859_NOAA14240,2025,block_download_or_coverage,,False
20251006_2224_HARP13852_NOAA14240,2025,block_download_or_coverage,,False
20251006_2248_HARP13866_NOAA14243,2025,block_download_or_coverage,,False
20251006_2300_HARP13876_NOAA14247,2025,block_download_or_coverage,,False
20251006_2312_HARP13859_NOAA14240,2025,block_download_or_coverage,,False
20251007_0000_HARP13852_NOAA14240,2025,block_download_or_coverage,,False
20251007_0024_HARP13866_NOAA14243,2025,block_download_or_coverage,,False
20251007_0036_HARP13876_NOAA14247,2025,block_download_or_coverage,,False
20251007_0048_HARP13859_NOAA14240,2025,block_download_or_coverage,,False
20251007_0136_HARP13852_NOAA14240,2025,block_download_or_coverage,,False
20251007_0200_HARP13866_NOAA14243,2025,block_download_or_coverage,,False
20251007_0212_HARP13876_NOAA14247,2025,block_download_or_coverage,,False
20251007_0224_HARP13859_NOAA14240,2025,block_download_or_coverage,,False
20251007_0312_HARP13852_NOAA14240,2025,block_download_or_coverage,,False
20251007_0336_HARP13866_NOAA14243,2025,block_download_or_coverage,,False
20251007_0348_HARP13876_NOAA14247,2025,block_download_or_coverage,,False
20251007_0400_HARP13859_NOAA14240,2025,block_download_or_coverage,,False
20251007_0448_HARP13852_NOAA14240,2025,block_download_or_coverage,,False
20251007_0512_HARP13866_NOAA14243,2025,block_download_or_coverage,,False
20251007_0524_HARP13876_NOAA14247,2025,block_download_or_coverage,,False
20251007_0536_HARP13859_NOAA14240,2025,block_download_or_coverage,,False
20251007_0624_HARP13852_NOAA14240,2025,block_download_or_coverage,,False
20251007_0648_HARP13866_NOAA14243,2025,block_download_or_coverage,,False
20251007_0700_HARP13876_NOAA14247,2025,block_download_or_coverage,,False
20251007_0712_HARP13859_NOAA14240,2025,block_download_or_coverage,,False
20251007_0800_HARP13852_NOAA14240,2025,block_download_or_coverage,,False
20251007_0824_HARP13866_NOAA14243,2025,block_download_or_coverage,,False
20251007_0836_HARP13876_NOAA14247,2025,block_download_or_coverage,,False
20251007_0848_HARP13859_NOAA14240,2025,block_download_or_coverage,,False
20251007_0936_HARP13852_NOAA14240,2025,block_download_or_coverage,,False
20251007_1000_HARP13866_NOAA14243,2025,block_download_or_coverage,,False
20251007_1012_HARP13876_NOAA14247,2025,block_download_or_coverage,,False
20251007_1024_HARP13859_NOAA14240,2025,block_download_or_coverage,,False
20251007_1112_HARP13852_NOAA14240,2025,block_download_or_coverage,,False
20251007_1136_HARP13866_NOAA14243,2025,block_download_or_coverage,,False
20251007_1148_HARP13876_NOAA14247,2025,block_download_or_coverage,,False
20251007_1200_HARP13859_NOAA14240,2025,block_download_or_coverage,,False
20251007_1248_HARP13852_NOAA14240,2025,block_download_or_coverage,,False
20251007_1312_HARP13866_NOAA14243,2025,block_download_or_coverage,,False
20251007_1324_HARP13876_NOAA14247,2025,block_download_or_coverage,,False
20251007_1336_HARP13859_NOAA14240,2025,block_download_or_coverage,,False
20251007_1424_HARP13852_NOAA14240,2025,block_download_or_coverage,,False
20251007_1448_HARP13866_NOAA14243,2025,block_download_or_coverage,,False
20251007_1500_HARP13876_NOAA14247,2025,block_download_or_coverage,,False
20251007_1512_HARP13859_NOAA14240,2025,block_download_or_coverage,,False
20251007_1600_HARP13852_NOAA14240,2025,block_download_or_coverage,,False
20251007_1624_HARP13866_NOAA14243,2025,block_download_or_coverage,,False
20251007_1636_HARP13876_NOAA14247,2025,block_download_or_coverage,,False
20251007_1736_HARP13852_NOAA14240,2025,block_download_or_coverage,,False
20251007_1812_HARP13876_NOAA14247,2025,block_download_or_coverage,,False
20251007_1912_HARP13852_NOAA14240,2025,block_download_or_coverage,,False
20251007_2000_HARP13855_NOAA14242,2025,block_download_or_coverage,,False
20251007_2000_HARP13866_NOAA14243,2025,block_download_or_coverage,,False
20251007_2012_HARP13876_NOAA14247,2025,block_download_or_coverage,,False
20251007_2112_HARP13852_NOAA14240,2025,block_download_or_coverage,,False
20251007_2136_HARP13855_NOAA14242,2025,block_download_or_coverage,,False
20251007_2136_HARP13866_NOAA14243,2025,block_download_or_coverage,,False
20251007_2148_HARP13876_NOAA14247,2025,block_download_or_coverage,,False
20251007_2248_HARP13852_NOAA14240,2025,block_download_or_coverage,,False
20251007_2312_HARP13855_NOAA14242,2025,block_download_or_coverage,,False
20251007_2312_HARP13866_NOAA14243,2025,block_download_or_coverage,,False
20251007_2324_HARP13876_NOAA14247,2025,block_download_or_coverage,,False
20251008_0024_HARP13852_NOAA14240,2025,block_download_or_coverage,,False
20251008_0048_HARP13866_NOAA14243,2025,block_download_or_coverage,,False
20251008_0100_HARP13876_NOAA14247,2025,block_download_or_coverage,,False
20251008_0200_HARP13852_NOAA14240,2025,block_download_or_coverage,,False
20251008_0224_HARP13866_NOAA14243,2025,block_download_or_coverage,,False
20251008_0236_HARP13876_NOAA14247,2025,block_download_or_coverage,,False
20251008_0336_HARP13852_NOAA14240,2025,block_download_or_coverage,,False
20251008_0400_HARP13866_NOAA14243,2025,block_download_or_coverage,,False
20251008_0412_HARP13876_NOAA14247,2025,block_download_or_coverage,,False
20251008_0612_HARP13876_NOAA14247,2025,block_download_or_coverage,,False
20251008_0712_HARP13852_NOAA14240,2025,block_download_or_coverage,,False
20251008_0748_HARP13876_NOAA14247,2025,block_download_or_coverage,,False
20251008_0848_HARP13852_NOAA14240,2025,block_download_or_coverage,,False
20251008_1024_HARP13852_NOAA14240,2025,block_download_or_coverage,,False
20251008_1100_HARP13876_NOAA14247,2025,block_download_or_coverage,,False
20251008_1200_HARP13852_NOAA14240,2025,block_download_or_coverage,,False
20251008_1236_HARP13876_NOAA14247,2025,block_download_or_coverage,,False
20251008_1336_HARP13852_NOAA14240,2025,block_download_or_coverage,,False
20251008_1400_HARP13872_NOAA14244,2025,block_download_or_coverage,,False
20251008_1412_HARP13876_NOAA14247,2025,block_download_or_coverage,,False
20251008_2248_HARP13866_NOAA14243,2025,block_download_or_coverage,,False
20251008_2300_HARP13876_NOAA14247,2025,block_download_or_coverage,,False
20251009_0024_HARP13866_NOAA14243,2025,block_download_or_coverage,,False
20251009_0036_HARP13876_NOAA14247,2025,block_download_or_coverage,,False
20251009_0200_HARP13866_NOAA14243,2025,block_download_or_coverage,,False
20251009_0212_HARP13876_NOAA14247,2025,block_download_or_coverage,,False
20251009_0336_HARP13866_NOAA14243,2025,block_download_or_coverage,,False
20251009_0348_HARP13876_NOAA14247,2025,block_download_or_coverage,,False
20251009_0512_HARP13866_NOAA14243,2025,block_download_or_coverage,,False
20251009_0524_HARP13876_NOAA14247,2025,block_download_or_coverage,,False
20251009_0648_HARP13866_NOAA14243,2025,block_download_or_coverage,,False
20251009_0700_HARP13876_NOAA14247,2025,block_download_or_coverage,,False
20251009_0824_HARP13866_NOAA14243,2025,block_download_or_coverage,,False
20251009_0836_HARP13876_NOAA14247,2025,block_download_or_coverage,,False
20251009_1000_HARP13866_NOAA14243,2025,block_download_or_coverage,,False
20251009_1012_HARP13876_NOAA14247,2025,block_download_or_coverage,,False
20251009_1136_HARP13866_NOAA14243,2025,block_download_or_coverage,,False
20251009_1148_HARP13876_NOAA14247,2025,block_download_or_coverage,,False
20251009_1312_HARP13866_NOAA14243,2025,block_download_or_coverage,,False
20251009_1324_HARP13876_NOAA14247,2025,block_download_or_coverage,,False
20251009_1448_HARP13866_NOAA14243,2025,block_download_or_coverage,,False
20251009_1500_HARP13876_NOAA14247,2025,block_download_or_coverage,,False
20251009_1624_HARP13866_NOAA14243,2025,block_download_or_coverage,,False
20251009_1636_HARP13876_NOAA14247,2025,block_download_or_coverage,,False
20251009_1812_HARP13876_NOAA14247,2025,block_download_or_coverage,,False
20251009_1936_HARP13866_NOAA14243,2025,block_download_or_coverage,,False
20251009_1936_HARP13872_NOAA14244,2025,block_download_or_coverage,,False
20251009_1948_HARP13876_NOAA14247,2025,block_download_or_coverage,,False
20251009_2112_HARP13866_NOAA14243,2025,block_download_or_coverage,,False
20251009_2112_HARP13872_NOAA14244,2025,block_download_or_coverage,,False
20251009_2124_HARP13876_NOAA14247,2025,block_download_or_coverage,,False
20251009_2248_HARP13866_NOAA14243,2025,block_download_or_coverage,,False
20251009_2248_HARP13872_NOAA14244,2025,block_download_or_coverage,,False
20251009_2300_HARP13876_NOAA14247,2025,block_download_or_coverage,,False
20251010_0024_HARP13866_NOAA14243,2025,block_download_or_coverage,,False
20251010_0024_HARP13872_NOAA14244,2025,block_download_or_coverage,,False
20251010_0036_HARP13876_NOAA14247,2025,block_download_or_coverage,,False
20251010_0200_HARP13866_NOAA14243,2025,block_download_or_coverage,,False
20251010_0200_HARP13872_NOAA14244,2025,block_download_or_coverage,,False
20251010_0212_HARP13876_NOAA14247,2025,block_download_or_coverage,,False
20251010_0336_HARP13866_NOAA14243,2025,block_download_or_coverage,,False
20251010_0336_HARP13872_NOAA14244,2025,block_download_or_coverage,,False
20251010_0348_HARP13876_NOAA14247,2025,block_download_or_coverage,,False
20251010_0512_HARP13866_NOAA14243,2025,block_download_or_coverage,,False
20251010_0512_HARP13872_NOAA14244,2025,block_download_or_coverage,,False
20251010_0524_HARP13876_NOAA14247,2025,block_download_or_coverage,,False
20251010_0648_HARP13866_NOAA14243,2025,block_download_or_coverage,,False
20251010_0648_HARP13872_NOAA14244,2025,block_download_or_coverage,,False
20251010_0700_HARP13876_NOAA14247,2025,block_download_or_coverage,,False
20251010_0824_HARP13866_NOAA14243,2025,block_download_or_coverage,,False
20251010_0824_HARP13872_NOAA14244,2025,block_download_or_coverage,,False
20251010_0836_HARP13876_NOAA14247,2025,block_download_or_coverage,,False
20251010_1000_HARP13866_NOAA14243,2025,block_download_or_coverage,,False
20251010_1000_HARP13872_NOAA14244,2025,block_download_or_coverage,,False
20251010_1012_HARP13876_NOAA14247,2025,block_download_or_coverage,,False
20251010_1136_HARP13872_NOAA14244,2025,block_download_or_coverage,,False
20251010_1148_HARP13876_NOAA14247,2025,block_download_or_coverage,,False
20251010_1312_HARP13872_NOAA14244,2025,block_download_or_coverage,,False
20251010_1324_HARP13876_NOAA14247,2025,block_download_or_coverage,,False
20251010_1448_HARP13872_NOAA14244,2025,block_download_or_coverage,,False
20251010_1500_HARP13876_NOAA14247,2025,block_download_or_coverage,,False
20251010_1812_HARP13876_NOAA14247,2025,block_download_or_coverage,,False
20251010_1936_HARP13872_NOAA14244,2025,block_download_or_coverage,,False
20251010_1948_HARP13876_NOAA14247,2025,block_download_or_coverage,,False
20251010_2112_HARP13872_NOAA14244,2025,block_download_or_coverage,,False
20251010_2124_HARP13876_NOAA14247,2025,block_download_or_coverage,,False
20251010_2248_HARP13872_NOAA14244,2025,block_download_or_coverage,,False
20251010_2300_HARP13876_NOAA14247,2025,block_download_or_coverage,,False
20251011_0024_HARP13872_NOAA14244,2025,block_download_or_coverage,,False
20251011_0036_HARP13876_NOAA14247,2025,block_download_or_coverage,,False
20251011_0200_HARP13872_NOAA14244,2025,block_download_or_coverage,,False
20251011_0212_HARP13876_NOAA14247,2025,block_download_or_coverage,,False
20251011_0336_HARP13872_NOAA14244,2025,block_download_or_coverage,,False
20251011_0512_HARP13872_NOAA14244,2025,block_download_or_coverage,,False
20251011_0648_HARP13872_NOAA14244,2025,block_download_or_coverage,,False
20251011_0824_HARP13872_NOAA14244,2025,block_download_or_coverage,,False
20251011_1000_HARP13872_NOAA14244,2025,block_download_or_coverage,,False
20251011_1136_HARP13872_NOAA14244,2025,block_download_or_coverage,,False
20251011_1312_HARP13872_NOAA14244,2025,block_download_or_coverage,,False
20251011_1448_HARP13872_NOAA14244,2025,block_download_or_coverage,,False
20251011_1624_HARP13872_NOAA14244,2025,block_download_or_coverage,,False
20251011_1936_HARP13872_NOAA14244,2025,block_download_or_coverage,,False
20251011_2112_HARP13872_NOAA14244,2025,block_download_or_coverage,,False
20251011_2224_HARP13880_NOAA14246,2025,block_download_or_coverage,,False
20251011_2248_HARP13872_NOAA14244,2025,block_download_or_coverage,,False
20251012_0000_HARP13880_NOAA14246,2025,block_download_or_coverage,,False
20251012_0024_HARP13872_NOAA14244,2025,block_download_or_coverage,,False
20251012_0136_HARP13880_NOAA14246,2025,block_download_or_coverage,,False
20251012_0200_HARP13872_NOAA14244,2025,block_download_or_coverage,,False
20251012_0312_HARP13880_NOAA14246,2025,block_download_or_coverage,,False
20251012_0336_HARP13872_NOAA14244,2025,block_download_or_coverage,,False
20251012_0400_HARP13895_NOAA14253,2025,block_download_or_coverage,,False
20251012_0448_HARP13880_NOAA14246,2025,block_download_or_coverage,,False
20251012_0512_HARP13872_NOAA14244,2025,block_download_or_coverage,,False
20251012_0536_HARP13895_NOAA14253,2025,block_download_or_coverage,,False
20251012_0624_HARP13880_NOAA14246,2025,block_download_or_coverage,,False
20251012_0648_HARP13872_NOAA14244,2025,block_download_or_coverage,,False
20251012_0712_HARP13895_NOAA14253,2025,block_download_or_coverage,,False
20251012_0800_HARP13880_NOAA14246,2025,block_download_or_coverage,,False
20251012_0824_HARP13872_NOAA14244,2025,block_download_or_coverage,,False
20251012_0848_HARP13895_NOAA14253,2025,block_download_or_coverage,,False
20251012_0936_HARP13880_NOAA14246,2025,block_download_or_coverage,,False
20251012_1000_HARP13872_NOAA14244,2025,block_download_or_coverage,,False
20251012_1024_HARP13895_NOAA14253,2025,block_download_or_coverage,,False
20251012_1112_HARP13880_NOAA14246,2025,block_download_or_coverage,,False
20251012_1136_HARP13872_NOAA14244,2025,block_download_or_coverage,,False
20251012_1200_HARP13895_NOAA14253,2025,block_download_or_coverage,,False
20251012_1248_HARP13880_NOAA14246,2025,block_download_or_coverage,,False
20251012_1312_HARP13872_NOAA14244,2025,block_download_or_coverage,,False
20251012_1336_HARP13895_NOAA14253,2025,block_download_or_coverage,,False
20251012_1424_HARP13880_NOAA14246,2025,block_download_or_coverage,,False
20251012_1448_HARP13872_NOAA14244,2025,block_download_or_coverage,,False
20251012_1512_HARP13895_NOAA14253,2025,block_download_or_coverage,,False
20251012_1600_HARP13880_NOAA14246,2025,block_download_or_coverage,,False
20251012_1624_HARP13872_NOAA14244,2025,block_download_or_coverage,,False
20251012_1648_HARP13895_NOAA14253,2025,block_download_or_coverage,,False
20251012_1736_HARP13880_NOAA14246,2025,block_download_or_coverage,,False
20251012_1824_HARP13895_NOAA14253,2025,block_download_or_coverage,,False
20251012_1912_HARP13880_NOAA14246,2025,block_download_or_coverage,,False
20251012_1936_HARP13872_NOAA14244,2025,block_download_or_coverage,,False
20251012_2000_HARP13895_NOAA14253,2025,block_download_or_coverage,,False
20251012_2048_HARP13880_NOAA14246,2025,block_download_or_coverage,,False
20251012_2112_HARP13872_NOAA14244,2025,block_download_or_coverage,,False
20251012_2136_HARP13895_NOAA14253,2025,block_download_or_coverage,,False
20251012_2224_HARP13880_NOAA14246,2025,block_download_or_coverage,,False
20251012_2236_HARP13881_NOAA14249,2025,block_download_or_coverage,,False
20251012_2248_HARP13872_NOAA14244,2025,block_download_or_coverage,,False
20251012_2312_HARP13895_NOAA14253,2025,block_download_or_coverage,,False
20251013_0000_HARP13880_NOAA14246,2025,block_download_or_coverage,,False
20251013_0012_HARP13881_NOAA14249,2025,block_download_or_coverage,,False
20251013_0024_HARP13872_NOAA14244,2025,block_download_or_coverage,,False
20251013_0048_HARP13895_NOAA14253,2025,block_download_or_coverage,,False
20251013_0136_HARP13880_NOAA14246,2025,block_download_or_coverage,,False
20251013_0148_HARP13881_NOAA14249,2025,block_download_or_coverage,,False
20251013_0224_HARP13895_NOAA14253,2025,block_download_or_coverage,,False
20251013_0312_HARP13880_NOAA14246,2025,block_download_or_coverage,,False
20251013_0324_HARP13881_NOAA14249,2025,block_download_or_coverage,,False
20251013_0424_HARP13887_NOAA14251,2025,block_download_or_coverage,,False
20251013_0448_HARP13880_NOAA14246,2025,block_download_or_coverage,,False
20251013_0448_HARP13883_NOAA14248,2025,block_download_or_coverage,,False
20251013_0500_HARP13881_NOAA14249,2025,block_download_or_coverage,,False
20251013_0624_HARP13880_NOAA14246,2025,block_download_or_coverage,,False
20251013_0624_HARP13883_NOAA14248,2025,block_download_or_coverage,,False
20251013_0636_HARP13881_NOAA14249,2025,block_download_or_coverage,,False
20251013_0736_HARP13887_NOAA14251,2025,block_download_or_coverage,,False
20251013_0800_HARP13880_NOAA14246,2025,block_download_or_coverage,,False
20251013_0800_HARP13883_NOAA14248,2025,block_download_or_coverage,,False
20251013_0812_HARP13881_NOAA14249,2025,block_download_or_coverage,,False
20251013_0912_HARP13887_NOAA14251,2025,block_download_or_coverage,,False
20251013_0936_HARP13880_NOAA14246,2025,block_download_or_coverage,,False
20251013_0936_HARP13883_NOAA14248,2025,block_download_or_coverage,,False
20251013_0948_HARP13881_NOAA14249,2025,block_download_or_coverage,,False
20251013_1048_HARP13887_NOAA14251,2025,block_download_or_coverage,,False
20251013_1112_HARP13880_NOAA14246,2025,block_download_or_coverage,,False
20251013_1112_HARP13883_NOAA14248,2025,block_download_or_coverage,,False
20251013_1124_HARP13881_NOAA14249,2025,block_download_or_coverage,,False
20251013_1224_HARP13887_NOAA14251,2025,block_download_or_coverage,,False
20251013_1248_HARP13880_NOAA14246,2025,block_download_or_coverage,,False
20251013_1248_HARP13883_NOAA14248,2025,block_download_or_coverage,,False
20251013_1300_HARP13881_NOAA14249,2025,block_download_or_coverage,,False
20251013_1400_HARP13887_NOAA14251,2025,block_download_or_coverage,,False
20251013_1424_HARP13880_NOAA14246,2025,block_download_or_coverage,,False
20251013_1424_HARP13883_NOAA14248,2025,block_download_or_coverage,,False
20251013_1436_HARP13881_NOAA14249,2025,block_download_or_coverage,,False
20251013_1536_HARP13887_NOAA14251,2025,block_download_or_coverage,,False
20251013_1612_HARP13881_NOAA14249,2025,block_download_or_coverage,,False
20251013_1712_HARP13887_NOAA14251,2025,block_download_or_coverage,,False
20251013_1736_HARP13883_NOAA14248,2025,block_download_or_coverage,,False
20251013_1748_HARP13881_NOAA14249,2025,block_download_or_coverage,,False
20251013_1924_HARP13881_NOAA14249,2025,block_download_or_coverage,,False
20251013_2024_HARP13887_NOAA14251,2025,block_download_or_coverage,,False
20251013_2048_HARP13880_NOAA14246,2025,block_download_or_coverage,,False
20251013_2100_HARP13881_NOAA14249,2025,block_download_or_coverage,,False
20251013_2200_HARP13887_NOAA14251,2025,block_download_or_coverage,,False
20251013_2224_HARP13880_NOAA14246,2025,block_download_or_coverage,,False
20251013_2236_HARP13881_NOAA14249,2025,block_download_or_coverage,,False
20251013_2336_HARP13887_NOAA14251,2025,block_download_or_coverage,,False
20251014_0000_HARP13880_NOAA14246,2025,block_download_or_coverage,,False
20251014_0012_HARP13881_NOAA14249,2025,block_download_or_coverage,,False
20251014_0112_HARP13887_NOAA14251,2025,block_download_or_coverage,,False
20251014_0136_HARP13880_NOAA14246,2025,block_download_or_coverage,,False
20251014_0148_HARP13881_NOAA14249,2025,block_download_or_coverage,,False
20251014_0248_HARP13887_NOAA14251,2025,block_download_or_coverage,,False
20251014_0312_HARP13880_NOAA14246,2025,block_download_or_coverage,,False
20251014_0324_HARP13881_NOAA14249,2025,block_download_or_coverage,,False
20251014_0400_HARP13895_NOAA14253,2025,block_download_or_coverage,,False
20251014_0424_HARP13887_NOAA14251,2025,block_download_or_coverage,,False
20251014_0448_HARP13880_NOAA14246,2025,block_download_or_coverage,,False
20251014_0500_HARP13881_NOAA14249,2025,block_download_or_coverage,,False
20251014_0536_HARP13895_NOAA14253,2025,block_download_or_coverage,,False
20251014_0624_HARP13880_NOAA14246,2025,block_download_or_coverage,,False
20251014_0636_HARP13881_NOAA14249,2025,block_download_or_coverage,,False
20251014_0712_HARP13895_NOAA14253,2025,block_download_or_coverage,,False
20251014_0736_HARP13887_NOAA14251,2025,block_download_or_coverage,,False
20251014_0800_HARP13880_NOAA14246,2025,block_download_or_coverage,,False
20251014_0812_HARP13881_NOAA14249,2025,block_download_or_coverage,,False
20251014_0848_HARP13895_NOAA14253,2025,block_download_or_coverage,,False
20251014_0912_HARP13887_NOAA14251,2025,block_download_or_coverage,,False
20251014_0948_HARP13881_NOAA14249,2025,block_download_or_coverage,,False
20251014_1024_HARP13895_NOAA14253,2025,block_download_or_coverage,,False
20251014_1048_HARP13887_NOAA14251,2025,block_download_or_coverage,,False
20251014_1124_HARP13881_NOAA14249,2025,block_download_or_coverage,,False
20251014_1200_HARP13895_NOAA14253,2025,block_download_or_coverage,,False
20251014_1224_HARP13887_NOAA14251,2025,block_download_or_coverage,,False
20251014_1300_HARP13881_NOAA14249,2025,block_download_or_coverage,,False
20251014_1336_HARP13895_NOAA14253,2025,block_download_or_coverage,,False
20251014_1400_HARP13887_NOAA14251,2025,block_download_or_coverage,,False
20251014_1436_HARP13881_NOAA14249,2025,block_download_or_coverage,,False
20251014_1536_HARP13887_NOAA14251,2025,block_download_or_coverage,,False
20251014_1612_HARP13881_NOAA14249,2025,block_download_or_coverage,,False
20251014_1712_HARP13887_NOAA14251,2025,block_download_or_coverage,,False
20251014_1748_HARP13881_NOAA14249,2025,block_download_or_coverage,,False
20251014_1848_HARP13887_NOAA14251,2025,block_download_or_coverage,,False
20251014_1936_HARP13881_NOAA14249,2025,block_download_or_coverage,,False
20251014_2036_HARP13887_NOAA14251,2025,block_download_or_coverage,,False
20251014_2112_HARP13881_NOAA14249,2025,block_download_or_coverage,,False
20251014_2212_HARP13887_NOAA14251,2025,block_download_or_coverage,,False
20251014_2248_HARP13881_NOAA14249,2025,block_download_or_coverage,,False
20251014_2348_HARP13887_NOAA14251,2025,block_download_or_coverage,,False
20251015_0124_HARP13887_NOAA14251,2025,block_download_or_coverage,,False
20251015_0148_HARP13883_NOAA14248,2025,block_download_or_coverage,,False
20251015_0200_HARP13881_NOAA14249,2025,block_download_or_coverage,,False
20251015_0300_HARP13887_NOAA14251,2025,block_download_or_coverage,,False
20251015_0324_HARP13883_NOAA14248,2025,block_download_or_coverage,,False
20251015_0336_HARP13881_NOAA14249,2025,block_download_or_coverage,,False
20251015_0436_HARP13887_NOAA14251,2025,block_download_or_coverage,,False
20251015_0500_HARP13883_NOAA14248,2025,block_download_or_coverage,,False
20251015_0512_HARP13881_NOAA14249,2025,block_download_or_coverage,,False
20251015_0612_HARP13887_NOAA14251,2025,block_download_or_coverage,,False
20251015_0636_HARP13883_NOAA14248,2025,block_download_or_coverage,,False
20251015_0648_HARP13881_NOAA14249,2025,block_download_or_coverage,,False
20251015_0812_HARP13883_NOAA14248,2025,block_download_or_coverage,,False
20251015_0824_HARP13881_NOAA14249,2025,block_download_or_coverage,,False
20251015_0948_HARP13883_NOAA14248,2025,block_download_or_coverage,,False
20251015_1000_HARP13881_NOAA14249,2025,block_download_or_coverage,,False
20251015_1036_HARP13891_NOAA14252,2025,block_download_or_coverage,,False
20251015_1124_HARP13883_NOAA14248,2025,block_download_or_coverage,,False
20251015_1136_HARP13881_NOAA14249,2025,block_download_or_coverage,,False
20251015_1824_HARP13883_NOAA14248,2025,block_download_or_coverage,,False
20251015_1836_HARP13881_NOAA14249,2025,block_download_or_coverage,,False
20251015_1936_HARP13887_NOAA14251,2025,block_download_or_coverage,,False
20251015_2000_HARP13883_NOAA14248,2025,block_download_or_coverage,,False
20251015_2012_HARP13881_NOAA14249,2025,block_download_or_coverage,,False
20251015_2112_HARP13887_NOAA14251,2025,block_download_or_coverage,,False
20251015_2136_HARP13883_NOAA14248,2025,block_download_or_coverage,,False
20251015_2148_HARP13881_NOAA14249,2025,block_download_or_coverage,,False
20251015_2248_HARP13887_NOAA14251,2025,block_download_or_coverage,,False
20251015_2312_HARP13883_NOAA14248,2025,block_download_or_coverage,,False
20251015_2324_HARP13881_NOAA14249,2025,block_download_or_coverage,,False
20251016_0024_HARP13887_NOAA14251,2025,block_download_or_coverage,,False
20251016_0048_HARP13883_NOAA14248,2025,block_download_or_coverage,,False
20251016_0100_HARP13881_NOAA14249,2025,block_download_or_coverage,,False
20251016_0200_HARP13887_NOAA14251,2025,block_download_or_coverage,,False
20251016_0224_HARP13883_NOAA14248,2025,block_download_or_coverage,,False
20251016_0236_HARP13881_NOAA14249,2025,block_download_or_coverage,,False
20251016_0336_HARP13887_NOAA14251,2025,block_download_or_coverage,,False
20251016_0400_HARP13883_NOAA14248,2025,block_download_or_coverage,,False
20251016_0412_HARP13881_NOAA14249,2025,block_download_or_coverage,,False
20251016_0512_HARP13887_NOAA14251,2025,block_download_or_coverage,,False
20251016_0536_HARP13883_NOAA14248,2025,block_download_or_coverage,,False
20251016_0548_HARP13881_NOAA14249,2025,block_download_or_coverage,,False
20251016_0648_HARP13887_NOAA14251,2025,block_download_or_coverage,,False
20251016_0712_HARP13883_NOAA14248,2025,block_download_or_coverage,,False
20251016_0724_HARP13881_NOAA14249,2025,block_download_or_coverage,,False
20251016_0824_HARP13887_NOAA14251,2025,block_download_or_coverage,,False
20251016_0900_HARP13881_NOAA14249,2025,block_download_or_coverage,,False
20251016_1000_HARP13887_NOAA14251,2025,block_download_or_coverage,,False
20251016_1036_HARP13881_NOAA14249,2025,block_download_or_coverage,,False
20251016_1136_HARP13887_NOAA14251,2025,block_download_or_coverage,,False
20251016_1212_HARP13881_NOAA14249,2025,block_download_or_coverage,,False
20251016_1312_HARP13887_NOAA14251,2025,block_download_or_coverage,,False
20251016_1448_HARP13887_NOAA14251,2025,block_download_or_coverage,,False
20251016_1524_HARP13881_NOAA14249,2025,block_download_or_coverage,,False
20251016_1624_HARP13887_NOAA14251,2025,block_download_or_coverage,,False
20251016_1836_HARP13881_NOAA14249,2025,block_download_or_coverage,,False
20251016_1936_HARP13887_NOAA14251,2025,block_download_or_coverage,,False
20251016_2012_HARP13881_NOAA14249,2025,block_download_or_coverage,,False
20251016_2112_HARP13887_NOAA14251,2025,block_download_or_coverage,,False
20251016_2148_HARP13881_NOAA14249,2025,block_download_or_coverage,,False
20251016_2248_HARP13887_NOAA14251,2025,block_download_or_coverage,,False
20251016_2324_HARP13881_NOAA14249,2025,block_download_or_coverage,,False
20251017_0024_HARP13887_NOAA14251,2025,block_download_or_coverage,,False
20251017_0100_HARP13881_NOAA14249,2025,block_download_or_coverage,,False
20251017_0200_HARP13887_NOAA14251,2025,block_download_or_coverage,,False
20251017_0236_HARP13881_NOAA14249,2025,block_download_or_coverage,,False
20251017_0336_HARP13887_NOAA14251,2025,block_download_or_coverage,,False
20251017_0412_HARP13881_NOAA14249,2025,block_download_or_coverage,,False
20251017_0512_HARP13887_NOAA14251,2025,block_download_or_coverage,,False
20251017_0548_HARP13881_NOAA14249,2025,block_download_or_coverage,,False
20251017_0648_HARP13887_NOAA14251,2025,block_download_or_coverage,,False
20251017_0724_HARP13881_NOAA14249,2025,block_download_or_coverage,,False
20251017_0824_HARP13887_NOAA14251,2025,block_download_or_coverage,,False
20251017_0900_HARP13881_NOAA14249,2025,block_download_or_coverage,,False
20251017_1000_HARP13887_NOAA14251,2025,block_download_or_coverage,,False
20251017_1036_HARP13881_NOAA14249,2025,block_download_or_coverage,,False
20251017_1136_HARP13887_NOAA14251,2025,block_download_or_coverage,,False
20251017_1212_HARP13881_NOAA14249,2025,block_download_or_coverage,,False
20251017_1312_HARP13887_NOAA14251,2025,block_download_or_coverage,,False
20251017_1348_HARP13881_NOAA14249,2025,block_download_or_coverage,,False
20251017_1724_HARP13909_NOAA14255,2025,block_download_or_coverage,,False
20251017_1900_HARP13909_NOAA14255,2025,block_download_or_coverage,,False
20251017_1912_HARP13891_NOAA14252,2025,block_download_or_coverage,,False
20251017_2036_HARP13909_NOAA14255,2025,block_download_or_coverage,,False
20251017_2048_HARP13891_NOAA14252,2025,block_download_or_coverage,,False
20251017_2212_HARP13909_NOAA14255,2025,block_download_or_coverage,,False
20251017_2224_HARP13891_NOAA14252,2025,block_download_or_coverage,,False
20251017_2348_HARP13909_NOAA14255,2025,block_download_or_coverage,,False
20251018_0000_HARP13891_NOAA14252,2025,block_download_or_coverage,,False
20251018_0124_HARP13909_NOAA14255,2025,block_download_or_coverage,,False
20251018_0136_HARP13891_NOAA14252,2025,block_download_or_coverage,,False
20251018_0300_HARP13909_NOAA14255,2025,block_download_or_coverage,,False
20251018_0312_HARP13891_NOAA14252,2025,block_download_or_coverage,,False
20251018_0436_HARP13909_NOAA14255,2025,block_download_or_coverage,,False
20251018_0448_HARP13891_NOAA14252,2025,block_download_or_coverage,,False
20251018_0612_HARP13909_NOAA14255,2025,block_download_or_coverage,,False
20251018_0624_HARP13891_NOAA14252,2025,block_download_or_coverage,,False
20251018_0748_HARP13909_NOAA14255,2025,block_download_or_coverage,,False
20251018_0800_HARP13891_NOAA14252,2025,block_download_or_coverage,,False
20251018_0924_HARP13909_NOAA14255,2025,block_download_or_coverage,,False
20251018_0936_HARP13891_NOAA14252,2025,block_download_or_coverage,,False
20251018_1100_HARP13909_NOAA14255,2025,block_download_or_coverage,,False
20251018_1112_HARP13891_NOAA14252,2025,block_download_or_coverage,,False
20251018_1236_HARP13909_NOAA14255,2025,block_download_or_coverage,,False
20251018_1248_HARP13891_NOAA14252,2025,block_download_or_coverage,,False
20251018_1412_HARP13909_NOAA14255,2025,block_download_or_coverage,,False
20251018_1424_HARP13891_NOAA14252,2025,block_download_or_coverage,,False
20251018_1548_HARP13909_NOAA14255,2025,block_download_or_coverage,,False
20251018_1600_HARP13891_NOAA14252,2025,block_download_or_coverage,,False
20251018_1724_HARP13909_NOAA14255,2025,block_download_or_coverage,,False
20251018_1736_HARP13891_NOAA14252,2025,block_download_or_coverage,,False
20251018_1900_HARP13909_NOAA14255,2025,block_download_or_coverage,,False
20251018_1912_HARP13891_NOAA14252,2025,block_download_or_coverage,,False
20251018_2036_HARP13909_NOAA14255,2025,block_download_or_coverage,,False
20251018_2048_HARP13891_NOAA14252,2025,block_download_or_coverage,,False
20251018_2112_HARP13901_NOAA14254,2025,block_download_or_coverage,,False
20251018_2212_HARP13909_NOAA14255,2025,block_download_or_coverage,,False
20251018_2224_HARP13891_NOAA14252,2025,block_download_or_coverage,,False
20251018_2248_HARP13901_NOAA14254,2025,block_download_or_coverage,,False
20251018_2348_HARP13909_NOAA14255,2025,block_download_or_coverage,,False
20251019_0000_HARP13891_NOAA14252,2025,block_download_or_coverage,,False
20251019_0024_HARP13901_NOAA14254,2025,block_download_or_coverage,,False
20251019_0124_HARP13909_NOAA14255,2025,block_download_or_coverage,,False
20251019_0136_HARP13891_NOAA14252,2025,block_download_or_coverage,,False
20251019_0200_HARP13901_NOAA14254,2025,block_download_or_coverage,,False
20251019_0300_HARP13909_NOAA14255,2025,block_download_or_coverage,,False
20251019_0312_HARP13891_NOAA14252,2025,block_download_or_coverage,,False
20251019_0336_HARP13901_NOAA14254,2025,block_download_or_coverage,,False
20251019_0436_HARP13909_NOAA14255,2025,block_download_or_coverage,,False
20251019_0448_HARP13891_NOAA14252,2025,block_download_or_coverage,,False
20251019_0512_HARP13901_NOAA14254,2025,block_download_or_coverage,,False
20251019_0612_HARP13909_NOAA14255,2025,block_download_or_coverage,,False
20251019_0624_HARP13891_NOAA14252,2025,block_download_or_coverage,,False
20251019_0648_HARP13901_NOAA14254,2025,block_download_or_coverage,,False
20251019_0748_HARP13909_NOAA14255,2025,block_download_or_coverage,,False
20251019_0800_HARP13891_NOAA14252,2025,block_download_or_coverage,,False
20251019_0824_HARP13901_NOAA14254,2025,block_download_or_coverage,,False
20251019_0924_HARP13909_NOAA14255,2025,block_download_or_coverage,,False
20251019_0936_HARP13891_NOAA14252,2025,block_download_or_coverage,,False
20251019_1000_HARP13901_NOAA14254,2025,block_download_or_coverage,,False
20251019_1100_HARP13909_NOAA14255,2025,block_download_or_coverage,,False
20251019_1112_HARP13891_NOAA14252,2025,block_download_or_coverage,,False
20251019_1136_HARP13901_NOAA14254,2025,block_download_or_coverage,,False
20251019_1236_HARP13909_NOAA14255,2025,block_download_or_coverage,,False
20251019_1248_HARP13891_NOAA14252,2025,block_download_or_coverage,,False
20251019_1312_HARP13901_NOAA14254,2025,block_download_or_coverage,,False
20251019_1412_HARP13909_NOAA14255,2025,block_download_or_coverage,,False
20251019_1424_HARP13891_NOAA14252,2025,block_download_or_coverage,,False
20251019_1448_HARP13901_NOAA14254,2025,block_download_or_coverage,,False
20251019_1548_HARP13909_NOAA14255,2025,block_download_or_coverage,,False
20251019_1600_HARP13891_NOAA14252,2025,block_download_or_coverage,,False
20251019_1624_HARP13901_NOAA14254,2025,block_download_or_coverage,,False
20251019_1912_HARP13891_NOAA14252,2025,block_download_or_coverage,,False
20251019_1936_HARP13901_NOAA14254,2025,block_download_or_coverage,,False
20251019_2048_HARP13891_NOAA14252,2025,block_download_or_coverage,,False
20251019_2112_HARP13901_NOAA14254,2025,block_download_or_coverage,,False
20251019_2248_HARP13901_NOAA14254,2025,block_download_or_coverage,,False
20251020_0024_HARP13901_NOAA14254,2025,block_download_or_coverage,,False
20251020_0200_HARP13901_NOAA14254,2025,block_download_or_coverage,,False
20251020_0336_HARP13901_NOAA14254,2025,block_download_or_coverage,,False
20251020_0512_HARP13901_NOAA14254,2025,block_download_or_coverage,,False
20251020_0648_HARP13901_NOAA14254,2025,block_download_or_coverage,,False
20251020_0812_HARP13935_NOAA14263,2025,block_download_or_coverage,,False
20251020_0824_HARP13901_NOAA14254,2025,block_download_or_coverage,,False
20251020_0948_HARP13935_NOAA14263,2025,block_download_or_coverage,,False
20251020_1000_HARP13901_NOAA14254,2025,block_download_or_coverage,,False
20251020_1124_HARP13935_NOAA14263,2025,block_download_or_coverage,,False
20251020_1136_HARP13901_NOAA14254,2025,block_download_or_coverage,,False
20251020_1300_HARP13935_NOAA14263,2025,block_download_or_coverage,,False
20251020_1312_HARP13901_NOAA14254,2025,block_download_or_coverage,,False
20251020_1436_HARP13935_NOAA14263,2025,block_download_or_coverage,,False
20251020_1448_HARP13901_NOAA14254,2025,block_download_or_coverage,,False
20251020_1612_HARP13935_NOAA14263,2025,block_download_or_coverage,,False
20251020_1624_HARP13901_NOAA14254,2025,block_download_or_coverage,,False
20251020_1748_HARP13935_NOAA14263,2025,block_download_or_coverage,,False
20251020_1924_HARP13911_NOAA14256,2025,block_download_or_coverage,,False
20251020_1924_HARP13935_NOAA14263,2025,block_download_or_coverage,,False
20251020_1936_HARP13901_NOAA14254,2025,block_download_or_coverage,,False
20251020_2100_HARP13911_NOAA14256,2025,block_download_or_coverage,,False
20251020_2100_HARP13935_NOAA14263,2025,block_download_or_coverage,,False
20251020_2112_HARP13901_NOAA14254,2025,block_download_or_coverage,,False
20251020_2236_HARP13911_NOAA14256,2025,block_download_or_coverage,,False
20251020_2236_HARP13935_NOAA14263,2025,block_download_or_coverage,,False
20251020_2248_HARP13901_NOAA14254,2025,block_download_or_coverage,,False
20251021_0012_HARP13911_NOAA14256,2025,block_download_or_coverage,,False
20251021_0012_HARP13935_NOAA14263,2025,block_download_or_coverage,,False
20251021_0024_HARP13901_NOAA14254,2025,block_download_or_coverage,,False
20251021_0148_HARP13911_NOAA14256,2025,block_download_or_coverage,,False
20251021_0148_HARP13935_NOAA14263,2025,block_download_or_coverage,,False
20251021_0200_HARP13901_NOAA14254,2025,block_download_or_coverage,,False
20251021_0324_HARP13911_NOAA14256,2025,block_download_or_coverage,,False
20251021_0324_HARP13935_NOAA14263,2025,block_download_or_coverage,,False
20251021_0336_HARP13901_NOAA14254,2025,block_download_or_coverage,,False
20251021_0500_HARP13911_NOAA14256,2025,block_download_or_coverage,,False
20251021_0500_HARP13935_NOAA14263,2025,block_download_or_coverage,,False
20251021_0512_HARP13901_NOAA14254,2025,block_download_or_coverage,,False
20251021_0636_HARP13911_NOAA14256,2025,block_download_or_coverage,,False
20251021_0636_HARP13935_NOAA14263,2025,block_download_or_coverage,,False
20251021_0648_HARP13901_NOAA14254,2025,block_download_or_coverage,,False
20251021_0848_HARP13911_NOAA14256,2025,block_download_or_coverage,,False
20251021_0848_HARP13935_NOAA14263,2025,block_download_or_coverage,,False
20251021_0900_HARP13901_NOAA14254,2025,block_download_or_coverage,,False
20251021_1024_HARP13911_NOAA14256,2025,block_download_or_coverage,,False
20251021_1024_HARP13935_NOAA14263,2025,block_download_or_coverage,,False
20251021_1036_HARP13901_NOAA14254,2025,block_download_or_coverage,,False
20251021_1200_HARP13911_NOAA14256,2025,block_download_or_coverage,,False
20251021_1200_HARP13935_NOAA14263,2025,block_download_or_coverage,,False
20251021_1212_HARP13901_NOAA14254,2025,block_download_or_coverage,,False
20251021_1336_HARP13911_NOAA14256,2025,block_download_or_coverage,,False
20251021_1336_HARP13935_NOAA14263,2025,block_download_or_coverage,,False
20251021_1348_HARP13901_NOAA14254,2025,block_download_or_coverage,,False
20251021_1512_HARP13911_NOAA14256,2025,block_download_or_coverage,,False
20251021_1512_HARP13935_NOAA14263,2025,block_download_or_coverage,,False
20251021_1524_HARP13901_NOAA14254,2025,block_download_or_coverage,,False
20251021_1648_HARP13911_NOAA14256,2025,block_download_or_coverage,,False
20251021_1648_HARP13935_NOAA14263,2025,block_download_or_coverage,,False
20251021_1700_HARP13901_NOAA14254,2025,block_download_or_coverage,,False
20251021_1824_HARP13911_NOAA14256,2025,block_download_or_coverage,,False
20251021_1824_HARP13935_NOAA14263,2025,block_download_or_coverage,,False
20251021_1836_HARP13901_NOAA14254,2025,block_download_or_coverage,,False
20251021_2012_HARP13901_NOAA14254,2025,block_download_or_coverage,,False
20251021_2136_HARP13909_NOAA14255,2025,block_download_or_coverage,,False
20251021_2136_HARP13911_NOAA14256,2025,block_download_or_coverage,,False
20251021_2136_HARP13935_NOAA14263,2025,block_download_or_coverage,,False
20251021_2148_HARP13901_NOAA14254,2025,block_download_or_coverage,,False
20251021_2312_HARP13909_NOAA14255,2025,block_download_or_coverage,,False
20251021_2312_HARP13911_NOAA14256,2025,block_download_or_coverage,,False
20251021_2312_HARP13935_NOAA14263,2025,block_download_or_coverage,,False
20251021_2324_HARP13901_NOAA14254,2025,block_download_or_coverage,,False
20251022_0048_HARP13909_NOAA14255,2025,block_download_or_coverage,,False
20251022_0048_HARP13911_NOAA14256,2025,block_download_or_coverage,,False
20251022_0048_HARP13935_NOAA14263,2025,block_download_or_coverage,,False
20251022_0100_HARP13901_NOAA14254,2025,block_download_or_coverage,,False
20251022_0224_HARP13909_NOAA14255,2025,block_download_or_coverage,,False
20251022_0224_HARP13911_NOAA14256,2025,block_download_or_coverage,,False
20251022_0224_HARP13935_NOAA14263,2025,block_download_or_coverage,,False
20251022_0236_HARP13901_NOAA14254,2025,block_download_or_coverage,,False
20251022_0400_HARP13909_NOAA14255,2025,block_download_or_coverage,,False
20251022_0400_HARP13911_NOAA14256,2025,block_download_or_coverage,,False
20251022_0400_HARP13935_NOAA14263,2025,block_download_or_coverage,,False
20251022_0412_HARP13901_NOAA14254,2025,block_download_or_coverage,,False
20251022_0536_HARP13909_NOAA14255,2025,block_download_or_coverage,,False
20251022_0536_HARP13911_NOAA14256,2025,block_download_or_coverage,,False
20251022_0536_HARP13935_NOAA14263,2025,block_download_or_coverage,,False
20251022_0712_HARP13909_NOAA14255,2025,block_download_or_coverage,,False
20251022_0712_HARP13911_NOAA14256,2025,block_download_or_coverage,,False
20251022_0712_HARP13935_NOAA14263,2025,block_download_or_coverage,,False
20251022_0724_HARP13901_NOAA14254,2025,block_download_or_coverage,,False
20251022_0848_HARP13911_NOAA14256,2025,block_download_or_coverage,,False
20251022_0848_HARP13935_NOAA14263,2025,block_download_or_coverage,,False
20251022_0900_HARP13901_NOAA14254,2025,block_download_or_coverage,,False
20251022_1024_HARP13911_NOAA14256,2025,block_download_or_coverage,,False
20251022_1024_HARP13935_NOAA14263,2025,block_download_or_coverage,,False
20251022_1036_HARP13901_NOAA14254,2025,block_download_or_coverage,,False
20251022_1200_HARP13911_NOAA14256,2025,block_download_or_coverage,,False
20251022_1200_HARP13935_NOAA14263,2025,block_download_or_coverage,,False
20251022_1212_HARP13901_NOAA14254,2025,block_download_or_coverage,,False
20251022_1336_HARP13911_NOAA14256,2025,block_download_or_coverage,,False
20251022_1336_HARP13935_NOAA14263,2025,block_download_or_coverage,,False
20251022_1348_HARP13901_NOAA14254,2025,block_download_or_coverage,,False
20251022_1512_HARP13911_NOAA14256,2025,block_download_or_coverage,,False
20251022_1512_HARP13935_NOAA14263,2025,block_download_or_coverage,,False
20251022_1524_HARP13901_NOAA14254,2025,block_download_or_coverage,,False
20251022_1648_HARP13911_NOAA14256,2025,block_download_or_coverage,,False
20251022_1648_HARP13935_NOAA14263,2025,block_download_or_coverage,,False
20251022_1700_HARP13901_NOAA14254,2025,block_download_or_coverage,,False
20251022_1824_HARP13911_NOAA14256,2025,block_download_or_coverage,,False
20251022_1824_HARP13935_NOAA14263,2025,block_download_or_coverage,,False
20251022_1836_HARP13901_NOAA14254,2025,block_download_or_coverage,,False
20251022_2024_HARP13911_NOAA14256,2025,block_download_or_coverage,,False
20251022_2024_HARP13935_NOAA14263,2025,block_download_or_coverage,,False
20251022_2200_HARP13911_NOAA14256,2025,block_download_or_coverage,,False
20251022_2200_HARP13935_NOAA14263,2025,block_download_or_coverage,,False
20251022_2336_HARP13911_NOAA14256,2025,block_download_or_coverage,,False
20251022_2336_HARP13935_NOAA14263,2025,block_download_or_coverage,,False
20251023_0112_HARP13911_NOAA14256,2025,block_download_or_coverage,,False
20251023_0112_HARP13935_NOAA14263,2025,block_download_or_coverage,,False
20251023_0248_HARP13911_NOAA14256,2025,block_download_or_coverage,,False
20251023_0248_HARP13935_NOAA14263,2025,block_download_or_coverage,,False
20251023_0424_HARP13911_NOAA14256,2025,block_download_or_coverage,,False
20251023_0648_HARP13945_NOAA14265,2025,block_download_or_coverage,,False
20251023_0736_HARP13911_NOAA14256,2025,crop_patch_boundary,2025_HARP13911_20251023_0736_20251024_0424,False
20251023_0824_HARP13945_NOAA14265,2025,block_download_or_coverage,,False
20251023_0912_HARP13911_NOAA14256,2025,crop_patch_boundary,2025_HARP13911_20251023_0736_20251024_0424,False
20251023_1000_HARP13945_NOAA14265,2025,block_download_or_coverage,,False
20251023_1048_HARP13911_NOAA14256,2025,crop_patch_boundary,2025_HARP13911_20251023_0736_20251024_0424,False
20251023_1212_HARP13945_NOAA14265,2025,block_download_or_coverage,,False
20251023_1224_HARP13911_NOAA14256,2025,crop_patch_boundary,2025_HARP13911_20251023_0736_20251024_0424,False
20251023_1400_HARP13911_NOAA14256,2025,crop_patch_boundary,2025_HARP13911_20251023_0736_20251024_0424,False
20251023_1536_HARP13911_NOAA14256,2025,crop_patch_boundary,2025_HARP13911_20251023_0736_20251024_0424,False
20251023_1712_HARP13911_NOAA14256,2025,crop_patch_boundary,2025_HARP13911_20251023_0736_20251024_0424,False
20251023_1848_HARP13911_NOAA14256,2025,crop_patch_boundary,2025_HARP13911_20251023_0736_20251024_0424,False
20251023_1936_HARP13931_NOAA14260,2025,block_download_or_coverage,,False
20251023_2024_HARP13911_NOAA14256,2025,block_download_or_coverage,,False
20251023_2112_HARP13931_NOAA14260,2025,block_download_or_coverage,,False
20251023_2200_HARP13911_NOAA14256,2025,crop_patch_boundary,2025_HARP13911_20251023_0736_20251024_0424,False
20251023_2248_HARP13931_NOAA14260,2025,block_download_or_coverage,,False
20251023_2336_HARP13911_NOAA14256,2025,crop_patch_boundary,2025_HARP13911_20251023_0736_20251024_0424,False
20251024_0024_HARP13931_NOAA14260,2025,block_download_or_coverage,,False
20251024_0112_HARP13911_NOAA14256,2025,crop_patch_boundary,2025_HARP13911_20251023_0736_20251024_0424,False
20251024_0148_HARP13930_NOAA14264,2025,block_download_or_coverage,,False
20251024_0200_HARP13931_NOAA14260,2025,block_download_or_coverage,,False
20251024_0248_HARP13911_NOAA14256,2025,crop_patch_boundary,2025_HARP13911_20251023_0736_20251024_0424,False
20251024_0324_HARP13930_NOAA14264,2025,block_download_or_coverage,,False
20251024_0336_HARP13931_NOAA14260,2025,block_download_or_coverage,,False
20251024_0424_HARP13911_NOAA14256,2025,crop_patch_boundary,2025_HARP13911_20251023_0736_20251024_0424,False
20251024_0500_HARP13930_NOAA14264,2025,block_download_or_coverage,,False
20251024_0512_HARP13931_NOAA14260,2025,block_download_or_coverage,,False
20251024_0636_HARP13930_NOAA14264,2025,block_download_or_coverage,,False
20251024_0648_HARP13931_NOAA14260,2025,block_download_or_coverage,,False
20251024_0736_HARP13911_NOAA14256,2025,crop_patch_boundary,2025_HARP13911_20251024_0736_20251025_0424,False
20251024_0812_HARP13930_NOAA14264,2025,block_download_or_coverage,,False
20251024_0824_HARP13931_NOAA14260,2025,block_download_or_coverage,,False
20251024_0912_HARP13911_NOAA14256,2025,crop_patch_boundary,2025_HARP13911_20251024_0736_20251025_0424,False
20251024_0948_HARP13930_NOAA14264,2025,block_download_or_coverage,,False
20251024_1000_HARP13931_NOAA14260,2025,block_download_or_coverage,,False
20251024_1048_HARP13911_NOAA14256,2025,crop_patch_boundary,2025_HARP13911_20251024_0736_20251025_0424,False
20251024_1124_HARP13930_NOAA14264,2025,block_download_or_coverage,,False
20251024_1136_HARP13931_NOAA14260,2025,block_download_or_coverage,,False
20251024_1224_HARP13911_NOAA14256,2025,block_download_or_coverage,,False
20251024_1300_HARP13930_NOAA14264,2025,block_download_or_coverage,,False
20251024_1312_HARP13931_NOAA14260,2025,block_download_or_coverage,,False
20251024_1400_HARP13911_NOAA14256,2025,block_download_or_coverage,,False
20251024_1436_HARP13930_NOAA14264,2025,block_download_or_coverage,,False
20251024_1448_HARP13931_NOAA14260,2025,block_download_or_coverage,,False
20251024_1536_HARP13911_NOAA14256,2025,block_download_or_coverage,,False
20251024_1612_HARP13930_NOAA14264,2025,block_download_or_coverage,,False
20251024_1624_HARP13931_NOAA14260,2025,block_download_or_coverage,,False
20251024_1712_HARP13911_NOAA14256,2025,block_download_or_coverage,,False
20251024_1748_HARP13930_NOAA14264,2025,block_download_or_coverage,,False
20251024_1848_HARP13911_NOAA14256,2025,block_download_or_coverage,,False
20251024_1924_HARP13930_NOAA14264,2025,block_download_or_coverage,,False
20251024_1936_HARP13931_NOAA14260,2025,block_download_or_coverage,,False
20251024_2024_HARP13911_NOAA14256,2025,block_download_or_coverage,,False
20251024_2100_HARP13930_NOAA14264,2025,block_download_or_coverage,,False
20251024_2112_HARP13931_NOAA14260,2025,block_download_or_coverage,,False
20251024_2200_HARP13911_NOAA14256,2025,block_download_or_coverage,,False
20251024_2236_HARP13930_NOAA14264,2025,block_download_or_coverage,,False
20251024_2248_HARP13931_NOAA14260,2025,block_download_or_coverage,,False
20251024_2336_HARP13911_NOAA14256,2025,block_download_or_coverage,,False
20251025_0012_HARP13930_NOAA14264,2025,block_download_or_coverage,,False
20251025_0024_HARP13931_NOAA14260,2025,block_download_or_coverage,,False
20251025_0100_HARP13955_NOAA14266,2025,block_download_or_coverage,,False
20251025_0112_HARP13911_NOAA14256,2025,block_download_or_coverage,,False
20251025_0148_HARP13930_NOAA14264,2025,block_download_or_coverage,,False
20251025_0200_HARP13931_NOAA14260,2025,block_download_or_coverage,,False
20251025_0236_HARP13955_NOAA14266,2025,block_download_or_coverage,,False
20251025_0248_HARP13911_NOAA14256,2025,block_download_or_coverage,,False
20251025_0324_HARP13930_NOAA14264,2025,block_download_or_coverage,,False
20251025_0336_HARP13931_NOAA14260,2025,block_download_or_coverage,,False
20251025_0412_HARP13955_NOAA14266,2025,block_download_or_coverage,,False
20251025_0424_HARP13911_NOAA14256,2025,block_download_or_coverage,,False
20251025_0500_HARP13930_NOAA14264,2025,block_download_or_coverage,,False
20251025_0512_HARP13931_NOAA14260,2025,block_download_or_coverage,,False
20251025_0548_HARP13955_NOAA14266,2025,block_download_or_coverage,,False
20251025_0636_HARP13930_NOAA14264,2025,block_download_or_coverage,,False
20251025_0648_HARP13931_NOAA14260,2025,block_download_or_coverage,,False
20251025_0724_HARP13955_NOAA14266,2025,block_download_or_coverage,,False
20251025_0736_HARP13911_NOAA14256,2025,block_download_or_coverage,,False
20251025_0812_HARP13930_NOAA14264,2025,block_download_or_coverage,,False
20251025_0824_HARP13931_NOAA14260,2025,block_download_or_coverage,,False
20251025_0900_HARP13955_NOAA14266,2025,block_download_or_coverage,,False
20251025_0912_HARP13911_NOAA14256,2025,block_download_or_coverage,,False
20251025_0948_HARP13930_NOAA14264,2025,block_download_or_coverage,,False
20251025_1000_HARP13931_NOAA14260,2025,block_download_or_coverage,,False
20251025_1036_HARP13955_NOAA14266,2025,block_download_or_coverage,,False
20251025_1048_HARP13911_NOAA14256,2025,block_download_or_coverage,,False
20251025_1124_HARP13930_NOAA14264,2025,block_download_or_coverage,,False
20251025_1136_HARP13931_NOAA14260,2025,block_download_or_coverage,,False
20251025_1212_HARP13955_NOAA14266,2025,block_download_or_coverage,,False
20251025_1224_HARP13911_NOAA14256,2025,block_download_or_coverage,,False
20251025_1300_HARP13930_NOAA14264,2025,block_download_or_coverage,,False
20251025_1312_HARP13931_NOAA14260,2025,block_download_or_coverage,,False
20251025_1348_HARP13955_NOAA14266,2025,block_download_or_coverage,,False
20251025_1400_HARP13911_NOAA14256,2025,block_download_or_coverage,,False
20251025_1436_HARP13930_NOAA14264,2025,block_download_or_coverage,,False
20251025_1448_HARP13931_NOAA14260,2025,block_download_or_coverage,,False
20251025_1524_HARP13955_NOAA14266,2025,block_download_or_coverage,,False
20251025_1536_HARP13911_NOAA14256,2025,block_download_or_coverage,,False
20251025_1612_HARP13930_NOAA14264,2025,block_download_or_coverage,,False
20251025_1624_HARP13931_NOAA14260,2025,block_download_or_coverage,,False
20251025_1700_HARP13955_NOAA14266,2025,block_download_or_coverage,,False
20251025_1712_HARP13911_NOAA14256,2025,block_download_or_coverage,,False
20251025_1748_HARP13930_NOAA14264,2025,block_download_or_coverage,,False
20251025_1836_HARP13955_NOAA14266,2025,block_download_or_coverage,,False
20251025_1848_HARP13911_NOAA14256,2025,block_download_or_coverage,,False
20251025_1924_HARP13930_NOAA14264,2025,block_download_or_coverage,,False
20251025_2012_HARP13955_NOAA14266,2025,block_download_or_coverage,,False
20251025_2024_HARP13911_NOAA14256,2025,block_download_or_coverage,,False
20251025_2100_HARP13930_NOAA14264,2025,block_download_or_coverage,,False
20251025_2148_HARP13955_NOAA14266,2025,block_download_or_coverage,,False
20251025_2236_HARP13930_NOAA14264,2025,block_download_or_coverage,,False
20251025_2324_HARP13955_NOAA14266,2025,block_download_or_coverage,,False
20251026_0012_HARP13930_NOAA14264,2025,block_download_or_coverage,,False
20251026_0048_HARP13929_NOAA14261,2025,block_download_or_coverage,,False
20251026_0100_HARP13955_NOAA14266,2025,block_download_or_coverage,,False
20251026_0148_HARP13930_NOAA14264,2025,block_download_or_coverage,,False
20251026_0224_HARP13929_NOAA14261,2025,block_download_or_coverage,,False
20251026_0236_HARP13955_NOAA14266,2025,block_download_or_coverage,,False
20251026_0324_HARP13930_NOAA14264,2025,block_download_or_coverage,,False
20251026_0400_HARP13929_NOAA14261,2025,block_download_or_coverage,,False
20251026_0412_HARP13955_NOAA14266,2025,block_download_or_coverage,,False
20251026_0500_HARP13930_NOAA14264,2025,block_download_or_coverage,,False
20251026_0536_HARP13929_NOAA14261,2025,block_download_or_coverage,,False
20251026_0548_HARP13955_NOAA14266,2025,block_download_or_coverage,,False
20251026_0636_HARP13930_NOAA14264,2025,block_download_or_coverage,,False
20251026_0712_HARP13929_NOAA14261,2025,block_download_or_coverage,,False
20251026_0724_HARP13955_NOAA14266,2025,block_download_or_coverage,,False
20251026_0812_HARP13930_NOAA14264,2025,block_download_or_coverage,,False
20251026_0848_HARP13929_NOAA14261,2025,block_download_or_coverage,,False
20251026_0900_HARP13955_NOAA14266,2025,block_download_or_coverage,,False
20251026_0948_HARP13930_NOAA14264,2025,block_download_or_coverage,,False
20251026_1024_HARP13929_NOAA14261,2025,block_download_or_coverage,,False
20251026_1036_HARP13955_NOAA14266,2025,block_download_or_coverage,,False
20251026_1124_HARP13930_NOAA14264,2025,block_download_or_coverage,,False
20251026_1200_HARP13929_NOAA14261,2025,block_download_or_coverage,,False
20251026_1212_HARP13955_NOAA14266,2025,block_download_or_coverage,,False
20251026_1300_HARP13930_NOAA14264,2025,block_download_or_coverage,,False
20251026_1336_HARP13929_NOAA14261,2025,block_download_or_coverage,,False
20251026_1348_HARP13955_NOAA14266,2025,block_download_or_coverage,,False
20251026_1436_HARP13930_NOAA14264,2025,block_download_or_coverage,,False
20251026_1512_HARP13929_NOAA14261,2025,block_download_or_coverage,,False
20251026_1524_HARP13955_NOAA14266,2025,block_download_or_coverage,,False
20251026_1612_HARP13930_NOAA14264,2025,block_download_or_coverage,,False
20251026_1648_HARP13929_NOAA14261,2025,block_download_or_coverage,,False
20251026_1700_HARP13955_NOAA14266,2025,block_download_or_coverage,,False
20251026_1748_HARP13930_NOAA14264,2025,block_download_or_coverage,,False
20251026_1824_HARP13929_NOAA14261,2025,block_download_or_coverage,,False
20251026_1836_HARP13955_NOAA14266,2025,block_download_or_coverage,,False
20251026_1924_HARP13930_NOAA14264,2025,block_download_or_coverage,,False
20251026_1936_HARP13931_NOAA14260,2025,block_download_or_coverage,,False
20251026_2000_HARP13929_NOAA14261,2025,block_download_or_coverage,,False
20251026_2012_HARP13955_NOAA14266,2025,block_download_or_coverage,,False
20251026_2100_HARP13930_NOAA14264,2025,block_download_or_coverage,,False
20251026_2112_HARP13931_NOAA14260,2025,block_download_or_coverage,,False
20251026_2136_HARP13929_NOAA14261,2025,block_download_or_coverage,,False
20251026_2148_HARP13955_NOAA14266,2025,block_download_or_coverage,,False
20251026_2236_HARP13930_NOAA14264,2025,block_download_or_coverage,,False
20251026_2236_HARP13960_NOAA14269,2025,block_download_or_coverage,,False
20251026_2248_HARP13931_NOAA14260,2025,block_download_or_coverage,,False
20251026_2312_HARP13929_NOAA14261,2025,block_download_or_coverage,,False
20251026_2324_HARP13955_NOAA14266,2025,block_download_or_coverage,,False
20251027_0012_HARP13930_NOAA14264,2025,block_download_or_coverage,,False
20251027_0012_HARP13960_NOAA14269,2025,block_download_or_coverage,,False
20251027_0024_HARP13931_NOAA14260,2025,block_download_or_coverage,,False
20251027_0048_HARP13929_NOAA14261,2025,block_download_or_coverage,,False
20251027_0148_HARP13930_NOAA14264,2025,block_download_or_coverage,,False
20251027_0148_HARP13960_NOAA14269,2025,block_download_or_coverage,,False
20251027_0200_HARP13931_NOAA14260,2025,block_download_or_coverage,,False
20251027_0224_HARP13929_NOAA14261,2025,block_download_or_coverage,,False
20251027_0324_HARP13930_NOAA14264,2025,block_download_or_coverage,,False
20251027_0324_HARP13960_NOAA14269,2025,block_download_or_coverage,,False
20251027_0336_HARP13931_NOAA14260,2025,block_download_or_coverage,,False
20251027_0400_HARP13929_NOAA14261,2025,block_download_or_coverage,,False
20251027_0500_HARP13930_NOAA14264,2025,block_download_or_coverage,,False
20251027_0500_HARP13960_NOAA14269,2025,block_download_or_coverage,,False
20251027_0512_HARP13931_NOAA14260,2025,block_download_or_coverage,,False
20251027_0536_HARP13929_NOAA14261,2025,block_download_or_coverage,,False
20251027_0636_HARP13930_NOAA14264,2025,block_download_or_coverage,,False
20251027_0636_HARP13960_NOAA14269,2025,block_download_or_coverage,,False
20251027_0648_HARP13931_NOAA14260,2025,block_download_or_coverage,,False
20251027_0712_HARP13929_NOAA14261,2025,block_download_or_coverage,,False
20251027_0812_HARP13930_NOAA14264,2025,block_download_or_coverage,,False
20251027_0812_HARP13960_NOAA14269,2025,block_download_or_coverage,,False
20251027_0824_HARP13931_NOAA14260,2025,block_download_or_coverage,,False
20251027_0848_HARP13929_NOAA14261,2025,block_download_or_coverage,,False
20251027_0924_HARP13976_NOAA14270,2025,block_download_or_coverage,,False
20251027_0948_HARP13930_NOAA14264,2025,block_download_or_coverage,,False
20251027_0948_HARP13960_NOAA14269,2025,block_download_or_coverage,,False
20251027_1000_HARP13931_NOAA14260,2025,block_download_or_coverage,,False
20251027_1024_HARP13929_NOAA14261,2025,block_download_or_coverage,,False
20251027_1100_HARP13976_NOAA14270,2025,block_download_or_coverage,,False
20251027_1124_HARP13930_NOAA14264,2025,block_download_or_coverage,,False
20251027_1124_HARP13960_NOAA14269,2025,block_download_or_coverage,,False
20251027_1136_HARP13931_NOAA14260,2025,block_download_or_coverage,,False
20251027_1200_HARP13929_NOAA14261,2025,block_download_or_coverage,,False
20251027_1236_HARP13976_NOAA14270,2025,block_download_or_coverage,,False
20251027_1300_HARP13930_NOAA14264,2025,block_download_or_coverage,,False
20251027_1300_HARP13960_NOAA14269,2025,block_download_or_coverage,,False
20251027_1312_HARP13931_NOAA14260,2025,block_download_or_coverage,,False
20251027_1324_HARP13946_NOAA14267,2025,block_download_or_coverage,,False
20251027_1336_HARP13929_NOAA14261,2025,block_download_or_coverage,,False
20251027_1412_HARP13976_NOAA14270,2025,block_download_or_coverage,,False
20251027_1436_HARP13930_NOAA14264,2025,block_download_or_coverage,,False
20251027_1436_HARP13960_NOAA14269,2025,block_download_or_coverage,,False
20251027_1500_HARP13946_NOAA14267,2025,block_download_or_coverage,,False
20251027_1512_HARP13929_NOAA14261,2025,block_download_or_coverage,,False
20251027_1548_HARP13976_NOAA14270,2025,block_download_or_coverage,,False
20251027_1612_HARP13930_NOAA14264,2025,block_download_or_coverage,,False
20251027_1612_HARP13960_NOAA14269,2025,block_download_or_coverage,,False
20251027_1636_HARP13946_NOAA14267,2025,block_download_or_coverage,,False
20251027_1648_HARP13929_NOAA14261,2025,block_download_or_coverage,,False
20251027_1724_HARP13976_NOAA14270,2025,block_download_or_coverage,,False
20251027_1748_HARP13930_NOAA14264,2025,block_download_or_coverage,,False
20251027_1748_HARP13960_NOAA14269,2025,block_download_or_coverage,,False
20251027_1812_HARP13946_NOAA14267,2025,block_download_or_coverage,,False
20251027_1824_HARP13929_NOAA14261,2025,block_download_or_coverage,,False
20251027_1924_HARP13930_NOAA14264,2025,block_download_or_coverage,,False
20251027_1924_HARP13960_NOAA14269,2025,block_download_or_coverage,,False
20251027_1948_HARP13946_NOAA14267,2025,block_download_or_coverage,,False
20251027_2000_HARP13929_NOAA14261,2025,block_download_or_coverage,,False
20251027_2100_HARP13930_NOAA14264,2025,block_download_or_coverage,,False
20251027_2100_HARP13960_NOAA14269,2025,block_download_or_coverage,,False
20251027_2124_HARP13946_NOAA14267,2025,block_download_or_coverage,,False
20251027_2136_HARP13929_NOAA14261,2025,block_download_or_coverage,,False
20251027_2236_HARP13930_NOAA14264,2025,block_download_or_coverage,,False
20251027_2236_HARP13960_NOAA14269,2025,block_download_or_coverage,,False
20251027_2300_HARP13946_NOAA14267,2025,block_download_or_coverage,,False
20251027_2312_HARP13929_NOAA14261,2025,block_download_or_coverage,,False
20251028_0012_HARP13930_NOAA14264,2025,block_download_or_coverage,,False
20251028_0012_HARP13960_NOAA14269,2025,block_download_or_coverage,,False
20251028_0036_HARP13946_NOAA14267,2025,block_download_or_coverage,,False
20251028_0048_HARP13929_NOAA14261,2025,block_download_or_coverage,,False
20251028_0100_HARP13955_NOAA14266,2025,block_download_or_coverage,,False
20251028_0148_HARP13960_NOAA14269,2025,block_download_or_coverage,,False
20251028_0212_HARP13946_NOAA14267,2025,block_download_or_coverage,,False
20251028_0224_HARP13929_NOAA14261,2025,block_download_or_coverage,,False
20251028_0236_HARP13955_NOAA14266,2025,block_download_or_coverage,,False
20251028_0324_HARP13960_NOAA14269,2025,block_download_or_coverage,,False
20251028_0348_HARP13946_NOAA14267,2025,block_download_or_coverage,,False
20251028_0400_HARP13929_NOAA14261,2025,block_download_or_coverage,,False
20251028_0412_HARP13955_NOAA14266,2025,block_download_or_coverage,,False
20251028_0500_HARP13960_NOAA14269,2025,block_download_or_coverage,,False
20251028_0524_HARP13946_NOAA14267,2025,block_download_or_coverage,,False
20251028_0536_HARP13929_NOAA14261,2025,block_download_or_coverage,,False
20251028_0548_HARP13955_NOAA14266,2025,block_download_or_coverage,,False
20251028_0636_HARP13960_NOAA14269,2025,block_download_or_coverage,,False
20251028_0700_HARP13946_NOAA14267,2025,block_download_or_coverage,,False
20251028_0712_HARP13929_NOAA14261,2025,block_download_or_coverage,,False
20251028_0724_HARP13955_NOAA14266,2025,block_download_or_coverage,,False
20251028_0812_HARP13960_NOAA14269,2025,block_download_or_coverage,,False
20251028_0836_HARP13946_NOAA14267,2025,block_download_or_coverage,,False
20251028_0848_HARP13929_NOAA14261,2025,block_download_or_coverage,,False
20251028_0900_HARP13955_NOAA14266,2025,block_download_or_coverage,,False
20251028_0948_HARP13960_NOAA14269,2025,block_download_or_coverage,,False
20251028_1012_HARP13946_NOAA14267,2025,block_download_or_coverage,,False
20251028_1024_HARP13929_NOAA14261,2025,block_download_or_coverage,,False
20251028_1036_HARP13955_NOAA14266,2025,block_download_or_coverage,,False
20251028_1124_HARP13960_NOAA14269,2025,block_download_or_coverage,,False
20251028_1148_HARP13946_NOAA14267,2025,block_download_or_coverage,,False
20251028_1212_HARP13955_NOAA14266,2025,block_download_or_coverage,,False
20251028_1300_HARP13960_NOAA14269,2025,block_download_or_coverage,,False
20251028_1324_HARP13946_NOAA14267,2025,block_download_or_coverage,,False
20251028_1348_HARP13955_NOAA14266,2025,block_download_or_coverage,,False
20251028_1436_HARP13960_NOAA14269,2025,block_download_or_coverage,,False
20251028_1500_HARP13946_NOAA14267,2025,block_download_or_coverage,,False
20251028_1524_HARP13955_NOAA14266,2025,block_download_or_coverage,,False
20251028_1612_HARP13960_NOAA14269,2025,block_download_or_coverage,,False
20251028_1636_HARP13946_NOAA14267,2025,block_download_or_coverage,,False
20251028_1700_HARP13955_NOAA14266,2025,block_download_or_coverage,,False
20251028_1748_HARP13960_NOAA14269,2025,block_download_or_coverage,,False
20251028_1812_HARP13946_NOAA14267,2025,block_download_or_coverage,,False
20251028_1836_HARP13955_NOAA14266,2025,block_download_or_coverage,,False
20251028_1936_HARP13960_NOAA14269,2025,block_download_or_coverage,,False
20251028_2000_HARP13946_NOAA14267,2025,block_download_or_coverage,,False
20251028_2024_HARP13955_NOAA14266,2025,block_download_or_coverage,,False
20251028_2048_HARP13976_NOAA14270,2025,block_download_or_coverage,,False
20251028_2112_HARP13960_NOAA14269,2025,block_download_or_coverage,,False
20251028_2200_HARP13955_NOAA14266,2025,block_download_or_coverage,,False
20251028_2248_HARP13960_NOAA14269,2025,block_download_or_coverage,,False
20251028_2336_HARP13955_NOAA14266,2025,block_download_or_coverage,,False
20251029_0000_HARP13976_NOAA14270,2025,block_download_or_coverage,,False
20251029_0024_HARP13960_NOAA14269,2025,block_download_or_coverage,,False
20251029_0112_HARP13955_NOAA14266,2025,block_download_or_coverage,,False
20251029_0136_HARP13976_NOAA14270,2025,block_download_or_coverage,,False
20251029_0200_HARP13960_NOAA14269,2025,block_download_or_coverage,,False
20251029_0248_HARP13955_NOAA14266,2025,block_download_or_coverage,,False
20251029_0312_HARP13976_NOAA14270,2025,block_download_or_coverage,,False
20251029_0336_HARP13960_NOAA14269,2025,block_download_or_coverage,,False
20251029_0424_HARP13955_NOAA14266,2025,block_download_or_coverage,,False
20251029_0448_HARP13976_NOAA14270,2025,block_download_or_coverage,,False
20251029_0512_HARP13960_NOAA14269,2025,block_download_or_coverage,,False
20251029_0624_HARP13976_NOAA14270,2025,block_download_or_coverage,,False
20251029_0648_HARP13960_NOAA14269,2025,block_download_or_coverage,,False
20251029_0736_HARP13955_NOAA14266,2025,block_download_or_coverage,,False
20251029_0800_HARP13976_NOAA14270,2025,block_download_or_coverage,,False
20251029_0824_HARP13960_NOAA14269,2025,block_download_or_coverage,,False
20251029_0912_HARP13955_NOAA14266,2025,block_download_or_coverage,,False
20251029_0936_HARP13976_NOAA14270,2025,block_download_or_coverage,,False
20251029_1000_HARP13960_NOAA14269,2025,block_download_or_coverage,,False
20251029_1048_HARP13955_NOAA14266,2025,block_download_or_coverage,,False
20251029_1112_HARP13976_NOAA14270,2025,block_download_or_coverage,,False
20251029_1136_HARP13960_NOAA14269,2025,block_download_or_coverage,,False
20251029_1248_HARP13976_NOAA14270,2025,block_download_or_coverage,,False
20251029_1312_HARP13960_NOAA14269,2025,block_download_or_coverage,,False
20251029_1424_HARP13976_NOAA14270,2025,block_download_or_coverage,,False
20251029_1448_HARP13960_NOAA14269,2025,block_download_or_coverage,,False
20251029_1600_HARP13976_NOAA14270,2025,block_download_or_coverage,,False
20251029_1624_HARP13960_NOAA14269,2025,block_download_or_coverage,,False
20251029_1736_HARP13976_NOAA14270,2025,block_download_or_coverage,,False
20251029_1948_HARP13976_NOAA14270,2025,block_download_or_coverage,,False
20251029_2124_HARP13976_NOAA14270,2025,block_download_or_coverage,,False
20251029_2300_HARP13976_NOAA14270,2025,block_download_or_coverage,,False
20251029_2348_HARP13946_NOAA14267,2025,block_download_or_coverage,,False
20251030_0124_HARP13946_NOAA14267,2025,block_download_or_coverage,,False
20251030_0436_HARP13946_NOAA14267,2025,block_download_or_coverage,,False
20251030_0612_HARP13946_NOAA14267,2025,block_download_or_coverage,,False
20251030_0748_HARP13946_NOAA14267,2025,block_download_or_coverage,,False
20251030_0924_HARP13946_NOAA14267,2025,block_download_or_coverage,,False
20251030_1100_HARP13946_NOAA14267,2025,block_download_or_coverage,,False
20251030_1236_HARP13946_NOAA14267,2025,block_download_or_coverage,,False
20251030_1412_HARP13946_NOAA14267,2025,block_download_or_coverage,,False
20251030_1548_HARP13946_NOAA14267,2025,block_download_or_coverage,,False
20251030_1724_HARP13946_NOAA14267,2025,block_download_or_coverage,,False
20251030_1900_HARP13946_NOAA14267,2025,block_download_or_coverage,,False
20251030_2012_HARP13960_NOAA14269,2025,block_download_or_coverage,,False
20251030_2036_HARP13946_NOAA14267,2025,block_download_or_coverage,,False
20251030_2148_HARP13960_NOAA14269,2025,block_download_or_coverage,,False
20251030_2212_HARP13946_NOAA14267,2025,block_download_or_coverage,,False
20251030_2324_HARP13960_NOAA14269,2025,block_download_or_coverage,,False
20251030_2348_HARP13946_NOAA14267,2025,block_download_or_coverage,,False
20251031_0100_HARP13960_NOAA14269,2025,block_download_or_coverage,,False
20251031_0236_HARP13960_NOAA14269,2025,block_download_or_coverage,,False
20251031_0412_HARP13960_NOAA14269,2025,block_download_or_coverage,,False
20251031_0548_HARP13960_NOAA14269,2025,block_download_or_coverage,,False
20251031_0724_HARP13960_NOAA14269,2025,block_download_or_coverage,,False
20251031_0900_HARP13960_NOAA14269,2025,block_download_or_coverage,,False
20251103_0900_HARP13982_NOAA14271,2025,block_download_or_coverage,,False
20251103_1036_HARP13982_NOAA14271,2025,block_download_or_coverage,,False
20251103_1212_HARP13982_NOAA14271,2025,block_download_or_coverage,,False
20251103_1348_HARP13982_NOAA14271,2025,block_download_or_coverage,,False
20251103_1524_HARP13982_NOAA14271,2025,block_download_or_coverage,,False
20251103_1700_HARP13982_NOAA14271,2025,block_download_or_coverage,,False
20251103_1836_HARP13982_NOAA14271,2025,block_download_or_coverage,,False
20251103_2012_HARP13982_NOAA14271,2025,block_download_or_coverage,,False
20251103_2148_HARP13982_NOAA14271,2025,block_download_or_coverage,,False
20251103_2324_HARP13982_NOAA14271,2025,block_download_or_coverage,,False
20251104_0100_HARP13982_NOAA14271,2025,block_download_or_coverage,,False
20251104_0236_HARP13982_NOAA14271,2025,block_download_or_coverage,,False
20251104_0412_HARP13982_NOAA14271,2025,block_download_or_coverage,,False
20251104_0548_HARP13982_NOAA14271,2025,block_download_or_coverage,,False
20251104_0724_HARP13982_NOAA14271,2025,block_download_or_coverage,,False
20251104_0900_HARP13982_NOAA14271,2025,block_download_or_coverage,,False
20251104_1036_HARP13982_NOAA14271,2025,block_download_or_coverage,,False
20251104_1212_HARP13982_NOAA14271,2025,block_download_or_coverage,,False
20251104_1348_HARP13982_NOAA14271,2025,block_download_or_coverage,,False
20251104_1524_HARP13982_NOAA14271,2025,block_download_or_coverage,,False
20251104_1700_HARP13982_NOAA14271,2025,block_download_or_coverage,,False
20251104_1836_HARP13982_NOAA14271,2025,block_download_or_coverage,,False
20251104_2148_HARP13982_NOAA14271,2025,block_download_or_coverage,,False
20251104_2324_HARP13982_NOAA14271,2025,block_download_or_coverage,,False
20251105_0100_HARP13982_NOAA14271,2025,block_download_or_coverage,,False
20251105_0236_HARP13982_NOAA14271,2025,block_download_or_coverage,,False
20251105_0412_HARP13982_NOAA14271,2025,block_download_or_coverage,,False
20251105_0548_HARP13982_NOAA14271,2025,block_download_or_coverage,,False
20251105_0724_HARP13982_NOAA14271,2025,block_download_or_coverage,,False
20251105_0900_HARP13982_NOAA14271,2025,block_download_or_coverage,,False
20251105_1036_HARP13982_NOAA14271,2025,block_download_or_coverage,,False
20251105_1212_HARP13982_NOAA14271,2025,block_download_or_coverage,,False
20251105_1348_HARP13982_NOAA14271,2025,block_download_or_coverage,,False
20251105_1524_HARP13982_NOAA14271,2025,block_download_or_coverage,,False
20251105_1700_HARP13982_NOAA14271,2025,block_download_or_coverage,,False
20251105_1836_HARP13982_NOAA14271,2025,block_download_or_coverage,,False
20251105_2036_HARP13982_NOAA14271,2025,block_download_or_coverage,,False
20251106_0524_HARP13999_NOAA14272,2025,block_download_or_coverage,,False
20251106_0700_HARP13999_NOAA14272,2025,block_download_or_coverage,,False
20251106_0836_HARP13999_NOAA14272,2025,block_download_or_coverage,,False
20251106_1012_HARP13999_NOAA14272,2025,block_download_or_coverage,,False
20251106_1148_HARP13999_NOAA14272,2025,block_download_or_coverage,,False
20251106_1324_HARP13999_NOAA14272,2025,block_download_or_coverage,,False
20251106_1500_HARP13999_NOAA14272,2025,block_download_or_coverage,,False
20251106_1636_HARP13999_NOAA14272,2025,block_download_or_coverage,,False
20251106_1812_HARP13999_NOAA14272,2025,block_download_or_coverage,,False
20251106_1948_HARP13999_NOAA14272,2025,block_download_or_coverage,,False
20251106_2124_HARP13999_NOAA14272,2025,block_download_or_coverage,,False
20251106_2212_HARP13982_NOAA14271,2025,block_download_or_coverage,,False
20251106_2300_HARP13999_NOAA14272,2025,block_download_or_coverage,,False
20251107_0036_HARP13999_NOAA14272,2025,block_download_or_coverage,,False
20251107_0212_HARP13999_NOAA14272,2025,block_download_or_coverage,,False
20251107_0348_HARP13999_NOAA14272,2025,block_download_or_coverage,,False
20251107_0524_HARP13999_NOAA14272,2025,block_download_or_coverage,,False
20251107_0700_HARP13999_NOAA14272,2025,block_download_or_coverage,,False
20251107_0836_HARP13999_NOAA14272,2025,block_download_or_coverage,,False
20251107_1012_HARP13999_NOAA14272,2025,block_download_or_coverage,,False
20251107_1148_HARP13999_NOAA14272,2025,block_download_or_coverage,,False
20251107_1324_HARP13999_NOAA14272,2025,block_download_or_coverage,,False
20251107_1500_HARP13999_NOAA14272,2025,block_download_or_coverage,,False
20251107_1636_HARP13999_NOAA14272,2025,block_download_or_coverage,,False
20251107_1812_HARP13999_NOAA14272,2025,block_download_or_coverage,,False
20251107_1948_HARP13999_NOAA14272,2025,block_download_or_coverage,,False
20251107_2124_HARP13999_NOAA14272,2025,block_download_or_coverage,,False
20251107_2300_HARP13999_NOAA14272,2025,block_download_or_coverage,,False
20251108_0036_HARP13999_NOAA14272,2025,block_download_or_coverage,,False
20251108_0212_HARP13999_NOAA14272,2025,block_download_or_coverage,,False
20251108_0348_HARP13999_NOAA14272,2025,block_download_or_coverage,,False
20251108_0524_HARP13999_NOAA14272,2025,block_download_or_coverage,,False
20251108_0700_HARP13999_NOAA14272,2025,block_download_or_coverage,,False
20251108_0836_HARP13999_NOAA14272,2025,block_download_or_coverage,,False
20251108_0936_HARP14018_NOAA14281,2025,block_download_or_coverage,,False
20251108_1012_HARP13999_NOAA14272,2025,block_download_or_coverage,,False
20251108_1112_HARP14018_NOAA14281,2025,block_download_or_coverage,,False
20251108_1148_HARP13999_NOAA14272,2025,block_download_or_coverage,,False
20251108_1248_HARP14018_NOAA14281,2025,block_download_or_coverage,,False
20251108_1300_HARP14003_NOAA14275,2025,block_download_or_coverage,,False
20251108_1324_HARP13999_NOAA14272,2025,block_download_or_coverage,,False
20251108_1424_HARP14018_NOAA14281,2025,block_download_or_coverage,,False
20251108_1436_HARP14003_NOAA14275,2025,block_download_or_coverage,,False
20251108_1500_HARP13999_NOAA14272,2025,block_download_or_coverage,,False
20251108_1600_HARP14018_NOAA14281,2025,block_download_or_coverage,,False
20251108_1612_HARP14003_NOAA14275,2025,block_download_or_coverage,,False
20251108_1636_HARP13999_NOAA14272,2025,block_download_or_coverage,,False
20251108_1736_HARP14018_NOAA14281,2025,block_download_or_coverage,,False
20251108_1748_HARP14003_NOAA14275,2025,block_download_or_coverage,,False
20251108_1812_HARP13999_NOAA14272,2025,block_download_or_coverage,,False
20251108_1912_HARP14018_NOAA14281,2025,block_download_or_coverage,,False
20251108_1924_HARP14003_NOAA14275,2025,block_download_or_coverage,,False
20251108_1948_HARP13999_NOAA14272,2025,block_download_or_coverage,,False
20251108_2048_HARP14018_NOAA14281,2025,block_download_or_coverage,,False
20251108_2100_HARP14003_NOAA14275,2025,block_download_or_coverage,,False
20251108_2124_HARP13999_NOAA14272,2025,block_download_or_coverage,,False
20251108_2224_HARP14018_NOAA14281,2025,block_download_or_coverage,,False
20251108_2236_HARP14003_NOAA14275,2025,block_download_or_coverage,,False
20251108_2300_HARP13999_NOAA14272,2025,block_download_or_coverage,,False
20251109_0000_HARP14018_NOAA14281,2025,block_download_or_coverage,,False
20251109_0012_HARP14003_NOAA14275,2025,block_download_or_coverage,,False
20251109_0036_HARP13999_NOAA14272,2025,block_download_or_coverage,,False
20251109_0136_HARP14018_NOAA14281,2025,block_download_or_coverage,,False
20251109_0148_HARP14003_NOAA14275,2025,block_download_or_coverage,,False
20251109_0212_HARP13999_NOAA14272,2025,block_download_or_coverage,,False
20251109_0312_HARP14018_NOAA14281,2025,block_download_or_coverage,,False
20251109_0324_HARP14003_NOAA14275,2025,block_download_or_coverage,,False
20251109_0348_HARP13999_NOAA14272,2025,block_download_or_coverage,,False
20251109_0448_HARP14018_NOAA14281,2025,block_download_or_coverage,,False
20251109_0500_HARP14003_NOAA14275,2025,block_download_or_coverage,,False
20251109_0624_HARP14018_NOAA14281,2025,block_download_or_coverage,,False
20251109_0636_HARP14003_NOAA14275,2025,block_download_or_coverage,,False
20251109_0800_HARP14018_NOAA14281,2025,block_download_or_coverage,,False
20251109_0812_HARP14003_NOAA14275,2025,block_download_or_coverage,,False
20251109_0936_HARP14018_NOAA14281,2025,block_download_or_coverage,,False
20251109_0948_HARP14003_NOAA14275,2025,block_download_or_coverage,,False
20251109_1112_HARP14018_NOAA14281,2025,block_download_or_coverage,,False
20251109_1124_HARP14003_NOAA14275,2025,block_download_or_coverage,,False
20251109_1300_HARP14003_NOAA14275,2025,block_download_or_coverage,,False
20251109_1436_HARP14003_NOAA14275,2025,block_download_or_coverage,,False
20251109_1600_HARP14008_NOAA14278,2025,block_download_or_coverage,,False
20251109_1612_HARP14003_NOAA14275,2025,block_download_or_coverage,,False
20251109_1736_HARP14008_NOAA14278,2025,block_download_or_coverage,,False
20251109_1748_HARP14003_NOAA14275,2025,block_download_or_coverage,,False
20251109_1912_HARP14008_NOAA14278,2025,block_download_or_coverage,,False
20251109_1924_HARP14003_NOAA14275,2025,block_download_or_coverage,,False
20251109_2048_HARP14008_NOAA14278,2025,block_download_or_coverage,,False
20251109_2100_HARP14003_NOAA14275,2025,block_download_or_coverage,,False
20251109_2224_HARP14008_NOAA14278,2025,block_download_or_coverage,,False
20251109_2236_HARP14003_NOAA14275,2025,block_download_or_coverage,,False
20251110_0000_HARP14008_NOAA14278,2025,block_download_or_coverage,,False
20251110_0012_HARP14003_NOAA14275,2025,block_download_or_coverage,,False
20251110_0136_HARP14008_NOAA14278,2025,block_download_or_coverage,,False
20251110_0148_HARP14003_NOAA14275,2025,block_download_or_coverage,,False
20251110_0312_HARP14008_NOAA14278,2025,block_download_or_coverage,,False
20251110_0324_HARP14003_NOAA14275,2025,block_download_or_coverage,,False
20251110_0448_HARP14008_NOAA14278,2025,block_download_or_coverage,,False
20251110_0500_HARP14003_NOAA14275,2025,block_download_or_coverage,,False
20251110_0624_HARP14008_NOAA14278,2025,block_download_or_coverage,,False
20251110_0636_HARP14003_NOAA14275,2025,block_download_or_coverage,,False
20251110_0800_HARP14008_NOAA14278,2025,block_download_or_coverage,,False
20251110_0812_HARP14003_NOAA14275,2025,block_download_or_coverage,,False
20251110_0936_HARP14008_NOAA14278,2025,block_download_or_coverage,,False
20251110_0948_HARP14003_NOAA14275,2025,block_download_or_coverage,,False
20251110_1024_HARP14009_NOAA14276,2025,block_download_or_coverage,,False
20251110_1112_HARP14008_NOAA14278,2025,block_download_or_coverage,,False
20251110_1124_HARP14003_NOAA14275,2025,block_download_or_coverage,,False
20251110_1200_HARP14009_NOAA14276,2025,block_download_or_coverage,,False
20251110_1248_HARP14008_NOAA14278,2025,block_download_or_coverage,,False
20251110_1300_HARP14003_NOAA14275,2025,block_download_or_coverage,,False
20251110_1336_HARP14009_NOAA14276,2025,block_download_or_coverage,,False
20251110_1424_HARP14008_NOAA14278,2025,block_download_or_coverage,,False
20251110_1436_HARP14003_NOAA14275,2025,block_download_or_coverage,,False
20251110_1512_HARP14009_NOAA14276,2025,block_download_or_coverage,,False
20251110_1600_HARP14008_NOAA14278,2025,block_download_or_coverage,,False
20251110_1612_HARP14003_NOAA14275,2025,block_download_or_coverage,,False
20251110_1648_HARP14009_NOAA14276,2025,block_download_or_coverage,,False
20251110_1736_HARP14008_NOAA14278,2025,block_download_or_coverage,,False
20251110_1748_HARP14003_NOAA14275,2025,block_download_or_coverage,,False
20251110_1824_HARP14009_NOAA14276,2025,block_download_or_coverage,,False
20251110_1912_HARP14008_NOAA14278,2025,block_download_or_coverage,,False
20251110_1924_HARP14003_NOAA14275,2025,block_download_or_coverage,,False
20251110_2000_HARP14009_NOAA14276,2025,block_download_or_coverage,,False
20251110_2048_HARP14008_NOAA14278,2025,block_download_or_coverage,,False
20251110_2100_HARP14003_NOAA14275,2025,block_download_or_coverage,,False
20251110_2136_HARP14009_NOAA14276,2025,block_download_or_coverage,,False
20251110_2224_HARP14008_NOAA14278,2025,block_download_or_coverage,,False
20251110_2236_HARP14003_NOAA14275,2025,block_download_or_coverage,,False
20251110_2312_HARP14009_NOAA14276,2025,block_download_or_coverage,,False
20251111_0000_HARP14008_NOAA14278,2025,block_download_or_coverage,,False
20251111_0012_HARP14003_NOAA14275,2025,block_download_or_coverage,,False
20251111_0048_HARP14009_NOAA14276,2025,block_download_or_coverage,,False
20251111_0136_HARP14008_NOAA14278,2025,block_download_or_coverage,,False
20251111_0148_HARP14003_NOAA14275,2025,block_download_or_coverage,,False
20251111_0224_HARP14009_NOAA14276,2025,block_download_or_coverage,,False
20251111_0312_HARP14008_NOAA14278,2025,block_download_or_coverage,,False
20251111_0324_HARP14003_NOAA14275,2025,block_download_or_coverage,,False
20251111_0400_HARP14009_NOAA14276,2025,block_download_or_coverage,,False
20251111_0448_HARP14008_NOAA14278,2025,block_download_or_coverage,,False
20251111_0500_HARP14003_NOAA14275,2025,block_download_or_coverage,,False
20251111_0536_HARP14009_NOAA14276,2025,block_download_or_coverage,,False
20251111_0624_HARP14008_NOAA14278,2025,block_download_or_coverage,,False
20251111_0636_HARP14003_NOAA14275,2025,block_download_or_coverage,,False
20251111_0712_HARP14009_NOAA14276,2025,block_download_or_coverage,,False
20251111_0800_HARP14008_NOAA14278,2025,block_download_or_coverage,,False
20251111_0812_HARP14003_NOAA14275,2025,block_download_or_coverage,,False
20251111_0848_HARP14009_NOAA14276,2025,block_download_or_coverage,,False
20251111_0936_HARP14008_NOAA14278,2025,block_download_or_coverage,,False
20251111_0948_HARP14003_NOAA14275,2025,block_download_or_coverage,,False
20251111_1024_HARP14009_NOAA14276,2025,block_download_or_coverage,,False
20251111_1112_HARP14008_NOAA14278,2025,block_download_or_coverage,,False
20251111_1124_HARP14003_NOAA14275,2025,block_download_or_coverage,,False
20251111_1200_HARP14009_NOAA14276,2025,block_download_or_coverage,,False
20251111_1248_HARP14008_NOAA14278,2025,block_download_or_coverage,,False
20251111_1300_HARP14003_NOAA14275,2025,block_download_or_coverage,,False
20251111_1336_HARP14009_NOAA14276,2025,block_download_or_coverage,,False
20251111_1424_HARP14008_NOAA14278,2025,block_download_or_coverage,,False
20251111_1436_HARP14003_NOAA14275,2025,block_download_or_coverage,,False
20251111_1512_HARP14009_NOAA14276,2025,block_download_or_coverage,,False
20251111_1600_HARP14008_NOAA14278,2025,block_download_or_coverage,,False
20251111_1612_HARP14003_NOAA14275,2025,block_download_or_coverage,,False
20251111_1648_HARP14009_NOAA14276,2025,block_download_or_coverage,,False
20251111_1736_HARP14008_NOAA14278,2025,block_download_or_coverage,,False
20251111_1748_HARP14003_NOAA14275,2025,block_download_or_coverage,,False
20251111_1824_HARP14009_NOAA14276,2025,block_download_or_coverage,,False
20251111_1924_HARP14003_NOAA14275,2025,block_download_or_coverage,,False
20251111_2000_HARP14009_NOAA14276,2025,block_download_or_coverage,,False
20251111_2100_HARP14003_NOAA14275,2025,block_download_or_coverage,,False
20251111_2136_HARP14009_NOAA14276,2025,block_download_or_coverage,,False
20251111_2236_HARP14003_NOAA14275,2025,block_download_or_coverage,,False
20251111_2312_HARP14009_NOAA14276,2025,block_download_or_coverage,,False
20251112_0048_HARP14009_NOAA14276,2025,block_download_or_coverage,,False
20251112_0224_HARP14009_NOAA14276,2025,block_download_or_coverage,,False
20251112_0400_HARP14009_NOAA14276,2025,block_download_or_coverage,,False
20251112_0536_HARP14009_NOAA14276,2025,block_download_or_coverage,,False
20251112_0712_HARP14009_NOAA14276,2025,block_download_or_coverage,,False
20251112_0848_HARP14009_NOAA14276,2025,block_download_or_coverage,,False
20251112_1024_HARP14009_NOAA14276,2025,block_download_or_coverage,,False
20251112_1200_HARP14009_NOAA14276,2025,block_download_or_coverage,,False
20251112_1336_HARP14009_NOAA14276,2025,block_download_or_coverage,,False
20251112_1512_HARP14009_NOAA14276,2025,block_download_or_coverage,,False
20251112_1648_HARP14009_NOAA14276,2025,block_download_or_coverage,,False
20251112_1824_HARP14009_NOAA14276,2025,block_download_or_coverage,,False
20251112_2012_HARP14009_NOAA14276,2025,block_download_or_coverage,,False
20251112_2100_HARP14008_NOAA14278,2025,block_download_or_coverage,,False
20251112_2148_HARP14009_NOAA14276,2025,block_download_or_coverage,,False
20251112_2236_HARP14008_NOAA14278,2025,block_download_or_coverage,,False
20251112_2324_HARP14009_NOAA14276,2025,block_download_or_coverage,,False
20251113_0012_HARP14008_NOAA14278,2025,block_download_or_coverage,,False
20251113_0100_HARP14009_NOAA14276,2025,block_download_or_coverage,,False
20251113_0148_HARP14008_NOAA14278,2025,block_download_or_coverage,,False
20251113_0236_HARP14009_NOAA14276,2025,block_download_or_coverage,,False
20251113_0324_HARP14008_NOAA14278,2025,block_download_or_coverage,,False
20251113_0412_HARP14009_NOAA14276,2025,block_download_or_coverage,,False
20251113_0500_HARP14008_NOAA14278,2025,block_download_or_coverage,,False
20251113_0548_HARP14009_NOAA14276,2025,block_download_or_coverage,,False
20251113_0636_HARP14008_NOAA14278,2025,block_download_or_coverage,,False
20251113_0724_HARP14009_NOAA14276,2025,block_download_or_coverage,,False
20251113_0812_HARP14008_NOAA14278,2025,block_download_or_coverage,,False
20251113_0900_HARP14009_NOAA14276,2025,block_download_or_coverage,,False
20251113_0948_HARP14008_NOAA14278,2025,block_download_or_coverage,,False
20251113_1036_HARP14009_NOAA14276,2025,crop_patch_boundary,2025_HARP14009_20251113_1036_20251114_0900,False
20251113_1124_HARP14008_NOAA14278,2025,block_download_or_coverage,,False
20251113_1212_HARP14009_NOAA14276,2025,crop_patch_boundary,2025_HARP14009_20251113_1036_20251114_0900,False
20251113_1300_HARP14008_NOAA14278,2025,block_download_or_coverage,,False
20251113_1348_HARP14009_NOAA14276,2025,crop_patch_boundary,2025_HARP14009_20251113_1036_20251114_0900,False
20251113_1436_HARP14008_NOAA14278,2025,block_download_or_coverage,,False
20251113_1524_HARP14009_NOAA14276,2025,crop_patch_boundary,2025_HARP14009_20251113_1036_20251114_0900,False
20251113_1612_HARP14008_NOAA14278,2025,block_download_or_coverage,,False
20251113_1700_HARP14009_NOAA14276,2025,crop_patch_boundary,2025_HARP14009_20251113_1036_20251114_0900,False
20251113_1748_HARP14008_NOAA14278,2025,block_download_or_coverage,,False
20251113_1836_HARP14009_NOAA14276,2025,crop_patch_boundary,2025_HARP14009_20251113_1036_20251114_0900,False
20251113_1924_HARP14008_NOAA14278,2025,block_download_or_coverage,,False
20251113_2012_HARP14009_NOAA14276,2025,crop_patch_boundary,2025_HARP14009_20251113_1036_20251114_0900,False
20251113_2100_HARP14008_NOAA14278,2025,block_download_or_coverage,,False
20251113_2148_HARP14009_NOAA14276,2025,crop_patch_boundary,2025_HARP14009_20251113_1036_20251114_0900,False
20251113_2236_HARP14008_NOAA14278,2025,block_download_or_coverage,,False
20251113_2324_HARP14009_NOAA14276,2025,crop_patch_boundary,2025_HARP14009_20251113_1036_20251114_0900,False
20251114_0012_HARP14008_NOAA14278,2025,block_download_or_coverage,,False
20251114_0100_HARP14009_NOAA14276,2025,crop_patch_boundary,2025_HARP14009_20251113_1036_20251114_0900,False
20251114_0148_HARP14008_NOAA14278,2025,block_download_or_coverage,,False
20251114_0236_HARP14009_NOAA14276,2025,crop_patch_boundary,2025_HARP14009_20251113_1036_20251114_0900,False
20251114_0324_HARP14008_NOAA14278,2025,block_download_or_coverage,,False
20251114_0412_HARP14009_NOAA14276,2025,crop_patch_boundary,2025_HARP14009_20251113_1036_20251114_0900,False
20251114_0500_HARP14008_NOAA14278,2025,block_download_or_coverage,,False
20251114_0548_HARP14009_NOAA14276,2025,crop_patch_boundary,2025_HARP14009_20251113_1036_20251114_0900,False
20251114_0724_HARP14009_NOAA14276,2025,crop_patch_boundary,2025_HARP14009_20251113_1036_20251114_0900,False
20251114_0900_HARP14009_NOAA14276,2025,crop_patch_boundary,2025_HARP14009_20251113_1036_20251114_0900,False
20251114_1036_HARP14009_NOAA14276,2025,crop_patch_boundary,2025_HARP14009_20251114_1036_20251115_0412,False
20251114_1212_HARP14009_NOAA14276,2025,crop_patch_boundary,2025_HARP14009_20251114_1036_20251115_0412,False
20251114_1236_HARP14024_NOAA14280,2025,block_download_or_coverage,,False
20251114_1348_HARP14009_NOAA14276,2025,crop_patch_boundary,2025_HARP14009_20251114_1036_20251115_0412,False
20251114_1412_HARP14024_NOAA14280,2025,block_download_or_coverage,,False
20251114_1524_HARP14009_NOAA14276,2025,crop_patch_boundary,2025_HARP14009_20251114_1036_20251115_0412,False
20251114_1548_HARP14024_NOAA14280,2025,block_download_or_coverage,,False
20251114_1700_HARP14009_NOAA14276,2025,crop_patch_boundary,2025_HARP14009_20251114_1036_20251115_0412,False
20251114_1724_HARP14024_NOAA14280,2025,block_download_or_coverage,,False
20251114_1836_HARP14009_NOAA14276,2025,crop_patch_boundary,2025_HARP14009_20251114_1036_20251115_0412,False
20251114_1900_HARP14024_NOAA14280,2025,block_download_or_coverage,,False
20251114_2012_HARP14009_NOAA14276,2025,block_download_or_coverage,,False
20251114_2036_HARP14024_NOAA14280,2025,block_download_or_coverage,,False
20251114_2148_HARP14009_NOAA14276,2025,block_download_or_coverage,,False
20251114_2212_HARP14024_NOAA14280,2025,block_download_or_coverage,,False
20251114_2324_HARP14009_NOAA14276,2025,block_download_or_coverage,,False
20251114_2348_HARP14024_NOAA14280,2025,block_download_or_coverage,,False
20251115_0100_HARP14009_NOAA14276,2025,block_download_or_coverage,,False
20251115_0124_HARP14024_NOAA14280,2025,block_download_or_coverage,,False
20251115_0236_HARP14009_NOAA14276,2025,block_download_or_coverage,,False
20251115_0300_HARP14024_NOAA14280,2025,block_download_or_coverage,,False
20251115_0412_HARP14009_NOAA14276,2025,block_download_or_coverage,,False
20251115_0436_HARP14024_NOAA14280,2025,block_download_or_coverage,,False
20251115_0612_HARP14024_NOAA14280,2025,block_download_or_coverage,,False
20251115_0748_HARP14024_NOAA14280,2025,block_download_or_coverage,,False
20251115_0924_HARP14024_NOAA14280,2025,block_download_or_coverage,,False
20251115_1100_HARP14024_NOAA14280,2025,block_download_or_coverage,,False
20251115_1236_HARP14024_NOAA14280,2025,block_download_or_coverage,,False
20251115_1336_HARP14045_NOAA14283,2025,block_download_or_coverage,,False
20251115_1412_HARP14024_NOAA14280,2025,block_download_or_coverage,,False
20251115_1512_HARP14045_NOAA14283,2025,block_download_or_coverage,,False
20251115_1548_HARP14024_NOAA14280,2025,block_download_or_coverage,,False
20251115_1648_HARP14045_NOAA14283,2025,block_download_or_coverage,,False
20251115_1724_HARP14024_NOAA14280,2025,block_download_or_coverage,,False
20251115_1824_HARP14045_NOAA14283,2025,block_download_or_coverage,,False
20251115_1900_HARP14024_NOAA14280,2025,block_download_or_coverage,,False
20251115_2000_HARP14045_NOAA14283,2025,block_download_or_coverage,,False
20251115_2036_HARP14024_NOAA14280,2025,block_download_or_coverage,,False
20251115_2136_HARP14045_NOAA14283,2025,block_download_or_coverage,,False
20251115_2212_HARP14024_NOAA14280,2025,block_download_or_coverage,,False
20251115_2312_HARP14045_NOAA14283,2025,block_download_or_coverage,,False
20251115_2348_HARP14024_NOAA14280,2025,block_download_or_coverage,,False
20251116_0048_HARP14045_NOAA14283,2025,block_download_or_coverage,,False
20251116_0124_HARP14024_NOAA14280,2025,block_download_or_coverage,,False
20251116_0224_HARP14045_NOAA14283,2025,block_download_or_coverage,,False
20251116_0300_HARP14024_NOAA14280,2025,block_download_or_coverage,,False
20251116_0400_HARP14045_NOAA14283,2025,block_download_or_coverage,,False
20251116_0436_HARP14024_NOAA14280,2025,block_download_or_coverage,,False
20251116_0536_HARP14045_NOAA14283,2025,block_download_or_coverage,,False
20251116_0612_HARP14024_NOAA14280,2025,block_download_or_coverage,,False
20251116_0712_HARP14045_NOAA14283,2025,block_download_or_coverage,,False
20251116_0748_HARP14024_NOAA14280,2025,block_download_or_coverage,,False
20251116_0848_HARP14045_NOAA14283,2025,block_download_or_coverage,,False
20251116_0912_HARP14054_NOAA14284,2025,block_download_or_coverage,,False
20251116_0924_HARP14024_NOAA14280,2025,block_download_or_coverage,,False
20251116_1024_HARP14045_NOAA14283,2025,block_download_or_coverage,,False
20251116_1048_HARP14054_NOAA14284,2025,block_download_or_coverage,,False
20251116_1100_HARP14024_NOAA14280,2025,block_download_or_coverage,,False
20251116_1200_HARP14045_NOAA14283,2025,block_download_or_coverage,,False
20251116_1224_HARP14054_NOAA14284,2025,block_download_or_coverage,,False
20251116_1400_HARP14054_NOAA14284,2025,block_download_or_coverage,,False
20251116_1412_HARP14024_NOAA14280,2025,block_download_or_coverage,,False
20251116_1536_HARP14054_NOAA14284,2025,block_download_or_coverage,,False
20251116_1548_HARP14024_NOAA14280,2025,block_download_or_coverage,,False
20251116_1712_HARP14054_NOAA14284,2025,block_download_or_coverage,,False
20251116_1724_HARP14024_NOAA14280,2025,block_download_or_coverage,,False
20251116_1848_HARP14054_NOAA14284,2025,block_download_or_coverage,,False
20251116_1900_HARP14024_NOAA14280,2025,block_download_or_coverage,,False
20251116_2024_HARP14054_NOAA14284,2025,block_download_or_coverage,,False
20251116_2036_HARP14024_NOAA14280,2025,block_download_or_coverage,,False
20251116_2200_HARP14054_NOAA14284,2025,block_download_or_coverage,,False
20251116_2212_HARP14024_NOAA14280,2025,block_download_or_coverage,,False
20251116_2336_HARP14054_NOAA14284,2025,block_download_or_coverage,,False
20251116_2348_HARP14024_NOAA14280,2025,block_download_or_coverage,,False
20251117_0112_HARP14054_NOAA14284,2025,block_download_or_coverage,,False
20251117_0124_HARP14024_NOAA14280,2025,block_download_or_coverage,,False
20251117_0248_HARP14054_NOAA14284,2025,block_download_or_coverage,,False
20251117_0300_HARP14024_NOAA14280,2025,block_download_or_coverage,,False
20251117_0424_HARP14054_NOAA14284,2025,block_download_or_coverage,,False
20251117_0436_HARP14024_NOAA14280,2025,block_download_or_coverage,,False
20251117_0612_HARP14024_NOAA14280,2025,block_download_or_coverage,,False
20251117_0736_HARP14054_NOAA14284,2025,block_download_or_coverage,,False
20251117_0748_HARP14024_NOAA14280,2025,block_download_or_coverage,,False
20251117_0912_HARP14054_NOAA14284,2025,block_download_or_coverage,,False
20251117_0924_HARP14024_NOAA14280,2025,block_download_or_coverage,,False
20251117_1048_HARP14054_NOAA14284,2025,block_download_or_coverage,,False
20251117_1048_HARP14059_NOAA14283,2025,block_download_or_coverage,,False
20251117_1100_HARP14024_NOAA14280,2025,block_download_or_coverage,,False
20251117_1224_HARP14054_NOAA14284,2025,block_download_or_coverage,,False
20251117_1224_HARP14059_NOAA14283,2025,block_download_or_coverage,,False
20251117_1236_HARP14024_NOAA14280,2025,block_download_or_coverage,,False
20251117_1400_HARP14054_NOAA14284,2025,block_download_or_coverage,,False
20251117_1400_HARP14059_NOAA14283,2025,block_download_or_coverage,,False
20251117_1412_HARP14024_NOAA14280,2025,block_download_or_coverage,,False
20251117_1536_HARP14054_NOAA14284,2025,block_download_or_coverage,,False
20251117_1536_HARP14059_NOAA14283,2025,block_download_or_coverage,,False
20251117_1548_HARP14024_NOAA14280,2025,block_download_or_coverage,,False
20251117_1712_HARP14054_NOAA14284,2025,block_download_or_coverage,,False
20251117_1712_HARP14059_NOAA14283,2025,block_download_or_coverage,,False
20251117_1724_HARP14024_NOAA14280,2025,block_download_or_coverage,,False
20251117_1848_HARP14054_NOAA14284,2025,block_download_or_coverage,,False
20251117_1848_HARP14059_NOAA14283,2025,block_download_or_coverage,,False
20251117_1900_HARP14024_NOAA14280,2025,block_download_or_coverage,,False
20251117_2024_HARP14054_NOAA14284,2025,block_download_or_coverage,,False
20251117_2024_HARP14059_NOAA14283,2025,block_download_or_coverage,,False
20251117_2036_HARP14024_NOAA14280,2025,block_download_or_coverage,,False
20251117_2200_HARP14054_NOAA14284,2025,block_download_or_coverage,,False
20251117_2200_HARP14059_NOAA14283,2025,block_download_or_coverage,,False
20251117_2212_HARP14024_NOAA14280,2025,block_download_or_coverage,,False
20251117_2336_HARP14054_NOAA14284,2025,block_download_or_coverage,,False
20251117_2336_HARP14059_NOAA14283,2025,block_download_or_coverage,,False
20251117_2348_HARP14024_NOAA14280,2025,block_download_or_coverage,,False
20251118_0112_HARP14054_NOAA14284,2025,block_download_or_coverage,,False
20251118_0112_HARP14059_NOAA14283,2025,block_download_or_coverage,,False
20251118_0248_HARP14054_NOAA14284,2025,block_download_or_coverage,,False
20251118_0248_HARP14059_NOAA14283,2025,block_download_or_coverage,,False
20251118_0736_HARP14054_NOAA14284,2025,block_download_or_coverage,,False
20251118_0912_HARP14054_NOAA14284,2025,block_download_or_coverage,,False
20251118_1048_HARP14054_NOAA14284,2025,block_download_or_coverage,,False
20251118_1224_HARP14054_NOAA14284,2025,block_download_or_coverage,,False
20251118_1348_HARP14045_NOAA14283,2025,block_download_or_coverage,,False
20251118_1400_HARP14054_NOAA14284,2025,block_download_or_coverage,,False
20251118_1536_HARP14054_NOAA14284,2025,block_download_or_coverage,,False
20251118_1712_HARP14054_NOAA14284,2025,block_download_or_coverage,,False
20251118_1848_HARP14054_NOAA14284,2025,block_download_or_coverage,,False
20251118_2024_HARP14054_NOAA14284,2025,block_download_or_coverage,,False
20251120_2248_HARP14056_NOAA14286,2025,block_download_or_coverage,,False
20251121_0024_HARP14056_NOAA14286,2025,block_download_or_coverage,,False
20251121_0200_HARP14056_NOAA14286,2025,block_download_or_coverage,,False
20251121_0336_HARP14056_NOAA14286,2025,block_download_or_coverage,,False
20251121_0512_HARP14056_NOAA14286,2025,block_download_or_coverage,,False
20251121_0648_HARP14056_NOAA14286,2025,block_download_or_coverage,,False
20251121_0824_HARP14056_NOAA14286,2025,block_download_or_coverage,,False
20251121_1000_HARP14056_NOAA14286,2025,block_download_or_coverage,,False
20251121_1136_HARP14056_NOAA14286,2025,block_download_or_coverage,,False
20251121_1312_HARP14056_NOAA14286,2025,block_download_or_coverage,,False
20251121_1448_HARP14056_NOAA14286,2025,block_download_or_coverage,,False
20251121_1624_HARP14056_NOAA14286,2025,block_download_or_coverage,,False
20251121_1900_HARP14057_NOAA14286,2025,block_download_or_coverage,,False
20251121_1936_HARP14056_NOAA14286,2025,block_download_or_coverage,,False
20251121_2036_HARP14057_NOAA14286,2025,block_download_or_coverage,,False
20251121_2112_HARP14056_NOAA14286,2025,block_download_or_coverage,,False
20251121_2212_HARP14057_NOAA14286,2025,block_download_or_coverage,,False
20251121_2248_HARP14056_NOAA14286,2025,block_download_or_coverage,,False
20251121_2348_HARP14057_NOAA14286,2025,block_download_or_coverage,,False
20251122_0024_HARP14056_NOAA14286,2025,block_download_or_coverage,,False
20251122_0124_HARP14057_NOAA14286,2025,block_download_or_coverage,,False
20251122_0200_HARP14056_NOAA14286,2025,block_download_or_coverage,,False
20251122_0300_HARP14057_NOAA14286,2025,block_download_or_coverage,,False
20251122_0336_HARP14056_NOAA14286,2025,block_download_or_coverage,,False
20251122_0436_HARP14057_NOAA14286,2025,block_download_or_coverage,,False
20251122_0512_HARP14056_NOAA14286,2025,block_download_or_coverage,,False
20251122_0612_HARP14057_NOAA14286,2025,block_download_or_coverage,,False
20251122_0648_HARP14056_NOAA14286,2025,block_download_or_coverage,,False
20251122_0748_HARP14057_NOAA14286,2025,block_download_or_coverage,,False
20251122_0824_HARP14056_NOAA14286,2025,block_download_or_coverage,,False
20251122_0924_HARP14057_NOAA14286,2025,block_download_or_coverage,,False
20251122_1000_HARP14056_NOAA14286,2025,block_download_or_coverage,,False
20251122_1100_HARP14057_NOAA14286,2025,block_download_or_coverage,,False
20251122_1136_HARP14056_NOAA14286,2025,block_download_or_coverage,,False
20251122_1236_HARP14057_NOAA14286,2025,block_download_or_coverage,,False
20251122_1312_HARP14056_NOAA14286,2025,block_download_or_coverage,,False
20251122_1412_HARP14057_NOAA14286,2025,block_download_or_coverage,,False
20251122_1448_HARP14056_NOAA14286,2025,block_download_or_coverage,,False
20251122_1548_HARP14057_NOAA14286,2025,block_download_or_coverage,,False
20251122_1624_HARP14056_NOAA14286,2025,block_download_or_coverage,,False
20251122_1724_HARP14057_NOAA14286,2025,block_download_or_coverage,,False
20251122_1936_HARP14056_NOAA14286,2025,block_download_or_coverage,,False
20251122_2024_HARP14060_NOAA14287,2025,block_download_or_coverage,,False
20251122_2112_HARP14056_NOAA14286,2025,block_download_or_coverage,,False
20251122_2200_HARP14060_NOAA14287,2025,block_download_or_coverage,,False
20251122_2248_HARP14056_NOAA14286,2025,block_download_or_coverage,,False
20251122_2336_HARP14060_NOAA14287,2025,block_download_or_coverage,,False
20251123_0024_HARP14056_NOAA14286,2025,block_download_or_coverage,,False
20251123_0112_HARP14060_NOAA14287,2025,block_download_or_coverage,,False
20251123_0200_HARP14056_NOAA14286,2025,block_download_or_coverage,,False
20251123_0248_HARP14060_NOAA14287,2025,block_download_or_coverage,,False
20251123_0336_HARP14056_NOAA14286,2025,block_download_or_coverage,,False
20251123_0736_HARP14060_NOAA14287,2025,block_download_or_coverage,,False
20251123_0824_HARP14056_NOAA14286,2025,block_download_or_coverage,,False
20251123_0912_HARP14060_NOAA14287,2025,block_download_or_coverage,,False
20251123_1000_HARP14056_NOAA14286,2025,block_download_or_coverage,,False
20251123_1048_HARP14060_NOAA14287,2025,block_download_or_coverage,,False
20251123_1136_HARP14056_NOAA14286,2025,block_download_or_coverage,,False
20251123_1224_HARP14060_NOAA14287,2025,block_download_or_coverage,,False
20251123_1312_HARP14056_NOAA14286,2025,block_download_or_coverage,,False
20251123_1400_HARP14060_NOAA14287,2025,block_download_or_coverage,,False
20251123_1448_HARP14056_NOAA14286,2025,block_download_or_coverage,,False
20251123_1536_HARP14060_NOAA14287,2025,block_download_or_coverage,,False
20251123_1548_HARP14063_NOAA14289,2025,block_download_or_coverage,,False
20251123_1624_HARP14056_NOAA14286,2025,block_download_or_coverage,,False
20251123_1712_HARP14060_NOAA14287,2025,block_download_or_coverage,,False
20251123_1724_HARP14063_NOAA14289,2025,block_download_or_coverage,,False
20251123_1848_HARP14060_NOAA14287,2025,block_download_or_coverage,,False
20251123_1900_HARP14063_NOAA14289,2025,block_download_or_coverage,,False
20251123_1936_HARP14056_NOAA14286,2025,block_download_or_coverage,,False
20251123_2024_HARP14060_NOAA14287,2025,block_download_or_coverage,,False
20251123_2036_HARP14063_NOAA14289,2025,block_download_or_coverage,,False
20251123_2112_HARP14056_NOAA14286,2025,block_download_or_coverage,,False
20251123_2200_HARP14060_NOAA14287,2025,block_download_or_coverage,,False
20251123_2212_HARP14063_NOAA14289,2025,block_download_or_coverage,,False
20251123_2248_HARP14056_NOAA14286,2025,block_download_or_coverage,,False
20251123_2336_HARP14060_NOAA14287,2025,block_download_or_coverage,,False
20251123_2348_HARP14063_NOAA14289,2025,block_download_or_coverage,,False
20251124_0024_HARP14056_NOAA14286,2025,block_download_or_coverage,,False
20251124_0112_HARP14060_NOAA14287,2025,block_download_or_coverage,,False
20251124_0124_HARP14063_NOAA14289,2025,block_download_or_coverage,,False
20251124_0200_HARP14056_NOAA14286,2025,block_download_or_coverage,,False
20251124_0248_HARP14060_NOAA14287,2025,block_download_or_coverage,,False
20251124_0300_HARP14063_NOAA14289,2025,block_download_or_coverage,,False
20251124_0336_HARP14056_NOAA14286,2025,block_download_or_coverage,,False
20251124_0424_HARP14060_NOAA14287,2025,block_download_or_coverage,,False
20251124_0436_HARP14063_NOAA14289,2025,block_download_or_coverage,,False
20251124_0512_HARP14056_NOAA14286,2025,block_download_or_coverage,,False
20251124_0612_HARP14063_NOAA14289,2025,block_download_or_coverage,,False
20251124_0648_HARP14056_NOAA14286,2025,block_download_or_coverage,,False
20251124_0736_HARP14060_NOAA14287,2025,block_download_or_coverage,,False
20251124_0748_HARP14063_NOAA14289,2025,block_download_or_coverage,,False
20251124_0824_HARP14056_NOAA14286,2025,block_download_or_coverage,,False
20251124_0912_HARP14057_NOAA14286,2025,block_download_or_coverage,,False
20251124_0912_HARP14060_NOAA14287,2025,block_download_or_coverage,,False
20251124_0924_HARP14063_NOAA14289,2025,block_download_or_coverage,,False
20251124_1000_HARP14056_NOAA14286,2025,block_download_or_coverage,,False
20251124_1048_HARP14060_NOAA14287,2025,block_download_or_coverage,,False
20251124_1100_HARP14057_NOAA14286,2025,block_download_or_coverage,,False
20251124_1100_HARP14063_NOAA14289,2025,block_download_or_coverage,,False
20251124_1136_HARP14056_NOAA14286,2025,block_download_or_coverage,,False
20251124_1224_HARP14060_NOAA14287,2025,block_download_or_coverage,,False
20251124_1236_HARP14057_NOAA14286,2025,block_download_or_coverage,,False
20251124_1236_HARP14063_NOAA14289,2025,block_download_or_coverage,,False
20251124_1312_HARP14056_NOAA14286,2025,block_download_or_coverage,,False
20251124_1400_HARP14060_NOAA14287,2025,block_download_or_coverage,,False
20251124_1412_HARP14057_NOAA14286,2025,block_download_or_coverage,,False
20251124_1412_HARP14063_NOAA14289,2025,block_download_or_coverage,,False
20251124_1448_HARP14056_NOAA14286,2025,block_download_or_coverage,,False
20251124_1536_HARP14060_NOAA14287,2025,block_download_or_coverage,,False
20251124_1548_HARP14057_NOAA14286,2025,block_download_or_coverage,,False
20251124_1548_HARP14063_NOAA14289,2025,block_download_or_coverage,,False
20251124_2036_HARP14063_NOAA14289,2025,block_download_or_coverage,,False
20251124_2112_HARP14056_NOAA14286,2025,block_download_or_coverage,,False
20251124_2212_HARP14063_NOAA14289,2025,block_download_or_coverage,,False
20251124_2248_HARP14056_NOAA14286,2025,block_download_or_coverage,,False
20251124_2324_HARP14057_NOAA14286,2025,block_download_or_coverage,,False
20251124_2348_HARP14063_NOAA14289,2025,block_download_or_coverage,,False
20251125_0024_HARP14056_NOAA14286,2025,block_download_or_coverage,,False
20251125_0124_HARP14063_NOAA14289,2025,block_download_or_coverage,,False
20251125_0200_HARP14056_NOAA14286,2025,block_download_or_coverage,,False
20251125_0300_HARP14063_NOAA14289,2025,block_download_or_coverage,,False
20251125_0336_HARP14056_NOAA14286,2025,block_download_or_coverage,,False
20251125_0436_HARP14063_NOAA14289,2025,block_download_or_coverage,,False
20251125_0512_HARP14056_NOAA14286,2025,block_download_or_coverage,,False
20251125_0512_HARP14073_NOAA14288,2025,block_download_or_coverage,,False
20251125_0612_HARP14063_NOAA14289,2025,block_download_or_coverage,,False
20251125_0648_HARP14056_NOAA14286,2025,block_download_or_coverage,,False
20251125_0648_HARP14073_NOAA14288,2025,block_download_or_coverage,,False
20251125_0736_HARP14060_NOAA14287,2025,block_download_or_coverage,,False
20251125_0748_HARP14063_NOAA14289,2025,block_download_or_coverage,,False
20251125_0824_HARP14056_NOAA14286,2025,block_download_or_coverage,,False
20251125_0824_HARP14073_NOAA14288,2025,block_download_or_coverage,,False
20251125_0912_HARP14060_NOAA14287,2025,block_download_or_coverage,,False
20251125_0924_HARP14063_NOAA14289,2025,block_download_or_coverage,,False
20251125_1000_HARP14056_NOAA14286,2025,block_download_or_coverage,,False
20251125_1000_HARP14073_NOAA14288,2025,block_download_or_coverage,,False
20251125_1048_HARP14060_NOAA14287,2025,block_download_or_coverage,,False
20251125_1100_HARP14063_NOAA14289,2025,block_download_or_coverage,,False
20251125_1136_HARP14056_NOAA14286,2025,block_download_or_coverage,,False
20251125_1136_HARP14073_NOAA14288,2025,block_download_or_coverage,,False
20251125_1236_HARP14063_NOAA14289,2025,block_download_or_coverage,,False
20251125_1312_HARP14056_NOAA14286,2025,block_download_or_coverage,,False
20251125_1312_HARP14073_NOAA14288,2025,block_download_or_coverage,,False
20251125_1400_HARP14060_NOAA14287,2025,block_download_or_coverage,,False
20251125_1412_HARP14063_NOAA14289,2025,block_download_or_coverage,,False
20251125_1448_HARP14056_NOAA14286,2025,block_download_or_coverage,,False
20251125_1448_HARP14073_NOAA14288,2025,block_download_or_coverage,,False
20251125_1512_HARP14081_NOAA14290,2025,block_download_or_coverage,,False
20251125_1536_HARP14060_NOAA14287,2025,block_download_or_coverage,,False
20251125_1548_HARP14063_NOAA14289,2025,block_download_or_coverage,,False
20251125_1624_HARP14056_NOAA14286,2025,block_download_or_coverage,,False
20251125_1624_HARP14073_NOAA14288,2025,block_download_or_coverage,,False
20251125_1648_HARP14081_NOAA14290,2025,block_download_or_coverage,,False
20251125_1712_HARP14060_NOAA14287,2025,block_download_or_coverage,,False
20251125_1724_HARP14063_NOAA14289,2025,block_download_or_coverage,,False
20251125_1824_HARP14081_NOAA14290,2025,block_download_or_coverage,,False
20251125_1848_HARP14060_NOAA14287,2025,block_download_or_coverage,,False
20251125_2012_HARP14081_NOAA14290,2025,block_download_or_coverage,,False
20251125_2036_HARP14060_NOAA14287,2025,block_download_or_coverage,,False
20251125_2048_HARP14063_NOAA14289,2025,block_download_or_coverage,,False
20251125_2148_HARP14081_NOAA14290,2025,block_download_or_coverage,,False
20251125_2212_HARP14060_NOAA14287,2025,block_download_or_coverage,,False
20251125_2224_HARP14063_NOAA14289,2025,block_download_or_coverage,,False
20251125_2324_HARP14081_NOAA14290,2025,block_download_or_coverage,,False
20251125_2348_HARP14060_NOAA14287,2025,block_download_or_coverage,,False
20251126_0000_HARP14063_NOAA14289,2025,block_download_or_coverage,,False
20251126_0100_HARP14081_NOAA14290,2025,block_download_or_coverage,,False
20251126_0124_HARP14060_NOAA14287,2025,block_download_or_coverage,,False
20251126_0136_HARP14063_NOAA14289,2025,block_download_or_coverage,,False
20251126_0236_HARP14081_NOAA14290,2025,block_download_or_coverage,,False
20251126_0300_HARP14060_NOAA14287,2025,block_download_or_coverage,,False
20251126_0312_HARP14063_NOAA14289,2025,block_download_or_coverage,,False
20251126_0412_HARP14081_NOAA14290,2025,block_download_or_coverage,,False
20251126_0436_HARP14060_NOAA14287,2025,block_download_or_coverage,,False
20251126_0448_HARP14063_NOAA14289,2025,block_download_or_coverage,,False
20251126_0548_HARP14081_NOAA14290,2025,block_download_or_coverage,,False
20251126_0612_HARP14060_NOAA14287,2025,block_download_or_coverage,,False
20251126_0624_HARP14063_NOAA14289,2025,block_download_or_coverage,,False
20251126_0700_HARP14090_NOAA14293,2025,block_download_or_coverage,,False
20251126_0724_HARP14081_NOAA14290,2025,block_download_or_coverage,,False
20251126_0748_HARP14060_NOAA14287,2025,block_download_or_coverage,,False
20251126_0800_HARP14063_NOAA14289,2025,block_download_or_coverage,,False
20251126_0836_HARP14090_NOAA14293,2025,block_download_or_coverage,,False
20251126_0900_HARP14081_NOAA14290,2025,block_download_or_coverage,,False
20251126_0924_HARP14060_NOAA14287,2025,block_download_or_coverage,,False
20251126_0936_HARP14063_NOAA14289,2025,block_download_or_coverage,,False
20251126_1012_HARP14090_NOAA14293,2025,block_download_or_coverage,,False
20251126_1036_HARP14081_NOAA14290,2025,block_download_or_coverage,,False
20251126_1100_HARP14060_NOAA14287,2025,block_download_or_coverage,,False
20251126_1112_HARP14063_NOAA14289,2025,block_download_or_coverage,,False
20251126_1148_HARP14090_NOAA14293,2025,block_download_or_coverage,,False
20251126_1212_HARP14081_NOAA14290,2025,block_download_or_coverage,,False
20251126_1236_HARP14060_NOAA14287,2025,block_download_or_coverage,,False
20251126_1248_HARP14063_NOAA14289,2025,block_download_or_coverage,,False
20251126_1324_HARP14090_NOAA14293,2025,block_download_or_coverage,,False
20251126_1348_HARP14081_NOAA14290,2025,block_download_or_coverage,,False
20251126_1412_HARP14060_NOAA14287,2025,block_download_or_coverage,,False
20251126_1424_HARP14063_NOAA14289,2025,block_download_or_coverage,,False
20251126_1500_HARP14090_NOAA14293,2025,block_download_or_coverage,,False
20251126_1548_HARP14060_NOAA14287,2025,block_download_or_coverage,,False
20251126_1600_HARP14063_NOAA14289,2025,block_download_or_coverage,,False
20251126_1636_HARP14090_NOAA14293,2025,block_download_or_coverage,,False
20251126_1724_HARP14060_NOAA14287,2025,block_download_or_coverage,,False
20251126_1736_HARP14063_NOAA14289,2025,block_download_or_coverage,,False
20251126_1812_HARP14090_NOAA14293,2025,block_download_or_coverage,,False
20251126_1900_HARP14060_NOAA14287,2025,block_download_or_coverage,,False
20251126_1912_HARP14063_NOAA14289,2025,block_download_or_coverage,,False
20251126_1948_HARP14073_NOAA14288,2025,block_download_or_coverage,,False
20251126_1948_HARP14090_NOAA14293,2025,block_download_or_coverage,,False
20251126_2036_HARP14060_NOAA14287,2025,block_download_or_coverage,,False
20251126_2048_HARP14063_NOAA14289,2025,block_download_or_coverage,,False
20251126_2124_HARP14073_NOAA14288,2025,block_download_or_coverage,,False
20251126_2124_HARP14090_NOAA14293,2025,block_download_or_coverage,,False
20251126_2212_HARP14060_NOAA14287,2025,block_download_or_coverage,,False
20251126_2224_HARP14063_NOAA14289,2025,block_download_or_coverage,,False
20251126_2300_HARP14073_NOAA14288,2025,block_download_or_coverage,,False
20251126_2300_HARP14090_NOAA14293,2025,block_download_or_coverage,,False
20251126_2348_HARP14060_NOAA14287,2025,block_download_or_coverage,,False
20251127_0000_HARP14063_NOAA14289,2025,block_download_or_coverage,,False
20251127_0036_HARP14073_NOAA14288,2025,block_download_or_coverage,,False
20251127_0036_HARP14090_NOAA14293,2025,block_download_or_coverage,,False
20251127_0124_HARP14060_NOAA14287,2025,block_download_or_coverage,,False
20251127_0136_HARP14063_NOAA14289,2025,block_download_or_coverage,,False
20251127_0212_HARP14073_NOAA14288,2025,block_download_or_coverage,,False
20251127_0212_HARP14090_NOAA14293,2025,block_download_or_coverage,,False
20251127_0300_HARP14060_NOAA14287,2025,block_download_or_coverage,,False
20251127_0312_HARP14063_NOAA14289,2025,block_download_or_coverage,,False
20251127_0348_HARP14073_NOAA14288,2025,block_download_or_coverage,,False
20251127_0348_HARP14090_NOAA14293,2025,block_download_or_coverage,,False
20251127_0436_HARP14060_NOAA14287,2025,block_download_or_coverage,,False
20251127_0448_HARP14063_NOAA14289,2025,block_download_or_coverage,,False
20251127_0524_HARP14073_NOAA14288,2025,block_download_or_coverage,,False
20251127_0524_HARP14090_NOAA14293,2025,block_download_or_coverage,,False
20251127_0612_HARP14060_NOAA14287,2025,block_download_or_coverage,,False
20251127_0624_HARP14063_NOAA14289,2025,block_download_or_coverage,,False
20251127_0700_HARP14073_NOAA14288,2025,block_download_or_coverage,,False
20251127_0700_HARP14090_NOAA14293,2025,block_download_or_coverage,,False
20251127_0748_HARP14060_NOAA14287,2025,block_download_or_coverage,,False
20251127_0800_HARP14063_NOAA14289,2025,block_download_or_coverage,,False
20251127_0836_HARP14073_NOAA14288,2025,block_download_or_coverage,,False
20251127_0836_HARP14090_NOAA14293,2025,block_download_or_coverage,,False
20251127_0936_HARP14063_NOAA14289,2025,block_download_or_coverage,,False
20251127_1012_HARP14073_NOAA14288,2025,block_download_or_coverage,,False
20251127_1012_HARP14090_NOAA14293,2025,block_download_or_coverage,,False
20251127_1112_HARP14063_NOAA14289,2025,block_download_or_coverage,,False
20251127_1148_HARP14073_NOAA14288,2025,block_download_or_coverage,,False
20251127_1148_HARP14090_NOAA14293,2025,block_download_or_coverage,,False
20251127_1248_HARP14063_NOAA14289,2025,block_download_or_coverage,,False
20251127_1324_HARP14073_NOAA14288,2025,block_download_or_coverage,,False
20251127_1324_HARP14090_NOAA14293,2025,block_download_or_coverage,,False
20251127_1424_HARP14063_NOAA14289,2025,block_download_or_coverage,,False
20251127_1500_HARP14073_NOAA14288,2025,block_download_or_coverage,,False
20251127_1500_HARP14090_NOAA14293,2025,block_download_or_coverage,,False
20251127_1600_HARP14063_NOAA14289,2025,block_download_or_coverage,,False
20251127_1636_HARP14073_NOAA14288,2025,block_download_or_coverage,,False
20251127_1636_HARP14090_NOAA14293,2025,block_download_or_coverage,,False
20251127_1736_HARP14063_NOAA14289,2025,block_download_or_coverage,,False
20251127_1812_HARP14073_NOAA14288,2025,block_download_or_coverage,,False
20251127_1812_HARP14090_NOAA14293,2025,block_download_or_coverage,,False
20251127_1912_HARP14063_NOAA14289,2025,block_download_or_coverage,,False
20251127_1948_HARP14073_NOAA14288,2025,block_download_or_coverage,,False
20251127_1948_HARP14090_NOAA14293,2025,block_download_or_coverage,,False
20251127_2048_HARP14063_NOAA14289,2025,block_download_or_coverage,,False
20251127_2124_HARP14073_NOAA14288,2025,block_download_or_coverage,,False
20251127_2124_HARP14090_NOAA14293,2025,block_download_or_coverage,,False
20251127_2224_HARP14063_NOAA14289,2025,block_download_or_coverage,,False
20251127_2300_HARP14073_NOAA14288,2025,block_download_or_coverage,,False
20251127_2300_HARP14090_NOAA14293,2025,block_download_or_coverage,,False
20251128_0000_HARP14063_NOAA14289,2025,block_download_or_coverage,,False
20251128_0036_HARP14073_NOAA14288,2025,block_download_or_coverage,,False
20251128_0036_HARP14090_NOAA14293,2025,block_download_or_coverage,,False
20251128_0212_HARP14073_NOAA14288,2025,block_download_or_coverage,,False
20251128_0212_HARP14090_NOAA14293,2025,block_download_or_coverage,,False
20251128_0348_HARP14073_NOAA14288,2025,block_download_or_coverage,,False
20251128_0348_HARP14090_NOAA14293,2025,block_download_or_coverage,,False
20251128_0524_HARP14073_NOAA14288,2025,block_download_or_coverage,,False
20251128_0524_HARP14090_NOAA14293,2025,block_download_or_coverage,,False
20251128_0700_HARP14073_NOAA14288,2025,block_download_or_coverage,,False
20251128_0700_HARP14090_NOAA14293,2025,block_download_or_coverage,,False
20251128_0836_HARP14073_NOAA14288,2025,block_download_or_coverage,,False
20251128_0836_HARP14090_NOAA14293,2025,block_download_or_coverage,,False
20251128_1012_HARP14073_NOAA14288,2025,block_download_or_coverage,,False
20251128_1012_HARP14090_NOAA14293,2025,block_download_or_coverage,,False
20251128_1148_HARP14073_NOAA14288,2025,block_download_or_coverage,,False
20251128_1148_HARP14090_NOAA14293,2025,block_download_or_coverage,,False
20251128_1324_HARP14073_NOAA14288,2025,block_download_or_coverage,,False
20251128_1324_HARP14090_NOAA14293,2025,block_download_or_coverage,,False
20251128_1500_HARP14073_NOAA14288,2025,block_download_or_coverage,,False
20251128_1500_HARP14090_NOAA14293,2025,block_download_or_coverage,,False
20251128_1636_HARP14073_NOAA14288,2025,block_download_or_coverage,,False
20251128_1636_HARP14090_NOAA14293,2025,block_download_or_coverage,,False
20251128_1812_HARP14073_NOAA14288,2025,block_download_or_coverage,,False
20251128_1812_HARP14090_NOAA14293,2025,block_download_or_coverage,,False
20251128_1948_HARP14073_NOAA14288,2025,block_download_or_coverage,,False
20251128_1948_HARP14090_NOAA14293,2025,block_download_or_coverage,,False
20251128_2124_HARP14073_NOAA14288,2025,block_download_or_coverage,,False
20251128_2124_HARP14090_NOAA14293,2025,block_download_or_coverage,,False
20251128_2300_HARP14073_NOAA14288,2025,block_download_or_coverage,,False
20251128_2300_HARP14090_NOAA14293,2025,block_download_or_coverage,,False
20251129_0024_HARP14108_NOAA14297,2025,block_download_or_coverage,,False
20251129_0036_HARP14073_NOAA14288,2025,block_download_or_coverage,,False
20251129_0036_HARP14090_NOAA14293,2025,block_download_or_coverage,,False
20251129_0200_HARP14108_NOAA14297,2025,block_download_or_coverage,,False
20251129_0212_HARP14073_NOAA14288,2025,block_download_or_coverage,,False
20251129_0212_HARP14090_NOAA14293,2025,block_download_or_coverage,,False
20251129_0336_HARP14108_NOAA14297,2025,block_download_or_coverage,,False
20251129_0348_HARP14073_NOAA14288,2025,block_download_or_coverage,,False
20251129_0348_HARP14090_NOAA14293,2025,block_download_or_coverage,,False
20251129_0512_HARP14108_NOAA14297,2025,block_download_or_coverage,,False
20251129_0524_HARP14073_NOAA14288,2025,block_download_or_coverage,,False
20251129_0524_HARP14090_NOAA14293,2025,block_download_or_coverage,,False
20251129_0648_HARP14108_NOAA14297,2025,block_download_or_coverage,,False
20251129_0700_HARP14073_NOAA14288,2025,block_download_or_coverage,,False
20251129_0700_HARP14090_NOAA14293,2025,block_download_or_coverage,,False
20251129_0824_HARP14108_NOAA14297,2025,block_download_or_coverage,,False
20251129_0836_HARP14073_NOAA14288,2025,block_download_or_coverage,,False
20251129_0836_HARP14090_NOAA14293,2025,block_download_or_coverage,,False
20251129_1000_HARP14108_NOAA14297,2025,block_download_or_coverage,,False
20251129_1012_HARP14073_NOAA14288,2025,block_download_or_coverage,,False
20251129_1012_HARP14090_NOAA14293,2025,block_download_or_coverage,,False
20251129_1136_HARP14108_NOAA14297,2025,block_download_or_coverage,,False
20251129_1148_HARP14073_NOAA14288,2025,block_download_or_coverage,,False
20251129_1148_HARP14090_NOAA14293,2025,block_download_or_coverage,,False
20251129_1312_HARP14108_NOAA14297,2025,block_download_or_coverage,,False
20251129_1324_HARP14073_NOAA14288,2025,block_download_or_coverage,,False
20251129_1324_HARP14090_NOAA14293,2025,block_download_or_coverage,,False
20251129_1624_HARP14108_NOAA14297,2025,block_download_or_coverage,,False
20251129_1636_HARP14073_NOAA14288,2025,block_download_or_coverage,,False
20251129_1636_HARP14090_NOAA14293,2025,block_download_or_coverage,,False
20251129_1812_HARP14090_NOAA14293,2025,block_download_or_coverage,,False
20251129_1936_HARP14108_NOAA14297,2025,block_download_or_coverage,,False
20251129_1948_HARP14090_NOAA14293,2025,block_download_or_coverage,,False
20251129_2112_HARP14108_NOAA14297,2025,block_download_or_coverage,,False
20251129_2124_HARP14090_NOAA14293,2025,block_download_or_coverage,,False
20251129_2248_HARP14108_NOAA14297,2025,block_download_or_coverage,,False
20251129_2300_HARP14090_NOAA14293,2025,block_download_or_coverage,,False
20251130_0024_HARP14108_NOAA14297,2025,block_download_or_coverage,,False
20251130_0036_HARP14090_NOAA14293,2025,block_download_or_coverage,,False
20251130_0200_HARP14108_NOAA14297,2025,block_download_or_coverage,,False
20251130_0212_HARP14090_NOAA14293,2025,block_download_or_coverage,,False
20251130_0336_HARP14108_NOAA14297,2025,block_download_or_coverage,,False
20251130_0348_HARP14090_NOAA14293,2025,block_download_or_coverage,,False
20251130_0512_HARP14108_NOAA14297,2025,block_download_or_coverage,,False
20251130_0524_HARP14090_NOAA14293,2025,block_download_or_coverage,,False
20251130_0648_HARP14108_NOAA14297,2025,block_download_or_coverage,,False
20251130_0700_HARP14090_NOAA14293,2025,block_download_or_coverage,,False
20251130_0824_HARP14108_NOAA14297,2025,block_download_or_coverage,,False
20251130_0836_HARP14090_NOAA14293,2025,block_download_or_coverage,,False
20251130_1000_HARP14108_NOAA14297,2025,block_download_or_coverage,,False
20251130_1012_HARP14090_NOAA14293,2025,block_download_or_coverage,,False
20251130_1136_HARP14108_NOAA14297,2025,block_download_or_coverage,,False
20251130_1148_HARP14090_NOAA14293,2025,block_download_or_coverage,,False
20251130_1312_HARP14108_NOAA14297,2025,block_download_or_coverage,,False
20251130_1324_HARP14090_NOAA14293,2025,block_download_or_coverage,,False
20251130_1448_HARP14108_NOAA14297,2025,block_download_or_coverage,,False
20251130_1500_HARP14090_NOAA14293,2025,block_download_or_coverage,,False
20251130_1624_HARP14108_NOAA14297,2025,block_download_or_coverage,,False
20251130_1636_HARP14090_NOAA14293,2025,block_download_or_coverage,,False
20251130_1812_HARP14090_NOAA14293,2025,block_download_or_coverage,,False
20251130_1936_HARP14108_NOAA14297,2025,block_download_or_coverage,,False
20251130_2112_HARP14108_NOAA14297,2025,block_download_or_coverage,,False
20251130_2248_HARP14108_NOAA14297,2025,block_download_or_coverage,,False
20251201_0024_HARP14108_NOAA14297,2025,block_download_or_coverage,,False
20251201_0200_HARP14108_NOAA14297,2025,block_download_or_coverage,,False
20251201_0336_HARP14108_NOAA14297,2025,block_download_or_coverage,,False
20251201_0512_HARP14108_NOAA14297,2025,block_download_or_coverage,,False
20251201_0648_HARP14108_NOAA14297,2025,block_download_or_coverage,,False
20251201_0824_HARP14108_NOAA14297,2025,block_download_or_coverage,,False
20251201_1000_HARP14108_NOAA14297,2025,block_download_or_coverage,,False
20251201_1136_HARP14108_NOAA14297,2025,block_download_or_coverage,,False
20251201_1312_HARP14108_NOAA14297,2025,block_download_or_coverage,,False
20251201_1448_HARP14108_NOAA14297,2025,block_download_or_coverage,,False
20251201_1624_HARP14108_NOAA14297,2025,block_download_or_coverage,,False
20251201_1936_HARP14108_NOAA14297,2025,block_download_or_coverage,,False
20251201_2112_HARP14108_NOAA14297,2025,block_download_or_coverage,,False
20251201_2248_HARP14108_NOAA14297,2025,block_download_or_coverage,,False
20251202_0024_HARP14108_NOAA14297,2025,block_download_or_coverage,,False
20251202_0200_HARP14108_NOAA14297,2025,block_download_or_coverage,,False
20251202_0336_HARP14108_NOAA14297,2025,block_download_or_coverage,,False
20251202_0512_HARP14108_NOAA14297,2025,block_download_or_coverage,,False
20251202_0648_HARP14108_NOAA14297,2025,block_download_or_coverage,,False
20251202_0824_HARP14108_NOAA14297,2025,block_download_or_coverage,,False
20251202_1000_HARP14108_NOAA14297,2025,block_download_or_coverage,,False
20251202_1136_HARP14108_NOAA14297,2025,block_download_or_coverage,,False
20251202_1312_HARP14108_NOAA14297,2025,block_download_or_coverage,,False
20251202_1448_HARP14108_NOAA14297,2025,block_download_or_coverage,,False
20251202_1624_HARP14108_NOAA14297,2025,block_download_or_coverage,,False
20251202_1936_HARP14108_NOAA14297,2025,block_download_or_coverage,,False
20251202_2136_HARP14108_NOAA14297,2025,block_download_or_coverage,,False
20251202_2312_HARP14108_NOAA14297,2025,block_download_or_coverage,,False
20251203_0048_HARP14108_NOAA14297,2025,block_download_or_coverage,,False
20251203_0224_HARP14108_NOAA14297,2025,block_download_or_coverage,,False
20251203_0400_HARP14108_NOAA14297,2025,block_download_or_coverage,,False
20251203_0536_HARP14108_NOAA14297,2025,block_download_or_coverage,,False
20251203_0712_HARP14108_NOAA14297,2025,block_download_or_coverage,,False
20251203_1148_HARP14111_NOAA14294,2025,block_download_or_coverage,,False
20251203_1324_HARP14111_NOAA14294,2025,block_download_or_coverage,,False
20251203_1536_HARP14111_NOAA14294,2025,block_download_or_coverage,,False
20251204_0336_HARP14115_NOAA14295,2025,block_download_or_coverage,,False
20251204_0512_HARP14115_NOAA14295,2025,block_download_or_coverage,,False
20251204_0648_HARP14115_NOAA14295,2025,block_download_or_coverage,,False
20251204_0736_HARP14111_NOAA14294,2025,block_download_or_coverage,,False
20251204_0824_HARP14115_NOAA14295,2025,block_download_or_coverage,,False
20251204_0912_HARP14111_NOAA14294,2025,block_download_or_coverage,,False
20251204_1000_HARP14115_NOAA14295,2025,block_download_or_coverage,,False
20251204_1048_HARP14111_NOAA14294,2025,block_download_or_coverage,,False
20251204_1136_HARP14115_NOAA14295,2025,block_download_or_coverage,,False
20251204_1224_HARP14111_NOAA14294,2025,block_download_or_coverage,,False
20251204_1236_HARP14117_NOAA14299,2025,block_download_or_coverage,,False
20251204_1312_HARP14115_NOAA14295,2025,block_download_or_coverage,,False
20251204_1400_HARP14111_NOAA14294,2025,block_download_or_coverage,,False
20251204_1412_HARP14117_NOAA14299,2025,block_download_or_coverage,,False
20251204_1448_HARP14115_NOAA14295,2025,block_download_or_coverage,,False
20251204_1536_HARP14111_NOAA14294,2025,block_download_or_coverage,,False
20251204_1548_HARP14117_NOAA14299,2025,block_download_or_coverage,,False
20251204_1624_HARP14115_NOAA14295,2025,block_download_or_coverage,,False
20251204_1712_HARP14111_NOAA14294,2025,block_download_or_coverage,,False
20251204_1724_HARP14117_NOAA14299,2025,block_download_or_coverage,,False
20251204_1848_HARP14111_NOAA14294,2025,block_download_or_coverage,,False
20251204_1900_HARP14117_NOAA14299,2025,block_download_or_coverage,,False
20251204_2024_HARP14111_NOAA14294,2025,block_download_or_coverage,,False
20251204_2036_HARP14117_NOAA14299,2025,block_download_or_coverage,,False
20251204_2200_HARP14111_NOAA14294,2025,block_download_or_coverage,,False
20251204_2212_HARP14117_NOAA14299,2025,block_download_or_coverage,,False
20251204_2336_HARP14111_NOAA14294,2025,block_download_or_coverage,,False
20251204_2348_HARP14117_NOAA14299,2025,block_download_or_coverage,,False
20251205_0112_HARP14111_NOAA14294,2025,block_download_or_coverage,,False
20251205_0124_HARP14117_NOAA14299,2025,block_download_or_coverage,,False
20251205_0248_HARP14111_NOAA14294,2025,block_download_or_coverage,,False
20251205_0300_HARP14117_NOAA14299,2025,block_download_or_coverage,,False
20251205_0424_HARP14111_NOAA14294,2025,block_download_or_coverage,,False
20251205_0436_HARP14117_NOAA14299,2025,block_download_or_coverage,,False
20251205_0612_HARP14117_NOAA14299,2025,block_download_or_coverage,,False
20251205_0736_HARP14111_NOAA14294,2025,block_download_or_coverage,,False
20251205_0748_HARP14117_NOAA14299,2025,block_download_or_coverage,,False
20251205_0912_HARP14111_NOAA14294,2025,block_download_or_coverage,,False
20251205_0924_HARP14117_NOAA14299,2025,block_download_or_coverage,,False
20251205_1048_HARP14111_NOAA14294,2025,block_download_or_coverage,,False
20251205_1100_HARP14117_NOAA14299,2025,block_download_or_coverage,,False
20251205_1224_HARP14111_NOAA14294,2025,block_download_or_coverage,,False
20251205_1236_HARP14117_NOAA14299,2025,block_download_or_coverage,,False
20251205_1400_HARP14111_NOAA14294,2025,block_download_or_coverage,,False
20251205_1412_HARP14117_NOAA14299,2025,block_download_or_coverage,,False
20251205_1536_HARP14111_NOAA14294,2025,block_download_or_coverage,,False
20251205_1548_HARP14117_NOAA14299,2025,block_download_or_coverage,,False
20251205_1612_HARP14124_NOAA14300,2025,block_download_or_coverage,,False
20251205_1712_HARP14111_NOAA14294,2025,block_download_or_coverage,,False
20251205_1724_HARP14117_NOAA14299,2025,block_download_or_coverage,,False
20251205_1748_HARP14124_NOAA14300,2025,block_download_or_coverage,,False
20251205_1848_HARP14111_NOAA14294,2025,block_download_or_coverage,,False
20251205_1900_HARP14117_NOAA14299,2025,block_download_or_coverage,,False
20251205_1924_HARP14124_NOAA14300,2025,block_download_or_coverage,,False
20251205_2024_HARP14111_NOAA14294,2025,block_download_or_coverage,,False
20251205_2036_HARP14117_NOAA14299,2025,block_download_or_coverage,,False
20251205_2100_HARP14124_NOAA14300,2025,block_download_or_coverage,,False
20251205_2200_HARP14111_NOAA14294,2025,block_download_or_coverage,,False
20251205_2212_HARP14117_NOAA14299,2025,block_download_or_coverage,,False
20251205_2236_HARP14124_NOAA14300,2025,block_download_or_coverage,,False
20251205_2336_HARP14111_NOAA14294,2025,block_download_or_coverage,,False
20251205_2348_HARP14117_NOAA14299,2025,block_download_or_coverage,,False
20251206_0012_HARP14124_NOAA14300,2025,block_download_or_coverage,,False
20251206_0112_HARP14111_NOAA14294,2025,block_download_or_coverage,,False
20251206_0124_HARP14117_NOAA14299,2025,block_download_or_coverage,,False
20251206_0148_HARP14124_NOAA14300,2025,block_download_or_coverage,,False
20251206_0248_HARP14111_NOAA14294,2025,block_download_or_coverage,,False
20251206_0300_HARP14117_NOAA14299,2025,block_download_or_coverage,,False
20251206_0324_HARP14124_NOAA14300,2025,block_download_or_coverage,,False
20251206_0424_HARP14111_NOAA14294,2025,block_download_or_coverage,,False
20251206_0436_HARP14117_NOAA14299,2025,block_download_or_coverage,,False
20251206_0500_HARP14124_NOAA14300,2025,block_download_or_coverage,,False
20251206_0612_HARP14117_NOAA14299,2025,block_download_or_coverage,,False
20251206_0636_HARP14124_NOAA14300,2025,block_download_or_coverage,,False
20251206_0736_HARP14111_NOAA14294,2025,block_download_or_coverage,,False
20251206_0748_HARP14117_NOAA14299,2025,block_download_or_coverage,,False
20251206_0812_HARP14124_NOAA14300,2025,block_download_or_coverage,,False
20251206_0912_HARP14111_NOAA14294,2025,block_download_or_coverage,,False
20251206_0924_HARP14117_NOAA14299,2025,block_download_or_coverage,,False
20251206_0948_HARP14124_NOAA14300,2025,block_download_or_coverage,,False
20251206_1048_HARP14111_NOAA14294,2025,block_download_or_coverage,,False
20251206_1100_HARP14117_NOAA14299,2025,block_download_or_coverage,,False
20251206_1124_HARP14124_NOAA14300,2025,block_download_or_coverage,,False
20251206_1224_HARP14111_NOAA14294,2025,block_download_or_coverage,,False
20251206_1236_HARP14117_NOAA14299,2025,block_download_or_coverage,,False
20251206_1300_HARP14124_NOAA14300,2025,block_download_or_coverage,,False
20251206_1400_HARP14111_NOAA14294,2025,block_download_or_coverage,,False
20251206_1412_HARP14117_NOAA14299,2025,block_download_or_coverage,,False
20251206_1436_HARP14124_NOAA14300,2025,block_download_or_coverage,,False
20251206_1536_HARP14111_NOAA14294,2025,block_download_or_coverage,,False
20251206_1548_HARP14117_NOAA14299,2025,block_download_or_coverage,,False
20251206_1612_HARP14124_NOAA14300,2025,block_download_or_coverage,,False
20251206_1712_HARP14111_NOAA14294,2025,block_download_or_coverage,,False
20251206_1724_HARP14117_NOAA14299,2025,block_download_or_coverage,,False
20251206_1748_HARP14124_NOAA14300,2025,block_download_or_coverage,,False
20251206_1848_HARP14111_NOAA14294,2025,block_download_or_coverage,,False
20251206_1900_HARP14117_NOAA14299,2025,block_download_or_coverage,,False
20251206_1924_HARP14124_NOAA14300,2025,block_download_or_coverage,,False
20251206_2024_HARP14111_NOAA14294,2025,block_download_or_coverage,,False
20251206_2036_HARP14117_NOAA14299,2025,block_download_or_coverage,,False
20251206_2100_HARP14124_NOAA14300,2025,block_download_or_coverage,,False
20251206_2200_HARP14111_NOAA14294,2025,block_download_or_coverage,,False
20251206_2212_HARP14117_NOAA14299,2025,block_download_or_coverage,,False
20251206_2236_HARP14124_NOAA14300,2025,block_download_or_coverage,,False
20251206_2336_HARP14111_NOAA14294,2025,block_download_or_coverage,,False
20251206_2348_HARP14117_NOAA14299,2025,block_download_or_coverage,,False
20251207_0012_HARP14124_NOAA14300,2025,block_download_or_coverage,,False
20251207_0112_HARP14111_NOAA14294,2025,block_download_or_coverage,,False
20251207_0124_HARP14117_NOAA14299,2025,block_download_or_coverage,,False
20251207_0148_HARP14124_NOAA14300,2025,block_download_or_coverage,,False
20251207_0248_HARP14111_NOAA14294,2025,block_download_or_coverage,,False
20251207_0300_HARP14117_NOAA14299,2025,block_download_or_coverage,,False
20251207_0324_HARP14124_NOAA14300,2025,block_download_or_coverage,,False
20251207_0424_HARP14111_NOAA14294,2025,block_download_or_coverage,,False
20251207_0436_HARP14117_NOAA14299,2025,block_download_or_coverage,,False
20251207_0500_HARP14124_NOAA14300,2025,block_download_or_coverage,,False
20251207_0612_HARP14117_NOAA14299,2025,block_download_or_coverage,,False
20251207_0636_HARP14124_NOAA14300,2025,block_download_or_coverage,,False
20251207_0736_HARP14111_NOAA14294,2025,block_download_or_coverage,,False
20251207_0748_HARP14117_NOAA14299,2025,block_download_or_coverage,,False
20251207_0812_HARP14124_NOAA14300,2025,block_download_or_coverage,,False
20251207_0912_HARP14111_NOAA14294,2025,block_download_or_coverage,,False
20251207_0924_HARP14117_NOAA14299,2025,block_download_or_coverage,,False
20251207_0948_HARP14124_NOAA14300,2025,block_download_or_coverage,,False
20251207_1012_HARP14138_NOAA14306,2025,block_download_or_coverage,,False
20251207_1048_HARP14111_NOAA14294,2025,block_download_or_coverage,,False
20251207_1100_HARP14117_NOAA14299,2025,block_download_or_coverage,,False
20251207_1124_HARP14124_NOAA14300,2025,block_download_or_coverage,,False
20251207_1148_HARP14138_NOAA14306,2025,block_download_or_coverage,,False
20251207_1224_HARP14111_NOAA14294,2025,block_download_or_coverage,,False
20251207_1236_HARP14117_NOAA14299,2025,block_download_or_coverage,,False
20251207_1300_HARP14124_NOAA14300,2025,block_download_or_coverage,,False
20251207_1324_HARP14138_NOAA14306,2025,block_download_or_coverage,,False
20251207_1400_HARP14111_NOAA14294,2025,block_download_or_coverage,,False
20251207_1412_HARP14117_NOAA14299,2025,block_download_or_coverage,,False
20251207_1436_HARP14124_NOAA14300,2025,block_download_or_coverage,,False
20251207_1500_HARP14138_NOAA14306,2025,block_download_or_coverage,,False
20251207_1536_HARP14111_NOAA14294,2025,block_download_or_coverage,,False
20251207_1548_HARP14117_NOAA14299,2025,block_download_or_coverage,,False
20251207_1636_HARP14138_NOAA14306,2025,block_download_or_coverage,,False
20251207_1712_HARP14111_NOAA14294,2025,block_download_or_coverage,,False
20251207_1724_HARP14117_NOAA14299,2025,block_download_or_coverage,,False
20251207_1812_HARP14138_NOAA14306,2025,block_download_or_coverage,,False
20251207_1848_HARP14111_NOAA14294,2025,block_download_or_coverage,,False
20251207_1900_HARP14117_NOAA14299,2025,block_download_or_coverage,,False
20251207_1936_HARP14115_NOAA14295,2025,block_download_or_coverage,,False
20251207_1948_HARP14138_NOAA14306,2025,block_download_or_coverage,,False
20251207_2024_HARP14111_NOAA14294,2025,block_download_or_coverage,,False
20251207_2036_HARP14117_NOAA14299,2025,block_download_or_coverage,,False
20251207_2112_HARP14115_NOAA14295,2025,block_download_or_coverage,,False
20251207_2124_HARP14138_NOAA14306,2025,block_download_or_coverage,,False
20251207_2200_HARP14111_NOAA14294,2025,block_download_or_coverage,,False
20251207_2248_HARP14115_NOAA14295,2025,block_download_or_coverage,,False
20251207_2300_HARP14138_NOAA14306,2025,block_download_or_coverage,,False
20251207_2348_HARP14117_NOAA14299,2025,block_download_or_coverage,,False
20251208_0024_HARP14115_NOAA14295,2025,block_download_or_coverage,,False
20251208_0036_HARP14138_NOAA14306,2025,block_download_or_coverage,,False
20251208_0124_HARP14117_NOAA14299,2025,block_download_or_coverage,,False
20251208_0200_HARP14115_NOAA14295,2025,block_download_or_coverage,,False
20251208_0212_HARP14138_NOAA14306,2025,block_download_or_coverage,,False
20251208_0300_HARP14117_NOAA14299,2025,block_download_or_coverage,,False
20251208_0336_HARP14115_NOAA14295,2025,block_download_or_coverage,,False
20251208_0348_HARP14138_NOAA14306,2025,block_download_or_coverage,,False
20251208_0436_HARP14117_NOAA14299,2025,block_download_or_coverage,,False
20251208_0512_HARP14115_NOAA14295,2025,block_download_or_coverage,,False
20251208_0524_HARP14138_NOAA14306,2025,block_download_or_coverage,,False
20251208_0612_HARP14117_NOAA14299,2025,block_download_or_coverage,,False
20251208_0648_HARP14115_NOAA14295,2025,block_download_or_coverage,,False
20251208_0700_HARP14138_NOAA14306,2025,block_download_or_coverage,,False
20251208_0748_HARP14117_NOAA14299,2025,block_download_or_coverage,,False
20251208_0824_HARP14115_NOAA14295,2025,block_download_or_coverage,,False
20251208_0836_HARP14138_NOAA14306,2025,block_download_or_coverage,,False
20251208_0924_HARP14117_NOAA14299,2025,block_download_or_coverage,,False
20251208_1000_HARP14115_NOAA14295,2025,block_download_or_coverage,,False
20251208_1012_HARP14138_NOAA14306,2025,block_download_or_coverage,,False
20251208_1100_HARP14117_NOAA14299,2025,block_download_or_coverage,,False
20251208_1136_HARP14115_NOAA14295,2025,block_download_or_coverage,,False
20251208_1148_HARP14138_NOAA14306,2025,block_download_or_coverage,,False
20251208_1236_HARP14117_NOAA14299,2025,block_download_or_coverage,,False
20251208_1312_HARP14115_NOAA14295,2025,block_download_or_coverage,,False
20251208_1324_HARP14138_NOAA14306,2025,block_download_or_coverage,,False
20251208_1412_HARP14117_NOAA14299,2025,block_download_or_coverage,,False
20251208_1500_HARP14138_NOAA14306,2025,block_download_or_coverage,,False
20251208_1548_HARP14117_NOAA14299,2025,block_download_or_coverage,,False
20251208_1636_HARP14138_NOAA14306,2025,block_download_or_coverage,,False
20251208_1724_HARP14117_NOAA14299,2025,block_download_or_coverage,,False
20251208_1812_HARP14138_NOAA14306,2025,block_download_or_coverage,,False
20251208_1900_HARP14117_NOAA14299,2025,block_download_or_coverage,,False
20251208_1948_HARP14138_NOAA14306,2025,block_download_or_coverage,,False
20251208_2036_HARP14117_NOAA14299,2025,block_download_or_coverage,,False
20251208_2124_HARP14138_NOAA14306,2025,block_download_or_coverage,,False
20251208_2212_HARP14117_NOAA14299,2025,block_download_or_coverage,,False
20251208_2300_HARP14138_NOAA14306,2025,block_download_or_coverage,,False
20251208_2348_HARP14117_NOAA14299,2025,block_download_or_coverage,,False
20251209_0036_HARP14138_NOAA14306,2025,block_download_or_coverage,,False
20251209_0124_HARP14117_NOAA14299,2025,block_download_or_coverage,,False
20251209_0212_HARP14138_NOAA14306,2025,block_download_or_coverage,,False
20251209_0300_HARP14117_NOAA14299,2025,block_download_or_coverage,,False
20251209_0348_HARP14138_NOAA14306,2025,block_download_or_coverage,,False
20251209_0436_HARP14117_NOAA14299,2025,block_download_or_coverage,,False
20251209_0524_HARP14138_NOAA14306,2025,block_download_or_coverage,,False
20251209_0612_HARP14117_NOAA14299,2025,block_download_or_coverage,,False
20251209_0700_HARP14138_NOAA14306,2025,block_download_or_coverage,,False
20251209_0748_HARP14117_NOAA14299,2025,block_download_or_coverage,,False
20251209_0836_HARP14138_NOAA14306,2025,block_download_or_coverage,,False
20251209_0924_HARP14117_NOAA14299,2025,block_download_or_coverage,,False
20251209_1012_HARP14138_NOAA14306,2025,block_download_or_coverage,,False
20251209_1100_HARP14117_NOAA14299,2025,block_download_or_coverage,,False
20251209_1148_HARP14138_NOAA14306,2025,block_download_or_coverage,,False
20251209_1236_HARP14117_NOAA14299,2025,block_download_or_coverage,,False
20251209_1324_HARP14138_NOAA14306,2025,block_download_or_coverage,,False
20251209_1412_HARP14117_NOAA14299,2025,block_download_or_coverage,,False
20251209_1500_HARP14138_NOAA14306,2025,block_download_or_coverage,,False
20251209_1536_HARP14143_NOAA14303,2025,block_download_or_coverage,,False
20251209_1548_HARP14117_NOAA14299,2025,block_download_or_coverage,,False
20251209_1636_HARP14138_NOAA14306,2025,block_download_or_coverage,,False
20251209_1712_HARP14143_NOAA14303,2025,block_download_or_coverage,,False
20251209_1724_HARP14117_NOAA14299,2025,block_download_or_coverage,,False
20251209_1812_HARP14138_NOAA14306,2025,block_download_or_coverage,,False
20251209_1848_HARP14143_NOAA14303,2025,block_download_or_coverage,,False
20251209_1948_HARP14138_NOAA14306,2025,block_download_or_coverage,,False
20251209_2024_HARP14143_NOAA14303,2025,block_download_or_coverage,,False
20251209_2124_HARP14138_NOAA14306,2025,block_download_or_coverage,,False
20251209_2200_HARP14143_NOAA14303,2025,block_download_or_coverage,,False
20251209_2300_HARP14138_NOAA14306,2025,block_download_or_coverage,,False
20251209_2336_HARP14143_NOAA14303,2025,block_download_or_coverage,,False
20251210_0036_HARP14138_NOAA14306,2025,block_download_or_coverage,,False
20251210_0112_HARP14143_NOAA14303,2025,block_download_or_coverage,,False
20251210_0212_HARP14138_NOAA14306,2025,block_download_or_coverage,,False
20251210_0248_HARP14143_NOAA14303,2025,block_download_or_coverage,,False
20251210_0348_HARP14138_NOAA14306,2025,block_download_or_coverage,,False
20251210_0424_HARP14143_NOAA14303,2025,block_download_or_coverage,,False
20251210_0524_HARP14138_NOAA14306,2025,block_download_or_coverage,,False
20251210_0700_HARP14138_NOAA14306,2025,block_download_or_coverage,,False
20251210_0736_HARP14143_NOAA14303,2025,block_download_or_coverage,,False
20251210_0836_HARP14138_NOAA14306,2025,block_download_or_coverage,,False
20251210_0912_HARP14143_NOAA14303,2025,block_download_or_coverage,,False
20251210_1012_HARP14138_NOAA14306,2025,block_download_or_coverage,,False
20251210_1048_HARP14143_NOAA14303,2025,block_download_or_coverage,,False
20251210_1136_HARP14156_NOAA14307,2025,block_download_or_coverage,,False
20251210_1148_HARP14138_NOAA14306,2025,block_download_or_coverage,,False
20251210_1224_HARP14143_NOAA14303,2025,block_download_or_coverage,,False
20251210_1312_HARP14156_NOAA14307,2025,block_download_or_coverage,,False
20251210_1324_HARP14138_NOAA14306,2025,block_download_or_coverage,,False
20251210_1400_HARP14143_NOAA14303,2025,block_download_or_coverage,,False
20251210_1448_HARP14156_NOAA14307,2025,block_download_or_coverage,,False
20251210_1500_HARP14138_NOAA14306,2025,block_download_or_coverage,,False
20251210_1536_HARP14143_NOAA14303,2025,block_download_or_coverage,,False
20251210_1624_HARP14156_NOAA14307,2025,block_download_or_coverage,,False
20251210_1636_HARP14138_NOAA14306,2025,block_download_or_coverage,,False
20251210_1712_HARP14143_NOAA14303,2025,block_download_or_coverage,,False
20251210_1812_HARP14138_NOAA14306,2025,block_download_or_coverage,,False
20251210_2000_HARP14138_NOAA14306,2025,block_download_or_coverage,,False
20251210_2036_HARP14143_NOAA14303,2025,block_download_or_coverage,,False
20251210_2136_HARP14138_NOAA14306,2025,block_download_or_coverage,,False
20251210_2212_HARP14143_NOAA14303,2025,block_download_or_coverage,,False
20251210_2312_HARP14138_NOAA14306,2025,block_download_or_coverage,,False
20251210_2348_HARP14143_NOAA14303,2025,block_download_or_coverage,,False
20251211_0048_HARP14138_NOAA14306,2025,block_download_or_coverage,,False
20251211_0124_HARP14143_NOAA14303,2025,block_download_or_coverage,,False
20251211_0224_HARP14138_NOAA14306,2025,block_download_or_coverage,,False
20251211_0300_HARP14143_NOAA14303,2025,block_download_or_coverage,,False
20251211_0400_HARP14138_NOAA14306,2025,block_download_or_coverage,,False
20251211_0436_HARP14143_NOAA14303,2025,block_download_or_coverage,,False
20251211_0536_HARP14138_NOAA14306,2025,block_download_or_coverage,,False
20251211_0612_HARP14143_NOAA14303,2025,block_download_or_coverage,,False
20251211_0712_HARP14138_NOAA14306,2025,block_download_or_coverage,,False
20251211_0748_HARP14143_NOAA14303,2025,block_download_or_coverage,,False
20251211_0848_HARP14138_NOAA14306,2025,block_download_or_coverage,,False
20251211_0924_HARP14143_NOAA14303,2025,block_download_or_coverage,,False
20251211_1024_HARP14138_NOAA14306,2025,block_download_or_coverage,,False
20251211_1100_HARP14143_NOAA14303,2025,block_download_or_coverage,,False
20251211_1200_HARP14138_NOAA14306,2025,block_download_or_coverage,,False
20251211_1236_HARP14143_NOAA14303,2025,block_download_or_coverage,,False
20251211_1336_HARP14138_NOAA14306,2025,block_download_or_coverage,,False
20251211_1412_HARP14143_NOAA14303,2025,block_download_or_coverage,,False
20251211_1512_HARP14138_NOAA14306,2025,block_download_or_coverage,,False
20251211_1548_HARP14143_NOAA14303,2025,block_download_or_coverage,,False
20251211_1648_HARP14138_NOAA14306,2025,block_download_or_coverage,,False
20251211_1724_HARP14143_NOAA14303,2025,block_download_or_coverage,,False
20251211_1824_HARP14138_NOAA14306,2025,block_download_or_coverage,,False
20251211_1900_HARP14143_NOAA14303,2025,block_download_or_coverage,,False
20251211_1948_HARP14156_NOAA14307,2025,block_download_or_coverage,,False
20251211_2000_HARP14138_NOAA14306,2025,block_download_or_coverage,,False
20251211_2124_HARP14156_NOAA14307,2025,block_download_or_coverage,,False
20251211_2136_HARP14138_NOAA14306,2025,block_download_or_coverage,,False
20251211_2300_HARP14156_NOAA14307,2025,block_download_or_coverage,,False
20251212_0036_HARP14156_NOAA14307,2025,block_download_or_coverage,,False
20251212_0212_HARP14156_NOAA14307,2025,block_download_or_coverage,,False
20251212_0348_HARP14156_NOAA14307,2025,block_download_or_coverage,,False
20251212_0524_HARP14156_NOAA14307,2025,block_download_or_coverage,,False
20251212_0700_HARP14156_NOAA14307,2025,block_download_or_coverage,,False
20251212_0748_HARP14143_NOAA14303,2025,block_download_or_coverage,,False
20251212_0836_HARP14156_NOAA14307,2025,block_download_or_coverage,,False
20251212_0924_HARP14143_NOAA14303,2025,block_download_or_coverage,,False
20251212_1012_HARP14156_NOAA14307,2025,block_download_or_coverage,,False
20251212_1100_HARP14143_NOAA14303,2025,block_download_or_coverage,,False
20251212_1148_HARP14156_NOAA14307,2025,block_download_or_coverage,,False
20251212_1236_HARP14143_NOAA14303,2025,block_download_or_coverage,,False
20251212_1324_HARP14156_NOAA14307,2025,block_download_or_coverage,,False
20251212_1500_HARP14156_NOAA14307,2025,block_download_or_coverage,,False
20251212_1548_HARP14143_NOAA14303,2025,block_download_or_coverage,,False
20251212_1636_HARP14156_NOAA14307,2025,block_download_or_coverage,,False
20251212_1724_HARP14143_NOAA14303,2025,block_download_or_coverage,,False
20251212_1812_HARP14156_NOAA14307,2025,block_download_or_coverage,,False
20251212_1900_HARP14143_NOAA14303,2025,block_download_or_coverage,,False
20251212_1948_HARP14156_NOAA14307,2025,block_download_or_coverage,,False
20251212_2036_HARP14143_NOAA14303,2025,block_download_or_coverage,,False
20251212_2124_HARP14156_NOAA14307,2025,block_download_or_coverage,,False
20251212_2212_HARP14143_NOAA14303,2025,block_download_or_coverage,,False
20251212_2300_HARP14156_NOAA14307,2025,block_download_or_coverage,,False
20251212_2348_HARP14143_NOAA14303,2025,block_download_or_coverage,,False
20251213_0036_HARP14156_NOAA14307,2025,block_download_or_coverage,,False
20251213_0124_HARP14143_NOAA14303,2025,block_download_or_coverage,,False
20251213_0212_HARP14156_NOAA14307,2025,block_download_or_coverage,,False
20251213_0300_HARP14143_NOAA14303,2025,block_download_or_coverage,,False
20251213_0348_HARP14156_NOAA14307,2025,block_download_or_coverage,,False
20251213_0436_HARP14143_NOAA14303,2025,block_download_or_coverage,,False
20251213_0524_HARP14156_NOAA14307,2025,block_download_or_coverage,,False
20251213_0612_HARP14143_NOAA14303,2025,block_download_or_coverage,,False
20251213_0700_HARP14156_NOAA14307,2025,block_download_or_coverage,,False
20251213_0748_HARP14143_NOAA14303,2025,block_download_or_coverage,,False
20251213_0836_HARP14156_NOAA14307,2025,block_download_or_coverage,,False
20251213_0924_HARP14143_NOAA14303,2025,block_download_or_coverage,,False
20251213_1012_HARP14156_NOAA14307,2025,block_download_or_coverage,,False
20251213_1100_HARP14143_NOAA14303,2025,block_download_or_coverage,,False
20251213_1148_HARP14156_NOAA14307,2025,block_download_or_coverage,,False
20251213_1236_HARP14143_NOAA14303,2025,block_download_or_coverage,,False
20251213_1324_HARP14156_NOAA14307,2025,block_download_or_coverage,,False
20251213_1412_HARP14143_NOAA14303,2025,block_download_or_coverage,,False
20251213_1500_HARP14156_NOAA14307,2025,block_download_or_coverage,,False
20251213_1636_HARP14156_NOAA14307,2025,block_download_or_coverage,,False
20251213_1812_HARP14156_NOAA14307,2025,block_download_or_coverage,,False
20251213_1948_HARP14156_NOAA14307,2025,block_download_or_coverage,,False
20251213_2124_HARP14156_NOAA14307,2025,block_download_or_coverage,,False
20251213_2300_HARP14156_NOAA14307,2025,block_download_or_coverage,,False
20251214_0036_HARP14156_NOAA14307,2025,block_download_or_coverage,,False
20251214_0212_HARP14156_NOAA14307,2025,block_download_or_coverage,,False
20251214_0348_HARP14156_NOAA14307,2025,block_download_or_coverage,,False
20251214_0524_HARP14156_NOAA14307,2025,block_download_or_coverage,,False
20251214_0700_HARP14156_NOAA14307,2025,block_download_or_coverage,,False
20251214_0824_HARP14172_NOAA14310,2025,block_download_or_coverage,,False
20251214_0836_HARP14156_NOAA14307,2025,block_download_or_coverage,,False
20251214_1000_HARP14172_NOAA14310,2025,block_download_or_coverage,,False
20251214_1012_HARP14156_NOAA14307,2025,block_download_or_coverage,,False
20251214_1136_HARP14172_NOAA14310,2025,block_download_or_coverage,,False
20251214_1148_HARP14156_NOAA14307,2025,block_download_or_coverage,,False
20251214_1324_HARP14156_NOAA14307,2025,block_download_or_coverage,,False
20251214_1448_HARP14172_NOAA14310,2025,block_download_or_coverage,,False
20251214_1500_HARP14156_NOAA14307,2025,block_download_or_coverage,,False
20251214_1636_HARP14156_NOAA14307,2025,block_download_or_coverage,,False
20251215_0124_HARP14165_NOAA14308,2025,block_download_or_coverage,,False
20251215_0300_HARP14165_NOAA14308,2025,block_download_or_coverage,,False
20251215_0436_HARP14165_NOAA14308,2025,block_download_or_coverage,,False
20251215_0612_HARP14165_NOAA14308,2025,block_download_or_coverage,,False
20251215_0736_HARP14172_NOAA14310,2025,block_download_or_coverage,,False
20251215_0748_HARP14165_NOAA14308,2025,block_download_or_coverage,,False
20251215_0924_HARP14165_NOAA14308,2025,block_download_or_coverage,,False
20251215_1048_HARP14172_NOAA14310,2025,block_download_or_coverage,,False
20251215_1100_HARP14165_NOAA14308,2025,block_download_or_coverage,,False
20251215_1224_HARP14172_NOAA14310,2025,block_download_or_coverage,,False
20251215_1236_HARP14165_NOAA14308,2025,block_download_or_coverage,,False
20251215_1400_HARP14172_NOAA14310,2025,block_download_or_coverage,,False
20251215_1412_HARP14165_NOAA14308,2025,block_download_or_coverage,,False
20251215_1536_HARP14172_NOAA14310,2025,block_download_or_coverage,,False
20251215_1548_HARP14165_NOAA14308,2025,block_download_or_coverage,,False
20251215_1712_HARP14172_NOAA14310,2025,block_download_or_coverage,,False
20251215_1724_HARP14165_NOAA14308,2025,block_download_or_coverage,,False
20251215_1848_HARP14172_NOAA14310,2025,block_download_or_coverage,,False
20251215_1900_HARP14165_NOAA14308,2025,block_download_or_coverage,,False
20251215_2024_HARP14172_NOAA14310,2025,block_download_or_coverage,,False
20251215_2036_HARP14165_NOAA14308,2025,block_download_or_coverage,,False
20251215_2200_HARP14172_NOAA14310,2025,block_download_or_coverage,,False
20251215_2212_HARP14165_NOAA14308,2025,block_download_or_coverage,,False
20251215_2336_HARP14172_NOAA14310,2025,block_download_or_coverage,,False
20251215_2348_HARP14165_NOAA14308,2025,block_download_or_coverage,,False
20251216_0112_HARP14172_NOAA14310,2025,block_download_or_coverage,,False
20251216_0248_HARP14172_NOAA14310,2025,block_download_or_coverage,,False
20251216_0424_HARP14172_NOAA14310,2025,block_download_or_coverage,,False
20251216_0736_HARP14172_NOAA14310,2025,block_download_or_coverage,,False
20251216_0912_HARP14172_NOAA14310,2025,block_download_or_coverage,,False
20251217_0124_HARP14165_NOAA14308,2025,block_download_or_coverage,,False
20251217_0300_HARP14165_NOAA14308,2025,block_download_or_coverage,,False
20251217_0436_HARP14165_NOAA14308,2025,block_download_or_coverage,,False
20251217_0612_HARP14165_NOAA14308,2025,block_download_or_coverage,,False
20251217_0748_HARP14165_NOAA14308,2025,block_download_or_coverage,,False
20251217_0924_HARP14165_NOAA14308,2025,block_download_or_coverage,,False
20251217_1100_HARP14165_NOAA14308,2025,block_download_or_coverage,,False
20251217_1236_HARP14165_NOAA14308,2025,block_download_or_coverage,,False
20251217_1412_HARP14165_NOAA14308,2025,block_download_or_coverage,,False
20251217_1548_HARP14165_NOAA14308,2025,block_download_or_coverage,,False
20251217_1724_HARP14165_NOAA14308,2025,block_download_or_coverage,,False
20251217_1900_HARP14165_NOAA14308,2025,block_download_or_coverage,,False
20251217_2100_HARP14165_NOAA14308,2025,block_download_or_coverage,,False
20251217_2236_HARP14165_NOAA14308,2025,block_download_or_coverage,,False
20251218_0012_HARP14165_NOAA14308,2025,block_download_or_coverage,,False
20251218_0148_HARP14165_NOAA14308,2025,block_download_or_coverage,,False
20251218_0324_HARP14165_NOAA14308,2025,block_download_or_coverage,,False
20251218_0500_HARP14165_NOAA14308,2025,block_download_or_coverage,,False
20251218_0636_HARP14165_NOAA14308,2025,block_download_or_coverage,,False
20251218_0812_HARP14165_NOAA14308,2025,block_download_or_coverage,,False
20251218_0948_HARP14165_NOAA14308,2025,block_download_or_coverage,,False
20251218_1124_HARP14165_NOAA14308,2025,block_download_or_coverage,,False
20251218_1300_HARP14165_NOAA14308,2025,block_download_or_coverage,,False
20251218_1436_HARP14165_NOAA14308,2025,block_download_or_coverage,,False
20251218_1612_HARP14165_NOAA14308,2025,block_download_or_coverage,,False
20251218_1748_HARP14165_NOAA14308,2025,block_download_or_coverage,,False
20251218_1924_HARP14165_NOAA14308,2025,block_download_or_coverage,,False
20251218_2100_HARP14165_NOAA14308,2025,block_download_or_coverage,,False
20251218_2236_HARP14165_NOAA14308,2025,block_download_or_coverage,,False
20251219_0012_HARP14165_NOAA14308,2025,block_download_or_coverage,,False
20251219_0148_HARP14165_NOAA14308,2025,block_download_or_coverage,,False
20251219_0236_HARP14183_NOAA14322,2025,block_download_or_coverage,,False
20251219_0324_HARP14165_NOAA14308,2025,block_download_or_coverage,,False
20251219_0412_HARP14183_NOAA14322,2025,block_download_or_coverage,,False
20251219_0500_HARP14165_NOAA14308,2025,block_download_or_coverage,,False
20251219_0548_HARP14183_NOAA14322,2025,block_download_or_coverage,,False
20251219_0636_HARP14165_NOAA14308,2025,block_download_or_coverage,,False
20251219_0724_HARP14183_NOAA14322,2025,block_download_or_coverage,,False
20251219_0812_HARP14165_NOAA14308,2025,block_download_or_coverage,,False
20251219_0900_HARP14183_NOAA14322,2025,block_download_or_coverage,,False
20251219_0948_HARP14165_NOAA14308,2025,block_download_or_coverage,,False
20251219_1036_HARP14183_NOAA14322,2025,block_download_or_coverage,,False
20251219_1124_HARP14165_NOAA14308,2025,block_download_or_coverage,,False
20251219_1212_HARP14183_NOAA14322,2025,block_download_or_coverage,,False
20251219_1300_HARP14165_NOAA14308,2025,block_download_or_coverage,,False
20251219_1348_HARP14183_NOAA14322,2025,block_download_or_coverage,,False
20251219_1436_HARP14165_NOAA14308,2025,block_download_or_coverage,,False
20251219_1524_HARP14183_NOAA14322,2025,block_download_or_coverage,,False
20251219_1612_HARP14165_NOAA14308,2025,block_download_or_coverage,,False
20251219_1700_HARP14183_NOAA14322,2025,block_download_or_coverage,,False
20251219_1748_HARP14165_NOAA14308,2025,block_download_or_coverage,,False
20251219_1836_HARP14183_NOAA14322,2025,block_download_or_coverage,,False
20251219_1924_HARP14165_NOAA14308,2025,block_download_or_coverage,,False
20251219_2012_HARP14183_NOAA14322,2025,block_download_or_coverage,,False
20251219_2048_HARP14177_NOAA14313,2025,block_download_or_coverage,,False
20251219_2100_HARP14165_NOAA14308,2025,block_download_or_coverage,,False
20251219_2148_HARP14183_NOAA14322,2025,block_download_or_coverage,,False
20251219_2224_HARP14177_NOAA14313,2025,block_download_or_coverage,,False
20251219_2236_HARP14165_NOAA14308,2025,block_download_or_coverage,,False
20251219_2324_HARP14183_NOAA14322,2025,block_download_or_coverage,,False
20251220_0000_HARP14177_NOAA14313,2025,block_download_or_coverage,,False
20251220_0100_HARP14183_NOAA14322,2025,block_download_or_coverage,,False
20251220_0136_HARP14177_NOAA14313,2025,block_download_or_coverage,,False
20251220_0312_HARP14177_NOAA14313,2025,block_download_or_coverage,,False
20251220_0448_HARP14177_NOAA14313,2025,block_download_or_coverage,,False
20251220_0624_HARP14177_NOAA14313,2025,block_download_or_coverage,,False
20251220_0800_HARP14177_NOAA14313,2025,block_download_or_coverage,,False
20251220_0936_HARP14177_NOAA14313,2025,block_download_or_coverage,,False
20251220_1112_HARP14177_NOAA14313,2025,block_download_or_coverage,,False
20251220_1248_HARP14177_NOAA14313,2025,block_download_or_coverage,,False
20251220_1424_HARP14177_NOAA14313,2025,block_download_or_coverage,,False
20251220_1600_HARP14177_NOAA14313,2025,block_download_or_coverage,,False
20251220_1736_HARP14177_NOAA14313,2025,block_download_or_coverage,,False
20251220_1912_HARP14177_NOAA14313,2025,block_download_or_coverage,,False
20251220_2048_HARP14177_NOAA14313,2025,block_download_or_coverage,,False
20251220_2224_HARP14177_NOAA14313,2025,block_download_or_coverage,,False
20251221_0000_HARP14177_NOAA14313,2025,block_download_or_coverage,,False
20251221_0136_HARP14177_NOAA14313,2025,block_download_or_coverage,,False
20251221_0236_HARP14183_NOAA14322,2025,block_download_or_coverage,,False
20251221_0312_HARP14177_NOAA14313,2025,block_download_or_coverage,,False
20251221_0412_HARP14183_NOAA14322,2025,block_download_or_coverage,,False
20251221_0448_HARP14177_NOAA14313,2025,block_download_or_coverage,,False
20251221_0548_HARP14183_NOAA14322,2025,block_download_or_coverage,,False
20251221_0624_HARP14177_NOAA14313,2025,block_download_or_coverage,,False
20251221_0724_HARP14183_NOAA14322,2025,block_download_or_coverage,,False
20251221_0800_HARP14177_NOAA14313,2025,block_download_or_coverage,,False
20251221_0900_HARP14183_NOAA14322,2025,block_download_or_coverage,,False
20251221_0936_HARP14177_NOAA14313,2025,block_download_or_coverage,,False
20251221_1036_HARP14183_NOAA14322,2025,block_download_or_coverage,,False
20251221_1112_HARP14177_NOAA14313,2025,block_download_or_coverage,,False
20251221_1212_HARP14183_NOAA14322,2025,block_download_or_coverage,,False
20251221_1248_HARP14177_NOAA14313,2025,block_download_or_coverage,,False
20251221_1348_HARP14183_NOAA14322,2025,block_download_or_coverage,,False
20251221_1424_HARP14177_NOAA14313,2025,block_download_or_coverage,,False
20251221_1524_HARP14183_NOAA14322,2025,block_download_or_coverage,,False
20251221_1600_HARP14177_NOAA14313,2025,block_download_or_coverage,,False
20251221_1700_HARP14183_NOAA14322,2025,block_download_or_coverage,,False
20251221_1736_HARP14177_NOAA14313,2025,block_download_or_coverage,,False
20251221_1836_HARP14176_NOAA14312,2025,block_download_or_coverage,,False
20251221_1836_HARP14183_NOAA14322,2025,block_download_or_coverage,,False
20251221_1912_HARP14177_NOAA14313,2025,block_download_or_coverage,,False
20251221_2012_HARP14176_NOAA14312,2025,block_download_or_coverage,,False
20251221_2012_HARP14183_NOAA14322,2025,block_download_or_coverage,,False
20251221_2048_HARP14177_NOAA14313,2025,block_download_or_coverage,,False
20251221_2148_HARP14176_NOAA14312,2025,block_download_or_coverage,,False
20251221_2148_HARP14183_NOAA14322,2025,block_download_or_coverage,,False
20251221_2224_HARP14177_NOAA14313,2025,block_download_or_coverage,,False
20251221_2324_HARP14176_NOAA14312,2025,block_download_or_coverage,,False
20251221_2324_HARP14183_NOAA14322,2025,block_download_or_coverage,,False
20251222_0000_HARP14177_NOAA14313,2025,block_download_or_coverage,,False
20251222_0100_HARP14176_NOAA14312,2025,block_download_or_coverage,,False
20251222_0100_HARP14183_NOAA14322,2025,block_download_or_coverage,,False
20251222_0136_HARP14177_NOAA14313,2025,block_download_or_coverage,,False
20251222_0236_HARP14176_NOAA14312,2025,block_download_or_coverage,,False
20251222_0236_HARP14183_NOAA14322,2025,block_download_or_coverage,,False
20251222_0312_HARP14177_NOAA14313,2025,block_download_or_coverage,,False
20251222_0412_HARP14176_NOAA14312,2025,block_download_or_coverage,,False
20251222_0412_HARP14183_NOAA14322,2025,block_download_or_coverage,,False
20251222_0448_HARP14177_NOAA14313,2025,block_download_or_coverage,,False
20251222_0548_HARP14176_NOAA14312,2025,block_download_or_coverage,,False
20251222_0548_HARP14183_NOAA14322,2025,block_download_or_coverage,,False
20251222_0624_HARP14177_NOAA14313,2025,block_download_or_coverage,,False
20251222_0724_HARP14176_NOAA14312,2025,block_download_or_coverage,,False
20251222_0724_HARP14183_NOAA14322,2025,block_download_or_coverage,,False
20251222_0800_HARP14177_NOAA14313,2025,block_download_or_coverage,,False
20251222_0900_HARP14176_NOAA14312,2025,block_download_or_coverage,,False
20251222_0900_HARP14183_NOAA14322,2025,block_download_or_coverage,,False
20251222_0936_HARP14177_NOAA14313,2025,block_download_or_coverage,,False
20251222_1036_HARP14176_NOAA14312,2025,block_download_or_coverage,,False
20251222_1036_HARP14183_NOAA14322,2025,block_download_or_coverage,,False
20251222_1112_HARP14177_NOAA14313,2025,block_download_or_coverage,,False
20251222_1212_HARP14176_NOAA14312,2025,block_download_or_coverage,,False
20251222_1212_HARP14183_NOAA14322,2025,block_download_or_coverage,,False
20251222_1248_HARP14177_NOAA14313,2025,block_download_or_coverage,,False
20251222_1348_HARP14176_NOAA14312,2025,block_download_or_coverage,,False
20251222_1348_HARP14183_NOAA14322,2025,block_download_or_coverage,,False
20251222_1424_HARP14177_NOAA14313,2025,block_download_or_coverage,,False
20251222_1524_HARP14176_NOAA14312,2025,block_download_or_coverage,,False
20251222_1524_HARP14183_NOAA14322,2025,block_download_or_coverage,,False
20251222_1600_HARP14177_NOAA14313,2025,block_download_or_coverage,,False
20251222_1700_HARP14176_NOAA14312,2025,block_download_or_coverage,,False
20251222_1700_HARP14183_NOAA14322,2025,block_download_or_coverage,,False
20251222_1736_HARP14177_NOAA14313,2025,block_download_or_coverage,,False
20251222_1836_HARP14176_NOAA14312,2025,block_download_or_coverage,,False
20251222_1836_HARP14183_NOAA14322,2025,block_download_or_coverage,,False
20251222_2012_HARP14176_NOAA14312,2025,block_download_or_coverage,,False
20251222_2012_HARP14183_NOAA14322,2025,block_download_or_coverage,,False
20251222_2048_HARP14177_NOAA14313,2025,block_download_or_coverage,,False
20251222_2148_HARP14176_NOAA14312,2025,block_download_or_coverage,,False
20251222_2148_HARP14183_NOAA14322,2025,block_download_or_coverage,,False
20251222_2224_HARP14177_NOAA14313,2025,block_download_or_coverage,,False
20251222_2324_HARP14176_NOAA14312,2025,block_download_or_coverage,,False
20251222_2324_HARP14183_NOAA14322,2025,block_download_or_coverage,,False
20251223_0000_HARP14177_NOAA14313,2025,block_download_or_coverage,,False
20251223_0100_HARP14176_NOAA14312,2025,block_download_or_coverage,,False
20251223_0100_HARP14183_NOAA14322,2025,block_download_or_coverage,,False
20251223_0136_HARP14177_NOAA14313,2025,block_download_or_coverage,,False
20251223_0236_HARP14176_NOAA14312,2025,block_download_or_coverage,,False
20251223_0236_HARP14183_NOAA14322,2025,block_download_or_coverage,,False
20251223_0312_HARP14177_NOAA14313,2025,block_download_or_coverage,,False
20251223_0412_HARP14176_NOAA14312,2025,block_download_or_coverage,,False
20251223_0412_HARP14183_NOAA14322,2025,block_download_or_coverage,,False
20251223_0448_HARP14177_NOAA14313,2025,block_download_or_coverage,,False
20251223_0548_HARP14176_NOAA14312,2025,block_download_or_coverage,,False
20251223_0548_HARP14183_NOAA14322,2025,block_download_or_coverage,,False
20251223_0724_HARP14176_NOAA14312,2025,block_download_or_coverage,,False
20251223_0724_HARP14183_NOAA14322,2025,block_download_or_coverage,,False
20251223_0900_HARP14176_NOAA14312,2025,block_download_or_coverage,,False
20251223_0900_HARP14183_NOAA14322,2025,block_download_or_coverage,,False
20251223_1036_HARP14176_NOAA14312,2025,block_download_or_coverage,,False
20251223_1036_HARP14183_NOAA14322,2025,block_download_or_coverage,,False
20251223_1212_HARP14176_NOAA14312,2025,block_download_or_coverage,,False
20251223_1348_HARP14176_NOAA14312,2025,block_download_or_coverage,,False
20251223_1524_HARP14176_NOAA14312,2025,block_download_or_coverage,,False
20251223_1700_HARP14176_NOAA14312,2025,block_download_or_coverage,,False
20251223_1836_HARP14176_NOAA14312,2025,block_download_or_coverage,,False
20251223_2024_HARP14176_NOAA14312,2025,block_download_or_coverage,,False
20251223_2048_HARP14187_NOAA14316,2025,block_download_or_coverage,,False
20251223_2200_HARP14176_NOAA14312,2025,block_download_or_coverage,,False
20251223_2224_HARP14187_NOAA14316,2025,block_download_or_coverage,,False
20251223_2336_HARP14176_NOAA14312,2025,block_download_or_coverage,,False
20251224_0000_HARP14187_NOAA14316,2025,block_download_or_coverage,,False
20251224_0112_HARP14176_NOAA14312,2025,block_download_or_coverage,,False
20251224_0136_HARP14187_NOAA14316,2025,block_download_or_coverage,,False
20251224_0248_HARP14176_NOAA14312,2025,block_download_or_coverage,,False
20251224_0312_HARP14187_NOAA14316,2025,block_download_or_coverage,,False
20251224_0424_HARP14176_NOAA14312,2025,block_download_or_coverage,,False
20251224_0448_HARP14187_NOAA14316,2025,block_download_or_coverage,,False
20251224_0624_HARP14187_NOAA14316,2025,block_download_or_coverage,,False
20251224_0736_HARP14176_NOAA14312,2025,block_download_or_coverage,,False
20251224_0800_HARP14187_NOAA14316,2025,block_download_or_coverage,,False
20251224_0912_HARP14176_NOAA14312,2025,block_download_or_coverage,,False
20251224_0936_HARP14187_NOAA14316,2025,block_download_or_coverage,,False
20251224_1048_HARP14176_NOAA14312,2025,block_download_or_coverage,,False
20251224_1112_HARP14187_NOAA14316,2025,block_download_or_coverage,,False
20251224_1224_HARP14176_NOAA14312,2025,block_download_or_coverage,,False
20251224_1236_HARP14191_NOAA14317,2025,block_download_or_coverage,,False
20251224_1248_HARP14187_NOAA14316,2025,block_download_or_coverage,,False
20251224_1400_HARP14176_NOAA14312,2025,block_download_or_coverage,,False
20251224_1412_HARP14191_NOAA14317,2025,block_download_or_coverage,,False
20251224_1424_HARP14187_NOAA14316,2025,block_download_or_coverage,,False
20251224_1536_HARP14176_NOAA14312,2025,block_download_or_coverage,,False
20251224_1548_HARP14191_NOAA14317,2025,block_download_or_coverage,,False
20251224_1600_HARP14187_NOAA14316,2025,block_download_or_coverage,,False
20251224_1712_HARP14176_NOAA14312,2025,block_download_or_coverage,,False
20251224_1724_HARP14191_NOAA14317,2025,block_download_or_coverage,,False
20251224_1736_HARP14187_NOAA14316,2025,block_download_or_coverage,,False
20251224_1848_HARP14176_NOAA14312,2025,block_download_or_coverage,,False
20251224_1900_HARP14191_NOAA14317,2025,block_download_or_coverage,,False
20251224_1912_HARP14187_NOAA14316,2025,block_download_or_coverage,,False
20251224_2024_HARP14176_NOAA14312,2025,block_download_or_coverage,,False
20251224_2036_HARP14191_NOAA14317,2025,block_download_or_coverage,,False
20251224_2048_HARP14187_NOAA14316,2025,block_download_or_coverage,,False
20251224_2200_HARP14176_NOAA14312,2025,block_download_or_coverage,,False
20251224_2212_HARP14191_NOAA14317,2025,block_download_or_coverage,,False
20251224_2224_HARP14187_NOAA14316,2025,block_download_or_coverage,,False
20251224_2336_HARP14176_NOAA14312,2025,block_download_or_coverage,,False
20251224_2348_HARP14191_NOAA14317,2025,block_download_or_coverage,,False
20251225_0000_HARP14187_NOAA14316,2025,block_download_or_coverage,,False
20251225_0112_HARP14176_NOAA14312,2025,block_download_or_coverage,,False
20251225_0124_HARP14191_NOAA14317,2025,block_download_or_coverage,,False
20251225_0136_HARP14187_NOAA14316,2025,block_download_or_coverage,,False
20251225_0248_HARP14176_NOAA14312,2025,block_download_or_coverage,,False
20251225_0300_HARP14191_NOAA14317,2025,block_download_or_coverage,,False
20251225_0312_HARP14187_NOAA14316,2025,block_download_or_coverage,,False
20251225_0424_HARP14176_NOAA14312,2025,block_download_or_coverage,,False
20251225_0436_HARP14191_NOAA14317,2025,block_download_or_coverage,,False
20251225_0448_HARP14187_NOAA14316,2025,block_download_or_coverage,,False
20251225_0612_HARP14191_NOAA14317,2025,block_download_or_coverage,,False
20251225_0624_HARP14187_NOAA14316,2025,block_download_or_coverage,,False
20251225_0748_HARP14191_NOAA14317,2025,block_download_or_coverage,,False
20251225_0800_HARP14187_NOAA14316,2025,block_download_or_coverage,,False
20251225_0924_HARP14191_NOAA14317,2025,block_download_or_coverage,,False
20251225_0936_HARP14187_NOAA14316,2025,block_download_or_coverage,,False
20251225_1100_HARP14191_NOAA14317,2025,block_download_or_coverage,,False
20251225_1112_HARP14187_NOAA14316,2025,block_download_or_coverage,,False
20251225_1236_HARP14191_NOAA14317,2025,block_download_or_coverage,,False
20251225_1248_HARP14187_NOAA14316,2025,block_download_or_coverage,,False
20251225_1412_HARP14191_NOAA14317,2025,block_download_or_coverage,,False
20251225_1424_HARP14187_NOAA14316,2025,block_download_or_coverage,,False
20251225_1548_HARP14191_NOAA14317,2025,block_download_or_coverage,,False
20251225_1600_HARP14187_NOAA14316,2025,block_download_or_coverage,,False
20251225_1724_HARP14191_NOAA14317,2025,block_download_or_coverage,,False
20251225_1736_HARP14187_NOAA14316,2025,block_download_or_coverage,,False
20251225_1900_HARP14191_NOAA14317,2025,block_download_or_coverage,,False
20251225_1900_HARP14200_NOAA14319,2025,block_download_or_coverage,,False
20251225_1912_HARP14187_NOAA14316,2025,block_download_or_coverage,,False
20251225_2036_HARP14191_NOAA14317,2025,block_download_or_coverage,,False
20251225_2036_HARP14200_NOAA14319,2025,block_download_or_coverage,,False
20251225_2048_HARP14187_NOAA14316,2025,block_download_or_coverage,,False
20251225_2212_HARP14191_NOAA14317,2025,block_download_or_coverage,,False
20251225_2212_HARP14200_NOAA14319,2025,block_download_or_coverage,,False
20251225_2224_HARP14187_NOAA14316,2025,block_download_or_coverage,,False
20251225_2348_HARP14191_NOAA14317,2025,block_download_or_coverage,,False
20251225_2348_HARP14200_NOAA14319,2025,block_download_or_coverage,,False
20251226_0000_HARP14187_NOAA14316,2025,block_download_or_coverage,,False
20251226_0124_HARP14191_NOAA14317,2025,block_download_or_coverage,,False
20251226_0124_HARP14200_NOAA14319,2025,block_download_or_coverage,,False
20251226_0136_HARP14187_NOAA14316,2025,block_download_or_coverage,,False
20251226_0300_HARP14191_NOAA14317,2025,block_download_or_coverage,,False
20251226_0300_HARP14200_NOAA14319,2025,block_download_or_coverage,,False
20251226_0312_HARP14187_NOAA14316,2025,block_download_or_coverage,,False
20251226_0436_HARP14191_NOAA14317,2025,block_download_or_coverage,,False
20251226_0436_HARP14200_NOAA14319,2025,block_download_or_coverage,,False
20251226_0448_HARP14187_NOAA14316,2025,block_download_or_coverage,,False
20251226_0612_HARP14191_NOAA14317,2025,block_download_or_coverage,,False
20251226_0612_HARP14200_NOAA14319,2025,block_download_or_coverage,,False
20251226_0624_HARP14187_NOAA14316,2025,block_download_or_coverage,,False
20251226_0748_HARP14191_NOAA14317,2025,block_download_or_coverage,,False
20251226_0748_HARP14200_NOAA14319,2025,block_download_or_coverage,,False
20251226_0800_HARP14187_NOAA14316,2025,block_download_or_coverage,,False
20251226_0924_HARP14191_NOAA14317,2025,block_download_or_coverage,,False
20251226_0924_HARP14200_NOAA14319,2025,block_download_or_coverage,,False
20251226_1100_HARP14191_NOAA14317,2025,block_download_or_coverage,,False
20251226_1100_HARP14200_NOAA14319,2025,block_download_or_coverage,,False
20251226_1236_HARP14191_NOAA14317,2025,block_download_or_coverage,,False
20251226_1236_HARP14200_NOAA14319,2025,block_download_or_coverage,,False
20251226_1412_HARP14191_NOAA14317,2025,block_download_or_coverage,,False
20251226_1412_HARP14200_NOAA14319,2025,block_download_or_coverage,,False
20251226_1548_HARP14191_NOAA14317,2025,block_download_or_coverage,,False
20251226_1548_HARP14200_NOAA14319,2025,block_download_or_coverage,,False
20251226_1724_HARP14191_NOAA14317,2025,block_download_or_coverage,,False
20251226_1724_HARP14200_NOAA14319,2025,block_download_or_coverage,,False
20251226_1736_HARP14205_NOAA14320,2025,block_download_or_coverage,,False
20251226_1900_HARP14191_NOAA14317,2025,block_download_or_coverage,,False
20251226_1900_HARP14200_NOAA14319,2025,block_download_or_coverage,,False
20251226_1912_HARP14205_NOAA14320,2025,block_download_or_coverage,,False
20251226_2036_HARP14191_NOAA14317,2025,block_download_or_coverage,,False
20251226_2036_HARP14200_NOAA14319,2025,block_download_or_coverage,,False
20251226_2048_HARP14205_NOAA14320,2025,block_download_or_coverage,,False
20251226_2212_HARP14191_NOAA14317,2025,block_download_or_coverage,,False
20251226_2212_HARP14200_NOAA14319,2025,block_download_or_coverage,,False
20251226_2224_HARP14205_NOAA14320,2025,block_download_or_coverage,,False
20251226_2348_HARP14191_NOAA14317,2025,block_download_or_coverage,,False
20251226_2348_HARP14200_NOAA14319,2025,block_download_or_coverage,,False
20251227_0000_HARP14205_NOAA14320,2025,block_download_or_coverage,,False
20251227_0124_HARP14191_NOAA14317,2025,block_download_or_coverage,,False
20251227_0124_HARP14200_NOAA14319,2025,block_download_or_coverage,,False
20251227_0136_HARP14205_NOAA14320,2025,block_download_or_coverage,,False
20251227_0300_HARP14191_NOAA14317,2025,block_download_or_coverage,,False
20251227_0300_HARP14200_NOAA14319,2025,block_download_or_coverage,,False
20251227_0312_HARP14205_NOAA14320,2025,block_download_or_coverage,,False
20251227_0436_HARP14191_NOAA14317,2025,block_download_or_coverage,,False
20251227_0436_HARP14200_NOAA14319,2025,block_download_or_coverage,,False
20251227_0448_HARP14205_NOAA14320,2025,block_download_or_coverage,,False
20251227_0612_HARP14191_NOAA14317,2025,block_download_or_coverage,,False
20251227_0612_HARP14200_NOAA14319,2025,block_download_or_coverage,,False
20251227_0624_HARP14205_NOAA14320,2025,block_download_or_coverage,,False
20251227_0748_HARP14191_NOAA14317,2025,block_download_or_coverage,,False
20251227_0748_HARP14200_NOAA14319,2025,block_download_or_coverage,,False
20251227_0800_HARP14205_NOAA14320,2025,block_download_or_coverage,,False
20251227_0924_HARP14191_NOAA14317,2025,block_download_or_coverage,,False
20251227_0924_HARP14200_NOAA14319,2025,block_download_or_coverage,,False
20251227_0936_HARP14205_NOAA14320,2025,block_download_or_coverage,,False
20251227_1100_HARP14191_NOAA14317,2025,block_download_or_coverage,,False
20251227_1100_HARP14200_NOAA14319,2025,block_download_or_coverage,,False
20251227_1112_HARP14205_NOAA14320,2025,block_download_or_coverage,,False
20251227_1236_HARP14191_NOAA14317,2025,block_download_or_coverage,,False
20251227_1236_HARP14200_NOAA14319,2025,block_download_or_coverage,,False
20251227_1248_HARP14205_NOAA14320,2025,block_download_or_coverage,,False
20251227_1412_HARP14191_NOAA14317,2025,block_download_or_coverage,,False
20251227_1412_HARP14200_NOAA14319,2025,block_download_or_coverage,,False
20251227_1424_HARP14205_NOAA14320,2025,block_download_or_coverage,,False
20251227_1548_HARP14191_NOAA14317,2025,block_download_or_coverage,,False
20251227_1548_HARP14200_NOAA14319,2025,block_download_or_coverage,,False
20251227_1600_HARP14205_NOAA14320,2025,block_download_or_coverage,,False
20251227_1724_HARP14191_NOAA14317,2025,block_download_or_coverage,,False
20251227_1724_HARP14200_NOAA14319,2025,block_download_or_coverage,,False
20251227_1736_HARP14205_NOAA14320,2025,block_download_or_coverage,,False
20251227_1900_HARP14191_NOAA14317,2025,block_download_or_coverage,,False
20251227_1900_HARP14200_NOAA14319,2025,block_download_or_coverage,,False
20251227_1912_HARP14205_NOAA14320,2025,block_download_or_coverage,,False
20251227_2036_HARP14191_NOAA14317,2025,block_download_or_coverage,,False
20251227_2036_HARP14200_NOAA14319,2025,block_download_or_coverage,,False
20251227_2048_HARP14205_NOAA14320,2025,block_download_or_coverage,,False
20251227_2212_HARP14191_NOAA14317,2025,block_download_or_coverage,,False
20251227_2212_HARP14200_NOAA14319,2025,block_download_or_coverage,,False
20251227_2224_HARP14205_NOAA14320,2025,block_download_or_coverage,,False
20251227_2348_HARP14191_NOAA14317,2025,block_download_or_coverage,,False
20251227_2348_HARP14200_NOAA14319,2025,block_download_or_coverage,,False
20251228_0000_HARP14205_NOAA14320,2025,block_download_or_coverage,,False
20251228_0124_HARP14191_NOAA14317,2025,block_download_or_coverage,,False
20251228_0124_HARP14200_NOAA14319,2025,block_download_or_coverage,,False
20251228_0136_HARP14205_NOAA14320,2025,block_download_or_coverage,,False
20251228_0300_HARP14191_NOAA14317,2025,block_download_or_coverage,,False
20251228_0300_HARP14200_NOAA14319,2025,block_download_or_coverage,,False
20251228_0312_HARP14205_NOAA14320,2025,block_download_or_coverage,,False
20251228_0436_HARP14191_NOAA14317,2025,block_download_or_coverage,,False
20251228_0436_HARP14200_NOAA14319,2025,block_download_or_coverage,,False
20251228_0448_HARP14205_NOAA14320,2025,block_download_or_coverage,,False
20251228_0612_HARP14191_NOAA14317,2025,block_download_or_coverage,,False
20251228_0612_HARP14200_NOAA14319,2025,block_download_or_coverage,,False
20251228_0624_HARP14205_NOAA14320,2025,block_download_or_coverage,,False
20251228_0748_HARP14191_NOAA14317,2025,block_download_or_coverage,,False
20251228_0748_HARP14200_NOAA14319,2025,block_download_or_coverage,,False
20251228_0800_HARP14205_NOAA14320,2025,block_download_or_coverage,,False
20251228_0924_HARP14191_NOAA14317,2025,block_download_or_coverage,,False
20251228_0924_HARP14200_NOAA14319,2025,block_download_or_coverage,,False
20251228_0936_HARP14205_NOAA14320,2025,block_download_or_coverage,,False
20251228_1100_HARP14191_NOAA14317,2025,block_download_or_coverage,,False
20251228_1100_HARP14200_NOAA14319,2025,block_download_or_coverage,,False
20251228_1112_HARP14205_NOAA14320,2025,block_download_or_coverage,,False
20251228_1236_HARP14191_NOAA14317,2025,block_download_or_coverage,,False
20251228_1236_HARP14200_NOAA14319,2025,block_download_or_coverage,,False
20251228_1236_HARP14230_NOAA14327,2025,block_download_or_coverage,,False
20251228_1248_HARP14205_NOAA14320,2025,block_download_or_coverage,,False
20251228_1412_HARP14191_NOAA14317,2025,block_download_or_coverage,,False
20251228_1412_HARP14200_NOAA14319,2025,block_download_or_coverage,,False
20251228_1412_HARP14230_NOAA14327,2025,block_download_or_coverage,,False
20251228_1424_HARP14205_NOAA14320,2025,block_download_or_coverage,,False
20251228_1548_HARP14191_NOAA14317,2025,block_download_or_coverage,,False
20251228_1548_HARP14200_NOAA14319,2025,block_download_or_coverage,,False
20251228_1548_HARP14230_NOAA14327,2025,block_download_or_coverage,,False
20251228_1600_HARP14205_NOAA14320,2025,block_download_or_coverage,,False
20251228_1724_HARP14191_NOAA14317,2025,block_download_or_coverage,,False
20251228_1724_HARP14200_NOAA14319,2025,block_download_or_coverage,,False
20251228_1724_HARP14230_NOAA14327,2025,block_download_or_coverage,,False
20251228_1736_HARP14205_NOAA14320,2025,block_download_or_coverage,,False
20251228_1900_HARP14191_NOAA14317,2025,block_download_or_coverage,,False
20251228_1900_HARP14230_NOAA14327,2025,block_download_or_coverage,,False
20251228_1912_HARP14205_NOAA14320,2025,block_download_or_coverage,,False
20251228_2036_HARP14191_NOAA14317,2025,block_download_or_coverage,,False
20251228_2036_HARP14230_NOAA14327,2025,block_download_or_coverage,,False
20251228_2048_HARP14205_NOAA14320,2025,block_download_or_coverage,,False
20251228_2212_HARP14191_NOAA14317,2025,block_download_or_coverage,,False
20251228_2212_HARP14230_NOAA14327,2025,block_download_or_coverage,,False
20251228_2224_HARP14205_NOAA14320,2025,block_download_or_coverage,,False
20251228_2348_HARP14191_NOAA14317,2025,block_download_or_coverage,,False
20251228_2348_HARP14230_NOAA14327,2025,block_download_or_coverage,,False
20251229_0000_HARP14205_NOAA14320,2025,block_download_or_coverage,,False
20251229_0124_HARP14230_NOAA14327,2025,block_download_or_coverage,,False
20251229_0136_HARP14205_NOAA14320,2025,block_download_or_coverage,,False
20251229_0300_HARP14230_NOAA14327,2025,block_download_or_coverage,,False
20251229_0312_HARP14205_NOAA14320,2025,block_download_or_coverage,,False
20251229_0436_HARP14230_NOAA14327,2025,block_download_or_coverage,,False
20251229_0448_HARP14205_NOAA14320,2025,block_download_or_coverage,,False
20251229_0612_HARP14230_NOAA14327,2025,block_download_or_coverage,,False
20251229_0624_HARP14205_NOAA14320,2025,block_download_or_coverage,,False
20251229_0748_HARP14230_NOAA14327,2025,block_download_or_coverage,,False
20251229_0800_HARP14205_NOAA14320,2025,block_download_or_coverage,,False
20251229_0924_HARP14230_NOAA14327,2025,block_download_or_coverage,,False
20251229_0936_HARP14205_NOAA14320,2025,block_download_or_coverage,,False
20251229_1100_HARP14230_NOAA14327,2025,block_download_or_coverage,,False
20251229_1112_HARP14205_NOAA14320,2025,block_download_or_coverage,,False
20251229_1236_HARP14230_NOAA14327,2025,block_download_or_coverage,,False
20251229_1248_HARP14205_NOAA14320,2025,block_download_or_coverage,,False
20251229_1424_HARP14205_NOAA14320,2025,block_download_or_coverage,,False
20251229_1600_HARP14205_NOAA14320,2025,block_download_or_coverage,,False
20251229_1736_HARP14205_NOAA14320,2025,block_download_or_coverage,,False
20251229_1900_HARP14200_NOAA14319,2025,block_download_or_coverage,,False
20251229_1912_HARP14205_NOAA14320,2025,block_download_or_coverage,,False
20251229_2036_HARP14200_NOAA14319,2025,block_download_or_coverage,,False
20251229_2212_HARP14200_NOAA14319,2025,block_download_or_coverage,,False
20251229_2348_HARP14200_NOAA14319,2025,block_download_or_coverage,,False
20251230_0124_HARP14200_NOAA14319,2025,block_download_or_coverage,,False
20251230_0300_HARP14200_NOAA14319,2025,block_download_or_coverage,,False
20251230_0436_HARP14200_NOAA14319,2025,block_download_or_coverage,,False
20251230_0800_HARP14205_NOAA14320,2025,block_download_or_coverage,,False
20251230_0936_HARP14205_NOAA14320,2025,block_download_or_coverage,,False
20251230_0936_HARP14215_NOAA14323,2025,block_download_or_coverage,,False
20251230_1112_HARP14205_NOAA14320,2025,block_download_or_coverage,,False
20251230_1112_HARP14215_NOAA14323,2025,block_download_or_coverage,,False
20251230_1248_HARP14205_NOAA14320,2025,block_download_or_coverage,,False
20251230_1248_HARP14215_NOAA14323,2025,block_download_or_coverage,,False
20251230_1424_HARP14205_NOAA14320,2025,block_download_or_coverage,,False
20251230_1424_HARP14215_NOAA14323,2025,block_download_or_coverage,,False
20251230_1600_HARP14205_NOAA14320,2025,block_download_or_coverage,,False
20251230_1600_HARP14215_NOAA14323,2025,block_download_or_coverage,,False
20251230_1612_HARP14220_NOAA14324,2025,block_download_or_coverage,,False
20251230_1736_HARP14205_NOAA14320,2025,block_download_or_coverage,,False
20251230_1736_HARP14215_NOAA14323,2025,block_download_or_coverage,,False
20251230_1748_HARP14220_NOAA14324,2025,block_download_or_coverage,,False
20251230_1912_HARP14205_NOAA14320,2025,block_download_or_coverage,,False
20251230_1912_HARP14215_NOAA14323,2025,block_download_or_coverage,,False
20251230_2112_HARP14205_NOAA14320,2025,block_download_or_coverage,,False
20251230_2112_HARP14215_NOAA14323,2025,block_download_or_coverage,,False
20251230_2248_HARP14205_NOAA14320,2025,block_download_or_coverage,,False
20251230_2248_HARP14215_NOAA14323,2025,block_download_or_coverage,,False
20251231_0024_HARP14205_NOAA14320,2025,block_download_or_coverage,,False
20251231_0024_HARP14215_NOAA14323,2025,block_download_or_coverage,,False
20251231_0200_HARP14205_NOAA14320,2025,block_download_or_coverage,,False
20251231_0200_HARP14215_NOAA14323,2025,block_download_or_coverage,,False
20251231_0336_HARP14215_NOAA14323,2025,block_download_or_coverage,,False
20251231_0512_HARP14215_NOAA14323,2025,block_download_or_coverage,,False
20251231_0648_HARP14215_NOAA14323,2025,block_download_or_coverage,,False
20251231_0824_HARP14215_NOAA14323,2025,block_download_or_coverage,,False
20251231_1000_HARP14215_NOAA14323,2025,block_download_or_coverage,,False
20251231_1136_HARP14215_NOAA14323,2025,block_download_or_coverage,,False
20251231_1312_HARP14215_NOAA14323,2025,block_download_or_coverage,,False
20251231_1448_HARP14215_NOAA14323,2025,block_download_or_coverage,,False
20251231_1624_HARP14215_NOAA14323,2025,block_download_or_coverage,,False
20251231_1936_HARP14215_NOAA14323,2025,block_download_or_coverage,,False
20251231_2112_HARP14215_NOAA14323,2025,block_download_or_coverage,,False
20251231_2124_HARP14220_NOAA14324,2025,block_download_or_coverage,,False
20251231_2248_HARP14215_NOAA14323,2025,block_download_or_coverage,,False
20251231_2300_HARP14220_NOAA14324,2025,block_download_or_coverage,,False
20260113_1036_HARP14277_NOAA14340,2026,block_download_or_coverage,2026_HARP14277_20260113_1036_20260114_0548,True
20260113_1212_HARP14277_NOAA14340,2026,block_download_or_coverage,2026_HARP14277_20260113_1036_20260114_0548,True
20260113_1348_HARP14277_NOAA14340,2026,block_download_or_coverage,2026_HARP14277_20260113_1036_20260114_0548,True
20260113_1524_HARP14277_NOAA14340,2026,block_download_or_coverage,2026_HARP14277_20260113_1036_20260114_0548,True
20260113_1700_HARP14277_NOAA14340,2026,block_download_or_coverage,2026_HARP14277_20260113_1036_20260114_0548,True
20260113_1836_HARP14277_NOAA14340,2026,block_download_or_coverage,2026_HARP14277_20260113_1036_20260114_0548,True
20260113_2012_HARP14277_NOAA14340,2026,block_download_or_coverage,2026_HARP14277_20260113_1036_20260114_0548,True
20260113_2148_HARP14277_NOAA14340,2026,block_download_or_coverage,2026_HARP14277_20260113_1036_20260114_0548,True
20260113_2324_HARP14277_NOAA14340,2026,block_download_or_coverage,2026_HARP14277_20260113_1036_20260114_0548,True
20260114_0100_HARP14277_NOAA14340,2026,block_download_or_coverage,2026_HARP14277_20260113_1036_20260114_0548,True
20260114_0236_HARP14277_NOAA14340,2026,block_download_or_coverage,2026_HARP14277_20260113_1036_20260114_0548,True
20260114_0412_HARP14277_NOAA14340,2026,block_download_or_coverage,2026_HARP14277_20260113_1036_20260114_0548,True
20260114_0548_HARP14277_NOAA14340,2026,block_download_or_coverage,2026_HARP14277_20260113_1036_20260114_0548,True
20260120_1936_HARP14282_NOAA14341,2026,block_download_or_coverage,2026_HARP14282_20260120_1936_20260121_0512,True
20260120_1936_HARP14284_NOAA14342,2026,block_download_or_coverage,2026_HARP14284_20260120_1936_20260121_0512,True
20260120_2112_HARP14282_NOAA14341,2026,block_download_or_coverage,2026_HARP14282_20260120_1936_20260121_0512,True
20260120_2112_HARP14284_NOAA14342,2026,block_download_or_coverage,2026_HARP14284_20260120_1936_20260121_0512,True
20260120_2248_HARP14282_NOAA14341,2026,block_download_or_coverage,2026_HARP14282_20260120_1936_20260121_0512,True
20260120_2248_HARP14284_NOAA14342,2026,block_download_or_coverage,2026_HARP14284_20260120_1936_20260121_0512,True
20260121_0024_HARP14282_NOAA14341,2026,block_download_or_coverage,2026_HARP14282_20260120_1936_20260121_0512,True
20260121_0024_HARP14284_NOAA14342,2026,block_download_or_coverage,2026_HARP14284_20260120_1936_20260121_0512,True
20260121_0200_HARP14282_NOAA14341,2026,block_download_or_coverage,2026_HARP14282_20260120_1936_20260121_0512,True
20260121_0200_HARP14284_NOAA14342,2026,block_download_or_coverage,2026_HARP14284_20260120_1936_20260121_0512,True
20260121_0336_HARP14282_NOAA14341,2026,block_download_or_coverage,2026_HARP14282_20260120_1936_20260121_0512,True
20260121_0336_HARP14284_NOAA14342,2026,block_download_or_coverage,2026_HARP14284_20260120_1936_20260121_0512,True
20260121_0512_HARP14282_NOAA14341,2026,block_download_or_coverage,2026_HARP14282_20260120_1936_20260121_0512,True
20260121_0512_HARP14284_NOAA14342,2026,block_download_or_coverage,2026_HARP14284_20260120_1936_20260121_0512,True
20260125_1136_HARP14305_NOAA14349,2026,crop_patch_boundary,2026_HARP14305_20260125_1000_20260125_1624,True
20260125_1312_HARP14305_NOAA14349,2026,crop_patch_boundary,2026_HARP14305_20260125_1000_20260125_1624,True
20260125_1448_HARP14305_NOAA14349,2026,crop_patch_boundary,2026_HARP14305_20260125_1000_20260125_1624,True
20260125_1624_HARP14305_NOAA14349,2026,crop_patch_boundary,2026_HARP14305_20260125_1000_20260125_1624,True
20260125_1948_HARP14305_NOAA14349,2026,crop_patch_boundary,2026_HARP14305_20260125_1948_20260126_0524,True
20260125_2124_HARP14305_NOAA14349,2026,crop_patch_boundary,2026_HARP14305_20260125_1948_20260126_0524,True
20260125_2300_HARP14305_NOAA14349,2026,crop_patch_boundary,2026_HARP14305_20260125_1948_20260126_0524,True
20260126_0036_HARP14305_NOAA14349,2026,crop_patch_boundary,2026_HARP14305_20260125_1948_20260126_0524,True
20260126_0212_HARP14305_NOAA14349,2026,crop_patch_boundary,2026_HARP14305_20260125_1948_20260126_0524,True
20260126_0348_HARP14305_NOAA14349,2026,crop_patch_boundary,2026_HARP14305_20260125_1948_20260126_0524,True
20260126_0524_HARP14305_NOAA14349,2026,crop_patch_boundary,2026_HARP14305_20260125_1948_20260126_0524,True
20260126_1112_HARP14305_NOAA14349,2026,crop_patch_boundary,2026_HARP14305_20260126_1112_20260127_0312,True
20260126_1248_HARP14305_NOAA14349,2026,crop_patch_boundary,2026_HARP14305_20260126_1112_20260127_0312,True
20260126_1424_HARP14305_NOAA14349,2026,crop_patch_boundary,2026_HARP14305_20260126_1112_20260127_0312,True
20260126_1600_HARP14305_NOAA14349,2026,crop_patch_boundary,2026_HARP14305_20260126_1112_20260127_0312,True
20260126_1736_HARP14305_NOAA14349,2026,crop_patch_boundary,2026_HARP14305_20260126_1112_20260127_0312,True
20260126_1912_HARP14305_NOAA14349,2026,crop_patch_boundary,2026_HARP14305_20260126_1112_20260127_0312,True
20260126_2048_HARP14305_NOAA14349,2026,crop_patch_boundary,2026_HARP14305_20260126_1112_20260127_0312,True
20260126_2224_HARP14305_NOAA14349,2026,crop_patch_boundary,2026_HARP14305_20260126_1112_20260127_0312,True
20260127_0000_HARP14305_NOAA14349,2026,crop_patch_boundary,2026_HARP14305_20260126_1112_20260127_0312,True
20260127_0136_HARP14305_NOAA14349,2026,crop_patch_boundary,2026_HARP14305_20260126_1112_20260127_0312,True
20260127_0312_HARP14305_NOAA14349,2026,crop_patch_boundary,2026_HARP14305_20260126_1112_20260127_0312,True
20260127_0624_HARP14305_NOAA14349,2026,crop_patch_boundary,2026_HARP14305_20260127_0624_20260127_0624,True
20260127_1024_HARP14305_NOAA14349,2026,crop_patch_boundary,2026_HARP14305_20260127_1024_20260128_0424,True
20260127_1200_HARP14305_NOAA14349,2026,crop_patch_boundary,2026_HARP14305_20260127_1024_20260128_0424,True
20260127_1336_HARP14305_NOAA14349,2026,crop_patch_boundary,2026_HARP14305_20260127_1024_20260128_0424,True
20260127_1512_HARP14305_NOAA14349,2026,crop_patch_boundary,2026_HARP14305_20260127_1024_20260128_0424,True
20260127_1648_HARP14305_NOAA14349,2026,crop_patch_boundary,2026_HARP14305_20260127_1024_20260128_0424,True
20260127_1824_HARP14305_NOAA14349,2026,crop_patch_boundary,2026_HARP14305_20260127_1024_20260128_0424,True
20260127_2024_HARP14305_NOAA14349,2026,crop_patch_boundary,2026_HARP14305_20260127_1024_20260128_0424,True
20260127_2200_HARP14305_NOAA14349,2026,crop_patch_boundary,2026_HARP14305_20260127_1024_20260128_0424,True
20260127_2336_HARP14305_NOAA14349,2026,crop_patch_boundary,2026_HARP14305_20260127_1024_20260128_0424,True
20260128_0112_HARP14305_NOAA14349,2026,crop_patch_boundary,2026_HARP14305_20260127_1024_20260128_0424,True
20260128_0248_HARP14305_NOAA14349,2026,crop_patch_boundary,2026_HARP14305_20260127_1024_20260128_0424,True
20260128_0424_HARP14305_NOAA14349,2026,crop_patch_boundary,2026_HARP14305_20260127_1024_20260128_0424,True
20260128_1000_HARP14305_NOAA14349,2026,block_download_or_coverage,2026_HARP14305_20260128_1000_20260129_0548,True
20260128_1136_HARP14305_NOAA14349,2026,block_download_or_coverage,2026_HARP14305_20260128_1000_20260129_0548,True
20260128_1312_HARP14305_NOAA14349,2026,block_download_or_coverage,2026_HARP14305_20260128_1000_20260129_0548,True
20260128_1524_HARP14305_NOAA14349,2026,block_download_or_coverage,2026_HARP14305_20260128_1000_20260129_0548,True
20260128_1700_HARP14305_NOAA14349,2026,block_download_or_coverage,2026_HARP14305_20260128_1000_20260129_0548,True
20260128_1836_HARP14305_NOAA14349,2026,block_download_or_coverage,2026_HARP14305_20260128_1000_20260129_0548,True
20260128_2012_HARP14305_NOAA14349,2026,block_download_or_coverage,2026_HARP14305_20260128_1000_20260129_0548,True
20260128_2148_HARP14305_NOAA14349,2026,block_download_or_coverage,2026_HARP14305_20260128_1000_20260129_0548,True
20260128_2324_HARP14305_NOAA14349,2026,block_download_or_coverage,2026_HARP14305_20260128_1000_20260129_0548,True
20260129_0100_HARP14305_NOAA14349,2026,block_download_or_coverage,2026_HARP14305_20260128_1000_20260129_0548,True
20260129_0236_HARP14305_NOAA14349,2026,block_download_or_coverage,2026_HARP14305_20260128_1000_20260129_0548,True
20260129_0412_HARP14305_NOAA14349,2026,block_download_or_coverage,2026_HARP14305_20260128_1000_20260129_0548,True
20260129_0548_HARP14305_NOAA14349,2026,block_download_or_coverage,2026_HARP14305_20260128_1000_20260129_0548,True
20260129_1112_HARP14305_NOAA14349,2026,crop_patch_boundary,2026_HARP14305_20260129_1112_20260130_0136,True
20260129_1248_HARP14305_NOAA14349,2026,crop_patch_boundary,2026_HARP14305_20260129_1112_20260130_0136,True
20260129_1424_HARP14305_NOAA14349,2026,crop_patch_boundary,2026_HARP14305_20260129_1112_20260130_0136,True
20260129_1600_HARP14305_NOAA14349,2026,crop_patch_boundary,2026_HARP14305_20260129_1112_20260130_0136,True
20260129_1736_HARP14305_NOAA14349,2026,crop_patch_boundary,2026_HARP14305_20260129_1112_20260130_0136,True
20260129_1912_HARP14305_NOAA14349,2026,crop_patch_boundary,2026_HARP14305_20260129_1112_20260130_0136,True
20260129_2048_HARP14305_NOAA14349,2026,crop_patch_boundary,2026_HARP14305_20260129_1112_20260130_0136,True
20260129_2224_HARP14305_NOAA14349,2026,crop_patch_boundary,2026_HARP14305_20260129_1112_20260130_0136,True
20260130_0000_HARP14305_NOAA14349,2026,crop_patch_boundary,2026_HARP14305_20260129_1112_20260130_0136,True
20260130_0136_HARP14305_NOAA14349,2026,crop_patch_boundary,2026_HARP14305_20260129_1112_20260130_0136,True
20260306_2100_HARP14465_NOAA14385,2026,block_download_or_coverage,2026_HARP14465_20260306_2100_20260307_1924,True
20260306_2124_HARP14471_NOAA14388,2026,block_download_or_coverage,2026_HARP14471_20260306_2124_20260307_1948,True
20260306_2148_HARP14448_NOAA14381,2026,block_download_or_coverage,2026_HARP14448_20260306_2148_20260307_2012,True
20260306_2236_HARP14465_NOAA14385,2026,block_download_or_coverage,2026_HARP14465_20260306_2100_20260307_1924,True
20260306_2300_HARP14471_NOAA14388,2026,block_download_or_coverage,2026_HARP14471_20260306_2124_20260307_1948,True
20260306_2324_HARP14448_NOAA14381,2026,block_download_or_coverage,2026_HARP14448_20260306_2148_20260307_2012,True
20260307_0012_HARP14465_NOAA14385,2026,block_download_or_coverage,2026_HARP14465_20260306_2100_20260307_1924,True
20260307_0036_HARP14471_NOAA14388,2026,block_download_or_coverage,2026_HARP14471_20260306_2124_20260307_1948,True
20260307_0100_HARP14448_NOAA14381,2026,block_download_or_coverage,2026_HARP14448_20260306_2148_20260307_2012,True
20260307_0148_HARP14465_NOAA14385,2026,block_download_or_coverage,2026_HARP14465_20260306_2100_20260307_1924,True
20260307_0212_HARP14471_NOAA14388,2026,block_download_or_coverage,2026_HARP14471_20260306_2124_20260307_1948,True
20260307_0236_HARP14448_NOAA14381,2026,block_download_or_coverage,2026_HARP14448_20260306_2148_20260307_2012,True
20260307_0324_HARP14465_NOAA14385,2026,block_download_or_coverage,2026_HARP14465_20260306_2100_20260307_1924,True
20260307_0348_HARP14471_NOAA14388,2026,block_download_or_coverage,2026_HARP14471_20260306_2124_20260307_1948,True
20260307_0412_HARP14448_NOAA14381,2026,block_download_or_coverage,2026_HARP14448_20260306_2148_20260307_2012,True
20260307_0500_HARP14465_NOAA14385,2026,block_download_or_coverage,2026_HARP14465_20260306_2100_20260307_1924,True
20260307_0524_HARP14471_NOAA14388,2026,block_download_or_coverage,2026_HARP14471_20260306_2124_20260307_1948,True
20260307_0548_HARP14448_NOAA14381,2026,block_download_or_coverage,2026_HARP14448_20260306_2148_20260307_2012,True
20260307_0636_HARP14465_NOAA14385,2026,block_download_or_coverage,2026_HARP14465_20260306_2100_20260307_1924,True
20260307_0700_HARP14471_NOAA14388,2026,block_download_or_coverage,2026_HARP14471_20260306_2124_20260307_1948,True
20260307_0724_HARP14448_NOAA14381,2026,block_download_or_coverage,2026_HARP14448_20260306_2148_20260307_2012,True
20260307_0812_HARP14465_NOAA14385,2026,block_download_or_coverage,2026_HARP14465_20260306_2100_20260307_1924,True
20260307_0836_HARP14471_NOAA14388,2026,block_download_or_coverage,2026_HARP14471_20260306_2124_20260307_1948,True
20260307_0900_HARP14448_NOAA14381,2026,block_download_or_coverage,2026_HARP14448_20260306_2148_20260307_2012,True
20260307_0948_HARP14465_NOAA14385,2026,block_download_or_coverage,2026_HARP14465_20260306_2100_20260307_1924,True
20260307_1012_HARP14471_NOAA14388,2026,block_download_or_coverage,2026_HARP14471_20260306_2124_20260307_1948,True
20260307_1036_HARP14448_NOAA14381,2026,block_download_or_coverage,2026_HARP14448_20260306_2148_20260307_2012,True
20260307_1124_HARP14465_NOAA14385,2026,block_download_or_coverage,2026_HARP14465_20260306_2100_20260307_1924,True
20260307_1148_HARP14471_NOAA14388,2026,block_download_or_coverage,2026_HARP14471_20260306_2124_20260307_1948,True
20260307_1212_HARP14448_NOAA14381,2026,block_download_or_coverage,2026_HARP14448_20260306_2148_20260307_2012,True
20260307_1300_HARP14465_NOAA14385,2026,block_download_or_coverage,2026_HARP14465_20260306_2100_20260307_1924,True
20260307_1324_HARP14471_NOAA14388,2026,block_download_or_coverage,2026_HARP14471_20260306_2124_20260307_1948,True
20260307_1348_HARP14448_NOAA14381,2026,block_download_or_coverage,2026_HARP14448_20260306_2148_20260307_2012,True
20260307_1436_HARP14465_NOAA14385,2026,block_download_or_coverage,2026_HARP14465_20260306_2100_20260307_1924,True
20260307_1500_HARP14471_NOAA14388,2026,block_download_or_coverage,2026_HARP14471_20260306_2124_20260307_1948,True
20260307_1524_HARP14448_NOAA14381,2026,block_download_or_coverage,2026_HARP14448_20260306_2148_20260307_2012,True
20260307_1612_HARP14465_NOAA14385,2026,block_download_or_coverage,2026_HARP14465_20260306_2100_20260307_1924,True
20260307_1636_HARP14471_NOAA14388,2026,block_download_or_coverage,2026_HARP14471_20260306_2124_20260307_1948,True
20260307_1700_HARP14448_NOAA14381,2026,block_download_or_coverage,2026_HARP14448_20260306_2148_20260307_2012,True
20260307_1748_HARP14465_NOAA14385,2026,block_download_or_coverage,2026_HARP14465_20260306_2100_20260307_1924,True
20260307_1812_HARP14471_NOAA14388,2026,block_download_or_coverage,2026_HARP14471_20260306_2124_20260307_1948,True
20260307_1836_HARP14448_NOAA14381,2026,block_download_or_coverage,2026_HARP14448_20260306_2148_20260307_2012,True
20260307_1924_HARP14465_NOAA14385,2026,block_download_or_coverage,2026_HARP14465_20260306_2100_20260307_1924,True
20260307_1948_HARP14471_NOAA14388,2026,block_download_or_coverage,2026_HARP14471_20260306_2124_20260307_1948,True
20260307_2012_HARP14448_NOAA14381,2026,block_download_or_coverage,2026_HARP14448_20260306_2148_20260307_2012,True
20260307_2100_HARP14465_NOAA14385,2026,block_download_or_coverage,2026_HARP14465_20260307_2100_20260308_1924,True
20260307_2124_HARP14471_NOAA14388,2026,block_download_or_coverage,2026_HARP14471_20260307_2124_20260308_1948,True
20260307_2148_HARP14448_NOAA14381,2026,block_download_or_coverage,2026_HARP14448_20260307_2148_20260308_2012,True
20260307_2236_HARP14465_NOAA14385,2026,block_download_or_coverage,2026_HARP14465_20260307_2100_20260308_1924,True
20260307_2300_HARP14471_NOAA14388,2026,block_download_or_coverage,2026_HARP14471_20260307_2124_20260308_1948,True
20260307_2324_HARP14448_NOAA14381,2026,block_download_or_coverage,2026_HARP14448_20260307_2148_20260308_2012,True
20260308_0012_HARP14465_NOAA14385,2026,block_download_or_coverage,2026_HARP14465_20260307_2100_20260308_1924,True
20260308_0036_HARP14471_NOAA14388,2026,block_download_or_coverage,2026_HARP14471_20260307_2124_20260308_1948,True
20260308_0100_HARP14448_NOAA14381,2026,block_download_or_coverage,2026_HARP14448_20260307_2148_20260308_2012,True
20260308_0148_HARP14465_NOAA14385,2026,block_download_or_coverage,2026_HARP14465_20260307_2100_20260308_1924,True
20260308_0212_HARP14471_NOAA14388,2026,block_download_or_coverage,2026_HARP14471_20260307_2124_20260308_1948,True
20260308_0236_HARP14448_NOAA14381,2026,block_download_or_coverage,2026_HARP14448_20260307_2148_20260308_2012,True
20260308_0324_HARP14465_NOAA14385,2026,block_download_or_coverage,2026_HARP14465_20260307_2100_20260308_1924,True
20260308_0348_HARP14471_NOAA14388,2026,block_download_or_coverage,2026_HARP14471_20260307_2124_20260308_1948,True
20260308_0412_HARP14448_NOAA14381,2026,block_download_or_coverage,2026_HARP14448_20260307_2148_20260308_2012,True
20260308_0500_HARP14465_NOAA14385,2026,block_download_or_coverage,2026_HARP14465_20260307_2100_20260308_1924,True
20260308_0524_HARP14471_NOAA14388,2026,block_download_or_coverage,2026_HARP14471_20260307_2124_20260308_1948,True
20260308_0548_HARP14448_NOAA14381,2026,block_download_or_coverage,2026_HARP14448_20260307_2148_20260308_2012,True
20260308_0636_HARP14465_NOAA14385,2026,block_download_or_coverage,2026_HARP14465_20260307_2100_20260308_1924,True
20260308_0700_HARP14471_NOAA14388,2026,block_download_or_coverage,2026_HARP14471_20260307_2124_20260308_1948,True
20260308_0724_HARP14448_NOAA14381,2026,block_download_or_coverage,2026_HARP14448_20260307_2148_20260308_2012,True
20260308_0812_HARP14465_NOAA14385,2026,block_download_or_coverage,2026_HARP14465_20260307_2100_20260308_1924,True
20260308_0836_HARP14471_NOAA14388,2026,block_download_or_coverage,2026_HARP14471_20260307_2124_20260308_1948,True
20260308_0900_HARP14448_NOAA14381,2026,block_download_or_coverage,2026_HARP14448_20260307_2148_20260308_2012,True
20260308_0948_HARP14465_NOAA14385,2026,block_download_or_coverage,2026_HARP14465_20260307_2100_20260308_1924,True
20260308_1012_HARP14471_NOAA14388,2026,block_download_or_coverage,2026_HARP14471_20260307_2124_20260308_1948,True
20260308_1036_HARP14448_NOAA14381,2026,block_download_or_coverage,2026_HARP14448_20260307_2148_20260308_2012,True
20260308_1124_HARP14465_NOAA14385,2026,block_download_or_coverage,2026_HARP14465_20260307_2100_20260308_1924,True
20260308_1148_HARP14471_NOAA14388,2026,block_download_or_coverage,2026_HARP14471_20260307_2124_20260308_1948,True
20260308_1212_HARP14448_NOAA14381,2026,block_download_or_coverage,2026_HARP14448_20260307_2148_20260308_2012,True
20260308_1300_HARP14465_NOAA14385,2026,block_download_or_coverage,2026_HARP14465_20260307_2100_20260308_1924,True
20260308_1324_HARP14471_NOAA14388,2026,block_download_or_coverage,2026_HARP14471_20260307_2124_20260308_1948,True
20260308_1348_HARP14448_NOAA14381,2026,block_download_or_coverage,2026_HARP14448_20260307_2148_20260308_2012,True
20260308_1436_HARP14465_NOAA14385,2026,block_download_or_coverage,2026_HARP14465_20260307_2100_20260308_1924,True
20260308_1500_HARP14471_NOAA14388,2026,block_download_or_coverage,2026_HARP14471_20260307_2124_20260308_1948,True
20260308_1524_HARP14448_NOAA14381,2026,block_download_or_coverage,2026_HARP14448_20260307_2148_20260308_2012,True
20260308_1612_HARP14465_NOAA14385,2026,block_download_or_coverage,2026_HARP14465_20260307_2100_20260308_1924,True
20260308_1636_HARP14471_NOAA14388,2026,block_download_or_coverage,2026_HARP14471_20260307_2124_20260308_1948,True
20260308_1700_HARP14448_NOAA14381,2026,block_download_or_coverage,2026_HARP14448_20260307_2148_20260308_2012,True
20260308_1748_HARP14465_NOAA14385,2026,block_download_or_coverage,2026_HARP14465_20260307_2100_20260308_1924,True
20260308_1812_HARP14471_NOAA14388,2026,block_download_or_coverage,2026_HARP14471_20260307_2124_20260308_1948,True
20260308_1836_HARP14448_NOAA14381,2026,block_download_or_coverage,2026_HARP14448_20260307_2148_20260308_2012,True
20260308_1924_HARP14465_NOAA14385,2026,block_download_or_coverage,2026_HARP14465_20260307_2100_20260308_1924,True
20260308_1948_HARP14471_NOAA14388,2026,block_download_or_coverage,2026_HARP14471_20260307_2124_20260308_1948,True
20260308_2012_HARP14448_NOAA14381,2026,block_download_or_coverage,2026_HARP14448_20260307_2148_20260308_2012,True
20260316_2036_HARP14498_NOAA14395,2026,block_download_or_coverage,2026_HARP14498_20260316_2036_20260317_1724,True
20260316_2212_HARP14498_NOAA14395,2026,block_download_or_coverage,2026_HARP14498_20260316_2036_20260317_1724,True
20260316_2348_HARP14498_NOAA14395,2026,block_download_or_coverage,2026_HARP14498_20260316_2036_20260317_1724,True
20260317_0124_HARP14498_NOAA14395,2026,block_download_or_coverage,2026_HARP14498_20260316_2036_20260317_1724,True
20260317_0300_HARP14498_NOAA14395,2026,block_download_or_coverage,2026_HARP14498_20260316_2036_20260317_1724,True
20260317_0436_HARP14498_NOAA14395,2026,block_download_or_coverage,2026_HARP14498_20260316_2036_20260317_1724,True
20260317_0612_HARP14498_NOAA14395,2026,block_download_or_coverage,2026_HARP14498_20260316_2036_20260317_1724,True
20260317_0748_HARP14498_NOAA14395,2026,block_download_or_coverage,2026_HARP14498_20260316_2036_20260317_1724,True
20260317_0924_HARP14498_NOAA14395,2026,block_download_or_coverage,2026_HARP14498_20260316_2036_20260317_1724,True
20260317_1100_HARP14498_NOAA14395,2026,block_download_or_coverage,2026_HARP14498_20260316_2036_20260317_1724,True
20260317_1236_HARP14498_NOAA14395,2026,block_download_or_coverage,2026_HARP14498_20260316_2036_20260317_1724,True
20260317_1412_HARP14498_NOAA14395,2026,block_download_or_coverage,2026_HARP14498_20260316_2036_20260317_1724,True
20260317_1548_HARP14498_NOAA14395,2026,block_download_or_coverage,2026_HARP14498_20260316_2036_20260317_1724,True
20260317_1724_HARP14498_NOAA14395,2026,block_download_or_coverage,2026_HARP14498_20260316_2036_20260317_1724,True
20260321_2148_HARP14506_NOAA14397,2026,block_download_or_coverage,2026_HARP14506_20260321_2148_20260322_2012,True
20260321_2324_HARP14506_NOAA14397,2026,block_download_or_coverage,2026_HARP14506_20260321_2148_20260322_2012,True
20260322_0100_HARP14506_NOAA14397,2026,block_download_or_coverage,2026_HARP14506_20260321_2148_20260322_2012,True
20260322_0100_HARP14507_NOAA14398,2026,block_download_or_coverage,2026_HARP14507_20260322_0100_20260322_2324,True
20260322_0236_HARP14506_NOAA14397,2026,block_download_or_coverage,2026_HARP14506_20260321_2148_20260322_2012,True
20260322_0236_HARP14507_NOAA14398,2026,block_download_or_coverage,2026_HARP14507_20260322_0100_20260322_2324,True
20260322_0412_HARP14506_NOAA14397,2026,block_download_or_coverage,2026_HARP14506_20260321_2148_20260322_2012,True
20260322_0412_HARP14507_NOAA14398,2026,block_download_or_coverage,2026_HARP14507_20260322_0100_20260322_2324,True
20260322_0548_HARP14506_NOAA14397,2026,block_download_or_coverage,2026_HARP14506_20260321_2148_20260322_2012,True
20260322_0548_HARP14507_NOAA14398,2026,block_download_or_coverage,2026_HARP14507_20260322_0100_20260322_2324,True
20260322_0724_HARP14506_NOAA14397,2026,block_download_or_coverage,2026_HARP14506_20260321_2148_20260322_2012,True
20260322_0724_HARP14507_NOAA14398,2026,block_download_or_coverage,2026_HARP14507_20260322_0100_20260322_2324,True
20260322_0900_HARP14506_NOAA14397,2026,block_download_or_coverage,2026_HARP14506_20260321_2148_20260322_2012,True
20260322_0900_HARP14507_NOAA14398,2026,block_download_or_coverage,2026_HARP14507_20260322_0100_20260322_2324,True
20260322_1036_HARP14506_NOAA14397,2026,block_download_or_coverage,2026_HARP14506_20260321_2148_20260322_2012,True
20260322_1036_HARP14507_NOAA14398,2026,block_download_or_coverage,2026_HARP14507_20260322_0100_20260322_2324,True
20260322_1212_HARP14506_NOAA14397,2026,block_download_or_coverage,2026_HARP14506_20260321_2148_20260322_2012,True
20260322_1212_HARP14507_NOAA14398,2026,block_download_or_coverage,2026_HARP14507_20260322_0100_20260322_2324,True
20260322_1348_HARP14506_NOAA14397,2026,block_download_or_coverage,2026_HARP14506_20260321_2148_20260322_2012,True
20260322_1348_HARP14507_NOAA14398,2026,block_download_or_coverage,2026_HARP14507_20260322_0100_20260322_2324,True
20260322_1524_HARP14506_NOAA14397,2026,block_download_or_coverage,2026_HARP14506_20260321_2148_20260322_2012,True
20260322_1524_HARP14507_NOAA14398,2026,block_download_or_coverage,2026_HARP14507_20260322_0100_20260322_2324,True
20260322_1700_HARP14506_NOAA14397,2026,block_download_or_coverage,2026_HARP14506_20260321_2148_20260322_2012,True
20260322_1700_HARP14507_NOAA14398,2026,block_download_or_coverage,2026_HARP14507_20260322_0100_20260322_2324,True
20260322_1836_HARP14506_NOAA14397,2026,block_download_or_coverage,2026_HARP14506_20260321_2148_20260322_2012,True
20260322_1836_HARP14507_NOAA14398,2026,block_download_or_coverage,2026_HARP14507_20260322_0100_20260322_2324,True
20260322_2012_HARP14506_NOAA14397,2026,block_download_or_coverage,2026_HARP14506_20260321_2148_20260322_2012,True
20260322_2012_HARP14507_NOAA14398,2026,block_download_or_coverage,2026_HARP14507_20260322_0100_20260322_2324,True
20260322_2148_HARP14507_NOAA14398,2026,block_download_or_coverage,2026_HARP14507_20260322_0100_20260322_2324,True
20260322_2324_HARP14507_NOAA14398,2026,block_download_or_coverage,2026_HARP14507_20260322_0100_20260322_2324,True
20260324_0712_HARP14513_NOAA14398,2026,block_download_or_coverage,2026_HARP14513_20260324_0712_20260325_0548,True
20260324_0848_HARP14513_NOAA14398,2026,block_download_or_coverage,2026_HARP14513_20260324_0712_20260325_0548,True
20260324_1024_HARP14513_NOAA14398,2026,block_download_or_coverage,2026_HARP14513_20260324_0712_20260325_0548,True
20260324_1200_HARP14513_NOAA14398,2026,block_download_or_coverage,2026_HARP14513_20260324_0712_20260325_0548,True
20260324_1336_HARP14513_NOAA14398,2026,block_download_or_coverage,2026_HARP14513_20260324_0712_20260325_0548,True
20260324_1512_HARP14513_NOAA14398,2026,block_download_or_coverage,2026_HARP14513_20260324_0712_20260325_0548,True
20260324_1648_HARP14513_NOAA14398,2026,block_download_or_coverage,2026_HARP14513_20260324_0712_20260325_0548,True
20260324_1836_HARP14513_NOAA14398,2026,block_download_or_coverage,2026_HARP14513_20260324_0712_20260325_0548,True
20260324_2012_HARP14513_NOAA14398,2026,block_download_or_coverage,2026_HARP14513_20260324_0712_20260325_0548,True
20260324_2148_HARP14513_NOAA14398,2026,block_download_or_coverage,2026_HARP14513_20260324_0712_20260325_0548,True
20260324_2324_HARP14513_NOAA14398,2026,block_download_or_coverage,2026_HARP14513_20260324_0712_20260325_0548,True
20260325_0100_HARP14513_NOAA14398,2026,block_download_or_coverage,2026_HARP14513_20260324_0712_20260325_0548,True
20260325_0236_HARP14513_NOAA14398,2026,block_download_or_coverage,2026_HARP14513_20260324_0712_20260325_0548,True
20260325_0412_HARP14513_NOAA14398,2026,block_download_or_coverage,2026_HARP14513_20260324_0712_20260325_0548,True
20260325_0548_HARP14513_NOAA14398,2026,block_download_or_coverage,2026_HARP14513_20260324_0712_20260325_0548,True
20260326_0736_HARP14519_NOAA14399,2026,block_download_or_coverage,2026_HARP14519_20260326_0736_20260327_0424,True
20260326_0912_HARP14519_NOAA14399,2026,block_download_or_coverage,2026_HARP14519_20260326_0736_20260327_0424,True
20260326_1048_HARP14519_NOAA14399,2026,block_download_or_coverage,2026_HARP14519_20260326_0736_20260327_0424,True
20260326_1224_HARP14519_NOAA14399,2026,block_download_or_coverage,2026_HARP14519_20260326_0736_20260327_0424,True
20260326_1400_HARP14519_NOAA14399,2026,block_download_or_coverage,2026_HARP14519_20260326_0736_20260327_0424,True
20260326_1536_HARP14519_NOAA14399,2026,block_download_or_coverage,2026_HARP14519_20260326_0736_20260327_0424,True
20260326_1712_HARP14519_NOAA14399,2026,block_download_or_coverage,2026_HARP14519_20260326_0736_20260327_0424,True
20260326_1848_HARP14519_NOAA14399,2026,block_download_or_coverage,2026_HARP14519_20260326_0736_20260327_0424,True
20260326_1936_HARP14520_NOAA14401,2026,block_download_or_coverage,2026_HARP14520_20260326_1936_20260327_1624,True
20260326_2024_HARP14519_NOAA14399,2026,block_download_or_coverage,2026_HARP14519_20260326_0736_20260327_0424,True
20260326_2112_HARP14520_NOAA14401,2026,block_download_or_coverage,2026_HARP14520_20260326_1936_20260327_1624,True
20260326_2200_HARP14519_NOAA14399,2026,block_download_or_coverage,2026_HARP14519_20260326_0736_20260327_0424,True
20260326_2248_HARP14520_NOAA14401,2026,block_download_or_coverage,2026_HARP14520_20260326_1936_20260327_1624,True
20260326_2336_HARP14519_NOAA14399,2026,block_download_or_coverage,2026_HARP14519_20260326_0736_20260327_0424,True
20260327_0024_HARP14520_NOAA14401,2026,block_download_or_coverage,2026_HARP14520_20260326_1936_20260327_1624,True
20260327_0112_HARP14519_NOAA14399,2026,block_download_or_coverage,2026_HARP14519_20260326_0736_20260327_0424,True
20260327_0200_HARP14520_NOAA14401,2026,block_download_or_coverage,2026_HARP14520_20260326_1936_20260327_1624,True
20260327_0248_HARP14519_NOAA14399,2026,block_download_or_coverage,2026_HARP14519_20260326_0736_20260327_0424,True
20260327_0336_HARP14520_NOAA14401,2026,block_download_or_coverage,2026_HARP14520_20260326_1936_20260327_1624,True
20260327_0424_HARP14519_NOAA14399,2026,block_download_or_coverage,2026_HARP14519_20260326_0736_20260327_0424,True
20260327_0512_HARP14520_NOAA14401,2026,block_download_or_coverage,2026_HARP14520_20260326_1936_20260327_1624,True
20260327_0648_HARP14520_NOAA14401,2026,block_download_or_coverage,2026_HARP14520_20260326_1936_20260327_1624,True
20260327_0824_HARP14520_NOAA14401,2026,block_download_or_coverage,2026_HARP14520_20260326_1936_20260327_1624,True
20260327_1000_HARP14520_NOAA14401,2026,block_download_or_coverage,2026_HARP14520_20260326_1936_20260327_1624,True
20260327_1136_HARP14520_NOAA14401,2026,block_download_or_coverage,2026_HARP14520_20260326_1936_20260327_1624,True
20260327_1312_HARP14520_NOAA14401,2026,block_download_or_coverage,2026_HARP14520_20260326_1936_20260327_1624,True
20260327_1448_HARP14520_NOAA14401,2026,block_download_or_coverage,2026_HARP14520_20260326_1936_20260327_1624,True
20260327_1624_HARP14520_NOAA14401,2026,block_download_or_coverage,2026_HARP14520_20260326_1936_20260327_1624,True
