scenario,scenario_type,aia_parameter,sharp_parameter,replicate,availability_gain_v3_vs_sharp,flare_retention_gain_v3_vs_sharp,abstained_flare_delta_v3_vs_sharp,tss_delta_v3_vs_sharp,false_alarm_delta_v3_vs_sharp
clean_reference,reference,0.0,0.0,0,0.0,0.0,0,-0.026486034035666517,-528
random_sharp_outage_1pct,random_sharp_outage,0.0,0.01,0,0.0,0.0,0,-0.02692232908516079,-525
random_sharp_outage_1pct,random_sharp_outage,0.0,0.01,1,0.0,0.0,0,-0.02473527570210088,-527
random_sharp_outage_1pct,random_sharp_outage,0.0,0.01,2,0.0,0.0,0,-0.02789009890764893,-515
random_sharp_outage_1pct,random_sharp_outage,0.0,0.01,3,0.0,0.0,0,-0.02626700588642472,-522
random_sharp_outage_1pct,random_sharp_outage,0.0,0.01,4,0.0,0.0,0,-0.024408730993563443,-522
random_sharp_outage_1pct,random_sharp_outage,0.0,0.01,5,0.0,0.0,0,-0.02677502138579979,-519
random_sharp_outage_1pct,random_sharp_outage,0.0,0.01,6,0.0,0.0,0,-0.02602578837238445,-524
random_sharp_outage_1pct,random_sharp_outage,0.0,0.01,7,0.0,0.0,0,-0.02651198905811447,-522
random_sharp_outage_1pct,random_sharp_outage,0.0,0.01,8,0.0,0.0,0,-0.027009391715538733,-524
random_sharp_outage_1pct,random_sharp_outage,0.0,0.01,9,0.0,0.0,0,-0.025255611226526753,-524
random_sharp_outage_1pct,random_sharp_outage,0.0,0.01,10,0.0,0.0,0,-0.02520785407481818,-524
random_sharp_outage_1pct,random_sharp_outage,0.0,0.01,11,0.0,0.0,0,-0.02589862206958715,-525
random_sharp_outage_1pct,random_sharp_outage,0.0,0.01,12,0.0,0.0,0,-0.027726208635291627,-519
random_sharp_outage_1pct,random_sharp_outage,0.0,0.01,13,0.0,0.0,0,-0.026300477602773542,-520
random_sharp_outage_1pct,random_sharp_outage,0.0,0.01,14,0.0,0.0,0,-0.026398700519126406,-519
random_sharp_outage_1pct,random_sharp_outage,0.0,0.01,15,0.0,0.0,0,-0.027696634807406806,-522
random_sharp_outage_1pct,random_sharp_outage,0.0,0.01,16,0.0,0.0,0,-0.027683262581377877,-518
random_sharp_outage_1pct,random_sharp_outage,0.0,0.01,17,0.0,0.0,0,-0.024858152146994605,-520
random_sharp_outage_1pct,random_sharp_outage,0.0,0.01,18,0.0,0.0,0,-0.02385997433801723,-525
random_sharp_outage_1pct,random_sharp_outage,0.0,0.01,19,0.0,0.0,0,-0.025333002881732458,-521
random_sharp_outage_1pct,random_sharp_outage,0.0,0.01,20,0.0,0.0,0,-0.024161534938164753,-525
random_sharp_outage_1pct,random_sharp_outage,0.0,0.01,21,0.0,0.0,0,-0.02759582875066191,-521
random_sharp_outage_1pct,random_sharp_outage,0.0,0.01,22,0.0,0.0,0,-0.026225082637117092,-525
random_sharp_outage_1pct,random_sharp_outage,0.0,0.01,23,0.0,0.0,0,-0.02606752453793071,-524
random_sharp_outage_1pct,random_sharp_outage,0.0,0.01,24,0.0,0.0,0,-0.027178429784234792,-518
random_sharp_outage_1pct,random_sharp_outage,0.0,0.01,25,0.0,0.0,0,-0.02577178856461737,-524
random_sharp_outage_1pct,random_sharp_outage,0.0,0.01,26,0.0,0.0,0,-0.025697747167701568,-520
random_sharp_outage_1pct,random_sharp_outage,0.0,0.01,27,0.0,0.0,0,-0.026256028455316383,-526
random_sharp_outage_1pct,random_sharp_outage,0.0,0.01,28,0.0,0.0,0,-0.026854788887406666,-522
random_sharp_outage_1pct,random_sharp_outage,0.0,0.01,29,0.0,0.0,0,-0.027597062966323582,-523
random_sharp_outage_1pct,random_sharp_outage,0.0,0.01,30,0.0,0.0,0,-0.026739916172035194,-526
random_sharp_outage_1pct,random_sharp_outage,0.0,0.01,31,0.0,0.0,0,-0.024418384314288222,-523
random_sharp_outage_1pct,random_sharp_outage,0.0,0.01,32,0.0,0.0,0,-0.027245171295643633,-522
random_sharp_outage_1pct,random_sharp_outage,0.0,0.01,33,0.0,0.0,0,-0.026448582400338205,-521
random_sharp_outage_1pct,random_sharp_outage,0.0,0.01,34,0.0,0.0,0,-0.026109970344584843,-523
random_sharp_outage_1pct,random_sharp_outage,0.0,0.01,35,0.0,0.0,0,-0.026641699316630074,-520
random_sharp_outage_1pct,random_sharp_outage,0.0,0.01,36,0.0,0.0,0,-0.027359909797807003,-522
random_sharp_outage_1pct,random_sharp_outage,0.0,0.01,37,0.0,0.0,0,-0.024177729839063078,-524
random_sharp_outage_1pct,random_sharp_outage,0.0,0.01,38,0.0,0.0,0,-0.02729230015630968,-522
random_sharp_outage_1pct,random_sharp_outage,0.0,0.01,39,0.0,0.0,0,-0.025788437866425262,-526
random_sharp_outage_1pct,random_sharp_outage,0.0,0.01,40,0.0,0.0,0,-0.027162894594015885,-524
random_sharp_outage_1pct,random_sharp_outage,0.0,0.01,41,0.0,0.0,0,-0.024805582203366372,-522
random_sharp_outage_1pct,random_sharp_outage,0.0,0.01,42,0.0,0.0,0,-0.027529767291930796,-525
random_sharp_outage_1pct,random_sharp_outage,0.0,0.01,43,0.0,0.0,0,-0.027099801896409037,-525
random_sharp_outage_1pct,random_sharp_outage,0.0,0.01,44,0.0,0.0,0,-0.025708047678166368,-519
random_sharp_outage_1pct,random_sharp_outage,0.0,0.01,45,0.0,0.0,0,-0.024682460396746153,-519
random_sharp_outage_1pct,random_sharp_outage,0.0,0.01,46,0.0,0.0,0,-0.026072736875948577,-524
random_sharp_outage_1pct,random_sharp_outage,0.0,0.01,47,0.0,0.0,0,-0.02719763696196975,-523
random_sharp_outage_1pct,random_sharp_outage,0.0,0.01,48,0.0,0.0,0,-0.027307917960126993,-522
random_sharp_outage_1pct,random_sharp_outage,0.0,0.01,49,0.0,0.0,0,-0.02709253986865434,-524
random_sharp_outage_1pct,random_sharp_outage,0.0,0.01,50,0.0,0.0,0,-0.024787872389204546,-528
random_sharp_outage_1pct,random_sharp_outage,0.0,0.01,51,0.0,0.0,0,-0.027531839189544938,-519
random_sharp_outage_1pct,random_sharp_outage,0.0,0.01,52,0.0,0.0,0,-0.026333061990774453,-522
random_sharp_outage_1pct,random_sharp_outage,0.0,0.01,53,0.0,0.0,0,-0.02629827494252046,-525
random_sharp_outage_1pct,random_sharp_outage,0.0,0.01,54,0.0,0.0,0,-0.026913276157526367,-524
random_sharp_outage_1pct,random_sharp_outage,0.0,0.01,55,0.0,0.0,0,-0.025186240644848423,-524
random_sharp_outage_1pct,random_sharp_outage,0.0,0.01,56,0.0,0.0,0,-0.025821843375347653,-527
random_sharp_outage_1pct,random_sharp_outage,0.0,0.01,57,0.0,0.0,0,-0.026506796614516492,-522
random_sharp_outage_1pct,random_sharp_outage,0.0,0.01,58,0.0,0.0,0,-0.026285306224534732,-523
random_sharp_outage_1pct,random_sharp_outage,0.0,0.01,59,0.0,0.0,0,-0.025910269895258686,-525
random_sharp_outage_1pct,random_sharp_outage,0.0,0.01,60,0.0,0.0,0,-0.026115184169215322,-523
random_sharp_outage_1pct,random_sharp_outage,0.0,0.01,61,0.0,0.0,0,-0.02676473986607042,-521
random_sharp_outage_1pct,random_sharp_outage,0.0,0.01,62,0.0,0.0,0,-0.026919450986296,-524
random_sharp_outage_1pct,random_sharp_outage,0.0,0.01,63,0.0,0.0,0,-0.02597227596041307,-524
random_sharp_outage_1pct,random_sharp_outage,0.0,0.01,64,0.0,0.0,0,-0.02701117887549609,-525
random_sharp_outage_1pct,random_sharp_outage,0.0,0.01,65,0.0,0.0,0,-0.026958493594290145,-526
random_sharp_outage_1pct,random_sharp_outage,0.0,0.01,66,0.0,0.0,0,-0.02753570077500478,-522
random_sharp_outage_1pct,random_sharp_outage,0.0,0.01,67,0.0,0.0,0,-0.025724228981299335,-525
random_sharp_outage_1pct,random_sharp_outage,0.0,0.01,68,0.0,0.0,0,-0.02612643223604616,-524
random_sharp_outage_1pct,random_sharp_outage,0.0,0.01,69,0.0,0.0,0,-0.02664083172923082,-519
random_sharp_outage_1pct,random_sharp_outage,0.0,0.01,70,0.0,0.0,0,-0.025565388797706312,-521
random_sharp_outage_1pct,random_sharp_outage,0.0,0.01,71,0.0,0.0,0,-0.02620636231279949,-524
random_sharp_outage_1pct,random_sharp_outage,0.0,0.01,72,0.0,0.0,0,-0.02636855283270334,-523
random_sharp_outage_1pct,random_sharp_outage,0.0,0.01,73,0.0,0.0,0,-0.02727747340341402,-521
random_sharp_outage_1pct,random_sharp_outage,0.0,0.01,74,0.0,0.0,0,-0.026978102083186295,-524
random_sharp_outage_1pct,random_sharp_outage,0.0,0.01,75,0.0,0.0,0,-0.025318055404300654,-522
random_sharp_outage_1pct,random_sharp_outage,0.0,0.01,76,0.0,0.0,0,-0.025919393876215224,-521
random_sharp_outage_1pct,random_sharp_outage,0.0,0.01,77,0.0,0.0,0,-0.026610660923301666,-520
random_sharp_outage_1pct,random_sharp_outage,0.0,0.01,78,0.0,0.0,0,-0.02603278468739534,-523
random_sharp_outage_1pct,random_sharp_outage,0.0,0.01,79,0.0,0.0,0,-0.02695507860683133,-518
random_sharp_outage_1pct,random_sharp_outage,0.0,0.01,80,0.0,0.0,0,-0.027898139140135614,-516
random_sharp_outage_1pct,random_sharp_outage,0.0,0.01,81,0.0,0.0,0,-0.02776245161566271,-518
random_sharp_outage_1pct,random_sharp_outage,0.0,0.01,82,0.0,0.0,0,-0.02729136418447009,-523
random_sharp_outage_1pct,random_sharp_outage,0.0,0.01,83,0.0,0.0,0,-0.02449807206488508,-521
random_sharp_outage_1pct,random_sharp_outage,0.0,0.01,84,0.0,0.0,0,-0.026457842549102883,-522
random_sharp_outage_1pct,random_sharp_outage,0.0,0.01,85,0.0,0.0,0,-0.027235691929075045,-526
random_sharp_outage_1pct,random_sharp_outage,0.0,0.01,86,0.0,0.0,0,-0.026555865013353497,-525
random_sharp_outage_1pct,random_sharp_outage,0.0,0.01,87,0.0,0.0,0,-0.026763242317694447,-524
random_sharp_outage_1pct,random_sharp_outage,0.0,0.01,88,0.0,0.0,0,-0.027077892523262204,-523
random_sharp_outage_1pct,random_sharp_outage,0.0,0.01,89,0.0,0.0,0,-0.02767193812858748,-521
random_sharp_outage_1pct,random_sharp_outage,0.0,0.01,90,0.0,0.0,0,-0.027117991822474208,-522
random_sharp_outage_1pct,random_sharp_outage,0.0,0.01,91,0.0,0.0,0,-0.02646936832264335,-521
random_sharp_outage_1pct,random_sharp_outage,0.0,0.01,92,0.0,0.0,0,-0.02595140371505522,-524
random_sharp_outage_1pct,random_sharp_outage,0.0,0.01,93,0.0,0.0,0,-0.026280591918041996,-525
random_sharp_outage_1pct,random_sharp_outage,0.0,0.01,94,0.0,0.0,0,-0.026340007433912183,-525
random_sharp_outage_1pct,random_sharp_outage,0.0,0.01,95,0.0,0.0,0,-0.027523167056934916,-520
random_sharp_outage_1pct,random_sharp_outage,0.0,0.01,96,0.0,0.0,0,-0.026572517060591272,-521
random_sharp_outage_1pct,random_sharp_outage,0.0,0.01,97,0.0,0.0,0,-0.0262018546964784,-526
random_sharp_outage_1pct,random_sharp_outage,0.0,0.01,98,0.0,0.0,0,-0.026627261073921105,-521
random_sharp_outage_1pct,random_sharp_outage,0.0,0.01,99,0.0,0.0,0,-0.027179355781451697,-523
random_sharp_outage_5pct,random_sharp_outage,0.0,0.05,0,0.0,0.0,0,-0.025911678402984695,-497
random_sharp_outage_5pct,random_sharp_outage,0.0,0.05,1,0.0,0.0,0,-0.027796814623832766,-498
random_sharp_outage_5pct,random_sharp_outage,0.0,0.05,2,0.0,0.0,0,-0.026435318898853755,-503
random_sharp_outage_5pct,random_sharp_outage,0.0,0.05,3,0.0,0.0,0,-0.024924329881891305,-502
random_sharp_outage_5pct,random_sharp_outage,0.0,0.05,4,0.0,0.0,0,-0.026613607961099683,-500
random_sharp_outage_5pct,random_sharp_outage,0.0,0.05,5,0.0,0.0,0,-0.027799244245127586,-503
random_sharp_outage_5pct,random_sharp_outage,0.0,0.05,6,0.0,0.0,0,-0.03027852998065761,-497
random_sharp_outage_5pct,random_sharp_outage,0.0,0.05,7,0.0,0.0,0,-0.02895818871622624,-490
random_sharp_outage_5pct,random_sharp_outage,0.0,0.05,8,0.0,0.0,0,-0.02630138538874882,-497
random_sharp_outage_5pct,random_sharp_outage,0.0,0.05,9,0.0,0.0,0,-0.024032354776734932,-499
random_sharp_outage_5pct,random_sharp_outage,0.0,0.05,10,0.0,0.0,0,-0.02640931169161642,-503
random_sharp_outage_5pct,random_sharp_outage,0.0,0.05,11,0.0,0.0,0,-0.02871319541245132,-501
random_sharp_outage_5pct,random_sharp_outage,0.0,0.05,12,0.0,0.0,0,-0.028432775177616554,-511
random_sharp_outage_5pct,random_sharp_outage,0.0,0.05,13,0.0,0.0,0,-0.026349863814053354,-500
random_sharp_outage_5pct,random_sharp_outage,0.0,0.05,14,0.0,0.0,0,-0.026436902315145838,-510
random_sharp_outage_5pct,random_sharp_outage,0.0,0.05,15,0.0,0.0,0,-0.025881929545914062,-501
random_sharp_outage_5pct,random_sharp_outage,0.0,0.05,16,0.0,0.0,0,-0.027786926662760614,-496
random_sharp_outage_5pct,random_sharp_outage,0.0,0.05,17,0.0,0.0,0,-0.02467557644203522,-499
random_sharp_outage_5pct,random_sharp_outage,0.0,0.05,18,0.0,0.0,0,-0.02150677079473695,-505
random_sharp_outage_5pct,random_sharp_outage,0.0,0.05,19,0.0,0.0,0,-0.027284922572388792,-498
random_sharp_outage_5pct,random_sharp_outage,0.0,0.05,20,0.0,0.0,0,-0.02317231936457209,-502
random_sharp_outage_5pct,random_sharp_outage,0.0,0.05,21,0.0,0.0,0,-0.026280901149670743,-493
random_sharp_outage_5pct,random_sharp_outage,0.0,0.05,22,0.0,0.0,0,-0.024962657279698597,-509
random_sharp_outage_5pct,random_sharp_outage,0.0,0.05,23,0.0,0.0,0,-0.026808741099581646,-496
random_sharp_outage_5pct,random_sharp_outage,0.0,0.05,24,0.0,0.0,0,-0.026454728362966362,-502
random_sharp_outage_5pct,random_sharp_outage,0.0,0.05,25,0.0,0.0,0,-0.02816322260098003,-503
random_sharp_outage_5pct,random_sharp_outage,0.0,0.05,26,0.0,0.0,0,-0.027176050817372843,-494
random_sharp_outage_5pct,random_sharp_outage,0.0,0.05,27,0.0,0.0,0,-0.025078381614650258,-496
random_sharp_outage_5pct,random_sharp_outage,0.0,0.05,28,0.0,0.0,0,-0.02691860961295589,-502
random_sharp_outage_5pct,random_sharp_outage,0.0,0.05,29,0.0,0.0,0,-0.02479184869056672,-506
random_sharp_outage_5pct,random_sharp_outage,0.0,0.05,30,0.0,0.0,0,-0.029034827576127187,-493
random_sharp_outage_5pct,random_sharp_outage,0.0,0.05,31,0.0,0.0,0,-0.02555786196159837,-502
random_sharp_outage_5pct,random_sharp_outage,0.0,0.05,32,0.0,0.0,0,-0.027092404878631182,-497
random_sharp_outage_5pct,random_sharp_outage,0.0,0.05,33,0.0,0.0,0,-0.02340452495384482,-498
random_sharp_outage_5pct,random_sharp_outage,0.0,0.05,34,0.0,0.0,0,-0.02512006871078909,-506
random_sharp_outage_5pct,random_sharp_outage,0.0,0.05,35,0.0,0.0,0,-0.02579462612870831,-502
random_sharp_outage_5pct,random_sharp_outage,0.0,0.05,36,0.0,0.0,0,-0.028574177473881912,-494
random_sharp_outage_5pct,random_sharp_outage,0.0,0.05,37,0.0,0.0,0,-0.028392301971992495,-486
random_sharp_outage_5pct,random_sharp_outage,0.0,0.05,38,0.0,0.0,0,-0.027422194727324767,-495
random_sharp_outage_5pct,random_sharp_outage,0.0,0.05,39,0.0,0.0,0,-0.025744086217023954,-501
random_sharp_outage_5pct,random_sharp_outage,0.0,0.05,40,0.0,0.0,0,-0.02604251019272885,-504
random_sharp_outage_5pct,random_sharp_outage,0.0,0.05,41,0.0,0.0,0,-0.02221463107576538,-503
random_sharp_outage_5pct,random_sharp_outage,0.0,0.05,42,0.0,0.0,0,-0.024555733754202613,-505
random_sharp_outage_5pct,random_sharp_outage,0.0,0.05,43,0.0,0.0,0,-0.027447072459169553,-500
random_sharp_outage_5pct,random_sharp_outage,0.0,0.05,44,0.0,0.0,0,-0.028167432034060802,-503
random_sharp_outage_5pct,random_sharp_outage,0.0,0.05,45,0.0,0.0,0,-0.02800226102470349,-499
random_sharp_outage_5pct,random_sharp_outage,0.0,0.05,46,0.0,0.0,0,-0.021079278724953632,-503
random_sharp_outage_5pct,random_sharp_outage,0.0,0.05,47,0.0,0.0,0,-0.02588055230547881,-506
random_sharp_outage_5pct,random_sharp_outage,0.0,0.05,48,0.0,0.0,0,-0.02934628188311339,-502
random_sharp_outage_5pct,random_sharp_outage,0.0,0.05,49,0.0,0.0,0,-0.026240680863861776,-509
random_sharp_outage_5pct,random_sharp_outage,0.0,0.05,50,0.0,0.0,0,-0.029604987043390096,-499
random_sharp_outage_5pct,random_sharp_outage,0.0,0.05,51,0.0,0.0,0,-0.023904570135069303,-508
random_sharp_outage_5pct,random_sharp_outage,0.0,0.05,52,0.0,0.0,0,-0.029559421723925006,-495
random_sharp_outage_5pct,random_sharp_outage,0.0,0.05,53,0.0,0.0,0,-0.02708441816860674,-507
random_sharp_outage_5pct,random_sharp_outage,0.0,0.05,54,0.0,0.0,0,-0.026360093201711177,-496
random_sharp_outage_5pct,random_sharp_outage,0.0,0.05,55,0.0,0.0,0,-0.02629983728770302,-500
random_sharp_outage_5pct,random_sharp_outage,0.0,0.05,56,0.0,0.0,0,-0.027889795526543137,-504
random_sharp_outage_5pct,random_sharp_outage,0.0,0.05,57,0.0,0.0,0,-0.027731906136625906,-504
random_sharp_outage_5pct,random_sharp_outage,0.0,0.05,58,0.0,0.0,0,-0.027480486275056393,-501
random_sharp_outage_5pct,random_sharp_outage,0.0,0.05,59,0.0,0.0,0,-0.028765448597066978,-497
random_sharp_outage_5pct,random_sharp_outage,0.0,0.05,60,0.0,0.0,0,-0.030847637399125105,-502
random_sharp_outage_5pct,random_sharp_outage,0.0,0.05,61,0.0,0.0,0,-0.024915514592934063,-495
random_sharp_outage_5pct,random_sharp_outage,0.0,0.05,62,0.0,0.0,0,-0.025191888430867282,-501
random_sharp_outage_5pct,random_sharp_outage,0.0,0.05,63,0.0,0.0,0,-0.02590636421312076,-503
random_sharp_outage_5pct,random_sharp_outage,0.0,0.05,64,0.0,0.0,0,-0.024491718586470146,-510
random_sharp_outage_5pct,random_sharp_outage,0.0,0.05,65,0.0,0.0,0,-0.029363982918390708,-501
random_sharp_outage_5pct,random_sharp_outage,0.0,0.05,66,0.0,0.0,0,-0.023850093982637377,-509
random_sharp_outage_5pct,random_sharp_outage,0.0,0.05,67,0.0,0.0,0,-0.0266985890474134,-501
random_sharp_outage_5pct,random_sharp_outage,0.0,0.05,68,0.0,0.0,0,-0.024581010772966705,-502
random_sharp_outage_5pct,random_sharp_outage,0.0,0.05,69,0.0,0.0,0,-0.021765717058078726,-509
random_sharp_outage_5pct,random_sharp_outage,0.0,0.05,70,0.0,0.0,0,-0.026138047704922673,-499
random_sharp_outage_5pct,random_sharp_outage,0.0,0.05,71,0.0,0.0,0,-0.02697732340930825,-504
random_sharp_outage_5pct,random_sharp_outage,0.0,0.05,72,0.0,0.0,0,-0.02320072282387242,-502
random_sharp_outage_5pct,random_sharp_outage,0.0,0.05,73,0.0,0.0,0,-0.027199539730360822,-500
random_sharp_outage_5pct,random_sharp_outage,0.0,0.05,74,0.0,0.0,0,-0.02713812511901237,-510
random_sharp_outage_5pct,random_sharp_outage,0.0,0.05,75,0.0,0.0,0,-0.029035403110574842,-509
random_sharp_outage_5pct,random_sharp_outage,0.0,0.05,76,0.0,0.0,0,-0.027087251182137173,-507
random_sharp_outage_5pct,random_sharp_outage,0.0,0.05,77,0.0,0.0,0,-0.028197556559532266,-496
random_sharp_outage_5pct,random_sharp_outage,0.0,0.05,78,0.0,0.0,0,-0.02805517222850895,-506
random_sharp_outage_5pct,random_sharp_outage,0.0,0.05,79,0.0,0.0,0,-0.025611989530158308,-494
random_sharp_outage_5pct,random_sharp_outage,0.0,0.05,80,0.0,0.0,0,-0.02652363970758098,-507
random_sharp_outage_5pct,random_sharp_outage,0.0,0.05,81,0.0,0.0,0,-0.026753466872110776,-497
random_sharp_outage_5pct,random_sharp_outage,0.0,0.05,82,0.0,0.0,0,-0.024525669772335057,-504
random_sharp_outage_5pct,random_sharp_outage,0.0,0.05,83,0.0,0.0,0,-0.02888484282213355,-490
random_sharp_outage_5pct,random_sharp_outage,0.0,0.05,84,0.0,0.0,0,-0.023511244940052745,-512
random_sharp_outage_5pct,random_sharp_outage,0.0,0.05,85,0.0,0.0,0,-0.02768967567119951,-502
random_sharp_outage_5pct,random_sharp_outage,0.0,0.05,86,0.0,0.0,0,-0.027634224009108532,-499
random_sharp_outage_5pct,random_sharp_outage,0.0,0.05,87,0.0,0.0,0,-0.023480229632540928,-487
random_sharp_outage_5pct,random_sharp_outage,0.0,0.05,88,0.0,0.0,0,-0.02830256786670904,-505
random_sharp_outage_5pct,random_sharp_outage,0.0,0.05,89,0.0,0.0,0,-0.027062326936404313,-497
random_sharp_outage_5pct,random_sharp_outage,0.0,0.05,90,0.0,0.0,0,-0.02940688698012739,-504
random_sharp_outage_5pct,random_sharp_outage,0.0,0.05,91,0.0,0.0,0,-0.026532624337688215,-502
random_sharp_outage_5pct,random_sharp_outage,0.0,0.05,92,0.0,0.0,0,-0.02651589356731021,-502
random_sharp_outage_5pct,random_sharp_outage,0.0,0.05,93,0.0,0.0,0,-0.02768661398900374,-497
random_sharp_outage_5pct,random_sharp_outage,0.0,0.05,94,0.0,0.0,0,-0.026505909871799016,-510
random_sharp_outage_5pct,random_sharp_outage,0.0,0.05,95,0.0,0.0,0,-0.02673763362019499,-503
random_sharp_outage_5pct,random_sharp_outage,0.0,0.05,96,0.0,0.0,0,-0.028380748683820123,-499
random_sharp_outage_5pct,random_sharp_outage,0.0,0.05,97,0.0,0.0,0,-0.02634577599267285,-499
random_sharp_outage_5pct,random_sharp_outage,0.0,0.05,98,0.0,0.0,0,-0.026191427785286825,-500
random_sharp_outage_5pct,random_sharp_outage,0.0,0.05,99,0.0,0.0,0,-0.025588743415497994,-506
random_sharp_outage_10pct,random_sharp_outage,0.0,0.1,0,0.0,0.0,0,-0.028540812412762406,-480
random_sharp_outage_10pct,random_sharp_outage,0.0,0.1,1,0.0,0.0,0,-0.031803046701485815,-482
random_sharp_outage_10pct,random_sharp_outage,0.0,0.1,2,0.0,0.0,0,-0.02973451501288027,-473
random_sharp_outage_10pct,random_sharp_outage,0.0,0.1,3,0.0,0.0,0,-0.024272868125833513,-470
random_sharp_outage_10pct,random_sharp_outage,0.0,0.1,4,0.0,0.0,0,-0.0229604375478909,-482
random_sharp_outage_10pct,random_sharp_outage,0.0,0.1,5,0.0,0.0,0,-0.028379417008243646,-482
random_sharp_outage_10pct,random_sharp_outage,0.0,0.1,6,0.0,0.0,0,-0.02815182034047181,-464
random_sharp_outage_10pct,random_sharp_outage,0.0,0.1,7,0.0,0.0,0,-0.02337503450506051,-478
random_sharp_outage_10pct,random_sharp_outage,0.0,0.1,8,0.0,0.0,0,-0.022519401502452574,-484
random_sharp_outage_10pct,random_sharp_outage,0.0,0.1,9,0.0,0.0,0,-0.02649628196234488,-481
random_sharp_outage_10pct,random_sharp_outage,0.0,0.1,10,0.0,0.0,0,-0.018853762747809144,-476
random_sharp_outage_10pct,random_sharp_outage,0.0,0.1,11,0.0,0.0,0,-0.027931392598755655,-468
random_sharp_outage_10pct,random_sharp_outage,0.0,0.1,12,0.0,0.0,0,-0.029728540944727433,-467
random_sharp_outage_10pct,random_sharp_outage,0.0,0.1,13,0.0,0.0,0,-0.026404222915873854,-475
random_sharp_outage_10pct,random_sharp_outage,0.0,0.1,14,0.0,0.0,0,-0.024148819330038318,-463
random_sharp_outage_10pct,random_sharp_outage,0.0,0.1,15,0.0,0.0,0,-0.02460171044442272,-463
random_sharp_outage_10pct,random_sharp_outage,0.0,0.1,16,0.0,0.0,0,-0.027667887263748137,-472
random_sharp_outage_10pct,random_sharp_outage,0.0,0.1,17,0.0,0.0,0,-0.02475349954938455,-479
random_sharp_outage_10pct,random_sharp_outage,0.0,0.1,18,0.0,0.0,0,-0.02382441226782639,-466
random_sharp_outage_10pct,random_sharp_outage,0.0,0.1,19,0.0,0.0,0,-0.027179166989934833,-475
random_sharp_outage_10pct,random_sharp_outage,0.0,0.1,20,0.0,0.0,0,-0.02782721774111363,-474
random_sharp_outage_10pct,random_sharp_outage,0.0,0.1,21,0.0,0.0,0,-0.03268886563939244,-481
random_sharp_outage_10pct,random_sharp_outage,0.0,0.1,22,0.0,0.0,0,-0.02917958264954601,-479
random_sharp_outage_10pct,random_sharp_outage,0.0,0.1,23,0.0,0.0,0,-0.030238518239434242,-470
random_sharp_outage_10pct,random_sharp_outage,0.0,0.1,24,0.0,0.0,0,-0.026395227120939113,-486
random_sharp_outage_10pct,random_sharp_outage,0.0,0.1,25,0.0,0.0,0,-0.025678997599287268,-475
random_sharp_outage_10pct,random_sharp_outage,0.0,0.1,26,0.0,0.0,0,-0.03556111323928324,-452
random_sharp_outage_10pct,random_sharp_outage,0.0,0.1,27,0.0,0.0,0,-0.02721095517705674,-469
random_sharp_outage_10pct,random_sharp_outage,0.0,0.1,28,0.0,0.0,0,-0.02883222074521874,-482
random_sharp_outage_10pct,random_sharp_outage,0.0,0.1,29,0.0,0.0,0,-0.028912917111172387,-472
random_sharp_outage_10pct,random_sharp_outage,0.0,0.1,30,0.0,0.0,0,-0.0165548238038824,-482
random_sharp_outage_10pct,random_sharp_outage,0.0,0.1,31,0.0,0.0,0,-0.028331286043402404,-466
random_sharp_outage_10pct,random_sharp_outage,0.0,0.1,32,0.0,0.0,0,-0.024094586569088694,-467
random_sharp_outage_10pct,random_sharp_outage,0.0,0.1,33,0.0,0.0,0,-0.027816947004211556,-461
random_sharp_outage_10pct,random_sharp_outage,0.0,0.1,34,0.0,0.0,0,-0.025748932752234888,-472
random_sharp_outage_10pct,random_sharp_outage,0.0,0.1,35,0.0,0.0,0,-0.024214559462197638,-465
random_sharp_outage_10pct,random_sharp_outage,0.0,0.1,36,0.0,0.0,0,-0.029230012031062014,-481
random_sharp_outage_10pct,random_sharp_outage,0.0,0.1,37,0.0,0.0,0,-0.018475833939225028,-480
random_sharp_outage_10pct,random_sharp_outage,0.0,0.1,38,0.0,0.0,0,-0.026384294132731023,-458
random_sharp_outage_10pct,random_sharp_outage,0.0,0.1,39,0.0,0.0,0,-0.025215304061458,-479
random_sharp_outage_10pct,random_sharp_outage,0.0,0.1,40,0.0,0.0,0,-0.02915100227152867,-467
random_sharp_outage_10pct,random_sharp_outage,0.0,0.1,41,0.0,0.0,0,-0.0259778932587047,-482
random_sharp_outage_10pct,random_sharp_outage,0.0,0.1,42,0.0,0.0,0,-0.029588815579021377,-466
random_sharp_outage_10pct,random_sharp_outage,0.0,0.1,43,0.0,0.0,0,-0.026110525306272114,-473
random_sharp_outage_10pct,random_sharp_outage,0.0,0.1,44,0.0,0.0,0,-0.023138561765076338,-472
random_sharp_outage_10pct,random_sharp_outage,0.0,0.1,45,0.0,0.0,0,-0.02608933575474759,-480
random_sharp_outage_10pct,random_sharp_outage,0.0,0.1,46,0.0,0.0,0,-0.024685601616632136,-472
random_sharp_outage_10pct,random_sharp_outage,0.0,0.1,47,0.0,0.0,0,-0.025260971894646822,-481
random_sharp_outage_10pct,random_sharp_outage,0.0,0.1,48,0.0,0.0,0,-0.026298289229011562,-491
random_sharp_outage_10pct,random_sharp_outage,0.0,0.1,49,0.0,0.0,0,-0.02728724073645905,-483
random_sharp_outage_10pct,random_sharp_outage,0.0,0.1,50,0.0,0.0,0,-0.029056833914927305,-484
random_sharp_outage_10pct,random_sharp_outage,0.0,0.1,51,0.0,0.0,0,-0.026828413022316422,-478
random_sharp_outage_10pct,random_sharp_outage,0.0,0.1,52,0.0,0.0,0,-0.024908248630893803,-476
random_sharp_outage_10pct,random_sharp_outage,0.0,0.1,53,0.0,0.0,0,-0.023451621706154446,-454
random_sharp_outage_10pct,random_sharp_outage,0.0,0.1,54,0.0,0.0,0,-0.02519372438701284,-486
random_sharp_outage_10pct,random_sharp_outage,0.0,0.1,55,0.0,0.0,0,-0.024284482612885405,-483
random_sharp_outage_10pct,random_sharp_outage,0.0,0.1,56,0.0,0.0,0,-0.0349511196207164,-476
random_sharp_outage_10pct,random_sharp_outage,0.0,0.1,57,0.0,0.0,0,-0.030621915056932236,-463
random_sharp_outage_10pct,random_sharp_outage,0.0,0.1,58,0.0,0.0,0,-0.02708814526357295,-474
random_sharp_outage_10pct,random_sharp_outage,0.0,0.1,59,0.0,0.0,0,-0.026851165391939658,-461
random_sharp_outage_10pct,random_sharp_outage,0.0,0.1,60,0.0,0.0,0,-0.027524030477558803,-467
random_sharp_outage_10pct,random_sharp_outage,0.0,0.1,61,0.0,0.0,0,-0.02200612540495106,-482
random_sharp_outage_10pct,random_sharp_outage,0.0,0.1,62,0.0,0.0,0,-0.02621070802432901,-473
random_sharp_outage_10pct,random_sharp_outage,0.0,0.1,63,0.0,0.0,0,-0.023538063268623732,-484
random_sharp_outage_10pct,random_sharp_outage,0.0,0.1,64,0.0,0.0,0,-0.024205218502568293,-476
random_sharp_outage_10pct,random_sharp_outage,0.0,0.1,65,0.0,0.0,0,-0.02569641195085337,-471
random_sharp_outage_10pct,random_sharp_outage,0.0,0.1,66,0.0,0.0,0,-0.02870450164355165,-479
random_sharp_outage_10pct,random_sharp_outage,0.0,0.1,67,0.0,0.0,0,-0.02811029463407788,-468
random_sharp_outage_10pct,random_sharp_outage,0.0,0.1,68,0.0,0.0,0,-0.02879136778268432,-464
random_sharp_outage_10pct,random_sharp_outage,0.0,0.1,69,0.0,0.0,0,-0.019215153735127277,-472
random_sharp_outage_10pct,random_sharp_outage,0.0,0.1,70,0.0,0.0,0,-0.026778691526436305,-459
random_sharp_outage_10pct,random_sharp_outage,0.0,0.1,71,0.0,0.0,0,-0.02645933105767284,-481
random_sharp_outage_10pct,random_sharp_outage,0.0,0.1,72,0.0,0.0,0,-0.02973889419294129,-482
random_sharp_outage_10pct,random_sharp_outage,0.0,0.1,73,0.0,0.0,0,-0.025067539716087328,-471
random_sharp_outage_10pct,random_sharp_outage,0.0,0.1,74,0.0,0.0,0,-0.02927112237621432,-471
random_sharp_outage_10pct,random_sharp_outage,0.0,0.1,75,0.0,0.0,0,-0.028340728225857426,-476
random_sharp_outage_10pct,random_sharp_outage,0.0,0.1,76,0.0,0.0,0,-0.02328198229421652,-482
random_sharp_outage_10pct,random_sharp_outage,0.0,0.1,77,0.0,0.0,0,-0.02930605832183919,-484
random_sharp_outage_10pct,random_sharp_outage,0.0,0.1,78,0.0,0.0,0,-0.02600815808114132,-471
random_sharp_outage_10pct,random_sharp_outage,0.0,0.1,79,0.0,0.0,0,-0.025534694874377983,-482
random_sharp_outage_10pct,random_sharp_outage,0.0,0.1,80,0.0,0.0,0,-0.02743450027897487,-468
random_sharp_outage_10pct,random_sharp_outage,0.0,0.1,81,0.0,0.0,0,-0.023144194216712988,-483
random_sharp_outage_10pct,random_sharp_outage,0.0,0.1,82,0.0,0.0,0,-0.027778607815859946,-484
random_sharp_outage_10pct,random_sharp_outage,0.0,0.1,83,0.0,0.0,0,-0.032902609638619795,-473
random_sharp_outage_10pct,random_sharp_outage,0.0,0.1,84,0.0,0.0,0,-0.028130937333165962,-465
random_sharp_outage_10pct,random_sharp_outage,0.0,0.1,85,0.0,0.0,0,-0.02446964261564233,-484
random_sharp_outage_10pct,random_sharp_outage,0.0,0.1,86,0.0,0.0,0,-0.02979809766170849,-467
random_sharp_outage_10pct,random_sharp_outage,0.0,0.1,87,0.0,0.0,0,-0.025375702425451285,-470
random_sharp_outage_10pct,random_sharp_outage,0.0,0.1,88,0.0,0.0,0,-0.026488667441582958,-470
random_sharp_outage_10pct,random_sharp_outage,0.0,0.1,89,0.0,0.0,0,-0.02692214090125944,-480
random_sharp_outage_10pct,random_sharp_outage,0.0,0.1,90,0.0,0.0,0,-0.027624059816265145,-476
random_sharp_outage_10pct,random_sharp_outage,0.0,0.1,91,0.0,0.0,0,-0.022491005267190722,-481
random_sharp_outage_10pct,random_sharp_outage,0.0,0.1,92,0.0,0.0,0,-0.027175867627913464,-479
random_sharp_outage_10pct,random_sharp_outage,0.0,0.1,93,0.0,0.0,0,-0.02793155036965711,-468
random_sharp_outage_10pct,random_sharp_outage,0.0,0.1,94,0.0,0.0,0,-0.025786807561398728,-477
random_sharp_outage_10pct,random_sharp_outage,0.0,0.1,95,0.0,0.0,0,-0.02378234949701863,-469
random_sharp_outage_10pct,random_sharp_outage,0.0,0.1,96,0.0,0.0,0,-0.03163758094610891,-471
random_sharp_outage_10pct,random_sharp_outage,0.0,0.1,97,0.0,0.0,0,-0.02530667606805581,-480
random_sharp_outage_10pct,random_sharp_outage,0.0,0.1,98,0.0,0.0,0,-0.02323837127684758,-464
random_sharp_outage_10pct,random_sharp_outage,0.0,0.1,99,0.0,0.0,0,-0.030534560192792215,-482
random_sharp_outage_20pct,random_sharp_outage,0.0,0.2,0,0.0,0.0,0,-0.03216779705532469,-438
random_sharp_outage_20pct,random_sharp_outage,0.0,0.2,1,0.0,0.0,0,-0.019688984761148998,-420
random_sharp_outage_20pct,random_sharp_outage,0.0,0.2,2,0.0,0.0,0,-0.034536633898405,-414
random_sharp_outage_20pct,random_sharp_outage,0.0,0.2,3,0.0,0.0,0,-0.02324978121965926,-425
random_sharp_outage_20pct,random_sharp_outage,0.0,0.2,4,0.0,0.0,0,-0.027105770779470184,-433
random_sharp_outage_20pct,random_sharp_outage,0.0,0.2,5,0.0,0.0,0,-0.027977890945224182,-418
random_sharp_outage_20pct,random_sharp_outage,0.0,0.2,6,0.0,0.0,0,-0.01759275551019912,-417
random_sharp_outage_20pct,random_sharp_outage,0.0,0.2,7,0.0,0.0,0,-0.024444709273951037,-435
random_sharp_outage_20pct,random_sharp_outage,0.0,0.2,8,0.0,0.0,0,-0.032153381007110404,-408
random_sharp_outage_20pct,random_sharp_outage,0.0,0.2,9,0.0,0.0,0,-0.02981841922891637,-404
random_sharp_outage_20pct,random_sharp_outage,0.0,0.2,10,0.0,0.0,0,-0.024354720303569444,-433
random_sharp_outage_20pct,random_sharp_outage,0.0,0.2,11,0.0,0.0,0,-0.031164088387814592,-437
random_sharp_outage_20pct,random_sharp_outage,0.0,0.2,12,0.0,0.0,0,-0.02020047373933842,-427
random_sharp_outage_20pct,random_sharp_outage,0.0,0.2,13,0.0,0.0,0,-0.02541605980249373,-435
random_sharp_outage_20pct,random_sharp_outage,0.0,0.2,14,0.0,0.0,0,-0.020646339541480874,-417
random_sharp_outage_20pct,random_sharp_outage,0.0,0.2,15,0.0,0.0,0,-0.024976113804451527,-417
random_sharp_outage_20pct,random_sharp_outage,0.0,0.2,16,0.0,0.0,0,-0.033030524264740846,-420
random_sharp_outage_20pct,random_sharp_outage,0.0,0.2,17,0.0,0.0,0,-0.025141392936527396,-424
random_sharp_outage_20pct,random_sharp_outage,0.0,0.2,18,0.0,0.0,0,-0.03122124259330672,-420
random_sharp_outage_20pct,random_sharp_outage,0.0,0.2,19,0.0,0.0,0,-0.02267905238278467,-426
random_sharp_outage_20pct,random_sharp_outage,0.0,0.2,20,0.0,0.0,0,-0.022134091055468375,-432
random_sharp_outage_20pct,random_sharp_outage,0.0,0.2,21,0.0,0.0,0,-0.022925751226272828,-426
random_sharp_outage_20pct,random_sharp_outage,0.0,0.2,22,0.0,0.0,0,-0.020166381766381747,-438
random_sharp_outage_20pct,random_sharp_outage,0.0,0.2,23,0.0,0.0,0,-0.029348372063335848,-429
random_sharp_outage_20pct,random_sharp_outage,0.0,0.2,24,0.0,0.0,0,-0.024200147942669448,-427
random_sharp_outage_20pct,random_sharp_outage,0.0,0.2,25,0.0,0.0,0,-0.02978469796698624,-422
random_sharp_outage_20pct,random_sharp_outage,0.0,0.2,26,0.0,0.0,0,-0.026683811724022677,-419
random_sharp_outage_20pct,random_sharp_outage,0.0,0.2,27,0.0,0.0,0,-0.03350680153727459,-412
random_sharp_outage_20pct,random_sharp_outage,0.0,0.2,28,0.0,0.0,0,-0.02785761957868993,-414
random_sharp_outage_20pct,random_sharp_outage,0.0,0.2,29,0.0,0.0,0,-0.030764250560053163,-432
random_sharp_outage_20pct,random_sharp_outage,0.0,0.2,30,0.0,0.0,0,-0.02348697005414002,-415
random_sharp_outage_20pct,random_sharp_outage,0.0,0.2,31,0.0,0.0,0,-0.025890224372356885,-422
random_sharp_outage_20pct,random_sharp_outage,0.0,0.2,32,0.0,0.0,0,-0.027428298222350822,-432
random_sharp_outage_20pct,random_sharp_outage,0.0,0.2,33,0.0,0.0,0,-0.029023145868216194,-430
random_sharp_outage_20pct,random_sharp_outage,0.0,0.2,34,0.0,0.0,0,-0.032784002655551925,-419
random_sharp_outage_20pct,random_sharp_outage,0.0,0.2,35,0.0,0.0,0,-0.017155474907698087,-419
random_sharp_outage_20pct,random_sharp_outage,0.0,0.2,36,0.0,0.0,0,-0.020805794378229603,-425
random_sharp_outage_20pct,random_sharp_outage,0.0,0.2,37,0.0,0.0,0,-0.027975178628190767,-412
random_sharp_outage_20pct,random_sharp_outage,0.0,0.2,38,0.0,0.0,0,-0.019436104178431446,-432
random_sharp_outage_20pct,random_sharp_outage,0.0,0.2,39,0.0,0.0,0,-0.029326711882782908,-420
random_sharp_outage_20pct,random_sharp_outage,0.0,0.2,40,0.0,0.0,0,-0.020576027749012793,-434
random_sharp_outage_20pct,random_sharp_outage,0.0,0.2,41,0.0,0.0,0,-0.027580487078683324,-420
random_sharp_outage_20pct,random_sharp_outage,0.0,0.2,42,0.0,0.0,0,-0.02154445299301222,-423
random_sharp_outage_20pct,random_sharp_outage,0.0,0.2,43,0.0,0.0,0,-0.02038100729635617,-418
random_sharp_outage_20pct,random_sharp_outage,0.0,0.2,44,0.0,0.0,0,-0.026062491442410796,-415
random_sharp_outage_20pct,random_sharp_outage,0.0,0.2,45,0.0,0.0,0,-0.02463933543808472,-416
random_sharp_outage_20pct,random_sharp_outage,0.0,0.2,46,0.0,0.0,0,-0.027514890837065487,-427
random_sharp_outage_20pct,random_sharp_outage,0.0,0.2,47,0.0,0.0,0,-0.026674556521885107,-427
random_sharp_outage_20pct,random_sharp_outage,0.0,0.2,48,0.0,0.0,0,-0.027574911419751214,-434
random_sharp_outage_20pct,random_sharp_outage,0.0,0.2,49,0.0,0.0,0,-0.02138732061862414,-417
random_sharp_outage_20pct,random_sharp_outage,0.0,0.2,50,0.0,0.0,0,-0.024087849046910526,-434
random_sharp_outage_20pct,random_sharp_outage,0.0,0.2,51,0.0,0.0,0,-0.014556180546028363,-429
random_sharp_outage_20pct,random_sharp_outage,0.0,0.2,52,0.0,0.0,0,-0.027433886917584527,-420
random_sharp_outage_20pct,random_sharp_outage,0.0,0.2,53,0.0,0.0,0,-0.03185553011606368,-404
random_sharp_outage_20pct,random_sharp_outage,0.0,0.2,54,0.0,0.0,0,-0.025277457863459585,-430
random_sharp_outage_20pct,random_sharp_outage,0.0,0.2,55,0.0,0.0,0,-0.02779987550048979,-425
random_sharp_outage_20pct,random_sharp_outage,0.0,0.2,56,0.0,0.0,0,-0.029242831731139063,-418
random_sharp_outage_20pct,random_sharp_outage,0.0,0.2,57,0.0,0.0,0,-0.025557296510787753,-421
random_sharp_outage_20pct,random_sharp_outage,0.0,0.2,58,0.0,0.0,0,-0.032630927266681375,-413
random_sharp_outage_20pct,random_sharp_outage,0.0,0.2,59,0.0,0.0,0,-0.020388234429962848,-421
random_sharp_outage_20pct,random_sharp_outage,0.0,0.2,60,0.0,0.0,0,-0.027892126265874007,-430
random_sharp_outage_20pct,random_sharp_outage,0.0,0.2,61,0.0,0.0,0,-0.02526958433348736,-428
random_sharp_outage_20pct,random_sharp_outage,0.0,0.2,62,0.0,0.0,0,-0.02769221885774731,-424
random_sharp_outage_20pct,random_sharp_outage,0.0,0.2,63,0.0,0.0,0,-0.03207786388775813,-426
random_sharp_outage_20pct,random_sharp_outage,0.0,0.2,64,0.0,0.0,0,-0.0331585186971286,-416
random_sharp_outage_20pct,random_sharp_outage,0.0,0.2,65,0.0,0.0,0,-0.0333810790532707,-432
random_sharp_outage_20pct,random_sharp_outage,0.0,0.2,66,0.0,0.0,0,-0.02238634584268495,-429
random_sharp_outage_20pct,random_sharp_outage,0.0,0.2,67,0.0,0.0,0,-0.029853334014429134,-411
random_sharp_outage_20pct,random_sharp_outage,0.0,0.2,68,0.0,0.0,0,-0.026699252733805467,-429
random_sharp_outage_20pct,random_sharp_outage,0.0,0.2,69,0.0,0.0,0,-0.027957765300102633,-412
random_sharp_outage_20pct,random_sharp_outage,0.0,0.2,70,0.0,0.0,0,-0.030274370243069226,-410
random_sharp_outage_20pct,random_sharp_outage,0.0,0.2,71,0.0,0.0,0,-0.03244921163532566,-413
random_sharp_outage_20pct,random_sharp_outage,0.0,0.2,72,0.0,0.0,0,-0.025145976136075054,-408
random_sharp_outage_20pct,random_sharp_outage,0.0,0.2,73,0.0,0.0,0,-0.027371284451751743,-428
random_sharp_outage_20pct,random_sharp_outage,0.0,0.2,74,0.0,0.0,0,-0.02636167642563092,-428
random_sharp_outage_20pct,random_sharp_outage,0.0,0.2,75,0.0,0.0,0,-0.03148747125988849,-427
random_sharp_outage_20pct,random_sharp_outage,0.0,0.2,76,0.0,0.0,0,-0.03697833485782387,-425
random_sharp_outage_20pct,random_sharp_outage,0.0,0.2,77,0.0,0.0,0,-0.02117077883302465,-423
random_sharp_outage_20pct,random_sharp_outage,0.0,0.2,78,0.0,0.0,0,-0.02832911586534781,-408
random_sharp_outage_20pct,random_sharp_outage,0.0,0.2,79,0.0,0.0,0,-0.025120637806839596,-414
random_sharp_outage_20pct,random_sharp_outage,0.0,0.2,80,0.0,0.0,0,-0.024675444761176557,-421
random_sharp_outage_20pct,random_sharp_outage,0.0,0.2,81,0.0,0.0,0,-0.029708570725909045,-416
random_sharp_outage_20pct,random_sharp_outage,0.0,0.2,82,0.0,0.0,0,-0.028986049689236015,-415
random_sharp_outage_20pct,random_sharp_outage,0.0,0.2,83,0.0,0.0,0,-0.03086125640246884,-412
random_sharp_outage_20pct,random_sharp_outage,0.0,0.2,84,0.0,0.0,0,-0.029621198453054776,-410
random_sharp_outage_20pct,random_sharp_outage,0.0,0.2,85,0.0,0.0,0,-0.028516761171666127,-420
random_sharp_outage_20pct,random_sharp_outage,0.0,0.2,86,0.0,0.0,0,-0.029495716573183506,-442
random_sharp_outage_20pct,random_sharp_outage,0.0,0.2,87,0.0,0.0,0,-0.027787299973483393,-426
random_sharp_outage_20pct,random_sharp_outage,0.0,0.2,88,0.0,0.0,0,-0.030319721977715375,-434
random_sharp_outage_20pct,random_sharp_outage,0.0,0.2,89,0.0,0.0,0,-0.025224338676654856,-418
random_sharp_outage_20pct,random_sharp_outage,0.0,0.2,90,0.0,0.0,0,-0.01560543257782876,-434
random_sharp_outage_20pct,random_sharp_outage,0.0,0.2,91,0.0,0.0,0,-0.028203755428842348,-408
random_sharp_outage_20pct,random_sharp_outage,0.0,0.2,92,0.0,0.0,0,-0.030796192354955343,-447
random_sharp_outage_20pct,random_sharp_outage,0.0,0.2,93,0.0,0.0,0,-0.029173095837506713,-426
random_sharp_outage_20pct,random_sharp_outage,0.0,0.2,94,0.0,0.0,0,-0.021324339784746682,-414
random_sharp_outage_20pct,random_sharp_outage,0.0,0.2,95,0.0,0.0,0,-0.023740034451097625,-423
random_sharp_outage_20pct,random_sharp_outage,0.0,0.2,96,0.0,0.0,0,-0.026485133069774847,-418
random_sharp_outage_20pct,random_sharp_outage,0.0,0.2,97,0.0,0.0,0,-0.037362878756675766,-417
random_sharp_outage_20pct,random_sharp_outage,0.0,0.2,98,0.0,0.0,0,-0.02330276756124583,-429
random_sharp_outage_20pct,random_sharp_outage,0.0,0.2,99,0.0,0.0,0,-0.029049448680968926,-416
random_sharp_outage_40pct,random_sharp_outage,0.0,0.4,0,0.0,0.0,0,-0.024485685658071743,-308
random_sharp_outage_40pct,random_sharp_outage,0.0,0.4,1,0.0,0.0,0,-0.01093644828037732,-333
random_sharp_outage_40pct,random_sharp_outage,0.0,0.4,2,0.0,0.0,0,-0.03322311959619606,-315
random_sharp_outage_40pct,random_sharp_outage,0.0,0.4,3,0.0,0.0,0,-0.02796521637762517,-310
random_sharp_outage_40pct,random_sharp_outage,0.0,0.4,4,0.0,0.0,0,-0.039945543333936406,-319
random_sharp_outage_40pct,random_sharp_outage,0.0,0.4,5,0.0,0.0,0,-0.024702038103677548,-313
random_sharp_outage_40pct,random_sharp_outage,0.0,0.4,6,0.0,0.0,0,-0.03338197328544168,-300
random_sharp_outage_40pct,random_sharp_outage,0.0,0.4,7,0.0,0.0,0,-0.027547881962271203,-328
random_sharp_outage_40pct,random_sharp_outage,0.0,0.4,8,0.0,0.0,0,-0.02345307906219518,-310
random_sharp_outage_40pct,random_sharp_outage,0.0,0.4,9,0.0,0.0,0,-0.036473012593746246,-305
random_sharp_outage_40pct,random_sharp_outage,0.0,0.4,10,0.0,0.0,0,-0.02301609750395195,-326
random_sharp_outage_40pct,random_sharp_outage,0.0,0.4,11,0.0,0.0,0,-0.007306874316115097,-314
random_sharp_outage_40pct,random_sharp_outage,0.0,0.4,12,0.0,0.0,0,-0.028217533759990143,-324
random_sharp_outage_40pct,random_sharp_outage,0.0,0.4,13,0.0,0.0,0,-0.016641411540857076,-309
random_sharp_outage_40pct,random_sharp_outage,0.0,0.4,14,0.0,0.0,0,-0.027950778197407544,-301
random_sharp_outage_40pct,random_sharp_outage,0.0,0.4,15,0.0,0.0,0,-0.022778533228634323,-313
random_sharp_outage_40pct,random_sharp_outage,0.0,0.4,16,0.0,0.0,0,-0.018569687527415946,-340
random_sharp_outage_40pct,random_sharp_outage,0.0,0.4,17,0.0,0.0,0,-0.03696482567589854,-319
random_sharp_outage_40pct,random_sharp_outage,0.0,0.4,18,0.0,0.0,0,-0.02765644560985514,-315
random_sharp_outage_40pct,random_sharp_outage,0.0,0.4,19,0.0,0.0,0,-0.03120570550408064,-333
random_sharp_outage_40pct,random_sharp_outage,0.0,0.4,20,0.0,0.0,0,-0.02978960309136447,-330
random_sharp_outage_40pct,random_sharp_outage,0.0,0.4,21,0.0,0.0,0,-0.03172386920803971,-295
random_sharp_outage_40pct,random_sharp_outage,0.0,0.4,22,0.0,0.0,0,-0.024019301854119712,-304
random_sharp_outage_40pct,random_sharp_outage,0.0,0.4,23,0.0,0.0,0,-0.021971748279124403,-330
random_sharp_outage_40pct,random_sharp_outage,0.0,0.4,24,0.0,0.0,0,-0.023065366550984123,-308
random_sharp_outage_40pct,random_sharp_outage,0.0,0.4,25,0.0,0.0,0,-0.02590538947819576,-313
random_sharp_outage_40pct,random_sharp_outage,0.0,0.4,26,0.0,0.0,0,-0.023944884483721784,-306
random_sharp_outage_40pct,random_sharp_outage,0.0,0.4,27,0.0,0.0,0,-0.027332817537494725,-314
random_sharp_outage_40pct,random_sharp_outage,0.0,0.4,28,0.0,0.0,0,-0.03532537003848213,-328
random_sharp_outage_40pct,random_sharp_outage,0.0,0.4,29,0.0,0.0,0,-0.029932338043022533,-307
random_sharp_outage_40pct,random_sharp_outage,0.0,0.4,30,0.0,0.0,0,-0.025693640423420483,-317
random_sharp_outage_40pct,random_sharp_outage,0.0,0.4,31,0.0,0.0,0,-0.031361299992624714,-313
random_sharp_outage_40pct,random_sharp_outage,0.0,0.4,32,0.0,0.0,0,-0.03318638026451559,-320
random_sharp_outage_40pct,random_sharp_outage,0.0,0.4,33,0.0,0.0,0,-0.0403254085139213,-294
random_sharp_outage_40pct,random_sharp_outage,0.0,0.4,34,0.0,0.0,0,-0.02669131936887026,-319
random_sharp_outage_40pct,random_sharp_outage,0.0,0.4,35,0.0,0.0,0,-0.026079415930141847,-336
random_sharp_outage_40pct,random_sharp_outage,0.0,0.4,36,0.0,0.0,0,-0.029945385541053415,-312
random_sharp_outage_40pct,random_sharp_outage,0.0,0.4,37,0.0,0.0,0,-0.022381261432676602,-309
random_sharp_outage_40pct,random_sharp_outage,0.0,0.4,38,0.0,0.0,0,-0.03274980139892647,-295
random_sharp_outage_40pct,random_sharp_outage,0.0,0.4,39,0.0,0.0,0,-0.045900067815665135,-328
random_sharp_outage_40pct,random_sharp_outage,0.0,0.4,40,0.0,0.0,0,-0.016924265798630822,-320
random_sharp_outage_40pct,random_sharp_outage,0.0,0.4,41,0.0,0.0,0,-0.023099018687624095,-335
random_sharp_outage_40pct,random_sharp_outage,0.0,0.4,42,0.0,0.0,0,-0.021756412277935455,-309
random_sharp_outage_40pct,random_sharp_outage,0.0,0.4,43,0.0,0.0,0,-0.011984574901103606,-320
random_sharp_outage_40pct,random_sharp_outage,0.0,0.4,44,0.0,0.0,0,-0.02609399056834416,-342
random_sharp_outage_40pct,random_sharp_outage,0.0,0.4,45,0.0,0.0,0,-0.030825243612599085,-311
random_sharp_outage_40pct,random_sharp_outage,0.0,0.4,46,0.0,0.0,0,-0.030016583747926928,-309
random_sharp_outage_40pct,random_sharp_outage,0.0,0.4,47,0.0,0.0,0,-0.026454514297861387,-337
random_sharp_outage_40pct,random_sharp_outage,0.0,0.4,48,0.0,0.0,0,-0.029185433941843808,-334
random_sharp_outage_40pct,random_sharp_outage,0.0,0.4,49,0.0,0.0,0,-0.026931060163268183,-309
random_sharp_outage_40pct,random_sharp_outage,0.0,0.4,50,0.0,0.0,0,-0.02044716758035059,-328
random_sharp_outage_40pct,random_sharp_outage,0.0,0.4,51,0.0,0.0,0,-0.03195509014358211,-312
random_sharp_outage_40pct,random_sharp_outage,0.0,0.4,52,0.0,0.0,0,-0.02107586024426955,-315
random_sharp_outage_40pct,random_sharp_outage,0.0,0.4,53,0.0,0.0,0,-0.03410695248797069,-319
random_sharp_outage_40pct,random_sharp_outage,0.0,0.4,54,0.0,0.0,0,-0.026765107486829365,-317
random_sharp_outage_40pct,random_sharp_outage,0.0,0.4,55,0.0,0.0,0,-0.03354265826208325,-310
random_sharp_outage_40pct,random_sharp_outage,0.0,0.4,56,0.0,0.0,0,-0.017013553653593583,-325
random_sharp_outage_40pct,random_sharp_outage,0.0,0.4,57,0.0,0.0,0,-0.02401670595342087,-338
random_sharp_outage_40pct,random_sharp_outage,0.0,0.4,58,0.0,0.0,0,-0.03688813623021381,-326
random_sharp_outage_40pct,random_sharp_outage,0.0,0.4,59,0.0,0.0,0,-0.03575015980275764,-299
random_sharp_outage_40pct,random_sharp_outage,0.0,0.4,60,0.0,0.0,0,-0.031074787033816165,-318
random_sharp_outage_40pct,random_sharp_outage,0.0,0.4,61,0.0,0.0,0,-0.03237695477464109,-314
random_sharp_outage_40pct,random_sharp_outage,0.0,0.4,62,0.0,0.0,0,-0.026965621156454844,-301
random_sharp_outage_40pct,random_sharp_outage,0.0,0.4,63,0.0,0.0,0,-0.04782258892332125,-311
random_sharp_outage_40pct,random_sharp_outage,0.0,0.4,64,0.0,0.0,0,-0.032926888331791915,-315
random_sharp_outage_40pct,random_sharp_outage,0.0,0.4,65,0.0,0.0,0,-0.016930883689261877,-319
random_sharp_outage_40pct,random_sharp_outage,0.0,0.4,66,0.0,0.0,0,-0.02554363345363786,-323
random_sharp_outage_40pct,random_sharp_outage,0.0,0.4,67,0.0,0.0,0,-0.048042025672836,-310
random_sharp_outage_40pct,random_sharp_outage,0.0,0.4,68,0.0,0.0,0,-0.03695004861448714,-313
random_sharp_outage_40pct,random_sharp_outage,0.0,0.4,69,0.0,0.0,0,-0.018599414703357686,-316
random_sharp_outage_40pct,random_sharp_outage,0.0,0.4,70,0.0,0.0,0,-0.03876194159279778,-303
random_sharp_outage_40pct,random_sharp_outage,0.0,0.4,71,0.0,0.0,0,-0.027292387912069227,-311
random_sharp_outage_40pct,random_sharp_outage,0.0,0.4,72,0.0,0.0,0,-0.03160006734762599,-321
random_sharp_outage_40pct,random_sharp_outage,0.0,0.4,73,0.0,0.0,0,-0.026277630415561415,-314
random_sharp_outage_40pct,random_sharp_outage,0.0,0.4,74,0.0,0.0,0,-0.02853057199211051,-303
random_sharp_outage_40pct,random_sharp_outage,0.0,0.4,75,0.0,0.0,0,-0.03071163269068955,-293
random_sharp_outage_40pct,random_sharp_outage,0.0,0.4,76,0.0,0.0,0,-0.027351437951757207,-323
random_sharp_outage_40pct,random_sharp_outage,0.0,0.4,77,0.0,0.0,0,-0.017547618389406328,-325
random_sharp_outage_40pct,random_sharp_outage,0.0,0.4,78,0.0,0.0,0,-0.02897505412214585,-311
random_sharp_outage_40pct,random_sharp_outage,0.0,0.4,79,0.0,0.0,0,-0.023408807967631562,-326
random_sharp_outage_40pct,random_sharp_outage,0.0,0.4,80,0.0,0.0,0,-0.026990586810840655,-329
random_sharp_outage_40pct,random_sharp_outage,0.0,0.4,81,0.0,0.0,0,-0.023362420830401076,-311
random_sharp_outage_40pct,random_sharp_outage,0.0,0.4,82,0.0,0.0,0,-0.033880324606248235,-325
random_sharp_outage_40pct,random_sharp_outage,0.0,0.4,83,0.0,0.0,0,-0.019218396282616457,-313
random_sharp_outage_40pct,random_sharp_outage,0.0,0.4,84,0.0,0.0,0,-0.02717671789836751,-304
random_sharp_outage_40pct,random_sharp_outage,0.0,0.4,85,0.0,0.0,0,-0.03460905349794241,-296
random_sharp_outage_40pct,random_sharp_outage,0.0,0.4,86,0.0,0.0,0,-0.014995680020064128,-321
random_sharp_outage_40pct,random_sharp_outage,0.0,0.4,87,0.0,0.0,0,-0.0229107855889219,-311
random_sharp_outage_40pct,random_sharp_outage,0.0,0.4,88,0.0,0.0,0,-0.015199052270675972,-326
random_sharp_outage_40pct,random_sharp_outage,0.0,0.4,89,0.0,0.0,0,-0.035487825170558374,-303
random_sharp_outage_40pct,random_sharp_outage,0.0,0.4,90,0.0,0.0,0,-0.027423221330539205,-315
random_sharp_outage_40pct,random_sharp_outage,0.0,0.4,91,0.0,0.0,0,-0.02491643593005577,-319
random_sharp_outage_40pct,random_sharp_outage,0.0,0.4,92,0.0,0.0,0,-0.027394623299037635,-317
random_sharp_outage_40pct,random_sharp_outage,0.0,0.4,93,0.0,0.0,0,-0.027093941081998585,-309
random_sharp_outage_40pct,random_sharp_outage,0.0,0.4,94,0.0,0.0,0,-0.013326023700080292,-321
random_sharp_outage_40pct,random_sharp_outage,0.0,0.4,95,0.0,0.0,0,-0.01505669805881249,-331
random_sharp_outage_40pct,random_sharp_outage,0.0,0.4,96,0.0,0.0,0,-0.018531857016972575,-311
random_sharp_outage_40pct,random_sharp_outage,0.0,0.4,97,0.0,0.0,0,-0.03402449499847604,-321
random_sharp_outage_40pct,random_sharp_outage,0.0,0.4,98,0.0,0.0,0,-0.031087976837340436,-325
random_sharp_outage_40pct,random_sharp_outage,0.0,0.4,99,0.0,0.0,0,-0.024725688964099657,-314
random_dual_outage_1pct,random_dual_outage,0.01,0.01,0,0.0,0.0,0,-0.02646045033349753,-524
random_dual_outage_1pct,random_dual_outage,0.01,0.01,1,0.0,0.0,0,-0.02685697343222926,-526
random_dual_outage_1pct,random_dual_outage,0.01,0.01,2,0.0,0.0,0,-0.02593210767983134,-526
random_dual_outage_1pct,random_dual_outage,0.01,0.01,3,0.0,0.0,0,-0.02647112859934353,-519
random_dual_outage_1pct,random_dual_outage,0.01,0.01,4,0.0,0.0,0,-0.027543884106696614,-520
random_dual_outage_1pct,random_dual_outage,0.01,0.01,5,0.0,0.0,0,-0.02699218206994769,-517
random_dual_outage_1pct,random_dual_outage,0.01,0.01,6,0.0,0.0,0,-0.02648348599518502,-519
random_dual_outage_1pct,random_dual_outage,0.01,0.01,7,0.0,0.0,0,-0.0274852745437022,-524
random_dual_outage_1pct,random_dual_outage,0.01,0.01,8,0.0,0.0,0,-0.026437087266764303,-522
random_dual_outage_1pct,random_dual_outage,0.01,0.01,9,0.0,0.0,0,-0.0273298628938885,-524
random_dual_outage_1pct,random_dual_outage,0.01,0.01,10,0.0,0.0,0,-0.025950663195434487,-522
random_dual_outage_1pct,random_dual_outage,0.01,0.01,11,0.0,0.0,0,-0.026282608086525272,-525
random_dual_outage_1pct,random_dual_outage,0.01,0.01,12,0.0,0.0,0,-0.027193812482001256,-525
random_dual_outage_1pct,random_dual_outage,0.01,0.01,13,0.0,0.0,0,-0.0241326772162469,-523
random_dual_outage_1pct,random_dual_outage,0.01,0.01,14,0.0,0.0,0,-0.026076780449253656,-522
random_dual_outage_1pct,random_dual_outage,0.01,0.01,15,0.0,0.0,0,-0.026716284444104677,-524
random_dual_outage_1pct,random_dual_outage,0.01,0.01,16,0.0,0.0,0,-0.027342543340603376,-521
random_dual_outage_1pct,random_dual_outage,0.01,0.01,17,0.0,0.0,0,-0.02713169218011613,-524
random_dual_outage_1pct,random_dual_outage,0.01,0.01,18,0.0,0.0,0,-0.026601353758461066,-521
random_dual_outage_1pct,random_dual_outage,0.01,0.01,19,0.0,0.0,0,-0.026177012568210367,-522
random_dual_outage_1pct,random_dual_outage,0.01,0.01,20,0.0,0.0,0,-0.02656261487884537,-525
random_dual_outage_1pct,random_dual_outage,0.01,0.01,21,0.0,0.0,0,-0.027299462473428404,-523
random_dual_outage_1pct,random_dual_outage,0.01,0.01,22,0.0,0.0,0,-0.02638932301901109,-523
random_dual_outage_1pct,random_dual_outage,0.01,0.01,23,0.0,0.0,0,-0.025674176847361174,-524
random_dual_outage_1pct,random_dual_outage,0.01,0.01,24,0.0,0.0,0,-0.026143145123789457,-525
random_dual_outage_1pct,random_dual_outage,0.01,0.01,25,0.0,0.0,0,-0.026938030373796717,-525
random_dual_outage_1pct,random_dual_outage,0.01,0.01,26,0.0,0.0,0,-0.02562447835785786,-526
random_dual_outage_1pct,random_dual_outage,0.01,0.01,27,0.0,0.0,0,-0.027354715282100983,-522
random_dual_outage_1pct,random_dual_outage,0.01,0.01,28,0.0,0.0,0,-0.025764949763581235,-519
random_dual_outage_1pct,random_dual_outage,0.01,0.01,29,0.0,0.0,0,-0.026859160361409895,-526
random_dual_outage_1pct,random_dual_outage,0.01,0.01,30,0.0,0.0,0,-0.026483763388408965,-522
random_dual_outage_1pct,random_dual_outage,0.01,0.01,31,0.0,0.0,0,-0.027950382239931848,-520
random_dual_outage_1pct,random_dual_outage,0.01,0.01,32,0.0,0.0,0,-0.02604666478406714,-524
random_dual_outage_1pct,random_dual_outage,0.01,0.01,33,0.0,0.0,0,-0.02744087792750549,-522
random_dual_outage_1pct,random_dual_outage,0.01,0.01,34,0.0,0.0,0,-0.026290516927114593,-523
random_dual_outage_1pct,random_dual_outage,0.01,0.01,35,0.0,0.0,0,-0.026492339667681275,-520
random_dual_outage_1pct,random_dual_outage,0.01,0.01,36,0.0,0.0,0,-0.02672275152878667,-525
random_dual_outage_1pct,random_dual_outage,0.01,0.01,37,0.0,0.0,0,-0.0270288585655567,-526
random_dual_outage_1pct,random_dual_outage,0.01,0.01,38,0.0,0.0,0,-0.026072046488199163,-523
random_dual_outage_1pct,random_dual_outage,0.01,0.01,39,0.0,0.0,0,-0.02580413143347715,-526
random_dual_outage_1pct,random_dual_outage,0.01,0.01,40,0.0,0.0,0,-0.027045174166285157,-522
random_dual_outage_1pct,random_dual_outage,0.01,0.01,41,0.0,0.0,0,-0.027264516890180834,-525
random_dual_outage_1pct,random_dual_outage,0.01,0.01,42,0.0,0.0,0,-0.02710503356954419,-525
random_dual_outage_1pct,random_dual_outage,0.01,0.01,43,0.0,0.0,0,-0.027401436575029248,-523
random_dual_outage_1pct,random_dual_outage,0.01,0.01,44,0.0,0.0,0,-0.025973006148911626,-525
random_dual_outage_1pct,random_dual_outage,0.01,0.01,45,0.0,0.0,0,-0.02665132299820172,-525
random_dual_outage_1pct,random_dual_outage,0.01,0.01,46,0.0,0.0,0,-0.02608689454628399,-526
random_dual_outage_1pct,random_dual_outage,0.01,0.01,47,0.0,0.0,0,-0.027442881335201896,-522
random_dual_outage_1pct,random_dual_outage,0.01,0.01,48,0.0,0.0,0,-0.026958950801485804,-525
random_dual_outage_1pct,random_dual_outage,0.01,0.01,49,0.0,0.0,0,-0.02737439533175734,-523
random_dual_outage_1pct,random_dual_outage,0.01,0.01,50,0.0,0.0,0,-0.027452140092932398,-518
random_dual_outage_1pct,random_dual_outage,0.01,0.01,51,0.0,0.0,0,-0.02707268390049178,-523
random_dual_outage_1pct,random_dual_outage,0.01,0.01,52,0.0,0.0,0,-0.024191205606863164,-522
random_dual_outage_1pct,random_dual_outage,0.01,0.01,53,0.0,0.0,0,-0.02631240236705068,-519
random_dual_outage_1pct,random_dual_outage,0.01,0.01,54,0.0,0.0,0,-0.026220170235554896,-524
random_dual_outage_1pct,random_dual_outage,0.01,0.01,55,0.0,0.0,0,-0.02620297478774969,-522
random_dual_outage_1pct,random_dual_outage,0.01,0.01,56,0.0,0.0,0,-0.02695140180101352,-525
random_dual_outage_1pct,random_dual_outage,0.01,0.01,57,0.0,0.0,0,-0.026090896206484082,-525
random_dual_outage_1pct,random_dual_outage,0.01,0.01,58,0.0,0.0,0,-0.026506842443070333,-524
random_dual_outage_1pct,random_dual_outage,0.01,0.01,59,0.0,0.0,0,-0.025840052947319725,-525
random_dual_outage_1pct,random_dual_outage,0.01,0.01,60,0.0,0.0,0,-0.0271543244359167,-522
random_dual_outage_1pct,random_dual_outage,0.01,0.01,61,0.0,0.0,0,-0.026537935748462083,-522
random_dual_outage_1pct,random_dual_outage,0.01,0.01,62,0.0,0.0,0,-0.027247287754840643,-523
random_dual_outage_1pct,random_dual_outage,0.01,0.01,63,0.0,0.0,0,-0.026985687796905022,-522
random_dual_outage_1pct,random_dual_outage,0.01,0.01,64,0.0,0.0,0,-0.02384914876055788,-526
random_dual_outage_1pct,random_dual_outage,0.01,0.01,65,0.0,0.0,0,-0.02533879353652413,-523
random_dual_outage_1pct,random_dual_outage,0.01,0.01,66,0.0,0.0,0,-0.026327879644328256,-527
random_dual_outage_1pct,random_dual_outage,0.01,0.01,67,0.0,0.0,0,-0.026904573083734284,-523
random_dual_outage_1pct,random_dual_outage,0.01,0.01,68,0.0,0.0,0,-0.02710566165187056,-524
random_dual_outage_1pct,random_dual_outage,0.01,0.01,69,0.0,0.0,0,-0.026584574672414707,-522
random_dual_outage_1pct,random_dual_outage,0.01,0.01,70,0.0,0.0,0,-0.02705983958520619,-523
random_dual_outage_1pct,random_dual_outage,0.01,0.01,71,0.0,0.0,0,-0.025386686855716878,-521
random_dual_outage_1pct,random_dual_outage,0.01,0.01,72,0.0,0.0,0,-0.026727279820627947,-522
random_dual_outage_1pct,random_dual_outage,0.01,0.01,73,0.0,0.0,0,-0.02657306674507498,-525
random_dual_outage_1pct,random_dual_outage,0.01,0.01,74,0.0,0.0,0,-0.02657605486669401,-518
random_dual_outage_1pct,random_dual_outage,0.01,0.01,75,0.0,0.0,0,-0.027496369299597756,-518
random_dual_outage_1pct,random_dual_outage,0.01,0.01,76,0.0,0.0,0,-0.026773665954173298,-524
random_dual_outage_1pct,random_dual_outage,0.01,0.01,77,0.0,0.0,0,-0.027484589279562543,-525
random_dual_outage_1pct,random_dual_outage,0.01,0.01,78,0.0,0.0,0,-0.025870590715152852,-522
random_dual_outage_1pct,random_dual_outage,0.01,0.01,79,0.0,0.0,0,-0.0266479683362284,-521
random_dual_outage_1pct,random_dual_outage,0.01,0.01,80,0.0,0.0,0,-0.025171407857663697,-523
random_dual_outage_1pct,random_dual_outage,0.01,0.01,81,0.0,0.0,0,-0.025637907614221467,-521
random_dual_outage_1pct,random_dual_outage,0.01,0.01,82,0.0,0.0,0,-0.02635305795882048,-524
random_dual_outage_1pct,random_dual_outage,0.01,0.01,83,0.0,0.0,0,-0.026113066149966446,-526
random_dual_outage_1pct,random_dual_outage,0.01,0.01,84,0.0,0.0,0,-0.02720536254917838,-523
random_dual_outage_1pct,random_dual_outage,0.01,0.01,85,0.0,0.0,0,-0.027203660726014878,-522
random_dual_outage_1pct,random_dual_outage,0.01,0.01,86,0.0,0.0,0,-0.025813549728120222,-524
random_dual_outage_1pct,random_dual_outage,0.01,0.01,87,0.0,0.0,0,-0.024940042169393717,-525
random_dual_outage_1pct,random_dual_outage,0.01,0.01,88,0.0,0.0,0,-0.024232417890493796,-522
random_dual_outage_1pct,random_dual_outage,0.01,0.01,89,0.0,0.0,0,-0.027174151314566464,-523
random_dual_outage_1pct,random_dual_outage,0.01,0.01,90,0.0,0.0,0,-0.026813028849045573,-526
random_dual_outage_1pct,random_dual_outage,0.01,0.01,91,0.0,0.0,0,-0.024988020109971476,-523
random_dual_outage_1pct,random_dual_outage,0.01,0.01,92,0.0,0.0,0,-0.026860497414370244,-525
random_dual_outage_1pct,random_dual_outage,0.01,0.01,93,0.0,0.0,0,-0.026857598360189083,-519
random_dual_outage_1pct,random_dual_outage,0.01,0.01,94,0.0,0.0,0,-0.02778467042863264,-518
random_dual_outage_1pct,random_dual_outage,0.01,0.01,95,0.0,0.0,0,-0.02709253986865434,-524
random_dual_outage_1pct,random_dual_outage,0.01,0.01,96,0.0,0.0,0,-0.027065034719517156,-523
random_dual_outage_1pct,random_dual_outage,0.01,0.01,97,0.0,0.0,0,-0.026005735500945537,-525
random_dual_outage_1pct,random_dual_outage,0.01,0.01,98,0.0,0.0,0,-0.025841866363444543,-526
random_dual_outage_1pct,random_dual_outage,0.01,0.01,99,0.0,0.0,0,-0.0251922108203122,-524
random_dual_outage_5pct,random_dual_outage,0.05,0.05,0,0.0,0.0,0,-0.028284840140267775,-498
random_dual_outage_5pct,random_dual_outage,0.05,0.05,1,0.0,0.0,0,-0.02588101788713626,-502
random_dual_outage_5pct,random_dual_outage,0.05,0.05,2,0.0,0.0,0,-0.02516022466823231,-500
random_dual_outage_5pct,random_dual_outage,0.05,0.05,3,0.0,0.0,0,-0.029179835229093953,-506
random_dual_outage_5pct,random_dual_outage,0.05,0.05,4,0.0,0.0,0,-0.027427592213940866,-495
random_dual_outage_5pct,random_dual_outage,0.05,0.05,5,0.0,0.0,0,-0.027065548368141235,-506
random_dual_outage_5pct,random_dual_outage,0.05,0.05,6,0.0,0.0,0,-0.028885500091585747,-501
random_dual_outage_5pct,random_dual_outage,0.05,0.05,7,0.0,0.0,0,-0.02862013463506541,-502
random_dual_outage_5pct,random_dual_outage,0.05,0.05,8,0.0,0.0,0,-0.030142139436132975,-497
random_dual_outage_5pct,random_dual_outage,0.05,0.05,9,0.0,0.0,0,-0.02403563648350393,-505
random_dual_outage_5pct,random_dual_outage,0.05,0.05,10,0.0,0.0,0,-0.024698894004512972,-510
random_dual_outage_5pct,random_dual_outage,0.05,0.05,11,0.0,0.0,0,-0.02728185800645555,-505
random_dual_outage_5pct,random_dual_outage,0.05,0.05,12,0.0,0.0,0,-0.023432562671902746,-505
random_dual_outage_5pct,random_dual_outage,0.05,0.05,13,0.0,0.0,0,-0.02780917777332026,-504
random_dual_outage_5pct,random_dual_outage,0.05,0.05,14,0.0,0.0,0,-0.027755279475444095,-501
random_dual_outage_5pct,random_dual_outage,0.05,0.05,15,0.0,0.0,0,-0.02699463440257177,-498
random_dual_outage_5pct,random_dual_outage,0.05,0.05,16,0.0,0.0,0,-0.025597933485161484,-500
random_dual_outage_5pct,random_dual_outage,0.05,0.05,17,0.0,0.0,0,-0.021827869826632762,-504
random_dual_outage_5pct,random_dual_outage,0.05,0.05,18,0.0,0.0,0,-0.024869489939576273,-508
random_dual_outage_5pct,random_dual_outage,0.05,0.05,19,0.0,0.0,0,-0.024624948197264684,-504
random_dual_outage_5pct,random_dual_outage,0.05,0.05,20,0.0,0.0,0,-0.025279908390443806,-505
random_dual_outage_5pct,random_dual_outage,0.05,0.05,21,0.0,0.0,0,-0.027575447036732426,-511
random_dual_outage_5pct,random_dual_outage,0.05,0.05,22,0.0,0.0,0,-0.023797399903872307,-501
random_dual_outage_5pct,random_dual_outage,0.05,0.05,23,0.0,0.0,0,-0.02748554666362879,-506
random_dual_outage_5pct,random_dual_outage,0.05,0.05,24,0.0,0.0,0,-0.026388723996902286,-505
random_dual_outage_5pct,random_dual_outage,0.05,0.05,25,0.0,0.0,0,-0.0247997252462,-502
random_dual_outage_5pct,random_dual_outage,0.05,0.05,26,0.0,0.0,0,-0.022825671067902453,-503
random_dual_outage_5pct,random_dual_outage,0.05,0.05,27,0.0,0.0,0,-0.02316187989784657,-504
random_dual_outage_5pct,random_dual_outage,0.05,0.05,28,0.0,0.0,0,-0.027344061305426548,-499
random_dual_outage_5pct,random_dual_outage,0.05,0.05,29,0.0,0.0,0,-0.02666282771576567,-490
random_dual_outage_5pct,random_dual_outage,0.05,0.05,30,0.0,0.0,0,-0.026287339971550416,-504
random_dual_outage_5pct,random_dual_outage,0.05,0.05,31,0.0,0.0,0,-0.027315956824889964,-512
random_dual_outage_5pct,random_dual_outage,0.05,0.05,32,0.0,0.0,0,-0.02884366610624234,-504
random_dual_outage_5pct,random_dual_outage,0.05,0.05,33,0.0,0.0,0,-0.02680699213261284,-497
random_dual_outage_5pct,random_dual_outage,0.05,0.05,34,0.0,0.0,0,-0.026483900796334225,-502
random_dual_outage_5pct,random_dual_outage,0.05,0.05,35,0.0,0.0,0,-0.027959851568451155,-505
random_dual_outage_5pct,random_dual_outage,0.05,0.05,36,0.0,0.0,0,-0.02627730066315115,-502
random_dual_outage_5pct,random_dual_outage,0.05,0.05,37,0.0,0.0,0,-0.026798410073571644,-499
random_dual_outage_5pct,random_dual_outage,0.05,0.05,38,0.0,0.0,0,-0.02640905346595024,-509
random_dual_outage_5pct,random_dual_outage,0.05,0.05,39,0.0,0.0,0,-0.02597573839662437,-500
random_dual_outage_5pct,random_dual_outage,0.05,0.05,40,0.0,0.0,0,-0.02607035015563719,-509
random_dual_outage_5pct,random_dual_outage,0.05,0.05,41,0.0,0.0,0,-0.02287140145822586,-505
random_dual_outage_5pct,random_dual_outage,0.05,0.05,42,0.0,0.0,0,-0.02043554466176989,-505
random_dual_outage_5pct,random_dual_outage,0.05,0.05,43,0.0,0.0,0,-0.02794311166783836,-498
random_dual_outage_5pct,random_dual_outage,0.05,0.05,44,0.0,0.0,0,-0.02770384080371535,-505
random_dual_outage_5pct,random_dual_outage,0.05,0.05,45,0.0,0.0,0,-0.025096193402001532,-498
random_dual_outage_5pct,random_dual_outage,0.05,0.05,46,0.0,0.0,0,-0.02638075515027083,-495
random_dual_outage_5pct,random_dual_outage,0.05,0.05,47,0.0,0.0,0,-0.02327364849119684,-501
random_dual_outage_5pct,random_dual_outage,0.05,0.05,48,0.0,0.0,0,-0.028016958311185558,-506
random_dual_outage_5pct,random_dual_outage,0.05,0.05,49,0.0,0.0,0,-0.02440613604658659,-505
random_dual_outage_5pct,random_dual_outage,0.05,0.05,50,0.0,0.0,0,-0.025936480987414967,-493
random_dual_outage_5pct,random_dual_outage,0.05,0.05,51,0.0,0.0,0,-0.027489856092476117,-496
random_dual_outage_5pct,random_dual_outage,0.05,0.05,52,0.0,0.0,0,-0.022947499094230883,-497
random_dual_outage_5pct,random_dual_outage,0.05,0.05,53,0.0,0.0,0,-0.02678577754162248,-508
random_dual_outage_5pct,random_dual_outage,0.05,0.05,54,0.0,0.0,0,-0.027470508616265654,-504
random_dual_outage_5pct,random_dual_outage,0.05,0.05,55,0.0,0.0,0,-0.02723823288283378,-503
random_dual_outage_5pct,random_dual_outage,0.05,0.05,56,0.0,0.0,0,-0.027467700029655484,-503
random_dual_outage_5pct,random_dual_outage,0.05,0.05,57,0.0,0.0,0,-0.023539005267216417,-500
random_dual_outage_5pct,random_dual_outage,0.05,0.05,58,0.0,0.0,0,-0.030592831288072553,-505
random_dual_outage_5pct,random_dual_outage,0.05,0.05,59,0.0,0.0,0,-0.02955904680548138,-501
random_dual_outage_5pct,random_dual_outage,0.05,0.05,60,0.0,0.0,0,-0.027573780988571883,-498
random_dual_outage_5pct,random_dual_outage,0.05,0.05,61,0.0,0.0,0,-0.028420046619586303,-499
random_dual_outage_5pct,random_dual_outage,0.05,0.05,62,0.0,0.0,0,-0.025533493248045547,-502
random_dual_outage_5pct,random_dual_outage,0.05,0.05,63,0.0,0.0,0,-0.02811312619432016,-496
random_dual_outage_5pct,random_dual_outage,0.05,0.05,64,0.0,0.0,0,-0.025899732082375282,-502
random_dual_outage_5pct,random_dual_outage,0.05,0.05,65,0.0,0.0,0,-0.02734015740292195,-508
random_dual_outage_5pct,random_dual_outage,0.05,0.05,66,0.0,0.0,0,-0.027125637681332915,-507
random_dual_outage_5pct,random_dual_outage,0.05,0.05,67,0.0,0.0,0,-0.027800594282183955,-509
random_dual_outage_5pct,random_dual_outage,0.05,0.05,68,0.0,0.0,0,-0.025579240841822948,-503
random_dual_outage_5pct,random_dual_outage,0.05,0.05,69,0.0,0.0,0,-0.024995822526390654,-501
random_dual_outage_5pct,random_dual_outage,0.05,0.05,70,0.0,0.0,0,-0.030040733590541935,-491
random_dual_outage_5pct,random_dual_outage,0.05,0.05,71,0.0,0.0,0,-0.026266244691354412,-502
random_dual_outage_5pct,random_dual_outage,0.05,0.05,72,0.0,0.0,0,-0.028964763487705936,-502
random_dual_outage_5pct,random_dual_outage,0.05,0.05,73,0.0,0.0,0,-0.02333820336940473,-498
random_dual_outage_5pct,random_dual_outage,0.05,0.05,74,0.0,0.0,0,-0.028565732857384285,-498
random_dual_outage_5pct,random_dual_outage,0.05,0.05,75,0.0,0.0,0,-0.0260526263873182,-498
random_dual_outage_5pct,random_dual_outage,0.05,0.05,76,0.0,0.0,0,-0.023364314810646603,-503
random_dual_outage_5pct,random_dual_outage,0.05,0.05,77,0.0,0.0,0,-0.02716457023060803,-504
random_dual_outage_5pct,random_dual_outage,0.05,0.05,78,0.0,0.0,0,-0.027714916623267527,-495
random_dual_outage_5pct,random_dual_outage,0.05,0.05,79,0.0,0.0,0,-0.026759954263928742,-502
random_dual_outage_5pct,random_dual_outage,0.05,0.05,80,0.0,0.0,0,-0.028547308797598703,-501
random_dual_outage_5pct,random_dual_outage,0.05,0.05,81,0.0,0.0,0,-0.029921217646520892,-488
random_dual_outage_5pct,random_dual_outage,0.05,0.05,82,0.0,0.0,0,-0.02544423007461849,-512
random_dual_outage_5pct,random_dual_outage,0.05,0.05,83,0.0,0.0,0,-0.028930239938141034,-508
random_dual_outage_5pct,random_dual_outage,0.05,0.05,84,0.0,0.0,0,-0.02481614522043807,-499
random_dual_outage_5pct,random_dual_outage,0.05,0.05,85,0.0,0.0,0,-0.031073681292021815,-495
random_dual_outage_5pct,random_dual_outage,0.05,0.05,86,0.0,0.0,0,-0.025651236307496106,-504
random_dual_outage_5pct,random_dual_outage,0.05,0.05,87,0.0,0.0,0,-0.02498042547520285,-501
random_dual_outage_5pct,random_dual_outage,0.05,0.05,88,0.0,0.0,0,-0.025707418794302273,-502
random_dual_outage_5pct,random_dual_outage,0.05,0.05,89,0.0,0.0,0,-0.025442691112175897,-497
random_dual_outage_5pct,random_dual_outage,0.05,0.05,90,0.0,0.0,0,-0.029561968126462945,-507
random_dual_outage_5pct,random_dual_outage,0.05,0.05,91,0.0,0.0,0,-0.029609733570829633,-493
random_dual_outage_5pct,random_dual_outage,0.05,0.05,92,0.0,0.0,0,-0.02912556160169899,-503
random_dual_outage_5pct,random_dual_outage,0.05,0.05,93,0.0,0.0,0,-0.02442885152399965,-502
random_dual_outage_5pct,random_dual_outage,0.05,0.05,94,0.0,0.0,0,-0.02841766472428775,-510
random_dual_outage_5pct,random_dual_outage,0.05,0.05,95,0.0,0.0,0,-0.02515342925034103,-501
random_dual_outage_5pct,random_dual_outage,0.05,0.05,96,0.0,0.0,0,-0.026048026667943258,-499
random_dual_outage_5pct,random_dual_outage,0.05,0.05,97,0.0,0.0,0,-0.027721192870542977,-503
random_dual_outage_5pct,random_dual_outage,0.05,0.05,98,0.0,0.0,0,-0.026127106935617483,-496
random_dual_outage_5pct,random_dual_outage,0.05,0.05,99,0.0,0.0,0,-0.02689723186994253,-512
random_dual_outage_10pct,random_dual_outage,0.1,0.1,0,0.0,0.0,0,-0.02224917606988397,-470
random_dual_outage_10pct,random_dual_outage,0.1,0.1,1,0.0,0.0,0,-0.033749111693385014,-467
random_dual_outage_10pct,random_dual_outage,0.1,0.1,2,0.0,0.0,0,-0.023766211556973227,-484
random_dual_outage_10pct,random_dual_outage,0.1,0.1,3,0.0,0.0,0,-0.029859853962691973,-461
random_dual_outage_10pct,random_dual_outage,0.1,0.1,4,0.0,0.0,0,-0.020925987184670536,-482
random_dual_outage_10pct,random_dual_outage,0.1,0.1,5,0.0,0.0,0,-0.02717391304347827,-477
random_dual_outage_10pct,random_dual_outage,0.1,0.1,6,0.0,0.0,0,-0.027915715224123394,-479
random_dual_outage_10pct,random_dual_outage,0.1,0.1,7,0.0,0.0,0,-0.026215001215927458,-474
random_dual_outage_10pct,random_dual_outage,0.1,0.1,8,0.0,0.0,0,-0.02742772317008768,-467
random_dual_outage_10pct,random_dual_outage,0.1,0.1,9,0.0,0.0,0,-0.02335804598711011,-469
random_dual_outage_10pct,random_dual_outage,0.1,0.1,10,0.0,0.0,0,-0.028511238879642242,-472
random_dual_outage_10pct,random_dual_outage,0.1,0.1,11,0.0,0.0,0,-0.03265463649152056,-464
random_dual_outage_10pct,random_dual_outage,0.1,0.1,12,0.0,0.0,0,-0.022899603685800907,-473
random_dual_outage_10pct,random_dual_outage,0.1,0.1,13,0.0,0.0,0,-0.03325528436979219,-470
random_dual_outage_10pct,random_dual_outage,0.1,0.1,14,0.0,0.0,0,-0.03198969488387715,-461
random_dual_outage_10pct,random_dual_outage,0.1,0.1,15,0.0,0.0,0,-0.02828994776389404,-467
random_dual_outage_10pct,random_dual_outage,0.1,0.1,16,0.0,0.0,0,-0.028458482065112145,-473
random_dual_outage_10pct,random_dual_outage,0.1,0.1,17,0.0,0.0,0,-0.029227587381534414,-484
random_dual_outage_10pct,random_dual_outage,0.1,0.1,18,0.0,0.0,0,-0.01907830038073066,-489
random_dual_outage_10pct,random_dual_outage,0.1,0.1,19,0.0,0.0,0,-0.02607228113225868,-483
random_dual_outage_10pct,random_dual_outage,0.1,0.1,20,0.0,0.0,0,-0.02412944621406976,-472
random_dual_outage_10pct,random_dual_outage,0.1,0.1,21,0.0,0.0,0,-0.0268523702874206,-470
random_dual_outage_10pct,random_dual_outage,0.1,0.1,22,0.0,0.0,0,-0.030255261948854084,-470
random_dual_outage_10pct,random_dual_outage,0.1,0.1,23,0.0,0.0,0,-0.027705366790879093,-477
random_dual_outage_10pct,random_dual_outage,0.1,0.1,24,0.0,0.0,0,-0.023545731916976287,-477
random_dual_outage_10pct,random_dual_outage,0.1,0.1,25,0.0,0.0,0,-0.03251313903487807,-465
random_dual_outage_10pct,random_dual_outage,0.1,0.1,26,0.0,0.0,0,-0.02828419667848392,-462
random_dual_outage_10pct,random_dual_outage,0.1,0.1,27,0.0,0.0,0,-0.0265229029446723,-486
random_dual_outage_10pct,random_dual_outage,0.1,0.1,28,0.0,0.0,0,-0.029678931166441602,-476
random_dual_outage_10pct,random_dual_outage,0.1,0.1,29,0.0,0.0,0,-0.02878892990069648,-478
random_dual_outage_10pct,random_dual_outage,0.1,0.1,30,0.0,0.0,0,-0.02120463869606426,-472
random_dual_outage_10pct,random_dual_outage,0.1,0.1,31,0.0,0.0,0,-0.023663609936180663,-469
random_dual_outage_10pct,random_dual_outage,0.1,0.1,32,0.0,0.0,0,-0.024268825968887464,-476
random_dual_outage_10pct,random_dual_outage,0.1,0.1,33,0.0,0.0,0,-0.027415452328090284,-473
random_dual_outage_10pct,random_dual_outage,0.1,0.1,34,0.0,0.0,0,-0.026145151699028535,-479
random_dual_outage_10pct,random_dual_outage,0.1,0.1,35,0.0,0.0,0,-0.027298324993294543,-479
random_dual_outage_10pct,random_dual_outage,0.1,0.1,36,0.0,0.0,0,-0.029240839252826056,-469
random_dual_outage_10pct,random_dual_outage,0.1,0.1,37,0.0,0.0,0,-0.025915327237204355,-483
random_dual_outage_10pct,random_dual_outage,0.1,0.1,38,0.0,0.0,0,-0.02756160973545163,-472
random_dual_outage_10pct,random_dual_outage,0.1,0.1,39,0.0,0.0,0,-0.02355091286854516,-479
random_dual_outage_10pct,random_dual_outage,0.1,0.1,40,0.0,0.0,0,-0.022817694471676253,-469
random_dual_outage_10pct,random_dual_outage,0.1,0.1,41,0.0,0.0,0,-0.02767197252181819,-484
random_dual_outage_10pct,random_dual_outage,0.1,0.1,42,0.0,0.0,0,-0.02595991154488342,-478
random_dual_outage_10pct,random_dual_outage,0.1,0.1,43,0.0,0.0,0,-0.02753412824375623,-475
random_dual_outage_10pct,random_dual_outage,0.1,0.1,44,0.0,0.0,0,-0.03243056939769873,-470
random_dual_outage_10pct,random_dual_outage,0.1,0.1,45,0.0,0.0,0,-0.018025214869415773,-485
random_dual_outage_10pct,random_dual_outage,0.1,0.1,46,0.0,0.0,0,-0.022427738918347817,-491
random_dual_outage_10pct,random_dual_outage,0.1,0.1,47,0.0,0.0,0,-0.026859260977629695,-473
random_dual_outage_10pct,random_dual_outage,0.1,0.1,48,0.0,0.0,0,-0.02604358444112287,-464
random_dual_outage_10pct,random_dual_outage,0.1,0.1,49,0.0,0.0,0,-0.027020375749415182,-466
random_dual_outage_10pct,random_dual_outage,0.1,0.1,50,0.0,0.0,0,-0.023482948726714303,-480
random_dual_outage_10pct,random_dual_outage,0.1,0.1,51,0.0,0.0,0,-0.025154014006077086,-477
random_dual_outage_10pct,random_dual_outage,0.1,0.1,52,0.0,0.0,0,-0.024476677802681035,-477
random_dual_outage_10pct,random_dual_outage,0.1,0.1,53,0.0,0.0,0,-0.0274149599410225,-467
random_dual_outage_10pct,random_dual_outage,0.1,0.1,54,0.0,0.0,0,-0.028261452989832403,-477
random_dual_outage_10pct,random_dual_outage,0.1,0.1,55,0.0,0.0,0,-0.02554091962434435,-486
random_dual_outage_10pct,random_dual_outage,0.1,0.1,56,0.0,0.0,0,-0.027630951831865147,-475
random_dual_outage_10pct,random_dual_outage,0.1,0.1,57,0.0,0.0,0,-0.028891196078475234,-480
random_dual_outage_10pct,random_dual_outage,0.1,0.1,58,0.0,0.0,0,-0.032033057054741576,-459
random_dual_outage_10pct,random_dual_outage,0.1,0.1,59,0.0,0.0,0,-0.027384145074903943,-473
random_dual_outage_10pct,random_dual_outage,0.1,0.1,60,0.0,0.0,0,-0.02684549602534214,-472
random_dual_outage_10pct,random_dual_outage,0.1,0.1,61,0.0,0.0,0,-0.028492287460198717,-480
random_dual_outage_10pct,random_dual_outage,0.1,0.1,62,0.0,0.0,0,-0.024100761965905715,-481
random_dual_outage_10pct,random_dual_outage,0.1,0.1,63,0.0,0.0,0,-0.027882575915110452,-484
random_dual_outage_10pct,random_dual_outage,0.1,0.1,64,0.0,0.0,0,-0.029338147274816206,-477
random_dual_outage_10pct,random_dual_outage,0.1,0.1,65,0.0,0.0,0,-0.025411778497513415,-480
random_dual_outage_10pct,random_dual_outage,0.1,0.1,66,0.0,0.0,0,-0.02404977400529673,-486
random_dual_outage_10pct,random_dual_outage,0.1,0.1,67,0.0,0.0,0,-0.02642071953375713,-485
random_dual_outage_10pct,random_dual_outage,0.1,0.1,68,0.0,0.0,0,-0.023738700249541056,-478
random_dual_outage_10pct,random_dual_outage,0.1,0.1,69,0.0,0.0,0,-0.024973598614455472,-473
random_dual_outage_10pct,random_dual_outage,0.1,0.1,70,0.0,0.0,0,-0.02395755023105428,-474
random_dual_outage_10pct,random_dual_outage,0.1,0.1,71,0.0,0.0,0,-0.02370834281740697,-477
random_dual_outage_10pct,random_dual_outage,0.1,0.1,72,0.0,0.0,0,-0.023457988504844707,-477
random_dual_outage_10pct,random_dual_outage,0.1,0.1,73,0.0,0.0,0,-0.02938010095733179,-471
random_dual_outage_10pct,random_dual_outage,0.1,0.1,74,0.0,0.0,0,-0.027988215488215396,-469
random_dual_outage_10pct,random_dual_outage,0.1,0.1,75,0.0,0.0,0,-0.0253588841557586,-470
random_dual_outage_10pct,random_dual_outage,0.1,0.1,76,0.0,0.0,0,-0.0271262401489738,-489
random_dual_outage_10pct,random_dual_outage,0.1,0.1,77,0.0,0.0,0,-0.023467820195939293,-476
random_dual_outage_10pct,random_dual_outage,0.1,0.1,78,0.0,0.0,0,-0.025992242951970557,-469
random_dual_outage_10pct,random_dual_outage,0.1,0.1,79,0.0,0.0,0,-0.03110350733524414,-472
random_dual_outage_10pct,random_dual_outage,0.1,0.1,80,0.0,0.0,0,-0.022214367843063743,-480
random_dual_outage_10pct,random_dual_outage,0.1,0.1,81,0.0,0.0,0,-0.029619461157518456,-472
random_dual_outage_10pct,random_dual_outage,0.1,0.1,82,0.0,0.0,0,-0.025158852446988123,-468
random_dual_outage_10pct,random_dual_outage,0.1,0.1,83,0.0,0.0,0,-0.021907705642180364,-465
random_dual_outage_10pct,random_dual_outage,0.1,0.1,84,0.0,0.0,0,-0.02781752543485405,-477
random_dual_outage_10pct,random_dual_outage,0.1,0.1,85,0.0,0.0,0,-0.027044792065006096,-486
random_dual_outage_10pct,random_dual_outage,0.1,0.1,86,0.0,0.0,0,-0.021215227669537207,-480
random_dual_outage_10pct,random_dual_outage,0.1,0.1,87,0.0,0.0,0,-0.026852097936645114,-470
random_dual_outage_10pct,random_dual_outage,0.1,0.1,88,0.0,0.0,0,-0.025747680603804834,-473
random_dual_outage_10pct,random_dual_outage,0.1,0.1,89,0.0,0.0,0,-0.024748208733269994,-475
random_dual_outage_10pct,random_dual_outage,0.1,0.1,90,0.0,0.0,0,-0.02734150452176154,-472
random_dual_outage_10pct,random_dual_outage,0.1,0.1,91,0.0,0.0,0,-0.026916208791208707,-466
random_dual_outage_10pct,random_dual_outage,0.1,0.1,92,0.0,0.0,0,-0.029412977573452626,-473
random_dual_outage_10pct,random_dual_outage,0.1,0.1,93,0.0,0.0,0,-0.02868036297597487,-456
random_dual_outage_10pct,random_dual_outage,0.1,0.1,94,0.0,0.0,0,-0.02800127909512584,-481
random_dual_outage_10pct,random_dual_outage,0.1,0.1,95,0.0,0.0,0,-0.027208992996320847,-479
random_dual_outage_10pct,random_dual_outage,0.1,0.1,96,0.0,0.0,0,-0.02641711428985616,-474
random_dual_outage_10pct,random_dual_outage,0.1,0.1,97,0.0,0.0,0,-0.0266131480460563,-477
random_dual_outage_10pct,random_dual_outage,0.1,0.1,98,0.0,0.0,0,-0.030759362798641776,-471
random_dual_outage_10pct,random_dual_outage,0.1,0.1,99,0.0,0.0,0,-0.02734191078504966,-476
random_dual_outage_20pct,random_dual_outage,0.2,0.2,0,0.0,0.0,0,-0.025537933475474173,-417
random_dual_outage_20pct,random_dual_outage,0.2,0.2,1,0.0,0.0,0,-0.025165875943461646,-414
random_dual_outage_20pct,random_dual_outage,0.2,0.2,2,0.0,0.0,0,-0.03119332625290916,-433
random_dual_outage_20pct,random_dual_outage,0.2,0.2,3,0.0,0.0,0,-0.0220817184538582,-426
random_dual_outage_20pct,random_dual_outage,0.2,0.2,4,0.0,0.0,0,-0.025337278678553954,-421
random_dual_outage_20pct,random_dual_outage,0.2,0.2,5,0.0,0.0,0,-0.03256893550258977,-420
random_dual_outage_20pct,random_dual_outage,0.2,0.2,6,0.0,0.0,0,-0.022648697875849555,-430
random_dual_outage_20pct,random_dual_outage,0.2,0.2,7,0.0,0.0,0,-0.030845221788026844,-412
random_dual_outage_20pct,random_dual_outage,0.2,0.2,8,0.0,0.0,0,-0.026069713994831822,-418
random_dual_outage_20pct,random_dual_outage,0.2,0.2,9,0.0,0.0,0,-0.022833314678161187,-435
random_dual_outage_20pct,random_dual_outage,0.2,0.2,10,0.0,0.0,0,-0.030140286999357446,-421
random_dual_outage_20pct,random_dual_outage,0.2,0.2,11,0.0,0.0,0,-0.02369153116761802,-429
random_dual_outage_20pct,random_dual_outage,0.2,0.2,12,0.0,0.0,0,-0.025337158326229847,-412
random_dual_outage_20pct,random_dual_outage,0.2,0.2,13,0.0,0.0,0,-0.018686590592180252,-426
random_dual_outage_20pct,random_dual_outage,0.2,0.2,14,0.0,0.0,0,-0.024917875396504252,-417
random_dual_outage_20pct,random_dual_outage,0.2,0.2,15,0.0,0.0,0,-0.02806397362111035,-425
random_dual_outage_20pct,random_dual_outage,0.2,0.2,16,0.0,0.0,0,-0.021666239574938517,-422
random_dual_outage_20pct,random_dual_outage,0.2,0.2,17,0.0,0.0,0,-0.03164761989039677,-425
random_dual_outage_20pct,random_dual_outage,0.2,0.2,18,0.0,0.0,0,-0.028519455046290387,-422
random_dual_outage_20pct,random_dual_outage,0.2,0.2,19,0.0,0.0,0,-0.020044536588639916,-418
random_dual_outage_20pct,random_dual_outage,0.2,0.2,20,0.0,0.0,0,-0.02587015475155341,-432
random_dual_outage_20pct,random_dual_outage,0.2,0.2,21,0.0,0.0,0,-0.027056552530080547,-413
random_dual_outage_20pct,random_dual_outage,0.2,0.2,22,0.0,0.0,0,-0.020219786181033816,-423
random_dual_outage_20pct,random_dual_outage,0.2,0.2,23,0.0,0.0,0,-0.030348552441963994,-444
random_dual_outage_20pct,random_dual_outage,0.2,0.2,24,0.0,0.0,0,-0.020628235059363398,-412
random_dual_outage_20pct,random_dual_outage,0.2,0.2,25,0.0,0.0,0,-0.02634613151360643,-401
random_dual_outage_20pct,random_dual_outage,0.2,0.2,26,0.0,0.0,0,-0.029809661852854497,-411
random_dual_outage_20pct,random_dual_outage,0.2,0.2,27,0.0,0.0,0,-0.02642613761564494,-413
random_dual_outage_20pct,random_dual_outage,0.2,0.2,28,0.0,0.0,0,-0.025780212615391873,-419
random_dual_outage_20pct,random_dual_outage,0.2,0.2,29,0.0,0.0,0,-0.022278801998191433,-416
random_dual_outage_20pct,random_dual_outage,0.2,0.2,30,0.0,0.0,0,-0.024465622401735887,-419
random_dual_outage_20pct,random_dual_outage,0.2,0.2,31,0.0,0.0,0,-0.029001653852146703,-423
random_dual_outage_20pct,random_dual_outage,0.2,0.2,32,0.0,0.0,0,-0.030433600985947606,-426
random_dual_outage_20pct,random_dual_outage,0.2,0.2,33,0.0,0.0,0,-0.030248690287687285,-433
random_dual_outage_20pct,random_dual_outage,0.2,0.2,34,0.0,0.0,0,-0.029437998725954317,-421
random_dual_outage_20pct,random_dual_outage,0.2,0.2,35,0.0,0.0,0,-0.022781531137326283,-426
random_dual_outage_20pct,random_dual_outage,0.2,0.2,36,0.0,0.0,0,-0.02530418094748077,-422
random_dual_outage_20pct,random_dual_outage,0.2,0.2,37,0.0,0.0,0,-0.024304615524408213,-430
random_dual_outage_20pct,random_dual_outage,0.2,0.2,38,0.0,0.0,0,-0.03656011438714257,-410
random_dual_outage_20pct,random_dual_outage,0.2,0.2,39,0.0,0.0,0,-0.026609121227774812,-431
random_dual_outage_20pct,random_dual_outage,0.2,0.2,40,0.0,0.0,0,-0.03464187596114088,-426
random_dual_outage_20pct,random_dual_outage,0.2,0.2,41,0.0,0.0,0,-0.030256814010456212,-424
random_dual_outage_20pct,random_dual_outage,0.2,0.2,42,0.0,0.0,0,-0.0189723713166563,-437
random_dual_outage_20pct,random_dual_outage,0.2,0.2,43,0.0,0.0,0,-0.028941753295748107,-421
random_dual_outage_20pct,random_dual_outage,0.2,0.2,44,0.0,0.0,0,-0.025756957159149385,-413
random_dual_outage_20pct,random_dual_outage,0.2,0.2,45,0.0,0.0,0,-0.026720505138044803,-412
random_dual_outage_20pct,random_dual_outage,0.2,0.2,46,0.0,0.0,0,-0.028906127187201536,-426
random_dual_outage_20pct,random_dual_outage,0.2,0.2,47,0.0,0.0,0,-0.01842763967492589,-423
random_dual_outage_20pct,random_dual_outage,0.2,0.2,48,0.0,0.0,0,-0.029882579950363253,-427
random_dual_outage_20pct,random_dual_outage,0.2,0.2,49,0.0,0.0,0,-0.017110035405682567,-430
random_dual_outage_20pct,random_dual_outage,0.2,0.2,50,0.0,0.0,0,-0.031337941233913424,-422
random_dual_outage_20pct,random_dual_outage,0.2,0.2,51,0.0,0.0,0,-0.024727792262732917,-424
random_dual_outage_20pct,random_dual_outage,0.2,0.2,52,0.0,0.0,0,-0.02851807059212086,-403
random_dual_outage_20pct,random_dual_outage,0.2,0.2,53,0.0,0.0,0,-0.027879679148599568,-413
random_dual_outage_20pct,random_dual_outage,0.2,0.2,54,0.0,0.0,0,-0.027101946740356153,-408
random_dual_outage_20pct,random_dual_outage,0.2,0.2,55,0.0,0.0,0,-0.027504040242556815,-412
random_dual_outage_20pct,random_dual_outage,0.2,0.2,56,0.0,0.0,0,-0.029671900246043714,-418
random_dual_outage_20pct,random_dual_outage,0.2,0.2,57,0.0,0.0,0,-0.023423518323534287,-431
random_dual_outage_20pct,random_dual_outage,0.2,0.2,58,0.0,0.0,0,-0.025459774376556776,-425
random_dual_outage_20pct,random_dual_outage,0.2,0.2,59,0.0,0.0,0,-0.028653071859703783,-413
random_dual_outage_20pct,random_dual_outage,0.2,0.2,60,0.0,0.0,0,-0.025141476113626826,-438
random_dual_outage_20pct,random_dual_outage,0.2,0.2,61,0.0,0.0,0,-0.02317746451300473,-417
random_dual_outage_20pct,random_dual_outage,0.2,0.2,62,0.0,0.0,0,-0.038469904057661264,-415
random_dual_outage_20pct,random_dual_outage,0.2,0.2,63,0.0,0.0,0,-0.026548461744710705,-438
random_dual_outage_20pct,random_dual_outage,0.2,0.2,64,0.0,0.0,0,-0.016693726438011813,-422
random_dual_outage_20pct,random_dual_outage,0.2,0.2,65,0.0,0.0,0,-0.033347262024173485,-400
random_dual_outage_20pct,random_dual_outage,0.2,0.2,66,0.0,0.0,0,-0.0250899039779644,-413
random_dual_outage_20pct,random_dual_outage,0.2,0.2,67,0.0,0.0,0,-0.021251530070504954,-419
random_dual_outage_20pct,random_dual_outage,0.2,0.2,68,0.0,0.0,0,-0.021439798982518132,-423
random_dual_outage_20pct,random_dual_outage,0.2,0.2,69,0.0,0.0,0,-0.021293997872316117,-434
random_dual_outage_20pct,random_dual_outage,0.2,0.2,70,0.0,0.0,0,-0.02673897284976623,-419
random_dual_outage_20pct,random_dual_outage,0.2,0.2,71,0.0,0.0,0,-0.025174038448183556,-415
random_dual_outage_20pct,random_dual_outage,0.2,0.2,72,0.0,0.0,0,-0.024726591528362984,-416
random_dual_outage_20pct,random_dual_outage,0.2,0.2,73,0.0,0.0,0,-0.023525819964940853,-421
random_dual_outage_20pct,random_dual_outage,0.2,0.2,74,0.0,0.0,0,-0.020743842670140955,-412
random_dual_outage_20pct,random_dual_outage,0.2,0.2,75,0.0,0.0,0,-0.024578047479030474,-441
random_dual_outage_20pct,random_dual_outage,0.2,0.2,76,0.0,0.0,0,-0.02885875981363073,-399
random_dual_outage_20pct,random_dual_outage,0.2,0.2,77,0.0,0.0,0,-0.031052148500466226,-432
random_dual_outage_20pct,random_dual_outage,0.2,0.2,78,0.0,0.0,0,-0.021118782085324916,-406
random_dual_outage_20pct,random_dual_outage,0.2,0.2,79,0.0,0.0,0,-0.028704551101214948,-402
random_dual_outage_20pct,random_dual_outage,0.2,0.2,80,0.0,0.0,0,-0.020706444556851444,-410
random_dual_outage_20pct,random_dual_outage,0.2,0.2,81,0.0,0.0,0,-0.03699870033419961,-408
random_dual_outage_20pct,random_dual_outage,0.2,0.2,82,0.0,0.0,0,-0.02333037415154693,-424
random_dual_outage_20pct,random_dual_outage,0.2,0.2,83,0.0,0.0,0,-0.02393552368307872,-416
random_dual_outage_20pct,random_dual_outage,0.2,0.2,84,0.0,0.0,0,-0.023507782874897076,-430
random_dual_outage_20pct,random_dual_outage,0.2,0.2,85,0.0,0.0,0,-0.03884823466866805,-400
random_dual_outage_20pct,random_dual_outage,0.2,0.2,86,0.0,0.0,0,-0.026604926575812815,-436
random_dual_outage_20pct,random_dual_outage,0.2,0.2,87,0.0,0.0,0,-0.021516927360742066,-437
random_dual_outage_20pct,random_dual_outage,0.2,0.2,88,0.0,0.0,0,-0.027283652499355604,-424
random_dual_outage_20pct,random_dual_outage,0.2,0.2,89,0.0,0.0,0,-0.018721961647681917,-433
random_dual_outage_20pct,random_dual_outage,0.2,0.2,90,0.0,0.0,0,-0.03119147189167859,-404
random_dual_outage_20pct,random_dual_outage,0.2,0.2,91,0.0,0.0,0,-0.029914027709055047,-415
random_dual_outage_20pct,random_dual_outage,0.2,0.2,92,0.0,0.0,0,-0.02714829696325216,-427
random_dual_outage_20pct,random_dual_outage,0.2,0.2,93,0.0,0.0,0,-0.03189698173315292,-404
random_dual_outage_20pct,random_dual_outage,0.2,0.2,94,0.0,0.0,0,-0.024535919255887606,-431
random_dual_outage_20pct,random_dual_outage,0.2,0.2,95,0.0,0.0,0,-0.03439866107843681,-415
random_dual_outage_20pct,random_dual_outage,0.2,0.2,96,0.0,0.0,0,-0.03189062160619738,-418
random_dual_outage_20pct,random_dual_outage,0.2,0.2,97,0.0,0.0,0,-0.032749941512277836,-415
random_dual_outage_20pct,random_dual_outage,0.2,0.2,98,0.0,0.0,0,-0.028240189519185943,-426
random_dual_outage_20pct,random_dual_outage,0.2,0.2,99,0.0,0.0,0,-0.026715052793973237,-424
independent_aia10_sharp1,independent_missingness,0.1,0.01,0,0.0,0.0,0,-0.02202974230623389,-463
independent_aia10_sharp1,independent_missingness,0.1,0.01,1,0.0,0.0,0,-0.02391785279847003,-472
independent_aia10_sharp1,independent_missingness,0.1,0.01,2,0.0,0.0,0,-0.023319844152223546,-470
independent_aia10_sharp1,independent_missingness,0.1,0.01,3,0.0,0.0,0,-0.024254675817988458,-468
independent_aia10_sharp1,independent_missingness,0.1,0.01,4,0.0,0.0,0,-0.02526583115402503,-468
independent_aia10_sharp1,independent_missingness,0.1,0.01,5,0.0,0.0,0,-0.021930141058021047,-472
independent_aia10_sharp1,independent_missingness,0.1,0.01,6,0.0,0.0,0,-0.03156639804012151,-459
independent_aia10_sharp1,independent_missingness,0.1,0.01,7,0.0,0.0,0,-0.02695315070018367,-473
independent_aia10_sharp1,independent_missingness,0.1,0.01,8,0.0,0.0,0,-0.028714794238113406,-467
independent_aia10_sharp1,independent_missingness,0.1,0.01,9,0.0,0.0,0,-0.021086100816796405,-483
independent_aia10_sharp1,independent_missingness,0.1,0.01,10,0.0,0.0,0,-0.02238977969735778,-468
independent_aia10_sharp1,independent_missingness,0.1,0.01,11,0.0,0.0,0,-0.01859444811845723,-484
independent_aia10_sharp1,independent_missingness,0.1,0.01,12,0.0,0.0,0,-0.02667999631120832,-465
independent_aia10_sharp1,independent_missingness,0.1,0.01,13,0.0,0.0,0,-0.02585594527399504,-454
independent_aia10_sharp1,independent_missingness,0.1,0.01,14,0.0,0.0,0,-0.024790797817826782,-467
independent_aia10_sharp1,independent_missingness,0.1,0.01,15,0.0,0.0,0,-0.023134770871827248,-476
independent_aia10_sharp1,independent_missingness,0.1,0.01,16,0.0,0.0,0,-0.023576816861528238,-468
independent_aia10_sharp1,independent_missingness,0.1,0.01,17,0.0,0.0,0,-0.02170806630166222,-477
independent_aia10_sharp1,independent_missingness,0.1,0.01,18,0.0,0.0,0,-0.023063887628241186,-473
independent_aia10_sharp1,independent_missingness,0.1,0.01,19,0.0,0.0,0,-0.025853656747827136,-468
independent_aia10_sharp1,independent_missingness,0.1,0.01,20,0.0,0.0,0,-0.027542070021199683,-467
independent_aia10_sharp1,independent_missingness,0.1,0.01,21,0.0,0.0,0,-0.02102305040299579,-470
independent_aia10_sharp1,independent_missingness,0.1,0.01,22,0.0,0.0,0,-0.023887485234132422,-465
independent_aia10_sharp1,independent_missingness,0.1,0.01,23,0.0,0.0,0,-0.02645237674659784,-464
independent_aia10_sharp1,independent_missingness,0.1,0.01,24,0.0,0.0,0,-0.025265705536621885,-471
independent_aia10_sharp1,independent_missingness,0.1,0.01,25,0.0,0.0,0,-0.019307113956046562,-471
independent_aia10_sharp1,independent_missingness,0.1,0.01,26,0.0,0.0,0,-0.025409659020186437,-481
independent_aia10_sharp1,independent_missingness,0.1,0.01,27,0.0,0.0,0,-0.023464411549999786,-489
independent_aia10_sharp1,independent_missingness,0.1,0.01,28,0.0,0.0,0,-0.019250523343556702,-469
independent_aia10_sharp1,independent_missingness,0.1,0.01,29,0.0,0.0,0,-0.024082145133660582,-475
independent_aia10_sharp1,independent_missingness,0.1,0.01,30,0.0,0.0,0,-0.025289512089778476,-460
independent_aia10_sharp1,independent_missingness,0.1,0.01,31,0.0,0.0,0,-0.020604671349155668,-469
independent_aia10_sharp1,independent_missingness,0.1,0.01,32,0.0,0.0,0,-0.023286077797306293,-465
independent_aia10_sharp1,independent_missingness,0.1,0.01,33,0.0,0.0,0,-0.021844806640195058,-476
independent_aia10_sharp1,independent_missingness,0.1,0.01,34,0.0,0.0,0,-0.021507334926212707,-482
independent_aia10_sharp1,independent_missingness,0.1,0.01,35,0.0,0.0,0,-0.024540388088348353,-481
independent_aia10_sharp1,independent_missingness,0.1,0.01,36,0.0,0.0,0,-0.02671011356175379,-466
independent_aia10_sharp1,independent_missingness,0.1,0.01,37,0.0,0.0,0,-0.026830781516347546,-471
independent_aia10_sharp1,independent_missingness,0.1,0.01,38,0.0,0.0,0,-0.02423240299911633,-473
independent_aia10_sharp1,independent_missingness,0.1,0.01,39,0.0,0.0,0,-0.02282205140272442,-470
independent_aia10_sharp1,independent_missingness,0.1,0.01,40,0.0,0.0,0,-0.025116320070683873,-473
independent_aia10_sharp1,independent_missingness,0.1,0.01,41,0.0,0.0,0,-0.025892575741658153,-463
independent_aia10_sharp1,independent_missingness,0.1,0.01,42,0.0,0.0,0,-0.028413289345907256,-477
independent_aia10_sharp1,independent_missingness,0.1,0.01,43,0.0,0.0,0,-0.021461159314025036,-470
independent_aia10_sharp1,independent_missingness,0.1,0.01,44,0.0,0.0,0,-0.023720906668287967,-478
independent_aia10_sharp1,independent_missingness,0.1,0.01,45,0.0,0.0,0,-0.027016255198412997,-462
independent_aia10_sharp1,independent_missingness,0.1,0.01,46,0.0,0.0,0,-0.025122118650853897,-465
independent_aia10_sharp1,independent_missingness,0.1,0.01,47,0.0,0.0,0,-0.027565195836707357,-468
independent_aia10_sharp1,independent_missingness,0.1,0.01,48,0.0,0.0,0,-0.027762995150212966,-479
independent_aia10_sharp1,independent_missingness,0.1,0.01,49,0.0,0.0,0,-0.022276138245467703,-474
independent_aia10_sharp1,independent_missingness,0.1,0.01,50,0.0,0.0,0,-0.022287828267244514,-460
independent_aia10_sharp1,independent_missingness,0.1,0.01,51,0.0,0.0,0,-0.020642311812139713,-477
independent_aia10_sharp1,independent_missingness,0.1,0.01,52,0.0,0.0,0,-0.02354903348965176,-471
independent_aia10_sharp1,independent_missingness,0.1,0.01,53,0.0,0.0,0,-0.02466954990628123,-468
independent_aia10_sharp1,independent_missingness,0.1,0.01,54,0.0,0.0,0,-0.022746149937460824,-473
independent_aia10_sharp1,independent_missingness,0.1,0.01,55,0.0,0.0,0,-0.025776409050609628,-452
independent_aia10_sharp1,independent_missingness,0.1,0.01,56,0.0,0.0,0,-0.024355396065922408,-465
independent_aia10_sharp1,independent_missingness,0.1,0.01,57,0.0,0.0,0,-0.02624996385444467,-459
independent_aia10_sharp1,independent_missingness,0.1,0.01,58,0.0,0.0,0,-0.025534440357398713,-479
independent_aia10_sharp1,independent_missingness,0.1,0.01,59,0.0,0.0,0,-0.02706683311983582,-465
independent_aia10_sharp1,independent_missingness,0.1,0.01,60,0.0,0.0,0,-0.02508814892032385,-473
independent_aia10_sharp1,independent_missingness,0.1,0.01,61,0.0,0.0,0,-0.021885964591901175,-473
independent_aia10_sharp1,independent_missingness,0.1,0.01,62,0.0,0.0,0,-0.022392276068087247,-459
independent_aia10_sharp1,independent_missingness,0.1,0.01,63,0.0,0.0,0,-0.02504706608717333,-471
independent_aia10_sharp1,independent_missingness,0.1,0.01,64,0.0,0.0,0,-0.024760823207431892,-478
independent_aia10_sharp1,independent_missingness,0.1,0.01,65,0.0,0.0,0,-0.018504734965447023,-466
independent_aia10_sharp1,independent_missingness,0.1,0.01,66,0.0,0.0,0,-0.02050446373378967,-478
independent_aia10_sharp1,independent_missingness,0.1,0.01,67,0.0,0.0,0,-0.027029433672296488,-472
independent_aia10_sharp1,independent_missingness,0.1,0.01,68,0.0,0.0,0,-0.02064056148630633,-475
independent_aia10_sharp1,independent_missingness,0.1,0.01,69,0.0,0.0,0,-0.026401676626502946,-479
independent_aia10_sharp1,independent_missingness,0.1,0.01,70,0.0,0.0,0,-0.026177750511297226,-483
independent_aia10_sharp1,independent_missingness,0.1,0.01,71,0.0,0.0,0,-0.02664777325796308,-478
independent_aia10_sharp1,independent_missingness,0.1,0.01,72,0.0,0.0,0,-0.016470401920821276,-475
independent_aia10_sharp1,independent_missingness,0.1,0.01,73,0.0,0.0,0,-0.02751703642404646,-470
independent_aia10_sharp1,independent_missingness,0.1,0.01,74,0.0,0.0,0,-0.021230411206561772,-487
independent_aia10_sharp1,independent_missingness,0.1,0.01,75,0.0,0.0,0,-0.021767231054913294,-474
independent_aia10_sharp1,independent_missingness,0.1,0.01,76,0.0,0.0,0,-0.025789797754937727,-466
independent_aia10_sharp1,independent_missingness,0.1,0.01,77,0.0,0.0,0,-0.022703571940263956,-469
independent_aia10_sharp1,independent_missingness,0.1,0.01,78,0.0,0.0,0,-0.021538555541977367,-459
independent_aia10_sharp1,independent_missingness,0.1,0.01,79,0.0,0.0,0,-0.026060165567303173,-475
independent_aia10_sharp1,independent_missingness,0.1,0.01,80,0.0,0.0,0,-0.021768310948113268,-464
independent_aia10_sharp1,independent_missingness,0.1,0.01,81,0.0,0.0,0,-0.021644308800272016,-467
independent_aia10_sharp1,independent_missingness,0.1,0.01,82,0.0,0.0,0,-0.02644374313829556,-488
independent_aia10_sharp1,independent_missingness,0.1,0.01,83,0.0,0.0,0,-0.0202377710398578,-480
independent_aia10_sharp1,independent_missingness,0.1,0.01,84,0.0,0.0,0,-0.021181951816952482,-483
independent_aia10_sharp1,independent_missingness,0.1,0.01,85,0.0,0.0,0,-0.026030740685081932,-464
independent_aia10_sharp1,independent_missingness,0.1,0.01,86,0.0,0.0,0,-0.021788477423341446,-465
independent_aia10_sharp1,independent_missingness,0.1,0.01,87,0.0,0.0,0,-0.023259657200293438,-461
independent_aia10_sharp1,independent_missingness,0.1,0.01,88,0.0,0.0,0,-0.026701888408953156,-468
independent_aia10_sharp1,independent_missingness,0.1,0.01,89,0.0,0.0,0,-0.024731033997205554,-474
independent_aia10_sharp1,independent_missingness,0.1,0.01,90,0.0,0.0,0,-0.022160619531841785,-471
independent_aia10_sharp1,independent_missingness,0.1,0.01,91,0.0,0.0,0,-0.024790029774695244,-466
independent_aia10_sharp1,independent_missingness,0.1,0.01,92,0.0,0.0,0,-0.02247082882232654,-472
independent_aia10_sharp1,independent_missingness,0.1,0.01,93,0.0,0.0,0,-0.023074430491189846,-474
independent_aia10_sharp1,independent_missingness,0.1,0.01,94,0.0,0.0,0,-0.022453786618646054,-463
independent_aia10_sharp1,independent_missingness,0.1,0.01,95,0.0,0.0,0,-0.02196373156300102,-468
independent_aia10_sharp1,independent_missingness,0.1,0.01,96,0.0,0.0,0,-0.0180993998753487,-479
independent_aia10_sharp1,independent_missingness,0.1,0.01,97,0.0,0.0,0,-0.021850494485901484,-469
independent_aia10_sharp1,independent_missingness,0.1,0.01,98,0.0,0.0,0,-0.021060176109743978,-473
independent_aia10_sharp1,independent_missingness,0.1,0.01,99,0.0,0.0,0,-0.026940342075979062,-465
independent_aia10_sharp5,independent_missingness,0.1,0.05,0,0.0,0.0,0,-0.026217038539553705,-452
independent_aia10_sharp5,independent_missingness,0.1,0.05,1,0.0,0.0,0,-0.01963276653923085,-450
independent_aia10_sharp5,independent_missingness,0.1,0.05,2,0.0,0.0,0,-0.026657725564367185,-443
independent_aia10_sharp5,independent_missingness,0.1,0.05,3,0.0,0.0,0,-0.025079901378869618,-451
independent_aia10_sharp5,independent_missingness,0.1,0.05,4,0.0,0.0,0,-0.024354181789922213,-445
independent_aia10_sharp5,independent_missingness,0.1,0.05,5,0.0,0.0,0,-0.027754850430221634,-448
independent_aia10_sharp5,independent_missingness,0.1,0.05,6,0.0,0.0,0,-0.021589356609384325,-457
independent_aia10_sharp5,independent_missingness,0.1,0.05,7,0.0,0.0,0,-0.025069428975864172,-442
independent_aia10_sharp5,independent_missingness,0.1,0.05,8,0.0,0.0,0,-0.023452119716794284,-452
independent_aia10_sharp5,independent_missingness,0.1,0.05,9,0.0,0.0,0,-0.02280482454689947,-437
independent_aia10_sharp5,independent_missingness,0.1,0.05,10,0.0,0.0,0,-0.029998187858652825,-454
independent_aia10_sharp5,independent_missingness,0.1,0.05,11,0.0,0.0,0,-0.022748500930094284,-451
independent_aia10_sharp5,independent_missingness,0.1,0.05,12,0.0,0.0,0,-0.024039973731623032,-445
independent_aia10_sharp5,independent_missingness,0.1,0.05,13,0.0,0.0,0,-0.019682350269606186,-448
independent_aia10_sharp5,independent_missingness,0.1,0.05,14,0.0,0.0,0,-0.02540175439461234,-460
independent_aia10_sharp5,independent_missingness,0.1,0.05,15,0.0,0.0,0,-0.019645527012224884,-438
independent_aia10_sharp5,independent_missingness,0.1,0.05,16,0.0,0.0,0,-0.03125015444683332,-433
independent_aia10_sharp5,independent_missingness,0.1,0.05,17,0.0,0.0,0,-0.026407767974593543,-450
independent_aia10_sharp5,independent_missingness,0.1,0.05,18,0.0,0.0,0,-0.027210453034134163,-442
independent_aia10_sharp5,independent_missingness,0.1,0.05,19,0.0,0.0,0,-0.028408228219321874,-453
independent_aia10_sharp5,independent_missingness,0.1,0.05,20,0.0,0.0,0,-0.023979639128762553,-458
independent_aia10_sharp5,independent_missingness,0.1,0.05,21,0.0,0.0,0,-0.02218962782553846,-451
independent_aia10_sharp5,independent_missingness,0.1,0.05,22,0.0,0.0,0,-0.02673157731464504,-456
independent_aia10_sharp5,independent_missingness,0.1,0.05,23,0.0,0.0,0,-0.02224245063608521,-452
independent_aia10_sharp5,independent_missingness,0.1,0.05,24,0.0,0.0,0,-0.02369030561846297,-454
independent_aia10_sharp5,independent_missingness,0.1,0.05,25,0.0,0.0,0,-0.02134595910245718,-464
independent_aia10_sharp5,independent_missingness,0.1,0.05,26,0.0,0.0,0,-0.023204892691733203,-452
independent_aia10_sharp5,independent_missingness,0.1,0.05,27,0.0,0.0,0,-0.023809670916286718,-436
independent_aia10_sharp5,independent_missingness,0.1,0.05,28,0.0,0.0,0,-0.02185254382640034,-462
independent_aia10_sharp5,independent_missingness,0.1,0.05,29,0.0,0.0,0,-0.022360690343936174,-453
independent_aia10_sharp5,independent_missingness,0.1,0.05,30,0.0,0.0,0,-0.027637264293525865,-455
independent_aia10_sharp5,independent_missingness,0.1,0.05,31,0.0,0.0,0,-0.022381347172288235,-447
independent_aia10_sharp5,independent_missingness,0.1,0.05,32,0.0,0.0,0,-0.018648119619983028,-453
independent_aia10_sharp5,independent_missingness,0.1,0.05,33,0.0,0.0,0,-0.024591382383964078,-444
independent_aia10_sharp5,independent_missingness,0.1,0.05,34,0.0,0.0,0,-0.02260740869296951,-455
independent_aia10_sharp5,independent_missingness,0.1,0.05,35,0.0,0.0,0,-0.025911108812323613,-450
independent_aia10_sharp5,independent_missingness,0.1,0.05,36,0.0,0.0,0,-0.01738732857941616,-453
independent_aia10_sharp5,independent_missingness,0.1,0.05,37,0.0,0.0,0,-0.027321727857750444,-444
independent_aia10_sharp5,independent_missingness,0.1,0.05,38,0.0,0.0,0,-0.027865412748718343,-450
independent_aia10_sharp5,independent_missingness,0.1,0.05,39,0.0,0.0,0,-0.020707284594730258,-450
independent_aia10_sharp5,independent_missingness,0.1,0.05,40,0.0,0.0,0,-0.022573780593362125,-451
independent_aia10_sharp5,independent_missingness,0.1,0.05,41,0.0,0.0,0,-0.0224407967112501,-451
independent_aia10_sharp5,independent_missingness,0.1,0.05,42,0.0,0.0,0,-0.026516411816968066,-447
independent_aia10_sharp5,independent_missingness,0.1,0.05,43,0.0,0.0,0,-0.023353918538149054,-451
independent_aia10_sharp5,independent_missingness,0.1,0.05,44,0.0,0.0,0,-0.023544726266482963,-462
independent_aia10_sharp5,independent_missingness,0.1,0.05,45,0.0,0.0,0,-0.022907468993206725,-444
independent_aia10_sharp5,independent_missingness,0.1,0.05,46,0.0,0.0,0,-0.02414917993253174,-442
independent_aia10_sharp5,independent_missingness,0.1,0.05,47,0.0,0.0,0,-0.02785174997721085,-456
independent_aia10_sharp5,independent_missingness,0.1,0.05,48,0.0,0.0,0,-0.0294269538777181,-452
independent_aia10_sharp5,independent_missingness,0.1,0.05,49,0.0,0.0,0,-0.027654112057703406,-445
independent_aia10_sharp5,independent_missingness,0.1,0.05,50,0.0,0.0,0,-0.027064511716282658,-445
independent_aia10_sharp5,independent_missingness,0.1,0.05,51,0.0,0.0,0,-0.03088485644688932,-452
independent_aia10_sharp5,independent_missingness,0.1,0.05,52,0.0,0.0,0,-0.021807296105727403,-450
independent_aia10_sharp5,independent_missingness,0.1,0.05,53,0.0,0.0,0,-0.016181912945885335,-451
independent_aia10_sharp5,independent_missingness,0.1,0.05,54,0.0,0.0,0,-0.020906033281230973,-453
independent_aia10_sharp5,independent_missingness,0.1,0.05,55,0.0,0.0,0,-0.022083322893612367,-458
independent_aia10_sharp5,independent_missingness,0.1,0.05,56,0.0,0.0,0,-0.01897789844405917,-457
independent_aia10_sharp5,independent_missingness,0.1,0.05,57,0.0,0.0,0,-0.02371833611394991,-449
independent_aia10_sharp5,independent_missingness,0.1,0.05,58,0.0,0.0,0,-0.029716182005448344,-451
independent_aia10_sharp5,independent_missingness,0.1,0.05,59,0.0,0.0,0,-0.021970907622764768,-446
independent_aia10_sharp5,independent_missingness,0.1,0.05,60,0.0,0.0,0,-0.020601942622169078,-445
independent_aia10_sharp5,independent_missingness,0.1,0.05,61,0.0,0.0,0,-0.015530186845279292,-451
independent_aia10_sharp5,independent_missingness,0.1,0.05,62,0.0,0.0,0,-0.02552718811440391,-466
independent_aia10_sharp5,independent_missingness,0.1,0.05,63,0.0,0.0,0,-0.026402841298689195,-449
independent_aia10_sharp5,independent_missingness,0.1,0.05,64,0.0,0.0,0,-0.02251069782165116,-462
independent_aia10_sharp5,independent_missingness,0.1,0.05,65,0.0,0.0,0,-0.02566602502152704,-453
independent_aia10_sharp5,independent_missingness,0.1,0.05,66,0.0,0.0,0,-0.02913738579500924,-448
independent_aia10_sharp5,independent_missingness,0.1,0.05,67,0.0,0.0,0,-0.031104011886416538,-446
independent_aia10_sharp5,independent_missingness,0.1,0.05,68,0.0,0.0,0,-0.023967688114713503,-452
independent_aia10_sharp5,independent_missingness,0.1,0.05,69,0.0,0.0,0,-0.026933786212207877,-451
independent_aia10_sharp5,independent_missingness,0.1,0.05,70,0.0,0.0,0,-0.022224969425103547,-442
independent_aia10_sharp5,independent_missingness,0.1,0.05,71,0.0,0.0,0,-0.024129614278911582,-440
independent_aia10_sharp5,independent_missingness,0.1,0.05,72,0.0,0.0,0,-0.022312014830262905,-452
independent_aia10_sharp5,independent_missingness,0.1,0.05,73,0.0,0.0,0,-0.019450236882423644,-440
independent_aia10_sharp5,independent_missingness,0.1,0.05,74,0.0,0.0,0,-0.025639489415792305,-452
independent_aia10_sharp5,independent_missingness,0.1,0.05,75,0.0,0.0,0,-0.02671321160042983,-441
independent_aia10_sharp5,independent_missingness,0.1,0.05,76,0.0,0.0,0,-0.019933129813467954,-459
independent_aia10_sharp5,independent_missingness,0.1,0.05,77,0.0,0.0,0,-0.029050794830866256,-450
independent_aia10_sharp5,independent_missingness,0.1,0.05,78,0.0,0.0,0,-0.02072410836751315,-464
independent_aia10_sharp5,independent_missingness,0.1,0.05,79,0.0,0.0,0,-0.025083314818929114,-447
independent_aia10_sharp5,independent_missingness,0.1,0.05,80,0.0,0.0,0,-0.027384613338741204,-443
independent_aia10_sharp5,independent_missingness,0.1,0.05,81,0.0,0.0,0,-0.029401250497222975,-447
independent_aia10_sharp5,independent_missingness,0.1,0.05,82,0.0,0.0,0,-0.02369068419162823,-454
independent_aia10_sharp5,independent_missingness,0.1,0.05,83,0.0,0.0,0,-0.023486063014093173,-448
independent_aia10_sharp5,independent_missingness,0.1,0.05,84,0.0,0.0,0,-0.029113638688440302,-440
independent_aia10_sharp5,independent_missingness,0.1,0.05,85,0.0,0.0,0,-0.018388406555375658,-473
independent_aia10_sharp5,independent_missingness,0.1,0.05,86,0.0,0.0,0,-0.02514099446029694,-458
independent_aia10_sharp5,independent_missingness,0.1,0.05,87,0.0,0.0,0,-0.02395737537438425,-447
independent_aia10_sharp5,independent_missingness,0.1,0.05,88,0.0,0.0,0,-0.031416194325635916,-452
independent_aia10_sharp5,independent_missingness,0.1,0.05,89,0.0,0.0,0,-0.018909446519382644,-440
independent_aia10_sharp5,independent_missingness,0.1,0.05,90,0.0,0.0,0,-0.03148128044949283,-429
independent_aia10_sharp5,independent_missingness,0.1,0.05,91,0.0,0.0,0,-0.02141975243384797,-452
independent_aia10_sharp5,independent_missingness,0.1,0.05,92,0.0,0.0,0,-0.028540089669981006,-444
independent_aia10_sharp5,independent_missingness,0.1,0.05,93,0.0,0.0,0,-0.02522405677047246,-449
independent_aia10_sharp5,independent_missingness,0.1,0.05,94,0.0,0.0,0,-0.0306142264071394,-448
independent_aia10_sharp5,independent_missingness,0.1,0.05,95,0.0,0.0,0,-0.02816352875537409,-438
independent_aia10_sharp5,independent_missingness,0.1,0.05,96,0.0,0.0,0,-0.025115778999842853,-460
independent_aia10_sharp5,independent_missingness,0.1,0.05,97,0.0,0.0,0,-0.02005073995771678,-448
independent_aia10_sharp5,independent_missingness,0.1,0.05,98,0.0,0.0,0,-0.029608325138569036,-449
independent_aia10_sharp5,independent_missingness,0.1,0.05,99,0.0,0.0,0,-0.017716408097005365,-461
independent_aia20_sharp5,independent_missingness,0.2,0.05,0,0.0,0.0,0,-0.026958941902105016,-394
independent_aia20_sharp5,independent_missingness,0.2,0.05,1,0.0,0.0,0,-0.026261011733068607,-399
independent_aia20_sharp5,independent_missingness,0.2,0.05,2,0.0,0.0,0,-0.016149986883525758,-399
independent_aia20_sharp5,independent_missingness,0.2,0.05,3,0.0,0.0,0,-0.020716692586832508,-403
independent_aia20_sharp5,independent_missingness,0.2,0.05,4,0.0,0.0,0,-0.019882687394607856,-404
independent_aia20_sharp5,independent_missingness,0.2,0.05,5,0.0,0.0,0,-0.013890273411751197,-400
independent_aia20_sharp5,independent_missingness,0.2,0.05,6,0.0,0.0,0,-0.01833462929206653,-412
independent_aia20_sharp5,independent_missingness,0.2,0.05,7,0.0,0.0,0,-0.02010397626840499,-407
independent_aia20_sharp5,independent_missingness,0.2,0.05,8,0.0,0.0,0,-0.02577681049471159,-408
independent_aia20_sharp5,independent_missingness,0.2,0.05,9,0.0,0.0,0,-0.018008150251792143,-404
independent_aia20_sharp5,independent_missingness,0.2,0.05,10,0.0,0.0,0,-0.023044987755572066,-426
independent_aia20_sharp5,independent_missingness,0.2,0.05,11,0.0,0.0,0,-0.01556136952485132,-392
independent_aia20_sharp5,independent_missingness,0.2,0.05,12,0.0,0.0,0,-0.012135341079254847,-416
independent_aia20_sharp5,independent_missingness,0.2,0.05,13,0.0,0.0,0,-0.014135320034538656,-406
independent_aia20_sharp5,independent_missingness,0.2,0.05,14,0.0,0.0,0,-0.01840100766476871,-405
independent_aia20_sharp5,independent_missingness,0.2,0.05,15,0.0,0.0,0,-0.02086741571635864,-425
independent_aia20_sharp5,independent_missingness,0.2,0.05,16,0.0,0.0,0,-0.01907288812379737,-405
independent_aia20_sharp5,independent_missingness,0.2,0.05,17,0.0,0.0,0,-0.018672600193205158,-383
independent_aia20_sharp5,independent_missingness,0.2,0.05,18,0.0,0.0,0,-0.019145697917082094,-413
independent_aia20_sharp5,independent_missingness,0.2,0.05,19,0.0,0.0,0,-0.02486071640911791,-400
independent_aia20_sharp5,independent_missingness,0.2,0.05,20,0.0,0.0,0,-0.025475840845068376,-406
independent_aia20_sharp5,independent_missingness,0.2,0.05,21,0.0,0.0,0,-0.01936242197055149,-396
independent_aia20_sharp5,independent_missingness,0.2,0.05,22,0.0,0.0,0,-0.02880869305767786,-387
independent_aia20_sharp5,independent_missingness,0.2,0.05,23,0.0,0.0,0,-0.02532160622690749,-411
independent_aia20_sharp5,independent_missingness,0.2,0.05,24,0.0,0.0,0,-0.025188106319608883,-398
independent_aia20_sharp5,independent_missingness,0.2,0.05,25,0.0,0.0,0,-0.02439829888603251,-413
independent_aia20_sharp5,independent_missingness,0.2,0.05,26,0.0,0.0,0,-0.022879499707403328,-396
independent_aia20_sharp5,independent_missingness,0.2,0.05,27,0.0,0.0,0,-0.0220871952861732,-397
independent_aia20_sharp5,independent_missingness,0.2,0.05,28,0.0,0.0,0,-0.02463845652746377,-410
independent_aia20_sharp5,independent_missingness,0.2,0.05,29,0.0,0.0,0,-0.022476006037649876,-392
independent_aia20_sharp5,independent_missingness,0.2,0.05,30,0.0,0.0,0,-0.014193499094064421,-391
independent_aia20_sharp5,independent_missingness,0.2,0.05,31,0.0,0.0,0,-0.025684515407403685,-413
independent_aia20_sharp5,independent_missingness,0.2,0.05,32,0.0,0.0,0,-0.025835675169966432,-384
independent_aia20_sharp5,independent_missingness,0.2,0.05,33,0.0,0.0,0,-0.021919739699947982,-411
independent_aia20_sharp5,independent_missingness,0.2,0.05,34,0.0,0.0,0,-0.020226421270064687,-394
independent_aia20_sharp5,independent_missingness,0.2,0.05,35,0.0,0.0,0,-0.02058241059178134,-410
independent_aia20_sharp5,independent_missingness,0.2,0.05,36,0.0,0.0,0,-0.021779168158787554,-407
independent_aia20_sharp5,independent_missingness,0.2,0.05,37,0.0,0.0,0,-0.02241652430911989,-398
independent_aia20_sharp5,independent_missingness,0.2,0.05,38,0.0,0.0,0,-0.01177502372728556,-403
independent_aia20_sharp5,independent_missingness,0.2,0.05,39,0.0,0.0,0,-0.023729664981031018,-395
independent_aia20_sharp5,independent_missingness,0.2,0.05,40,0.0,0.0,0,-0.023438604773780902,-402
independent_aia20_sharp5,independent_missingness,0.2,0.05,41,0.0,0.0,0,-0.018289890349988625,-409
independent_aia20_sharp5,independent_missingness,0.2,0.05,42,0.0,0.0,0,-0.015298313942077257,-418
independent_aia20_sharp5,independent_missingness,0.2,0.05,43,0.0,0.0,0,-0.015593292959908966,-402
independent_aia20_sharp5,independent_missingness,0.2,0.05,44,0.0,0.0,0,-0.024710152163164967,-418
independent_aia20_sharp5,independent_missingness,0.2,0.05,45,0.0,0.0,0,-0.020299744046373247,-402
independent_aia20_sharp5,independent_missingness,0.2,0.05,46,0.0,0.0,0,-0.022662174522130707,-402
independent_aia20_sharp5,independent_missingness,0.2,0.05,47,0.0,0.0,0,-0.016806504804784517,-395
independent_aia20_sharp5,independent_missingness,0.2,0.05,48,0.0,0.0,0,-0.022911464144661053,-389
independent_aia20_sharp5,independent_missingness,0.2,0.05,49,0.0,0.0,0,-0.02182540976602443,-401
independent_aia20_sharp5,independent_missingness,0.2,0.05,50,0.0,0.0,0,-0.018398791339709453,-403
independent_aia20_sharp5,independent_missingness,0.2,0.05,51,0.0,0.0,0,-0.021447225178280904,-410
independent_aia20_sharp5,independent_missingness,0.2,0.05,52,0.0,0.0,0,-0.023820621468926495,-412
independent_aia20_sharp5,independent_missingness,0.2,0.05,53,0.0,0.0,0,-0.026524282519975406,-407
independent_aia20_sharp5,independent_missingness,0.2,0.05,54,0.0,0.0,0,-0.02379917981529389,-400
independent_aia20_sharp5,independent_missingness,0.2,0.05,55,0.0,0.0,0,-0.02356174004653,-400
independent_aia20_sharp5,independent_missingness,0.2,0.05,56,0.0,0.0,0,-0.01895267620814778,-409
independent_aia20_sharp5,independent_missingness,0.2,0.05,57,0.0,0.0,0,-0.022115700223191093,-383
independent_aia20_sharp5,independent_missingness,0.2,0.05,58,0.0,0.0,0,-0.020107618238459413,-390
independent_aia20_sharp5,independent_missingness,0.2,0.05,59,0.0,0.0,0,-0.016093730773963255,-375
independent_aia20_sharp5,independent_missingness,0.2,0.05,60,0.0,0.0,0,-0.026374555940261057,-402
independent_aia20_sharp5,independent_missingness,0.2,0.05,61,0.0,0.0,0,-0.02532747640655142,-392
independent_aia20_sharp5,independent_missingness,0.2,0.05,62,0.0,0.0,0,-0.02295165604919891,-399
independent_aia20_sharp5,independent_missingness,0.2,0.05,63,0.0,0.0,0,-0.016660812387953916,-378
independent_aia20_sharp5,independent_missingness,0.2,0.05,64,0.0,0.0,0,-0.025058713411600264,-406
independent_aia20_sharp5,independent_missingness,0.2,0.05,65,0.0,0.0,0,-0.02218184478256946,-417
independent_aia20_sharp5,independent_missingness,0.2,0.05,66,0.0,0.0,0,-0.02470872088448628,-396
independent_aia20_sharp5,independent_missingness,0.2,0.05,67,0.0,0.0,0,-0.024567081899691257,-406
independent_aia20_sharp5,independent_missingness,0.2,0.05,68,0.0,0.0,0,-0.02021755127021363,-395
independent_aia20_sharp5,independent_missingness,0.2,0.05,69,0.0,0.0,0,-0.026709704265173384,-394
independent_aia20_sharp5,independent_missingness,0.2,0.05,70,0.0,0.0,0,-0.021949501078748712,-421
independent_aia20_sharp5,independent_missingness,0.2,0.05,71,0.0,0.0,0,-0.025662148994596512,-387
independent_aia20_sharp5,independent_missingness,0.2,0.05,72,0.0,0.0,0,-0.0233055997049747,-399
independent_aia20_sharp5,independent_missingness,0.2,0.05,73,0.0,0.0,0,-0.02047058073746233,-402
independent_aia20_sharp5,independent_missingness,0.2,0.05,74,0.0,0.0,0,-0.017916405640951538,-380
independent_aia20_sharp5,independent_missingness,0.2,0.05,75,0.0,0.0,0,-0.02018517443367851,-411
independent_aia20_sharp5,independent_missingness,0.2,0.05,76,0.0,0.0,0,-0.022814670904291567,-397
independent_aia20_sharp5,independent_missingness,0.2,0.05,77,0.0,0.0,0,-0.022519893428457838,-386
independent_aia20_sharp5,independent_missingness,0.2,0.05,78,0.0,0.0,0,-0.017823704702071952,-388
independent_aia20_sharp5,independent_missingness,0.2,0.05,79,0.0,0.0,0,-0.021165895454645867,-410
independent_aia20_sharp5,independent_missingness,0.2,0.05,80,0.0,0.0,0,-0.023068813034953006,-412
independent_aia20_sharp5,independent_missingness,0.2,0.05,81,0.0,0.0,0,-0.024155806074429798,-402
independent_aia20_sharp5,independent_missingness,0.2,0.05,82,0.0,0.0,0,-0.02003195772699451,-402
independent_aia20_sharp5,independent_missingness,0.2,0.05,83,0.0,0.0,0,-0.02233637860326687,-396
independent_aia20_sharp5,independent_missingness,0.2,0.05,84,0.0,0.0,0,-0.022118104946015293,-394
independent_aia20_sharp5,independent_missingness,0.2,0.05,85,0.0,0.0,0,-0.02275335909370324,-404
independent_aia20_sharp5,independent_missingness,0.2,0.05,86,0.0,0.0,0,-0.017631542689655832,-406
independent_aia20_sharp5,independent_missingness,0.2,0.05,87,0.0,0.0,0,-0.016563715396934242,-416
independent_aia20_sharp5,independent_missingness,0.2,0.05,88,0.0,0.0,0,-0.01566324570550459,-405
independent_aia20_sharp5,independent_missingness,0.2,0.05,89,0.0,0.0,0,-0.021705176975494345,-411
independent_aia20_sharp5,independent_missingness,0.2,0.05,90,0.0,0.0,0,-0.019611097529404375,-413
independent_aia20_sharp5,independent_missingness,0.2,0.05,91,0.0,0.0,0,-0.012136393723320316,-405
independent_aia20_sharp5,independent_missingness,0.2,0.05,92,0.0,0.0,0,-0.02044794033300823,-399
independent_aia20_sharp5,independent_missingness,0.2,0.05,93,0.0,0.0,0,-0.02007789405278637,-397
independent_aia20_sharp5,independent_missingness,0.2,0.05,94,0.0,0.0,0,-0.01636753279181513,-421
independent_aia20_sharp5,independent_missingness,0.2,0.05,95,0.0,0.0,0,-0.018619925775066326,-406
independent_aia20_sharp5,independent_missingness,0.2,0.05,96,0.0,0.0,0,-0.021338776568170292,-397
independent_aia20_sharp5,independent_missingness,0.2,0.05,97,0.0,0.0,0,-0.0212743592935285,-400
independent_aia20_sharp5,independent_missingness,0.2,0.05,98,0.0,0.0,0,-0.019753372485256326,-403
independent_aia20_sharp5,independent_missingness,0.2,0.05,99,0.0,0.0,0,-0.022533733558957714,-406
independent_aia20_sharp10,independent_missingness,0.2,0.1,0,0.0,0.0,0,-0.01850262566233085,-362
independent_aia20_sharp10,independent_missingness,0.2,0.1,1,0.0,0.0,0,-0.020786133631534698,-369
independent_aia20_sharp10,independent_missingness,0.2,0.1,2,0.0,0.0,0,-0.030067977308294136,-373
independent_aia20_sharp10,independent_missingness,0.2,0.1,3,0.0,0.0,0,-0.01708935972444059,-382
independent_aia20_sharp10,independent_missingness,0.2,0.1,4,0.0,0.0,0,-0.01638885970082904,-377
independent_aia20_sharp10,independent_missingness,0.2,0.1,5,0.0,0.0,0,-0.022979564198562175,-379
independent_aia20_sharp10,independent_missingness,0.2,0.1,6,0.0,0.0,0,-0.0187157551535031,-391
independent_aia20_sharp10,independent_missingness,0.2,0.1,7,0.0,0.0,0,-0.021129091678233625,-381
independent_aia20_sharp10,independent_missingness,0.2,0.1,8,0.0,0.0,0,-0.01907489250494443,-381
independent_aia20_sharp10,independent_missingness,0.2,0.1,9,0.0,0.0,0,-0.02042992921704445,-348
independent_aia20_sharp10,independent_missingness,0.2,0.1,10,0.0,0.0,0,-0.01836103330220973,-377
independent_aia20_sharp10,independent_missingness,0.2,0.1,11,0.0,0.0,0,-0.022721903967326318,-387
independent_aia20_sharp10,independent_missingness,0.2,0.1,12,0.0,0.0,0,-0.020772612664427204,-390
independent_aia20_sharp10,independent_missingness,0.2,0.1,13,0.0,0.0,0,-0.02299765464673098,-377
independent_aia20_sharp10,independent_missingness,0.2,0.1,14,0.0,0.0,0,-0.01876273419865826,-380
independent_aia20_sharp10,independent_missingness,0.2,0.1,15,0.0,0.0,0,-0.020533736771737754,-385
independent_aia20_sharp10,independent_missingness,0.2,0.1,16,0.0,0.0,0,-0.025229731548854772,-378
independent_aia20_sharp10,independent_missingness,0.2,0.1,17,0.0,0.0,0,-0.02379731379731398,-380
independent_aia20_sharp10,independent_missingness,0.2,0.1,18,0.0,0.0,0,-0.02198914692496201,-396
independent_aia20_sharp10,independent_missingness,0.2,0.1,19,0.0,0.0,0,-0.016369785794813962,-365
independent_aia20_sharp10,independent_missingness,0.2,0.1,20,0.0,0.0,0,-0.02089962788512656,-377
independent_aia20_sharp10,independent_missingness,0.2,0.1,21,0.0,0.0,0,-0.02480135960133034,-381
independent_aia20_sharp10,independent_missingness,0.2,0.1,22,0.0,0.0,0,-0.022828676772054024,-367
independent_aia20_sharp10,independent_missingness,0.2,0.1,23,0.0,0.0,0,-0.025759573979158734,-386
independent_aia20_sharp10,independent_missingness,0.2,0.1,24,0.0,0.0,0,-0.027777811896683824,-374
independent_aia20_sharp10,independent_missingness,0.2,0.1,25,0.0,0.0,0,-0.01322557848054795,-392
independent_aia20_sharp10,independent_missingness,0.2,0.1,26,0.0,0.0,0,-0.022967090768731158,-385
independent_aia20_sharp10,independent_missingness,0.2,0.1,27,0.0,0.0,0,-0.0200418115416785,-383
independent_aia20_sharp10,independent_missingness,0.2,0.1,28,0.0,0.0,0,-0.02833685010453868,-375
independent_aia20_sharp10,independent_missingness,0.2,0.1,29,0.0,0.0,0,-0.02341228330055567,-376
independent_aia20_sharp10,independent_missingness,0.2,0.1,30,0.0,0.0,0,-0.01865674393542127,-382
independent_aia20_sharp10,independent_missingness,0.2,0.1,31,0.0,0.0,0,-0.025050947596281903,-389
independent_aia20_sharp10,independent_missingness,0.2,0.1,32,0.0,0.0,0,-0.015829702825402636,-387
independent_aia20_sharp10,independent_missingness,0.2,0.1,33,0.0,0.0,0,-0.01318370009991976,-384
independent_aia20_sharp10,independent_missingness,0.2,0.1,34,0.0,0.0,0,-0.026703088164365507,-381
independent_aia20_sharp10,independent_missingness,0.2,0.1,35,0.0,0.0,0,-0.017828971169985053,-402
independent_aia20_sharp10,independent_missingness,0.2,0.1,36,0.0,0.0,0,-0.015698718069351747,-370
independent_aia20_sharp10,independent_missingness,0.2,0.1,37,0.0,0.0,0,-0.02770965083852861,-377
independent_aia20_sharp10,independent_missingness,0.2,0.1,38,0.0,0.0,0,-0.014236354413801777,-381
independent_aia20_sharp10,independent_missingness,0.2,0.1,39,0.0,0.0,0,-0.019020740686784166,-382
independent_aia20_sharp10,independent_missingness,0.2,0.1,40,0.0,0.0,0,-0.028252611585944942,-368
independent_aia20_sharp10,independent_missingness,0.2,0.1,41,0.0,0.0,0,-0.018835745287729688,-403
independent_aia20_sharp10,independent_missingness,0.2,0.1,42,0.0,0.0,0,-0.0158916234019999,-365
independent_aia20_sharp10,independent_missingness,0.2,0.1,43,0.0,0.0,0,-0.021268416288161784,-381
independent_aia20_sharp10,independent_missingness,0.2,0.1,44,0.0,0.0,0,-0.016457047684194093,-382
independent_aia20_sharp10,independent_missingness,0.2,0.1,45,0.0,0.0,0,-0.0192499719777961,-377
independent_aia20_sharp10,independent_missingness,0.2,0.1,46,0.0,0.0,0,-0.021627585395641358,-382
independent_aia20_sharp10,independent_missingness,0.2,0.1,47,0.0,0.0,0,-0.01511934011934013,-378
independent_aia20_sharp10,independent_missingness,0.2,0.1,48,0.0,0.0,0,-0.015333214551371821,-367
independent_aia20_sharp10,independent_missingness,0.2,0.1,49,0.0,0.0,0,-0.022649785933448463,-379
independent_aia20_sharp10,independent_missingness,0.2,0.1,50,0.0,0.0,0,-0.017232569218624594,-386
independent_aia20_sharp10,independent_missingness,0.2,0.1,51,0.0,0.0,0,-0.02967295991410146,-377
independent_aia20_sharp10,independent_missingness,0.2,0.1,52,0.0,0.0,0,-0.013840615690168923,-390
independent_aia20_sharp10,independent_missingness,0.2,0.1,53,0.0,0.0,0,-0.02093774304975149,-369
independent_aia20_sharp10,independent_missingness,0.2,0.1,54,0.0,0.0,0,-0.025488613454514475,-379
independent_aia20_sharp10,independent_missingness,0.2,0.1,55,0.0,0.0,0,-0.014326209484140762,-374
independent_aia20_sharp10,independent_missingness,0.2,0.1,56,0.0,0.0,0,-0.024602449530136905,-394
independent_aia20_sharp10,independent_missingness,0.2,0.1,57,0.0,0.0,0,-0.02014160209898086,-376
independent_aia20_sharp10,independent_missingness,0.2,0.1,58,0.0,0.0,0,-0.01920811459019256,-375
independent_aia20_sharp10,independent_missingness,0.2,0.1,59,0.0,0.0,0,-0.018791696309421457,-369
independent_aia20_sharp10,independent_missingness,0.2,0.1,60,0.0,0.0,0,-0.018565063678025906,-380
independent_aia20_sharp10,independent_missingness,0.2,0.1,61,0.0,0.0,0,-0.021611885394670516,-374
independent_aia20_sharp10,independent_missingness,0.2,0.1,62,0.0,0.0,0,-0.024594296258463988,-366
independent_aia20_sharp10,independent_missingness,0.2,0.1,63,0.0,0.0,0,-0.021178587003924942,-379
independent_aia20_sharp10,independent_missingness,0.2,0.1,64,0.0,0.0,0,-0.024391126316362755,-385
independent_aia20_sharp10,independent_missingness,0.2,0.1,65,0.0,0.0,0,-0.018064570107515276,-390
independent_aia20_sharp10,independent_missingness,0.2,0.1,66,0.0,0.0,0,-0.014612110902025632,-381
independent_aia20_sharp10,independent_missingness,0.2,0.1,67,0.0,0.0,0,-0.02444395828775625,-386
independent_aia20_sharp10,independent_missingness,0.2,0.1,68,0.0,0.0,0,-0.032429017200918064,-375
independent_aia20_sharp10,independent_missingness,0.2,0.1,69,0.0,0.0,0,-0.018870605392826922,-374
independent_aia20_sharp10,independent_missingness,0.2,0.1,70,0.0,0.0,0,-0.028723818461354078,-380
independent_aia20_sharp10,independent_missingness,0.2,0.1,71,0.0,0.0,0,-0.02414991401029809,-380
independent_aia20_sharp10,independent_missingness,0.2,0.1,72,0.0,0.0,0,-0.023267811703276742,-372
independent_aia20_sharp10,independent_missingness,0.2,0.1,73,0.0,0.0,0,-0.024868974913076602,-386
independent_aia20_sharp10,independent_missingness,0.2,0.1,74,0.0,0.0,0,-0.026206986455433734,-389
independent_aia20_sharp10,independent_missingness,0.2,0.1,75,0.0,0.0,0,-0.026506841207051268,-383
independent_aia20_sharp10,independent_missingness,0.2,0.1,76,0.0,0.0,0,-0.022680341666436066,-385
independent_aia20_sharp10,independent_missingness,0.2,0.1,77,0.0,0.0,0,-0.02948879605568533,-346
independent_aia20_sharp10,independent_missingness,0.2,0.1,78,0.0,0.0,0,-0.021856832051964536,-372
independent_aia20_sharp10,independent_missingness,0.2,0.1,79,0.0,0.0,0,-0.01781166914774457,-383
independent_aia20_sharp10,independent_missingness,0.2,0.1,80,0.0,0.0,0,-0.02748860286623711,-380
independent_aia20_sharp10,independent_missingness,0.2,0.1,81,0.0,0.0,0,-0.0199992839093448,-397
independent_aia20_sharp10,independent_missingness,0.2,0.1,82,0.0,0.0,0,-0.027104864586721344,-368
independent_aia20_sharp10,independent_missingness,0.2,0.1,83,0.0,0.0,0,-0.023361575862279382,-390
independent_aia20_sharp10,independent_missingness,0.2,0.1,84,0.0,0.0,0,-0.018893630975323816,-383
independent_aia20_sharp10,independent_missingness,0.2,0.1,85,0.0,0.0,0,-0.016151331739987507,-387
independent_aia20_sharp10,independent_missingness,0.2,0.1,86,0.0,0.0,0,-0.01984962705418858,-383
independent_aia20_sharp10,independent_missingness,0.2,0.1,87,0.0,0.0,0,-0.02254390701550646,-368
independent_aia20_sharp10,independent_missingness,0.2,0.1,88,0.0,0.0,0,-0.020891151310014955,-382
independent_aia20_sharp10,independent_missingness,0.2,0.1,89,0.0,0.0,0,-0.02452136861063292,-372
independent_aia20_sharp10,independent_missingness,0.2,0.1,90,0.0,0.0,0,-0.02626617968645517,-367
independent_aia20_sharp10,independent_missingness,0.2,0.1,91,0.0,0.0,0,-0.028908649066607728,-372
independent_aia20_sharp10,independent_missingness,0.2,0.1,92,0.0,0.0,0,-0.018995990346760028,-390
independent_aia20_sharp10,independent_missingness,0.2,0.1,93,0.0,0.0,0,-0.014782511947585508,-387
independent_aia20_sharp10,independent_missingness,0.2,0.1,94,0.0,0.0,0,-0.022971370324734064,-381
independent_aia20_sharp10,independent_missingness,0.2,0.1,95,0.0,0.0,0,-0.026906423403168178,-371
independent_aia20_sharp10,independent_missingness,0.2,0.1,96,0.0,0.0,0,-0.022354268402938526,-383
independent_aia20_sharp10,independent_missingness,0.2,0.1,97,0.0,0.0,0,-0.023166839918415283,-373
independent_aia20_sharp10,independent_missingness,0.2,0.1,98,0.0,0.0,0,-0.021447018009367103,-371
independent_aia20_sharp10,independent_missingness,0.2,0.1,99,0.0,0.0,0,-0.01844444048922167,-386
independent_aia40_sharp10,independent_missingness,0.4,0.1,0,0.0,0.0,0,-0.017018137404336775,-277
independent_aia40_sharp10,independent_missingness,0.4,0.1,1,0.0,0.0,0,-0.013987086981660957,-281
independent_aia40_sharp10,independent_missingness,0.4,0.1,2,0.0,0.0,0,-0.014679918531683711,-284
independent_aia40_sharp10,independent_missingness,0.4,0.1,3,0.0,0.0,0,-0.016581465364160053,-258
independent_aia40_sharp10,independent_missingness,0.4,0.1,4,0.0,0.0,0,-0.022247069278517495,-283
independent_aia40_sharp10,independent_missingness,0.4,0.1,5,0.0,0.0,0,-0.02614666220956563,-279
independent_aia40_sharp10,independent_missingness,0.4,0.1,6,0.0,0.0,0,-0.016378972722109975,-271
independent_aia40_sharp10,independent_missingness,0.4,0.1,7,0.0,0.0,0,-0.01046908756904985,-306
independent_aia40_sharp10,independent_missingness,0.4,0.1,8,0.0,0.0,0,-0.016592227366213796,-293
independent_aia40_sharp10,independent_missingness,0.4,0.1,9,0.0,0.0,0,-0.013010852726959232,-293
independent_aia40_sharp10,independent_missingness,0.4,0.1,10,0.0,0.0,0,-0.017931133223210605,-282
independent_aia40_sharp10,independent_missingness,0.4,0.1,11,0.0,0.0,0,-0.017753503638226587,-287
independent_aia40_sharp10,independent_missingness,0.4,0.1,12,0.0,0.0,0,-0.015390007183845311,-272
independent_aia40_sharp10,independent_missingness,0.4,0.1,13,0.0,0.0,0,-0.014688922819304784,-301
independent_aia40_sharp10,independent_missingness,0.4,0.1,14,0.0,0.0,0,-0.01041808416115031,-300
independent_aia40_sharp10,independent_missingness,0.4,0.1,15,0.0,0.0,0,-0.015139327072686282,-262
independent_aia40_sharp10,independent_missingness,0.4,0.1,16,0.0,0.0,0,-0.00985292805518223,-304
independent_aia40_sharp10,independent_missingness,0.4,0.1,17,0.0,0.0,0,-0.011689206667120144,-286
independent_aia40_sharp10,independent_missingness,0.4,0.1,18,0.0,0.0,0,-0.015182011474690116,-290
independent_aia40_sharp10,independent_missingness,0.4,0.1,19,0.0,0.0,0,-0.021376865857920313,-302
independent_aia40_sharp10,independent_missingness,0.4,0.1,20,0.0,0.0,0,-0.01712022096234911,-271
independent_aia40_sharp10,independent_missingness,0.4,0.1,21,0.0,0.0,0,-0.02257631257631254,-290
independent_aia40_sharp10,independent_missingness,0.4,0.1,22,0.0,0.0,0,-0.014533615930073296,-296
independent_aia40_sharp10,independent_missingness,0.4,0.1,23,0.0,0.0,0,-0.012678433172005565,-274
independent_aia40_sharp10,independent_missingness,0.4,0.1,24,0.0,0.0,0,-0.01575013767602851,-296
independent_aia40_sharp10,independent_missingness,0.4,0.1,25,0.0,0.0,0,-0.014736933495398619,-287
independent_aia40_sharp10,independent_missingness,0.4,0.1,26,0.0,0.0,0,-0.011009790479152182,-308
independent_aia40_sharp10,independent_missingness,0.4,0.1,27,0.0,0.0,0,-0.017376003519190553,-275
independent_aia40_sharp10,independent_missingness,0.4,0.1,28,0.0,0.0,0,-0.010877331175967564,-296
independent_aia40_sharp10,independent_missingness,0.4,0.1,29,0.0,0.0,0,-0.02567777410387362,-261
independent_aia40_sharp10,independent_missingness,0.4,0.1,30,0.0,0.0,0,-0.018874473412295645,-283
independent_aia40_sharp10,independent_missingness,0.4,0.1,31,0.0,0.0,0,-0.009504333292684075,-296
independent_aia40_sharp10,independent_missingness,0.4,0.1,32,0.0,0.0,0,-0.01581912345035419,-284
independent_aia40_sharp10,independent_missingness,0.4,0.1,33,0.0,0.0,0,-0.02193789598201823,-287
independent_aia40_sharp10,independent_missingness,0.4,0.1,34,0.0,0.0,0,-0.016830294871813534,-290
independent_aia40_sharp10,independent_missingness,0.4,0.1,35,0.0,0.0,0,-0.012015386257737237,-290
independent_aia40_sharp10,independent_missingness,0.4,0.1,36,0.0,0.0,0,-0.013798866745103444,-274
independent_aia40_sharp10,independent_missingness,0.4,0.1,37,0.0,0.0,0,-0.018011687545706367,-274
independent_aia40_sharp10,independent_missingness,0.4,0.1,38,0.0,0.0,0,-0.024390072483800207,-287
independent_aia40_sharp10,independent_missingness,0.4,0.1,39,0.0,0.0,0,-0.013589927405609714,-274
independent_aia40_sharp10,independent_missingness,0.4,0.1,40,0.0,0.0,0,-0.014805023132848705,-294
independent_aia40_sharp10,independent_missingness,0.4,0.1,41,0.0,0.0,0,-0.016425930996714078,-278
independent_aia40_sharp10,independent_missingness,0.4,0.1,42,0.0,0.0,0,-0.015246173286111553,-287
independent_aia40_sharp10,independent_missingness,0.4,0.1,43,0.0,0.0,0,-0.01421894191459816,-282
independent_aia40_sharp10,independent_missingness,0.4,0.1,44,0.0,0.0,0,-0.014152554560816988,-309
independent_aia40_sharp10,independent_missingness,0.4,0.1,45,0.0,0.0,0,-0.023313558410847923,-283
independent_aia40_sharp10,independent_missingness,0.4,0.1,46,0.0,0.0,0,-0.032379363585314014,-250
independent_aia40_sharp10,independent_missingness,0.4,0.1,47,0.0,0.0,0,-0.016521346989350816,-288
independent_aia40_sharp10,independent_missingness,0.4,0.1,48,0.0,0.0,0,-0.007895484907889383,-296
independent_aia40_sharp10,independent_missingness,0.4,0.1,49,0.0,0.0,0,-0.019774883960554934,-281
independent_aia40_sharp10,independent_missingness,0.4,0.1,50,0.0,0.0,0,-0.013700765469263132,-283
independent_aia40_sharp10,independent_missingness,0.4,0.1,51,0.0,0.0,0,-0.016395413569937567,-274
independent_aia40_sharp10,independent_missingness,0.4,0.1,52,0.0,0.0,0,-0.010823072970252534,-282
independent_aia40_sharp10,independent_missingness,0.4,0.1,53,0.0,0.0,0,-0.007332553553621057,-298
independent_aia40_sharp10,independent_missingness,0.4,0.1,54,0.0,0.0,0,-0.014858331622325416,-278
independent_aia40_sharp10,independent_missingness,0.4,0.1,55,0.0,0.0,0,-0.015572635120498557,-287
independent_aia40_sharp10,independent_missingness,0.4,0.1,56,0.0,0.0,0,-0.024015379239761048,-267
independent_aia40_sharp10,independent_missingness,0.4,0.1,57,0.0,0.0,0,-0.016282218793723047,-289
independent_aia40_sharp10,independent_missingness,0.4,0.1,58,0.0,0.0,0,-0.02418110656466821,-283
independent_aia40_sharp10,independent_missingness,0.4,0.1,59,0.0,0.0,0,-0.015481361537341254,-280
independent_aia40_sharp10,independent_missingness,0.4,0.1,60,0.0,0.0,0,-0.015993696878481733,-285
independent_aia40_sharp10,independent_missingness,0.4,0.1,61,0.0,0.0,0,-0.010005373586380317,-283
independent_aia40_sharp10,independent_missingness,0.4,0.1,62,0.0,0.0,0,-0.016954891954892082,-288
independent_aia40_sharp10,independent_missingness,0.4,0.1,63,0.0,0.0,0,-0.005539040524636274,-291
independent_aia40_sharp10,independent_missingness,0.4,0.1,64,0.0,0.0,0,-0.017902689955566764,-281
independent_aia40_sharp10,independent_missingness,0.4,0.1,65,0.0,0.0,0,-0.018744423129839927,-292
independent_aia40_sharp10,independent_missingness,0.4,0.1,66,0.0,0.0,0,-0.013052164299801383,-287
independent_aia40_sharp10,independent_missingness,0.4,0.1,67,0.0,0.0,0,-0.0169909967946702,-292
independent_aia40_sharp10,independent_missingness,0.4,0.1,68,0.0,0.0,0,-0.017352719523920923,-294
independent_aia40_sharp10,independent_missingness,0.4,0.1,69,0.0,0.0,0,-0.009574743833984156,-289
independent_aia40_sharp10,independent_missingness,0.4,0.1,70,0.0,0.0,0,-0.0267626930335374,-284
independent_aia40_sharp10,independent_missingness,0.4,0.1,71,0.0,0.0,0,-0.009100143761356039,-300
independent_aia40_sharp10,independent_missingness,0.4,0.1,72,0.0,0.0,0,-0.015244019856948787,-279
independent_aia40_sharp10,independent_missingness,0.4,0.1,73,0.0,0.0,0,-0.01109937727225363,-302
independent_aia40_sharp10,independent_missingness,0.4,0.1,74,0.0,0.0,0,-0.009076724357055088,-286
independent_aia40_sharp10,independent_missingness,0.4,0.1,75,0.0,0.0,0,-0.011561870418029585,-288
independent_aia40_sharp10,independent_missingness,0.4,0.1,76,0.0,0.0,0,-0.015168836748943093,-285
independent_aia40_sharp10,independent_missingness,0.4,0.1,77,0.0,0.0,0,-0.02088831395140356,-284
independent_aia40_sharp10,independent_missingness,0.4,0.1,78,0.0,0.0,0,-0.015295434413081566,-282
independent_aia40_sharp10,independent_missingness,0.4,0.1,79,0.0,0.0,0,-0.01590892993067583,-278
independent_aia40_sharp10,independent_missingness,0.4,0.1,80,0.0,0.0,0,-0.015458769489131274,-273
independent_aia40_sharp10,independent_missingness,0.4,0.1,81,0.0,0.0,0,-0.018961968230661874,-279
independent_aia40_sharp10,independent_missingness,0.4,0.1,82,0.0,0.0,0,-0.014338085589449268,-288
independent_aia40_sharp10,independent_missingness,0.4,0.1,83,0.0,0.0,0,-0.024094727511178915,-278
independent_aia40_sharp10,independent_missingness,0.4,0.1,84,0.0,0.0,0,-0.021323756320517084,-275
independent_aia40_sharp10,independent_missingness,0.4,0.1,85,0.0,0.0,0,-0.02039021527854179,-274
independent_aia40_sharp10,independent_missingness,0.4,0.1,86,0.0,0.0,0,-0.01889729683632302,-287
independent_aia40_sharp10,independent_missingness,0.4,0.1,87,0.0,0.0,0,-0.01750630476324555,-281
independent_aia40_sharp10,independent_missingness,0.4,0.1,88,0.0,0.0,0,-0.01962816300165704,-289
independent_aia40_sharp10,independent_missingness,0.4,0.1,89,0.0,0.0,0,-0.014508736199158934,-302
independent_aia40_sharp10,independent_missingness,0.4,0.1,90,0.0,0.0,0,-0.013507734228627388,-303
independent_aia40_sharp10,independent_missingness,0.4,0.1,91,0.0,0.0,0,-0.007176363652378059,-286
independent_aia40_sharp10,independent_missingness,0.4,0.1,92,0.0,0.0,0,-0.023010860570724878,-276
independent_aia40_sharp10,independent_missingness,0.4,0.1,93,0.0,0.0,0,-0.013629158512719952,-283
independent_aia40_sharp10,independent_missingness,0.4,0.1,94,0.0,0.0,0,-0.016366671708598846,-289
independent_aia40_sharp10,independent_missingness,0.4,0.1,95,0.0,0.0,0,-0.015609010854578997,-299
independent_aia40_sharp10,independent_missingness,0.4,0.1,96,0.0,0.0,0,-0.016740262429917774,-310
independent_aia40_sharp10,independent_missingness,0.4,0.1,97,0.0,0.0,0,-0.016350905660923676,-280
independent_aia40_sharp10,independent_missingness,0.4,0.1,98,0.0,0.0,0,-0.0086326309242295,-296
independent_aia40_sharp10,independent_missingness,0.4,0.1,99,0.0,0.0,0,-0.014252017076875845,-309
independent_aia40_sharp20,independent_missingness,0.4,0.2,0,0.0,0.0,0,-0.015901036632743892,-256
independent_aia40_sharp20,independent_missingness,0.4,0.2,1,0.0,0.0,0,-0.018438502965688386,-268
independent_aia40_sharp20,independent_missingness,0.4,0.2,2,0.0,0.0,0,-0.013854711934906616,-257
independent_aia40_sharp20,independent_missingness,0.4,0.2,3,0.0,0.0,0,-0.013286265723412294,-261
independent_aia40_sharp20,independent_missingness,0.4,0.2,4,0.0,0.0,0,-0.01832755729005453,-250
independent_aia40_sharp20,independent_missingness,0.4,0.2,5,0.0,0.0,0,-0.006793424783484214,-250
independent_aia40_sharp20,independent_missingness,0.4,0.2,6,0.0,0.0,0,-0.026774822723845126,-236
independent_aia40_sharp20,independent_missingness,0.4,0.2,7,0.0,0.0,0,-0.02092117735039345,-228
independent_aia40_sharp20,independent_missingness,0.4,0.2,8,0.0,0.0,0,-0.01736211704778201,-252
independent_aia40_sharp20,independent_missingness,0.4,0.2,9,0.0,0.0,0,-0.01880377705953573,-270
independent_aia40_sharp20,independent_missingness,0.4,0.2,10,0.0,0.0,0,-0.02403231002758921,-238
independent_aia40_sharp20,independent_missingness,0.4,0.2,11,0.0,0.0,0,-0.01246621036991069,-254
independent_aia40_sharp20,independent_missingness,0.4,0.2,12,0.0,0.0,0,-0.020017150451933086,-254
independent_aia40_sharp20,independent_missingness,0.4,0.2,13,0.0,0.0,0,-0.018877297565822238,-245
independent_aia40_sharp20,independent_missingness,0.4,0.2,14,0.0,0.0,0,-0.023456790123456805,-260
independent_aia40_sharp20,independent_missingness,0.4,0.2,15,0.0,0.0,0,-0.018342642975270884,-252
independent_aia40_sharp20,independent_missingness,0.4,0.2,16,0.0,0.0,0,-0.011968055910600794,-265
independent_aia40_sharp20,independent_missingness,0.4,0.2,17,0.0,0.0,0,-0.019082157864544147,-248
independent_aia40_sharp20,independent_missingness,0.4,0.2,18,0.0,0.0,0,-0.006956299078183514,-245
independent_aia40_sharp20,independent_missingness,0.4,0.2,19,0.0,0.0,0,-0.016733697035914652,-264
independent_aia40_sharp20,independent_missingness,0.4,0.2,20,0.0,0.0,0,-0.019960542117001268,-252
independent_aia40_sharp20,independent_missingness,0.4,0.2,21,0.0,0.0,0,-0.018489953453131314,-242
independent_aia40_sharp20,independent_missingness,0.4,0.2,22,0.0,0.0,0,-0.0180204822689618,-237
independent_aia40_sharp20,independent_missingness,0.4,0.2,23,0.0,0.0,0,-0.020719793643547924,-246
independent_aia40_sharp20,independent_missingness,0.4,0.2,24,0.0,0.0,0,-0.015612131829956688,-255
independent_aia40_sharp20,independent_missingness,0.4,0.2,25,0.0,0.0,0,-0.012643783599383118,-241
independent_aia40_sharp20,independent_missingness,0.4,0.2,26,0.0,0.0,0,-0.012617397697069377,-252
independent_aia40_sharp20,independent_missingness,0.4,0.2,27,0.0,0.0,0,-0.017815311518602606,-267
independent_aia40_sharp20,independent_missingness,0.4,0.2,28,0.0,0.0,0,-0.008348163981004797,-254
independent_aia40_sharp20,independent_missingness,0.4,0.2,29,0.0,0.0,0,-0.01760257315496183,-257
independent_aia40_sharp20,independent_missingness,0.4,0.2,30,0.0,0.0,0,-0.010219230769230814,-249
independent_aia40_sharp20,independent_missingness,0.4,0.2,31,0.0,0.0,0,-0.0029019428730618912,-250
independent_aia40_sharp20,independent_missingness,0.4,0.2,32,0.0,0.0,0,-0.021518783253614115,-248
independent_aia40_sharp20,independent_missingness,0.4,0.2,33,0.0,0.0,0,-0.00522688665666049,-243
independent_aia40_sharp20,independent_missingness,0.4,0.2,34,0.0,0.0,0,-0.008816229264669406,-262
independent_aia40_sharp20,independent_missingness,0.4,0.2,35,0.0,0.0,0,-0.021786358350997848,-268
independent_aia40_sharp20,independent_missingness,0.4,0.2,36,0.0,0.0,0,-0.011301837021205685,-251
independent_aia40_sharp20,independent_missingness,0.4,0.2,37,0.0,0.0,0,-0.016589017138225248,-250
independent_aia40_sharp20,independent_missingness,0.4,0.2,38,0.0,0.0,0,-0.02214218404552204,-238
independent_aia40_sharp20,independent_missingness,0.4,0.2,39,0.0,0.0,0,-0.02018695911870627,-257
independent_aia40_sharp20,independent_missingness,0.4,0.2,40,0.0,0.0,0,-0.012207287867296523,-270
independent_aia40_sharp20,independent_missingness,0.4,0.2,41,0.0,0.0,0,-0.007995970005763242,-268
independent_aia40_sharp20,independent_missingness,0.4,0.2,42,0.0,0.0,0,-0.01852420522843823,-241
independent_aia40_sharp20,independent_missingness,0.4,0.2,43,0.0,0.0,0,-0.025216448085655374,-248
independent_aia40_sharp20,independent_missingness,0.4,0.2,44,0.0,0.0,0,-0.017278176329581507,-254
independent_aia40_sharp20,independent_missingness,0.4,0.2,45,0.0,0.0,0,-0.01576260192735357,-267
independent_aia40_sharp20,independent_missingness,0.4,0.2,46,0.0,0.0,0,-0.020200459779745605,-263
independent_aia40_sharp20,independent_missingness,0.4,0.2,47,0.0,0.0,0,-0.013842489713028039,-245
independent_aia40_sharp20,independent_missingness,0.4,0.2,48,0.0,0.0,0,-0.021466241122393814,-245
independent_aia40_sharp20,independent_missingness,0.4,0.2,49,0.0,0.0,0,-0.008222610637798056,-256
independent_aia40_sharp20,independent_missingness,0.4,0.2,50,0.0,0.0,0,-0.020165271554460018,-254
independent_aia40_sharp20,independent_missingness,0.4,0.2,51,0.0,0.0,0,-0.018098723747369982,-258
independent_aia40_sharp20,independent_missingness,0.4,0.2,52,0.0,0.0,0,-0.01338479517775859,-257
independent_aia40_sharp20,independent_missingness,0.4,0.2,53,0.0,0.0,0,-0.02092153033640254,-242
independent_aia40_sharp20,independent_missingness,0.4,0.2,54,0.0,0.0,0,-0.01766060332217423,-255
independent_aia40_sharp20,independent_missingness,0.4,0.2,55,0.0,0.0,0,-0.018601995070754995,-239
independent_aia40_sharp20,independent_missingness,0.4,0.2,56,0.0,0.0,0,-0.013196767921740626,-256
independent_aia40_sharp20,independent_missingness,0.4,0.2,57,0.0,0.0,0,-0.01266470530338304,-252
independent_aia40_sharp20,independent_missingness,0.4,0.2,58,0.0,0.0,0,-0.02005238996616643,-246
independent_aia40_sharp20,independent_missingness,0.4,0.2,59,0.0,0.0,0,-0.020477822064304707,-261
independent_aia40_sharp20,independent_missingness,0.4,0.2,60,0.0,0.0,0,-0.008555076161803843,-255
independent_aia40_sharp20,independent_missingness,0.4,0.2,61,0.0,0.0,0,-0.02319581890153377,-247
independent_aia40_sharp20,independent_missingness,0.4,0.2,62,0.0,0.0,0,-0.018393624029414468,-243
independent_aia40_sharp20,independent_missingness,0.4,0.2,63,0.0,0.0,0,-0.013766317510066184,-249
independent_aia40_sharp20,independent_missingness,0.4,0.2,64,0.0,0.0,0,-0.016669054678803974,-256
independent_aia40_sharp20,independent_missingness,0.4,0.2,65,0.0,0.0,0,-0.021764507765933194,-241
independent_aia40_sharp20,independent_missingness,0.4,0.2,66,0.0,0.0,0,-0.018298106219737154,-263
independent_aia40_sharp20,independent_missingness,0.4,0.2,67,0.0,0.0,0,-0.016440699126092362,-248
independent_aia40_sharp20,independent_missingness,0.4,0.2,68,0.0,0.0,0,-0.017032703182116693,-252
independent_aia40_sharp20,independent_missingness,0.4,0.2,69,0.0,0.0,0,-0.016623338841473156,-255
independent_aia40_sharp20,independent_missingness,0.4,0.2,70,0.0,0.0,0,-0.016970122961192047,-250
independent_aia40_sharp20,independent_missingness,0.4,0.2,71,0.0,0.0,0,-0.01367780478750169,-269
independent_aia40_sharp20,independent_missingness,0.4,0.2,72,0.0,0.0,0,-0.025244515995396677,-258
independent_aia40_sharp20,independent_missingness,0.4,0.2,73,0.0,0.0,0,-0.02090944272445827,-245
independent_aia40_sharp20,independent_missingness,0.4,0.2,74,0.0,0.0,0,-0.018408332918165016,-255
independent_aia40_sharp20,independent_missingness,0.4,0.2,75,0.0,0.0,0,-0.02026949701916525,-275
independent_aia40_sharp20,independent_missingness,0.4,0.2,76,0.0,0.0,0,-0.008668105548979899,-267
independent_aia40_sharp20,independent_missingness,0.4,0.2,77,0.0,0.0,0,-0.022210224959345215,-251
independent_aia40_sharp20,independent_missingness,0.4,0.2,78,0.0,0.0,0,-0.013703995295828664,-263
independent_aia40_sharp20,independent_missingness,0.4,0.2,79,0.0,0.0,0,-0.01776237253069124,-262
independent_aia40_sharp20,independent_missingness,0.4,0.2,80,0.0,0.0,0,-0.014531232822863505,-258
independent_aia40_sharp20,independent_missingness,0.4,0.2,81,0.0,0.0,0,-0.0195868204715286,-231
independent_aia40_sharp20,independent_missingness,0.4,0.2,82,0.0,0.0,0,-0.01280950400950398,-241
independent_aia40_sharp20,independent_missingness,0.4,0.2,83,0.0,0.0,0,-0.018428130078615546,-227
independent_aia40_sharp20,independent_missingness,0.4,0.2,84,0.0,0.0,0,-0.008657407407407502,-264
independent_aia40_sharp20,independent_missingness,0.4,0.2,85,0.0,0.0,0,-0.017745082928062317,-265
independent_aia40_sharp20,independent_missingness,0.4,0.2,86,0.0,0.0,0,-0.008402239200674622,-247
independent_aia40_sharp20,independent_missingness,0.4,0.2,87,0.0,0.0,0,-0.0033171145682411307,-256
independent_aia40_sharp20,independent_missingness,0.4,0.2,88,0.0,0.0,0,-0.013819045325994761,-249
independent_aia40_sharp20,independent_missingness,0.4,0.2,89,0.0,0.0,0,-0.010143813807173219,-293
independent_aia40_sharp20,independent_missingness,0.4,0.2,90,0.0,0.0,0,-0.01299601982753118,-254
independent_aia40_sharp20,independent_missingness,0.4,0.2,91,0.0,0.0,0,-0.02045809079875993,-254
independent_aia40_sharp20,independent_missingness,0.4,0.2,92,0.0,0.0,0,-0.019016443214226797,-249
independent_aia40_sharp20,independent_missingness,0.4,0.2,93,0.0,0.0,0,-0.02184642042151963,-249
independent_aia40_sharp20,independent_missingness,0.4,0.2,94,0.0,0.0,0,-0.016292589997372264,-252
independent_aia40_sharp20,independent_missingness,0.4,0.2,95,0.0,0.0,0,-0.018197248497968666,-254
independent_aia40_sharp20,independent_missingness,0.4,0.2,96,0.0,0.0,0,-0.009555399268053266,-295
independent_aia40_sharp20,independent_missingness,0.4,0.2,97,0.0,0.0,0,-0.02092318614547173,-252
independent_aia40_sharp20,independent_missingness,0.4,0.2,98,0.0,0.0,0,-0.02628714434774282,-246
independent_aia40_sharp20,independent_missingness,0.4,0.2,99,0.0,0.0,0,-0.012648038780443072,-250
contiguous_sharp_outage_6h,contiguous_sharp_outage,0.0,6.0,0,0.0,0.0,0,-0.02646542822724074,-528
contiguous_dual_outage_6h,contiguous_dual_outage,6.0,6.0,0,0.0,0.0,0,-0.02646542822724074,-528
contiguous_sharp_outage_6h,contiguous_sharp_outage,0.0,6.0,1,0.0,0.0,0,-0.02646542822724074,-528
contiguous_dual_outage_6h,contiguous_dual_outage,6.0,6.0,1,0.0,0.0,0,-0.02646542822724074,-528
contiguous_sharp_outage_6h,contiguous_sharp_outage,0.0,6.0,2,0.0,0.0,0,-0.02646542822724074,-528
contiguous_dual_outage_6h,contiguous_dual_outage,6.0,6.0,2,0.0,0.0,0,-0.02646542822724074,-528
contiguous_sharp_outage_6h,contiguous_sharp_outage,0.0,6.0,3,0.0,0.0,0,-0.026544771347581708,-528
contiguous_dual_outage_6h,contiguous_dual_outage,6.0,6.0,3,0.0,0.0,0,-0.026544771347581708,-528
contiguous_sharp_outage_6h,contiguous_sharp_outage,0.0,6.0,4,0.0,0.0,0,-0.02646542822724074,-528
contiguous_dual_outage_6h,contiguous_dual_outage,6.0,6.0,4,0.0,0.0,0,-0.02646542822724074,-528
contiguous_sharp_outage_6h,contiguous_sharp_outage,0.0,6.0,5,0.0,0.0,0,-0.02646542822724074,-528
contiguous_dual_outage_6h,contiguous_dual_outage,6.0,6.0,5,0.0,0.0,0,-0.02646542822724074,-528
contiguous_sharp_outage_6h,contiguous_sharp_outage,0.0,6.0,6,0.0,0.0,0,-0.026449963180092295,-528
contiguous_dual_outage_6h,contiguous_dual_outage,6.0,6.0,6,0.0,0.0,0,-0.026449963180092295,-528
contiguous_sharp_outage_6h,contiguous_sharp_outage,0.0,6.0,7,0.0,0.0,0,-0.02663457969661076,-528
contiguous_dual_outage_6h,contiguous_dual_outage,6.0,6.0,7,0.0,0.0,0,-0.02663457969661076,-528
contiguous_sharp_outage_6h,contiguous_sharp_outage,0.0,6.0,8,0.0,0.0,0,-0.026539617350542777,-528
contiguous_dual_outage_6h,contiguous_dual_outage,6.0,6.0,8,0.0,0.0,0,-0.026539617350542777,-528
contiguous_sharp_outage_6h,contiguous_sharp_outage,0.0,6.0,9,0.0,0.0,0,-0.026804370198654892,-528
contiguous_dual_outage_6h,contiguous_dual_outage,6.0,6.0,9,0.0,0.0,0,-0.026804370198654892,-528
contiguous_sharp_outage_6h,contiguous_sharp_outage,0.0,6.0,10,0.0,0.0,0,-0.026663017636448405,-526
contiguous_dual_outage_6h,contiguous_dual_outage,6.0,6.0,10,0.0,0.0,0,-0.026663017636448405,-526
contiguous_sharp_outage_6h,contiguous_sharp_outage,0.0,6.0,11,0.0,0.0,0,-0.02646542822724074,-528
contiguous_dual_outage_6h,contiguous_dual_outage,6.0,6.0,11,0.0,0.0,0,-0.02646542822724074,-528
contiguous_sharp_outage_6h,contiguous_sharp_outage,0.0,6.0,12,0.0,0.0,0,-0.02646542822724074,-528
contiguous_dual_outage_6h,contiguous_dual_outage,6.0,6.0,12,0.0,0.0,0,-0.02646542822724074,-528
contiguous_sharp_outage_6h,contiguous_sharp_outage,0.0,6.0,13,0.0,0.0,0,-0.02646542822724074,-528
contiguous_dual_outage_6h,contiguous_dual_outage,6.0,6.0,13,0.0,0.0,0,-0.02646542822724074,-528
contiguous_sharp_outage_6h,contiguous_sharp_outage,0.0,6.0,14,0.0,0.0,0,-0.026460274230201586,-528
contiguous_dual_outage_6h,contiguous_dual_outage,6.0,6.0,14,0.0,0.0,0,-0.026460274230201586,-528
contiguous_sharp_outage_6h,contiguous_sharp_outage,0.0,6.0,15,0.0,0.0,0,-0.02646542822724074,-528
contiguous_dual_outage_6h,contiguous_dual_outage,6.0,6.0,15,0.0,0.0,0,-0.02646542822724074,-528
contiguous_sharp_outage_6h,contiguous_sharp_outage,0.0,6.0,16,0.0,0.0,0,-0.02646542822724074,-528
contiguous_dual_outage_6h,contiguous_dual_outage,6.0,6.0,16,0.0,0.0,0,-0.02646542822724074,-528
contiguous_sharp_outage_6h,contiguous_sharp_outage,0.0,6.0,17,0.0,0.0,0,-0.02663457969661054,-528
contiguous_dual_outage_6h,contiguous_dual_outage,6.0,6.0,17,0.0,0.0,0,-0.02663457969661054,-528
contiguous_sharp_outage_6h,contiguous_sharp_outage,0.0,6.0,18,0.0,0.0,0,-0.02646542822724074,-528
contiguous_dual_outage_6h,contiguous_dual_outage,6.0,6.0,18,0.0,0.0,0,-0.02646542822724074,-528
contiguous_sharp_outage_6h,contiguous_sharp_outage,0.0,6.0,19,0.0,0.0,0,-0.02646542822724074,-528
contiguous_dual_outage_6h,contiguous_dual_outage,6.0,6.0,19,0.0,0.0,0,-0.02646542822724074,-528
contiguous_sharp_outage_6h,contiguous_sharp_outage,0.0,6.0,20,0.0,0.0,0,-0.026449963180092295,-528
contiguous_dual_outage_6h,contiguous_dual_outage,6.0,6.0,20,0.0,0.0,0,-0.026449963180092295,-528
contiguous_sharp_outage_6h,contiguous_sharp_outage,0.0,6.0,21,0.0,0.0,0,-0.026564222931844572,-527
contiguous_dual_outage_6h,contiguous_dual_outage,6.0,6.0,21,0.0,0.0,0,-0.026564222931844572,-527
contiguous_sharp_outage_6h,contiguous_sharp_outage,0.0,6.0,22,0.0,0.0,0,-0.02646542822724074,-528
contiguous_dual_outage_6h,contiguous_dual_outage,6.0,6.0,22,0.0,0.0,0,-0.02646542822724074,-528
contiguous_sharp_outage_6h,contiguous_sharp_outage,0.0,6.0,23,0.0,0.0,0,-0.026804370198654892,-528
contiguous_dual_outage_6h,contiguous_dual_outage,6.0,6.0,23,0.0,0.0,0,-0.026804370198654892,-528
contiguous_sharp_outage_6h,contiguous_sharp_outage,0.0,6.0,24,0.0,0.0,0,-0.02634145055871806,-528
contiguous_dual_outage_6h,contiguous_dual_outage,6.0,6.0,24,0.0,0.0,0,-0.02634145055871806,-528
contiguous_sharp_outage_6h,contiguous_sharp_outage,0.0,6.0,25,0.0,0.0,0,-0.026601336906926898,-526
contiguous_dual_outage_6h,contiguous_dual_outage,6.0,6.0,25,0.0,0.0,0,-0.026601336906926898,-526
contiguous_sharp_outage_6h,contiguous_sharp_outage,0.0,6.0,26,0.0,0.0,0,-0.026382841876113172,-528
contiguous_dual_outage_6h,contiguous_dual_outage,6.0,6.0,26,0.0,0.0,0,-0.026382841876113172,-528
contiguous_sharp_outage_6h,contiguous_sharp_outage,0.0,6.0,27,0.0,0.0,0,-0.025051546226077193,-528
contiguous_dual_outage_6h,contiguous_dual_outage,6.0,6.0,27,0.0,0.0,0,-0.025051546226077193,-528
contiguous_sharp_outage_6h,contiguous_sharp_outage,0.0,6.0,28,0.0,0.0,0,-0.027535333585817723,-522
contiguous_dual_outage_6h,contiguous_dual_outage,6.0,6.0,28,0.0,0.0,0,-0.027535333585817723,-522
contiguous_sharp_outage_6h,contiguous_sharp_outage,0.0,6.0,29,0.0,0.0,0,-0.026941424884648457,-525
contiguous_dual_outage_6h,contiguous_dual_outage,6.0,6.0,29,0.0,0.0,0,-0.026941424884648457,-525
contiguous_sharp_outage_6h,contiguous_sharp_outage,0.0,6.0,30,0.0,0.0,0,-0.026531346721370364,-528
contiguous_dual_outage_6h,contiguous_dual_outage,6.0,6.0,30,0.0,0.0,0,-0.026531346721370364,-528
contiguous_sharp_outage_6h,contiguous_sharp_outage,0.0,6.0,31,0.0,0.0,0,-0.025072168326899735,-528
contiguous_dual_outage_6h,contiguous_dual_outage,6.0,6.0,31,0.0,0.0,0,-0.025072168326899735,-528
contiguous_sharp_outage_6h,contiguous_sharp_outage,0.0,6.0,32,0.0,0.0,0,-0.026382841876113172,-528
contiguous_dual_outage_6h,contiguous_dual_outage,6.0,6.0,32,0.0,0.0,0,-0.026382841876113172,-528
contiguous_sharp_outage_6h,contiguous_sharp_outage,0.0,6.0,33,0.0,0.0,0,-0.02633109247993448,-528
contiguous_dual_outage_6h,contiguous_dual_outage,6.0,6.0,33,0.0,0.0,0,-0.02633109247993448,-528
contiguous_sharp_outage_6h,contiguous_sharp_outage,0.0,6.0,34,0.0,0.0,0,-0.027302730273027542,-520
contiguous_dual_outage_6h,contiguous_dual_outage,6.0,6.0,34,0.0,0.0,0,-0.027302730273027542,-520
contiguous_sharp_outage_6h,contiguous_sharp_outage,0.0,6.0,35,0.0,0.0,0,-0.025011049976376043,-524
contiguous_dual_outage_6h,contiguous_dual_outage,6.0,6.0,35,0.0,0.0,0,-0.025011049976376043,-524
contiguous_sharp_outage_6h,contiguous_sharp_outage,0.0,6.0,36,0.0,0.0,0,-0.026539509580306486,-526
contiguous_dual_outage_6h,contiguous_dual_outage,6.0,6.0,36,0.0,0.0,0,-0.026539509580306486,-526
contiguous_sharp_outage_6h,contiguous_sharp_outage,0.0,6.0,37,0.0,0.0,0,-0.02695609620579753,-522
contiguous_dual_outage_6h,contiguous_dual_outage,6.0,6.0,37,0.0,0.0,0,-0.02695609620579753,-522
contiguous_sharp_outage_6h,contiguous_sharp_outage,0.0,6.0,38,0.0,0.0,0,-0.026539509580306486,-526
contiguous_dual_outage_6h,contiguous_dual_outage,6.0,6.0,38,0.0,0.0,0,-0.026539509580306486,-526
contiguous_sharp_outage_6h,contiguous_sharp_outage,0.0,6.0,39,0.0,0.0,0,-0.02634145055871806,-528
contiguous_dual_outage_6h,contiguous_dual_outage,6.0,6.0,39,0.0,0.0,0,-0.02634145055871806,-528
contiguous_sharp_outage_6h,contiguous_sharp_outage,0.0,6.0,40,0.0,0.0,0,-0.02634145055871806,-528
contiguous_dual_outage_6h,contiguous_dual_outage,6.0,6.0,40,0.0,0.0,0,-0.02634145055871806,-528
contiguous_sharp_outage_6h,contiguous_sharp_outage,0.0,6.0,41,0.0,0.0,0,-0.027018585038263376,-525
contiguous_dual_outage_6h,contiguous_dual_outage,6.0,6.0,41,0.0,0.0,0,-0.027018585038263376,-525
contiguous_sharp_outage_6h,contiguous_sharp_outage,0.0,6.0,42,0.0,0.0,0,-0.027125294460528915,-528
contiguous_dual_outage_6h,contiguous_dual_outage,6.0,6.0,42,0.0,0.0,0,-0.027125294460528915,-528
contiguous_sharp_outage_6h,contiguous_sharp_outage,0.0,6.0,43,0.0,0.0,0,-0.025922500357828726,-525
contiguous_dual_outage_6h,contiguous_dual_outage,6.0,6.0,43,0.0,0.0,0,-0.025922500357828726,-525
contiguous_sharp_outage_6h,contiguous_sharp_outage,0.0,6.0,44,0.0,0.0,0,-0.02640351297023069,-528
contiguous_dual_outage_6h,contiguous_dual_outage,6.0,6.0,44,0.0,0.0,0,-0.02640351297023069,-528
contiguous_sharp_outage_6h,contiguous_sharp_outage,0.0,6.0,45,0.0,0.0,0,-0.024713050224767663,-528
contiguous_dual_outage_6h,contiguous_dual_outage,6.0,6.0,45,0.0,0.0,0,-0.024713050224767663,-528
contiguous_sharp_outage_6h,contiguous_sharp_outage,0.0,6.0,46,0.0,0.0,0,-0.026481792994260678,-527
contiguous_dual_outage_6h,contiguous_dual_outage,6.0,6.0,46,0.0,0.0,0,-0.026481792994260678,-527
contiguous_sharp_outage_6h,contiguous_sharp_outage,0.0,6.0,47,0.0,0.0,0,-0.02642416771386835,-528
contiguous_dual_outage_6h,contiguous_dual_outage,6.0,6.0,47,0.0,0.0,0,-0.02642416771386835,-528
contiguous_sharp_outage_6h,contiguous_sharp_outage,0.0,6.0,48,0.0,0.0,0,-0.026367327813840102,-528
contiguous_dual_outage_6h,contiguous_dual_outage,6.0,6.0,48,0.0,0.0,0,-0.026367327813840102,-528
contiguous_sharp_outage_6h,contiguous_sharp_outage,0.0,6.0,49,0.0,0.0,0,-0.026362154412093552,-528
contiguous_dual_outage_6h,contiguous_dual_outage,6.0,6.0,49,0.0,0.0,0,-0.026362154412093552,-528
contiguous_sharp_outage_12h,contiguous_sharp_outage,0.0,12.0,0,0.0,0.0,0,-0.026444806126417975,-528
contiguous_dual_outage_12h,contiguous_dual_outage,12.0,12.0,0,0.0,0.0,0,-0.026444806126417975,-528
contiguous_sharp_outage_12h,contiguous_sharp_outage,0.0,12.0,1,0.0,0.0,0,-0.026444806126417975,-528
contiguous_dual_outage_12h,contiguous_dual_outage,12.0,12.0,1,0.0,0.0,0,-0.026444806126417975,-528
contiguous_sharp_outage_12h,contiguous_sharp_outage,0.0,12.0,2,0.0,0.0,0,-0.026444806126417975,-528
contiguous_dual_outage_12h,contiguous_dual_outage,12.0,12.0,2,0.0,0.0,0,-0.026444806126417975,-528
contiguous_sharp_outage_12h,contiguous_sharp_outage,0.0,12.0,3,0.0,0.0,0,-0.026524149246759166,-528
contiguous_dual_outage_12h,contiguous_dual_outage,12.0,12.0,3,0.0,0.0,0,-0.026524149246759166,-528
contiguous_sharp_outage_12h,contiguous_sharp_outage,0.0,12.0,4,0.0,0.0,0,-0.026444806126417753,-528
contiguous_dual_outage_12h,contiguous_dual_outage,12.0,12.0,4,0.0,0.0,0,-0.026444806126417753,-528
contiguous_sharp_outage_12h,contiguous_sharp_outage,0.0,12.0,5,0.0,0.0,0,-0.026444806126417975,-528
contiguous_dual_outage_12h,contiguous_dual_outage,12.0,12.0,5,0.0,0.0,0,-0.026444806126417975,-528
contiguous_sharp_outage_12h,contiguous_sharp_outage,0.0,12.0,6,0.0,0.0,0,-0.026419005559755293,-528
contiguous_dual_outage_12h,contiguous_dual_outage,12.0,12.0,6,0.0,0.0,0,-0.026419005559755293,-528
contiguous_sharp_outage_12h,contiguous_sharp_outage,0.0,12.0,7,0.0,0.0,0,-0.026783764390228892,-528
contiguous_dual_outage_12h,contiguous_dual_outage,12.0,12.0,7,0.0,0.0,0,-0.026783764390228892,-528
contiguous_sharp_outage_12h,contiguous_sharp_outage,0.0,12.0,8,0.0,0.0,0,-0.026593335490132652,-528
contiguous_dual_outage_12h,contiguous_dual_outage,12.0,12.0,8,0.0,0.0,0,-0.026593335490132652,-528
contiguous_sharp_outage_12h,contiguous_sharp_outage,0.0,12.0,9,0.0,0.0,0,-0.027125294460528915,-528
contiguous_dual_outage_12h,contiguous_dual_outage,12.0,12.0,9,0.0,0.0,0,-0.027125294460528915,-528
contiguous_sharp_outage_12h,contiguous_sharp_outage,0.0,12.0,10,0.0,0.0,0,-0.026642473649643783,-526
contiguous_dual_outage_12h,contiguous_dual_outage,12.0,12.0,10,0.0,0.0,0,-0.026642473649643783,-526
contiguous_sharp_outage_12h,contiguous_sharp_outage,0.0,12.0,11,0.0,0.0,0,-0.026444806126417975,-528
contiguous_dual_outage_12h,contiguous_dual_outage,12.0,12.0,11,0.0,0.0,0,-0.026444806126417975,-528
contiguous_sharp_outage_12h,contiguous_sharp_outage,0.0,12.0,12,0.0,0.0,0,-0.026444806126417975,-528
contiguous_dual_outage_12h,contiguous_dual_outage,12.0,12.0,12,0.0,0.0,0,-0.026444806126417975,-528
contiguous_sharp_outage_12h,contiguous_sharp_outage,0.0,12.0,13,0.0,0.0,0,-0.026444806126417975,-528
contiguous_dual_outage_12h,contiguous_dual_outage,12.0,12.0,13,0.0,0.0,0,-0.026444806126417975,-528
contiguous_sharp_outage_12h,contiguous_sharp_outage,0.0,12.0,14,0.0,0.0,0,-0.026429328847288325,-528
contiguous_dual_outage_12h,contiguous_dual_outage,12.0,12.0,14,0.0,0.0,0,-0.026429328847288325,-528
contiguous_sharp_outage_12h,contiguous_sharp_outage,0.0,12.0,15,0.0,0.0,0,-0.026444806126417975,-528
contiguous_dual_outage_12h,contiguous_dual_outage,12.0,12.0,15,0.0,0.0,0,-0.026444806126417975,-528
contiguous_sharp_outage_12h,contiguous_sharp_outage,0.0,12.0,16,0.0,0.0,0,-0.026444806126417975,-528
contiguous_dual_outage_12h,contiguous_dual_outage,12.0,12.0,16,0.0,0.0,0,-0.026444806126417975,-528
contiguous_sharp_outage_12h,contiguous_sharp_outage,0.0,12.0,17,0.0,0.0,0,-0.02678376439022867,-528
contiguous_dual_outage_12h,contiguous_dual_outage,12.0,12.0,17,0.0,0.0,0,-0.02678376439022867,-528
contiguous_sharp_outage_12h,contiguous_sharp_outage,0.0,12.0,18,0.0,0.0,0,-0.026444806126417975,-528
contiguous_dual_outage_12h,contiguous_dual_outage,12.0,12.0,18,0.0,0.0,0,-0.026444806126417975,-528
contiguous_sharp_outage_12h,contiguous_sharp_outage,0.0,12.0,19,0.0,0.0,0,-0.026444806126417975,-528
contiguous_dual_outage_12h,contiguous_dual_outage,12.0,12.0,19,0.0,0.0,0,-0.026444806126417975,-528
contiguous_sharp_outage_12h,contiguous_sharp_outage,0.0,12.0,20,0.0,0.0,0,-0.026413842384646724,-528
contiguous_dual_outage_12h,contiguous_dual_outage,12.0,12.0,20,0.0,0.0,0,-0.026413842384646724,-528
contiguous_sharp_outage_12h,contiguous_sharp_outage,0.0,12.0,21,0.0,0.0,0,-0.0267413074112568,-525
contiguous_dual_outage_12h,contiguous_dual_outage,12.0,12.0,21,0.0,0.0,0,-0.0267413074112568,-525
contiguous_sharp_outage_12h,contiguous_sharp_outage,0.0,12.0,22,0.0,0.0,0,-0.026444806126417975,-528
contiguous_dual_outage_12h,contiguous_dual_outage,12.0,12.0,22,0.0,0.0,0,-0.026444806126417975,-528
contiguous_sharp_outage_12h,contiguous_sharp_outage,0.0,12.0,23,0.0,0.0,0,-0.025092774135325735,-528
contiguous_dual_outage_12h,contiguous_dual_outage,12.0,12.0,23,0.0,0.0,0,-0.025092774135325735,-528
contiguous_sharp_outage_12h,contiguous_sharp_outage,0.0,12.0,24,0.0,0.0,0,-0.026196063042572826,-528
contiguous_dual_outage_12h,contiguous_dual_outage,12.0,12.0,24,0.0,0.0,0,-0.026196063042572826,-528
contiguous_sharp_outage_12h,contiguous_sharp_outage,0.0,12.0,25,0.0,0.0,0,-0.026617936557648436,-525
contiguous_dual_outage_12h,contiguous_dual_outage,12.0,12.0,25,0.0,0.0,0,-0.026617936557648436,-525
contiguous_sharp_outage_12h,contiguous_sharp_outage,0.0,12.0,26,0.0,0.0,0,-0.02637838780040047,-527
contiguous_dual_outage_12h,contiguous_dual_outage,12.0,12.0,26,0.0,0.0,0,-0.02637838780040047,-527
contiguous_sharp_outage_12h,contiguous_sharp_outage,0.0,12.0,27,0.0,0.0,0,-0.025643333171182725,-528
contiguous_dual_outage_12h,contiguous_dual_outage,12.0,12.0,27,0.0,0.0,0,-0.025643333171182725,-528
contiguous_sharp_outage_12h,contiguous_sharp_outage,0.0,12.0,28,0.0,0.0,0,-0.028314817391677627,-518
contiguous_dual_outage_12h,contiguous_dual_outage,12.0,12.0,28,0.0,0.0,0,-0.028314817391677627,-518
contiguous_sharp_outage_12h,contiguous_sharp_outage,0.0,12.0,29,0.0,0.0,0,-0.027494467779816345,-521
contiguous_dual_outage_12h,contiguous_dual_outage,12.0,12.0,29,0.0,0.0,0,-0.027494467779816345,-521
contiguous_sharp_outage_12h,contiguous_sharp_outage,0.0,12.0,30,0.0,0.0,0,-0.026661988172936635,-528
contiguous_dual_outage_12h,contiguous_dual_outage,12.0,12.0,30,0.0,0.0,0,-0.026661988172936635,-528
contiguous_sharp_outage_12h,contiguous_sharp_outage,0.0,12.0,31,0.0,0.0,0,-0.025679468254212523,-528
contiguous_dual_outage_12h,contiguous_dual_outage,12.0,12.0,31,0.0,0.0,0,-0.025679468254212523,-528
contiguous_sharp_outage_12h,contiguous_sharp_outage,0.0,12.0,32,0.0,0.0,0,-0.026363773415482905,-528
contiguous_dual_outage_12h,contiguous_dual_outage,12.0,12.0,32,0.0,0.0,0,-0.026363773415482905,-528
contiguous_sharp_outage_12h,contiguous_sharp_outage,0.0,12.0,33,0.0,0.0,0,-0.026180437840661153,-528
contiguous_dual_outage_12h,contiguous_dual_outage,12.0,12.0,33,0.0,0.0,0,-0.026180437840661153,-528
contiguous_sharp_outage_12h,contiguous_sharp_outage,0.0,12.0,34,0.0,0.0,0,-0.028019144455997624,-513
contiguous_dual_outage_12h,contiguous_dual_outage,12.0,12.0,34,0.0,0.0,0,-0.028019144455997624,-513
contiguous_sharp_outage_12h,contiguous_sharp_outage,0.0,12.0,35,0.0,0.0,0,-0.021098784971751217,-524
contiguous_dual_outage_12h,contiguous_dual_outage,12.0,12.0,35,0.0,0.0,0,-0.021098784971751217,-524
contiguous_sharp_outage_12h,contiguous_sharp_outage,0.0,12.0,36,0.0,0.0,0,-0.026791892238203552,-522
contiguous_dual_outage_12h,contiguous_dual_outage,12.0,12.0,36,0.0,0.0,0,-0.026791892238203552,-522
contiguous_sharp_outage_12h,contiguous_sharp_outage,0.0,12.0,37,0.0,0.0,0,-0.027224844503772383,-518
contiguous_dual_outage_12h,contiguous_dual_outage,12.0,12.0,37,0.0,0.0,0,-0.027224844503772383,-518
contiguous_sharp_outage_12h,contiguous_sharp_outage,0.0,12.0,38,0.0,0.0,0,-0.02660361526044741,-524
contiguous_dual_outage_12h,contiguous_dual_outage,12.0,12.0,38,0.0,0.0,0,-0.02660361526044741,-524
contiguous_sharp_outage_12h,contiguous_sharp_outage,0.0,12.0,39,0.0,0.0,0,-0.026280612494878675,-528
contiguous_dual_outage_12h,contiguous_dual_outage,12.0,12.0,39,0.0,0.0,0,-0.026280612494878675,-528
contiguous_sharp_outage_12h,contiguous_sharp_outage,0.0,12.0,40,0.0,0.0,0,-0.026196063042573048,-528
contiguous_dual_outage_12h,contiguous_dual_outage,12.0,12.0,40,0.0,0.0,0,-0.026196063042573048,-528
contiguous_sharp_outage_12h,contiguous_sharp_outage,0.0,12.0,41,0.0,0.0,0,-0.027442047244967238,-524
contiguous_dual_outage_12h,contiguous_dual_outage,12.0,12.0,41,0.0,0.0,0,-0.027442047244967238,-524
contiguous_sharp_outage_12h,contiguous_sharp_outage,0.0,12.0,42,0.0,0.0,0,-0.027775034564487378,-528
contiguous_dual_outage_12h,contiguous_dual_outage,12.0,12.0,42,0.0,0.0,0,-0.027775034564487378,-528
contiguous_sharp_outage_12h,contiguous_sharp_outage,0.0,12.0,43,0.0,0.0,0,-0.025422969920462002,-522
contiguous_dual_outage_12h,contiguous_dual_outage,12.0,12.0,43,0.0,0.0,0,-0.025422969920462002,-522
contiguous_sharp_outage_12h,contiguous_sharp_outage,0.0,12.0,44,0.0,0.0,0,-0.02632073029650317,-528
contiguous_dual_outage_12h,contiguous_dual_outage,12.0,12.0,44,0.0,0.0,0,-0.02632073029650317,-528
contiguous_sharp_outage_12h,contiguous_sharp_outage,0.0,12.0,45,0.0,0.0,0,-0.024922287764441053,-528
contiguous_dual_outage_12h,contiguous_dual_outage,12.0,12.0,45,0.0,0.0,0,-0.024922287764441053,-528
contiguous_sharp_outage_12h,contiguous_sharp_outage,0.0,12.0,46,0.0,0.0,0,-0.026660372137068844,-524
contiguous_dual_outage_12h,contiguous_dual_outage,12.0,12.0,46,0.0,0.0,0,-0.026660372137068844,-524
contiguous_sharp_outage_12h,contiguous_sharp_outage,0.0,12.0,47,0.0,0.0,0,-0.02636215441209333,-528
contiguous_dual_outage_12h,contiguous_dual_outage,12.0,12.0,47,0.0,0.0,0,-0.02636215441209333,-528
contiguous_sharp_outage_12h,contiguous_sharp_outage,0.0,12.0,48,0.0,0.0,0,-0.0265250227304743,-525
contiguous_dual_outage_12h,contiguous_dual_outage,12.0,12.0,48,0.0,0.0,0,-0.0265250227304743,-525
contiguous_sharp_outage_12h,contiguous_sharp_outage,0.0,12.0,49,0.0,0.0,0,-0.026535362879219537,-525
contiguous_dual_outage_12h,contiguous_dual_outage,12.0,12.0,49,0.0,0.0,0,-0.026535362879219537,-525
contiguous_sharp_outage_24h,contiguous_sharp_outage,0.0,24.0,0,0.0,0.0,0,-0.026408678188239554,-528
contiguous_dual_outage_24h,contiguous_dual_outage,24.0,24.0,0,0.0,0.0,0,-0.026408678188239554,-528
contiguous_sharp_outage_24h,contiguous_sharp_outage,0.0,24.0,1,0.0,0.0,0,-0.026408678188239554,-528
contiguous_dual_outage_24h,contiguous_dual_outage,24.0,24.0,1,0.0,0.0,0,-0.026408678188239554,-528
contiguous_sharp_outage_24h,contiguous_sharp_outage,0.0,24.0,2,0.0,0.0,0,-0.026408678188239554,-528
contiguous_dual_outage_24h,contiguous_dual_outage,24.0,24.0,2,0.0,0.0,0,-0.026408678188239554,-528
contiguous_sharp_outage_24h,contiguous_sharp_outage,0.0,24.0,3,0.0,0.0,0,-0.026477689850658237,-528
contiguous_dual_outage_24h,contiguous_dual_outage,24.0,24.0,3,0.0,0.0,0,-0.026477689850658237,-528
contiguous_sharp_outage_24h,contiguous_sharp_outage,0.0,24.0,4,0.0,0.0,0,-0.026408678188239554,-528
contiguous_dual_outage_24h,contiguous_dual_outage,24.0,24.0,4,0.0,0.0,0,-0.026408678188239554,-528
contiguous_sharp_outage_24h,contiguous_sharp_outage,0.0,24.0,5,0.0,0.0,0,-0.026408678188239554,-528
contiguous_dual_outage_24h,contiguous_dual_outage,24.0,24.0,5,0.0,0.0,0,-0.026408678188239554,-528
contiguous_sharp_outage_24h,contiguous_sharp_outage,0.0,24.0,6,0.0,0.0,0,-0.026356979986012385,-528
contiguous_dual_outage_24h,contiguous_dual_outage,24.0,24.0,6,0.0,0.0,0,-0.026356979986012385,-528
contiguous_sharp_outage_24h,contiguous_sharp_outage,0.0,24.0,7,0.0,0.0,0,-0.026993273961137154,-528
contiguous_dual_outage_24h,contiguous_dual_outage,24.0,24.0,7,0.0,0.0,0,-0.026993273961137154,-528
contiguous_sharp_outage_24h,contiguous_sharp_outage,0.0,24.0,8,0.0,0.0,0,-0.026626521898196698,-528
contiguous_dual_outage_24h,contiguous_dual_outage,24.0,24.0,8,0.0,0.0,0,-0.026626521898196698,-528
contiguous_sharp_outage_24h,contiguous_sharp_outage,0.0,24.0,9,0.0,0.0,0,-0.02769323514505362,-528
contiguous_dual_outage_24h,contiguous_dual_outage,24.0,24.0,9,0.0,0.0,0,-0.02769323514505362,-528
contiguous_sharp_outage_24h,contiguous_sharp_outage,0.0,24.0,10,0.0,0.0,0,-0.026804286931192634,-524
contiguous_dual_outage_24h,contiguous_dual_outage,24.0,24.0,10,0.0,0.0,0,-0.026804286931192634,-524
contiguous_sharp_outage_24h,contiguous_sharp_outage,0.0,24.0,11,0.0,0.0,0,-0.026398346730317046,-528
contiguous_dual_outage_24h,contiguous_dual_outage,24.0,24.0,11,0.0,0.0,0,-0.026398346730317046,-528
contiguous_sharp_outage_24h,contiguous_sharp_outage,0.0,24.0,12,0.0,0.0,0,-0.026408678188239554,-528
contiguous_dual_outage_24h,contiguous_dual_outage,24.0,24.0,12,0.0,0.0,0,-0.026408678188239554,-528
contiguous_sharp_outage_24h,contiguous_sharp_outage,0.0,24.0,13,0.0,0.0,0,-0.026408678188239554,-528
contiguous_dual_outage_24h,contiguous_dual_outage,24.0,24.0,13,0.0,0.0,0,-0.026408678188239554,-528
contiguous_sharp_outage_24h,contiguous_sharp_outage,0.0,24.0,14,0.0,0.0,0,-0.026393179468195083,-528
contiguous_dual_outage_24h,contiguous_dual_outage,24.0,24.0,14,0.0,0.0,0,-0.026393179468195083,-528
contiguous_sharp_outage_24h,contiguous_sharp_outage,0.0,24.0,15,0.0,0.0,0,-0.026408678188239554,-528
contiguous_dual_outage_24h,contiguous_dual_outage,24.0,24.0,15,0.0,0.0,0,-0.026408678188239554,-528
contiguous_sharp_outage_24h,contiguous_sharp_outage,0.0,24.0,16,0.0,0.0,0,-0.026408678188239554,-528
contiguous_dual_outage_24h,contiguous_dual_outage,24.0,24.0,16,0.0,0.0,0,-0.026408678188239554,-528
contiguous_sharp_outage_24h,contiguous_sharp_outage,0.0,24.0,17,0.0,0.0,0,-0.02708922360495447,-528
contiguous_dual_outage_24h,contiguous_dual_outage,24.0,24.0,17,0.0,0.0,0,-0.02708922360495447,-528
contiguous_sharp_outage_24h,contiguous_sharp_outage,0.0,24.0,18,0.0,0.0,0,-0.026408678188239554,-528
contiguous_dual_outage_24h,contiguous_dual_outage,24.0,24.0,18,0.0,0.0,0,-0.026408678188239554,-528
contiguous_sharp_outage_24h,contiguous_sharp_outage,0.0,24.0,19,0.0,0.0,0,-0.026507580373977824,-527
contiguous_dual_outage_24h,contiguous_dual_outage,24.0,24.0,19,0.0,0.0,0,-0.026507580373977824,-527
contiguous_sharp_outage_24h,contiguous_sharp_outage,0.0,24.0,20,0.0,0.0,0,-0.0263518045352924,-528
contiguous_dual_outage_24h,contiguous_dual_outage,24.0,24.0,20,0.0,0.0,0,-0.0263518045352924,-528
contiguous_sharp_outage_24h,contiguous_sharp_outage,0.0,24.0,21,0.0,0.0,0,-0.026804286931192634,-524
contiguous_dual_outage_24h,contiguous_dual_outage,24.0,24.0,21,0.0,0.0,0,-0.026804286931192634,-524
contiguous_sharp_outage_24h,contiguous_sharp_outage,0.0,24.0,22,0.0,0.0,0,-0.026408678188239554,-528
contiguous_dual_outage_24h,contiguous_dual_outage,24.0,24.0,22,0.0,0.0,0,-0.026408678188239554,-528
contiguous_sharp_outage_24h,contiguous_sharp_outage,0.0,24.0,23,0.0,0.0,0,-0.02359906933133815,-528
contiguous_dual_outage_24h,contiguous_dual_outage,24.0,24.0,23,0.0,0.0,0,-0.02359906933133815,-528
contiguous_sharp_outage_24h,contiguous_sharp_outage,0.0,24.0,24,0.0,0.0,0,-0.025944937267044832,-528
contiguous_dual_outage_24h,contiguous_dual_outage,24.0,24.0,24,0.0,0.0,0,-0.025944937267044832,-528
contiguous_sharp_outage_24h,contiguous_sharp_outage,0.0,24.0,25,0.0,0.0,0,-0.026870637662395946,-521
contiguous_dual_outage_24h,contiguous_dual_outage,24.0,24.0,25,0.0,0.0,0,-0.026870637662395946,-521
contiguous_sharp_outage_24h,contiguous_sharp_outage,0.0,24.0,26,0.0,0.0,0,-0.02639542366190506,-525
contiguous_dual_outage_24h,contiguous_dual_outage,24.0,24.0,26,0.0,0.0,0,-0.02639542366190506,-525
contiguous_sharp_outage_24h,contiguous_sharp_outage,0.0,24.0,27,0.0,0.0,0,-0.022535772882513516,-528
contiguous_dual_outage_24h,contiguous_dual_outage,24.0,24.0,27,0.0,0.0,0,-0.022535772882513516,-528
contiguous_sharp_outage_24h,contiguous_sharp_outage,0.0,24.0,28,0.0,0.0,0,-0.02968982541370635,-514
contiguous_dual_outage_24h,contiguous_dual_outage,24.0,24.0,28,0.0,0.0,0,-0.02968982541370635,-514
contiguous_sharp_outage_24h,contiguous_sharp_outage,0.0,24.0,29,0.0,0.0,0,-0.02857211824803496,-513
contiguous_dual_outage_24h,contiguous_dual_outage,24.0,24.0,29,0.0,0.0,0,-0.02857211824803496,-513
contiguous_sharp_outage_24h,contiguous_sharp_outage,0.0,24.0,30,0.0,0.0,0,-0.02698457146300437,-526
contiguous_dual_outage_24h,contiguous_dual_outage,24.0,24.0,30,0.0,0.0,0,-0.02698457146300437,-526
contiguous_sharp_outage_24h,contiguous_sharp_outage,0.0,24.0,31,0.0,0.0,0,-0.025711217250059537,-528
contiguous_dual_outage_24h,contiguous_dual_outage,24.0,24.0,31,0.0,0.0,0,-0.025711217250059537,-528
contiguous_sharp_outage_24h,contiguous_sharp_outage,0.0,24.0,32,0.0,0.0,0,-0.026436179957601613,-528
contiguous_dual_outage_24h,contiguous_dual_outage,24.0,24.0,32,0.0,0.0,0,-0.026436179957601613,-528
contiguous_sharp_outage_24h,contiguous_sharp_outage,0.0,24.0,33,0.0,0.0,0,-0.025892316317193576,-528
contiguous_dual_outage_24h,contiguous_dual_outage,24.0,24.0,33,0.0,0.0,0,-0.025892316317193576,-528
contiguous_sharp_outage_24h,contiguous_sharp_outage,0.0,24.0,34,0.0,0.0,0,-0.028728414887434495,-505
contiguous_dual_outage_24h,contiguous_dual_outage,24.0,24.0,34,0.0,0.0,0,-0.028728414887434495,-505
contiguous_sharp_outage_24h,contiguous_sharp_outage,0.0,24.0,35,0.0,0.0,0,-0.015650396379542908,-522
contiguous_dual_outage_24h,contiguous_dual_outage,24.0,24.0,35,0.0,0.0,0,-0.015650396379542908,-522
contiguous_sharp_outage_24h,contiguous_sharp_outage,0.0,24.0,36,0.0,0.0,0,-0.027490847042931144,-515
contiguous_dual_outage_24h,contiguous_dual_outage,24.0,24.0,36,0.0,0.0,0,-0.027490847042931144,-515
contiguous_sharp_outage_24h,contiguous_sharp_outage,0.0,24.0,37,0.0,0.0,0,-0.02746716928808346,-513
contiguous_dual_outage_24h,contiguous_dual_outage,24.0,24.0,37,0.0,0.0,0,-0.02746716928808346,-513
contiguous_sharp_outage_24h,contiguous_sharp_outage,0.0,24.0,38,0.0,0.0,0,-0.02656959274475046,-522
contiguous_dual_outage_24h,contiguous_dual_outage,24.0,24.0,38,0.0,0.0,0,-0.02656959274475046,-522
contiguous_sharp_outage_24h,contiguous_sharp_outage,0.0,24.0,39,0.0,0.0,0,-0.02653524446271227,-528
contiguous_dual_outage_24h,contiguous_dual_outage,24.0,24.0,39,0.0,0.0,0,-0.02653524446271227,-528
contiguous_sharp_outage_24h,contiguous_sharp_outage,0.0,24.0,40,0.0,0.0,0,-0.025944937267044832,-528
contiguous_dual_outage_24h,contiguous_dual_outage,24.0,24.0,40,0.0,0.0,0,-0.025944937267044832,-528
contiguous_sharp_outage_24h,contiguous_sharp_outage,0.0,24.0,41,0.0,0.0,0,-0.02742489532715986,-519
contiguous_dual_outage_24h,contiguous_dual_outage,24.0,24.0,41,0.0,0.0,0,-0.02742489532715986,-519
contiguous_sharp_outage_24h,contiguous_sharp_outage,0.0,24.0,42,0.0,0.0,0,-0.028938082858683378,-528
contiguous_dual_outage_24h,contiguous_dual_outage,24.0,24.0,42,0.0,0.0,0,-0.028938082858683378,-528
contiguous_sharp_outage_24h,contiguous_sharp_outage,0.0,24.0,43,0.0,0.0,0,-0.024777808688522196,-522
contiguous_dual_outage_24h,contiguous_dual_outage,24.0,24.0,43,0.0,0.0,0,-0.024777808688522196,-522
contiguous_sharp_outage_24h,contiguous_sharp_outage,0.0,24.0,44,0.0,0.0,0,-0.026175227370323517,-528
contiguous_dual_outage_24h,contiguous_dual_outage,24.0,24.0,44,0.0,0.0,0,-0.026175227370323517,-528
contiguous_sharp_outage_24h,contiguous_sharp_outage,0.0,24.0,45,0.0,0.0,0,-0.024374715280154335,-527
contiguous_dual_outage_24h,contiguous_dual_outage,24.0,24.0,45,0.0,0.0,0,-0.024374715280154335,-527
contiguous_sharp_outage_24h,contiguous_sharp_outage,0.0,24.0,46,0.0,0.0,0,-0.0265788730223957,-523
contiguous_dual_outage_24h,contiguous_dual_outage,24.0,24.0,46,0.0,0.0,0,-0.0265788730223957,-523
contiguous_sharp_outage_24h,contiguous_sharp_outage,0.0,24.0,47,0.0,0.0,0,-0.02624288283847931,-528
contiguous_dual_outage_24h,contiguous_dual_outage,24.0,24.0,47,0.0,0.0,0,-0.02624288283847931,-528
contiguous_sharp_outage_24h,contiguous_sharp_outage,0.0,24.0,48,0.0,0.0,0,-0.026805233174947096,-520
contiguous_dual_outage_24h,contiguous_dual_outage,24.0,24.0,48,0.0,0.0,0,-0.026805233174947096,-520
contiguous_sharp_outage_24h,contiguous_sharp_outage,0.0,24.0,49,0.0,0.0,0,-0.026621460274404152,-522
contiguous_dual_outage_24h,contiguous_dual_outage,24.0,24.0,49,0.0,0.0,0,-0.026621460274404152,-522
contiguous_sharp_outage_48h,contiguous_sharp_outage,0.0,48.0,0,0.0,0.0,0,-0.02633109247993448,-528
contiguous_dual_outage_48h,contiguous_dual_outage,48.0,48.0,0,0.0,0.0,0,-0.02633109247993448,-528
contiguous_sharp_outage_48h,contiguous_sharp_outage,0.0,48.0,1,0.0,0.0,0,-0.02633109247993448,-528
contiguous_dual_outage_48h,contiguous_dual_outage,48.0,48.0,1,0.0,0.0,0,-0.02633109247993448,-528
contiguous_sharp_outage_48h,contiguous_sharp_outage,0.0,48.0,2,0.0,0.0,0,-0.026925387250140487,-522
contiguous_dual_outage_48h,contiguous_dual_outage,48.0,48.0,2,0.0,0.0,0,-0.026925387250140487,-522
contiguous_sharp_outage_48h,contiguous_sharp_outage,0.0,48.0,3,0.0,0.0,0,-0.026363773415483127,-528
contiguous_dual_outage_48h,contiguous_dual_outage,48.0,48.0,3,0.0,0.0,0,-0.026363773415483127,-528
contiguous_sharp_outage_48h,contiguous_sharp_outage,0.0,48.0,4,0.0,0.0,0,-0.026925387250140487,-522
contiguous_dual_outage_48h,contiguous_dual_outage,48.0,48.0,4,0.0,0.0,0,-0.026925387250140487,-522
contiguous_sharp_outage_48h,contiguous_sharp_outage,0.0,48.0,5,0.0,0.0,0,-0.02633109247993448,-528
contiguous_dual_outage_48h,contiguous_dual_outage,48.0,48.0,5,0.0,0.0,0,-0.02633109247993448,-528
contiguous_sharp_outage_48h,contiguous_sharp_outage,0.0,48.0,6,0.0,0.0,0,-0.02745666144886405,-528
contiguous_dual_outage_48h,contiguous_dual_outage,48.0,48.0,6,0.0,0.0,0,-0.02745666144886405,-528
contiguous_sharp_outage_48h,contiguous_sharp_outage,0.0,48.0,7,0.0,0.0,0,-0.026566501532071074,-528
contiguous_dual_outage_48h,contiguous_dual_outage,48.0,48.0,7,0.0,0.0,0,-0.026566501532071074,-528
contiguous_sharp_outage_48h,contiguous_sharp_outage,0.0,48.0,8,0.0,0.0,0,-0.026934067288933328,-528
contiguous_dual_outage_48h,contiguous_dual_outage,48.0,48.0,8,0.0,0.0,0,-0.026934067288933328,-528
contiguous_sharp_outage_48h,contiguous_sharp_outage,0.0,48.0,9,0.0,0.0,0,-0.027634295061929937,-528
contiguous_dual_outage_48h,contiguous_dual_outage,48.0,48.0,9,0.0,0.0,0,-0.027634295061929937,-528
contiguous_sharp_outage_48h,contiguous_sharp_outage,0.0,48.0,10,0.0,0.0,0,-0.027123485506875822,-520
contiguous_dual_outage_48h,contiguous_dual_outage,48.0,48.0,10,0.0,0.0,0,-0.027123485506875822,-520
contiguous_sharp_outage_48h,contiguous_sharp_outage,0.0,48.0,11,0.0,0.0,0,-0.02627924046746366,-528
contiguous_dual_outage_48h,contiguous_dual_outage,48.0,48.0,11,0.0,0.0,0,-0.02627924046746366,-528
contiguous_sharp_outage_48h,contiguous_sharp_outage,0.0,48.0,12,0.0,0.0,0,-0.02633109247993448,-528
contiguous_dual_outage_48h,contiguous_dual_outage,48.0,48.0,12,0.0,0.0,0,-0.02633109247993448,-528
contiguous_sharp_outage_48h,contiguous_sharp_outage,0.0,48.0,13,0.0,0.0,0,-0.02633109247993448,-528
contiguous_dual_outage_48h,contiguous_dual_outage,48.0,48.0,13,0.0,0.0,0,-0.02633109247993448,-528
contiguous_sharp_outage_48h,contiguous_sharp_outage,0.0,48.0,14,0.0,0.0,0,-0.026294806864071152,-528
contiguous_dual_outage_48h,contiguous_dual_outage,48.0,48.0,14,0.0,0.0,0,-0.026294806864071152,-528
contiguous_sharp_outage_48h,contiguous_sharp_outage,0.0,48.0,15,0.0,0.0,0,-0.02633109247993448,-528
contiguous_dual_outage_48h,contiguous_dual_outage,48.0,48.0,15,0.0,0.0,0,-0.02633109247993448,-528
contiguous_sharp_outage_48h,contiguous_sharp_outage,0.0,48.0,16,0.0,0.0,0,-0.02633109247993448,-528
contiguous_dual_outage_48h,contiguous_dual_outage,48.0,48.0,16,0.0,0.0,0,-0.02633109247993448,-528
contiguous_sharp_outage_48h,contiguous_sharp_outage,0.0,48.0,17,0.0,0.0,0,-0.025909238007517876,-528
contiguous_dual_outage_48h,contiguous_dual_outage,48.0,48.0,17,0.0,0.0,0,-0.025909238007517876,-528
contiguous_sharp_outage_48h,contiguous_sharp_outage,0.0,48.0,18,0.0,0.0,0,-0.02633109247993448,-528
contiguous_dual_outage_48h,contiguous_dual_outage,48.0,48.0,18,0.0,0.0,0,-0.02633109247993448,-528
contiguous_sharp_outage_48h,contiguous_sharp_outage,0.0,48.0,19,0.0,0.0,0,-0.02682633812177282,-523
contiguous_dual_outage_48h,contiguous_dual_outage,48.0,48.0,19,0.0,0.0,0,-0.02682633812177282,-523
contiguous_sharp_outage_48h,contiguous_sharp_outage,0.0,48.0,20,0.0,0.0,0,-0.026222084367245824,-528
contiguous_dual_outage_48h,contiguous_dual_outage,48.0,48.0,20,0.0,0.0,0,-0.026222084367245824,-528
contiguous_sharp_outage_48h,contiguous_sharp_outage,0.0,48.0,21,0.0,0.0,0,-0.02672728899340515,-524
contiguous_dual_outage_48h,contiguous_dual_outage,48.0,48.0,21,0.0,0.0,0,-0.02672728899340515,-524
contiguous_sharp_outage_48h,contiguous_sharp_outage,0.0,48.0,22,0.0,0.0,0,-0.02633109247993448,-528
contiguous_dual_outage_48h,contiguous_dual_outage,48.0,48.0,22,0.0,0.0,0,-0.02633109247993448,-528
contiguous_sharp_outage_48h,contiguous_sharp_outage,0.0,48.0,23,0.0,0.0,0,-0.01789306608519614,-528
contiguous_dual_outage_48h,contiguous_dual_outage,48.0,48.0,23,0.0,0.0,0,-0.01789306608519614,-528
contiguous_sharp_outage_48h,contiguous_sharp_outage,0.0,48.0,24,0.0,0.0,0,-0.02558344936173529,-526
contiguous_dual_outage_48h,contiguous_dual_outage,48.0,48.0,24,0.0,0.0,0,-0.02558344936173529,-526
contiguous_sharp_outage_48h,contiguous_sharp_outage,0.0,48.0,25,0.0,0.0,0,-0.026970359196513805,-517
contiguous_dual_outage_48h,contiguous_dual_outage,48.0,48.0,25,0.0,0.0,0,-0.026970359196513805,-517
contiguous_sharp_outage_48h,contiguous_sharp_outage,0.0,48.0,26,0.0,0.0,0,-0.026124022238024347,-524
contiguous_dual_outage_48h,contiguous_dual_outage,48.0,48.0,26,0.0,0.0,0,-0.026124022238024347,-524
contiguous_sharp_outage_48h,contiguous_sharp_outage,0.0,48.0,27,0.0,0.0,0,-0.019280670486991447,-528
contiguous_dual_outage_48h,contiguous_dual_outage,48.0,48.0,27,0.0,0.0,0,-0.019280670486991447,-528
contiguous_sharp_outage_48h,contiguous_sharp_outage,0.0,48.0,28,0.0,0.0,0,-0.03147422696869562,-512
contiguous_dual_outage_48h,contiguous_dual_outage,48.0,48.0,28,0.0,0.0,0,-0.03147422696869562,-512
contiguous_sharp_outage_48h,contiguous_sharp_outage,0.0,48.0,29,0.0,0.0,0,-0.029611086636881723,-508
contiguous_dual_outage_48h,contiguous_dual_outage,48.0,48.0,29,0.0,0.0,0,-0.029611086636881723,-508
contiguous_sharp_outage_48h,contiguous_sharp_outage,0.0,48.0,30,0.0,0.0,0,-0.02759317526668892,-523
contiguous_dual_outage_48h,contiguous_dual_outage,48.0,48.0,30,0.0,0.0,0,-0.02759317526668892,-523
contiguous_sharp_outage_48h,contiguous_sharp_outage,0.0,48.0,31,0.0,0.0,0,-0.027625336113606513,-528
contiguous_dual_outage_48h,contiguous_dual_outage,48.0,48.0,31,0.0,0.0,0,-0.027625336113606513,-528
contiguous_sharp_outage_48h,contiguous_sharp_outage,0.0,48.0,32,0.0,0.0,0,-0.026464316456686676,-528
contiguous_dual_outage_48h,contiguous_dual_outage,48.0,48.0,32,0.0,0.0,0,-0.026464316456686676,-528
contiguous_sharp_outage_48h,contiguous_sharp_outage,0.0,48.0,33,0.0,0.0,0,-0.025555841801129464,-525
contiguous_dual_outage_48h,contiguous_dual_outage,48.0,48.0,33,0.0,0.0,0,-0.025555841801129464,-525
contiguous_sharp_outage_48h,contiguous_sharp_outage,0.0,48.0,34,0.0,0.0,0,-0.03008066200408388,-490
contiguous_dual_outage_48h,contiguous_dual_outage,48.0,48.0,34,0.0,0.0,0,-0.03008066200408388,-490
contiguous_sharp_outage_48h,contiguous_sharp_outage,0.0,48.0,35,0.0,0.0,0,-0.01602348845018664,-513
contiguous_dual_outage_48h,contiguous_dual_outage,48.0,48.0,35,0.0,0.0,0,-0.01602348845018664,-513
contiguous_sharp_outage_48h,contiguous_sharp_outage,0.0,48.0,36,0.0,0.0,0,-0.02910380917775557,-502
contiguous_dual_outage_48h,contiguous_dual_outage,48.0,48.0,36,0.0,0.0,0,-0.02910380917775557,-502
contiguous_sharp_outage_48h,contiguous_sharp_outage,0.0,48.0,37,0.0,0.0,0,-0.029289914106515713,-489
contiguous_dual_outage_48h,contiguous_dual_outage,48.0,48.0,37,0.0,0.0,0,-0.029289914106515713,-489
contiguous_sharp_outage_48h,contiguous_sharp_outage,0.0,48.0,38,0.0,0.0,0,-0.026521598398292046,-518
contiguous_dual_outage_48h,contiguous_dual_outage,48.0,48.0,38,0.0,0.0,0,-0.026521598398292046,-518
contiguous_sharp_outage_48h,contiguous_sharp_outage,0.0,48.0,39,0.0,0.0,0,-0.026920637335937858,-528
contiguous_dual_outage_48h,contiguous_dual_outage,48.0,48.0,39,0.0,0.0,0,-0.026920637335937858,-528
contiguous_sharp_outage_48h,contiguous_sharp_outage,0.0,48.0,40,0.0,0.0,0,-0.02563155114975202,-526
contiguous_dual_outage_48h,contiguous_dual_outage,48.0,48.0,40,0.0,0.0,0,-0.02563155114975202,-526
contiguous_sharp_outage_48h,contiguous_sharp_outage,0.0,48.0,41,0.0,0.0,0,-0.02849802563556736,-509
contiguous_dual_outage_48h,contiguous_dual_outage,48.0,48.0,41,0.0,0.0,0,-0.02849802563556736,-509
contiguous_sharp_outage_48h,contiguous_sharp_outage,0.0,48.0,42,0.0,0.0,0,-0.03154798890206578,-528
contiguous_dual_outage_48h,contiguous_dual_outage,48.0,48.0,42,0.0,0.0,0,-0.03154798890206578,-528
contiguous_sharp_outage_48h,contiguous_sharp_outage,0.0,48.0,43,0.0,0.0,0,-0.023573437936074138,-522
contiguous_dual_outage_48h,contiguous_dual_outage,48.0,48.0,43,0.0,0.0,0,-0.023573437936074138,-522
contiguous_sharp_outage_48h,contiguous_sharp_outage,0.0,48.0,44,0.0,0.0,0,-0.02587650952852094,-528
contiguous_dual_outage_48h,contiguous_dual_outage,48.0,48.0,44,0.0,0.0,0,-0.02587650952852094,-528
contiguous_sharp_outage_48h,contiguous_sharp_outage,0.0,48.0,45,0.0,0.0,0,-0.023846521028203504,-527
contiguous_dual_outage_48h,contiguous_dual_outage,48.0,48.0,45,0.0,0.0,0,-0.023846521028203504,-527
contiguous_sharp_outage_48h,contiguous_sharp_outage,0.0,48.0,46,0.0,0.0,0,-0.026878957039931928,-516
contiguous_dual_outage_48h,contiguous_dual_outage,48.0,48.0,46,0.0,0.0,0,-0.026878957039931928,-516
contiguous_sharp_outage_48h,contiguous_sharp_outage,0.0,48.0,47,0.0,0.0,0,-0.025929162011532947,-528
contiguous_dual_outage_48h,contiguous_dual_outage,48.0,48.0,47,0.0,0.0,0,-0.025929162011532947,-528
contiguous_sharp_outage_48h,contiguous_sharp_outage,0.0,48.0,48,0.0,0.0,0,-0.026383478153774398,-520
contiguous_dual_outage_48h,contiguous_dual_outage,48.0,48.0,48,0.0,0.0,0,-0.026383478153774398,-520
contiguous_sharp_outage_48h,contiguous_sharp_outage,0.0,48.0,49,0.0,0.0,0,-0.026600104978032224,-518
contiguous_dual_outage_48h,contiguous_dual_outage,48.0,48.0,49,0.0,0.0,0,-0.026600104978032224,-518
