scenario,scenario_type,aia_parameter,sharp_parameter,replicate,availability_gain_v3_vs_fusion,flare_retention_gain_v3_vs_fusion,abstained_flare_reduction_v3_vs_fusion,tss_delta_v3_vs_fusion,false_alarm_delta_v3_vs_fusion
clean_reference,reference,0.0,0.0,0,0.0,0.0,0,0.004172029206195527,19
random_sharp_outage_1pct,random_sharp_outage,0.0,0.01,0,0.0,0.0,0,0.004206420268998645,19
random_sharp_outage_1pct,random_sharp_outage,0.0,0.01,1,0.0,0.0,0,0.004208123959856813,19
random_sharp_outage_1pct,random_sharp_outage,0.0,0.01,2,0.0,0.0,0,0.004205282772764551,19
random_sharp_outage_1pct,random_sharp_outage,0.0,0.01,3,0.0,0.0,0,0.004308431851347327,18
random_sharp_outage_1pct,random_sharp_outage,0.0,0.01,4,0.0,0.0,0,0.004221890902216918,19
random_sharp_outage_1pct,random_sharp_outage,0.0,0.01,5,0.0,0.0,0,0.004326041793963009,18
random_sharp_outage_1pct,random_sharp_outage,0.0,0.01,6,0.0,0.0,0,0.004207177842853405,19
random_sharp_outage_1pct,random_sharp_outage,0.0,0.01,7,0.0,0.0,0,0.004227565165888736,19
random_sharp_outage_1pct,random_sharp_outage,0.0,0.01,8,0.0,0.0,0,0.00430240788894376,18
random_sharp_outage_1pct,random_sharp_outage,0.0,0.01,9,0.0,0.0,0,0.004226241394761354,19
random_sharp_outage_1pct,random_sharp_outage,0.0,0.01,10,0.0,0.0,0,0.0033015078227802697,18
random_sharp_outage_1pct,random_sharp_outage,0.0,0.01,11,0.0,0.0,0,0.004103145339391379,20
random_sharp_outage_1pct,random_sharp_outage,0.0,0.01,12,0.0,0.0,0,0.004117550862729802,20
random_sharp_outage_1pct,random_sharp_outage,0.0,0.01,13,0.0,0.0,0,0.004292364012509653,18
random_sharp_outage_1pct,random_sharp_outage,0.0,0.01,14,0.0,0.0,0,0.0042991795189206705,18
random_sharp_outage_1pct,random_sharp_outage,0.0,0.01,15,0.0,0.0,0,0.004236837777332969,19
random_sharp_outage_1pct,random_sharp_outage,0.0,0.01,16,0.0,0.0,0,0.00420869117710021,19
random_sharp_outage_1pct,random_sharp_outage,0.0,0.01,17,0.0,0.0,0,0.004241218702209171,19
random_sharp_outage_1pct,random_sharp_outage,0.0,0.01,18,0.0,0.0,0,0.004305921398899182,18
random_sharp_outage_1pct,random_sharp_outage,0.0,0.01,19,0.0,0.0,0,0.004204753643471948,19
random_sharp_outage_1pct,random_sharp_outage,0.0,0.01,20,0.0,0.0,0,0.004227187134205224,19
random_sharp_outage_1pct,random_sharp_outage,0.0,0.01,21,0.0,0.0,0,0.004326041793963009,18
random_sharp_outage_1pct,random_sharp_outage,0.0,0.01,22,0.0,0.0,0,0.004231359039122529,19
random_sharp_outage_1pct,random_sharp_outage,0.0,0.01,23,0.0,0.0,0,0.0031913971791348583,19
random_sharp_outage_1pct,random_sharp_outage,0.0,0.01,24,0.0,0.0,0,0.004273953846315681,18
random_sharp_outage_1pct,random_sharp_outage,0.0,0.01,25,0.0,0.0,0,0.004188038429171703,19
random_sharp_outage_1pct,random_sharp_outage,0.0,0.01,26,0.0,0.0,0,0.004331039719865704,18
random_sharp_outage_1pct,random_sharp_outage,0.0,0.01,27,0.0,0.0,0,0.004236083971184579,19
random_sharp_outage_1pct,random_sharp_outage,0.0,0.01,28,0.0,0.0,0,0.004273190830502704,18
random_sharp_outage_1pct,random_sharp_outage,0.0,0.01,29,0.0,0.0,0,0.004236837777332747,19
random_sharp_outage_1pct,random_sharp_outage,0.0,0.01,30,0.0,0.0,0,0.004196864625580776,19
random_sharp_outage_1pct,random_sharp_outage,0.0,0.01,31,0.0,0.0,0,0.004232684396475284,19
random_sharp_outage_1pct,random_sharp_outage,0.0,0.01,32,0.0,0.0,0,0.004104337933951374,20
random_sharp_outage_1pct,random_sharp_outage,0.0,0.01,33,0.0,0.0,0,0.004218295654596416,19
random_sharp_outage_1pct,random_sharp_outage,0.0,0.01,34,0.0,0.0,0,0.003189315721229935,19
random_sharp_outage_1pct,random_sharp_outage,0.0,0.01,35,0.0,0.0,0,0.004221702018275542,19
random_sharp_outage_1pct,random_sharp_outage,0.0,0.01,36,0.0,0.0,0,0.0042147177880145215,19
random_sharp_outage_1pct,random_sharp_outage,0.0,0.01,37,0.0,0.0,0,0.0042241574419759065,19
random_sharp_outage_1pct,random_sharp_outage,0.0,0.01,38,0.0,0.0,0,0.004212256900680389,19
random_sharp_outage_1pct,random_sharp_outage,0.0,0.01,39,0.0,0.0,0,0.00440196951341143,17
random_sharp_outage_1pct,random_sharp_outage,0.0,0.01,40,0.0,0.0,0,0.004311113853343818,18
random_sharp_outage_1pct,random_sharp_outage,0.0,0.01,41,0.0,0.0,0,0.0041537218230045525,20
random_sharp_outage_1pct,random_sharp_outage,0.0,0.01,42,0.0,0.0,0,0.004248252805459263,19
random_sharp_outage_1pct,random_sharp_outage,0.0,0.01,43,0.0,0.0,0,0.004219432469389162,19
random_sharp_outage_1pct,random_sharp_outage,0.0,0.01,44,0.0,0.0,0,0.0043244268039850375,18
random_sharp_outage_1pct,random_sharp_outage,0.0,0.01,45,0.0,0.0,0,0.004224347081489999,19
random_sharp_outage_1pct,random_sharp_outage,0.0,0.01,46,0.0,0.0,0,0.004109149447052651,20
random_sharp_outage_1pct,random_sharp_outage,0.0,0.01,47,0.0,0.0,0,0.004212446426570038,19
random_sharp_outage_1pct,random_sharp_outage,0.0,0.01,48,0.0,0.0,0,0.0042128253648041625,19
random_sharp_outage_1pct,random_sharp_outage,0.0,0.01,49,0.0,0.0,0,0.004112376756853164,20
random_sharp_outage_1pct,random_sharp_outage,0.0,0.01,50,0.0,0.0,0,0.00422037877525705,19
random_sharp_outage_1pct,random_sharp_outage,0.0,0.01,51,0.0,0.0,0,0.004206799131562411,19
random_sharp_outage_1pct,random_sharp_outage,0.0,0.01,52,0.0,0.0,0,0.0041178066720932716,20
random_sharp_outage_1pct,random_sharp_outage,0.0,0.01,53,0.0,0.0,0,0.004234007903508585,19
random_sharp_outage_1pct,random_sharp_outage,0.0,0.01,54,0.0,0.0,0,0.004195919640578305,19
random_sharp_outage_1pct,random_sharp_outage,0.0,0.01,55,0.0,0.0,0,0.004216983718287048,19
random_sharp_outage_1pct,random_sharp_outage,0.0,0.01,56,0.0,0.0,0,0.004313751712036185,18
random_sharp_outage_1pct,random_sharp_outage,0.0,0.01,57,0.0,0.0,0,0.004227376168899566,19
random_sharp_outage_1pct,random_sharp_outage,0.0,0.01,58,0.0,0.0,0,0.004219621806131224,19
random_sharp_outage_1pct,random_sharp_outage,0.0,0.01,59,0.0,0.0,0,0.004206609719195509,19
random_sharp_outage_1pct,random_sharp_outage,0.0,0.01,60,0.0,0.0,0,0.004106958875971456,20
random_sharp_outage_1pct,random_sharp_outage,0.0,0.01,61,0.0,0.0,0,0.004243146822471289,19
random_sharp_outage_1pct,random_sharp_outage,0.0,0.01,62,0.0,0.0,0,0.004273122181306821,19
random_sharp_outage_1pct,random_sharp_outage,0.0,0.01,63,0.0,0.0,0,0.004102150419887929,20
random_sharp_outage_1pct,random_sharp_outage,0.0,0.01,64,0.0,0.0,0,0.0042096357852206,19
random_sharp_outage_1pct,random_sharp_outage,0.0,0.01,65,0.0,0.0,0,0.0043109353025336805,18
random_sharp_outage_1pct,random_sharp_outage,0.0,0.01,66,0.0,0.0,0,0.004230980025195397,19
random_sharp_outage_1pct,random_sharp_outage,0.0,0.01,67,0.0,0.0,0,0.004189930852382284,19
random_sharp_outage_1pct,random_sharp_outage,0.0,0.01,68,0.0,0.0,0,0.004214150457587884,19
random_sharp_outage_1pct,random_sharp_outage,0.0,0.01,69,0.0,0.0,0,0.0042147177880147435,19
random_sharp_outage_1pct,random_sharp_outage,0.0,0.01,70,0.0,0.0,0,0.00432640028671627,18
random_sharp_outage_1pct,random_sharp_outage,0.0,0.01,71,0.0,0.0,0,0.0043201592581947335,18
random_sharp_outage_1pct,random_sharp_outage,0.0,0.01,72,0.0,0.0,0,0.0032032780696498175,19
random_sharp_outage_1pct,random_sharp_outage,0.0,0.01,73,0.0,0.0,0,0.004201542614168607,19
random_sharp_outage_1pct,random_sharp_outage,0.0,0.01,74,0.0,0.0,0,0.004301333054244516,18
random_sharp_outage_1pct,random_sharp_outage,0.0,0.01,75,0.0,0.0,0,0.004214528715603905,19
random_sharp_outage_1pct,random_sharp_outage,0.0,0.01,76,0.0,0.0,0,0.004179217336625074,19
random_sharp_outage_1pct,random_sharp_outage,0.0,0.01,77,0.0,0.0,0,0.004120797395348319,20
random_sharp_outage_1pct,random_sharp_outage,0.0,0.01,78,0.0,0.0,0,0.004193892677860411,19
random_sharp_outage_1pct,random_sharp_outage,0.0,0.01,79,0.0,0.0,0,0.004232495173085882,19
random_sharp_outage_1pct,random_sharp_outage,0.0,0.01,80,0.0,0.0,0,0.004109547216429421,20
random_sharp_outage_1pct,random_sharp_outage,0.0,0.01,81,0.0,0.0,0,0.004218106052968462,19
random_sharp_outage_1pct,random_sharp_outage,0.0,0.01,82,0.0,0.0,0,0.004215851430829254,19
random_sharp_outage_1pct,random_sharp_outage,0.0,0.01,83,0.0,0.0,0,0.003301865886628619,18
random_sharp_outage_1pct,random_sharp_outage,0.0,0.01,84,0.0,0.0,0,0.004222268557130926,19
random_sharp_outage_1pct,random_sharp_outage,0.0,0.01,85,0.0,0.0,0,0.003213124095691633,19
random_sharp_outage_1pct,random_sharp_outage,0.0,0.01,86,0.0,0.0,0,0.0041735495391515,19
random_sharp_outage_1pct,random_sharp_outage,0.0,0.01,87,0.0,0.0,0,0.004383435893424936,17
random_sharp_outage_1pct,random_sharp_outage,0.0,0.01,88,0.0,0.0,0,0.004201542614168607,19
random_sharp_outage_1pct,random_sharp_outage,0.0,0.01,89,0.0,0.0,0,0.004232305911923584,19
random_sharp_outage_1pct,random_sharp_outage,0.0,0.01,90,0.0,0.0,0,0.004295859336430619,18
random_sharp_outage_1pct,random_sharp_outage,0.0,0.01,91,0.0,0.0,0,0.004418754131799485,17
random_sharp_outage_1pct,random_sharp_outage,0.0,0.01,92,0.0,0.0,0,0.00420116412961713,19
random_sharp_outage_1pct,random_sharp_outage,0.0,0.01,93,0.0,0.0,0,0.004230018700707383,19
random_sharp_outage_1pct,random_sharp_outage,0.0,0.01,94,0.0,0.0,0,0.004235518222244661,19
random_sharp_outage_1pct,random_sharp_outage,0.0,0.01,95,0.0,0.0,0,0.004213393488462058,19
random_sharp_outage_1pct,random_sharp_outage,0.0,0.01,96,0.0,0.0,0,0.004229462454037991,19
random_sharp_outage_1pct,random_sharp_outage,0.0,0.01,97,0.0,0.0,0,0.004230772356732526,19
random_sharp_outage_1pct,random_sharp_outage,0.0,0.01,98,0.0,0.0,0,0.004228131930738455,19
random_sharp_outage_1pct,random_sharp_outage,0.0,0.01,99,0.0,0.0,0,0.00420850214240609,19
random_sharp_outage_5pct,random_sharp_outage,0.0,0.05,0,0.0,0.0,0,0.004425761546407614,18
random_sharp_outage_5pct,random_sharp_outage,0.0,0.05,1,0.0,0.0,0,0.002165119048407993,20
random_sharp_outage_5pct,random_sharp_outage,0.0,0.05,2,0.0,0.0,0,0.0033490533418154556,19
random_sharp_outage_5pct,random_sharp_outage,0.0,0.05,3,0.0,0.0,0,0.004469250880682063,18
random_sharp_outage_5pct,random_sharp_outage,0.0,0.05,4,0.0,0.0,0,0.004395605849867756,19
random_sharp_outage_5pct,random_sharp_outage,0.0,0.05,5,0.0,0.0,0,0.0033900960818793457,18
random_sharp_outage_5pct,random_sharp_outage,0.0,0.05,6,0.0,0.0,0,0.004305056645482086,20
random_sharp_outage_5pct,random_sharp_outage,0.0,0.05,7,0.0,0.0,0,0.004419069751752769,19
random_sharp_outage_5pct,random_sharp_outage,0.0,0.05,8,0.0,0.0,0,0.0043301732069283005,20
random_sharp_outage_5pct,random_sharp_outage,0.0,0.05,9,0.0,0.0,0,0.004544842692641771,18
random_sharp_outage_5pct,random_sharp_outage,0.0,0.05,10,0.0,0.0,0,0.00440689968024266,19
random_sharp_outage_5pct,random_sharp_outage,0.0,0.05,11,0.0,0.0,0,0.0034433664104227546,18
random_sharp_outage_5pct,random_sharp_outage,0.0,0.05,12,0.0,0.0,0,0.004403686256450934,18
random_sharp_outage_5pct,random_sharp_outage,0.0,0.05,13,0.0,0.0,0,0.002155689467816302,20
random_sharp_outage_5pct,random_sharp_outage,0.0,0.05,14,0.0,0.0,0,0.003389124198433402,19
random_sharp_outage_5pct,random_sharp_outage,0.0,0.05,15,0.0,0.0,0,0.002507057051954753,17
random_sharp_outage_5pct,random_sharp_outage,0.0,0.05,16,0.0,0.0,0,0.004560932576095134,18
random_sharp_outage_5pct,random_sharp_outage,0.0,0.05,17,0.0,0.0,0,0.004610145256172871,17
random_sharp_outage_5pct,random_sharp_outage,0.0,0.05,18,0.0,0.0,0,0.004669513611676779,17
random_sharp_outage_5pct,random_sharp_outage,0.0,0.05,19,0.0,0.0,0,0.004556027388501027,17
random_sharp_outage_5pct,random_sharp_outage,0.0,0.05,20,0.0,0.0,0,0.00439375866383096,19
random_sharp_outage_5pct,random_sharp_outage,0.0,0.05,21,0.0,0.0,0,0.0034458992265125055,18
random_sharp_outage_5pct,random_sharp_outage,0.0,0.05,22,0.0,0.0,0,0.004544014841663779,17
random_sharp_outage_5pct,random_sharp_outage,0.0,0.05,23,0.0,0.0,0,0.004595822161086449,17
random_sharp_outage_5pct,random_sharp_outage,0.0,0.05,24,0.0,0.0,0,0.004288329721602313,21
random_sharp_outage_5pct,random_sharp_outage,0.0,0.05,25,0.0,0.0,0,0.0045945259372262015,17
random_sharp_outage_5pct,random_sharp_outage,0.0,0.05,26,0.0,0.0,0,0.004396822685324375,19
random_sharp_outage_5pct,random_sharp_outage,0.0,0.05,27,0.0,0.0,0,0.004437267244504772,18
random_sharp_outage_5pct,random_sharp_outage,0.0,0.05,28,0.0,0.0,0,0.003303561839709257,19
random_sharp_outage_5pct,random_sharp_outage,0.0,0.05,29,0.0,0.0,0,0.003433050918484115,18
random_sharp_outage_5pct,random_sharp_outage,0.0,0.05,30,0.0,0.0,0,0.004441140439689573,19
random_sharp_outage_5pct,random_sharp_outage,0.0,0.05,31,0.0,0.0,0,0.0031395952257393667,21
random_sharp_outage_5pct,random_sharp_outage,0.0,0.05,32,0.0,0.0,0,0.0033453280344457603,19
random_sharp_outage_5pct,random_sharp_outage,0.0,0.05,33,0.0,0.0,0,0.0034295294236765805,18
random_sharp_outage_5pct,random_sharp_outage,0.0,0.05,34,0.0,0.0,0,0.0033437678957299877,19
random_sharp_outage_5pct,random_sharp_outage,0.0,0.05,35,0.0,0.0,0,0.0035043500989508924,17
random_sharp_outage_5pct,random_sharp_outage,0.0,0.05,36,0.0,0.0,0,0.0044167753194057635,19
random_sharp_outage_5pct,random_sharp_outage,0.0,0.05,37,0.0,0.0,0,0.0045411376810944315,18
random_sharp_outage_5pct,random_sharp_outage,0.0,0.05,38,0.0,0.0,0,0.0042405592039169715,20
random_sharp_outage_5pct,random_sharp_outage,0.0,0.05,39,0.0,0.0,0,0.0044288193469546044,19
random_sharp_outage_5pct,random_sharp_outage,0.0,0.05,40,0.0,0.0,0,0.004382521318470722,19
random_sharp_outage_5pct,random_sharp_outage,0.0,0.05,41,0.0,0.0,0,0.004397832611930719,19
random_sharp_outage_5pct,random_sharp_outage,0.0,0.05,42,0.0,0.0,0,0.004768144949098385,16
random_sharp_outage_5pct,random_sharp_outage,0.0,0.05,43,0.0,0.0,0,0.004275849000061616,20
random_sharp_outage_5pct,random_sharp_outage,0.0,0.05,44,0.0,0.0,0,0.004398296083932607,18
random_sharp_outage_5pct,random_sharp_outage,0.0,0.05,45,0.0,0.0,0,0.00472253870679995,16
random_sharp_outage_5pct,random_sharp_outage,0.0,0.05,46,0.0,0.0,0,0.0044064885538421805,19
random_sharp_outage_5pct,random_sharp_outage,0.0,0.05,47,0.0,0.0,0,0.004413331104709206,18
random_sharp_outage_5pct,random_sharp_outage,0.0,0.05,48,0.0,0.0,0,0.002261996198661631,19
random_sharp_outage_5pct,random_sharp_outage,0.0,0.05,49,0.0,0.0,0,0.004455612071266213,18
random_sharp_outage_5pct,random_sharp_outage,0.0,0.05,50,0.0,0.0,0,0.004373949045952452,19
random_sharp_outage_5pct,random_sharp_outage,0.0,0.05,51,0.0,0.0,0,0.0046156321563812774,17
random_sharp_outage_5pct,random_sharp_outage,0.0,0.05,52,0.0,0.0,0,0.004446858557946465,18
random_sharp_outage_5pct,random_sharp_outage,0.0,0.05,53,0.0,0.0,0,0.0034427639259850817,18
random_sharp_outage_5pct,random_sharp_outage,0.0,0.05,54,0.0,0.0,0,0.004244477693073012,20
random_sharp_outage_5pct,random_sharp_outage,0.0,0.05,55,0.0,0.0,0,0.004568706065021022,18
random_sharp_outage_5pct,random_sharp_outage,0.0,0.05,56,0.0,0.0,0,0.004465667384357941,18
random_sharp_outage_5pct,random_sharp_outage,0.0,0.05,57,0.0,0.0,0,0.0045389600177001554,18
random_sharp_outage_5pct,random_sharp_outage,0.0,0.05,58,0.0,0.0,0,0.004306848968995913,19
random_sharp_outage_5pct,random_sharp_outage,0.0,0.05,59,0.0,0.0,0,0.0033161586014720523,19
random_sharp_outage_5pct,random_sharp_outage,0.0,0.05,60,0.0,0.0,0,0.004521002365478033,18
random_sharp_outage_5pct,random_sharp_outage,0.0,0.05,61,0.0,0.0,0,0.0044775869291997505,19
random_sharp_outage_5pct,random_sharp_outage,0.0,0.05,62,0.0,0.0,0,0.004378619267600525,19
random_sharp_outage_5pct,random_sharp_outage,0.0,0.05,63,0.0,0.0,0,0.00445396670013376,19
random_sharp_outage_5pct,random_sharp_outage,0.0,0.05,64,0.0,0.0,0,0.0035353171732213085,17
random_sharp_outage_5pct,random_sharp_outage,0.0,0.05,65,0.0,0.0,0,0.004376146853801721,19
random_sharp_outage_5pct,random_sharp_outage,0.0,0.05,66,0.0,0.0,0,0.003554572328146932,17
random_sharp_outage_5pct,random_sharp_outage,0.0,0.05,67,0.0,0.0,0,0.004330805907633017,19
random_sharp_outage_5pct,random_sharp_outage,0.0,0.05,68,0.0,0.0,0,0.00462555884018534,17
random_sharp_outage_5pct,random_sharp_outage,0.0,0.05,69,0.0,0.0,0,0.0046310884342140035,17
random_sharp_outage_5pct,random_sharp_outage,0.0,0.05,70,0.0,0.0,0,0.0035026536183506707,17
random_sharp_outage_5pct,random_sharp_outage,0.0,0.05,71,0.0,0.0,0,0.004682054697983329,16
random_sharp_outage_5pct,random_sharp_outage,0.0,0.05,72,0.0,0.0,0,0.003330659019986637,19
random_sharp_outage_5pct,random_sharp_outage,0.0,0.05,73,0.0,0.0,0,0.003472246397208556,18
random_sharp_outage_5pct,random_sharp_outage,0.0,0.05,74,0.0,0.0,0,0.004639929677570764,17
random_sharp_outage_5pct,random_sharp_outage,0.0,0.05,75,0.0,0.0,0,0.0044923113009909255,19
random_sharp_outage_5pct,random_sharp_outage,0.0,0.05,76,0.0,0.0,0,0.0033417237608350803,19
random_sharp_outage_5pct,random_sharp_outage,0.0,0.05,77,0.0,0.0,0,0.004503368281760123,18
random_sharp_outage_5pct,random_sharp_outage,0.0,0.05,78,0.0,0.0,0,0.004286044765527741,20
random_sharp_outage_5pct,random_sharp_outage,0.0,0.05,79,0.0,0.0,0,0.004660640914397218,17
random_sharp_outage_5pct,random_sharp_outage,0.0,0.05,80,0.0,0.0,0,0.004573504079832258,17
random_sharp_outage_5pct,random_sharp_outage,0.0,0.05,81,0.0,0.0,0,0.003426480299361767,18
random_sharp_outage_5pct,random_sharp_outage,0.0,0.05,82,0.0,0.0,0,0.004531110198235266,18
random_sharp_outage_5pct,random_sharp_outage,0.0,0.05,83,0.0,0.0,0,0.004538683778418928,17
random_sharp_outage_5pct,random_sharp_outage,0.0,0.05,84,0.0,0.0,0,0.004620407442948116,17
random_sharp_outage_5pct,random_sharp_outage,0.0,0.05,85,0.0,0.0,0,0.004636672982016199,16
random_sharp_outage_5pct,random_sharp_outage,0.0,0.05,86,0.0,0.0,0,0.004292677720059812,20
random_sharp_outage_5pct,random_sharp_outage,0.0,0.05,87,0.0,0.0,0,0.004473064532924953,19
random_sharp_outage_5pct,random_sharp_outage,0.0,0.05,88,0.0,0.0,0,0.004589786824685804,18
random_sharp_outage_5pct,random_sharp_outage,0.0,0.05,89,0.0,0.0,0,0.004508200517983285,18
random_sharp_outage_5pct,random_sharp_outage,0.0,0.05,90,0.0,0.0,0,0.00421495874731681,20
random_sharp_outage_5pct,random_sharp_outage,0.0,0.05,91,0.0,0.0,0,0.004507812725784932,18
random_sharp_outage_5pct,random_sharp_outage,0.0,0.05,92,0.0,0.0,0,0.004424805788919128,18
random_sharp_outage_5pct,random_sharp_outage,0.0,0.05,93,0.0,0.0,0,0.0044644851166104615,19
random_sharp_outage_5pct,random_sharp_outage,0.0,0.05,94,0.0,0.0,0,0.003362358260335041,18
random_sharp_outage_5pct,random_sharp_outage,0.0,0.05,95,0.0,0.0,0,0.004437533220490453,19
random_sharp_outage_5pct,random_sharp_outage,0.0,0.05,96,0.0,0.0,0,0.004364152357236639,19
random_sharp_outage_5pct,random_sharp_outage,0.0,0.05,97,0.0,0.0,0,0.004363615398560894,19
random_sharp_outage_5pct,random_sharp_outage,0.0,0.05,98,0.0,0.0,0,0.001133402020307539,20
random_sharp_outage_5pct,random_sharp_outage,0.0,0.05,99,0.0,0.0,0,0.0034860078986140852,18
random_sharp_outage_10pct,random_sharp_outage,0.0,0.1,0,0.0,0.0,0,0.005258974855773646,12
random_sharp_outage_10pct,random_sharp_outage,0.0,0.1,1,0.0,0.0,0,0.003850042089369232,17
random_sharp_outage_10pct,random_sharp_outage,0.0,0.1,2,0.0,0.0,0,0.0035072209657258657,19
random_sharp_outage_10pct,random_sharp_outage,0.0,0.1,3,0.0,0.0,0,0.00493915234957254,16
random_sharp_outage_10pct,random_sharp_outage,0.0,0.1,4,0.0,0.0,0,0.00502394828423447,16
random_sharp_outage_10pct,random_sharp_outage,0.0,0.1,5,0.0,0.0,0,0.004372712450668059,21
random_sharp_outage_10pct,random_sharp_outage,0.0,0.1,6,0.0,0.0,0,0.004583789255860005,20
random_sharp_outage_10pct,random_sharp_outage,0.0,0.1,7,0.0,0.0,0,0.004723058848265627,18
random_sharp_outage_10pct,random_sharp_outage,0.0,0.1,8,0.0,0.0,0,0.002981312472837949,14
random_sharp_outage_10pct,random_sharp_outage,0.0,0.1,9,0.0,0.0,0,0.0038192948507309588,16
random_sharp_outage_10pct,random_sharp_outage,0.0,0.1,10,0.0,0.0,0,0.00469497291291221,18
random_sharp_outage_10pct,random_sharp_outage,0.0,0.1,11,0.0,0.0,0,0.004636323173906609,18
random_sharp_outage_10pct,random_sharp_outage,0.0,0.1,12,0.0,0.0,0,0.0036513036018204215,18
random_sharp_outage_10pct,random_sharp_outage,0.0,0.1,13,0.0,0.0,0,0.0036262728250611165,18
random_sharp_outage_10pct,random_sharp_outage,0.0,0.1,14,0.0,0.0,0,0.004034371723828256,15
random_sharp_outage_10pct,random_sharp_outage,0.0,0.1,15,0.0,0.0,0,0.0038111816150783184,16
random_sharp_outage_10pct,random_sharp_outage,0.0,0.1,16,0.0,0.0,0,0.004752609538148933,17
random_sharp_outage_10pct,random_sharp_outage,0.0,0.1,17,0.0,0.0,0,0.003811213772654254,17
random_sharp_outage_10pct,random_sharp_outage,0.0,0.1,18,0.0,0.0,0,0.004855447053516704,17
random_sharp_outage_10pct,random_sharp_outage,0.0,0.1,19,0.0,0.0,0,0.0050262370708076265,16
random_sharp_outage_10pct,random_sharp_outage,0.0,0.1,20,0.0,0.0,0,0.004548649843301611,19
random_sharp_outage_10pct,random_sharp_outage,0.0,0.1,21,0.0,0.0,0,0.0038616996216618293,16
random_sharp_outage_10pct,random_sharp_outage,0.0,0.1,22,0.0,0.0,0,0.004849007993694476,17
random_sharp_outage_10pct,random_sharp_outage,0.0,0.1,23,0.0,0.0,0,0.0035513940569422697,18
random_sharp_outage_10pct,random_sharp_outage,0.0,0.1,24,0.0,0.0,0,0.004652720445860847,18
random_sharp_outage_10pct,random_sharp_outage,0.0,0.1,25,0.0,0.0,0,0.00470483622657536,18
random_sharp_outage_10pct,random_sharp_outage,0.0,0.1,26,0.0,0.0,0,0.0013862870035312724,18
random_sharp_outage_10pct,random_sharp_outage,0.0,0.1,27,0.0,0.0,0,0.0035395014208572384,19
random_sharp_outage_10pct,random_sharp_outage,0.0,0.1,28,0.0,0.0,0,0.003952381122149351,15
random_sharp_outage_10pct,random_sharp_outage,0.0,0.1,29,0.0,0.0,0,0.004629448336983977,19
random_sharp_outage_10pct,random_sharp_outage,0.0,0.1,30,0.0,0.0,0,0.0049637692019297575,16
random_sharp_outage_10pct,random_sharp_outage,0.0,0.1,31,0.0,0.0,0,0.004636248378201202,19
random_sharp_outage_10pct,random_sharp_outage,0.0,0.1,32,0.0,0.0,0,0.004803600508826333,16
random_sharp_outage_10pct,random_sharp_outage,0.0,0.1,33,0.0,0.0,0,0.004454572825278946,20
random_sharp_outage_10pct,random_sharp_outage,0.0,0.1,34,0.0,0.0,0,0.0036493427935364586,18
random_sharp_outage_10pct,random_sharp_outage,0.0,0.1,35,0.0,0.0,0,0.004975143913989344,16
random_sharp_outage_10pct,random_sharp_outage,0.0,0.1,36,0.0,0.0,0,0.004648364869298982,19
random_sharp_outage_10pct,random_sharp_outage,0.0,0.1,37,0.0,0.0,0,0.00456622686407826,20
random_sharp_outage_10pct,random_sharp_outage,0.0,0.1,38,0.0,0.0,0,0.004905650645855575,16
random_sharp_outage_10pct,random_sharp_outage,0.0,0.1,39,0.0,0.0,0,0.0048939472016393815,17
random_sharp_outage_10pct,random_sharp_outage,0.0,0.1,40,0.0,0.0,0,0.0034216743181909592,19
random_sharp_outage_10pct,random_sharp_outage,0.0,0.1,41,0.0,0.0,0,0.0037238066513058943,18
random_sharp_outage_10pct,random_sharp_outage,0.0,0.1,42,0.0,0.0,0,0.003924247086567245,16
random_sharp_outage_10pct,random_sharp_outage,0.0,0.1,43,0.0,0.0,0,0.0050302470749234995,16
random_sharp_outage_10pct,random_sharp_outage,0.0,0.1,44,0.0,0.0,0,0.004735775546779841,18
random_sharp_outage_10pct,random_sharp_outage,0.0,0.1,45,0.0,0.0,0,0.0038420909152865335,17
random_sharp_outage_10pct,random_sharp_outage,0.0,0.1,46,0.0,0.0,0,0.0037260415812834236,18
random_sharp_outage_10pct,random_sharp_outage,0.0,0.1,47,0.0,0.0,0,0.003899989620224309,16
random_sharp_outage_10pct,random_sharp_outage,0.0,0.1,48,0.0,0.0,0,0.003751959828912854,18
random_sharp_outage_10pct,random_sharp_outage,0.0,0.1,49,0.0,0.0,0,0.004929433880907386,16
random_sharp_outage_10pct,random_sharp_outage,0.0,0.1,50,0.0,0.0,0,0.004881209715695167,17
random_sharp_outage_10pct,random_sharp_outage,0.0,0.1,51,0.0,0.0,0,0.003797251922359468,17
random_sharp_outage_10pct,random_sharp_outage,0.0,0.1,52,0.0,0.0,0,0.004853385561289114,17
random_sharp_outage_10pct,random_sharp_outage,0.0,0.1,53,0.0,0.0,0,0.0034763111220907916,19
random_sharp_outage_10pct,random_sharp_outage,0.0,0.1,54,0.0,0.0,0,0.0026819654296332818,17
random_sharp_outage_10pct,random_sharp_outage,0.0,0.1,55,0.0,0.0,0,0.004740102857806461,18
random_sharp_outage_10pct,random_sharp_outage,0.0,0.1,56,0.0,0.0,0,0.0027718464483332816,16
random_sharp_outage_10pct,random_sharp_outage,0.0,0.1,57,0.0,0.0,0,0.005365345811912947,13
random_sharp_outage_10pct,random_sharp_outage,0.0,0.1,58,0.0,0.0,0,0.004585234859389331,20
random_sharp_outage_10pct,random_sharp_outage,0.0,0.1,59,0.0,0.0,0,0.004222087850576317,12
random_sharp_outage_10pct,random_sharp_outage,0.0,0.1,60,0.0,0.0,0,0.0029616471855986592,14
random_sharp_outage_10pct,random_sharp_outage,0.0,0.1,61,0.0,0.0,0,0.003945394705320959,15
random_sharp_outage_10pct,random_sharp_outage,0.0,0.1,62,0.0,0.0,0,0.0047925627293821105,19
random_sharp_outage_10pct,random_sharp_outage,0.0,0.1,63,0.0,0.0,0,0.004577260400277172,20
random_sharp_outage_10pct,random_sharp_outage,0.0,0.1,64,0.0,0.0,0,0.004985319437758262,15
random_sharp_outage_10pct,random_sharp_outage,0.0,0.1,65,0.0,0.0,0,0.0035187362466984062,19
random_sharp_outage_10pct,random_sharp_outage,0.0,0.1,66,0.0,0.0,0,0.005039342623437415,15
random_sharp_outage_10pct,random_sharp_outage,0.0,0.1,67,0.0,0.0,0,0.004729860233178673,18
random_sharp_outage_10pct,random_sharp_outage,0.0,0.1,68,0.0,0.0,0,0.0045551618796038085,20
random_sharp_outage_10pct,random_sharp_outage,0.0,0.1,69,0.0,0.0,0,0.00490305564324145,17
random_sharp_outage_10pct,random_sharp_outage,0.0,0.1,70,0.0,0.0,0,0.0038084679545460354,17
random_sharp_outage_10pct,random_sharp_outage,0.0,0.1,71,0.0,0.0,0,0.0037148902274612983,17
random_sharp_outage_10pct,random_sharp_outage,0.0,0.1,72,0.0,0.0,0,0.0038228225238048363,16
random_sharp_outage_10pct,random_sharp_outage,0.0,0.1,73,0.0,0.0,0,0.0034768016500770216,19
random_sharp_outage_10pct,random_sharp_outage,0.0,0.1,74,0.0,0.0,0,0.004658924782036111,19
random_sharp_outage_10pct,random_sharp_outage,0.0,0.1,75,0.0,0.0,0,0.004635788385018547,19
random_sharp_outage_10pct,random_sharp_outage,0.0,0.1,76,0.0,0.0,0,0.004862750591420273,16
random_sharp_outage_10pct,random_sharp_outage,0.0,0.1,77,0.0,0.0,0,0.004031998944445281,14
random_sharp_outage_10pct,random_sharp_outage,0.0,0.1,78,0.0,0.0,0,0.003796927285606211,16
random_sharp_outage_10pct,random_sharp_outage,0.0,0.1,79,0.0,0.0,0,0.0048459871172572555,17
random_sharp_outage_10pct,random_sharp_outage,0.0,0.1,80,0.0,0.0,0,0.004005704992207315,14
random_sharp_outage_10pct,random_sharp_outage,0.0,0.1,81,0.0,0.0,0,0.0033340248347806245,20
random_sharp_outage_10pct,random_sharp_outage,0.0,0.1,82,0.0,0.0,0,0.004761836250825047,18
random_sharp_outage_10pct,random_sharp_outage,0.0,0.1,83,0.0,0.0,0,0.00482635775436413,17
random_sharp_outage_10pct,random_sharp_outage,0.0,0.1,84,0.0,0.0,0,0.004717971767735474,18
random_sharp_outage_10pct,random_sharp_outage,0.0,0.1,85,0.0,0.0,0,0.005201775148147014,14
random_sharp_outage_10pct,random_sharp_outage,0.0,0.1,86,0.0,0.0,0,0.005123674632052433,14
random_sharp_outage_10pct,random_sharp_outage,0.0,0.1,87,0.0,0.0,0,0.004900325469104461,17
random_sharp_outage_10pct,random_sharp_outage,0.0,0.1,88,0.0,0.0,0,0.004596973246471903,20
random_sharp_outage_10pct,random_sharp_outage,0.0,0.1,89,0.0,0.0,0,0.005320451376135793,13
random_sharp_outage_10pct,random_sharp_outage,0.0,0.1,90,0.0,0.0,0,0.004765287495244852,18
random_sharp_outage_10pct,random_sharp_outage,0.0,0.1,91,0.0,0.0,0,0.003755549023998883,17
random_sharp_outage_10pct,random_sharp_outage,0.0,0.1,92,0.0,0.0,0,0.004994052794895509,15
random_sharp_outage_10pct,random_sharp_outage,0.0,0.1,93,0.0,0.0,0,0.004013353148812682,15
random_sharp_outage_10pct,random_sharp_outage,0.0,0.1,94,0.0,0.0,0,0.0036776315643509694,18
random_sharp_outage_10pct,random_sharp_outage,0.0,0.1,95,0.0,0.0,0,0.005084780699967872,15
random_sharp_outage_10pct,random_sharp_outage,0.0,0.1,96,0.0,0.0,0,0.0046713654714971575,19
random_sharp_outage_10pct,random_sharp_outage,0.0,0.1,97,0.0,0.0,0,0.0046827473691353205,19
random_sharp_outage_10pct,random_sharp_outage,0.0,0.1,98,0.0,0.0,0,0.005336020959092247,13
random_sharp_outage_10pct,random_sharp_outage,0.0,0.1,99,0.0,0.0,0,0.003987515283933485,15
random_sharp_outage_20pct,random_sharp_outage,0.0,0.2,0,0.0,0.0,0,0.004308480232360745,18
random_sharp_outage_20pct,random_sharp_outage,0.0,0.2,1,0.0,0.0,0,0.005701791634304509,14
random_sharp_outage_20pct,random_sharp_outage,0.0,0.2,2,0.0,0.0,0,0.002795899065790808,17
random_sharp_outage_20pct,random_sharp_outage,0.0,0.2,3,0.0,0.0,0,0.0059609461527385665,15
random_sharp_outage_20pct,random_sharp_outage,0.0,0.2,4,0.0,0.0,0,0.0025439092662693508,19
random_sharp_outage_20pct,random_sharp_outage,0.0,0.2,5,0.0,0.0,0,0.0035399329275866975,13
random_sharp_outage_20pct,random_sharp_outage,0.0,0.2,6,0.0,0.0,0,0.003131146066712942,16
random_sharp_outage_20pct,random_sharp_outage,0.0,0.2,7,0.0,0.0,0,0.004507776529295793,16
random_sharp_outage_20pct,random_sharp_outage,0.0,0.2,8,0.0,0.0,0,0.004417388660204136,14
random_sharp_outage_20pct,random_sharp_outage,0.0,0.2,9,0.0,0.0,0,0.005496427537369453,16
random_sharp_outage_20pct,random_sharp_outage,0.0,0.2,10,0.0,0.0,0,0.004545770569042817,14
random_sharp_outage_20pct,random_sharp_outage,0.0,0.2,11,0.0,0.0,0,0.004589079779825589,15
random_sharp_outage_20pct,random_sharp_outage,0.0,0.2,12,0.0,0.0,0,0.006058203569927256,11
random_sharp_outage_20pct,random_sharp_outage,0.0,0.2,13,0.0,0.0,0,0.00415295094811996,18
random_sharp_outage_20pct,random_sharp_outage,0.0,0.2,14,0.0,0.0,0,0.0023775752687673624,11
random_sharp_outage_20pct,random_sharp_outage,0.0,0.2,15,0.0,0.0,0,0.006058246930181532,14
random_sharp_outage_20pct,random_sharp_outage,0.0,0.2,16,0.0,0.0,0,0.004694847182683315,15
random_sharp_outage_20pct,random_sharp_outage,0.0,0.2,17,0.0,0.0,0,0.004644665349469168,13
random_sharp_outage_20pct,random_sharp_outage,0.0,0.2,18,0.0,0.0,0,0.005573811816086405,15
random_sharp_outage_20pct,random_sharp_outage,0.0,0.2,19,0.0,0.0,0,0.003593705364158817,21
random_sharp_outage_20pct,random_sharp_outage,0.0,0.2,20,0.0,0.0,0,0.00466177965375314,15
random_sharp_outage_20pct,random_sharp_outage,0.0,0.2,21,0.0,0.0,0,0.0051992687586162045,18
random_sharp_outage_20pct,random_sharp_outage,0.0,0.2,22,0.0,0.0,0,0.0017344729344730414,16
random_sharp_outage_20pct,random_sharp_outage,0.0,0.2,23,0.0,0.0,0,0.003201573312883621,15
random_sharp_outage_20pct,random_sharp_outage,0.0,0.2,24,0.0,0.0,0,0.003847177317319428,19
random_sharp_outage_20pct,random_sharp_outage,0.0,0.2,25,0.0,0.0,0,0.004573996751281895,14
random_sharp_outage_20pct,random_sharp_outage,0.0,0.2,26,0.0,0.0,0,0.0028024177436813957,17
random_sharp_outage_20pct,random_sharp_outage,0.0,0.2,27,0.0,0.0,0,0.005804371325079716,14
random_sharp_outage_20pct,random_sharp_outage,0.0,0.2,28,0.0,0.0,0,0.004744388738936234,13
random_sharp_outage_20pct,random_sharp_outage,0.0,0.2,29,0.0,0.0,0,0.00547448392031491,8
random_sharp_outage_20pct,random_sharp_outage,0.0,0.2,30,0.0,0.0,0,0.005273945440760208,17
random_sharp_outage_20pct,random_sharp_outage,0.0,0.2,31,0.0,0.0,0,0.0019906992452878303,14
random_sharp_outage_20pct,random_sharp_outage,0.0,0.2,32,0.0,0.0,0,0.0044744048410783055,14
random_sharp_outage_20pct,random_sharp_outage,0.0,0.2,33,0.0,0.0,0,0.005590150694376073,17
random_sharp_outage_20pct,random_sharp_outage,0.0,0.2,34,0.0,0.0,0,0.004559057941091016,15
random_sharp_outage_20pct,random_sharp_outage,0.0,0.2,35,0.0,0.0,0,0.0004052118781585623,17
random_sharp_outage_20pct,random_sharp_outage,0.0,0.2,36,0.0,0.0,0,0.005986971517143003,15
random_sharp_outage_20pct,random_sharp_outage,0.0,0.2,37,0.0,0.0,0,0.0030257381225498037,16
random_sharp_outage_20pct,random_sharp_outage,0.0,0.2,38,0.0,0.0,0,0.004437472961027478,14
random_sharp_outage_20pct,random_sharp_outage,0.0,0.2,39,0.0,0.0,0,0.0030943027070475804,16
random_sharp_outage_20pct,random_sharp_outage,0.0,0.2,40,0.0,0.0,0,0.005445587423462239,15
random_sharp_outage_20pct,random_sharp_outage,0.0,0.2,41,0.0,0.0,0,0.005590407794554331,16
random_sharp_outage_20pct,random_sharp_outage,0.0,0.2,42,0.0,0.0,0,0.006020765088001756,14
random_sharp_outage_20pct,random_sharp_outage,0.0,0.2,43,0.0,0.0,0,0.004361550346336784,15
random_sharp_outage_20pct,random_sharp_outage,0.0,0.2,44,0.0,0.0,0,0.003096434138908588,16
random_sharp_outage_20pct,random_sharp_outage,0.0,0.2,45,0.0,0.0,0,0.0018828236246264396,15
random_sharp_outage_20pct,random_sharp_outage,0.0,0.2,46,0.0,0.0,0,0.004805248614891511,12
random_sharp_outage_20pct,random_sharp_outage,0.0,0.2,47,0.0,0.0,0,0.004076925777673379,18
random_sharp_outage_20pct,random_sharp_outage,0.0,0.2,48,0.0,0.0,0,0.0031965018559889646,14
random_sharp_outage_20pct,random_sharp_outage,0.0,0.2,49,0.0,0.0,0,0.0028869288301092144,18
random_sharp_outage_20pct,random_sharp_outage,0.0,0.2,50,0.0,0.0,0,0.001901286024668547,15
random_sharp_outage_20pct,random_sharp_outage,0.0,0.2,51,0.0,0.0,0,0.005771461355217555,15
random_sharp_outage_20pct,random_sharp_outage,0.0,0.2,52,0.0,0.0,0,0.006032742467145358,14
random_sharp_outage_20pct,random_sharp_outage,0.0,0.2,53,0.0,0.0,0,0.004432294609140186,15
random_sharp_outage_20pct,random_sharp_outage,0.0,0.2,54,0.0,0.0,0,0.002755250299627754,18
random_sharp_outage_20pct,random_sharp_outage,0.0,0.2,55,0.0,0.0,0,0.0034876788740130227,13
random_sharp_outage_20pct,random_sharp_outage,0.0,0.2,56,0.0,0.0,0,0.005831013644948646,15
random_sharp_outage_20pct,random_sharp_outage,0.0,0.2,57,0.0,0.0,0,0.004839718669636284,13
random_sharp_outage_20pct,random_sharp_outage,0.0,0.2,58,0.0,0.0,0,0.0054408633813047835,15
random_sharp_outage_20pct,random_sharp_outage,0.0,0.2,59,0.0,0.0,0,0.00574805444979698,14
random_sharp_outage_20pct,random_sharp_outage,0.0,0.2,60,0.0,0.0,0,0.0007198768996359295,15
random_sharp_outage_20pct,random_sharp_outage,0.0,0.2,61,0.0,0.0,0,0.002656473444014429,20
random_sharp_outage_20pct,random_sharp_outage,0.0,0.2,62,0.0,0.0,0,0.003106795629020942,16
random_sharp_outage_20pct,random_sharp_outage,0.0,0.2,63,0.0,0.0,0,0.00421363480652559,17
random_sharp_outage_20pct,random_sharp_outage,0.0,0.2,64,0.0,0.0,0,0.004446103457496742,15
random_sharp_outage_20pct,random_sharp_outage,0.0,0.2,65,0.0,0.0,0,0.004208444171611703,16
random_sharp_outage_20pct,random_sharp_outage,0.0,0.2,66,0.0,0.0,0,0.002765058592606895,19
random_sharp_outage_20pct,random_sharp_outage,0.0,0.2,67,0.0,0.0,0,0.001317770292400544,19
random_sharp_outage_20pct,random_sharp_outage,0.0,0.2,68,0.0,0.0,0,0.004487800530540209,15
random_sharp_outage_20pct,random_sharp_outage,0.0,0.2,69,0.0,0.0,0,0.0028358041675544676,17
random_sharp_outage_20pct,random_sharp_outage,0.0,0.2,70,0.0,0.0,0,0.001506280578501551,19
random_sharp_outage_20pct,random_sharp_outage,0.0,0.2,71,0.0,0.0,0,0.002886406866834834,17
random_sharp_outage_20pct,random_sharp_outage,0.0,0.2,72,0.0,0.0,0,0.004553820766692196,15
random_sharp_outage_20pct,random_sharp_outage,0.0,0.2,73,0.0,0.0,0,0.0016603235256340554,17
random_sharp_outage_20pct,random_sharp_outage,0.0,0.2,74,0.0,0.0,0,0.004192747911889283,17
random_sharp_outage_20pct,random_sharp_outage,0.0,0.2,75,0.0,0.0,0,0.003980934566258476,18
random_sharp_outage_20pct,random_sharp_outage,0.0,0.2,76,0.0,0.0,0,0.004359556867835401,15
random_sharp_outage_20pct,random_sharp_outage,0.0,0.2,77,0.0,0.0,0,0.0019450857488427786,14
random_sharp_outage_20pct,random_sharp_outage,0.0,0.2,78,0.0,0.0,0,0.005171382562686899,18
random_sharp_outage_20pct,random_sharp_outage,0.0,0.2,79,0.0,0.0,0,0.004487493297899547,15
random_sharp_outage_20pct,random_sharp_outage,0.0,0.2,80,0.0,0.0,0,0.004915612386524826,12
random_sharp_outage_20pct,random_sharp_outage,0.0,0.2,81,0.0,0.0,0,0.00436812848994661,16
random_sharp_outage_20pct,random_sharp_outage,0.0,0.2,82,0.0,0.0,0,0.005346936755209919,16
random_sharp_outage_20pct,random_sharp_outage,0.0,0.2,83,0.0,0.0,0,0.0034284741403556307,13
random_sharp_outage_20pct,random_sharp_outage,0.0,0.2,84,0.0,0.0,0,0.005938200737143129,12
random_sharp_outage_20pct,random_sharp_outage,0.0,0.2,85,0.0,0.0,0,0.00557114316772922,15
random_sharp_outage_20pct,random_sharp_outage,0.0,0.2,86,0.0,0.0,0,0.004759154064755133,13
random_sharp_outage_20pct,random_sharp_outage,0.0,0.2,87,0.0,0.0,0,0.006519729184077505,9
random_sharp_outage_20pct,random_sharp_outage,0.0,0.2,88,0.0,0.0,0,0.004561873402043837,13
random_sharp_outage_20pct,random_sharp_outage,0.0,0.2,89,0.0,0.0,0,0.0044589151228793256,15
random_sharp_outage_20pct,random_sharp_outage,0.0,0.2,90,0.0,0.0,0,0.004792876670908219,13
random_sharp_outage_20pct,random_sharp_outage,0.0,0.2,91,0.0,0.0,0,0.00511362195488263,10
random_sharp_outage_20pct,random_sharp_outage,0.0,0.2,92,0.0,0.0,0,0.004727178371479512,12
random_sharp_outage_20pct,random_sharp_outage,0.0,0.2,93,0.0,0.0,0,0.002904932489946166,16
random_sharp_outage_20pct,random_sharp_outage,0.0,0.2,94,0.0,0.0,0,0.0045963204825671955,15
random_sharp_outage_20pct,random_sharp_outage,0.0,0.2,95,0.0,0.0,0,0.005892672394404164,13
random_sharp_outage_20pct,random_sharp_outage,0.0,0.2,96,0.0,0.0,0,0.004736682300257478,22
random_sharp_outage_20pct,random_sharp_outage,0.0,0.2,97,0.0,0.0,0,0.003825131610460497,19
random_sharp_outage_20pct,random_sharp_outage,0.0,0.2,98,0.0,0.0,0,0.005519465088991149,16
random_sharp_outage_20pct,random_sharp_outage,0.0,0.2,99,0.0,0.0,0,0.00334436705345853,13
random_sharp_outage_40pct,random_sharp_outage,0.0,0.4,0,0.0,0.0,0,0.0034766085166675342,10
random_sharp_outage_40pct,random_sharp_outage,0.0,0.4,1,0.0,0.0,0,0.005004606029419101,11
random_sharp_outage_40pct,random_sharp_outage,0.0,0.4,2,0.0,0.0,0,0.007864174043720418,6
random_sharp_outage_40pct,random_sharp_outage,0.0,0.4,3,0.0,0.0,0,0.0029109650460017455,13
random_sharp_outage_40pct,random_sharp_outage,0.0,0.4,4,0.0,0.0,0,-9.116877536152757e-05,11
random_sharp_outage_40pct,random_sharp_outage,0.0,0.4,5,0.0,0.0,0,0.006478732831191714,12
random_sharp_outage_40pct,random_sharp_outage,0.0,0.4,6,0.0,0.0,0,0.0010719497137725575,14
random_sharp_outage_40pct,random_sharp_outage,0.0,0.4,7,0.0,0.0,0,0.0034575667257994436,10
random_sharp_outage_40pct,random_sharp_outage,0.0,0.4,8,0.0,0.0,0,0.004494159752428839,14
random_sharp_outage_40pct,random_sharp_outage,0.0,0.4,9,0.0,0.0,0,0.0051924026979004445,9
random_sharp_outage_40pct,random_sharp_outage,0.0,0.4,10,0.0,0.0,0,0.005168761260585741,10
random_sharp_outage_40pct,random_sharp_outage,0.0,0.4,11,0.0,0.0,0,0.0032420257345333603,12
random_sharp_outage_40pct,random_sharp_outage,0.0,0.4,12,0.0,0.0,0,0.004953846886663893,12
random_sharp_outage_40pct,random_sharp_outage,0.0,0.4,13,0.0,0.0,0,0.0061045480476724645,13
random_sharp_outage_40pct,random_sharp_outage,0.0,0.4,14,0.0,0.0,0,0.006608892830530566,11
random_sharp_outage_40pct,random_sharp_outage,0.0,0.4,15,0.0,0.0,0,0.003102668587902757,12
random_sharp_outage_40pct,random_sharp_outage,0.0,0.4,16,0.0,0.0,0,0.006915828806211444,9
random_sharp_outage_40pct,random_sharp_outage,0.0,0.4,17,0.0,0.0,0,0.003419849656873808,10
random_sharp_outage_40pct,random_sharp_outage,0.0,0.4,18,0.0,0.0,0,0.0027297551179630286,15
random_sharp_outage_40pct,random_sharp_outage,0.0,0.4,19,0.0,0.0,0,0.002096295301612816,18
random_sharp_outage_40pct,random_sharp_outage,0.0,0.4,20,0.0,0.0,0,0.0017203349498275955,10
random_sharp_outage_40pct,random_sharp_outage,0.0,0.4,21,0.0,0.0,0,0.00120526817767308,13
random_sharp_outage_40pct,random_sharp_outage,0.0,0.4,22,0.0,0.0,0,0.0061634381313948605,14
random_sharp_outage_40pct,random_sharp_outage,0.0,0.4,23,0.0,0.0,0,0.002832240454985424,13
random_sharp_outage_40pct,random_sharp_outage,0.0,0.4,24,0.0,0.0,0,0.005266688007804721,9
random_sharp_outage_40pct,random_sharp_outage,0.0,0.4,25,0.0,0.0,0,0.004433194042644306,13
random_sharp_outage_40pct,random_sharp_outage,0.0,0.4,26,0.0,0.0,0,0.0016480226878841098,11
random_sharp_outage_40pct,random_sharp_outage,0.0,0.4,27,0.0,0.0,0,0.006763959065657188,9
random_sharp_outage_40pct,random_sharp_outage,0.0,0.4,28,0.0,0.0,0,0.003268256293155858,12
random_sharp_outage_40pct,random_sharp_outage,0.0,0.4,29,0.0,0.0,0,0.0014493529310315445,12
random_sharp_outage_40pct,random_sharp_outage,0.0,0.4,30,0.0,0.0,0,0.0021490333370088877,8
random_sharp_outage_40pct,random_sharp_outage,0.0,0.4,31,0.0,0.0,0,0.0018809753196757928,10
random_sharp_outage_40pct,random_sharp_outage,0.0,0.4,32,0.0,0.0,0,0.0017198474925097518,10
random_sharp_outage_40pct,random_sharp_outage,0.0,0.4,33,0.0,0.0,0,0.0016013278163495848,11
random_sharp_outage_40pct,random_sharp_outage,0.0,0.4,34,0.0,0.0,0,0.00464917407555121,12
random_sharp_outage_40pct,random_sharp_outage,0.0,0.4,35,0.0,0.0,0,0.002418928173818724,15
random_sharp_outage_40pct,random_sharp_outage,0.0,0.4,36,0.0,0.0,0,0.0016377217154779355,12
random_sharp_outage_40pct,random_sharp_outage,0.0,0.4,37,0.0,0.0,0,-0.001259873261012956,18
random_sharp_outage_40pct,random_sharp_outage,0.0,0.4,38,0.0,0.0,0,0.004643712903580122,12
random_sharp_outage_40pct,random_sharp_outage,0.0,0.4,39,0.0,0.0,0,0.007585966414044076,8
random_sharp_outage_40pct,random_sharp_outage,0.0,0.4,40,0.0,0.0,0,0.0037934138122011074,8
random_sharp_outage_40pct,random_sharp_outage,0.0,0.4,41,0.0,0.0,0,0.004819163534556248,11
random_sharp_outage_40pct,random_sharp_outage,0.0,0.4,42,0.0,0.0,0,0.0009964434633307206,14
random_sharp_outage_40pct,random_sharp_outage,0.0,0.4,43,0.0,0.0,0,0.0064984909327339135,12
random_sharp_outage_40pct,random_sharp_outage,0.0,0.4,44,0.0,0.0,0,0.0012224588824303328,13
random_sharp_outage_40pct,random_sharp_outage,0.0,0.4,45,0.0,0.0,0,0.005260904297448965,9
random_sharp_outage_40pct,random_sharp_outage,0.0,0.4,46,0.0,0.0,0,0.005472636815920584,7
random_sharp_outage_40pct,random_sharp_outage,0.0,0.4,47,0.0,0.0,0,0.007219427651714794,6
random_sharp_outage_40pct,random_sharp_outage,0.0,0.4,48,0.0,0.0,0,0.00662434603482831,12
random_sharp_outage_40pct,random_sharp_outage,0.0,0.4,49,0.0,0.0,0,0.005135268181832187,10
random_sharp_outage_40pct,random_sharp_outage,0.0,0.4,50,0.0,0.0,0,0.006559711920885558,11
random_sharp_outage_40pct,random_sharp_outage,0.0,0.4,51,0.0,0.0,0,0.003962206960695491,5
random_sharp_outage_40pct,random_sharp_outage,0.0,0.4,52,0.0,0.0,0,0.006441900153505431,11
random_sharp_outage_40pct,random_sharp_outage,0.0,0.4,53,0.0,0.0,0,0.005032236901888476,10
random_sharp_outage_40pct,random_sharp_outage,0.0,0.4,54,0.0,0.0,0,0.006950624230691371,11
random_sharp_outage_40pct,random_sharp_outage,0.0,0.4,55,0.0,0.0,0,0.005246143159750805,10
random_sharp_outage_40pct,random_sharp_outage,0.0,0.4,56,0.0,0.0,0,0.0009758065217577716,14
random_sharp_outage_40pct,random_sharp_outage,0.0,0.4,57,0.0,0.0,0,0.006109103844462727,14
random_sharp_outage_40pct,random_sharp_outage,0.0,0.4,58,0.0,0.0,0,0.0018332848457132123,10
random_sharp_outage_40pct,random_sharp_outage,0.0,0.4,59,0.0,0.0,0,0.0050610060198226225,9
random_sharp_outage_40pct,random_sharp_outage,0.0,0.4,60,0.0,0.0,0,0.0021075356565780634,17
random_sharp_outage_40pct,random_sharp_outage,0.0,0.4,61,0.0,0.0,0,0.0038172265143676665,16
random_sharp_outage_40pct,random_sharp_outage,0.0,0.4,62,0.0,0.0,0,0.0017576142096131786,10
random_sharp_outage_40pct,random_sharp_outage,0.0,0.4,63,0.0,0.0,0,0.0049069082898922645,11
random_sharp_outage_40pct,random_sharp_outage,0.0,0.4,64,0.0,0.0,0,0.005568534837648631,9
random_sharp_outage_40pct,random_sharp_outage,0.0,0.4,65,0.0,0.0,0,0.0033503970753283596,9
random_sharp_outage_40pct,random_sharp_outage,0.0,0.4,66,0.0,0.0,0,0.00485192247956201,12
random_sharp_outage_40pct,random_sharp_outage,0.0,0.4,67,0.0,0.0,0,0.0042171492865175075,6
random_sharp_outage_40pct,random_sharp_outage,0.0,0.4,68,0.0,0.0,0,0.0051075595527465545,9
random_sharp_outage_40pct,random_sharp_outage,0.0,0.4,69,0.0,0.0,0,0.005299437966042042,7
random_sharp_outage_40pct,random_sharp_outage,0.0,0.4,70,0.0,0.0,0,0.004294779671244919,5
random_sharp_outage_40pct,random_sharp_outage,0.0,0.4,71,0.0,0.0,0,0.0032498678308918727,10
random_sharp_outage_40pct,random_sharp_outage,0.0,0.4,72,0.0,0.0,0,0.0007408238859580862,16
random_sharp_outage_40pct,random_sharp_outage,0.0,0.4,73,0.0,0.0,0,0.004677276746242187,12
random_sharp_outage_40pct,random_sharp_outage,0.0,0.4,74,0.0,0.0,0,0.007370151216305132,16
random_sharp_outage_40pct,random_sharp_outage,0.0,0.4,75,0.0,0.0,0,0.001148970169199126,13
random_sharp_outage_40pct,random_sharp_outage,0.0,0.4,76,0.0,0.0,0,0.002853000609282841,3
random_sharp_outage_40pct,random_sharp_outage,0.0,0.4,77,0.0,0.0,0,0.005433887153401873,8
random_sharp_outage_40pct,random_sharp_outage,0.0,0.4,78,0.0,0.0,0,0.005019180654290301,10
random_sharp_outage_40pct,random_sharp_outage,0.0,0.4,79,0.0,0.0,0,0.0033885776532835976,10
random_sharp_outage_40pct,random_sharp_outage,0.0,0.4,80,0.0,0.0,0,0.004879700353768612,10
random_sharp_outage_40pct,random_sharp_outage,0.0,0.4,81,0.0,0.0,0,0.001162561576354637,14
random_sharp_outage_40pct,random_sharp_outage,0.0,0.4,82,0.0,0.0,0,0.0014841226825059728,11
random_sharp_outage_40pct,random_sharp_outage,0.0,0.4,83,0.0,0.0,0,0.006168121961044548,14
random_sharp_outage_40pct,random_sharp_outage,0.0,0.4,84,0.0,0.0,0,0.004310008433719759,5
random_sharp_outage_40pct,random_sharp_outage,0.0,0.4,85,0.0,0.0,0,0.003353909465020566,10
random_sharp_outage_40pct,random_sharp_outage,0.0,0.4,86,0.0,0.0,0,0.001595113763306566,11
random_sharp_outage_40pct,random_sharp_outage,0.0,0.4,87,0.0,0.0,0,0.0008127957105288353,16
random_sharp_outage_40pct,random_sharp_outage,0.0,0.4,88,0.0,0.0,0,0.003502198006454238,10
random_sharp_outage_40pct,random_sharp_outage,0.0,0.4,89,0.0,0.0,0,0.005414055133396101,18
random_sharp_outage_40pct,random_sharp_outage,0.0,0.4,90,0.0,0.0,0,0.0020678049516189567,8
random_sharp_outage_40pct,random_sharp_outage,0.0,0.4,91,0.0,0.0,0,0.0074530193047741555,7
random_sharp_outage_40pct,random_sharp_outage,0.0,0.4,92,0.0,0.0,0,0.0038383670760038235,7
random_sharp_outage_40pct,random_sharp_outage,0.0,0.4,93,0.0,0.0,0,0.0017375162845878478,11
random_sharp_outage_40pct,random_sharp_outage,0.0,0.4,94,0.0,0.0,0,0.002374549500598455,6
random_sharp_outage_40pct,random_sharp_outage,0.0,0.4,95,0.0,0.0,0,0.005487493479036765,7
random_sharp_outage_40pct,random_sharp_outage,0.0,0.4,96,0.0,0.0,0,0.002841708308931823,13
random_sharp_outage_40pct,random_sharp_outage,0.0,0.4,97,0.0,0.0,0,0.007106597578209417,7
random_sharp_outage_40pct,random_sharp_outage,0.0,0.4,98,0.0,0.0,0,0.0015063480054196,11
random_sharp_outage_40pct,random_sharp_outage,0.0,0.4,99,0.0,0.0,0,0.0031650856154166185,11
random_dual_outage_1pct,random_dual_outage,0.01,0.01,0,0.0,0.0,0,0.004236272479031689,19
random_dual_outage_1pct,random_dual_outage,0.01,0.01,1,0.0,0.0,0,0.004204376439938207,19
random_dual_outage_1pct,random_dual_outage,0.01,0.01,2,0.0,0.0,0,0.0043141101332515586,18
random_dual_outage_1pct,random_dual_outage,0.01,0.01,3,0.0,0.0,0,0.004102150419887707,20
random_dual_outage_1pct,random_dual_outage,0.01,0.01,4,0.0,0.0,0,0.004214150457587884,19
random_dual_outage_1pct,random_dual_outage,0.01,0.01,5,0.0,0.0,0,0.004223589164338515,19
random_dual_outage_1pct,random_dual_outage,0.01,0.01,6,0.0,0.0,0,0.004105761989790402,20
random_dual_outage_1pct,random_dual_outage,0.01,0.01,7,0.0,0.0,0,0.004239707479766874,19
random_dual_outage_1pct,random_dual_outage,0.01,0.01,8,0.0,0.0,0,0.004221513096662521,19
random_dual_outage_1pct,random_dual_outage,0.01,0.01,9,0.0,0.0,0,0.0042241545752488285,19
random_dual_outage_1pct,random_dual_outage,0.01,0.01,10,0.0,0.0,0,0.004187280401294569,19
random_dual_outage_1pct,random_dual_outage,0.01,0.01,11,0.0,0.0,0,0.004233440912529751,19
random_dual_outage_1pct,random_dual_outage,0.01,0.01,12,0.0,0.0,0,0.0043224859779762426,18
random_dual_outage_1pct,random_dual_outage,0.01,0.01,13,0.0,0.0,0,0.004208691177100432,19
random_dual_outage_1pct,random_dual_outage,0.01,0.01,14,0.0,0.0,0,0.0042949633727471515,18
random_dual_outage_1pct,random_dual_outage,0.01,0.01,15,0.0,0.0,0,0.0041822518739418335,19
random_dual_outage_1pct,random_dual_outage,0.01,0.01,16,0.0,0.0,0,0.004207177842853405,19
random_dual_outage_1pct,random_dual_outage,0.01,0.01,17,0.0,0.0,0,0.004210390793970786,19
random_dual_outage_1pct,random_dual_outage,0.01,0.01,18,0.0,0.0,0,0.004227187134205224,19
random_dual_outage_1pct,random_dual_outage,0.01,0.01,19,0.0,0.0,0,0.003185849895210646,19
random_dual_outage_1pct,random_dual_outage,0.01,0.01,20,0.0,0.0,0,0.004276825801051487,18
random_dual_outage_1pct,random_dual_outage,0.01,0.01,21,0.0,0.0,0,0.0042194324693889396,19
random_dual_outage_1pct,random_dual_outage,0.01,0.01,22,0.0,0.0,0,0.00422340061893256,19
random_dual_outage_1pct,random_dual_outage,0.01,0.01,23,0.0,0.0,0,0.004258395236048873,19
random_dual_outage_1pct,random_dual_outage,0.01,0.01,24,0.0,0.0,0,0.004221702018275542,19
random_dual_outage_1pct,random_dual_outage,0.01,0.01,25,0.0,0.0,0,0.004206988506111564,19
random_dual_outage_1pct,random_dual_outage,0.01,0.01,26,0.0,0.0,0,0.004189930852382062,19
random_dual_outage_1pct,random_dual_outage,0.01,0.01,27,0.0,0.0,0,0.004114768140982994,20
random_dual_outage_1pct,random_dual_outage,0.01,0.01,28,0.0,0.0,0,0.004226619803778808,19
random_dual_outage_1pct,random_dual_outage,0.01,0.01,29,0.0,0.0,0,0.0042077456263514,19
random_dual_outage_1pct,random_dual_outage,0.01,0.01,30,0.0,0.0,0,0.004422474763863038,17
random_dual_outage_1pct,random_dual_outage,0.01,0.01,31,0.0,0.0,0,0.004245419544760098,19
random_dual_outage_1pct,random_dual_outage,0.01,0.01,32,0.0,0.0,0,0.00420793481197923,19
random_dual_outage_1pct,random_dual_outage,0.01,0.01,33,0.0,0.0,0,0.004220946105683687,19
random_dual_outage_1pct,random_dual_outage,0.01,0.01,34,0.0,0.0,0,0.004219811105077742,19
random_dual_outage_1pct,random_dual_outage,0.01,0.01,35,0.0,0.0,0,0.004209635785220378,19
random_dual_outage_1pct,random_dual_outage,0.01,0.01,36,0.0,0.0,0,0.004189363521955647,19
random_dual_outage_1pct,random_dual_outage,0.01,0.01,37,0.0,0.0,0,0.004316793739796987,18
random_dual_outage_1pct,random_dual_outage,0.01,0.01,38,0.0,0.0,0,0.004201920947673798,19
random_dual_outage_1pct,random_dual_outage,0.01,0.01,39,0.0,0.0,0,0.004203055042814707,19
random_dual_outage_1pct,random_dual_outage,0.01,0.01,40,0.0,0.0,0,0.004293348382768958,18
random_dual_outage_1pct,random_dual_outage,0.01,0.01,41,0.0,0.0,0,0.00422869835664752,19
random_dual_outage_1pct,random_dual_outage,0.01,0.01,42,0.0,0.0,0,0.004319442129549156,18
random_dual_outage_1pct,random_dual_outage,0.01,0.01,43,0.0,0.0,0,0.004226430618150756,19
random_dual_outage_1pct,random_dual_outage,0.01,0.01,44,0.0,0.0,0,0.004308610901126553,18
random_dual_outage_1pct,random_dual_outage,0.01,0.01,45,0.0,0.0,0,0.004279867222286571,18
random_dual_outage_1pct,random_dual_outage,0.01,0.01,46,0.0,0.0,0,0.004226619803778586,19
random_dual_outage_1pct,random_dual_outage,0.01,0.01,47,0.0,0.0,0,0.004118146150680513,20
random_dual_outage_1pct,random_dual_outage,0.01,0.01,48,0.0,0.0,0,0.0042077456263514,19
random_dual_outage_1pct,random_dual_outage,0.01,0.01,49,0.0,0.0,0,0.004218867858742259,19
random_dual_outage_1pct,random_dual_outage,0.01,0.01,50,0.0,0.0,0,0.004190497843361118,19
random_dual_outage_1pct,random_dual_outage,0.01,0.01,51,0.0,0.0,0,0.0043011537899808605,18
random_dual_outage_1pct,random_dual_outage,0.01,0.01,52,0.0,0.0,0,0.004203810352665371,19
random_dual_outage_1pct,random_dual_outage,0.01,0.01,53,0.0,0.0,0,0.004289323197619099,18
random_dual_outage_1pct,random_dual_outage,0.01,0.01,54,0.0,0.0,0,0.00411794776089125,20
random_dual_outage_1pct,random_dual_outage,0.01,0.01,55,0.0,0.0,0,0.004203055042814929,19
random_dual_outage_1pct,random_dual_outage,0.01,0.01,56,0.0,0.0,0,0.004204187781788216,19
random_dual_outage_1pct,random_dual_outage,0.01,0.01,57,0.0,0.0,0,0.004020190384446787,21
random_dual_outage_1pct,random_dual_outage,0.01,0.01,58,0.0,0.0,0,0.004244662575634051,19
random_dual_outage_1pct,random_dual_outage,0.01,0.01,59,0.0,0.0,0,0.004197431164436383,19
random_dual_outage_1pct,random_dual_outage,0.01,0.01,60,0.0,0.0,0,0.004197431164436383,19
random_dual_outage_1pct,random_dual_outage,0.01,0.01,61,0.0,0.0,0,0.004228509585652462,19
random_dual_outage_1pct,random_dual_outage,0.01,0.01,62,0.0,0.0,0,0.004317467069687497,18
random_dual_outage_1pct,random_dual_outage,0.01,0.01,63,0.0,0.0,0,0.004188038429171703,19
random_dual_outage_1pct,random_dual_outage,0.01,0.01,64,0.0,0.0,0,0.0042092580549975,19
random_dual_outage_1pct,random_dual_outage,0.01,0.01,65,0.0,0.0,0,0.004222268557131148,19
random_dual_outage_1pct,random_dual_outage,0.01,0.01,66,0.0,0.0,0,0.004348598586124464,18
random_dual_outage_1pct,random_dual_outage,0.01,0.01,67,0.0,0.0,0,0.004185465466047589,19
random_dual_outage_1pct,random_dual_outage,0.01,0.01,68,0.0,0.0,0,0.004209446938939099,19
random_dual_outage_1pct,random_dual_outage,0.01,0.01,69,0.0,0.0,0,0.0043297988451429514,18
random_dual_outage_1pct,random_dual_outage,0.01,0.01,70,0.0,0.0,0,0.0031823915090354316,19
random_dual_outage_1pct,random_dual_outage,0.01,0.01,71,0.0,0.0,0,0.004213393488461836,19
random_dual_outage_1pct,random_dual_outage,0.01,0.01,72,0.0,0.0,0,0.004245419544760098,19
random_dual_outage_1pct,random_dual_outage,0.01,0.01,73,0.0,0.0,0,0.004177423576129824,19
random_dual_outage_1pct,random_dual_outage,0.01,0.01,74,0.0,0.0,0,0.004202110057812458,19
random_dual_outage_1pct,random_dual_outage,0.01,0.01,75,0.0,0.0,0,0.004195352196934676,19
random_dual_outage_1pct,random_dual_outage,0.01,0.01,76,0.0,0.0,0,0.004184332501215415,19
random_dual_outage_1pct,random_dual_outage,0.01,0.01,77,0.0,0.0,0,0.004243292702293955,19
random_dual_outage_1pct,random_dual_outage,0.01,0.01,78,0.0,0.0,0,0.004177801683235005,19
random_dual_outage_1pct,random_dual_outage,0.01,0.01,79,0.0,0.0,0,0.004228887090016231,19
random_dual_outage_1pct,random_dual_outage,0.01,0.01,80,0.0,0.0,0,0.0042128253648041625,19
random_dual_outage_1pct,random_dual_outage,0.01,0.01,81,0.0,0.0,0,0.004229264443920355,19
random_dual_outage_1pct,random_dual_outage,0.01,0.01,82,0.0,0.0,0,0.004235729021274892,19
random_dual_outage_1pct,random_dual_outage,0.01,0.01,83,0.0,0.0,0,0.004227565165888958,19
random_dual_outage_1pct,random_dual_outage,0.01,0.01,84,0.0,0.0,0,0.004209446938939099,19
random_dual_outage_1pct,random_dual_outage,0.01,0.01,85,0.0,0.0,0,0.0032859686765627227,18
random_dual_outage_1pct,random_dual_outage,0.01,0.01,86,0.0,0.0,0,0.00418955266983323,19
random_dual_outage_1pct,random_dual_outage,0.01,0.01,87,0.0,0.0,0,0.004208313069995029,19
random_dual_outage_1pct,random_dual_outage,0.01,0.01,88,0.0,0.0,0,0.004308431851347327,18
random_dual_outage_1pct,random_dual_outage,0.01,0.01,89,0.0,0.0,0,0.004208313069995029,19
random_dual_outage_1pct,random_dual_outage,0.01,0.01,90,0.0,0.0,0,0.00419950557779214,19
random_dual_outage_1pct,random_dual_outage,0.01,0.01,91,0.0,0.0,0,0.003183198914906038,19
random_dual_outage_1pct,random_dual_outage,0.01,0.01,92,0.0,0.0,0,0.004297291020849414,18
random_dual_outage_1pct,random_dual_outage,0.01,0.01,93,0.0,0.0,0,0.004229264443920355,19
random_dual_outage_1pct,random_dual_outage,0.01,0.01,94,0.0,0.0,0,0.004115961687239711,20
random_dual_outage_1pct,random_dual_outage,0.01,0.01,95,0.0,0.0,0,0.004212256900680611,19
random_dual_outage_1pct,random_dual_outage,0.01,0.01,96,0.0,0.0,0,0.0041978086688001515,19
random_dual_outage_1pct,random_dual_outage,0.01,0.01,97,0.0,0.0,0,0.00431321381187999,18
random_dual_outage_1pct,random_dual_outage,0.01,0.01,98,0.0,0.0,0,0.0042077456263514,19
random_dual_outage_1pct,random_dual_outage,0.01,0.01,99,0.0,0.0,0,0.004220567923134633,19
random_dual_outage_5pct,random_dual_outage,0.05,0.05,0,0.0,0.0,0,0.003500449270174233,17
random_dual_outage_5pct,random_dual_outage,0.05,0.05,1,0.0,0.0,0,0.0046355173078942435,18
random_dual_outage_5pct,random_dual_outage,0.05,0.05,2,0.0,0.0,0,0.0033141393848503675,19
random_dual_outage_5pct,random_dual_outage,0.05,0.05,3,0.0,0.0,0,0.0034406422591188868,18
random_dual_outage_5pct,random_dual_outage,0.05,0.05,4,0.0,0.0,0,0.004658444612157364,16
random_dual_outage_5pct,random_dual_outage,0.05,0.05,5,0.0,0.0,0,0.004392535449708301,19
random_dual_outage_5pct,random_dual_outage,0.05,0.05,6,0.0,0.0,0,0.00441222880119696,19
random_dual_outage_5pct,random_dual_outage,0.05,0.05,7,0.0,0.0,0,0.00440257966463653,19
random_dual_outage_5pct,random_dual_outage,0.05,0.05,8,0.0,0.0,0,0.0034390848622074532,18
random_dual_outage_5pct,random_dual_outage,0.05,0.05,9,0.0,0.0,0,0.003309793046120335,20
random_dual_outage_5pct,random_dual_outage,0.05,0.05,10,0.0,0.0,0,0.004434538808621102,18
random_dual_outage_5pct,random_dual_outage,0.05,0.05,11,0.0,0.0,0,0.003140024148728271,21
random_dual_outage_5pct,random_dual_outage,0.05,0.05,12,0.0,0.0,0,0.003552086102323715,18
random_dual_outage_5pct,random_dual_outage,0.05,0.05,13,0.0,0.0,0,0.004761767395243366,16
random_dual_outage_5pct,random_dual_outage,0.05,0.05,14,0.0,0.0,0,0.004621337785061463,17
random_dual_outage_5pct,random_dual_outage,0.05,0.05,15,0.0,0.0,0,0.004312386735411122,20
random_dual_outage_5pct,random_dual_outage,0.05,0.05,16,0.0,0.0,0,0.004612882929984741,17
random_dual_outage_5pct,random_dual_outage,0.05,0.05,17,0.0,0.0,0,0.004507344051816409,17
random_dual_outage_5pct,random_dual_outage,0.05,0.05,18,0.0,0.0,0,0.0032749936603153618,19
random_dual_outage_5pct,random_dual_outage,0.05,0.05,19,0.0,0.0,0,0.003605470368835517,16
random_dual_outage_5pct,random_dual_outage,0.05,0.05,20,0.0,0.0,0,0.004329110123484359,19
random_dual_outage_5pct,random_dual_outage,0.05,0.05,21,0.0,0.0,0,0.004216145043454578,20
random_dual_outage_5pct,random_dual_outage,0.05,0.05,22,0.0,0.0,0,0.004432256320845207,19
random_dual_outage_5pct,random_dual_outage,0.05,0.05,23,0.0,0.0,0,0.004347392703557107,19
random_dual_outage_5pct,random_dual_outage,0.05,0.05,24,0.0,0.0,0,0.00452139354694947,18
random_dual_outage_5pct,random_dual_outage,0.05,0.05,25,0.0,0.0,0,0.0033997390976781006,18
random_dual_outage_5pct,random_dual_outage,0.05,0.05,26,0.0,0.0,0,0.004577361291267179,17
random_dual_outage_5pct,random_dual_outage,0.05,0.05,27,0.0,0.0,0,0.0043937304064258775,19
random_dual_outage_5pct,random_dual_outage,0.05,0.05,28,0.0,0.0,0,0.004664348670136764,17
random_dual_outage_5pct,random_dual_outage,0.05,0.05,29,0.0,0.0,0,0.004322322988601357,19
random_dual_outage_5pct,random_dual_outage,0.05,0.05,30,0.0,0.0,0,0.004606787238366383,18
random_dual_outage_5pct,random_dual_outage,0.05,0.05,31,0.0,0.0,0,0.004568997476223746,18
random_dual_outage_5pct,random_dual_outage,0.05,0.05,32,0.0,0.0,0,0.003507477151078575,17
random_dual_outage_5pct,random_dual_outage,0.05,0.05,33,0.0,0.0,0,0.0035377598329076054,17
random_dual_outage_5pct,random_dual_outage,0.05,0.05,34,0.0,0.0,0,0.0032355742026304313,20
random_dual_outage_5pct,random_dual_outage,0.05,0.05,35,0.0,0.0,0,0.0033916087553984564,19
random_dual_outage_5pct,random_dual_outage,0.05,0.05,36,0.0,0.0,0,0.0023687113682311356,18
random_dual_outage_5pct,random_dual_outage,0.05,0.05,37,0.0,0.0,0,0.004744039750794071,15
random_dual_outage_5pct,random_dual_outage,0.05,0.05,38,0.0,0.0,0,0.004368878842561097,19
random_dual_outage_5pct,random_dual_outage,0.05,0.05,39,0.0,0.0,0,0.004349947257384024,19
random_dual_outage_5pct,random_dual_outage,0.05,0.05,40,0.0,0.0,0,0.004428568465215887,19
random_dual_outage_5pct,random_dual_outage,0.05,0.05,41,0.0,0.0,0,0.004691956736680103,17
random_dual_outage_5pct,random_dual_outage,0.05,0.05,42,0.0,0.0,0,0.0046610460239988605,17
random_dual_outage_5pct,random_dual_outage,0.05,0.05,43,0.0,0.0,0,0.0032393078963821598,20
random_dual_outage_5pct,random_dual_outage,0.05,0.05,44,0.0,0.0,0,0.003297953976633572,19
random_dual_outage_5pct,random_dual_outage,0.05,0.05,45,0.0,0.0,0,0.004337989431080214,19
random_dual_outage_5pct,random_dual_outage,0.05,0.05,46,0.0,0.0,0,0.0043280153762301765,19
random_dual_outage_5pct,random_dual_outage,0.05,0.05,47,0.0,0.0,0,0.004401128300957291,19
random_dual_outage_5pct,random_dual_outage,0.05,0.05,48,0.0,0.0,0,0.0042845343340129904,20
random_dual_outage_5pct,random_dual_outage,0.05,0.05,49,0.0,0.0,0,0.004430618975743927,19
random_dual_outage_5pct,random_dual_outage,0.05,0.05,50,0.0,0.0,0,0.004467485919098735,19
random_dual_outage_5pct,random_dual_outage,0.05,0.05,51,0.0,0.0,0,0.0044347937361037815,19
random_dual_outage_5pct,random_dual_outage,0.05,0.05,52,0.0,0.0,0,0.0047198856343613205,17
random_dual_outage_5pct,random_dual_outage,0.05,0.05,53,0.0,0.0,0,0.004397028869996378,19
random_dual_outage_5pct,random_dual_outage,0.05,0.05,54,0.0,0.0,0,0.004436099357596035,18
random_dual_outage_5pct,random_dual_outage,0.05,0.05,55,0.0,0.0,0,0.004383750347463078,19
random_dual_outage_5pct,random_dual_outage,0.05,0.05,56,0.0,0.0,0,0.0034468793293467304,18
random_dual_outage_5pct,random_dual_outage,0.05,0.05,57,0.0,0.0,0,0.0025954656525593034,16
random_dual_outage_5pct,random_dual_outage,0.05,0.05,58,0.0,0.0,0,0.0034519290191579177,18
random_dual_outage_5pct,random_dual_outage,0.05,0.05,59,0.0,0.0,0,0.004490986765548932,18
random_dual_outage_5pct,random_dual_outage,0.05,0.05,60,0.0,0.0,0,0.004664634400969092,17
random_dual_outage_5pct,random_dual_outage,0.05,0.05,61,0.0,0.0,0,0.004466055902041743,18
random_dual_outage_5pct,random_dual_outage,0.05,0.05,62,0.0,0.0,0,0.0034554904051171675,18
random_dual_outage_5pct,random_dual_outage,0.05,0.05,63,0.0,0.0,0,0.004289274022561962,20
random_dual_outage_5pct,random_dual_outage,0.05,0.05,64,0.0,0.0,0,0.004570553918256559,17
random_dual_outage_5pct,random_dual_outage,0.05,0.05,65,0.0,0.0,0,0.004353240379957546,19
random_dual_outage_5pct,random_dual_outage,0.05,0.05,66,0.0,0.0,0,0.004725190423578551,16
random_dual_outage_5pct,random_dual_outage,0.05,0.05,67,0.0,0.0,0,0.004491999304974348,18
random_dual_outage_5pct,random_dual_outage,0.05,0.05,68,0.0,0.0,0,0.004326271831742279,20
random_dual_outage_5pct,random_dual_outage,0.05,0.05,69,0.0,0.0,0,0.0034109980166081577,18
random_dual_outage_5pct,random_dual_outage,0.05,0.05,70,0.0,0.0,0,0.004247460614621668,20
random_dual_outage_5pct,random_dual_outage,0.05,0.05,71,0.0,0.0,0,0.0034355620082520133,18
random_dual_outage_5pct,random_dual_outage,0.05,0.05,72,0.0,0.0,0,0.00453740238882272,18
random_dual_outage_5pct,random_dual_outage,0.05,0.05,73,0.0,0.0,0,0.0034189304080098903,18
random_dual_outage_5pct,random_dual_outage,0.05,0.05,74,0.0,0.0,0,0.004575159232728998,17
random_dual_outage_5pct,random_dual_outage,0.05,0.05,75,0.0,0.0,0,0.0046292530042819635,17
random_dual_outage_5pct,random_dual_outage,0.05,0.05,76,0.0,0.0,0,0.004516146116061437,18
random_dual_outage_5pct,random_dual_outage,0.05,0.05,77,0.0,0.0,0,0.0043101415094339846,19
random_dual_outage_5pct,random_dual_outage,0.05,0.05,78,0.0,0.0,0,0.004446669933589664,19
random_dual_outage_5pct,random_dual_outage,0.05,0.05,79,0.0,0.0,0,0.004330083185409173,20
random_dual_outage_5pct,random_dual_outage,0.05,0.05,80,0.0,0.0,0,0.003432291344205307,18
random_dual_outage_5pct,random_dual_outage,0.05,0.05,81,0.0,0.0,0,0.0035422939467331105,17
random_dual_outage_5pct,random_dual_outage,0.05,0.05,82,0.0,0.0,0,0.0031294323898123366,21
random_dual_outage_5pct,random_dual_outage,0.05,0.05,83,0.0,0.0,0,0.004373258959549098,20
random_dual_outage_5pct,random_dual_outage,0.05,0.05,84,0.0,0.0,0,0.004826477737620349,15
random_dual_outage_5pct,random_dual_outage,0.05,0.05,85,0.0,0.0,0,0.003419514336544971,18
random_dual_outage_5pct,random_dual_outage,0.05,0.05,86,0.0,0.0,0,0.0044536739144895865,18
random_dual_outage_5pct,random_dual_outage,0.05,0.05,87,0.0,0.0,0,0.004547953420960704,18
random_dual_outage_5pct,random_dual_outage,0.05,0.05,88,0.0,0.0,0,0.0036056830237529702,16
random_dual_outage_5pct,random_dual_outage,0.05,0.05,89,0.0,0.0,0,0.004557429366203403,18
random_dual_outage_5pct,random_dual_outage,0.05,0.05,90,0.0,0.0,0,0.004431642635031263,19
random_dual_outage_5pct,random_dual_outage,0.05,0.05,91,0.0,0.0,0,0.0046198648534026,17
random_dual_outage_5pct,random_dual_outage,0.05,0.05,92,0.0,0.0,0,0.004572128824152699,17
random_dual_outage_5pct,random_dual_outage,0.05,0.05,93,0.0,0.0,0,0.003342132927159902,19
random_dual_outage_5pct,random_dual_outage,0.05,0.05,94,0.0,0.0,0,0.004568915125127582,17
random_dual_outage_5pct,random_dual_outage,0.05,0.05,95,0.0,0.0,0,0.004789468385184126,15
random_dual_outage_5pct,random_dual_outage,0.05,0.05,96,0.0,0.0,0,0.004541775280801019,17
random_dual_outage_5pct,random_dual_outage,0.05,0.05,97,0.0,0.0,0,0.004448615821644797,18
random_dual_outage_5pct,random_dual_outage,0.05,0.05,98,0.0,0.0,0,0.004201160541586146,21
random_dual_outage_5pct,random_dual_outage,0.05,0.05,99,0.0,0.0,0,0.00454269805391716,18
random_dual_outage_10pct,random_dual_outage,0.1,0.1,0,0.0,0.0,0,0.005080020627490134,15
random_dual_outage_10pct,random_dual_outage,0.1,0.1,1,0.0,0.0,0,0.0036535015629837186,17
random_dual_outage_10pct,random_dual_outage,0.1,0.1,2,0.0,0.0,0,0.003148691182162766,22
random_dual_outage_10pct,random_dual_outage,0.1,0.1,3,0.0,0.0,0,0.004618977003200575,19
random_dual_outage_10pct,random_dual_outage,0.1,0.1,4,0.0,0.0,0,0.004067951912256618,14
random_dual_outage_10pct,random_dual_outage,0.1,0.1,5,0.0,0.0,0,0.0038153271848926362,17
random_dual_outage_10pct,random_dual_outage,0.1,0.1,6,0.0,0.0,0,0.004944731615001974,16
random_dual_outage_10pct,random_dual_outage,0.1,0.1,7,0.0,0.0,0,0.00380662096009754,17
random_dual_outage_10pct,random_dual_outage,0.1,0.1,8,0.0,0.0,0,0.003931152206889887,14
random_dual_outage_10pct,random_dual_outage,0.1,0.1,9,0.0,0.0,0,0.004499821354310152,20
random_dual_outage_10pct,random_dual_outage,0.1,0.1,10,0.0,0.0,0,0.0034180072919425264,19
random_dual_outage_10pct,random_dual_outage,0.1,0.1,11,0.0,0.0,0,0.0047160126840921635,18
random_dual_outage_10pct,random_dual_outage,0.1,0.1,12,0.0,0.0,0,0.004808658244005004,18
random_dual_outage_10pct,random_dual_outage,0.1,0.1,13,0.0,0.0,0,0.005145577796867196,15
random_dual_outage_10pct,random_dual_outage,0.1,0.1,14,0.0,0.0,0,0.005009458627935892,16
random_dual_outage_10pct,random_dual_outage,0.1,0.1,15,0.0,0.0,0,0.0024025020706068823,19
random_dual_outage_10pct,random_dual_outage,0.1,0.1,16,0.0,0.0,0,0.00375587265543742,16
random_dual_outage_10pct,random_dual_outage,0.1,0.1,17,0.0,0.0,0,0.005133764005985864,14
random_dual_outage_10pct,random_dual_outage,0.1,0.1,18,0.0,0.0,0,0.004638930409507136,18
random_dual_outage_10pct,random_dual_outage,0.1,0.1,19,0.0,0.0,0,0.0019038239194062445,14
random_dual_outage_10pct,random_dual_outage,0.1,0.1,20,0.0,0.0,0,0.00474373694187924,18
random_dual_outage_10pct,random_dual_outage,0.1,0.1,21,0.0,0.0,0,0.0041736655468458395,13
random_dual_outage_10pct,random_dual_outage,0.1,0.1,22,0.0,0.0,0,0.0034473493302620284,19
random_dual_outage_10pct,random_dual_outage,0.1,0.1,23,0.0,0.0,0,0.003656008280539469,18
random_dual_outage_10pct,random_dual_outage,0.1,0.1,24,0.0,0.0,0,0.00471679272752068,18
random_dual_outage_10pct,random_dual_outage,0.1,0.1,25,0.0,0.0,0,0.0047109412326804545,18
random_dual_outage_10pct,random_dual_outage,0.1,0.1,26,0.0,0.0,0,0.003479557659947119,19
random_dual_outage_10pct,random_dual_outage,0.1,0.1,27,0.0,0.0,0,0.004773522506262395,18
random_dual_outage_10pct,random_dual_outage,0.1,0.1,28,0.0,0.0,0,0.004728938071626887,19
random_dual_outage_10pct,random_dual_outage,0.1,0.1,29,0.0,0.0,0,0.0050109496378434315,16
random_dual_outage_10pct,random_dual_outage,0.1,0.1,30,0.0,0.0,0,0.0035075502066197473,20
random_dual_outage_10pct,random_dual_outage,0.1,0.1,31,0.0,0.0,0,0.004866080132534423,17
random_dual_outage_10pct,random_dual_outage,0.1,0.1,32,0.0,0.0,0,0.004884098758088706,17
random_dual_outage_10pct,random_dual_outage,0.1,0.1,33,0.0,0.0,0,0.004759959661027491,17
random_dual_outage_10pct,random_dual_outage,0.1,0.1,34,0.0,0.0,0,0.003674493104016019,17
random_dual_outage_10pct,random_dual_outage,0.1,0.1,35,0.0,0.0,0,0.004531414416393487,20
random_dual_outage_10pct,random_dual_outage,0.1,0.1,36,0.0,0.0,0,0.003624121924549195,18
random_dual_outage_10pct,random_dual_outage,0.1,0.1,37,0.0,0.0,0,0.0030710642078783934,22
random_dual_outage_10pct,random_dual_outage,0.1,0.1,38,0.0,0.0,0,0.0036152538198699347,18
random_dual_outage_10pct,random_dual_outage,0.1,0.1,39,0.0,0.0,0,0.004852229023832866,17
random_dual_outage_10pct,random_dual_outage,0.1,0.1,40,0.0,0.0,0,0.004900832487720663,16
random_dual_outage_10pct,random_dual_outage,0.1,0.1,41,0.0,0.0,0,0.004619791597058054,20
random_dual_outage_10pct,random_dual_outage,0.1,0.1,42,0.0,0.0,0,0.004649048734780781,18
random_dual_outage_10pct,random_dual_outage,0.1,0.1,43,0.0,0.0,0,0.003626702441301255,18
random_dual_outage_10pct,random_dual_outage,0.1,0.1,44,0.0,0.0,0,0.0052682508896342295,15
random_dual_outage_10pct,random_dual_outage,0.1,0.1,45,0.0,0.0,0,0.004801996990382973,18
random_dual_outage_10pct,random_dual_outage,0.1,0.1,46,0.0,0.0,0,0.004001556818883811,14
random_dual_outage_10pct,random_dual_outage,0.1,0.1,47,0.0,0.0,0,0.0035670865213919267,18
random_dual_outage_10pct,random_dual_outage,0.1,0.1,48,0.0,0.0,0,0.002882383908507924,15
random_dual_outage_10pct,random_dual_outage,0.1,0.1,49,0.0,0.0,0,0.004836394411075862,17
random_dual_outage_10pct,random_dual_outage,0.1,0.1,50,0.0,0.0,0,0.004849212003049441,17
random_dual_outage_10pct,random_dual_outage,0.1,0.1,51,0.0,0.0,0,0.003944171034122146,16
random_dual_outage_10pct,random_dual_outage,0.1,0.1,52,0.0,0.0,0,0.0046982703937077375,19
random_dual_outage_10pct,random_dual_outage,0.1,0.1,53,0.0,0.0,0,0.0051949628698775285,15
random_dual_outage_10pct,random_dual_outage,0.1,0.1,54,0.0,0.0,0,0.005162578561770825,14
random_dual_outage_10pct,random_dual_outage,0.1,0.1,55,0.0,0.0,0,0.0048005854372483725,17
random_dual_outage_10pct,random_dual_outage,0.1,0.1,56,0.0,0.0,0,0.004870993035376525,17
random_dual_outage_10pct,random_dual_outage,0.1,0.1,57,0.0,0.0,0,0.004715038416201578,19
random_dual_outage_10pct,random_dual_outage,0.1,0.1,58,0.0,0.0,0,0.004823975658112101,17
random_dual_outage_10pct,random_dual_outage,0.1,0.1,59,0.0,0.0,0,0.00471073152834145,18
random_dual_outage_10pct,random_dual_outage,0.1,0.1,60,0.0,0.0,0,0.003636446578301644,18
random_dual_outage_10pct,random_dual_outage,0.1,0.1,61,0.0,0.0,0,0.004481536476394821,20
random_dual_outage_10pct,random_dual_outage,0.1,0.1,62,0.0,0.0,0,0.004810611669696208,18
random_dual_outage_10pct,random_dual_outage,0.1,0.1,63,0.0,0.0,0,0.004998128486807252,16
random_dual_outage_10pct,random_dual_outage,0.1,0.1,64,0.0,0.0,0,0.0036476686184165885,17
random_dual_outage_10pct,random_dual_outage,0.1,0.1,65,0.0,0.0,0,0.0047385650993199135,17
random_dual_outage_10pct,random_dual_outage,0.1,0.1,66,0.0,0.0,0,0.004655030928364168,19
random_dual_outage_10pct,random_dual_outage,0.1,0.1,67,0.0,0.0,0,0.005060852738916211,16
random_dual_outage_10pct,random_dual_outage,0.1,0.1,68,0.0,0.0,0,0.00465268135431951,18
random_dual_outage_10pct,random_dual_outage,0.1,0.1,69,0.0,0.0,0,0.0032677109677323735,21
random_dual_outage_10pct,random_dual_outage,0.1,0.1,70,0.0,0.0,0,0.004842661457092223,17
random_dual_outage_10pct,random_dual_outage,0.1,0.1,71,0.0,0.0,0,0.003946479622316534,15
random_dual_outage_10pct,random_dual_outage,0.1,0.1,72,0.0,0.0,0,0.0036016828546301394,18
random_dual_outage_10pct,random_dual_outage,0.1,0.1,73,0.0,0.0,0,0.0044551594284323315,21
random_dual_outage_10pct,random_dual_outage,0.1,0.1,74,0.0,0.0,0,0.0034070867404201177,20
random_dual_outage_10pct,random_dual_outage,0.1,0.1,75,0.0,0.0,0,0.0040756778249475545,13
random_dual_outage_10pct,random_dual_outage,0.1,0.1,76,0.0,0.0,0,0.00392259064726086,16
random_dual_outage_10pct,random_dual_outage,0.1,0.1,77,0.0,0.0,0,0.0038114241745785815,16
random_dual_outage_10pct,random_dual_outage,0.1,0.1,78,0.0,0.0,0,0.003559511216913336,18
random_dual_outage_10pct,random_dual_outage,0.1,0.1,79,0.0,0.0,0,0.004950665614732452,17
random_dual_outage_10pct,random_dual_outage,0.1,0.1,80,0.0,0.0,0,0.004725337901257731,18
random_dual_outage_10pct,random_dual_outage,0.1,0.1,81,0.0,0.0,0,0.004329172913786428,20
random_dual_outage_10pct,random_dual_outage,0.1,0.1,82,0.0,0.0,0,0.0039046640741555727,15
random_dual_outage_10pct,random_dual_outage,0.1,0.1,83,0.0,0.0,0,0.002810849525602954,16
random_dual_outage_10pct,random_dual_outage,0.1,0.1,84,0.0,0.0,0,0.004697516683076275,18
random_dual_outage_10pct,random_dual_outage,0.1,0.1,85,0.0,0.0,0,0.0045950689991927085,20
random_dual_outage_10pct,random_dual_outage,0.1,0.1,86,0.0,0.0,0,0.004750361988783203,17
random_dual_outage_10pct,random_dual_outage,0.1,0.1,87,0.0,0.0,0,0.004426791753432635,20
random_dual_outage_10pct,random_dual_outage,0.1,0.1,88,0.0,0.0,0,0.004682548833531364,18
random_dual_outage_10pct,random_dual_outage,0.1,0.1,89,0.0,0.0,0,0.0052495447279898855,14
random_dual_outage_10pct,random_dual_outage,0.1,0.1,90,0.0,0.0,0,0.0025968208297002526,17
random_dual_outage_10pct,random_dual_outage,0.1,0.1,91,0.0,0.0,0,0.0023763736263737734,19
random_dual_outage_10pct,random_dual_outage,0.1,0.1,92,0.0,0.0,0,0.0037417284654706062,16
random_dual_outage_10pct,random_dual_outage,0.1,0.1,93,0.0,0.0,0,0.004777212052038848,18
random_dual_outage_10pct,random_dual_outage,0.1,0.1,94,0.0,0.0,0,0.0038485570973851857,16
random_dual_outage_10pct,random_dual_outage,0.1,0.1,95,0.0,0.0,0,0.004316916019062145,22
random_dual_outage_10pct,random_dual_outage,0.1,0.1,96,0.0,0.0,0,0.002613502352715402,17
random_dual_outage_10pct,random_dual_outage,0.1,0.1,97,0.0,0.0,0,0.004580492863509145,19
random_dual_outage_10pct,random_dual_outage,0.1,0.1,98,0.0,0.0,0,0.0037797144600679733,17
random_dual_outage_10pct,random_dual_outage,0.1,0.1,99,0.0,0.0,0,0.004887827368801778,16
random_dual_outage_20pct,random_dual_outage,0.2,0.2,0,0.0,0.0,0,0.004180354212885096,18
random_dual_outage_20pct,random_dual_outage,0.2,0.2,1,0.0,0.0,0,0.005418788006830821,17
random_dual_outage_20pct,random_dual_outage,0.2,0.2,2,0.0,0.0,0,0.005611779320816135,17
random_dual_outage_20pct,random_dual_outage,0.2,0.2,3,0.0,0.0,0,0.00437319646038814,15
random_dual_outage_20pct,random_dual_outage,0.2,0.2,4,0.0,0.0,0,0.004251127831510271,16
random_dual_outage_20pct,random_dual_outage,0.2,0.2,5,0.0,0.0,0,0.005476154656235854,16
random_dual_outage_20pct,random_dual_outage,0.2,0.2,6,0.0,0.0,0,0.003200913769138003,15
random_dual_outage_20pct,random_dual_outage,0.2,0.2,7,0.0,0.0,0,0.005462008179486277,16
random_dual_outage_20pct,random_dual_outage,0.2,0.2,8,0.0,0.0,0,0.005441194724495446,17
random_dual_outage_20pct,random_dual_outage,0.2,0.2,9,0.0,0.0,0,0.004535593221382861,14
random_dual_outage_20pct,random_dual_outage,0.2,0.2,10,0.0,0.0,0,0.0020025701434998044,14
random_dual_outage_20pct,random_dual_outage,0.2,0.2,11,0.0,0.0,0,0.006428876710049103,10
random_dual_outage_20pct,random_dual_outage,0.2,0.2,12,0.0,0.0,0,0.005038022990992763,20
random_dual_outage_20pct,random_dual_outage,0.2,0.2,13,0.0,0.0,0,0.003347815094638218,14
random_dual_outage_20pct,random_dual_outage,0.2,0.2,14,0.0,0.0,0,0.005537410227689721,17
random_dual_outage_20pct,random_dual_outage,0.2,0.2,15,0.0,0.0,0,0.0011915327615099613,20
random_dual_outage_20pct,random_dual_outage,0.2,0.2,16,0.0,0.0,0,0.005654787326888622,15
random_dual_outage_20pct,random_dual_outage,0.2,0.2,17,0.0,0.0,0,0.004603936614688164,15
random_dual_outage_20pct,random_dual_outage,0.2,0.2,18,0.0,0.0,0,0.0025397729284217796,19
random_dual_outage_20pct,random_dual_outage,0.2,0.2,19,0.0,0.0,0,0.001545833383888473,18
random_dual_outage_20pct,random_dual_outage,0.2,0.2,20,0.0,0.0,0,0.004636199799747942,15
random_dual_outage_20pct,random_dual_outage,0.2,0.2,21,0.0,0.0,0,0.0009535763187065172,13
random_dual_outage_20pct,random_dual_outage,0.2,0.2,22,0.0,0.0,0,0.003912984039259104,19
random_dual_outage_20pct,random_dual_outage,0.2,0.2,23,0.0,0.0,0,0.004593444382828604,14
random_dual_outage_20pct,random_dual_outage,0.2,0.2,24,0.0,0.0,0,0.0014295121221192808,20
random_dual_outage_20pct,random_dual_outage,0.2,0.2,25,0.0,0.0,0,0.004119362432004392,17
random_dual_outage_20pct,random_dual_outage,0.2,0.2,26,0.0,0.0,0,0.003481770967640241,12
random_dual_outage_20pct,random_dual_outage,0.2,0.2,27,0.0,0.0,0,0.0057747813561399575,14
random_dual_outage_20pct,random_dual_outage,0.2,0.2,28,0.0,0.0,0,0.004356468708007766,17
random_dual_outage_20pct,random_dual_outage,0.2,0.2,29,0.0,0.0,0,0.0038599553843754464,21
random_dual_outage_20pct,random_dual_outage,0.2,0.2,30,0.0,0.0,0,0.0030147517115635125,16
random_dual_outage_20pct,random_dual_outage,0.2,0.2,31,0.0,0.0,0,0.002984526872526816,17
random_dual_outage_20pct,random_dual_outage,0.2,0.2,32,0.0,0.0,0,0.001924135729084675,15
random_dual_outage_20pct,random_dual_outage,0.2,0.2,33,0.0,0.0,0,0.004334169979710367,17
random_dual_outage_20pct,random_dual_outage,0.2,0.2,34,0.0,0.0,0,0.006049224041317913,12
random_dual_outage_20pct,random_dual_outage,0.2,0.2,35,0.0,0.0,0,0.0024130406879732114,11
random_dual_outage_20pct,random_dual_outage,0.2,0.2,36,0.0,0.0,0,0.004365235195673112,16
random_dual_outage_20pct,random_dual_outage,0.2,0.2,37,0.0,0.0,0,0.004154911739243872,17
random_dual_outage_20pct,random_dual_outage,0.2,0.2,38,0.0,0.0,0,0.006250864822146207,10
random_dual_outage_20pct,random_dual_outage,0.2,0.2,39,0.0,0.0,0,0.003213950737317006,15
random_dual_outage_20pct,random_dual_outage,0.2,0.2,40,0.0,0.0,0,0.0033840500266197893,13
random_dual_outage_20pct,random_dual_outage,0.2,0.2,41,0.0,0.0,0,0.0017709190901389338,17
random_dual_outage_20pct,random_dual_outage,0.2,0.2,42,0.0,0.0,0,0.00593167920063653,14
random_dual_outage_20pct,random_dual_outage,0.2,0.2,43,0.0,0.0,0,0.004088369236323608,18
random_dual_outage_20pct,random_dual_outage,0.2,0.2,44,0.0,0.0,0,0.005445392043709418,16
random_dual_outage_20pct,random_dual_outage,0.2,0.2,45,0.0,0.0,0,0.004396951835792473,15
random_dual_outage_20pct,random_dual_outage,0.2,0.2,46,0.0,0.0,0,0.005333929888629463,16
random_dual_outage_20pct,random_dual_outage,0.2,0.2,47,0.0,0.0,0,0.0017493602645533013,16
random_dual_outage_20pct,random_dual_outage,0.2,0.2,48,0.0,0.0,0,0.004501616896089633,15
random_dual_outage_20pct,random_dual_outage,0.2,0.2,49,0.0,0.0,0,0.005789476647828362,15
random_dual_outage_20pct,random_dual_outage,0.2,0.2,50,0.0,0.0,0,0.0042036754292116285,17
random_dual_outage_20pct,random_dual_outage,0.2,0.2,51,0.0,0.0,0,0.003531433478590973,13
random_dual_outage_20pct,random_dual_outage,0.2,0.2,52,0.0,0.0,0,0.004269635771078306,15
random_dual_outage_20pct,random_dual_outage,0.2,0.2,53,0.0,0.0,0,0.003239565157769686,15
random_dual_outage_20pct,random_dual_outage,0.2,0.2,54,0.0,0.0,0,0.002902297426238265,17
random_dual_outage_20pct,random_dual_outage,0.2,0.2,55,0.0,0.0,0,0.004692221365720783,14
random_dual_outage_20pct,random_dual_outage,0.2,0.2,56,0.0,0.0,0,0.001958490489608611,15
random_dual_outage_20pct,random_dual_outage,0.2,0.2,57,0.0,0.0,0,0.005947853009407034,14
random_dual_outage_20pct,random_dual_outage,0.2,0.2,58,0.0,0.0,0,0.0042836970975113076,17
random_dual_outage_20pct,random_dual_outage,0.2,0.2,59,0.0,0.0,0,0.005629363593312231,15
random_dual_outage_20pct,random_dual_outage,0.2,0.2,60,0.0,0.0,0,0.003452482611728369,14
random_dual_outage_20pct,random_dual_outage,0.2,0.2,61,0.0,0.0,0,0.004718350834135965,13
random_dual_outage_20pct,random_dual_outage,0.2,0.2,62,0.0,0.0,0,0.004922758714741349,12
random_dual_outage_20pct,random_dual_outage,0.2,0.2,63,0.0,0.0,0,0.00452556253840064,15
random_dual_outage_20pct,random_dual_outage,0.2,0.2,64,0.0,0.0,0,0.0029001617436330562,17
random_dual_outage_20pct,random_dual_outage,0.2,0.2,65,0.0,0.0,0,0.0023957666979343983,12
random_dual_outage_20pct,random_dual_outage,0.2,0.2,66,0.0,0.0,0,0.005397667655278937,16
random_dual_outage_20pct,random_dual_outage,0.2,0.2,67,0.0,0.0,0,0.004353903129486136,14
random_dual_outage_20pct,random_dual_outage,0.2,0.2,68,0.0,0.0,0,0.00498866021522737,11
random_dual_outage_20pct,random_dual_outage,0.2,0.2,69,0.0,0.0,0,0.0052534346080372885,17
random_dual_outage_20pct,random_dual_outage,0.2,0.2,70,0.0,0.0,0,0.004215024643744236,18
random_dual_outage_20pct,random_dual_outage,0.2,0.2,71,0.0,0.0,0,0.004778167530621769,12
random_dual_outage_20pct,random_dual_outage,0.2,0.2,72,0.0,0.0,0,0.00426833044339836,16
random_dual_outage_20pct,random_dual_outage,0.2,0.2,73,0.0,0.0,0,0.0030627120430704036,16
random_dual_outage_20pct,random_dual_outage,0.2,0.2,74,0.0,0.0,0,0.004182641603077242,17
random_dual_outage_20pct,random_dual_outage,0.2,0.2,75,0.0,0.0,0,0.0014824873444430064,18
random_dual_outage_20pct,random_dual_outage,0.2,0.2,76,0.0,0.0,0,0.0047398318253437655,12
random_dual_outage_20pct,random_dual_outage,0.2,0.2,77,0.0,0.0,0,0.005728081189887657,14
random_dual_outage_20pct,random_dual_outage,0.2,0.2,78,0.0,0.0,0,0.003315203789501897,13
random_dual_outage_20pct,random_dual_outage,0.2,0.2,79,0.0,0.0,0,0.005371312117295135,18
random_dual_outage_20pct,random_dual_outage,0.2,0.2,80,0.0,0.0,0,0.0041666971181588686,17
random_dual_outage_20pct,random_dual_outage,0.2,0.2,81,0.0,0.0,0,0.004764667656888211,12
random_dual_outage_20pct,random_dual_outage,0.2,0.2,82,0.0,0.0,0,0.004484085150455952,14
random_dual_outage_20pct,random_dual_outage,0.2,0.2,83,0.0,0.0,0,0.0026776308818121652,19
random_dual_outage_20pct,random_dual_outage,0.2,0.2,84,0.0,0.0,0,0.006070555100880837,13
random_dual_outage_20pct,random_dual_outage,0.2,0.2,85,0.0,0.0,0,0.004579385183100415,14
random_dual_outage_20pct,random_dual_outage,0.2,0.2,86,0.0,0.0,0,0.0030457212484189533,16
random_dual_outage_20pct,random_dual_outage,0.2,0.2,87,0.0,0.0,0,0.00606829020100208,13
random_dual_outage_20pct,random_dual_outage,0.2,0.2,88,0.0,0.0,0,0.0033248795112470475,14
random_dual_outage_20pct,random_dual_outage,0.2,0.2,89,0.0,0.0,0,0.0030594109951820325,17
random_dual_outage_20pct,random_dual_outage,0.2,0.2,90,0.0,0.0,0,0.003090174848699112,16
random_dual_outage_20pct,random_dual_outage,0.2,0.2,91,0.0,0.0,0,0.0013996783770409138,19
random_dual_outage_20pct,random_dual_outage,0.2,0.2,92,0.0,0.0,0,0.0060024961316327285,14
random_dual_outage_20pct,random_dual_outage,0.2,0.2,93,0.0,0.0,0,0.004603798005870852,13
random_dual_outage_20pct,random_dual_outage,0.2,0.2,94,0.0,0.0,0,0.005778745299821919,16
random_dual_outage_20pct,random_dual_outage,0.2,0.2,95,0.0,0.0,0,0.00398234857522195,18
random_dual_outage_20pct,random_dual_outage,0.2,0.2,96,0.0,0.0,0,0.002768565132073908,18
random_dual_outage_20pct,random_dual_outage,0.2,0.2,97,0.0,0.0,0,0.0024673065568316943,11
random_dual_outage_20pct,random_dual_outage,0.2,0.2,98,0.0,0.0,0,0.005486890074202888,16
random_dual_outage_20pct,random_dual_outage,0.2,0.2,99,0.0,0.0,0,0.0006990568211415749,15
independent_aia10_sharp1,independent_missingness,0.1,0.01,0,0.09749955027882706,0.09778225806451613,97,0.0060045247202829,120
independent_aia10_sharp1,independent_missingness,0.1,0.01,1,0.10550458715596323,0.10685483870967738,106,0.004256087478872406,129
independent_aia10_sharp1,independent_missingness,0.1,0.01,2,0.09929843497031843,0.10584677419354838,105,-0.002077436791546816,121
independent_aia10_sharp1,independent_missingness,0.1,0.01,3,0.10127720813095875,0.09879032258064513,98,0.011991103324646701,124
independent_aia10_sharp1,independent_missingness,0.1,0.01,4,0.09974815614319121,0.11189516129032262,111,-0.0014978208824032446,129
independent_aia10_sharp1,independent_missingness,0.1,0.01,5,0.09606044252563417,0.09173387096774188,91,0.00180107899893156,126
independent_aia10_sharp1,independent_missingness,0.1,0.01,6,0.09965821190861668,0.10080645161290314,100,0.009032327170263033,131
independent_aia10_sharp1,independent_missingness,0.1,0.01,7,0.09902860226659471,0.09375,93,0.004709353773147518,127
independent_aia10_sharp1,independent_missingness,0.1,0.01,8,0.09884871379744553,0.09173387096774199,91,0.010100080721601401,119
independent_aia10_sharp1,independent_missingness,0.1,0.01,9,0.09606044252563406,0.09677419354838701,96,0.00839334765179034,109
independent_aia10_sharp1,independent_missingness,0.1,0.01,10,0.10028782155063865,0.10483870967741937,104,0.00886457124091633,121
independent_aia10_sharp1,independent_missingness,0.1,0.01,11,0.09570066558733592,0.09576612903225812,95,0.0036304252025438633,111
independent_aia10_sharp1,independent_missingness,0.1,0.01,12,0.09776938298255078,0.1088709677419355,108,0.001912633002792763,128
independent_aia10_sharp1,independent_missingness,0.1,0.01,13,0.10226659471127897,0.09677419354838712,96,0.008748675649954185,133
independent_aia10_sharp1,independent_missingness,0.1,0.01,14,0.09893865803202018,0.10383064516129026,103,0.009225663841068599,121
independent_aia10_sharp1,independent_missingness,0.1,0.01,15,0.10253642741500268,0.09173387096774199,91,0.009089428764812002,113
independent_aia10_sharp1,independent_missingness,0.1,0.01,16,0.09219284043892784,0.10080645161290314,100,0.0006315654918085389,130
independent_aia10_sharp1,independent_missingness,0.1,0.01,17,0.09570066558733592,0.10080645161290314,100,0.011099842255801295,102
independent_aia10_sharp1,independent_missingness,0.1,0.01,18,0.10226659471127897,0.09778225806451613,97,0.008267246687643226,122
independent_aia10_sharp1,independent_missingness,0.1,0.01,19,0.09866882532829646,0.09072580645161299,90,0.011222128540226972,121
independent_aia10_sharp1,independent_missingness,0.1,0.01,20,0.09417161359956827,0.08669354838709675,86,-0.0017669348133559915,119
independent_aia10_sharp1,independent_missingness,0.1,0.01,21,0.09983810037776586,0.09576612903225812,95,0.010798743635445085,110
independent_aia10_sharp1,independent_missingness,0.1,0.01,22,0.09713977334052881,0.09677419354838712,96,0.005770685671478093,126
independent_aia10_sharp1,independent_missingness,0.1,0.01,23,0.09866882532829646,0.09173387096774199,91,0.012838006970944615,116
independent_aia10_sharp1,independent_missingness,0.1,0.01,24,0.09597049829105953,0.09375,93,-9.448157830260762e-05,118
independent_aia10_sharp1,independent_missingness,0.1,0.01,25,0.10001798884691493,0.10080645161290314,100,0.011657819734302688,126
independent_aia10_sharp1,independent_missingness,0.1,0.01,26,0.09435150206871745,0.10483870967741937,104,0.005319670649247099,102
independent_aia10_sharp1,independent_missingness,0.1,0.01,27,0.100197877316064,0.09879032258064524,98,0.006091265625286502,107
independent_aia10_sharp1,independent_missingness,0.1,0.01,28,0.10073754272351143,0.10584677419354838,105,0.013320682619286206,118
independent_aia10_sharp1,independent_missingness,0.1,0.01,29,0.09794927145169996,0.09173387096774199,91,0.00402755116374931,118
independent_aia10_sharp1,independent_missingness,0.1,0.01,30,0.10001798884691493,0.09677419354838712,96,0.010936571914308857,132
independent_aia10_sharp1,independent_missingness,0.1,0.01,31,0.0947112790070157,0.09576612903225812,95,-0.0050878880108577995,118
independent_aia10_sharp1,independent_missingness,0.1,0.01,32,0.10145709660010793,0.08165322580645162,81,0.004056307760653688,127
independent_aia10_sharp1,independent_missingness,0.1,0.01,33,0.09821910415542356,0.10080645161290325,100,0.008745069742726042,111
independent_aia10_sharp1,independent_missingness,0.1,0.01,34,0.10010793308148946,0.09677419354838701,96,0.005292262382397883,105
independent_aia10_sharp1,independent_missingness,0.1,0.01,35,0.09372189242669549,0.08266129032258063,82,0.0009626059114578034,103
independent_aia10_sharp1,independent_missingness,0.1,0.01,36,0.10334592552617372,0.10282258064516125,102,0.010801761564507295,137
independent_aia10_sharp1,independent_missingness,0.1,0.01,37,0.09839899262457286,0.09879032258064524,98,0.0010995085825564743,123
independent_aia10_sharp1,independent_missingness,0.1,0.01,38,0.10334592552617383,0.09576612903225812,95,0.006883055315771713,125
independent_aia10_sharp1,independent_missingness,0.1,0.01,39,0.09704982910595428,0.11189516129032262,111,-0.0010268723676623015,113
independent_aia10_sharp1,independent_missingness,0.1,0.01,40,0.10010793308148946,0.09576612903225812,95,0.013383086211520956,123
independent_aia10_sharp1,independent_missingness,0.1,0.01,41,0.1009174311926605,0.09677419354838701,96,0.004336186275381904,120
independent_aia10_sharp1,independent_missingness,0.1,0.01,42,0.09704982910595428,0.10584677419354838,105,0.00171800962623192,113
independent_aia10_sharp1,independent_missingness,0.1,0.01,43,0.10325598129159919,0.1108870967741935,110,0.011303736887478655,120
independent_aia10_sharp1,independent_missingness,0.1,0.01,44,0.10028782155063865,0.08669354838709675,86,0.01374659651280341,109
independent_aia10_sharp1,independent_missingness,0.1,0.01,45,0.09956826767404203,0.09072580645161288,90,0.005587665627165839,122
independent_aia10_sharp1,independent_missingness,0.1,0.01,46,0.09956826767404214,0.08568548387096775,85,-0.001172505028462334,129
independent_aia10_sharp1,independent_missingness,0.1,0.01,47,0.09686994063680521,0.08971774193548387,89,5.3874926398300715e-05,123
independent_aia10_sharp1,independent_missingness,0.1,0.01,48,0.0980392156862745,0.09979838709677424,99,0.0016146796684863851,112
independent_aia10_sharp1,independent_missingness,0.1,0.01,49,0.09669005216765614,0.08971774193548387,89,0.00306762063859245,110
independent_aia10_sharp1,independent_missingness,0.1,0.01,50,0.10145709660010793,0.10887096774193539,108,0.005889976808672426,123
independent_aia10_sharp1,independent_missingness,0.1,0.01,51,0.09345205972297177,0.10887096774193539,108,0.013034550048615534,113
independent_aia10_sharp1,independent_missingness,0.1,0.01,52,0.10028782155063853,0.11290322580645162,112,0.02086531953989601,131
independent_aia10_sharp1,independent_missingness,0.1,0.01,53,0.0980392156862745,0.09778225806451613,97,0.009619096002640326,119
independent_aia10_sharp1,independent_missingness,0.1,0.01,54,0.09381183666127002,0.11491935483870963,114,0.0035102243172819847,108
independent_aia10_sharp1,independent_missingness,0.1,0.01,55,0.10271631588415187,0.09072580645161288,90,0.0002935844295550716,139
independent_aia10_sharp1,independent_missingness,0.1,0.01,56,0.09453139053786652,0.094758064516129,94,0.01080904525432036,135
independent_aia10_sharp1,independent_missingness,0.1,0.01,57,0.10253642741500268,0.094758064516129,94,0.001485376721322318,144
independent_aia10_sharp1,independent_missingness,0.1,0.01,58,0.09938837920489296,0.094758064516129,94,0.00844539093532748,108
independent_aia10_sharp1,independent_missingness,0.1,0.01,59,0.1006475984889369,0.09677419354838712,96,0.0068430041325409086,119
independent_aia10_sharp1,independent_missingness,0.1,0.01,60,0.09669005216765603,0.08669354838709686,86,-0.0005650129331107312,126
independent_aia10_sharp1,independent_missingness,0.1,0.01,61,0.09704982910595439,0.09879032258064513,98,0.007846591174788475,115
independent_aia10_sharp1,independent_missingness,0.1,0.01,62,0.09579060982191034,0.08366935483870963,83,0.003758115456000244,124
independent_aia10_sharp1,independent_missingness,0.1,0.01,63,0.09642021946393231,0.092741935483871,92,0.013319138382160478,112
independent_aia10_sharp1,independent_missingness,0.1,0.01,64,0.10109731966180968,0.09979838709677413,99,0.002415960202148293,111
independent_aia10_sharp1,independent_missingness,0.1,0.01,65,0.1035258139953229,0.11189516129032251,111,0.006777736813943225,122
independent_aia10_sharp1,independent_missingness,0.1,0.01,66,0.09660010793308149,0.09576612903225801,95,0.005509400297386113,107
independent_aia10_sharp1,independent_missingness,0.1,0.01,67,0.09336211548839723,0.07358870967741937,73,0.0015461987644784791,114
independent_aia10_sharp1,independent_missingness,0.1,0.01,68,0.09938837920489296,0.09173387096774188,91,0.013958188513393255,106
independent_aia10_sharp1,independent_missingness,0.1,0.01,69,0.100197877316064,0.10685483870967738,106,0.013540372612971918,105
independent_aia10_sharp1,independent_missingness,0.1,0.01,70,0.09794927145169996,0.10685483870967738,106,-0.00012702774975781317,115
independent_aia10_sharp1,independent_missingness,0.1,0.01,71,0.09534088864903767,0.08770161290322576,87,0.00439210231231657,117
independent_aia10_sharp1,independent_missingness,0.1,0.01,72,0.0994783234394675,0.1108870967741935,110,0.015173424402312508,107
independent_aia10_sharp1,independent_missingness,0.1,0.01,73,0.10055765425436225,0.1098790322580645,109,0.005282386578066456,127
independent_aia10_sharp1,independent_missingness,0.1,0.01,74,0.09857888109372193,0.1108870967741935,110,0.01788968050622808,98
independent_aia10_sharp1,independent_missingness,0.1,0.01,75,0.09893865803202018,0.11995967741935487,119,0.004638004801999385,104
independent_aia10_sharp1,independent_missingness,0.1,0.01,76,0.10046771001978783,0.09274193548387089,92,1.5815605693969559e-06,111
independent_aia10_sharp1,independent_missingness,0.1,0.01,77,0.09866882532829646,0.08467741935483875,84,0.0016605564109841708,123
independent_aia10_sharp1,independent_missingness,0.1,0.01,78,0.10109731966180968,0.09677419354838712,96,0.019311718197657646,132
independent_aia10_sharp1,independent_missingness,0.1,0.01,79,0.09938837920489307,0.1088709677419355,108,0.014687992523291005,128
independent_aia10_sharp1,independent_missingness,0.1,0.01,80,0.09821910415542368,0.10483870967741937,104,0.0034784928347626476,128
independent_aia10_sharp1,independent_missingness,0.1,0.01,81,0.10217665047670443,0.11290322580645162,112,0.006460684106518455,124
independent_aia10_sharp1,independent_missingness,0.1,0.01,82,0.09561072135276127,0.10685483870967738,106,-0.001936533324355283,99
independent_aia10_sharp1,independent_missingness,0.1,0.01,83,0.09561072135276127,0.09072580645161288,90,0.018192367429494816,98
independent_aia10_sharp1,independent_missingness,0.1,0.01,84,0.09633027522935778,0.10383064516129026,103,0.006423535180772433,112
independent_aia10_sharp1,independent_missingness,0.1,0.01,85,0.09857888109372193,0.09778225806451613,97,0.005213626350403677,131
independent_aia10_sharp1,independent_missingness,0.1,0.01,86,0.10406547940277022,0.10383064516129026,103,0.013275068559130077,129
independent_aia10_sharp1,independent_missingness,0.1,0.01,87,0.09992804461234028,0.10685483870967749,106,0.009713402987981956,126
independent_aia10_sharp1,independent_missingness,0.1,0.01,88,0.09992804461234028,0.08568548387096775,85,-0.0023526016672987815,131
independent_aia10_sharp1,independent_missingness,0.1,0.01,89,0.09624033099478313,0.08971774193548387,89,0.0035082830440269497,120
independent_aia10_sharp1,independent_missingness,0.1,0.01,90,0.09884871379744564,0.10181451612903225,101,0.0063287395060087626,112
independent_aia10_sharp1,independent_missingness,0.1,0.01,91,0.10091743119266061,0.09879032258064513,98,-4.267700753657344e-05,131
independent_aia10_sharp1,independent_missingness,0.1,0.01,92,0.09992804461234028,0.11895161290322576,118,0.018895263314114175,104
independent_aia10_sharp1,independent_missingness,0.1,0.01,93,0.09740960604425264,0.10584677419354838,105,0.014107871604899014,112
independent_aia10_sharp1,independent_missingness,0.1,0.01,94,0.0999280446123404,0.09576612903225812,95,0.008888680190843656,124
independent_aia10_sharp1,independent_missingness,0.1,0.01,95,0.10073754272351143,0.10685483870967738,106,0.001471040987047978,128
independent_aia10_sharp1,independent_missingness,0.1,0.01,96,0.09372189242669549,0.11290322580645162,112,0.009199355405842269,110
independent_aia10_sharp1,independent_missingness,0.1,0.01,97,0.09704982910595428,0.1088709677419355,108,0.016544889448116384,109
independent_aia10_sharp1,independent_missingness,0.1,0.01,98,0.09722971757510346,0.10383064516129026,103,0.011515112934709526,104
independent_aia10_sharp1,independent_missingness,0.1,0.01,99,0.10055765425436225,0.10383064516129026,103,0.007012409599995939,126
independent_aia10_sharp5,independent_missingness,0.1,0.05,0,0.09704982910595428,0.09879032258064513,98,0.007255643568887971,121
independent_aia10_sharp5,independent_missingness,0.1,0.05,1,0.09327217125382259,0.08669354838709675,86,0.016915844283836856,125
independent_aia10_sharp5,independent_missingness,0.1,0.05,2,0.09552077711818674,0.09173387096774199,91,0.008702875179711578,120
independent_aia10_sharp5,independent_missingness,0.1,0.05,3,0.09489116747616477,0.08971774193548387,89,0.001401863833510708,127
independent_aia10_sharp5,independent_missingness,0.1,0.05,4,0.09588055405648499,0.09072580645161288,90,-0.01189884820525755,126
independent_aia10_sharp5,independent_missingness,0.1,0.05,5,0.09713977334052881,0.1108870967741935,110,0.0043450837222278604,119
independent_aia10_sharp5,independent_missingness,0.1,0.05,6,0.09956826767404203,0.1088709677419355,108,0.011366520781467493,115
independent_aia10_sharp5,independent_missingness,0.1,0.05,7,0.09246267314265155,0.10181451612903225,101,0.006635953987540466,117
independent_aia10_sharp5,independent_missingness,0.1,0.05,8,0.09399172513041909,0.10282258064516137,102,0.006626773277899289,124
independent_aia10_sharp5,independent_missingness,0.1,0.05,9,0.09561072135276127,0.08568548387096775,85,0.01052213903235577,115
independent_aia10_sharp5,independent_missingness,0.1,0.05,10,0.09498111171073931,0.09879032258064513,98,0.0040515391533115785,119
independent_aia10_sharp5,independent_missingness,0.1,0.05,11,0.09111350962403308,0.09879032258064524,98,0.010096312424707543,98
independent_aia10_sharp5,independent_missingness,0.1,0.05,12,0.09812915992084914,0.09778225806451613,97,0.005331386011107497,125
independent_aia10_sharp5,independent_missingness,0.1,0.05,13,0.0918330635006297,0.10584677419354838,105,0.001955758488729975,109
independent_aia10_sharp5,independent_missingness,0.1,0.05,14,0.08976434610541462,0.09576612903225812,95,-0.0022838065856305434,117
independent_aia10_sharp5,independent_missingness,0.1,0.05,15,0.09390178089584456,0.10383064516129037,103,0.0167467305549045,112
independent_aia10_sharp5,independent_missingness,0.1,0.05,16,0.09866882532829646,0.09173387096774199,91,0.016504995852954618,131
independent_aia10_sharp5,independent_missingness,0.1,0.05,17,0.09597049829105964,0.10080645161290314,100,0.00038710791945195666,134
independent_aia10_sharp5,independent_missingness,0.1,0.05,18,0.09525094441446302,0.10080645161290314,100,0.02536463679992096,111
independent_aia10_sharp5,independent_missingness,0.1,0.05,19,0.09129339809318215,0.08467741935483875,84,0.0032793258811232295,114
independent_aia10_sharp5,independent_missingness,0.1,0.05,20,0.08976434610541473,0.08366935483870974,83,0.00011478707446066494,106
independent_aia10_sharp5,independent_missingness,0.1,0.05,21,0.09642021946393242,0.1098790322580645,109,0.0038200840341953146,120
independent_aia10_sharp5,independent_missingness,0.1,0.05,22,0.09327217125382259,0.08669354838709686,86,0.0006621102491743969,114
independent_aia10_sharp5,independent_missingness,0.1,0.05,23,0.09866882532829646,0.09979838709677413,99,0.00018395641571289367,114
independent_aia10_sharp5,independent_missingness,0.1,0.05,24,0.097319661809678,0.092741935483871,92,0.01513321222583941,103
independent_aia10_sharp5,independent_missingness,0.1,0.05,25,0.09633027522935778,0.09173387096774188,91,0.007806451363247202,99
independent_aia10_sharp5,independent_missingness,0.1,0.05,26,0.09462133477244106,0.08568548387096775,85,0.00935085732299168,115
independent_aia10_sharp5,independent_missingness,0.1,0.05,27,0.09453139053786652,0.08568548387096775,85,0.008460953226404389,133
independent_aia10_sharp5,independent_missingness,0.1,0.05,28,0.10028782155063865,0.09879032258064513,98,0.02171256103318253,98
independent_aia10_sharp5,independent_missingness,0.1,0.05,29,0.09902860226659471,0.09979838709677413,99,0.005438784332536528,130
independent_aia10_sharp5,independent_missingness,0.1,0.05,30,0.08994423457456369,0.0786290322580645,78,0.0066041601180957255,112
independent_aia10_sharp5,independent_missingness,0.1,0.05,31,0.09570066558733581,0.092741935483871,92,0.009480214228480888,117
independent_aia10_sharp5,independent_missingness,0.1,0.05,32,0.09156323079690587,0.10584677419354838,105,0.009931049410780934,121
independent_aia10_sharp5,independent_missingness,0.1,0.05,33,0.09435150206871745,0.1088709677419355,108,0.0006500195255243479,127
independent_aia10_sharp5,independent_missingness,0.1,0.05,34,0.09093362115488401,0.09576612903225801,95,-0.0003685574422958027,120
independent_aia10_sharp5,independent_missingness,0.1,0.05,35,0.0954308328836121,0.09576612903225812,95,2.2198308440080083e-05,116
independent_aia10_sharp5,independent_missingness,0.1,0.05,36,0.09066378845116019,0.10181451612903225,101,0.007407913442420755,120
independent_aia10_sharp5,independent_missingness,0.1,0.05,37,0.0868861305990285,0.09072580645161288,90,0.006199824815315003,100
independent_aia10_sharp5,independent_missingness,0.1,0.05,38,0.09686994063680521,0.10080645161290325,100,-0.006590608066745496,113
independent_aia10_sharp5,independent_missingness,0.1,0.05,39,0.09246267314265155,0.08064516129032251,80,0.012551937964153659,126
independent_aia10_sharp5,independent_missingness,0.1,0.05,40,0.09444144630329188,0.08770161290322576,87,0.00631584232286686,115
independent_aia10_sharp5,independent_missingness,0.1,0.05,41,0.09552077711818674,0.09576612903225812,95,0.011378362953104126,111
independent_aia10_sharp5,independent_missingness,0.1,0.05,42,0.09183306350062959,0.08467741935483863,84,0.004557036634920797,122
independent_aia10_sharp5,independent_missingness,0.1,0.05,43,0.0980392156862746,0.1088709677419355,108,-0.004080373185679775,134
independent_aia10_sharp5,independent_missingness,0.1,0.05,44,0.0980392156862745,0.10383064516129037,103,-0.002691036543222891,121
independent_aia10_sharp5,independent_missingness,0.1,0.05,45,0.09974815614319121,0.11290322580645162,112,0.020386172565883598,129
independent_aia10_sharp5,independent_missingness,0.1,0.05,46,0.10046771001978771,0.10080645161290325,100,0.006592706809390725,112
independent_aia10_sharp5,independent_missingness,0.1,0.05,47,0.09462133477244106,0.094758064516129,94,0.010079659749052672,105
independent_aia10_sharp5,independent_missingness,0.1,0.05,48,0.09588055405648499,0.08971774193548387,89,0.011203852110209134,107
independent_aia10_sharp5,independent_missingness,0.1,0.05,49,0.09866882532829646,0.08870967741935476,88,0.005813284562624421,115
independent_aia10_sharp5,independent_missingness,0.1,0.05,50,0.0999280446123404,0.09979838709677413,99,0.008518327664182479,125
independent_aia10_sharp5,independent_missingness,0.1,0.05,51,0.09704982910595428,0.10181451612903225,101,-0.0036587940087851045,122
independent_aia10_sharp5,independent_missingness,0.1,0.05,52,0.09660010793308149,0.09576612903225812,95,-0.000491432689099236,114
independent_aia10_sharp5,independent_missingness,0.1,0.05,53,0.09633027522935789,0.09979838709677424,99,0.011559530711011234,122
independent_aia10_sharp5,independent_missingness,0.1,0.05,54,0.10028782155063865,0.10786290322580638,107,0.013918086428060139,101
independent_aia10_sharp5,independent_missingness,0.1,0.05,55,0.09453139053786652,0.09778225806451613,97,0.009613831815812102,100
independent_aia10_sharp5,independent_missingness,0.1,0.05,56,0.0954308328836121,0.10483870967741937,104,0.008994329054439199,128
independent_aia10_sharp5,independent_missingness,0.1,0.05,57,0.09192300773520423,0.09778225806451613,97,0.010107469909077293,115
independent_aia10_sharp5,independent_missingness,0.1,0.05,58,0.09767943874797624,0.08366935483870974,83,0.0038165636017608584,114
independent_aia10_sharp5,independent_missingness,0.1,0.05,59,0.09219284043892795,0.09778225806451613,97,0.010884742105218725,116
independent_aia10_sharp5,independent_missingness,0.1,0.05,60,0.09821910415542368,0.092741935483871,92,0.011668518895342483,106
independent_aia10_sharp5,independent_missingness,0.1,0.05,61,0.09507105594531395,0.09173387096774188,91,0.006430657023115627,123
independent_aia10_sharp5,independent_missingness,0.1,0.05,62,0.09480122324159013,0.08366935483870963,83,-0.0009360556157578248,118
independent_aia10_sharp5,independent_missingness,0.1,0.05,63,0.0961503867602087,0.09375,93,0.007433338487077501,113
independent_aia10_sharp5,independent_missingness,0.1,0.05,64,0.09570066558733581,0.08770161290322587,87,0.005901264332986544,107
independent_aia10_sharp5,independent_missingness,0.1,0.05,65,0.09309228278467352,0.07459677419354838,74,0.013981845797275128,106
independent_aia10_sharp5,independent_missingness,0.1,0.05,66,0.09399172513041909,0.0786290322580645,78,0.004634807241758576,118
independent_aia10_sharp5,independent_missingness,0.1,0.05,67,0.0999280446123404,0.09879032258064513,98,0.0001472275738565454,134
independent_aia10_sharp5,independent_missingness,0.1,0.05,68,0.09686994063680521,0.09072580645161288,90,0.0025838031262637173,112
independent_aia10_sharp5,independent_missingness,0.1,0.05,69,0.09624033099478324,0.08971774193548387,89,-0.00013386507582779927,113
independent_aia10_sharp5,independent_missingness,0.1,0.05,70,0.09624033099478324,0.10685483870967749,106,0.004688307805084335,117
independent_aia10_sharp5,independent_missingness,0.1,0.05,71,0.09561072135276127,0.11189516129032262,111,0.002527787246744184,120
independent_aia10_sharp5,independent_missingness,0.1,0.05,72,0.09462133477244106,0.09072580645161299,90,0.003949647611753537,114
independent_aia10_sharp5,independent_missingness,0.1,0.05,73,0.09848893685914739,0.094758064516129,94,0.006655677077833211,123
independent_aia10_sharp5,independent_missingness,0.1,0.05,74,0.0954308328836122,0.10685483870967738,106,0.011553652553139449,110
independent_aia10_sharp5,independent_missingness,0.1,0.05,75,0.10073754272351132,0.08870967741935487,88,0.0037688510914413165,126
independent_aia10_sharp5,independent_missingness,0.1,0.05,76,0.09336211548839712,0.09072580645161288,90,0.007937437695996419,103
independent_aia10_sharp5,independent_missingness,0.1,0.05,77,0.09579060982191046,0.09576612903225801,95,0.007240203221004826,118
independent_aia10_sharp5,independent_missingness,0.1,0.05,78,0.09408166936499363,0.10080645161290325,100,0.007725083394216181,104
independent_aia10_sharp5,independent_missingness,0.1,0.05,79,0.09516100017988849,0.0796370967741935,79,0.005050337149096418,122
independent_aia10_sharp5,independent_missingness,0.1,0.05,80,0.09327217125382259,0.10080645161290314,100,0.018398439465398875,123
independent_aia10_sharp5,independent_missingness,0.1,0.05,81,0.0961503867602087,0.10584677419354838,105,0.012727255508695023,122
independent_aia10_sharp5,independent_missingness,0.1,0.05,82,0.09525094441446302,0.09173387096774199,91,0.01624620960982126,111
independent_aia10_sharp5,independent_missingness,0.1,0.05,83,0.09893865803202018,0.10282258064516125,102,0.0025657984763141073,122
independent_aia10_sharp5,independent_missingness,0.1,0.05,84,0.0913833423277568,0.09375,93,0.008748723161952743,123
independent_aia10_sharp5,independent_missingness,0.1,0.05,85,0.09336211548839712,0.08870967741935487,88,0.00988306773510339,106
independent_aia10_sharp5,independent_missingness,0.1,0.05,86,0.09318222701924805,0.08467741935483875,84,0.008123424170354943,105
independent_aia10_sharp5,independent_missingness,0.1,0.05,87,0.09102356538945844,0.08870967741935487,88,0.008143202106248193,120
independent_aia10_sharp5,independent_missingness,0.1,0.05,88,0.0918330635006297,0.08467741935483875,84,-0.004474905066343293,107
independent_aia10_sharp5,independent_missingness,0.1,0.05,89,0.09570066558733581,0.09576612903225812,95,0.005784942579465158,126
independent_aia10_sharp5,independent_missingness,0.1,0.05,90,0.09462133477244106,0.09274193548387089,92,-0.0030030953581676734,122
independent_aia10_sharp5,independent_missingness,0.1,0.05,91,0.09633027522935778,0.08568548387096775,85,0.005997286928382195,124
independent_aia10_sharp5,independent_missingness,0.1,0.05,92,0.09489116747616477,0.08467741935483875,84,0.0024146100917399327,135
independent_aia10_sharp5,independent_missingness,0.1,0.05,93,0.08967440187084008,0.09072580645161299,90,0.016624050777544808,109
independent_aia10_sharp5,independent_missingness,0.1,0.05,94,0.0918330635006297,0.094758064516129,94,-0.0009760999820500604,120
independent_aia10_sharp5,independent_missingness,0.1,0.05,95,0.09453139053786652,0.09576612903225801,95,0.001887601785094617,112
independent_aia10_sharp5,independent_missingness,0.1,0.05,96,0.09462133477244106,0.09173387096774199,91,-0.002719900669130748,118
independent_aia10_sharp5,independent_missingness,0.1,0.05,97,0.09111350962403308,0.09375,93,0.0045350640835832845,117
independent_aia10_sharp5,independent_missingness,0.1,0.05,98,0.09498111171073931,0.08770161290322587,87,0.0132329619833782,117
independent_aia10_sharp5,independent_missingness,0.1,0.05,99,0.09084367692030937,0.09173387096774188,91,0.013852615787030453,107
independent_aia20_sharp5,independent_missingness,0.2,0.05,0,0.19320021586616298,0.18044354838709675,179,-0.0007345665567106696,216
independent_aia20_sharp5,independent_missingness,0.2,0.05,1,0.19176110811296998,0.19758064516129037,196,0.01965230667240392,212
independent_aia20_sharp5,independent_missingness,0.2,0.05,2,0.19320021586616298,0.2016129032258065,200,0.005198359426835442,210
independent_aia20_sharp5,independent_missingness,0.2,0.05,3,0.1927504946932902,0.17641129032258074,175,0.0028699971921397616,208
independent_aia20_sharp5,independent_missingness,0.2,0.05,4,0.19140133117467162,0.19959677419354838,198,0.006299884909905629,213
independent_aia20_sharp5,independent_missingness,0.2,0.05,5,0.18672423097679447,0.19455645161290325,193,0.02580492548812252,200
independent_aia20_sharp5,independent_missingness,0.2,0.05,6,0.19005216765605326,0.18245967741935476,181,0.0182016561082865,205
independent_aia20_sharp5,independent_missingness,0.2,0.05,7,0.1937398812736103,0.19254032258064513,191,0.01135494995745967,212
independent_aia20_sharp5,independent_missingness,0.2,0.05,8,0.18906278107573304,0.1875,186,0.001646298835501936,194
independent_aia20_sharp5,independent_missingness,0.2,0.05,9,0.1889728368411585,0.2016129032258065,200,0.0036195648800967373,204
independent_aia20_sharp5,independent_missingness,0.2,0.05,10,0.18555495592732496,0.17338709677419362,172,0.007089849216847632,181
independent_aia20_sharp5,independent_missingness,0.2,0.05,11,0.1930203273970138,0.20766129032258063,206,0.013606632378156958,215
independent_aia20_sharp5,independent_missingness,0.2,0.05,12,0.1842057924087066,0.2016129032258065,200,0.01582181293796081,216
independent_aia20_sharp5,independent_missingness,0.2,0.05,13,0.19149127540924626,0.19657258064516137,195,0.010262423810706522,214
independent_aia20_sharp5,independent_missingness,0.2,0.05,14,0.18816333872998736,0.186491935483871,185,0.018881106191985575,209
independent_aia20_sharp5,independent_missingness,0.2,0.05,15,0.191131498470948,0.19254032258064513,191,0.008348859698210198,184
independent_aia20_sharp5,independent_missingness,0.2,0.05,16,0.1887030041374348,0.19556451612903225,194,0.0166330930194023,208
independent_aia20_sharp5,independent_missingness,0.2,0.05,17,0.19167116387839545,0.19556451612903225,194,0.002863667157799288,234
independent_aia20_sharp5,independent_missingness,0.2,0.05,18,0.18888289260658397,0.185483870967742,184,0.0018080209390076707,215
independent_aia20_sharp5,independent_missingness,0.2,0.05,19,0.19329016010073752,0.19354838709677413,192,0.0012666310421249882,210
independent_aia20_sharp5,independent_missingness,0.2,0.05,20,0.19167116387839533,0.19354838709677413,192,0.010070737671903807,216
independent_aia20_sharp5,independent_missingness,0.2,0.05,21,0.19293038316243938,0.18548387096774188,184,0.015009601081451995,216
independent_aia20_sharp5,independent_missingness,0.2,0.05,22,0.19293038316243938,0.19254032258064513,191,0.010419761614378631,209
independent_aia20_sharp5,independent_missingness,0.2,0.05,23,0.19284043892786473,0.17842741935483875,177,0.015903409905522414,202
independent_aia20_sharp5,independent_missingness,0.2,0.05,24,0.19481921208850517,0.19153225806451613,190,0.00897594215934916,212
independent_aia20_sharp5,independent_missingness,0.2,0.05,25,0.19239071775499195,0.19052419354838712,189,0.009521469377787417,202
independent_aia20_sharp5,independent_missingness,0.2,0.05,26,0.19382982550818495,0.19758064516129026,196,0.009234176285491724,227
independent_aia20_sharp5,independent_missingness,0.2,0.05,27,0.1949091563230797,0.19354838709677424,192,0.018260756316866633,206
independent_aia20_sharp5,independent_missingness,0.2,0.05,28,0.18447562511243032,0.17741935483870974,176,0.008205258286477557,205
independent_aia20_sharp5,independent_missingness,0.2,0.05,29,0.18951250224860583,0.2016129032258065,200,0.02292873174122989,217
independent_aia20_sharp5,independent_missingness,0.2,0.05,30,0.19805720453318942,0.22379032258064513,222,0.01699552363882173,229
independent_aia20_sharp5,independent_missingness,0.2,0.05,31,0.18816333872998747,0.20564516129032262,204,0.031194692517801936,175
independent_aia20_sharp5,independent_missingness,0.2,0.05,32,0.1863644540384961,0.17338709677419362,172,0.023114243704781767,224
independent_aia20_sharp5,independent_missingness,0.2,0.05,33,0.1889728368411585,0.19153225806451613,190,0.0049180314030516925,198
independent_aia20_sharp5,independent_missingness,0.2,0.05,34,0.18978233495232955,0.190524193548387,189,0.006255741996996633,215
independent_aia20_sharp5,independent_missingness,0.2,0.05,35,0.19239071775499184,0.19758064516129026,196,0.020993089835883216,204
independent_aia20_sharp5,independent_missingness,0.2,0.05,36,0.19266055045871555,0.2016129032258065,200,0.009476718740532242,201
independent_aia20_sharp5,independent_missingness,0.2,0.05,37,0.18627450980392157,0.1713709677419355,170,-0.0005354274895512656,230
independent_aia20_sharp5,independent_missingness,0.2,0.05,38,0.1875337290879654,0.19858870967741926,197,0.0010998170751386205,200
independent_aia20_sharp5,independent_missingness,0.2,0.05,39,0.1908616657672244,0.189516129032258,188,0.02136767426569297,206
independent_aia20_sharp5,independent_missingness,0.2,0.05,40,0.19391976974275948,0.18346774193548387,182,-0.0038402970096220734,222
independent_aia20_sharp5,independent_missingness,0.2,0.05,41,0.1878035617916891,0.20060483870967738,199,0.006078880325461,214
independent_aia20_sharp5,independent_missingness,0.2,0.05,42,0.19436949091563227,0.19354838709677413,192,0.00911764739016907,200
independent_aia20_sharp5,independent_missingness,0.2,0.05,43,0.18807339449541283,0.1733870967741935,172,0.005733288364840661,205
independent_aia20_sharp5,independent_missingness,0.2,0.05,44,0.1908616657672243,0.1875,186,0.0024453307451162143,198
independent_aia20_sharp5,independent_missingness,0.2,0.05,45,0.19077172153264976,0.21068548387096775,209,0.013835449533864175,215
independent_aia20_sharp5,independent_missingness,0.2,0.05,46,0.1882532829645619,0.17641129032258063,175,0.0055369180809761165,210
independent_aia20_sharp5,independent_missingness,0.2,0.05,47,0.19212088505126823,0.186491935483871,185,0.009114502508650979,222
independent_aia20_sharp5,independent_missingness,0.2,0.05,48,0.19023205612520233,0.19153225806451613,190,-0.0027820102494553467,207
independent_aia20_sharp5,independent_missingness,0.2,0.05,49,0.18645439827307075,0.16733870967741926,166,0.003983933746393831,213
independent_aia20_sharp5,independent_missingness,0.2,0.05,50,0.19427954668105774,0.2046370967741935,203,0.005455294165391589,206
independent_aia20_sharp5,independent_missingness,0.2,0.05,51,0.18933261377945676,0.19858870967741937,197,0.001009227899370524,223
independent_aia20_sharp5,independent_missingness,0.2,0.05,52,0.18816333872998747,0.19657258064516137,195,0.00478516507028659,187
independent_aia20_sharp5,independent_missingness,0.2,0.05,53,0.18528512322360136,0.19354838709677413,192,0.0029763176407897607,191
independent_aia20_sharp5,independent_missingness,0.2,0.05,54,0.1923007735204174,0.19858870967741937,197,-0.0027181986910587153,212
independent_aia20_sharp5,independent_missingness,0.2,0.05,55,0.18960244648318036,0.19858870967741937,197,0.017715796642434833,200
independent_aia20_sharp5,independent_missingness,0.2,0.05,56,0.19338010433531216,0.19254032258064513,191,0.00041733095134777187,205
independent_aia20_sharp5,independent_missingness,0.2,0.05,57,0.1915812196438208,0.20766129032258063,206,0.011910668523651635,212
independent_aia20_sharp5,independent_missingness,0.2,0.05,58,0.18879294837200933,0.18346774193548387,182,0.005644046288210802,220
independent_aia20_sharp5,independent_missingness,0.2,0.05,59,0.1901421118906278,0.17540322580645162,174,0.014168679410973217,219
independent_aia20_sharp5,independent_missingness,0.2,0.05,60,0.1941896024464832,0.19153225806451613,190,-0.002554892786529983,202
independent_aia20_sharp5,independent_missingness,0.2,0.05,61,0.1860946213347725,0.19657258064516125,195,0.017632905442929614,188
independent_aia20_sharp5,independent_missingness,0.2,0.05,62,0.19508904479222877,0.22479838709677424,223,0.012272181955170991,216
independent_aia20_sharp5,independent_missingness,0.2,0.05,63,0.18978233495232955,0.19354838709677413,192,0.010704651794031017,230
independent_aia20_sharp5,independent_missingness,0.2,0.05,64,0.18078791149487317,0.18044354838709675,179,0.0007211820115162748,196
independent_aia20_sharp5,independent_missingness,0.2,0.05,65,0.18591473286562332,0.18447580645161288,183,0.0018457872398729425,184
independent_aia20_sharp5,independent_missingness,0.2,0.05,66,0.19355999280446123,0.19455645161290325,193,0.011984512710880635,217
independent_aia20_sharp5,independent_missingness,0.2,0.05,67,0.18672423097679447,0.17943548387096764,178,0.002220178643766113,215
independent_aia20_sharp5,independent_missingness,0.2,0.05,68,0.19257060622414102,0.20766129032258074,206,-0.001978971392700979,232
independent_aia20_sharp5,independent_missingness,0.2,0.05,69,0.19400971397733402,0.1723790322580645,171,0.002661947714816204,217
independent_aia20_sharp5,independent_missingness,0.2,0.05,70,0.1937398812736103,0.19455645161290325,193,0.0027185100273114937,195
independent_aia20_sharp5,independent_missingness,0.2,0.05,71,0.18789350602626376,0.18447580645161288,183,0.010922117879851312,216
independent_aia20_sharp5,independent_missingness,0.2,0.05,72,0.18915272531030758,0.17741935483870963,176,0.0018540836294909102,208
independent_aia20_sharp5,independent_missingness,0.2,0.05,73,0.18762367332254004,0.1875,186,0.009992693864073754,198
independent_aia20_sharp5,independent_missingness,0.2,0.05,74,0.18879294837200933,0.1713709677419355,170,0.011616046171492256,219
independent_aia20_sharp5,independent_missingness,0.2,0.05,75,0.19787731606404024,0.20866935483870963,207,-8.69461603385524e-05,224
independent_aia20_sharp5,independent_missingness,0.2,0.05,76,0.1808778557294477,0.15625,155,0.00973148967938875,189
independent_aia20_sharp5,independent_missingness,0.2,0.05,77,0.19032200035977698,0.1683467741935485,167,0.007486885388393816,221
independent_aia20_sharp5,independent_missingness,0.2,0.05,78,0.1889728368411585,0.19758064516129037,196,0.01706457717407317,224
independent_aia20_sharp5,independent_missingness,0.2,0.05,79,0.18618456556934693,0.19556451612903225,194,0.034412973295112836,188
independent_aia20_sharp5,independent_missingness,0.2,0.05,80,0.1901421118906278,0.18346774193548387,182,0.023020131000887734,196
independent_aia20_sharp5,independent_missingness,0.2,0.05,81,0.18708400791509272,0.19556451612903225,194,0.019820417710100457,202
independent_aia20_sharp5,independent_missingness,0.2,0.05,82,0.19212088505126823,0.17943548387096775,178,0.021494431830105576,226
independent_aia20_sharp5,independent_missingness,0.2,0.05,83,0.191131498470948,0.17641129032258063,175,0.0065510464862923445,216
independent_aia20_sharp5,independent_missingness,0.2,0.05,84,0.18600467710019786,0.20060483870967738,199,0.02065104312252597,204
independent_aia20_sharp5,independent_missingness,0.2,0.05,85,0.19005216765605326,0.18245967741935487,181,0.0025573241314467143,208
independent_aia20_sharp5,independent_missingness,0.2,0.05,86,0.19239071775499184,0.21068548387096775,209,0.007471721952099886,210
independent_aia20_sharp5,independent_missingness,0.2,0.05,87,0.18429573664328125,0.19052419354838712,189,0.013587633286419543,187
independent_aia20_sharp5,independent_missingness,0.2,0.05,88,0.18915272531030758,0.19959677419354838,198,0.00656684172823474,189
independent_aia20_sharp5,independent_missingness,0.2,0.05,89,0.18771361755711458,0.16330645161290325,162,-0.000941282905569496,212
independent_aia20_sharp5,independent_missingness,0.2,0.05,90,0.18555495592732507,0.19052419354838712,189,0.004012512770937837,206
independent_aia20_sharp5,independent_missingness,0.2,0.05,91,0.19796726029861478,0.19354838709677413,192,0.010607847355246003,214
independent_aia20_sharp5,independent_missingness,0.2,0.05,92,0.18834322719913654,0.17842741935483875,177,0.01965491779958528,207
independent_aia20_sharp5,independent_missingness,0.2,0.05,93,0.1887030041374348,0.2016129032258065,200,0.018061579148031637,198
independent_aia20_sharp5,independent_missingness,0.2,0.05,94,0.19140133117467173,0.19254032258064513,191,0.007776590622901924,187
independent_aia20_sharp5,independent_missingness,0.2,0.05,95,0.191131498470948,0.20866935483870974,207,0.009599182269570905,212
independent_aia20_sharp5,independent_missingness,0.2,0.05,96,0.19194099658211916,0.19455645161290325,193,0.003834856450622315,226
independent_aia20_sharp5,independent_missingness,0.2,0.05,97,0.1967979852491455,0.190524193548387,189,0.003141807294860355,236
independent_aia20_sharp5,independent_missingness,0.2,0.05,98,0.1953588774959525,0.2016129032258065,200,-0.0038958643365012424,215
independent_aia20_sharp5,independent_missingness,0.2,0.05,99,0.18780356179168922,0.188508064516129,187,0.019258495432966205,201
independent_aia20_sharp10,independent_missingness,0.2,0.1,0,0.18285662889008814,0.21270161290322576,211,0.004572038985217519,210
independent_aia20_sharp10,independent_missingness,0.2,0.1,1,0.1830365173592372,0.1713709677419355,170,0.011339503791404804,214
independent_aia20_sharp10,independent_missingness,0.2,0.1,2,0.17925885950710552,0.19354838709677413,192,0.008469380649839042,202
independent_aia20_sharp10,independent_missingness,0.2,0.1,3,0.17701025364274148,0.16532258064516125,164,0.001521788546936298,199
independent_aia20_sharp10,independent_missingness,0.2,0.1,4,0.17737003058103984,0.185483870967742,184,0.015721684771908606,186
independent_aia20_sharp10,independent_missingness,0.2,0.1,5,0.17790969598848716,0.19254032258064513,191,0.002414819071694385,201
independent_aia20_sharp10,independent_missingness,0.2,0.1,6,0.1761108112969959,0.1743951612903225,173,0.011849450020909869,179
independent_aia20_sharp10,independent_missingness,0.2,0.1,7,0.18231696348264081,0.18346774193548387,182,0.0021735059427925307,197
independent_aia20_sharp10,independent_missingness,0.2,0.1,8,0.18339629429753546,0.184475806451613,183,0.017823618358170368,215
independent_aia20_sharp10,independent_missingness,0.2,0.1,9,0.18249685195178988,0.189516129032258,188,0.007757351249730204,218
independent_aia20_sharp10,independent_missingness,0.2,0.1,10,0.18312646159381185,0.18447580645161288,183,0.0024214176930212883,196
independent_aia20_sharp10,independent_missingness,0.2,0.1,11,0.18150746537146967,0.17741935483870974,176,0.005081448265905841,206
independent_aia20_sharp10,independent_missingness,0.2,0.1,12,0.17979852491455295,0.17641129032258063,175,0.0027851479828751025,212
independent_aia20_sharp10,independent_missingness,0.2,0.1,13,0.17593092282784684,0.17540322580645162,174,0.009284305181670671,194
independent_aia20_sharp10,independent_missingness,0.2,0.1,14,0.1782694729267854,0.1754032258064515,174,0.003404898064756301,197
independent_aia20_sharp10,independent_missingness,0.2,0.1,15,0.18123763266774606,0.18145161290322587,180,0.006193782271651127,195
independent_aia20_sharp10,independent_missingness,0.2,0.1,16,0.1763806440007195,0.16330645161290325,162,-0.0006704553005194569,198
independent_aia20_sharp10,independent_missingness,0.2,0.1,17,0.18006835761827666,0.188508064516129,187,0.011966696627852658,195
independent_aia20_sharp10,independent_missingness,0.2,0.1,18,0.18222701924806617,0.19455645161290325,193,0.015498466632429153,202
independent_aia20_sharp10,independent_missingness,0.2,0.1,19,0.17620075553157044,0.19657258064516125,195,0.008769235945681908,214
independent_aia20_sharp10,independent_missingness,0.2,0.1,20,0.17916891527253098,0.188508064516129,187,0.017223235855170937,207
independent_aia20_sharp10,independent_missingness,0.2,0.1,21,0.17925885950710552,0.17741935483870974,176,0.019817388628715182,201
independent_aia20_sharp10,independent_missingness,0.2,0.1,22,0.18357618276668464,0.19153225806451613,190,0.008038453052440886,213
independent_aia20_sharp10,independent_missingness,0.2,0.1,23,0.17449181507465372,0.16633064516129026,165,0.014546464571624673,188
independent_aia20_sharp10,independent_missingness,0.2,0.1,24,0.18168735384061885,0.17741935483870963,176,0.0006463485321752671,191
independent_aia20_sharp10,independent_missingness,0.2,0.1,25,0.17503148048210115,0.184475806451613,183,0.020369093973000352,177
independent_aia20_sharp10,independent_missingness,0.2,0.1,26,0.1782694729267854,0.17943548387096775,178,0.027020974926918795,192
independent_aia20_sharp10,independent_missingness,0.2,0.1,27,0.17916891527253098,0.18145161290322576,180,-0.0014228727305867217,186
independent_aia20_sharp10,independent_missingness,0.2,0.1,28,0.188253282964562,0.18649193548387089,185,-0.0052812455653352686,190
independent_aia20_sharp10,independent_missingness,0.2,0.1,29,0.17772980751933798,0.16532258064516125,164,-0.0003663426041451423,194
independent_aia20_sharp10,independent_missingness,0.2,0.1,30,0.18294657312466267,0.17842741935483863,177,0.015545946495710616,205
independent_aia20_sharp10,independent_missingness,0.2,0.1,31,0.18024824608742585,0.17540322580645162,174,0.012764694460205117,184
independent_aia20_sharp10,independent_missingness,0.2,0.1,32,0.17808958445763634,0.16733870967741937,166,0.0032070667782986284,206
independent_aia20_sharp10,independent_missingness,0.2,0.1,33,0.18267674042093907,0.1875,186,0.020388296783760973,207
independent_aia20_sharp10,independent_missingness,0.2,0.1,34,0.18150746537146967,0.1723790322580645,171,0.0170984951901465,195
independent_aia20_sharp10,independent_missingness,0.2,0.1,35,0.1782694729267854,0.17036290322580638,169,0.006366596212775688,183
independent_aia20_sharp10,independent_missingness,0.2,0.1,36,0.18312646159381185,0.1703629032258065,169,0.008875374073892939,227
independent_aia20_sharp10,independent_missingness,0.2,0.1,37,0.18006835761827666,0.15625,155,-0.0021065765876970843,208
independent_aia20_sharp10,independent_missingness,0.2,0.1,38,0.1797085806799784,0.20060483870967738,199,-0.0021814349051387794,203
independent_aia20_sharp10,independent_missingness,0.2,0.1,39,0.18384601547040835,0.17338709677419362,172,0.011576316241465712,209
independent_aia20_sharp10,independent_missingness,0.2,0.1,40,0.1744018708400792,0.16532258064516125,164,-0.002924854346074479,210
independent_aia20_sharp10,independent_missingness,0.2,0.1,41,0.1787191940996582,0.19052419354838712,189,-0.0015504681769760165,176
independent_aia20_sharp10,independent_missingness,0.2,0.1,42,0.1865443425076453,0.18951612903225812,188,0.01481519687248567,222
independent_aia20_sharp10,independent_missingness,0.2,0.1,43,0.1770102536427416,0.19556451612903225,194,0.020388083102742538,171
independent_aia20_sharp10,independent_missingness,0.2,0.1,44,0.1749415362475265,0.16935483870967738,168,-0.0022382930964053305,206
independent_aia20_sharp10,independent_missingness,0.2,0.1,45,0.17763986328476344,0.15826612903225812,157,0.00654852503912573,187
independent_aia20_sharp10,independent_missingness,0.2,0.1,46,0.18033819032200038,0.16129032258064513,160,0.004452953158522455,212
independent_aia20_sharp10,independent_missingness,0.2,0.1,47,0.17314265155603525,0.17641129032258063,175,0.009865999069726517,188
independent_aia20_sharp10,independent_missingness,0.2,0.1,48,0.18069796726029863,0.190524193548387,189,0.020369194906370236,201
independent_aia20_sharp10,independent_missingness,0.2,0.1,49,0.18024824608742573,0.16935483870967738,168,0.008097336075514994,205
independent_aia20_sharp10,independent_missingness,0.2,0.1,50,0.18051807879114956,0.1754032258064515,174,0.010482501952646661,190
independent_aia20_sharp10,independent_missingness,0.2,0.1,51,0.1794387479762547,0.16834677419354838,167,-0.004525365385915414,230
independent_aia20_sharp10,independent_missingness,0.2,0.1,52,0.17916891527253098,0.18850806451612911,187,0.000644193535498383,187
independent_aia20_sharp10,independent_missingness,0.2,0.1,53,0.18267674042093907,0.16834677419354838,167,0.017908382180902738,210
independent_aia20_sharp10,independent_missingness,0.2,0.1,54,0.18330635006296092,0.2016129032258065,200,0.011848346984497438,193
independent_aia20_sharp10,independent_missingness,0.2,0.1,55,0.1885231156682856,0.2036290322580645,202,0.01610055412734579,211
independent_aia20_sharp10,independent_missingness,0.2,0.1,56,0.18123763266774595,0.1723790322580645,171,0.011575336307644957,185
independent_aia20_sharp10,independent_missingness,0.2,0.1,57,0.18411584817413207,0.1875,186,0.00966420976681226,213
independent_aia20_sharp10,independent_missingness,0.2,0.1,58,0.18312646159381185,0.2026209677419355,201,0.0111329518526746,188
independent_aia20_sharp10,independent_missingness,0.2,0.1,59,0.17988846914912748,0.19052419354838712,189,-0.0032388655476389694,216
independent_aia20_sharp10,independent_missingness,0.2,0.1,60,0.18375607123583382,0.188508064516129,187,0.006563460225609941,207
independent_aia20_sharp10,independent_missingness,0.2,0.1,61,0.18006835761827666,0.1693548387096775,168,0.01851428244885711,209
independent_aia20_sharp10,independent_missingness,0.2,0.1,62,0.17961863644540388,0.18346774193548376,182,0.011260601895817013,204
independent_aia20_sharp10,independent_missingness,0.2,0.1,63,0.18483540205072857,0.19959677419354838,198,0.017307998756932896,204
independent_aia20_sharp10,independent_missingness,0.2,0.1,64,0.17665047670444323,0.17641129032258063,175,0.012726145067113448,190
independent_aia20_sharp10,independent_missingness,0.2,0.1,65,0.17485159201295197,0.15120967741935487,150,0.005388810815633027,212
independent_aia20_sharp10,independent_missingness,0.2,0.1,66,0.17844936139593448,0.17741935483870963,176,0.02150620897770006,194
independent_aia20_sharp10,independent_missingness,0.2,0.1,67,0.1789890268033819,0.19254032258064513,191,0.008047078153336384,200
independent_aia20_sharp10,independent_missingness,0.2,0.1,68,0.17808958445763634,0.189516129032258,188,-0.00770665338185994,200
independent_aia20_sharp10,independent_missingness,0.2,0.1,69,0.18510523475445229,0.2036290322580646,202,0.02397808277934832,194
independent_aia20_sharp10,independent_missingness,0.2,0.1,70,0.17916891527253098,0.18145161290322576,180,0.0021988501965817253,204
independent_aia20_sharp10,independent_missingness,0.2,0.1,71,0.1789890268033819,0.17338709677419362,172,0.015738729330479595,176
independent_aia20_sharp10,independent_missingness,0.2,0.1,72,0.18006835761827666,0.17540322580645162,174,0.022997007667628022,212
independent_aia20_sharp10,independent_missingness,0.2,0.1,73,0.18402590393955753,0.2006048387096775,199,0.023961531364931066,195
independent_aia20_sharp10,independent_missingness,0.2,0.1,74,0.18123763266774606,0.190524193548387,189,0.007674865089541738,189
independent_aia20_sharp10,independent_missingness,0.2,0.1,75,0.1735024284943335,0.16733870967741937,166,0.012684106416865237,189
independent_aia20_sharp10,independent_missingness,0.2,0.1,76,0.17638064400071962,0.1723790322580645,171,0.00096102241600593,206
independent_aia20_sharp10,independent_missingness,0.2,0.1,77,0.18006835761827666,0.1703629032258065,169,0.004929525852531924,217
independent_aia20_sharp10,independent_missingness,0.2,0.1,78,0.18429573664328114,0.17540322580645162,174,-0.0005085692918613827,195
independent_aia20_sharp10,independent_missingness,0.2,0.1,79,0.18501529051987764,0.17439516129032262,173,0.012427199347301965,196
independent_aia20_sharp10,independent_missingness,0.2,0.1,80,0.1834862385321101,0.17741935483870963,176,0.004495714117876304,215
independent_aia20_sharp10,independent_missingness,0.2,0.1,81,0.177100197877316,0.16733870967741937,166,0.011134519287860911,196
independent_aia20_sharp10,independent_missingness,0.2,0.1,82,0.18492534628530322,0.17741935483870963,176,-0.006392816729238859,201
independent_aia20_sharp10,independent_missingness,0.2,0.1,83,0.18330635006296103,0.1723790322580645,171,0.00731002161271288,183
independent_aia20_sharp10,independent_missingness,0.2,0.1,84,0.17431192660550454,0.19657258064516125,195,0.0005551866779005543,191
independent_aia20_sharp10,independent_missingness,0.2,0.1,85,0.18411584817413207,0.18447580645161288,183,-0.00011230527909411592,191
independent_aia20_sharp10,independent_missingness,0.2,0.1,86,0.1779996402230617,0.17842741935483875,177,0.017255691548217378,192
independent_aia20_sharp10,independent_missingness,0.2,0.1,87,0.18510523475445229,0.1875,186,-0.004558893593970437,205
independent_aia20_sharp10,independent_missingness,0.2,0.1,88,0.1813275769023205,0.17641129032258063,175,0.009200463348809418,166
independent_aia20_sharp10,independent_missingness,0.2,0.1,89,0.18249685195178988,0.17842741935483875,177,0.008263119770821392,207
independent_aia20_sharp10,independent_missingness,0.2,0.1,90,0.18177729807519338,0.19354838709677413,192,0.013322769077313001,197
independent_aia20_sharp10,independent_missingness,0.2,0.1,91,0.177100197877316,0.18245967741935476,181,0.0016029431046484799,204
independent_aia20_sharp10,independent_missingness,0.2,0.1,92,0.1797085806799784,0.20161290322580638,200,0.01771021433938258,204
independent_aia20_sharp10,independent_missingness,0.2,0.1,93,0.1787191940996582,0.18245967741935487,181,0.00887356573118847,201
independent_aia20_sharp10,independent_missingness,0.2,0.1,94,0.17889908256880727,0.16633064516129037,165,0.008757331700044446,197
independent_aia20_sharp10,independent_missingness,0.2,0.1,95,0.18627450980392157,0.184475806451613,183,0.007696161455894579,210
independent_aia20_sharp10,independent_missingness,0.2,0.1,96,0.18231696348264081,0.18951612903225812,188,0.009174907119171793,203
independent_aia20_sharp10,independent_missingness,0.2,0.1,97,0.18105774419859688,0.1693548387096775,168,0.016619761294501822,220
independent_aia20_sharp10,independent_missingness,0.2,0.1,98,0.18258679618636442,0.1703629032258065,169,0.011225886954612463,194
independent_aia20_sharp10,independent_missingness,0.2,0.1,99,0.17988846914912748,0.18145161290322576,180,-0.002079885825548189,198
independent_aia40_sharp10,independent_missingness,0.4,0.1,0,0.35734844396474186,0.3629032258064516,360,0.007463220632362377,395
independent_aia40_sharp10,independent_missingness,0.4,0.1,1,0.3613059902860226,0.36693548387096775,364,0.010274751201172938,404
independent_aia40_sharp10,independent_missingness,0.4,0.1,2,0.36067638064400076,0.35282258064516137,350,0.01997144242024751,386
independent_aia40_sharp10,independent_missingness,0.4,0.1,3,0.35474006116207946,0.3548387096774194,352,-0.010044466745327663,400
independent_aia40_sharp10,independent_missingness,0.4,0.1,4,0.3617557114588954,0.3457661290322581,343,0.010731022487711073,397
independent_aia40_sharp10,independent_missingness,0.4,0.1,5,0.3557294477423997,0.3629032258064516,360,0.024808325096375317,399
independent_aia40_sharp10,independent_missingness,0.4,0.1,6,0.35968699406368054,0.35383064516129026,351,0.03691388180552724,393
independent_aia40_sharp10,independent_missingness,0.4,0.1,7,0.3564490016189963,0.36491935483870963,362,0.02432016975862128,343
independent_aia40_sharp10,independent_missingness,0.4,0.1,8,0.3626551538046411,0.3790322580645161,376,0.03293041327262047,374
independent_aia40_sharp10,independent_missingness,0.4,0.1,9,0.3667026443604966,0.36995967741935487,367,0.012571461951092822,389
independent_aia40_sharp10,independent_missingness,0.4,0.1,10,0.3629249865083648,0.33770161290322576,335,0.028394960455602858,388
independent_aia40_sharp10,independent_missingness,0.4,0.1,11,0.35662889008814536,0.33467741935483875,332,0.006626938977436714,404
independent_aia40_sharp10,independent_missingness,0.4,0.1,12,0.35851771901421114,0.3598790322580645,357,0.017859452411863375,371
independent_aia40_sharp10,independent_missingness,0.4,0.1,13,0.3519517898902681,0.3407258064516129,338,0.04098321258195692,361
independent_aia40_sharp10,independent_missingness,0.4,0.1,14,0.3600467710019788,0.3578629032258065,355,0.0019418022467379004,381
independent_aia40_sharp10,independent_missingness,0.4,0.1,15,0.3572584997301673,0.3578629032258065,355,0.018966412478764738,412
independent_aia40_sharp10,independent_missingness,0.4,0.1,16,0.3562691131498471,0.34778225806451624,345,0.0306295989131804,343
independent_aia40_sharp10,independent_missingness,0.4,0.1,17,0.3610361575822989,0.36995967741935487,367,0.03040468608334912,374
independent_aia40_sharp10,independent_missingness,0.4,0.1,18,0.35635905738442164,0.344758064516129,342,0.0014838880203837945,399
independent_aia40_sharp10,independent_missingness,0.4,0.1,19,0.35707861126101825,0.3618951612903226,359,0.023048336355669274,363
independent_aia40_sharp10,independent_missingness,0.4,0.1,20,0.3672423097679438,0.38004032258064513,377,0.0071618512658151445,405
independent_aia40_sharp10,independent_missingness,0.4,0.1,21,0.3543802842237813,0.3467741935483871,344,0.025599828276913428,366
independent_aia40_sharp10,independent_missingness,0.4,0.1,22,0.35896744018708393,0.3477822580645161,345,-0.01676194939866682,368
independent_aia40_sharp10,independent_missingness,0.4,0.1,23,0.368231696348264,0.3568548387096774,354,0.025798674349826856,410
independent_aia40_sharp10,independent_missingness,0.4,0.1,24,0.3564490016189963,0.3598790322580645,357,0.011149783153559412,352
independent_aia40_sharp10,independent_missingness,0.4,0.1,25,0.3522216225939917,0.3548387096774194,352,0.023092631060422697,361
independent_aia40_sharp10,independent_missingness,0.4,0.1,26,0.3507825148407987,0.3427419354838709,340,0.020396101797536925,341
independent_aia40_sharp10,independent_missingness,0.4,0.1,27,0.35348084187803563,0.35181451612903225,349,-0.004286648801629767,386
independent_aia40_sharp10,independent_missingness,0.4,0.1,28,0.35429033998920667,0.33669354838709675,334,0.0072434992173604495,369
independent_aia40_sharp10,independent_missingness,0.4,0.1,29,0.36445403849613245,0.38508064516129026,382,0.016559124710523898,407
independent_aia40_sharp10,independent_missingness,0.4,0.1,30,0.35213167835941717,0.3548387096774194,352,0.008507128306260547,355
independent_aia40_sharp10,independent_missingness,0.4,0.1,31,0.3572584997301673,0.373991935483871,371,0.021571672673897258,360
independent_aia40_sharp10,independent_missingness,0.4,0.1,32,0.35518978233495235,0.3477822580645161,345,0.013050136935167433,381
independent_aia40_sharp10,independent_missingness,0.4,0.1,33,0.3607663248785753,0.36592741935483875,363,0.008249388997388696,388
independent_aia40_sharp10,independent_missingness,0.4,0.1,34,0.35662889008814536,0.36794354838709675,365,0.01267532339967059,372
independent_aia40_sharp10,independent_missingness,0.4,0.1,35,0.3567188343227199,0.3629032258064515,360,0.03052003626169153,355
independent_aia40_sharp10,independent_missingness,0.4,0.1,36,0.36355459615038677,0.3306451612903226,328,0.003613805506678336,407
independent_aia40_sharp10,independent_missingness,0.4,0.1,37,0.35995682676740426,0.3477822580645161,345,0.010675964146318107,415
independent_aia40_sharp10,independent_missingness,0.4,0.1,38,0.3603166037057024,0.35181451612903225,349,0.029394385245601118,377
independent_aia40_sharp10,independent_missingness,0.4,0.1,39,0.36976074833603156,0.35181451612903225,349,-0.0028900206262210126,398
independent_aia40_sharp10,independent_missingness,0.4,0.1,40,0.3577082209030401,0.34979838709677424,347,0.01864458974535954,357
independent_aia40_sharp10,independent_missingness,0.4,0.1,41,0.3590573844216586,0.3639112903225806,361,0.003920010182733691,395
independent_aia40_sharp10,independent_missingness,0.4,0.1,42,0.3557294477423998,0.34375,341,0.0004805326975592106,391
independent_aia40_sharp10,independent_missingness,0.4,0.1,43,0.36382442885411037,0.3618951612903225,359,0.012230936558772942,375
independent_aia40_sharp10,independent_missingness,0.4,0.1,44,0.3567188343227199,0.3558467741935484,353,0.0034433795113437693,369
independent_aia40_sharp10,independent_missingness,0.4,0.1,45,0.3564490016189962,0.3618951612903226,359,-0.028647722954550536,390
independent_aia40_sharp10,independent_missingness,0.4,0.1,46,0.35590933621154885,0.3477822580645161,345,0.007509670860965212,412
independent_aia40_sharp10,independent_missingness,0.4,0.1,47,0.35806799784133836,0.3306451612903226,328,-0.010276193591608251,386
independent_aia40_sharp10,independent_missingness,0.4,0.1,48,0.35968699406368054,0.36693548387096775,364,0.015794175158339252,353
independent_aia40_sharp10,independent_missingness,0.4,0.1,49,0.3568087785572944,0.3618951612903225,359,-0.006354988231668912,373
independent_aia40_sharp10,independent_missingness,0.4,0.1,50,0.3659830904839,0.38508064516129026,382,0.010831078675010097,395
independent_aia40_sharp10,independent_missingness,0.4,0.1,51,0.3691311386940097,0.38104838709677413,378,0.024383046060434177,417
independent_aia40_sharp10,independent_missingness,0.4,0.1,52,0.35968699406368054,0.3457661290322581,343,0.03344757517801633,396
independent_aia40_sharp10,independent_missingness,0.4,0.1,53,0.3619355999280446,0.34979838709677413,347,-0.007984711660819155,382
independent_aia40_sharp10,independent_missingness,0.4,0.1,54,0.35950710559453136,0.36794354838709675,365,0.028233011698180377,375
independent_aia40_sharp10,independent_missingness,0.4,0.1,55,0.3586076632487858,0.3296370967741936,327,-0.006481731439185179,376
independent_aia40_sharp10,independent_missingness,0.4,0.1,56,0.3584277747796367,0.35282258064516125,350,0.011556350279841032,407
independent_aia40_sharp10,independent_missingness,0.4,0.1,57,0.3588774959525095,0.342741935483871,340,0.010298086278058838,368
independent_aia40_sharp10,independent_missingness,0.4,0.1,58,0.36382442885411037,0.376008064516129,373,0.017793476681616793,393
independent_aia40_sharp10,independent_missingness,0.4,0.1,59,0.3578881093721892,0.344758064516129,342,0.019183178374992726,390
independent_aia40_sharp10,independent_missingness,0.4,0.1,60,0.3600467710019788,0.36693548387096775,364,0.010987046941101974,365
independent_aia40_sharp10,independent_missingness,0.4,0.1,61,0.36445403849613234,0.377016129032258,374,0.0050577393811004345,388
independent_aia40_sharp10,independent_missingness,0.4,0.1,62,0.35429033998920667,0.35080645161290325,348,-0.0003066122648933689,373
independent_aia40_sharp10,independent_missingness,0.4,0.1,63,0.35968699406368054,0.33669354838709675,334,-0.0027753879583276575,387
independent_aia40_sharp10,independent_missingness,0.4,0.1,64,0.36634286742219824,0.3790322580645161,376,0.004450484561999923,392
independent_aia40_sharp10,independent_missingness,0.4,0.1,65,0.36472387119985616,0.3790322580645161,376,0.002066787304929818,367
independent_aia40_sharp10,independent_missingness,0.4,0.1,66,0.3583378305450621,0.38407258064516125,381,0.0319390015833938,371
independent_aia40_sharp10,independent_missingness,0.4,0.1,67,0.35357078611261017,0.3417338709677419,339,0.010491049943588626,369
independent_aia40_sharp10,independent_missingness,0.4,0.1,68,0.368861305990286,0.3780241935483871,375,0.04484747398481326,383
independent_aia40_sharp10,independent_missingness,0.4,0.1,69,0.36760208670624206,0.3881048387096774,385,-0.00658378114978353,398
independent_aia40_sharp10,independent_missingness,0.4,0.1,70,0.3578881093721893,0.34375,341,-0.0004066138870926217,386
independent_aia40_sharp10,independent_missingness,0.4,0.1,71,0.3558193919769743,0.3608870967741935,358,0.0010882024800342727,372
independent_aia40_sharp10,independent_missingness,0.4,0.1,72,0.35420039575463214,0.3709677419354839,368,0.021607146201782168,388
independent_aia40_sharp10,independent_missingness,0.4,0.1,73,0.36040654794027704,0.3578629032258065,355,0.009387826342870387,365
independent_aia40_sharp10,independent_missingness,0.4,0.1,74,0.3594171613599568,0.35483870967741926,352,0.004286105768164905,394
independent_aia40_sharp10,independent_missingness,0.4,0.1,75,0.3714696887929484,0.3870967741935484,384,0.020440499309031468,381
independent_aia40_sharp10,independent_missingness,0.4,0.1,76,0.35806799784133847,0.36794354838709675,365,0.0251197799439693,389
independent_aia40_sharp10,independent_missingness,0.4,0.1,77,0.35968699406368054,0.3729838709677419,370,0.004363929534065614,365
independent_aia40_sharp10,independent_missingness,0.4,0.1,78,0.35707861126101814,0.33669354838709675,334,0.020949771791545668,370
independent_aia40_sharp10,independent_missingness,0.4,0.1,79,0.35402050728548307,0.3568548387096775,354,0.015384536275160565,368
independent_aia40_sharp10,independent_missingness,0.4,0.1,80,0.36427415002698327,0.3598790322580646,357,0.019685818972355662,386
independent_aia40_sharp10,independent_missingness,0.4,0.1,81,0.3619355999280447,0.3790322580645161,376,0.02499540051492688,373
independent_aia40_sharp10,independent_missingness,0.4,0.1,82,0.3555495592732506,0.3548387096774194,352,-0.0034879811590518006,384
independent_aia40_sharp10,independent_missingness,0.4,0.1,83,0.3578881093721892,0.3709677419354839,368,-0.0018481656667874713,372
independent_aia40_sharp10,independent_missingness,0.4,0.1,84,0.35518978233495235,0.33467741935483875,332,-0.005744452310902481,398
independent_aia40_sharp10,independent_missingness,0.4,0.1,85,0.3581579420759129,0.340725806451613,338,0.00568771568020443,409
independent_aia40_sharp10,independent_missingness,0.4,0.1,86,0.3583378305450621,0.3558467741935484,353,0.010249711106738335,366
independent_aia40_sharp10,independent_missingness,0.4,0.1,87,0.3667026443604965,0.38104838709677424,378,0.022672583474392605,375
independent_aia40_sharp10,independent_missingness,0.4,0.1,88,0.358157942075913,0.35282258064516125,350,0.01212656475740026,385
independent_aia40_sharp10,independent_missingness,0.4,0.1,89,0.35662889008814536,0.3568548387096775,354,0.001471541587404257,365
independent_aia40_sharp10,independent_missingness,0.4,0.1,90,0.35590933621154885,0.3598790322580645,357,0.0033152827090825454,368
independent_aia40_sharp10,independent_missingness,0.4,0.1,91,0.36445403849613245,0.36794354838709675,365,0.026403439458678513,369
independent_aia40_sharp10,independent_missingness,0.4,0.1,92,0.3594171613599568,0.35282258064516125,350,0.010988970064211845,373
independent_aia40_sharp10,independent_missingness,0.4,0.1,93,0.3631948192120885,0.344758064516129,342,0.021866704493365363,348
independent_aia40_sharp10,independent_missingness,0.4,0.1,94,0.36427415002698327,0.3608870967741935,358,0.03426113280166332,391
independent_aia40_sharp10,independent_missingness,0.4,0.1,95,0.3597769382982551,0.3629032258064515,360,0.017400000866450327,379
independent_aia40_sharp10,independent_missingness,0.4,0.1,96,0.3607663248785753,0.36491935483870963,362,-0.012501576870288744,371
independent_aia40_sharp10,independent_missingness,0.4,0.1,97,0.3559992804461235,0.3397177419354839,337,0.004383158184890545,408
independent_aia40_sharp10,independent_missingness,0.4,0.1,98,0.3617557114588955,0.3578629032258065,355,0.025317551488510448,374
independent_aia40_sharp10,independent_missingness,0.4,0.1,99,0.3603166037057025,0.342741935483871,340,0.03246187716212989,368
independent_aia40_sharp20,independent_missingness,0.4,0.2,0,0.31903220003597765,0.31653225806451607,314,0.0555370875657224,323
independent_aia40_sharp20,independent_missingness,0.4,0.2,1,0.31237632667746,0.2993951612903226,297,-0.009345350567787403,335
independent_aia40_sharp20,independent_missingness,0.4,0.2,2,0.32020147508544705,0.3356854838709677,333,0.013160100071816005,321
independent_aia40_sharp20,independent_missingness,0.4,0.2,3,0.31975175391257415,0.29838709677419356,296,-0.00987370768722573,361
independent_aia40_sharp20,independent_missingness,0.4,0.2,4,0.3198416981471488,0.3054435483870968,303,0.016720351406722234,334
independent_aia40_sharp20,independent_missingness,0.4,0.2,5,0.31885231156682853,0.33064516129032256,328,0.0070290638605419176,327
independent_aia40_sharp20,independent_missingness,0.4,0.2,6,0.32262996941896027,0.3256048387096774,323,-0.0012520669003066587,360
independent_aia40_sharp20,independent_missingness,0.4,0.2,7,0.32451879834502606,0.344758064516129,342,0.02227505346487213,348
independent_aia40_sharp20,independent_missingness,0.4,0.2,8,0.32065119625831984,0.313508064516129,311,0.010953172691760438,336
independent_aia40_sharp20,independent_missingness,0.4,0.2,9,0.31651376146788984,0.2983870967741935,296,0.02714931980409263,332
independent_aia40_sharp20,independent_missingness,0.4,0.2,10,0.325148407987048,0.3316532258064516,329,0.03271732801412952,354
independent_aia40_sharp20,independent_missingness,0.4,0.2,11,0.32379924446842956,0.33971774193548393,337,0.02874754786112388,325
independent_aia40_sharp20,independent_missingness,0.4,0.2,12,0.31714337110991186,0.310483870967742,308,0.008368410649620905,324
independent_aia40_sharp20,independent_missingness,0.4,0.2,13,0.32505846375247344,0.3528225806451613,350,0.01016509796754339,348
independent_aia40_sharp20,independent_missingness,0.4,0.2,14,0.3184025903939558,0.3205645161290322,318,0.01540190755442894,332
independent_aia40_sharp20,independent_missingness,0.4,0.2,15,0.32343946753013136,0.3084677419354839,306,0.022376310515376696,350
independent_aia40_sharp20,independent_missingness,0.4,0.2,16,0.3258679618636446,0.32560483870967744,323,0.035605896060490805,342
independent_aia40_sharp20,independent_missingness,0.4,0.2,17,0.3231696348264076,0.3346774193548387,332,0.013526991080547113,334
independent_aia40_sharp20,independent_missingness,0.4,0.2,18,0.31219643820831083,0.3205645161290323,318,0.018426089234116372,310
independent_aia40_sharp20,independent_missingness,0.4,0.2,19,0.3220003597769383,0.31955645161290325,317,0.015277096072988217,313
independent_aia40_sharp20,independent_missingness,0.4,0.2,20,0.3179528692210829,0.33266129032258057,330,0.0388778859878367,334
independent_aia40_sharp20,independent_missingness,0.4,0.2,21,0.3223601367152365,0.3165322580645161,314,0.022827784737853962,364
independent_aia40_sharp20,independent_missingness,0.4,0.2,22,0.3247886310487497,0.3286290322580645,326,-0.002926150311456377,349
independent_aia40_sharp20,independent_missingness,0.4,0.2,23,0.3200215866162979,0.30745967741935487,305,-0.0021995891469881457,358
independent_aia40_sharp20,independent_missingness,0.4,0.2,24,0.32901601007375425,0.30544354838709675,303,0.017393984014109742,364
independent_aia40_sharp20,independent_missingness,0.4,0.2,25,0.3143550998381004,0.31250000000000006,310,0.0065442573247807,349
independent_aia40_sharp20,independent_missingness,0.4,0.2,26,0.32550818492534633,0.3377016129032258,335,0.04128332238705412,342
independent_aia40_sharp20,independent_missingness,0.4,0.2,27,0.31516459794927143,0.3235887096774194,321,0.011986678240702098,341
independent_aia40_sharp20,independent_missingness,0.4,0.2,28,0.31453498830724946,0.30342741935483875,301,0.005323820577128435,324
independent_aia40_sharp20,independent_missingness,0.4,0.2,29,0.31921208850512683,0.3195564516129032,317,-0.0020679133683119133,318
independent_aia40_sharp20,independent_missingness,0.4,0.2,30,0.31705342687533733,0.3326612903225806,330,-0.002703156588810929,325
independent_aia40_sharp20,independent_missingness,0.4,0.2,31,0.32110091743119273,0.31350806451612906,311,-0.01231219968528019,341
independent_aia40_sharp20,independent_missingness,0.4,0.2,32,0.3192120885051269,0.3145161290322581,312,0.011688491700351467,338
independent_aia40_sharp20,independent_missingness,0.4,0.2,33,0.31948192120885055,0.3326612903225806,330,0.012489401491043939,338
independent_aia40_sharp20,independent_missingness,0.4,0.2,34,0.3165137614678899,0.33770161290322576,335,0.010885755849077139,320
independent_aia40_sharp20,independent_missingness,0.4,0.2,35,0.31615398452959165,0.3175403225806452,315,0.005942647404962864,333
independent_aia40_sharp20,independent_missingness,0.4,0.2,36,0.31480482101097323,0.32862903225806456,326,0.004646823108929832,349
independent_aia40_sharp20,independent_missingness,0.4,0.2,37,0.3265875157402411,0.3256048387096774,323,0.013799715546520153,382
independent_aia40_sharp20,independent_missingness,0.4,0.2,38,0.3242489656413024,0.33366935483870974,331,0.02697607493958376,354
independent_aia40_sharp20,independent_missingness,0.4,0.2,39,0.3186724230976795,0.32963709677419356,327,0.010969986625769979,336
independent_aia40_sharp20,independent_missingness,0.4,0.2,40,0.3114768843317144,0.30544354838709675,303,0.038883805427656126,311
independent_aia40_sharp20,independent_missingness,0.4,0.2,41,0.3161539845295917,0.3387096774193548,336,0.0022489862250516524,319
independent_aia40_sharp20,independent_missingness,0.4,0.2,42,0.32460874257960065,0.34375,341,0.03402299396065711,356
independent_aia40_sharp20,independent_missingness,0.4,0.2,43,0.3213707501349164,0.31451612903225806,312,0.020637034779767527,357
independent_aia40_sharp20,independent_missingness,0.4,0.2,44,0.3213707501349164,0.3014112903225807,299,0.029638967423470275,330
independent_aia40_sharp20,independent_missingness,0.4,0.2,45,0.3285662889008814,0.3235887096774193,321,0.016324611658194543,339
independent_aia40_sharp20,independent_missingness,0.4,0.2,46,0.3196618096779996,0.31754032258064513,315,0.027504190965294217,335
independent_aia40_sharp20,independent_missingness,0.4,0.2,47,0.3248785752833243,0.3558467741935484,353,0.023468827366607048,344
independent_aia40_sharp20,independent_missingness,0.4,0.2,48,0.3219104155423637,0.3185483870967742,316,0.03287755879904597,348
independent_aia40_sharp20,independent_missingness,0.4,0.2,49,0.32982550818492534,0.3377016129032258,335,0.02990446636171229,307
independent_aia40_sharp20,independent_missingness,0.4,0.2,50,0.3235294117647059,0.32862903225806456,326,0.016434257451444,339
independent_aia40_sharp20,independent_missingness,0.4,0.2,51,0.32424896564130234,0.3165322580645161,314,0.03380631612399587,346
independent_aia40_sharp20,independent_missingness,0.4,0.2,52,0.3209210289620435,0.3205645161290322,318,0.023395900609940012,328
independent_aia40_sharp20,independent_missingness,0.4,0.2,53,0.31759309228278465,0.30241935483870963,300,0.01976518860019416,341
independent_aia40_sharp20,independent_missingness,0.4,0.2,54,0.3276668465551358,0.34072580645161293,338,0.018507594083012613,364
independent_aia40_sharp20,independent_missingness,0.4,0.2,55,0.32379924446842956,0.3326612903225807,330,0.026127644919365478,326
independent_aia40_sharp20,independent_missingness,0.4,0.2,56,0.3099478323439468,0.33568548387096775,333,-0.0008298496929537436,334
independent_aia40_sharp20,independent_missingness,0.4,0.2,57,0.3174132038136355,0.3336693548387097,331,0.01274327738063441,315
independent_aia40_sharp20,independent_missingness,0.4,0.2,58,0.31894225580140306,0.311491935483871,309,0.0073828041069115,330
independent_aia40_sharp20,independent_missingness,0.4,0.2,59,0.3160640402950171,0.314516129032258,312,0.01802156012424394,313
independent_aia40_sharp20,independent_missingness,0.4,0.2,60,0.33243389098758763,0.3487903225806452,346,0.03531618343730791,326
independent_aia40_sharp20,independent_missingness,0.4,0.2,61,0.31714337110991186,0.3235887096774193,321,0.0426737199367897,312
independent_aia40_sharp20,independent_missingness,0.4,0.2,62,0.3240690771721533,0.2903225806451613,288,0.009993257631555785,336
independent_aia40_sharp20,independent_missingness,0.4,0.2,63,0.32083108472746896,0.3235887096774193,321,0.0005175510036685704,334
independent_aia40_sharp20,independent_missingness,0.4,0.2,64,0.32083108472746896,0.30241935483870963,300,0.016337004114611586,328
independent_aia40_sharp20,independent_missingness,0.4,0.2,65,0.3095880554056485,0.28931451612903225,287,0.013260396214419545,343
independent_aia40_sharp20,independent_missingness,0.4,0.2,66,0.32218024824608743,0.313508064516129,311,0.021746877783842322,350
independent_aia40_sharp20,independent_missingness,0.4,0.2,67,0.3227199136535348,0.2973790322580645,295,0.014761631404920372,327
independent_aia40_sharp20,independent_missingness,0.4,0.2,68,0.32478863104874983,0.30443548387096775,302,0.012635623479973601,363
independent_aia40_sharp20,independent_missingness,0.4,0.2,69,0.31606404029501717,0.31048387096774194,308,0.010164518701694547,333
independent_aia40_sharp20,independent_missingness,0.4,0.2,70,0.3129159920849074,0.29939516129032256,297,0.0032519490343281277,324
independent_aia40_sharp20,independent_missingness,0.4,0.2,71,0.31651376146788984,0.31249999999999994,310,0.035151633111028424,317
independent_aia40_sharp20,independent_missingness,0.4,0.2,72,0.31687353840618815,0.31149193548387094,309,0.01678800515204415,342
independent_aia40_sharp20,independent_missingness,0.4,0.2,73,0.31606404029501706,0.32762096774193544,325,0.002045404574135601,341
independent_aia40_sharp20,independent_missingness,0.4,0.2,74,0.3189422558014031,0.3245967741935484,322,0.012233333736654473,322
independent_aia40_sharp20,independent_missingness,0.4,0.2,75,0.3201115308508725,0.2993951612903226,297,0.00837704241063264,331
independent_aia40_sharp20,independent_missingness,0.4,0.2,76,0.3171433711099118,0.313508064516129,311,0.009124536147065765,320
independent_aia40_sharp20,independent_missingness,0.4,0.2,77,0.31975175391257415,0.310483870967742,308,-0.004413801137427509,339
independent_aia40_sharp20,independent_missingness,0.4,0.2,78,0.3220003597769383,0.3346774193548387,332,0.02031268837369593,348
independent_aia40_sharp20,independent_missingness,0.4,0.2,79,0.31417521136895127,0.32661290322580644,324,0.004539092203607709,330
independent_aia40_sharp20,independent_missingness,0.4,0.2,80,0.3223601367152365,0.3356854838709678,333,0.027141577070521894,341
independent_aia40_sharp20,independent_missingness,0.4,0.2,81,0.32541824069077174,0.2903225806451613,288,0.010483548828344347,355
independent_aia40_sharp20,independent_missingness,0.4,0.2,82,0.3203813635545961,0.3256048387096775,323,-0.009173197895129714,340
independent_aia40_sharp20,independent_missingness,0.4,0.2,83,0.32271991365353475,0.33669354838709675,334,-0.007919915509690734,359
independent_aia40_sharp20,independent_missingness,0.4,0.2,84,0.31696348264076274,0.313508064516129,311,0.032935665048501095,350
independent_aia40_sharp20,independent_missingness,0.4,0.2,85,0.31993164238172334,0.310483870967742,308,0.04136373938106064,312
independent_aia40_sharp20,independent_missingness,0.4,0.2,86,0.3208310847274689,0.3346774193548387,332,0.022621089706295727,321
independent_aia40_sharp20,independent_missingness,0.4,0.2,87,0.3278467350242849,0.33366935483870963,331,0.027972409582971203,330
independent_aia40_sharp20,independent_missingness,0.4,0.2,88,0.3192120885051269,0.3104838709677419,308,0.014575587600639484,334
independent_aia40_sharp20,independent_missingness,0.4,0.2,89,0.31390537866522755,0.3235887096774193,321,0.02635502149732516,322
independent_aia40_sharp20,independent_missingness,0.4,0.2,90,0.32541824069077174,0.3366935483870968,334,0.013129708098177595,354
independent_aia40_sharp20,independent_missingness,0.4,0.2,91,0.3181327576902321,0.33669354838709675,334,0.03645073202594573,320
independent_aia40_sharp20,independent_missingness,0.4,0.2,92,0.3195718654434251,0.31552419354838707,313,0.0024703439796849302,345
independent_aia40_sharp20,independent_missingness,0.4,0.2,93,0.3254182406907718,0.30846774193548393,306,0.01138390834105607,354
independent_aia40_sharp20,independent_missingness,0.4,0.2,94,0.3269472926785393,0.31552419354838707,313,0.03176424559386071,347
independent_aia40_sharp20,independent_missingness,0.4,0.2,95,0.32298974635725847,0.3286290322580645,326,0.029443465726650908,346
independent_aia40_sharp20,independent_missingness,0.4,0.2,96,0.3161539845295917,0.311491935483871,309,0.03463872880343555,285
independent_aia40_sharp20,independent_missingness,0.4,0.2,97,0.31849253462853033,0.30544354838709675,303,0.02738770980977856,326
independent_aia40_sharp20,independent_missingness,0.4,0.2,98,0.31228638244288537,0.3024193548387097,300,0.015127238162860879,344
independent_aia40_sharp20,independent_missingness,0.4,0.2,99,0.3241590214067278,0.32762096774193555,325,0.005723931679554539,344
contiguous_sharp_outage_6h,contiguous_sharp_outage,0.0,6.0,0,0.0,0.0,0,0.004171287709301419,19
contiguous_dual_outage_6h,contiguous_dual_outage,6.0,6.0,0,0.0,0.0,0,0.004171287709301419,19
contiguous_sharp_outage_6h,contiguous_sharp_outage,0.0,6.0,1,0.0,0.0,0,0.004171287709301419,19
contiguous_dual_outage_6h,contiguous_dual_outage,6.0,6.0,1,0.0,0.0,0,0.004171287709301419,19
contiguous_sharp_outage_6h,contiguous_sharp_outage,0.0,6.0,2,0.0,0.0,0,0.004171287709301419,19
contiguous_dual_outage_6h,contiguous_dual_outage,6.0,6.0,2,0.0,0.0,0,0.004171287709301419,19
contiguous_sharp_outage_6h,contiguous_sharp_outage,0.0,6.0,3,0.0,0.0,0,0.00417739102625081,19
contiguous_dual_outage_6h,contiguous_dual_outage,6.0,6.0,3,0.0,0.0,0,0.00417739102625081,19
contiguous_sharp_outage_6h,contiguous_sharp_outage,0.0,6.0,4,0.0,0.0,0,0.004171287709301419,19
contiguous_dual_outage_6h,contiguous_dual_outage,6.0,6.0,4,0.0,0.0,0,0.004171287709301419,19
contiguous_sharp_outage_6h,contiguous_sharp_outage,0.0,6.0,5,0.0,0.0,0,0.004171287709301419,19
contiguous_dual_outage_6h,contiguous_dual_outage,6.0,6.0,5,0.0,0.0,0,0.004171287709301419,19
contiguous_sharp_outage_6h,contiguous_sharp_outage,0.0,6.0,6,0.0,0.0,0,0.004170731201923017,19
contiguous_dual_outage_6h,contiguous_dual_outage,6.0,6.0,6,0.0,0.0,0,0.004170731201923017,19
contiguous_sharp_outage_6h,contiguous_sharp_outage,0.0,6.0,7,0.0,0.0,0,0.00418387749482152,19
contiguous_dual_outage_6h,contiguous_dual_outage,6.0,6.0,7,0.0,0.0,0,0.00418387749482152,19
contiguous_sharp_outage_6h,contiguous_sharp_outage,0.0,6.0,8,0.0,0.0,0,0.004177205560448316,19
contiguous_dual_outage_6h,contiguous_dual_outage,6.0,6.0,8,0.0,0.0,0,0.004177205560448316,19
contiguous_sharp_outage_6h,contiguous_sharp_outage,0.0,6.0,9,0.0,0.0,0,0.004196516603348188,19
contiguous_dual_outage_6h,contiguous_dual_outage,6.0,6.0,9,0.0,0.0,0,0.004196516603348188,19
contiguous_sharp_outage_6h,contiguous_sharp_outage,0.0,6.0,10,0.0,0.0,0,0.004171287709301419,19
contiguous_dual_outage_6h,contiguous_dual_outage,6.0,6.0,10,0.0,0.0,0,0.004171287709301419,19
contiguous_sharp_outage_6h,contiguous_sharp_outage,0.0,6.0,11,0.0,0.0,0,0.004171287709301419,19
contiguous_dual_outage_6h,contiguous_dual_outage,6.0,6.0,11,0.0,0.0,0,0.004171287709301419,19
contiguous_sharp_outage_6h,contiguous_sharp_outage,0.0,6.0,12,0.0,0.0,0,0.004171287709301419,19
contiguous_dual_outage_6h,contiguous_dual_outage,6.0,6.0,12,0.0,0.0,0,0.004171287709301419,19
contiguous_sharp_outage_6h,contiguous_sharp_outage,0.0,6.0,13,0.0,0.0,0,0.004171287709301419,19
contiguous_dual_outage_6h,contiguous_dual_outage,6.0,6.0,13,0.0,0.0,0,0.004171287709301419,19
contiguous_sharp_outage_6h,contiguous_sharp_outage,0.0,6.0,14,0.0,0.0,0,0.004072297777536926,20
contiguous_dual_outage_6h,contiguous_dual_outage,6.0,6.0,14,0.0,0.0,0,0.004072297777536926,20
contiguous_sharp_outage_6h,contiguous_sharp_outage,0.0,6.0,15,0.0,0.0,0,0.004171287709301419,19
contiguous_dual_outage_6h,contiguous_dual_outage,6.0,6.0,15,0.0,0.0,0,0.004171287709301419,19
contiguous_sharp_outage_6h,contiguous_sharp_outage,0.0,6.0,16,0.0,0.0,0,0.004171287709301419,19
contiguous_dual_outage_6h,contiguous_dual_outage,6.0,6.0,16,0.0,0.0,0,0.004171287709301419,19
contiguous_sharp_outage_6h,contiguous_sharp_outage,0.0,6.0,17,0.0,0.0,0,0.004183877494821742,19
contiguous_dual_outage_6h,contiguous_dual_outage,6.0,6.0,17,0.0,0.0,0,0.004183877494821742,19
contiguous_sharp_outage_6h,contiguous_sharp_outage,0.0,6.0,18,0.0,0.0,0,0.004171287709301419,19
contiguous_dual_outage_6h,contiguous_dual_outage,6.0,6.0,18,0.0,0.0,0,0.004171287709301419,19
contiguous_sharp_outage_6h,contiguous_sharp_outage,0.0,6.0,19,0.0,0.0,0,0.004171287709301419,19
contiguous_dual_outage_6h,contiguous_dual_outage,6.0,6.0,19,0.0,0.0,0,0.004171287709301419,19
contiguous_sharp_outage_6h,contiguous_sharp_outage,0.0,6.0,20,0.0,0.0,0,0.004170731201923017,19
contiguous_dual_outage_6h,contiguous_dual_outage,6.0,6.0,20,0.0,0.0,0,0.004170731201923017,19
contiguous_sharp_outage_6h,contiguous_sharp_outage,0.0,6.0,21,0.0,0.0,0,0.004171287709301419,19
contiguous_dual_outage_6h,contiguous_dual_outage,6.0,6.0,21,0.0,0.0,0,0.004171287709301419,19
contiguous_sharp_outage_6h,contiguous_sharp_outage,0.0,6.0,22,0.0,0.0,0,0.004171287709301419,19
contiguous_dual_outage_6h,contiguous_dual_outage,6.0,6.0,22,0.0,0.0,0,0.004171287709301419,19
contiguous_sharp_outage_6h,contiguous_sharp_outage,0.0,6.0,23,0.0,0.0,0,0.004196516603348188,19
contiguous_dual_outage_6h,contiguous_dual_outage,6.0,6.0,23,0.0,0.0,0,0.004196516603348188,19
contiguous_sharp_outage_6h,contiguous_sharp_outage,0.0,6.0,24,0.0,0.0,0,0.004166826391684086,19
contiguous_dual_outage_6h,contiguous_dual_outage,6.0,6.0,24,0.0,0.0,0,0.004166826391684086,19
contiguous_sharp_outage_6h,contiguous_sharp_outage,0.0,6.0,25,0.0,0.0,0,0.00416905969815895,19
contiguous_dual_outage_6h,contiguous_dual_outage,6.0,6.0,25,0.0,0.0,0,0.00416905969815895,19
contiguous_sharp_outage_6h,contiguous_sharp_outage,0.0,6.0,26,0.0,0.0,0,0.004168315851969195,19
contiguous_dual_outage_6h,contiguous_dual_outage,6.0,6.0,26,0.0,0.0,0,0.004168315851969195,19
contiguous_sharp_outage_6h,contiguous_sharp_outage,0.0,6.0,27,0.0,0.0,0,0.00421971950496336,19
contiguous_dual_outage_6h,contiguous_dual_outage,6.0,6.0,27,0.0,0.0,0,0.00421971950496336,19
contiguous_sharp_outage_6h,contiguous_sharp_outage,0.0,6.0,28,0.0,0.0,0,0.00421129931357056,19
contiguous_dual_outage_6h,contiguous_dual_outage,6.0,6.0,28,0.0,0.0,0,0.00421129931357056,19
contiguous_sharp_outage_6h,contiguous_sharp_outage,0.0,6.0,29,0.0,0.0,0,0.00419075463260965,19
contiguous_dual_outage_6h,contiguous_dual_outage,6.0,6.0,29,0.0,0.0,0,0.00419075463260965,19
contiguous_sharp_outage_6h,contiguous_sharp_outage,0.0,6.0,30,0.0,0.0,0,0.004180162671849175,19
contiguous_dual_outage_6h,contiguous_dual_outage,6.0,6.0,30,0.0,0.0,0,0.004180162671849175,19
contiguous_sharp_outage_6h,contiguous_sharp_outage,0.0,6.0,31,0.0,0.0,0,0.004220461588136937,19
contiguous_dual_outage_6h,contiguous_dual_outage,6.0,6.0,31,0.0,0.0,0,0.004220461588136937,19
contiguous_sharp_outage_6h,contiguous_sharp_outage,0.0,6.0,32,0.0,0.0,0,0.004168315851969195,19
contiguous_dual_outage_6h,contiguous_dual_outage,6.0,6.0,32,0.0,0.0,0,0.004168315851969195,19
contiguous_sharp_outage_6h,contiguous_sharp_outage,0.0,6.0,33,0.0,0.0,0,0.004166453657788338,19
contiguous_dual_outage_6h,contiguous_dual_outage,6.0,6.0,33,0.0,0.0,0,0.004166453657788338,19
contiguous_sharp_outage_6h,contiguous_sharp_outage,0.0,6.0,34,0.0,0.0,0,0.004179417941793995,19
contiguous_dual_outage_6h,contiguous_dual_outage,6.0,6.0,34,0.0,0.0,0,0.004179417941793995,19
contiguous_sharp_outage_6h,contiguous_sharp_outage,0.0,6.0,35,0.0,0.0,0,0.004190568173340514,19
contiguous_dual_outage_6h,contiguous_dual_outage,6.0,6.0,35,0.0,0.0,0,0.004190568173340514,19
contiguous_sharp_outage_6h,contiguous_sharp_outage,0.0,6.0,36,0.0,0.0,0,0.004166826391684086,19
contiguous_dual_outage_6h,contiguous_dual_outage,6.0,6.0,36,0.0,0.0,0,0.004166826391684086,19
contiguous_sharp_outage_6h,contiguous_sharp_outage,0.0,6.0,37,0.0,0.0,0,0.004167571416710869,19
contiguous_dual_outage_6h,contiguous_dual_outage,6.0,6.0,37,0.0,0.0,0,0.004167571416710869,19
contiguous_sharp_outage_6h,contiguous_sharp_outage,0.0,6.0,38,0.0,0.0,0,0.004265855902478188,18
contiguous_dual_outage_6h,contiguous_dual_outage,6.0,6.0,38,0.0,0.0,0,0.004265855902478188,18
contiguous_sharp_outage_6h,contiguous_sharp_outage,0.0,6.0,39,0.0,0.0,0,0.004166826391684086,19
contiguous_dual_outage_6h,contiguous_dual_outage,6.0,6.0,39,0.0,0.0,0,0.004166826391684086,19
contiguous_sharp_outage_6h,contiguous_sharp_outage,0.0,6.0,40,0.0,0.0,0,0.0040677968808897624,20
contiguous_dual_outage_6h,contiguous_dual_outage,6.0,6.0,40,0.0,0.0,0,0.0040677968808897624,20
contiguous_sharp_outage_6h,contiguous_sharp_outage,0.0,6.0,41,0.0,0.0,0,0.004193547095311834,19
contiguous_dual_outage_6h,contiguous_dual_outage,6.0,6.0,41,0.0,0.0,0,0.004193547095311834,19
contiguous_sharp_outage_6h,contiguous_sharp_outage,0.0,6.0,42,0.0,0.0,0,0.0042212030850310445,19
contiguous_dual_outage_6h,contiguous_dual_outage,6.0,6.0,42,0.0,0.0,0,0.0042212030850310445,19
contiguous_sharp_outage_6h,contiguous_sharp_outage,0.0,6.0,43,0.0,0.0,0,0.004187220769847455,19
contiguous_dual_outage_6h,contiguous_dual_outage,6.0,6.0,43,0.0,0.0,0,0.004187220769847455,19
contiguous_sharp_outage_6h,contiguous_sharp_outage,0.0,6.0,44,0.0,0.0,0,0.00416905969815895,19
contiguous_dual_outage_6h,contiguous_dual_outage,6.0,6.0,44,0.0,0.0,0,0.00416905969815895,19
contiguous_sharp_outage_6h,contiguous_sharp_outage,0.0,6.0,45,0.0,0.0,0,0.004194104593798764,19
contiguous_dual_outage_6h,contiguous_dual_outage,6.0,6.0,45,0.0,0.0,0,0.004194104593798764,19
contiguous_sharp_outage_6h,contiguous_sharp_outage,0.0,6.0,46,0.0,0.0,0,0.004168315851969195,19
contiguous_dual_outage_6h,contiguous_dual_outage,6.0,6.0,46,0.0,0.0,0,0.004168315851969195,19
contiguous_sharp_outage_6h,contiguous_sharp_outage,0.0,6.0,47,0.0,0.0,0,0.004169802955979129,19
contiguous_dual_outage_6h,contiguous_dual_outage,6.0,6.0,47,0.0,0.0,0,0.004169802955979129,19
contiguous_sharp_outage_6h,contiguous_sharp_outage,0.0,6.0,48,0.0,0.0,0,0.0041677575807888,19
contiguous_dual_outage_6h,contiguous_dual_outage,6.0,6.0,48,0.0,0.0,0,0.0041677575807888,19
contiguous_sharp_outage_6h,contiguous_sharp_outage,0.0,6.0,49,0.0,0.0,0,0.004167571416710869,19
contiguous_dual_outage_6h,contiguous_dual_outage,6.0,6.0,49,0.0,0.0,0,0.004167571416710869,19
contiguous_sharp_outage_12h,contiguous_sharp_outage,0.0,12.0,0,0.0,0.0,0,0.004170545626127842,19
contiguous_dual_outage_12h,contiguous_dual_outage,12.0,12.0,0,0.0,0.0,0,0.004170545626127842,19
contiguous_sharp_outage_12h,contiguous_sharp_outage,0.0,12.0,1,0.0,0.0,0,0.004170545626127842,19
contiguous_dual_outage_12h,contiguous_dual_outage,12.0,12.0,1,0.0,0.0,0,0.004170545626127842,19
contiguous_sharp_outage_12h,contiguous_sharp_outage,0.0,12.0,2,0.0,0.0,0,0.004170545626127842,19
contiguous_dual_outage_12h,contiguous_dual_outage,12.0,12.0,2,0.0,0.0,0,0.004170545626127842,19
contiguous_sharp_outage_12h,contiguous_sharp_outage,0.0,12.0,3,0.0,0.0,0,0.0041766489430772324,19
contiguous_dual_outage_12h,contiguous_dual_outage,12.0,12.0,3,0.0,0.0,0,0.0041766489430772324,19
contiguous_sharp_outage_12h,contiguous_sharp_outage,0.0,12.0,4,0.0,0.0,0,0.004170545626127842,19
contiguous_dual_outage_12h,contiguous_dual_outage,12.0,12.0,4,0.0,0.0,0,0.004170545626127842,19
contiguous_sharp_outage_12h,contiguous_sharp_outage,0.0,12.0,5,0.0,0.0,0,0.004170545626127842,19
contiguous_dual_outage_12h,contiguous_dual_outage,12.0,12.0,5,0.0,0.0,0,0.004170545626127842,19
contiguous_sharp_outage_12h,contiguous_sharp_outage,0.0,12.0,6,0.0,0.0,0,0.0041696171966456586,19
contiguous_dual_outage_12h,contiguous_dual_outage,12.0,12.0,6,0.0,0.0,0,0.0041696171966456586,19
contiguous_sharp_outage_12h,contiguous_sharp_outage,0.0,12.0,7,0.0,0.0,0,0.0041957751064543025,19
contiguous_dual_outage_12h,contiguous_dual_outage,12.0,12.0,7,0.0,0.0,0,0.0041957751064543025,19
contiguous_sharp_outage_12h,contiguous_sharp_outage,0.0,12.0,8,0.0,0.0,0,0.004182393328300726,19
contiguous_dual_outage_12h,contiguous_dual_outage,12.0,12.0,8,0.0,0.0,0,0.004182393328300726,19
contiguous_sharp_outage_12h,contiguous_sharp_outage,0.0,12.0,9,0.0,0.0,0,0.0042212030850310445,19
contiguous_dual_outage_12h,contiguous_dual_outage,12.0,12.0,9,0.0,0.0,0,0.0042212030850310445,19
contiguous_sharp_outage_12h,contiguous_sharp_outage,0.0,12.0,10,0.0,0.0,0,0.004170545626127842,19
contiguous_dual_outage_12h,contiguous_dual_outage,12.0,12.0,10,0.0,0.0,0,0.004170545626127842,19
contiguous_sharp_outage_12h,contiguous_sharp_outage,0.0,12.0,11,0.0,0.0,0,0.004170545626127842,19
contiguous_dual_outage_12h,contiguous_dual_outage,12.0,12.0,11,0.0,0.0,0,0.004170545626127842,19
contiguous_sharp_outage_12h,contiguous_sharp_outage,0.0,12.0,12,0.0,0.0,0,0.004170545626127842,19
contiguous_dual_outage_12h,contiguous_dual_outage,12.0,12.0,12,0.0,0.0,0,0.004170545626127842,19
contiguous_sharp_outage_12h,contiguous_sharp_outage,0.0,12.0,13,0.0,0.0,0,0.004170545626127842,19
contiguous_dual_outage_12h,contiguous_dual_outage,12.0,12.0,13,0.0,0.0,0,0.004170545626127842,19
contiguous_sharp_outage_12h,contiguous_sharp_outage,0.0,12.0,14,0.0,0.0,0,0.0039722625293003855,21
contiguous_dual_outage_12h,contiguous_dual_outage,12.0,12.0,14,0.0,0.0,0,0.0039722625293003855,21
contiguous_sharp_outage_12h,contiguous_sharp_outage,0.0,12.0,15,0.0,0.0,0,0.004170545626127842,19
contiguous_dual_outage_12h,contiguous_dual_outage,12.0,12.0,15,0.0,0.0,0,0.004170545626127842,19
contiguous_sharp_outage_12h,contiguous_sharp_outage,0.0,12.0,16,0.0,0.0,0,0.004170545626127842,19
contiguous_dual_outage_12h,contiguous_dual_outage,12.0,12.0,16,0.0,0.0,0,0.004170545626127842,19
contiguous_sharp_outage_12h,contiguous_sharp_outage,0.0,12.0,17,0.0,0.0,0,0.0041957751064543025,19
contiguous_dual_outage_12h,contiguous_dual_outage,12.0,12.0,17,0.0,0.0,0,0.0041957751064543025,19
contiguous_sharp_outage_12h,contiguous_sharp_outage,0.0,12.0,18,0.0,0.0,0,0.004170545626127842,19
contiguous_dual_outage_12h,contiguous_dual_outage,12.0,12.0,18,0.0,0.0,0,0.004170545626127842,19
contiguous_sharp_outage_12h,contiguous_sharp_outage,0.0,12.0,19,0.0,0.0,0,0.004170545626127842,19
contiguous_dual_outage_12h,contiguous_dual_outage,12.0,12.0,19,0.0,0.0,0,0.004170545626127842,19
contiguous_sharp_outage_12h,contiguous_sharp_outage,0.0,12.0,20,0.0,0.0,0,0.004169431400571577,19
contiguous_dual_outage_12h,contiguous_dual_outage,12.0,12.0,20,0.0,0.0,0,0.004169431400571577,19
contiguous_sharp_outage_12h,contiguous_sharp_outage,0.0,12.0,21,0.0,0.0,0,0.004170545626127842,19
contiguous_dual_outage_12h,contiguous_dual_outage,12.0,12.0,21,0.0,0.0,0,0.004170545626127842,19
contiguous_sharp_outage_12h,contiguous_sharp_outage,0.0,12.0,22,0.0,0.0,0,0.004170545626127842,19
contiguous_dual_outage_12h,contiguous_dual_outage,12.0,12.0,22,0.0,0.0,0,0.004170545626127842,19
contiguous_sharp_outage_12h,contiguous_sharp_outage,0.0,12.0,23,0.0,0.0,0,0.0042212030850310445,19
contiguous_dual_outage_12h,contiguous_dual_outage,12.0,12.0,23,0.0,0.0,0,0.0042212030850310445,19
contiguous_sharp_outage_12h,contiguous_sharp_outage,0.0,12.0,24,0.0,0.0,0,0.004161594643943944,19
contiguous_dual_outage_12h,contiguous_dual_outage,12.0,12.0,24,0.0,0.0,0,0.004161594643943944,19
contiguous_sharp_outage_12h,contiguous_sharp_outage,0.0,12.0,25,0.0,0.0,0,0.004166080776187631,19
contiguous_dual_outage_12h,contiguous_dual_outage,12.0,12.0,25,0.0,0.0,0,0.004166080776187631,19
contiguous_sharp_outage_12h,contiguous_sharp_outage,0.0,12.0,26,0.0,0.0,0,0.004164587770975947,19
contiguous_dual_outage_12h,contiguous_dual_outage,12.0,12.0,26,0.0,0.0,0,0.004164587770975947,19
contiguous_sharp_outage_12h,contiguous_sharp_outage,0.0,12.0,27,0.0,0.0,0,0.004268213584991409,19
contiguous_dual_outage_12h,contiguous_dual_outage,12.0,12.0,27,0.0,0.0,0,0.004268213584991409,19
contiguous_sharp_outage_12h,contiguous_sharp_outage,0.0,12.0,28,0.0,0.0,0,0.004244903432118141,19
contiguous_dual_outage_12h,contiguous_dual_outage,12.0,12.0,28,0.0,0.0,0,0.004244903432118141,19
contiguous_sharp_outage_12h,contiguous_sharp_outage,0.0,12.0,29,0.0,0.0,0,0.004209456036724735,19
contiguous_dual_outage_12h,contiguous_dual_outage,12.0,12.0,29,0.0,0.0,0,0.004209456036724735,19
contiguous_sharp_outage_12h,contiguous_sharp_outage,0.0,12.0,30,0.0,0.0,0,0.004194667542075425,19
contiguous_dual_outage_12h,contiguous_dual_outage,12.0,12.0,30,0.0,0.0,0,0.004194667542075425,19
contiguous_sharp_outage_12h,contiguous_sharp_outage,0.0,12.0,31,0.0,0.0,0,0.004269513900479138,19
contiguous_dual_outage_12h,contiguous_dual_outage,12.0,12.0,31,0.0,0.0,0,0.004269513900479138,19
contiguous_sharp_outage_12h,contiguous_sharp_outage,0.0,12.0,32,0.0,0.0,0,0.004170877843088228,19
contiguous_dual_outage_12h,contiguous_dual_outage,12.0,12.0,32,0.0,0.0,0,0.004170877843088228,19
contiguous_sharp_outage_12h,contiguous_sharp_outage,0.0,12.0,33,0.0,0.0,0,0.004161032373420692,19
contiguous_dual_outage_12h,contiguous_dual_outage,12.0,12.0,33,0.0,0.0,0,0.004161032373420692,19
contiguous_sharp_outage_12h,contiguous_sharp_outage,0.0,12.0,34,0.0,0.0,0,0.004186643976702653,19
contiguous_dual_outage_12h,contiguous_dual_outage,12.0,12.0,34,0.0,0.0,0,0.004186643976702653,19
contiguous_sharp_outage_12h,contiguous_sharp_outage,0.0,12.0,35,0.0,0.0,0,0.00430882998087645,18
contiguous_dual_outage_12h,contiguous_dual_outage,12.0,12.0,35,0.0,0.0,0,0.00430882998087645,18
contiguous_sharp_outage_12h,contiguous_sharp_outage,0.0,12.0,36,0.0,0.0,0,0.0041615946439441664,19
contiguous_dual_outage_12h,contiguous_dual_outage,12.0,12.0,36,0.0,0.0,0,0.0041615946439441664,19
contiguous_sharp_outage_12h,contiguous_sharp_outage,0.0,12.0,37,0.0,0.0,0,0.004162905306558828,19
contiguous_dual_outage_12h,contiguous_dual_outage,12.0,12.0,37,0.0,0.0,0,0.004162905306558828,19
contiguous_sharp_outage_12h,contiguous_sharp_outage,0.0,12.0,38,0.0,0.0,0,0.0042612544518179085,18
contiguous_dual_outage_12h,contiguous_dual_outage,12.0,12.0,38,0.0,0.0,0,0.0042612544518179085,18
contiguous_sharp_outage_12h,contiguous_sharp_outage,0.0,12.0,39,0.0,0.0,0,0.004167885309960262,19
contiguous_dual_outage_12h,contiguous_dual_outage,12.0,12.0,39,0.0,0.0,0,0.004167885309960262,19
contiguous_sharp_outage_12h,contiguous_sharp_outage,0.0,12.0,40,0.0,0.0,0,0.004062289778005601,20
contiguous_dual_outage_12h,contiguous_dual_outage,12.0,12.0,40,0.0,0.0,0,0.004062289778005601,20
contiguous_sharp_outage_12h,contiguous_sharp_outage,0.0,12.0,41,0.0,0.0,0,0.004221644126475077,19
contiguous_dual_outage_12h,contiguous_dual_outage,12.0,12.0,41,0.0,0.0,0,0.004221644126475077,19
contiguous_sharp_outage_12h,contiguous_sharp_outage,0.0,12.0,42,0.0,0.0,0,0.004271183093027986,19
contiguous_dual_outage_12h,contiguous_dual_outage,12.0,12.0,42,0.0,0.0,0,0.004271183093027986,19
contiguous_sharp_outage_12h,contiguous_sharp_outage,0.0,12.0,43,0.0,0.0,0,0.004208318031120983,19
contiguous_dual_outage_12h,contiguous_dual_outage,12.0,12.0,43,0.0,0.0,0,0.004208318031120983,19
contiguous_sharp_outage_12h,contiguous_sharp_outage,0.0,12.0,44,0.0,0.0,0,0.004166080776187631,19
contiguous_dual_outage_12h,contiguous_dual_outage,12.0,12.0,44,0.0,0.0,0,0.004166080776187631,19
contiguous_sharp_outage_12h,contiguous_sharp_outage,0.0,12.0,45,0.0,0.0,0,0.004215068158806012,19
contiguous_dual_outage_12h,contiguous_dual_outage,12.0,12.0,45,0.0,0.0,0,0.004215068158806012,19
contiguous_sharp_outage_12h,contiguous_sharp_outage,0.0,12.0,46,0.0,0.0,0,0.004164027283226623,19
contiguous_dual_outage_12h,contiguous_dual_outage,12.0,12.0,46,0.0,0.0,0,0.004164027283226623,19
contiguous_sharp_outage_12h,contiguous_sharp_outage,0.0,12.0,47,0.0,0.0,0,0.004167571416710869,19
contiguous_dual_outage_12h,contiguous_dual_outage,12.0,12.0,47,0.0,0.0,0,0.004167571416710869,19
contiguous_sharp_outage_12h,contiguous_sharp_outage,0.0,12.0,48,0.0,0.0,0,0.0041627181805374835,19
contiguous_dual_outage_12h,contiguous_dual_outage,12.0,12.0,48,0.0,0.0,0,0.0041627181805374835,19
contiguous_sharp_outage_12h,contiguous_sharp_outage,0.0,12.0,49,0.0,0.0,0,0.004163092395444545,19
contiguous_dual_outage_12h,contiguous_dual_outage,12.0,12.0,49,0.0,0.0,0,0.004163092395444545,19
contiguous_sharp_outage_24h,contiguous_sharp_outage,0.0,24.0,0,0.0,0.0,0,0.004169245567746449,19
contiguous_dual_outage_24h,contiguous_dual_outage,24.0,24.0,0,0.0,0.0,0,0.004169245567746449,19
contiguous_sharp_outage_24h,contiguous_sharp_outage,0.0,24.0,1,0.0,0.0,0,0.004169245567746449,19
contiguous_dual_outage_24h,contiguous_dual_outage,24.0,24.0,1,0.0,0.0,0,0.004169245567746449,19
contiguous_sharp_outage_24h,contiguous_sharp_outage,0.0,24.0,2,0.0,0.0,0,0.004169245567746449,19
contiguous_dual_outage_24h,contiguous_dual_outage,24.0,24.0,2,0.0,0.0,0,0.004169245567746449,19
contiguous_sharp_outage_24h,contiguous_sharp_outage,0.0,24.0,3,0.0,0.0,0,0.004174977108747813,19
contiguous_dual_outage_24h,contiguous_dual_outage,24.0,24.0,3,0.0,0.0,0,0.004174977108747813,19
contiguous_sharp_outage_24h,contiguous_sharp_outage,0.0,24.0,4,0.0,0.0,0,0.004169245567746227,19
contiguous_dual_outage_24h,contiguous_dual_outage,24.0,24.0,4,0.0,0.0,0,0.004169245567746227,19
contiguous_sharp_outage_24h,contiguous_sharp_outage,0.0,24.0,5,0.0,0.0,0,0.004169245567746449,19
contiguous_dual_outage_24h,contiguous_dual_outage,24.0,24.0,5,0.0,0.0,0,0.004169245567746449,19
contiguous_sharp_outage_24h,contiguous_sharp_outage,0.0,24.0,6,0.0,0.0,0,0.004167385215772423,19
contiguous_dual_outage_24h,contiguous_dual_outage,24.0,24.0,6,0.0,0.0,0,0.004167385215772423,19
contiguous_sharp_outage_24h,contiguous_sharp_outage,0.0,24.0,7,0.0,0.0,0,0.004213157826070235,19
contiguous_dual_outage_24h,contiguous_dual_outage,24.0,24.0,7,0.0,0.0,0,0.004213157826070235,19
contiguous_sharp_outage_24h,contiguous_sharp_outage,0.0,24.0,8,0.0,0.0,0,0.004186848846763347,19
contiguous_dual_outage_24h,contiguous_dual_outage,24.0,24.0,8,0.0,0.0,0,0.004186848846763347,19
contiguous_sharp_outage_24h,contiguous_sharp_outage,0.0,24.0,9,0.0,0.0,0,0.004264890829994261,19
contiguous_dual_outage_24h,contiguous_dual_outage,24.0,24.0,9,0.0,0.0,0,0.004264890829994261,19
contiguous_sharp_outage_24h,contiguous_sharp_outage,0.0,24.0,10,0.0,0.0,0,0.004169245567746449,19
contiguous_dual_outage_24h,contiguous_dual_outage,24.0,24.0,10,0.0,0.0,0,0.004169245567746449,19
contiguous_sharp_outage_24h,contiguous_sharp_outage,0.0,24.0,11,0.0,0.0,0,0.004168873791798422,19
contiguous_dual_outage_24h,contiguous_dual_outage,24.0,24.0,11,0.0,0.0,0,0.004168873791798422,19
contiguous_sharp_outage_24h,contiguous_sharp_outage,0.0,24.0,12,0.0,0.0,0,0.004169245567746449,19
contiguous_dual_outage_24h,contiguous_dual_outage,24.0,24.0,12,0.0,0.0,0,0.004169245567746449,19
contiguous_sharp_outage_24h,contiguous_sharp_outage,0.0,24.0,13,0.0,0.0,0,0.004169245567746449,19
contiguous_dual_outage_24h,contiguous_dual_outage,24.0,24.0,13,0.0,0.0,0,0.004169245567746449,19
contiguous_sharp_outage_24h,contiguous_sharp_outage,0.0,24.0,14,0.0,0.0,0,0.003970824769904402,21
contiguous_dual_outage_24h,contiguous_dual_outage,24.0,24.0,14,0.0,0.0,0,0.003970824769904402,21
contiguous_sharp_outage_24h,contiguous_sharp_outage,0.0,24.0,15,0.0,0.0,0,0.004169245567746449,19
contiguous_dual_outage_24h,contiguous_dual_outage,24.0,24.0,15,0.0,0.0,0,0.004169245567746449,19
contiguous_sharp_outage_24h,contiguous_sharp_outage,0.0,24.0,16,0.0,0.0,0,0.004169245567746449,19
contiguous_dual_outage_24h,contiguous_dual_outage,24.0,24.0,16,0.0,0.0,0,0.004169245567746449,19
contiguous_sharp_outage_24h,contiguous_sharp_outage,0.0,24.0,17,0.0,0.0,0,0.004219905080758757,19
contiguous_dual_outage_24h,contiguous_dual_outage,24.0,24.0,17,0.0,0.0,0,0.004219905080758757,19
contiguous_sharp_outage_24h,contiguous_sharp_outage,0.0,24.0,18,0.0,0.0,0,0.004169245567746449,19
contiguous_dual_outage_24h,contiguous_dual_outage,24.0,24.0,18,0.0,0.0,0,0.004169245567746449,19
contiguous_sharp_outage_24h,contiguous_sharp_outage,0.0,24.0,19,0.0,0.0,0,0.004169245567746449,19
contiguous_dual_outage_24h,contiguous_dual_outage,24.0,24.0,19,0.0,0.0,0,0.004169245567746449,19
contiguous_sharp_outage_24h,contiguous_sharp_outage,0.0,24.0,20,0.0,0.0,0,0.004167198977962361,19
contiguous_dual_outage_24h,contiguous_dual_outage,24.0,24.0,20,0.0,0.0,0,0.004167198977962361,19
contiguous_sharp_outage_24h,contiguous_sharp_outage,0.0,24.0,21,0.0,0.0,0,0.004169245567746449,19
contiguous_dual_outage_24h,contiguous_dual_outage,24.0,24.0,21,0.0,0.0,0,0.004169245567746449,19
contiguous_sharp_outage_24h,contiguous_sharp_outage,0.0,24.0,22,0.0,0.0,0,0.004169245567746449,19
contiguous_dual_outage_24h,contiguous_dual_outage,24.0,24.0,22,0.0,0.0,0,0.004169245567746449,19
contiguous_sharp_outage_24h,contiguous_sharp_outage,0.0,24.0,23,0.0,0.0,0,0.004264890829994261,19
contiguous_dual_outage_24h,contiguous_dual_outage,24.0,24.0,23,0.0,0.0,0,0.004264890829994261,19
contiguous_sharp_outage_24h,contiguous_sharp_outage,0.0,24.0,24,0.0,0.0,0,0.00415255792096092,19
contiguous_dual_outage_24h,contiguous_dual_outage,24.0,24.0,24,0.0,0.0,0,0.00415255792096092,19
contiguous_sharp_outage_24h,contiguous_sharp_outage,0.0,24.0,25,0.0,0.0,0,0.00416084487543511,19
contiguous_dual_outage_24h,contiguous_dual_outage,24.0,24.0,25,0.0,0.0,0,0.00416084487543511,19
contiguous_sharp_outage_24h,contiguous_sharp_outage,0.0,24.0,26,0.0,0.0,0,0.004158027928532038,19
contiguous_dual_outage_24h,contiguous_dual_outage,24.0,24.0,26,0.0,0.0,0,0.004158027928532038,19
contiguous_sharp_outage_24h,contiguous_sharp_outage,0.0,24.0,27,0.0,0.0,0,0.00435469991641968,19
contiguous_dual_outage_24h,contiguous_dual_outage,24.0,24.0,27,0.0,0.0,0,0.00435469991641968,19
contiguous_sharp_outage_24h,contiguous_sharp_outage,0.0,24.0,28,0.0,0.0,0,0.004327257412068741,19
contiguous_dual_outage_24h,contiguous_dual_outage,24.0,24.0,28,0.0,0.0,0,0.004327257412068741,19
contiguous_sharp_outage_24h,contiguous_sharp_outage,0.0,24.0,29,0.0,0.0,0,0.004242577790224411,19
contiguous_dual_outage_24h,contiguous_dual_outage,24.0,24.0,29,0.0,0.0,0,0.004242577790224411,19
contiguous_sharp_outage_24h,contiguous_sharp_outage,0.0,24.0,30,0.0,0.0,0,0.004212275685154365,19
contiguous_dual_outage_24h,contiguous_dual_outage,24.0,24.0,30,0.0,0.0,0,0.004212275685154365,19
contiguous_sharp_outage_24h,contiguous_sharp_outage,0.0,24.0,31,0.0,0.0,0,0.00435674893863891,19
contiguous_dual_outage_24h,contiguous_dual_outage,24.0,24.0,31,0.0,0.0,0,0.00435674893863891,19
contiguous_sharp_outage_24h,contiguous_sharp_outage,0.0,24.0,32,0.0,0.0,0,0.004183267333310425,19
contiguous_dual_outage_24h,contiguous_dual_outage,24.0,24.0,32,0.0,0.0,0,0.004183267333310425,19
contiguous_sharp_outage_24h,contiguous_sharp_outage,0.0,24.0,33,0.0,0.0,0,0.004150664364053425,19
contiguous_dual_outage_24h,contiguous_dual_outage,24.0,24.0,33,0.0,0.0,0,0.004150664364053425,19
contiguous_sharp_outage_24h,contiguous_sharp_outage,0.0,24.0,34,0.0,0.0,0,0.004389262929213267,17
contiguous_dual_outage_24h,contiguous_dual_outage,24.0,24.0,34,0.0,0.0,0,0.004389262929213267,17
contiguous_sharp_outage_24h,contiguous_sharp_outage,0.0,24.0,35,0.0,0.0,0,0.004363219077875735,18
contiguous_dual_outage_24h,contiguous_dual_outage,24.0,24.0,35,0.0,0.0,0,0.004363219077875735,18
contiguous_sharp_outage_24h,contiguous_sharp_outage,0.0,24.0,36,0.0,0.0,0,0.004171283157025751,19
contiguous_dual_outage_24h,contiguous_dual_outage,24.0,24.0,36,0.0,0.0,0,0.004171283157025751,19
contiguous_sharp_outage_24h,contiguous_sharp_outage,0.0,24.0,37,0.0,0.0,0,0.004153503283071069,19
contiguous_dual_outage_24h,contiguous_dual_outage,24.0,24.0,37,0.0,0.0,0,0.004153503283071069,19
contiguous_sharp_outage_24h,contiguous_sharp_outage,0.0,24.0,38,0.0,0.0,0,0.00425323401010802,18
contiguous_dual_outage_24h,contiguous_dual_outage,24.0,24.0,38,0.0,0.0,0,0.00425323401010802,18
contiguous_sharp_outage_24h,contiguous_sharp_outage,0.0,24.0,39,0.0,0.0,0,0.0041966757039682,19
contiguous_dual_outage_24h,contiguous_dual_outage,24.0,24.0,39,0.0,0.0,0,0.0041966757039682,19
contiguous_sharp_outage_24h,contiguous_sharp_outage,0.0,24.0,40,0.0,0.0,0,0.004052777438023458,20
contiguous_dual_outage_24h,contiguous_dual_outage,24.0,24.0,40,0.0,0.0,0,0.004052777438023458,20
contiguous_sharp_outage_24h,contiguous_sharp_outage,0.0,24.0,41,0.0,0.0,0,0.0033403624583601133,18
contiguous_dual_outage_24h,contiguous_dual_outage,24.0,24.0,41,0.0,0.0,0,0.0033403624583601133,18
contiguous_sharp_outage_24h,contiguous_sharp_outage,0.0,24.0,42,0.0,0.0,0,0.004360648346427354,19
contiguous_dual_outage_24h,contiguous_dual_outage,24.0,24.0,42,0.0,0.0,0,0.004360648346427354,19
contiguous_sharp_outage_24h,contiguous_sharp_outage,0.0,24.0,43,0.0,0.0,0,0.004245550072965454,19
contiguous_dual_outage_24h,contiguous_dual_outage,24.0,24.0,43,0.0,0.0,0,0.004245550072965454,19
contiguous_sharp_outage_24h,contiguous_sharp_outage,0.0,24.0,44,0.0,0.0,0,0.00416084487543511,19
contiguous_dual_outage_24h,contiguous_dual_outage,24.0,24.0,44,0.0,0.0,0,0.00416084487543511,19
contiguous_sharp_outage_24h,contiguous_sharp_outage,0.0,24.0,45,0.0,0.0,0,0.004252392969504415,19
contiguous_dual_outage_24h,contiguous_dual_outage,24.0,24.0,45,0.0,0.0,0,0.004252392969504415,19
contiguous_sharp_outage_24h,contiguous_sharp_outage,0.0,24.0,46,0.0,0.0,0,0.0041574635298951,19
contiguous_dual_outage_24h,contiguous_dual_outage,24.0,24.0,46,0.0,0.0,0,0.0041574635298951,19
contiguous_sharp_outage_24h,contiguous_sharp_outage,0.0,24.0,47,0.0,0.0,0,0.004163279447205737,19
contiguous_dual_outage_24h,contiguous_dual_outage,24.0,24.0,47,0.0,0.0,0,0.004163279447205737,19
contiguous_sharp_outage_24h,contiguous_sharp_outage,0.0,24.0,48,0.0,0.0,0,0.004154825207198787,19
contiguous_dual_outage_24h,contiguous_dual_outage,24.0,24.0,48,0.0,0.0,0,0.004154825207198787,19
contiguous_sharp_outage_24h,contiguous_sharp_outage,0.0,24.0,49,0.0,0.0,0,0.004155391181660084,19
contiguous_dual_outage_24h,contiguous_dual_outage,24.0,24.0,49,0.0,0.0,0,0.004155391181660084,19
contiguous_sharp_outage_48h,contiguous_sharp_outage,0.0,48.0,0,0.0,0.0,0,0.004166453657788338,19
contiguous_dual_outage_48h,contiguous_dual_outage,48.0,48.0,0,0.0,0.0,0,0.004166453657788338,19
contiguous_sharp_outage_48h,contiguous_sharp_outage,0.0,48.0,1,0.0,0.0,0,0.004166453657788338,19
contiguous_dual_outage_48h,contiguous_dual_outage,48.0,48.0,1,0.0,0.0,0,0.004166453657788338,19
contiguous_sharp_outage_48h,contiguous_sharp_outage,0.0,48.0,2,0.0,0.0,0,0.004166453657788338,19
contiguous_dual_outage_48h,contiguous_dual_outage,48.0,48.0,2,0.0,0.0,0,0.004166453657788338,19
contiguous_sharp_outage_48h,contiguous_sharp_outage,0.0,48.0,3,0.0,0.0,0,0.004170877843088006,19
contiguous_dual_outage_48h,contiguous_dual_outage,48.0,48.0,3,0.0,0.0,0,0.004170877843088006,19
contiguous_sharp_outage_48h,contiguous_sharp_outage,0.0,48.0,4,0.0,0.0,0,0.004265502786156006,18
contiguous_dual_outage_48h,contiguous_dual_outage,48.0,48.0,4,0.0,0.0,0,0.004265502786156006,18
contiguous_sharp_outage_48h,contiguous_sharp_outage,0.0,48.0,5,0.0,0.0,0,0.004166453657788338,19
contiguous_dual_outage_48h,contiguous_dual_outage,48.0,48.0,5,0.0,0.0,0,0.004166453657788338,19
contiguous_sharp_outage_48h,contiguous_sharp_outage,0.0,48.0,6,0.0,0.0,0,0.004253035886167433,19
contiguous_dual_outage_48h,contiguous_dual_outage,48.0,48.0,6,0.0,0.0,0,0.004253035886167433,19
contiguous_sharp_outage_48h,contiguous_sharp_outage,0.0,48.0,7,0.0,0.0,0,0.004261177475768152,19
contiguous_dual_outage_48h,contiguous_dual_outage,48.0,48.0,7,0.0,0.0,0,0.004261177475768152,19
contiguous_sharp_outage_48h,contiguous_sharp_outage,0.0,48.0,8,0.0,0.0,0,0.004214321804234977,19
contiguous_dual_outage_48h,contiguous_dual_outage,48.0,48.0,8,0.0,0.0,0,0.004214321804234977,19
contiguous_sharp_outage_48h,contiguous_sharp_outage,0.0,48.0,9,0.0,0.0,0,0.004340702621998149,19
contiguous_dual_outage_48h,contiguous_dual_outage,48.0,48.0,9,0.0,0.0,0,0.004340702621998149,19
contiguous_sharp_outage_48h,contiguous_sharp_outage,0.0,48.0,10,0.0,0.0,0,0.004166453657788338,19
contiguous_dual_outage_48h,contiguous_dual_outage,48.0,48.0,10,0.0,0.0,0,0.004166453657788338,19
contiguous_sharp_outage_48h,contiguous_sharp_outage,0.0,48.0,11,0.0,0.0,0,0.004164587770975947,19
contiguous_dual_outage_48h,contiguous_dual_outage,48.0,48.0,11,0.0,0.0,0,0.004164587770975947,19
contiguous_sharp_outage_48h,contiguous_sharp_outage,0.0,48.0,12,0.0,0.0,0,0.004166453657788338,19
contiguous_dual_outage_48h,contiguous_dual_outage,48.0,48.0,12,0.0,0.0,0,0.004166453657788338,19
contiguous_sharp_outage_48h,contiguous_sharp_outage,0.0,48.0,13,0.0,0.0,0,0.004166453657788338,19
contiguous_dual_outage_48h,contiguous_dual_outage,48.0,48.0,13,0.0,0.0,0,0.004166453657788338,19
contiguous_sharp_outage_48h,contiguous_sharp_outage,0.0,48.0,14,0.0,0.0,0,0.0036695586697745863,24
contiguous_dual_outage_48h,contiguous_dual_outage,48.0,48.0,14,0.0,0.0,0,0.0036695586697745863,24
contiguous_sharp_outage_48h,contiguous_sharp_outage,0.0,48.0,15,0.0,0.0,0,0.004166453657788338,19
contiguous_dual_outage_48h,contiguous_dual_outage,48.0,48.0,15,0.0,0.0,0,0.004166453657788338,19
contiguous_sharp_outage_48h,contiguous_sharp_outage,0.0,48.0,16,0.0,0.0,0,0.004166453657788338,19
contiguous_dual_outage_48h,contiguous_dual_outage,48.0,48.0,16,0.0,0.0,0,0.004166453657788338,19
contiguous_sharp_outage_48h,contiguous_sharp_outage,0.0,48.0,17,0.0,0.0,0,0.004288096956937659,19
contiguous_dual_outage_48h,contiguous_dual_outage,48.0,48.0,17,0.0,0.0,0,0.004288096956937659,19
contiguous_sharp_outage_48h,contiguous_sharp_outage,0.0,48.0,18,0.0,0.0,0,0.004166453657788338,19
contiguous_dual_outage_48h,contiguous_dual_outage,48.0,48.0,18,0.0,0.0,0,0.004166453657788338,19
contiguous_sharp_outage_48h,contiguous_sharp_outage,0.0,48.0,19,0.0,0.0,0,0.004166453657788338,19
contiguous_dual_outage_48h,contiguous_dual_outage,48.0,48.0,19,0.0,0.0,0,0.004166453657788338,19
contiguous_sharp_outage_48h,contiguous_sharp_outage,0.0,48.0,20,0.0,0.0,0,0.004162531017369631,19
contiguous_dual_outage_48h,contiguous_dual_outage,48.0,48.0,20,0.0,0.0,0,0.004162531017369631,19
contiguous_sharp_outage_48h,contiguous_sharp_outage,0.0,48.0,21,0.0,0.0,0,0.004166453657788338,19
contiguous_dual_outage_48h,contiguous_dual_outage,48.0,48.0,21,0.0,0.0,0,0.004166453657788338,19
contiguous_sharp_outage_48h,contiguous_sharp_outage,0.0,48.0,22,0.0,0.0,0,0.004166453657788338,19
contiguous_dual_outage_48h,contiguous_dual_outage,48.0,48.0,22,0.0,0.0,0,0.004166453657788338,19
contiguous_sharp_outage_48h,contiguous_sharp_outage,0.0,48.0,23,0.0,0.0,0,0.004306797110180671,19
contiguous_dual_outage_48h,contiguous_dual_outage,48.0,48.0,23,0.0,0.0,0,0.004306797110180671,19
contiguous_sharp_outage_48h,contiguous_sharp_outage,0.0,48.0,24,0.0,0.0,0,0.00413229189709674,19
contiguous_dual_outage_48h,contiguous_dual_outage,48.0,48.0,24,0.0,0.0,0,0.00413229189709674,19
contiguous_sharp_outage_48h,contiguous_sharp_outage,0.0,48.0,25,0.0,0.0,0,0.004149905881746241,19
contiguous_dual_outage_48h,contiguous_dual_outage,48.0,48.0,25,0.0,0.0,0,0.004149905881746241,19
contiguous_sharp_outage_48h,contiguous_sharp_outage,0.0,48.0,26,0.0,0.0,0,0.004144579481543786,19
contiguous_dual_outage_48h,contiguous_dual_outage,48.0,48.0,26,0.0,0.0,0,0.004144579481543786,19
contiguous_sharp_outage_48h,contiguous_sharp_outage,0.0,48.0,27,0.0,0.0,0,0.00453644064803993,19
contiguous_dual_outage_48h,contiguous_dual_outage,48.0,48.0,27,0.0,0.0,0,0.00453644064803993,19
contiguous_sharp_outage_48h,contiguous_sharp_outage,0.0,48.0,28,0.0,0.0,0,0.004464664846830502,19
contiguous_dual_outage_48h,contiguous_dual_outage,48.0,48.0,28,0.0,0.0,0,0.004464664846830502,19
contiguous_sharp_outage_48h,contiguous_sharp_outage,0.0,48.0,29,0.0,0.0,0,0.00430861982362174,19
contiguous_dual_outage_48h,contiguous_dual_outage,48.0,48.0,29,0.0,0.0,0,0.00430861982362174,19
contiguous_sharp_outage_48h,contiguous_sharp_outage,0.0,48.0,30,0.0,0.0,0,0.0043536608587628756,18
contiguous_dual_outage_48h,contiguous_dual_outage,48.0,48.0,30,0.0,0.0,0,0.0043536608587628756,18
contiguous_sharp_outage_48h,contiguous_sharp_outage,0.0,48.0,31,0.0,0.0,0,0.004517184637524929,19
contiguous_dual_outage_48h,contiguous_dual_outage,48.0,48.0,31,0.0,0.0,0,0.004517184637524929,19
contiguous_sharp_outage_48h,contiguous_sharp_outage,0.0,48.0,32,0.0,0.0,0,0.00420071911599762,19
contiguous_dual_outage_48h,contiguous_dual_outage,48.0,48.0,32,0.0,0.0,0,0.00420071911599762,19
contiguous_sharp_outage_48h,contiguous_sharp_outage,0.0,48.0,33,0.0,0.0,0,0.004127643061190067,19
contiguous_dual_outage_48h,contiguous_dual_outage,48.0,48.0,33,0.0,0.0,0,0.004127643061190067,19
contiguous_sharp_outage_48h,contiguous_sharp_outage,0.0,48.0,34,0.0,0.0,0,0.004502165784218803,16
contiguous_dual_outage_48h,contiguous_dual_outage,48.0,48.0,34,0.0,0.0,0,0.004502165784218803,16
contiguous_sharp_outage_48h,contiguous_sharp_outage,0.0,48.0,35,0.0,0.0,0,0.004541424388634585,17
contiguous_dual_outage_48h,contiguous_dual_outage,48.0,48.0,35,0.0,0.0,0,0.004541424388634585,17
contiguous_sharp_outage_48h,contiguous_sharp_outage,0.0,48.0,36,0.0,0.0,0,0.0044197034589441575,17
contiguous_dual_outage_48h,contiguous_dual_outage,48.0,48.0,36,0.0,0.0,0,0.0044197034589441575,17
contiguous_sharp_outage_48h,contiguous_sharp_outage,0.0,48.0,37,0.0,0.0,0,0.0041313252463051064,19
contiguous_dual_outage_48h,contiguous_dual_outage,48.0,48.0,37,0.0,0.0,0,0.0041313252463051064,19
contiguous_sharp_outage_48h,contiguous_sharp_outage,0.0,48.0,38,0.0,0.0,0,0.0042377040668979404,18
contiguous_dual_outage_48h,contiguous_dual_outage,48.0,48.0,38,0.0,0.0,0,0.0042377040668979404,18
contiguous_sharp_outage_48h,contiguous_sharp_outage,0.0,48.0,39,0.0,0.0,0,0.004247155813536185,19
contiguous_dual_outage_48h,contiguous_dual_outage,48.0,48.0,39,0.0,0.0,0,0.004247155813536185,19
contiguous_sharp_outage_48h,contiguous_sharp_outage,0.0,48.0,40,0.0,0.0,0,0.004033273746648192,20
contiguous_dual_outage_48h,contiguous_dual_outage,48.0,48.0,40,0.0,0.0,0,0.004033273746648192,20
contiguous_sharp_outage_48h,contiguous_sharp_outage,0.0,48.0,41,0.0,0.0,0,0.0037211541488757494,15
contiguous_dual_outage_48h,contiguous_dual_outage,48.0,48.0,41,0.0,0.0,0,0.0037211541488757494,15
contiguous_sharp_outage_48h,contiguous_sharp_outage,0.0,48.0,42,0.0,0.0,0,0.00456141034976465,19
contiguous_dual_outage_48h,contiguous_dual_outage,48.0,48.0,42,0.0,0.0,0,0.00456141034976465,19
contiguous_sharp_outage_48h,contiguous_sharp_outage,0.0,48.0,43,0.0,0.0,0,0.004329388910604859,19
contiguous_dual_outage_48h,contiguous_dual_outage,48.0,48.0,43,0.0,0.0,0,0.004329388910604859,19
contiguous_sharp_outage_48h,contiguous_sharp_outage,0.0,48.0,44,0.0,0.0,0,0.00415009555915824,19
contiguous_dual_outage_48h,contiguous_dual_outage,48.0,48.0,44,0.0,0.0,0,0.00415009555915824,19
contiguous_sharp_outage_48h,contiguous_sharp_outage,0.0,48.0,45,0.0,0.0,0,0.004309087822691904,19
contiguous_dual_outage_48h,contiguous_dual_outage,48.0,48.0,45,0.0,0.0,0,0.004309087822691904,19
contiguous_sharp_outage_48h,contiguous_sharp_outage,0.0,48.0,46,0.0,0.0,0,0.004142861071300352,19
contiguous_dual_outage_48h,contiguous_dual_outage,48.0,48.0,46,0.0,0.0,0,0.004142861071300352,19
contiguous_sharp_outage_48h,contiguous_sharp_outage,0.0,48.0,47,0.0,0.0,0,0.00415199025078139,19
contiguous_dual_outage_48h,contiguous_dual_outage,48.0,48.0,47,0.0,0.0,0,0.00415199025078139,19
contiguous_sharp_outage_48h,contiguous_sharp_outage,0.0,48.0,48,0.0,0.0,0,0.004139414927578855,19
contiguous_dual_outage_48h,contiguous_dual_outage,48.0,48.0,48,0.0,0.0,0,0.004139414927578855,19
contiguous_sharp_outage_48h,contiguous_sharp_outage,0.0,48.0,49,0.0,0.0,0,0.004240432094765323,18
contiguous_dual_outage_48h,contiguous_dual_outage,48.0,48.0,49,0.0,0.0,0,0.004240432094765323,18
