scenario,scenario_type,parameter,replicate,availability_gain_v3_vs_fusion,flare_retention_gain_v3_vs_fusion,abstained_flare_reduction_v3_vs_fusion,tss_delta_v3_vs_fusion,false_alarm_delta_v3_vs_fusion
clean_reference,reference,0.0,0,0.0,0.0,0,0.004172029206195527,19
random_missing_5pct,random_detected_missingness,0.05,0,0.05135815794207588,0.05544354838709675,55,0.0038814507160918055,69
random_missing_5pct,random_detected_missingness,0.05,1,0.04982910595430834,0.048387096774193505,48,0.00629638217534545,70
random_missing_5pct,random_detected_missingness,0.05,2,0.051807879114948774,0.056451612903225756,56,0.004637234491618791,70
random_missing_5pct,random_detected_missingness,0.05,3,0.047850332793667905,0.0463709677419355,46,0.004454814076299218,72
random_missing_5pct,random_detected_missingness,0.05,4,0.048030221262817085,0.0463709677419355,46,0.006870219148458201,70
random_missing_5pct,random_detected_missingness,0.05,5,0.04776038855909337,0.040322580645161255,40,0.004048762396617667,68
random_missing_5pct,random_detected_missingness,0.05,6,0.04928944054686091,0.0473790322580645,47,0.007361978580966211,73
random_missing_5pct,random_detected_missingness,0.05,7,0.05126821370750134,0.05141129032258063,51,0.010940422882397716,66
random_missing_5pct,random_detected_missingness,0.05,8,0.050458715596330306,0.04939516129032262,49,0.001819222910189211,80
random_missing_5pct,random_detected_missingness,0.05,9,0.047670444324518835,0.04939516129032262,49,0.00976999051191596,62
random_missing_5pct,random_detected_missingness,0.05,10,0.04812016549739162,0.048387096774193505,48,0.01353666859370195,70
random_missing_5pct,random_detected_missingness,0.05,11,0.050458715596330306,0.04939516129032262,49,0.006773543532541559,73
random_missing_5pct,random_detected_missingness,0.05,12,0.04830005396654069,0.04435483870967738,44,0.00447304399611137,81
random_missing_5pct,random_detected_missingness,0.05,13,0.04892966360856266,0.04233870967741937,42,0.0019133048930828345,72
random_missing_5pct,random_detected_missingness,0.05,14,0.0537866522755891,0.04435483870967738,44,0.004468677601197513,64
random_missing_5pct,random_detected_missingness,0.05,15,0.04919949631228637,0.05745967741935487,57,-0.0005088957623602397,73
random_missing_5pct,random_detected_missingness,0.05,16,0.051987767584097844,0.0463709677419355,46,-0.003675191244167042,74
random_missing_5pct,random_detected_missingness,0.05,17,0.0442525634106854,0.04133064516129037,41,0.00746629327875814,69
random_missing_5pct,random_detected_missingness,0.05,18,0.04865983090483905,0.03629032258064513,36,0.009369774414110354,61
random_missing_5pct,random_detected_missingness,0.05,19,0.04946932901601009,0.048387096774193505,48,0.006069337824482046,72
random_missing_5pct,random_detected_missingness,0.05,20,0.05405648497931281,0.06048387096774188,60,0.00825633540835713,83
random_missing_5pct,random_detected_missingness,0.05,21,0.05090843676920309,0.045362903225806495,45,0.0064046460209779,80
random_missing_5pct,random_detected_missingness,0.05,22,0.048569886670264406,0.040322580645161255,40,0.008334639639472119,76
random_missing_5pct,random_detected_missingness,0.05,23,0.0490196078431373,0.05241935483870963,52,0.007497906095614404,75
random_missing_5pct,random_detected_missingness,0.05,24,0.0490196078431373,0.04133064516129037,41,0.004212754928123008,75
random_missing_5pct,random_detected_missingness,0.05,25,0.050458715596330306,0.0463709677419355,46,0.006928762554407886,61
random_missing_5pct,random_detected_missingness,0.05,26,0.05225760028782156,0.05443548387096775,54,0.002060653660498346,71
random_missing_5pct,random_detected_missingness,0.05,27,0.0464112250404749,0.04133064516129037,41,0.0028712359921629904,65
random_missing_5pct,random_detected_missingness,0.05,28,0.05000899442345741,0.03629032258064513,36,0.0033498549334742833,69
random_missing_5pct,random_detected_missingness,0.05,29,0.04533189422558015,0.045362903225806495,45,0.004899108540125985,62
random_missing_5pct,random_detected_missingness,0.05,30,0.04812016549739162,0.05947580645161288,59,0.004907681929366525,75
random_missing_5pct,random_detected_missingness,0.05,31,0.05324698686814178,0.05241935483870963,52,0.008656362220259783,74
random_missing_5pct,random_detected_missingness,0.05,32,0.049919050188882874,0.043346774193548376,43,0.0022627442911349327,75
random_missing_5pct,random_detected_missingness,0.05,33,0.050458715596330306,0.0473790322580645,47,0.006037768043272607,66
random_missing_5pct,random_detected_missingness,0.05,34,0.04704083468249687,0.0473790322580645,47,0.004298963979706416,81
random_missing_5pct,random_detected_missingness,0.05,35,0.05126821370750134,0.053427419354838745,53,0.009190406199964807,76
random_missing_5pct,random_detected_missingness,0.05,36,0.04776038855909337,0.0463709677419355,46,0.00773423275933105,61
random_missing_5pct,random_detected_missingness,0.05,37,0.05135815794207588,0.04939516129032262,49,-0.0003374024566447087,79
random_missing_5pct,random_detected_missingness,0.05,38,0.05243748875697063,0.06451612903225812,64,0.00468590418934367,69
random_missing_5pct,random_detected_missingness,0.05,39,0.05189782334952331,0.048387096774193505,48,0.005003575145707151,72
random_missing_5pct,random_detected_missingness,0.05,40,0.048569886670264406,0.04939516129032262,49,0.005781388374716867,71
random_missing_5pct,random_detected_missingness,0.05,41,0.050638604065479376,0.05947580645161288,59,0.00611798199274971,63
random_missing_5pct,random_detected_missingness,0.05,42,0.049919050188882874,0.061491935483870996,61,0.003953360021334618,75
random_missing_5pct,random_detected_missingness,0.05,43,0.04874977513941359,0.05443548387096775,54,0.00969402550305154,67
random_missing_5pct,random_detected_missingness,0.05,44,0.052887209929843526,0.048387096774193505,48,0.006291011951144565,70
random_missing_5pct,random_detected_missingness,0.05,45,0.05207771181867238,0.05141129032258063,51,0.002581455175118208,75
random_missing_5pct,random_detected_missingness,0.05,46,0.048389998201115336,0.05745967741935487,57,0.006704457469219216,62
random_missing_5pct,random_detected_missingness,0.05,47,0.049379384781435554,0.04939516129032262,49,-0.0019153249668593109,63
random_missing_5pct,random_detected_missingness,0.05,48,0.048210109731966155,0.04133064516129037,41,0.006946129204451701,77
random_missing_5pct,random_detected_missingness,0.05,49,0.05207771181867238,0.050403225806451624,50,0.0044458960013680215,73
random_missing_5pct,random_detected_missingness,0.05,50,0.05090843676920309,0.0473790322580645,47,0.009505313134772209,83
random_missing_5pct,random_detected_missingness,0.05,51,0.04946932901601009,0.058467741935483875,58,0.005513078777814151,61
random_missing_5pct,random_detected_missingness,0.05,52,0.053067098398992596,0.0463709677419355,46,0.002842333297514932,72
random_missing_5pct,random_detected_missingness,0.05,53,0.050278827127181125,0.05544354838709675,55,-0.0018390985941303395,63
random_missing_5pct,random_detected_missingness,0.05,54,0.05243748875697063,0.056451612903225756,56,0.004140016457556017,74
random_missing_5pct,random_detected_missingness,0.05,55,0.049379384781435554,0.050403225806451624,50,0.006175179579531509,63
random_missing_5pct,random_detected_missingness,0.05,56,0.05108832523835227,0.037298387096774244,37,0.009576390654420397,67
random_missing_5pct,random_detected_missingness,0.05,57,0.05144810217665052,0.04939516129032262,49,0.005604886937385478,84
random_missing_5pct,random_detected_missingness,0.05,58,0.052707321460694345,0.0625,62,0.006253689829324616,73
random_missing_5pct,random_detected_missingness,0.05,59,0.05126821370750134,0.04435483870967738,44,0.004558258008773741,70
random_missing_5pct,random_detected_missingness,0.05,60,0.05072854830005402,0.0463709677419355,46,0.00803270241538101,61
random_missing_5pct,random_detected_missingness,0.05,61,0.056844756251124284,0.06854838709677424,68,0.004500635537102893,82
random_missing_5pct,random_detected_missingness,0.05,62,0.05117826947292681,0.056451612903225756,56,0.008974064718942687,68
random_missing_5pct,random_detected_missingness,0.05,63,0.05036877136175566,0.05745967741935487,57,0.003119113961283171,68
random_missing_5pct,random_detected_missingness,0.05,64,0.047670444324518835,0.050403225806451624,50,0.003020596538198861,54
random_missing_5pct,random_detected_missingness,0.05,65,0.04812016549739162,0.0463709677419355,46,0.0053073745664704575,67
random_missing_5pct,random_detected_missingness,0.05,66,0.054776038855909315,0.06048387096774188,60,0.007151284877299213,73
random_missing_5pct,random_detected_missingness,0.05,67,0.04892966360856266,0.03629032258064513,36,0.0011933286025249679,59
random_missing_5pct,random_detected_missingness,0.05,68,0.04865983090483905,0.05241935483870963,52,0.0030681266946610553,66
random_missing_5pct,random_detected_missingness,0.05,69,0.050458715596330306,0.0473790322580645,47,0.004658412643214094,70
random_missing_5pct,random_detected_missingness,0.05,70,0.05432631768303653,0.048387096774193505,48,0.004082024694846975,81
random_missing_5pct,random_detected_missingness,0.05,71,0.05342687533729085,0.06653225806451613,66,0.012276587911058678,62
random_missing_5pct,random_detected_missingness,0.05,72,0.04668105774419862,0.03931451612903225,39,0.003989465731024655,71
random_missing_5pct,random_detected_missingness,0.05,73,0.04812016549739162,0.04233870967741937,42,-0.0007250475490321318,67
random_missing_5pct,random_detected_missingness,0.05,74,0.05243748875697063,0.04233870967741937,42,0.0036924643683089453,57
random_missing_5pct,random_detected_missingness,0.05,75,0.05018888289260659,0.04939516129032262,49,0.008052907636749929,81
random_missing_5pct,random_detected_missingness,0.05,76,0.05189782334952331,0.05141129032258063,51,0.004627489071661106,64
random_missing_5pct,random_detected_missingness,0.05,77,0.04964921748515916,0.04233870967741937,42,0.002550733510173764,77
random_missing_5pct,random_detected_missingness,0.05,78,0.049739161719733804,0.04435483870967738,44,0.0007429755311698649,67
random_missing_5pct,random_detected_missingness,0.05,79,0.05351681957186549,0.056451612903225756,56,0.010178049687942892,68
random_missing_5pct,random_detected_missingness,0.05,80,0.050638604065479376,0.063508064516129,63,0.010757803253284903,78
random_missing_5pct,random_detected_missingness,0.05,81,0.051987767584097844,0.048387096774193505,48,0.0023010644563554727,79
random_missing_5pct,random_detected_missingness,0.05,82,0.04704083468249687,0.05241935483870963,52,0.0017137527940276343,68
random_missing_5pct,random_detected_missingness,0.05,83,0.05243748875697063,0.050403225806451624,50,0.007264814805144626,64
random_missing_5pct,random_detected_missingness,0.05,84,0.050098938658032055,0.05947580645161288,59,0.0008925122280323272,63
random_missing_5pct,random_detected_missingness,0.05,85,0.04686094621334769,0.040322580645161255,40,0.0021195046787176874,76
random_missing_5pct,random_detected_missingness,0.05,86,0.04704083468249687,0.0463709677419355,46,0.006740681349436617,61
random_missing_5pct,random_detected_missingness,0.05,87,0.049379384781435554,0.043346774193548376,43,0.009131109584703978,58
random_missing_5pct,random_detected_missingness,0.05,88,0.050638604065479376,0.050403225806451624,50,0.006661003000876242,71
random_missing_5pct,random_detected_missingness,0.05,89,0.043173232595790645,0.04233870967741937,42,0.00501503755542565,70
random_missing_5pct,random_detected_missingness,0.05,90,0.05090843676920309,0.043346774193548376,43,0.005249869105429017,68
random_missing_5pct,random_detected_missingness,0.05,91,0.05000899442345741,0.043346774193548376,43,0.005920513560710106,71
random_missing_5pct,random_detected_missingness,0.05,92,0.052167656053247025,0.04233870967741937,42,0.01086285774969764,65
random_missing_5pct,random_detected_missingness,0.05,93,0.04758050008994419,0.045362903225806495,45,0.005397346434846684,57
random_missing_5pct,random_detected_missingness,0.05,94,0.05162799064579959,0.061491935483870996,61,0.0070468254375126715,69
random_missing_5pct,random_detected_missingness,0.05,95,0.05144810217665052,0.04939516129032262,49,0.004401323171534743,66
random_missing_5pct,random_detected_missingness,0.05,96,0.05225760028782156,0.0473790322580645,47,0.005688847090161264,71
random_missing_5pct,random_detected_missingness,0.05,97,0.04812016549739162,0.04233870967741937,42,0.008980897961084366,75
random_missing_5pct,random_detected_missingness,0.05,98,0.052347544522396094,0.061491935483870996,61,0.008286357758856777,79
random_missing_5pct,random_detected_missingness,0.05,99,0.05090843676920309,0.05141129032258063,51,0.0009450775569841419,72
random_missing_10pct,random_detected_missingness,0.1,0,0.1006475984889369,0.08669354838709675,86,0.0025912892365342888,131
random_missing_10pct,random_detected_missingness,0.1,1,0.09857888109372193,0.094758064516129,94,-0.001216071621301662,125
random_missing_10pct,random_detected_missingness,0.1,2,0.10010793308148946,0.10483870967741937,104,0.011776597307085135,113
random_missing_10pct,random_detected_missingness,0.1,3,0.10244648318042815,0.09375,93,0.008479607208395246,119
random_missing_10pct,random_detected_missingness,0.1,4,0.10199676200755536,0.09778225806451613,97,0.0038194647491915923,120
random_missing_10pct,random_detected_missingness,0.1,5,0.09453139053786652,0.08568548387096775,85,0.011752847045093828,119
random_missing_10pct,random_detected_missingness,0.1,6,0.09920849073574389,0.09677419354838712,96,0.00621903523788947,115
random_missing_10pct,random_detected_missingness,0.1,7,0.10415542363734487,0.09677419354838712,96,0.0011434616982419765,132
random_missing_10pct,random_detected_missingness,0.1,8,0.10325598129159919,0.10383064516129037,103,0.00998554527065898,134
random_missing_10pct,random_detected_missingness,0.1,9,0.10010793308148946,0.094758064516129,94,0.01622037804693255,117
random_missing_10pct,random_detected_missingness,0.1,10,0.10010793308148946,0.09576612903225812,95,0.00680487760635895,110
random_missing_10pct,random_detected_missingness,0.1,11,0.09893865803202018,0.09375,93,6.120638133144674e-05,117
random_missing_10pct,random_detected_missingness,0.1,12,0.09722971757510346,0.08266129032258063,82,0.006790088743997336,105
random_missing_10pct,random_detected_missingness,0.1,13,0.09785932721712542,0.09778225806451613,97,0.0009391040024031572,114
random_missing_10pct,random_detected_missingness,0.1,14,0.09713977334052892,0.10685483870967738,106,0.004654140047006594,109
random_missing_10pct,random_detected_missingness,0.1,15,0.10181687353840618,0.092741935483871,92,0.005825500459851085,121
random_missing_10pct,random_detected_missingness,0.1,16,0.10055765425436225,0.09576612903225812,95,0.002178850173755853,134
random_missing_10pct,random_detected_missingness,0.1,17,0.09857888109372193,0.1078629032258065,107,0.009580113152588998,124
random_missing_10pct,random_detected_missingness,0.1,18,0.10325598129159919,0.1078629032258065,107,0.002588898779221971,134
random_missing_10pct,random_detected_missingness,0.1,19,0.10145709660010793,0.08770161290322576,87,-0.0016305455519736167,126
random_missing_10pct,random_detected_missingness,0.1,20,0.09902860226659471,0.08971774193548387,89,0.005630580292924403,119
random_missing_10pct,random_detected_missingness,0.1,21,0.10181687353840618,0.1078629032258065,107,0.010374354135459507,110
random_missing_10pct,random_detected_missingness,0.1,22,0.09552077711818674,0.08266129032258063,82,0.01016008478868935,100
random_missing_10pct,random_detected_missingness,0.1,23,0.1009174311926605,0.10685483870967738,106,0.008147320203720998,125
random_missing_10pct,random_detected_missingness,0.1,24,0.10199676200755536,0.11794354838709675,117,0.008375735026122877,129
random_missing_10pct,random_detected_missingness,0.1,25,0.1049649217485159,0.09778225806451613,97,0.005770024824404141,127
random_missing_10pct,random_detected_missingness,0.1,26,0.10118726389638422,0.09979838709677424,99,0.005649081399004219,126
random_missing_10pct,random_detected_missingness,0.1,27,0.10343586976074837,0.08971774193548387,89,0.006438219734201001,127
random_missing_10pct,random_detected_missingness,0.1,28,0.1006475984889369,0.09879032258064513,98,0.015435016307014715,119
random_missing_10pct,random_detected_missingness,0.1,29,0.10118726389638422,0.1078629032258065,107,0.0012146795373637609,105
random_missing_10pct,random_detected_missingness,0.1,30,0.09983810037776575,0.10080645161290325,100,0.009547661340943536,141
random_missing_10pct,random_detected_missingness,0.1,31,0.10073754272351143,0.11391129032258063,113,0.0170232058951163,102
random_missing_10pct,random_detected_missingness,0.1,32,0.1006475984889369,0.09677419354838712,96,0.0010683423372415124,131
random_missing_10pct,random_detected_missingness,0.1,33,0.10451520057564312,0.1098790322580645,109,0.014316193736456428,142
random_missing_10pct,random_detected_missingness,0.1,34,0.10037776578521318,0.09072580645161288,90,0.0025371038823194247,103
random_missing_10pct,random_detected_missingness,0.1,35,0.09830904838999821,0.10181451612903225,101,0.014787774556189293,114
random_missing_10pct,random_detected_missingness,0.1,36,0.1006475984889369,0.10584677419354838,105,0.008777560607025725,131
random_missing_10pct,random_detected_missingness,0.1,37,0.10478503327936683,0.08971774193548387,89,-0.0022741279242171064,137
random_missing_10pct,random_detected_missingness,0.1,38,0.10253642741500268,0.1098790322580645,109,0.007846722319905908,103
random_missing_10pct,random_detected_missingness,0.1,39,0.0999280446123404,0.094758064516129,94,0.0003648583561046692,111
random_missing_10pct,random_detected_missingness,0.1,40,0.097319661809678,0.09072580645161288,90,0.015322540773303084,106
random_missing_10pct,random_detected_missingness,0.1,41,0.09597049829105953,0.10282258064516125,102,0.007746849526919952,130
random_missing_10pct,random_detected_missingness,0.1,42,0.10325598129159919,0.12096774193548387,120,0.0058474001062480685,112
random_missing_10pct,random_detected_missingness,0.1,43,0.10001798884691493,0.09778225806451613,97,0.0054478192818516735,114
random_missing_10pct,random_detected_missingness,0.1,44,0.09848893685914728,0.08467741935483875,84,0.010880051943392255,119
random_missing_10pct,random_detected_missingness,0.1,45,0.09956826767404214,0.09576612903225812,95,0.0011885666457089883,123
random_missing_10pct,random_detected_missingness,0.1,46,0.0980392156862745,0.10383064516129037,103,0.004328532720070166,118
random_missing_10pct,random_detected_missingness,0.1,47,0.10145709660010793,0.08669354838709675,86,0.008371266967516222,116
random_missing_10pct,random_detected_missingness,0.1,48,0.10550458715596334,0.09879032258064513,98,-0.002155429932187758,125
random_missing_10pct,random_detected_missingness,0.1,49,0.09345205972297177,0.08971774193548387,89,0.006804993931764258,118
random_missing_10pct,random_detected_missingness,0.1,50,0.0980392156862745,0.09072580645161288,90,0.006199580823527118,126
random_missing_10pct,random_detected_missingness,0.1,51,0.10172692930383165,0.10080645161290325,100,0.0026862716287714417,108
random_missing_10pct,random_detected_missingness,0.1,52,0.10037776578521318,0.09375,93,0.0010912558367128788,131
random_missing_10pct,random_detected_missingness,0.1,53,0.0994783234394675,0.09677419354838712,96,0.005216613007185789,123
random_missing_10pct,random_detected_missingness,0.1,54,0.10226659471127897,0.09173387096774188,91,0.009064807139663067,139
random_missing_10pct,random_detected_missingness,0.1,55,0.1028062601187264,0.10584677419354838,105,0.0035113146991681,125
random_missing_10pct,random_detected_missingness,0.1,56,0.10190681777298072,0.10282258064516125,102,0.01087227493856635,120
random_missing_10pct,random_detected_missingness,0.1,57,0.09965821190861668,0.09879032258064513,98,0.007518474970348299,113
random_missing_10pct,random_detected_missingness,0.1,58,0.10010793308148946,0.08568548387096775,85,0.0035907709346305605,114
random_missing_10pct,random_detected_missingness,0.1,59,0.10154704083468247,0.09778225806451613,97,0.006191192019879388,123
random_missing_10pct,random_detected_missingness,0.1,60,0.10397553516819569,0.11491935483870963,114,0.006526027913750454,126
random_missing_10pct,random_detected_missingness,0.1,61,0.09776938298255078,0.1078629032258065,107,0.0022227388838438333,126
random_missing_10pct,random_detected_missingness,0.1,62,0.09633027522935778,0.08971774193548387,89,0.002187090679330428,122
random_missing_10pct,random_detected_missingness,0.1,63,0.10154704083468247,0.10181451612903225,101,0.008495182984849414,125
random_missing_10pct,random_detected_missingness,0.1,64,0.09965821190861668,0.1098790322580645,109,0.0016423422873239613,129
random_missing_10pct,random_detected_missingness,0.1,65,0.09695988487137974,0.09375,93,0.00043573848763189815,115
random_missing_10pct,random_detected_missingness,0.1,66,0.09525094441446302,0.10282258064516125,102,0.010808870499734224,106
random_missing_10pct,random_detected_missingness,0.1,67,0.09920849073574389,0.09072580645161288,90,0.00991295883892307,118
random_missing_10pct,random_detected_missingness,0.1,68,0.09848893685914728,0.10685483870967738,106,0.0006344175742090119,123
random_missing_10pct,random_detected_missingness,0.1,69,0.10181687353840618,0.10685483870967738,106,0.008269518151753585,105
random_missing_10pct,random_detected_missingness,0.1,70,0.10127720813095875,0.09072580645161288,90,-0.0013051505740759861,132
random_missing_10pct,random_detected_missingness,0.1,71,0.09606044252563406,0.09072580645161288,90,0.012006517725048349,105
random_missing_10pct,random_detected_missingness,0.1,72,0.09776938298255078,0.09677419354838712,96,0.0025317029744567066,141
random_missing_10pct,random_detected_missingness,0.1,73,0.09633027522935778,0.10483870967741937,104,0.005351773432827667,110
random_missing_10pct,random_detected_missingness,0.1,74,0.09848893685914728,0.11189516129032262,111,0.012808128893767812,107
random_missing_10pct,random_detected_missingness,0.1,75,0.10298614858787547,0.1078629032258065,107,0.010750796790761186,121
random_missing_10pct,random_detected_missingness,0.1,76,0.09857888109372193,0.09879032258064513,98,0.0020718725727886245,112
random_missing_10pct,random_detected_missingness,0.1,77,0.10109731966180968,0.10685483870967738,106,0.009933522998376798,125
random_missing_10pct,random_detected_missingness,0.1,78,0.09624033099478324,0.092741935483871,92,0.0012132087064353758,110
random_missing_10pct,random_detected_missingness,0.1,79,0.10820291419320016,0.126008064516129,125,0.016260432161310234,124
random_missing_10pct,random_detected_missingness,0.1,80,0.098758769562871,0.09677419354838712,96,0.005612185425983407,113
random_missing_10pct,random_detected_missingness,0.1,81,0.09794927145169996,0.09778225806451613,97,0.0010533149633575878,136
random_missing_10pct,random_detected_missingness,0.1,82,0.0999280446123404,0.10685483870967738,106,0.02146009048584485,119
random_missing_10pct,random_detected_missingness,0.1,83,0.10001798884691493,0.08568548387096775,85,0.010700336491693996,139
random_missing_10pct,random_detected_missingness,0.1,84,0.09785932721712542,0.09375,93,0.017075557054694324,113
random_missing_10pct,random_detected_missingness,0.1,85,0.09695988487137974,0.09576612903225812,95,0.006483696897010116,113
random_missing_10pct,random_detected_missingness,0.1,86,0.10244648318042815,0.10080645161290325,100,0.0029051503496679842,121
random_missing_10pct,random_detected_missingness,0.1,87,0.10181687353840618,0.10584677419354838,105,0.002342751519054609,122
random_missing_10pct,random_detected_missingness,0.1,88,0.09911854650116925,0.11189516129032262,111,0.002738222003938029,112
random_missing_10pct,random_detected_missingness,0.1,89,0.10010793308148946,0.09677419354838712,96,0.008667021526388208,117
random_missing_10pct,random_detected_missingness,0.1,90,0.0994783234394675,0.08165322580645162,81,0.005272200336253086,117
random_missing_10pct,random_detected_missingness,0.1,91,0.09956826767404214,0.10181451612903225,101,0.017907296864158706,120
random_missing_10pct,random_detected_missingness,0.1,92,0.1013671523655334,0.09072580645161288,90,0.009474699635687811,110
random_missing_10pct,random_detected_missingness,0.1,93,0.10199676200755536,0.12197580645161288,121,0.001993227933735131,115
random_missing_10pct,random_detected_missingness,0.1,94,0.09884871379744553,0.08770161290322576,87,0.0011583876171679108,108
random_missing_10pct,random_detected_missingness,0.1,95,0.10262637164957722,0.10483870967741937,104,0.0012046403156795726,115
random_missing_10pct,random_detected_missingness,0.1,96,0.10127720813095875,0.09576612903225812,95,-0.0008983688257462319,122
random_missing_10pct,random_detected_missingness,0.1,97,0.09677999640223067,0.08971774193548387,89,0.00896705712906054,121
random_missing_10pct,random_detected_missingness,0.1,98,0.10127720813095875,0.1108870967741935,110,0.011047390425912074,130
random_missing_10pct,random_detected_missingness,0.1,99,0.10145709660010793,0.1078629032258065,107,0.0008103177059515243,129
random_missing_20pct,random_detected_missingness,0.2,0,0.1949091563230797,0.18447580645161288,183,0.0003498293432191435,216
random_missing_20pct,random_detected_missingness,0.2,1,0.20219463932361936,0.217741935483871,216,0.0036273033007536704,202
random_missing_20pct,random_detected_missingness,0.2,2,0.19958625652095696,0.186491935483871,185,0.00610024866339498,247
random_missing_20pct,random_detected_missingness,0.2,3,0.20147508544702286,0.18548387096774188,184,0.005904007758751995,233
random_missing_20pct,random_detected_missingness,0.2,4,0.19715776218744374,0.21068548387096775,209,0.006967636571324265,228
random_missing_20pct,random_detected_missingness,0.2,5,0.20237452779276843,0.19758064516129037,196,0.015180894344101192,240
random_missing_20pct,random_detected_missingness,0.2,6,0.19913653534808418,0.20665322580645162,205,0.015177954325638288,245
random_missing_20pct,random_detected_missingness,0.2,7,0.20291419320021586,0.18951612903225812,188,-0.01037937396271138,230
random_missing_20pct,random_detected_missingness,0.2,8,0.20219463932361936,0.19858870967741937,197,0.014006596729295273,210
random_missing_20pct,random_detected_missingness,0.2,9,0.19427954668105774,0.18548387096774188,184,0.010014564723932251,216
random_missing_20pct,random_detected_missingness,0.2,10,0.2003957546321281,0.17540322580645162,174,-0.001770498015437827,225
random_missing_20pct,random_detected_missingness,0.2,11,0.20048569886670264,0.19758064516129037,196,0.0020711674329163543,244
random_missing_20pct,random_detected_missingness,0.2,12,0.20498291059543083,0.20866935483870963,207,0.006252107877173785,236
random_missing_20pct,random_detected_missingness,0.2,13,0.19904659111350964,0.19556451612903225,194,0.014977617126033405,216
random_missing_20pct,random_detected_missingness,0.2,14,0.20336391437308865,0.22177419354838712,220,0.014202585703823711,215
random_missing_20pct,random_detected_missingness,0.2,15,0.21001978773160646,0.20564516129032262,204,0.011277857216950293,247
random_missing_20pct,random_detected_missingness,0.2,16,0.19400971397733402,0.188508064516129,187,0.012284303240406746,234
random_missing_20pct,random_detected_missingness,0.2,17,0.2001259219284044,0.21068548387096775,209,-0.005684496929330374,200
random_missing_20pct,random_detected_missingness,0.2,18,0.208670624212988,0.22177419354838712,220,0.0016633158721137686,227
random_missing_20pct,random_detected_missingness,0.2,19,0.196078431372549,0.2026209677419355,201,0.007839203158900299,197
random_missing_20pct,random_detected_missingness,0.2,20,0.18861305990286026,0.186491935483871,185,0.023088464715048218,208
random_missing_20pct,random_detected_missingness,0.2,21,0.1979672602986149,0.20866935483870963,207,0.007324545750459377,215
random_missing_20pct,random_detected_missingness,0.2,22,0.1986868141752114,0.20564516129032262,204,0.014259372884126487,196
random_missing_20pct,random_detected_missingness,0.2,23,0.19697787371829467,0.17943548387096775,178,0.011439047737964225,217
random_missing_20pct,random_detected_missingness,0.2,24,0.19616837560712364,0.20665322580645162,205,0.004104704012837468,213
random_missing_20pct,random_detected_missingness,0.2,25,0.20588235294117652,0.21068548387096775,209,0.007460516299116371,217
random_missing_20pct,random_detected_missingness,0.2,26,0.20543263176830362,0.20665322580645162,205,-0.01018457996926081,244
random_missing_20pct,random_detected_missingness,0.2,27,0.2001259219284044,0.18548387096774188,184,0.00342465731692454,232
random_missing_20pct,random_detected_missingness,0.2,28,0.20399352401511062,0.19153225806451613,190,0.008532555169454614,223
random_missing_20pct,random_detected_missingness,0.2,29,0.20021586616297893,0.20766129032258063,206,-0.0016088233213200631,241
random_missing_20pct,random_detected_missingness,0.2,30,0.20309408166936505,0.19254032258064513,191,-0.004445499120877328,229
random_missing_20pct,random_detected_missingness,0.2,31,0.2110991185465012,0.21875,217,0.0037331603034320704,250
random_missing_20pct,random_detected_missingness,0.2,32,0.20165497391617193,0.18447580645161288,183,0.0045672339637572446,241
random_missing_20pct,random_detected_missingness,0.2,33,0.20057564310127718,0.20060483870967738,199,0.007672411741357799,225
random_missing_20pct,random_detected_missingness,0.2,34,0.20192480661989565,0.20866935483870963,207,0.01423523643721758,214
random_missing_20pct,random_detected_missingness,0.2,35,0.19949631228638243,0.1875,186,0.012665032036151214,229
random_missing_20pct,random_detected_missingness,0.2,36,0.20048569886670264,0.19758064516129037,196,0.006887212260067166,217
random_missing_20pct,random_detected_missingness,0.2,37,0.19517898902680342,0.19657258064516125,195,0.021012553559671687,220
random_missing_20pct,random_detected_missingness,0.2,38,0.19517898902680342,0.19455645161290325,193,0.006042934903264463,235
random_missing_20pct,random_detected_missingness,0.2,39,0.1994063680518079,0.21370967741935487,212,0.016577222936158487,247
random_missing_20pct,random_detected_missingness,0.2,40,0.1985069257060622,0.19758064516129037,196,-0.000665518533303322,232
random_missing_20pct,random_detected_missingness,0.2,41,0.19427954668105774,0.20866935483870963,207,0.011741721838043784,213
random_missing_20pct,random_detected_missingness,0.2,42,0.2015650296815974,0.20564516129032262,204,0.01192280417833036,211
random_missing_20pct,random_detected_missingness,0.2,43,0.1979672602986149,0.20766129032258063,206,0.002876899080731077,200
random_missing_20pct,random_detected_missingness,0.2,44,0.20147508544702286,0.19657258064516125,195,0.0042993946286982165,225
random_missing_20pct,random_detected_missingness,0.2,45,0.19976614499010614,0.23185483870967738,230,0.008088821176837513,201
random_missing_20pct,random_detected_missingness,0.2,46,0.20291419320021586,0.19959677419354838,198,0.0071856685446711754,226
random_missing_20pct,random_detected_missingness,0.2,47,0.20435330095340887,0.22177419354838712,220,0.014747213651143731,205
random_missing_20pct,random_detected_missingness,0.2,48,0.2030041374347904,0.21068548387096775,209,0.01807276567899363,212
random_missing_20pct,random_detected_missingness,0.2,49,0.19805720453318942,0.17641129032258063,175,-0.000726267549929771,208
random_missing_20pct,random_detected_missingness,0.2,50,0.19805720453318942,0.2036290322580645,202,0.01455289342509647,211
random_missing_20pct,random_detected_missingness,0.2,51,0.1953588774959525,0.21169354838709675,210,0.005954004522830569,238
random_missing_20pct,random_detected_missingness,0.2,52,0.2003957546321281,0.18145161290322576,180,-0.007111106779826182,220
random_missing_20pct,random_detected_missingness,0.2,53,0.20120525274329915,0.188508064516129,187,-0.0007126915867832206,230
random_missing_20pct,random_detected_missingness,0.2,54,0.20030581039755346,0.19758064516129037,196,0.014037558476891254,210
random_missing_20pct,random_detected_missingness,0.2,55,0.1986868141752114,0.17943548387096775,178,0.02039183282605861,224
random_missing_20pct,random_detected_missingness,0.2,56,0.1977873718294657,0.21370967741935487,212,0.0010408097730916221,215
random_missing_20pct,random_detected_missingness,0.2,57,0.20318402590393958,0.2036290322580645,202,0.004284952342434645,230
random_missing_20pct,random_detected_missingness,0.2,58,0.20237452779276843,0.22278225806451613,221,0.007808443856736513,228
random_missing_20pct,random_detected_missingness,0.2,59,0.20219463932361936,0.19153225806451613,190,0.011654132554658636,229
random_missing_20pct,random_detected_missingness,0.2,60,0.19077172153264976,0.19858870967741937,197,-0.004879704851994848,217
random_missing_20pct,random_detected_missingness,0.2,61,0.19733765065659292,0.19959677419354838,198,0.0026307984697757636,211
random_missing_20pct,random_detected_missingness,0.2,62,0.19904659111350964,0.21169354838709675,210,0.01609759814672218,237
random_missing_20pct,random_detected_missingness,0.2,63,0.20714157222522034,0.2046370967741935,203,0.0019144910220227906,221
random_missing_20pct,random_detected_missingness,0.2,64,0.1979672602986149,0.18145161290322576,180,0.0068393871801597506,222
random_missing_20pct,random_detected_missingness,0.2,65,0.19886670264436046,0.21270161290322576,211,0.019644423435560165,220
random_missing_20pct,random_detected_missingness,0.2,66,0.19589854290339992,0.18346774193548387,182,0.008877668097268643,216
random_missing_20pct,random_detected_missingness,0.2,67,0.19958625652095696,0.19254032258064513,191,0.006154257398995222,221
random_missing_20pct,random_detected_missingness,0.2,68,0.20426335671883433,0.21068548387096775,209,0.009735791190962795,245
random_missing_20pct,random_detected_missingness,0.2,69,0.2018348623853211,0.19657258064516125,195,0.026471063857698374,211
random_missing_20pct,random_detected_missingness,0.2,70,0.20174491815074658,0.2036290322580645,202,0.017069493155615678,232
random_missing_20pct,random_detected_missingness,0.2,71,0.20147508544702286,0.19153225806451613,190,0.0038969554493613057,222
random_missing_20pct,random_detected_missingness,0.2,72,0.1989566468789351,0.19556451612903225,194,-0.008402498114473467,224
random_missing_20pct,random_detected_missingness,0.2,73,0.197517539125742,0.19758064516129037,196,0.018051307646197445,225
random_missing_20pct,random_detected_missingness,0.2,74,0.19985608922468068,0.21875,217,0.01618959017637356,210
random_missing_20pct,random_detected_missingness,0.2,75,0.20246447202734308,0.21370967741935487,212,0.0046112418149699685,222
random_missing_20pct,random_detected_missingness,0.2,76,0.20201475085447018,0.18548387096774188,184,0.016311476938085212,225
random_missing_20pct,random_detected_missingness,0.2,77,0.19661809677999642,0.19455645161290325,193,0.010305235510427169,225
random_missing_20pct,random_detected_missingness,0.2,78,0.20102536427415008,0.18548387096774188,184,0.009690133892960029,232
random_missing_20pct,random_detected_missingness,0.2,79,0.19697787371829467,0.19758064516129037,196,0.008994736960536542,202
random_missing_20pct,random_detected_missingness,0.2,80,0.1913113869400972,0.2046370967741935,203,0.0061731832743290305,241
random_missing_20pct,random_detected_missingness,0.2,81,0.20714157222522034,0.2026209677419355,201,0.013929001799612317,236
random_missing_20pct,random_detected_missingness,0.2,82,0.194639323619356,0.19758064516129037,196,0.009272748614862714,209
random_missing_20pct,random_detected_missingness,0.2,83,0.19373988127361041,0.19959677419354838,198,0.01185609777902008,205
random_missing_20pct,random_detected_missingness,0.2,84,0.20102536427415008,0.20866935483870963,207,0.013861440033694494,221
random_missing_20pct,random_detected_missingness,0.2,85,0.19976614499010614,0.19858870967741937,197,0.0058141883135691685,196
random_missing_20pct,random_detected_missingness,0.2,86,0.2003957546321281,0.186491935483871,185,0.0012064195185561566,227
random_missing_20pct,random_detected_missingness,0.2,87,0.19095161000179883,0.19153225806451613,190,0.03158741175883262,203
random_missing_20pct,random_detected_missingness,0.2,88,0.20327397013851412,0.22681451612903225,225,0.0058955620942995335,229
random_missing_20pct,random_detected_missingness,0.2,89,0.20435330095340887,0.19052419354838712,189,0.009642022290864416,223
random_missing_20pct,random_detected_missingness,0.2,90,0.19787731606404024,0.20967741935483875,208,0.004013099365376194,235
random_missing_20pct,random_detected_missingness,0.2,91,0.1999460334592552,0.19354838709677424,192,0.007701976578897041,215
random_missing_20pct,random_detected_missingness,0.2,92,0.19580859866882527,0.188508064516129,187,0.017313852337186963,238
random_missing_20pct,random_detected_missingness,0.2,93,0.1982370930023386,0.19153225806451613,190,-0.006273400600028234,248
random_missing_20pct,random_detected_missingness,0.2,94,0.1956287101996762,0.2026209677419355,201,0.0013171641690399305,228
random_missing_20pct,random_detected_missingness,0.2,95,0.19400971397733402,0.20060483870967738,199,0.007296480977389885,211
random_missing_20pct,random_detected_missingness,0.2,96,0.20030581039755346,0.19052419354838712,189,0.0033006377951858568,203
random_missing_20pct,random_detected_missingness,0.2,97,0.2018348623853211,0.21270161290322576,211,0.004423558405651562,221
random_missing_20pct,random_detected_missingness,0.2,98,0.208670624212988,0.2026209677419355,201,0.009057954510716781,232
random_missing_20pct,random_detected_missingness,0.2,99,0.2008454758050009,0.20564516129032262,204,0.007084325098885458,222
random_missing_40pct,random_detected_missingness,0.4,0,0.4042993344126642,0.4183467741935484,415,0.008988227545948746,414
random_missing_40pct,random_detected_missingness,0.4,1,0.4014211189062781,0.3608870967741935,358,0.01935425086984721,429
random_missing_40pct,random_detected_missingness,0.4,2,0.39971217844936135,0.3729838709677419,370,0.00551659107863256,433
random_missing_40pct,random_detected_missingness,0.4,3,0.39899262457276485,0.41229838709677424,409,0.012302449311995645,410
random_missing_40pct,random_detected_missingness,0.4,4,0.39593452059722967,0.375,372,0.014091116524125313,409
random_missing_40pct,random_detected_missingness,0.4,5,0.40852671343766866,0.4203629032258065,417,0.009177088646914244,437
random_missing_40pct,random_detected_missingness,0.4,6,0.39611440906637885,0.4203629032258065,417,0.036382901600920725,422
random_missing_40pct,random_detected_missingness,0.4,7,0.3898183126461594,0.41532258064516125,412,0.04243670778166786,385
random_missing_40pct,random_detected_missingness,0.4,8,0.39233675121424716,0.373991935483871,371,0.01121965012976367,433
random_missing_40pct,random_detected_missingness,0.4,9,0.3947652455477604,0.3921370967741935,389,-0.0019767835898978348,442
random_missing_40pct,random_detected_missingness,0.4,10,0.39827307069616835,0.41330645161290325,410,0.027451300724373073,411
random_missing_40pct,random_detected_missingness,0.4,11,0.39521496672063317,0.3881048387096774,385,0.023124887190160148,383
random_missing_40pct,random_detected_missingness,0.4,12,0.3996222342147868,0.38205645161290325,379,0.04631686807783808,401
random_missing_40pct,random_detected_missingness,0.4,13,0.3967440187084008,0.3921370967741935,389,0.019327142055534985,414
random_missing_40pct,random_detected_missingness,0.4,14,0.4022306170174492,0.3951612903225806,392,0.019852129481636283,424
random_missing_40pct,random_detected_missingness,0.4,15,0.40016189962223425,0.4092741935483871,406,0.008854762564944663,425
random_missing_40pct,random_detected_missingness,0.4,16,0.4052887209929843,0.43044354838709675,427,0.02027208737750641,418
random_missing_40pct,random_detected_missingness,0.4,17,0.3938658032020147,0.3951612903225806,392,0.024513630883862048,428
random_missing_40pct,random_detected_missingness,0.4,18,0.39944234574563775,0.3951612903225806,392,-0.005465753306375998,420
random_missing_40pct,random_detected_missingness,0.4,19,0.40016189962223425,0.3911290322580645,388,0.019022171293674894,429
random_missing_40pct,random_detected_missingness,0.4,20,0.4088864903759669,0.4334677419354839,430,0.006967160949482132,440
random_missing_40pct,random_detected_missingness,0.4,21,0.4015110631408527,0.407258064516129,404,0.010440074216032214,392
random_missing_40pct,random_detected_missingness,0.4,22,0.4038496132397913,0.3901209677419355,387,-0.003434911539716534,430
random_missing_40pct,random_detected_missingness,0.4,23,0.4031300593631948,0.4092741935483871,406,0.04144292363850366,424
random_missing_40pct,random_detected_missingness,0.4,24,0.3990825688073395,0.38104838709677424,378,0.0026242482537661704,414
random_missing_40pct,random_detected_missingness,0.4,25,0.3979132937578701,0.3931451612903226,390,0.012757008225952715,427
random_missing_40pct,random_detected_missingness,0.4,26,0.3962942975355279,0.3931451612903226,390,0.013312545407376364,421
random_missing_40pct,random_detected_missingness,0.4,27,0.39323619355999284,0.3911290322580645,388,-0.012821210496150703,429
random_missing_40pct,random_detected_missingness,0.4,28,0.3948551897823349,0.38004032258064513,377,0.029302301084907834,414
random_missing_40pct,random_detected_missingness,0.4,29,0.4032200035977693,0.4102822580645161,407,0.004524545911357869,420
random_missing_40pct,random_detected_missingness,0.4,30,0.4074473826227739,0.3921370967741935,389,0.026351105857453483,426
random_missing_40pct,random_detected_missingness,0.4,31,0.402680338190322,0.39717741935483875,394,0.01914662302258119,394
random_missing_40pct,random_detected_missingness,0.4,32,0.39440546860946213,0.3951612903225806,392,0.01714645485857136,399
random_missing_40pct,random_detected_missingness,0.4,33,0.3995322899802123,0.4183467741935484,415,0.03290360645595247,412
random_missing_40pct,random_detected_missingness,0.4,34,0.39683396294297535,0.41330645161290325,410,-0.002455510723884613,408
random_missing_40pct,random_detected_missingness,0.4,35,0.4010613419679798,0.4092741935483871,406,0.015443568252966111,417
random_missing_40pct,random_detected_missingness,0.4,36,0.4000719553876596,0.407258064516129,404,0.015240760425381694,392
random_missing_40pct,random_detected_missingness,0.4,37,0.39566468789350606,0.40120967741935487,398,0.006084235760701606,420
random_missing_40pct,random_detected_missingness,0.4,38,0.39827307069616835,0.38205645161290325,379,0.0017881077991555028,402
random_missing_40pct,random_detected_missingness,0.4,39,0.3983630149307429,0.4032258064516129,400,0.01582830082519804,433
random_missing_40pct,random_detected_missingness,0.4,40,0.4007915092642561,0.3719758064516129,369,0.003801538209531996,423
random_missing_40pct,random_detected_missingness,0.4,41,0.39494513401690956,0.39919354838709675,396,0.020668712941395606,412
random_missing_40pct,random_detected_missingness,0.4,42,0.3986328476344666,0.407258064516129,404,0.017660649380505156,388
random_missing_40pct,random_detected_missingness,0.4,43,0.39944234574563775,0.3770161290322581,374,0.003159736243840028,403
random_missing_40pct,random_detected_missingness,0.4,44,0.3989026803381903,0.4032258064516129,400,0.021447116639381036,419
random_missing_40pct,random_detected_missingness,0.4,45,0.39440546860946213,0.38508064516129037,382,0.02843125999435392,427
random_missing_40pct,random_detected_missingness,0.4,46,0.4048389998201115,0.4042338709677419,401,0.0019656025903900254,439
random_missing_40pct,random_detected_missingness,0.4,47,0.39998201115308507,0.40120967741935487,398,0.011227411795899478,436
random_missing_40pct,random_detected_missingness,0.4,48,0.40016189962223425,0.3790322580645161,376,0.007555899566411783,428
random_missing_40pct,random_detected_missingness,0.4,49,0.4002518438568088,0.39818548387096775,395,0.014890215703323939,432
random_missing_40pct,random_detected_missingness,0.4,50,0.39422558014031306,0.39616935483870963,393,0.01999621198750745,404
random_missing_40pct,random_detected_missingness,0.4,51,0.39800323799244464,0.4102822580645161,407,0.010257988886211988,441
random_missing_40pct,random_detected_missingness,0.4,52,0.3955747436589314,0.42842741935483875,425,0.018188520050630208,411
random_missing_40pct,random_detected_missingness,0.4,53,0.39494513401690956,0.3860887096774194,383,0.012956575800049608,462
random_missing_40pct,random_detected_missingness,0.4,54,0.4007915092642561,0.3951612903225806,392,0.017412632662581418,400
random_missing_40pct,random_detected_missingness,0.4,55,0.4014211189062781,0.40625,403,0.02903020913047838,414
random_missing_40pct,random_detected_missingness,0.4,56,0.39845295916531753,0.41532258064516125,412,0.029529735463099005,415
random_missing_40pct,random_detected_missingness,0.4,57,0.39773340528872103,0.4173387096774194,414,0.022866546493056195,432
random_missing_40pct,random_detected_missingness,0.4,58,0.39899262457276485,0.3860887096774194,383,0.013759761104918056,403
random_missing_40pct,random_detected_missingness,0.4,59,0.39350602626371645,0.3931451612903226,390,0.029237194202672345,448
random_missing_40pct,random_detected_missingness,0.4,60,0.39800323799244464,0.405241935483871,402,0.025661235824235185,403
random_missing_40pct,random_detected_missingness,0.4,61,0.4035797805360677,0.4022177419354839,399,0.01985710880960423,401
random_missing_40pct,random_detected_missingness,0.4,62,0.39323619355999284,0.3931451612903226,390,0.0038913236488868908,430
random_missing_40pct,random_detected_missingness,0.4,63,0.3980931822270193,0.3891129032258065,386,0.018999671327478262,417
random_missing_40pct,random_detected_missingness,0.4,64,0.3981831264615938,0.39717741935483875,394,0.0033242438679492725,396
random_missing_40pct,random_detected_missingness,0.4,65,0.39989206691851054,0.39818548387096775,395,0.0030885809230303263,389
random_missing_40pct,random_detected_missingness,0.4,66,0.4052887209929843,0.4022177419354839,399,0.0018725467087263858,436
random_missing_40pct,random_detected_missingness,0.4,67,0.3945853570786113,0.3618951612903226,359,0.02104586343537629,435
random_missing_40pct,random_detected_missingness,0.4,68,0.39998201115308507,0.405241935483871,402,-0.008606544299666563,395
random_missing_40pct,random_detected_missingness,0.4,69,0.3993524015110631,0.3780241935483871,375,0.006910023274663724,442
random_missing_40pct,random_detected_missingness,0.4,70,0.4010613419679798,0.4173387096774194,414,0.015911233400267788,433
random_missing_40pct,random_detected_missingness,0.4,71,0.4028602266594711,0.3870967741935484,384,0.0006621327406619582,439
random_missing_40pct,random_detected_missingness,0.4,72,0.4017808958445763,0.4082661290322581,405,0.014096272863335368,440
random_missing_40pct,random_detected_missingness,0.4,73,0.4003417880913833,0.3608870967741935,358,0.0037503626832045,413
random_missing_40pct,random_detected_missingness,0.4,74,0.404749055585537,0.38508064516129037,382,0.03279699284568749,368
random_missing_40pct,random_detected_missingness,0.4,75,0.405558553696708,0.38205645161290325,379,0.02199936055471663,416
random_missing_40pct,random_detected_missingness,0.4,76,0.3953049109552078,0.38104838709677424,378,-0.007496234954193826,416
random_missing_40pct,random_detected_missingness,0.4,77,0.403309947832344,0.4042338709677419,401,0.030377798347335006,450
random_missing_40pct,random_detected_missingness,0.4,78,0.39971217844936135,0.4082661290322581,405,0.027266349440260296,431
random_missing_40pct,random_detected_missingness,0.4,79,0.3966540744738263,0.41330645161290325,410,0.003364984152353312,421
random_missing_40pct,random_detected_missingness,0.4,80,0.40726749415362473,0.41431451612903225,411,0.017367656917965046,437
random_missing_40pct,random_detected_missingness,0.4,81,0.40115128620255447,0.4092741935483871,406,0.004224843063020511,430
random_missing_40pct,random_detected_missingness,0.4,82,0.4086166576722432,0.3881048387096774,385,0.015086649954568987,442
random_missing_40pct,random_detected_missingness,0.4,83,0.39710379564669906,0.4173387096774194,414,0.024874108817629637,417
random_missing_40pct,random_detected_missingness,0.4,84,0.40187084007915097,0.3780241935483871,375,0.011348787750967926,425
random_missing_40pct,random_detected_missingness,0.4,85,0.39827307069616835,0.39616935483870963,393,0.007200860299065415,404
random_missing_40pct,random_detected_missingness,0.4,86,0.39305630509084366,0.4032258064516129,400,0.017222195051351585,411
random_missing_40pct,random_detected_missingness,0.4,87,0.40061162079510704,0.41633064516129037,413,0.016425178183973488,412
random_missing_40pct,random_detected_missingness,0.4,88,0.39593452059722967,0.3891129032258065,386,0.007154953281844456,419
random_missing_40pct,random_detected_missingness,0.4,89,0.40348983630149304,0.4173387096774194,414,6.568786940341909e-05,412
random_missing_40pct,random_detected_missingness,0.4,90,0.4051088325238352,0.4092741935483871,406,0.027561597960250817,424
random_missing_40pct,random_detected_missingness,0.4,91,0.40618816333873,0.38205645161290325,379,0.006149442521833137,449
random_missing_40pct,random_detected_missingness,0.4,92,0.3960244648318043,0.38407258064516125,381,-0.005725982786124906,415
random_missing_40pct,random_detected_missingness,0.4,93,0.3983630149307429,0.36592741935483875,363,-0.006751009107578865,415
random_missing_40pct,random_detected_missingness,0.4,94,0.4036697247706422,0.41229838709677424,409,0.02447936665889161,421
random_missing_40pct,random_detected_missingness,0.4,95,0.40663788451160277,0.39616935483870963,393,-0.0031759503871313655,419
random_missing_40pct,random_detected_missingness,0.4,96,0.40348983630149304,0.3901209677419355,387,0.02048310286329924,421
random_missing_40pct,random_detected_missingness,0.4,97,0.4024105054865983,0.3921370967741935,389,0.0061881039344635624,439
random_missing_40pct,random_detected_missingness,0.4,98,0.3969239071775499,0.3911290322580645,388,0.0013332320778602913,439
random_missing_40pct,random_detected_missingness,0.4,99,0.3996222342147868,0.39616935483870963,393,0.018294371236440066,431
contiguous_outage_6h,contiguous_detected_outage,6.0,0,0.00035977693829825075,0.0,0,0.004190800785462745,19
contiguous_outage_6h,contiguous_detected_outage,6.0,1,0.00035977693829825075,0.0,0,0.004190800785462745,19
contiguous_outage_6h,contiguous_detected_outage,6.0,2,0.00035977693829825075,0.0,0,0.004190800785462745,19
contiguous_outage_6h,contiguous_detected_outage,6.0,3,0.0004497211728727857,0.0010080645161290036,1,0.004758284847826033,20
contiguous_outage_6h,contiguous_detected_outage,6.0,4,0.00035977693829825075,0.0,0,0.0038944166716512463,22
contiguous_outage_6h,contiguous_detected_outage,6.0,5,0.00035977693829825075,0.0,0,0.004190800785462745,19
contiguous_outage_6h,contiguous_detected_outage,6.0,6,0.0006296096420219666,0.0,0,0.004204889209095786,19
contiguous_outage_6h,contiguous_detected_outage,6.0,7,0.00035977693829825075,0.0020161290322581182,2,0.0034951146731061478,19
contiguous_outage_6h,contiguous_detected_outage,6.0,8,0.0005396654074474316,0.0010080645161290036,1,0.0047629702996796475,20
contiguous_outage_6h,contiguous_detected_outage,6.0,9,0.00035977693829825075,0.0040322580645161255,4,0.0027966537327723806,19
contiguous_outage_6h,contiguous_detected_outage,6.0,10,0.00035977693829825075,0.0,0,0.003993289428559699,21
contiguous_outage_6h,contiguous_detected_outage,6.0,11,0.00035977693829825075,0.0,0,0.004190800785462745,19
contiguous_outage_6h,contiguous_detected_outage,6.0,12,0.00035977693829825075,0.0,0,0.004190800785462745,19
contiguous_outage_6h,contiguous_detected_outage,6.0,13,0.00035977693829825075,0.0,0,0.004190800785462745,19
contiguous_outage_6h,contiguous_detected_outage,6.0,14,0.0004497211728727857,0.0,0,0.004096691532712304,20
contiguous_outage_6h,contiguous_detected_outage,6.0,15,0.00035977693829825075,0.0,0,0.004190800785462745,19
contiguous_outage_6h,contiguous_detected_outage,6.0,16,0.00035977693829825075,0.0,0,0.004190800785462745,19
contiguous_outage_6h,contiguous_detected_outage,6.0,17,0.00035977693829825075,0.0020161290322581182,2,0.005515316693308181,19
contiguous_outage_6h,contiguous_detected_outage,6.0,18,0.00035977693829825075,0.0,0,0.004190800785462745,19
contiguous_outage_6h,contiguous_detected_outage,6.0,19,0.00035977693829825075,0.0,0,0.004190800785462745,19
contiguous_outage_6h,contiguous_detected_outage,6.0,20,0.0006296096420219666,0.0,0,0.004204889209095786,19
contiguous_outage_6h,contiguous_detected_outage,6.0,21,0.00035977693829825075,0.0,0,0.004092045107011222,20
contiguous_outage_6h,contiguous_detected_outage,6.0,22,0.00035977693829825075,0.0,0,0.004190800785462745,19
contiguous_outage_6h,contiguous_detected_outage,6.0,23,0.00035977693829825075,0.0040322580645161255,4,0.0027966537327723806,19
contiguous_outage_6h,contiguous_detected_outage,6.0,24,0.0025184385680877552,0.0,0,0.004303742563037005,19
contiguous_outage_6h,contiguous_detected_outage,6.0,25,0.001439107753193003,0.0,0,0.003950781321237384,22
contiguous_outage_6h,contiguous_detected_outage,6.0,26,0.0017988846914912537,0.0,0,0.0042660357000312565,19
contiguous_outage_6h,contiguous_detected_outage,6.0,27,0.001439107753193003,0.008064516129032251,8,0.003463783377849916,19
contiguous_outage_6h,contiguous_detected_outage,6.0,28,0.0024284943335132203,0.007056451612903247,7,0.004304949148562276,25
contiguous_outage_6h,contiguous_detected_outage,6.0,29,0.003148048210109722,0.0040322580645161255,4,0.0026462555355943884,22
contiguous_outage_6h,contiguous_detected_outage,6.0,30,0.0021586616297895045,0.0020161290322581182,2,0.003589158349413868,19
contiguous_outage_6h,contiguous_detected_outage,6.0,31,0.0010793308148947522,0.008064516129032251,8,0.003444996956456503,19
contiguous_outage_6h,contiguous_detected_outage,6.0,32,0.0017988846914912537,0.0,0,0.0042660357000312565,19
contiguous_outage_6h,contiguous_detected_outage,6.0,33,0.002698327037236936,0.0,0,0.004313178615868107,19
contiguous_outage_6h,contiguous_detected_outage,6.0,34,0.0025184385680877552,0.0020161290322581182,2,0.002817966351087664,27
contiguous_outage_6h,contiguous_detected_outage,6.0,35,0.0032379924446842567,0.0040322580645161255,4,0.0065926407509759866,23
contiguous_outage_6h,contiguous_detected_outage,6.0,36,0.0025184385680877552,0.0,0,0.003908172184545533,23
contiguous_outage_6h,contiguous_detected_outage,6.0,37,0.0021586616297895045,0.0,0,0.003692347595597667,25
contiguous_outage_6h,contiguous_detected_outage,6.0,38,0.0025184385680877552,0.0,0,0.004007201695339635,22
contiguous_outage_6h,contiguous_detected_outage,6.0,39,0.0025184385680877552,0.0,0,0.004303742563037005,19
contiguous_outage_6h,contiguous_detected_outage,6.0,40,0.0025184385680877552,0.0,0,0.004204713052242681,20
contiguous_outage_6h,contiguous_detected_outage,6.0,41,0.0017988846914912537,0.0040322580645161255,4,0.0061295852919216465,27
contiguous_outage_6h,contiguous_detected_outage,6.0,42,0.0007195538765965015,0.008064516129032251,8,0.009540177645744441,19
contiguous_outage_6h,contiguous_detected_outage,6.0,43,0.0017988846914912537,0.003024193548387122,3,0.003933219893137219,22
contiguous_outage_6h,contiguous_detected_outage,6.0,44,0.001439107753193003,0.0,0,0.004247204646488534,19
contiguous_outage_6h,contiguous_detected_outage,6.0,45,0.001529051987767538,0.0040322580645161255,4,0.00689813618897861,19
contiguous_outage_6h,contiguous_detected_outage,6.0,46,0.0017988846914912537,0.0,0,0.004167280021579733,20
contiguous_outage_6h,contiguous_detected_outage,6.0,47,0.0010793308148947522,0.0,0,0.004228388487985235,19
contiguous_outage_6h,contiguous_detected_outage,6.0,48,0.0020687173952149696,0.0,0,0.0038842467723352314,23
contiguous_outage_6h,contiguous_detected_outage,6.0,49,0.0021586616297895045,0.0,0,0.0038889204705041536,23
contiguous_outage_12h,contiguous_detected_outage,12.0,0,0.0007195538765965015,0.0,0,0.004209587206855936,19
contiguous_outage_12h,contiguous_detected_outage,12.0,1,0.0007195538765965015,0.0,0,0.004209587206855936,19
contiguous_outage_12h,contiguous_detected_outage,12.0,2,0.0007195538765965015,0.0,0,0.004110753445242921,20
contiguous_outage_12h,contiguous_detected_outage,12.0,3,0.0008094981111710364,0.0010080645161290036,1,0.00448053092737144,23
contiguous_outage_12h,contiguous_detected_outage,12.0,4,0.0007195538765965015,0.0,0,0.0036165846371780663,25
contiguous_outage_12h,contiguous_detected_outage,12.0,5,0.0007195538765965015,0.0,0,0.004209587206855936,19
contiguous_outage_12h,contiguous_detected_outage,12.0,6,0.0011692750494692872,0.0,0,0.004233091132167743,19
contiguous_outage_12h,contiguous_detected_outage,12.0,7,0.0007195538765965015,0.0040322580645161255,4,0.0038275710610276015,19
contiguous_outage_12h,contiguous_detected_outage,12.0,8,0.0010793308148947522,0.0020161290322581182,2,0.005355182937096803,21
contiguous_outage_12h,contiguous_detected_outage,12.0,9,0.0007195538765965015,0.008064516129032251,8,0.0014100963449314996,19
contiguous_outage_12h,contiguous_detected_outage,12.0,10,0.0007195538765965015,0.0,0,0.00401207584995289,21
contiguous_outage_12h,contiguous_detected_outage,12.0,11,0.0007195538765965015,0.0,0,0.004209587206855936,19
contiguous_outage_12h,contiguous_detected_outage,12.0,12,0.0007195538765965015,0.0,0,0.004209587206855936,19
contiguous_outage_12h,contiguous_detected_outage,12.0,13,0.0007195538765965015,0.0,0,0.004209587206855936,19
contiguous_outage_12h,contiguous_detected_outage,12.0,14,0.0009893865803202173,0.0,0,0.004025960624355562,21
contiguous_outage_12h,contiguous_detected_outage,12.0,15,0.0007195538765965015,0.0,0,0.004209587206855936,19
contiguous_outage_12h,contiguous_detected_outage,12.0,16,0.0007195538765965015,0.0,0,0.004209587206855936,19
contiguous_outage_12h,contiguous_detected_outage,12.0,17,0.0007195538765965015,0.0040322580645161255,4,0.006864008307990943,19
contiguous_outage_12h,contiguous_detected_outage,12.0,18,0.0007195538765965015,0.0,0,0.004209587206855936,19
contiguous_outage_12h,contiguous_detected_outage,12.0,19,0.0007195538765965015,0.0,0,0.004209587206855936,19
contiguous_outage_12h,contiguous_detected_outage,12.0,20,0.0012592192840439331,0.0,0,0.004237794706461795,19
contiguous_outage_12h,contiguous_detected_outage,12.0,21,0.0007195538765965015,0.0,0,0.003913320171501367,22
contiguous_outage_12h,contiguous_detected_outage,12.0,22,0.0007195538765965015,0.0,0,0.004209587206855936,19
contiguous_outage_12h,contiguous_detected_outage,12.0,23,0.0007195538765965015,0.008064516129032251,8,0.003426225377189507,19
contiguous_outage_12h,contiguous_detected_outage,12.0,24,0.0050368771361756215,0.0,0,0.004436188387404005,19
contiguous_outage_12h,contiguous_detected_outage,12.0,25,0.002878215506386006,0.0,0,0.0038282138651866138,24
contiguous_outage_12h,contiguous_detected_outage,12.0,26,0.0035977693829825075,0.0,0,0.004261659335140999,20
contiguous_outage_12h,contiguous_detected_outage,12.0,27,0.002878215506386006,0.016129032258064502,16,0.0017187805322633753,19
contiguous_outage_12h,contiguous_detected_outage,12.0,28,0.004767044432451906,0.01310483870967738,13,0.0037707528939892043,31
contiguous_outage_12h,contiguous_detected_outage,12.0,29,0.0063860406547939785,0.008064516129032251,8,0.001016192397630622,26
contiguous_outage_12h,contiguous_detected_outage,12.0,30,0.004317323259579009,0.005040322580645129,5,0.0026536429981125487,19
contiguous_outage_12h,contiguous_detected_outage,12.0,31,0.0022486058643640394,0.016129032258064502,16,0.0006612718551897157,19
contiguous_outage_12h,contiguous_detected_outage,12.0,32,0.0035977693829825075,0.0010080645161290036,1,0.00401288419055823,19
contiguous_outage_12h,contiguous_detected_outage,12.0,33,0.005306709839899226,0.0,0,0.004450422709600277,19
contiguous_outage_12h,contiguous_detected_outage,12.0,34,0.005126821370750156,0.0040322580645161255,4,0.0014659766033304766,35
contiguous_outage_12h,contiguous_detected_outage,12.0,35,0.0063860406547939785,0.008064516129032251,8,0.009095245022507026,26
contiguous_outage_12h,contiguous_detected_outage,12.0,36,0.0050368771361756215,0.0,0,0.00364504458481818,27
contiguous_outage_12h,contiguous_detected_outage,12.0,37,0.004407267494153655,0.0,0,0.0034154511440602775,29
contiguous_outage_12h,contiguous_detected_outage,12.0,38,0.004856988667026441,0.0,0,0.003733825395497048,26
contiguous_outage_12h,contiguous_detected_outage,12.0,39,0.0050368771361756215,0.0010080645161290036,1,0.004088642529214814,19
contiguous_outage_12h,contiguous_detected_outage,12.0,40,0.0050368771361756215,0.0,0,0.004237578655527319,21
contiguous_outage_12h,contiguous_detected_outage,12.0,41,0.0035977693829825075,0.009072580645161255,9,0.008878537592631908,34
contiguous_outage_12h,contiguous_detected_outage,12.0,42,0.001439107753193003,0.016129032258064502,16,0.014996328518728674,19
contiguous_outage_12h,contiguous_detected_outage,12.0,43,0.0038676020867062233,0.007056451612903247,7,0.003350866420489318,25
contiguous_outage_12h,contiguous_detected_outage,12.0,44,0.002878215506386006,0.0,0,0.004322618407971435,19
contiguous_outage_12h,contiguous_detected_outage,12.0,45,0.0036877136175571534,0.008064516129032251,8,0.005614056203141704,19
contiguous_outage_12h,contiguous_detected_outage,12.0,46,0.0038676020867062233,0.0,0,0.003979581489653494,23
contiguous_outage_12h,contiguous_detected_outage,12.0,47,0.0021586616297895045,0.0,0,0.004284881666306806,19
contiguous_outage_12h,contiguous_detected_outage,12.0,48,0.00449721172872819,0.0,0,0.003714495206446289,26
contiguous_outage_12h,contiguous_detected_outage,12.0,49,0.004317323259579009,0.0,0,0.003308196295080723,30
contiguous_outage_24h,contiguous_detected_outage,24.0,0,0.001349163518618468,0.0,0,0.004242499211143391,19
contiguous_outage_24h,contiguous_detected_outage,24.0,1,0.001349163518618468,0.0,0,0.004242499211143391,19
contiguous_outage_24h,contiguous_detected_outage,24.0,2,0.001349163518618468,0.0,0,0.0037479882824520416,24
contiguous_outage_24h,contiguous_detected_outage,24.0,3,0.0016189962223421839,0.0010080645161290036,1,0.004324659262380237,25
contiguous_outage_24h,contiguous_detected_outage,24.0,4,0.001349163518618468,0.0,0,0.003154575168021978,30
contiguous_outage_24h,contiguous_detected_outage,24.0,5,0.001349163518618468,0.0,0,0.004242499211143391,19
contiguous_outage_24h,contiguous_detected_outage,24.0,6,0.0022486058643640394,0.0,0,0.004289595490066578,19
contiguous_outage_24h,contiguous_detected_outage,24.0,7,0.001529051987767538,0.007056451612903247,7,0.004850433508092111,19
contiguous_outage_24h,contiguous_detected_outage,24.0,8,0.0019787731606404346,0.003024193548387122,3,0.005868439665098535,23
contiguous_outage_24h,contiguous_detected_outage,24.0,9,0.001349163518618468,0.015120967741935498,15,-0.0010436986638477919,19
contiguous_outage_24h,contiguous_detected_outage,24.0,10,0.001349163518618468,0.0,0,0.003847476497337299,23
contiguous_outage_24h,contiguous_detected_outage,24.0,11,0.001529051987767538,0.0,0,0.004251911012773668,19
contiguous_outage_24h,contiguous_detected_outage,24.0,12,0.001349163518618468,0.0,0,0.004242499211143391,19
contiguous_outage_24h,contiguous_detected_outage,24.0,13,0.001349163518618468,0.0,0,0.004242499211143391,19
contiguous_outage_24h,contiguous_detected_outage,24.0,14,0.0016189962223421839,0.0,0,0.004058755231525435,21
contiguous_outage_24h,contiguous_detected_outage,24.0,15,0.001349163518618468,0.0,0,0.004242499211143391,19
contiguous_outage_24h,contiguous_detected_outage,24.0,16,0.001349163518618468,0.0,0,0.004242499211143391,19
contiguous_outage_24h,contiguous_detected_outage,24.0,17,0.001349163518618468,0.008064516129032251,8,0.0095730376486447,19
contiguous_outage_24h,contiguous_detected_outage,24.0,18,0.001349163518618468,0.0,0,0.004242499211143391,19
contiguous_outage_24h,contiguous_detected_outage,24.0,19,0.001349163518618468,0.0,0,0.004143743532691868,20
contiguous_outage_24h,contiguous_detected_outage,24.0,20,0.0023385500989386854,0.0,0,0.004294310247256572,19
contiguous_outage_24h,contiguous_detected_outage,24.0,21,0.001349163518618468,0.0,0,0.003748574311599029,24
contiguous_outage_24h,contiguous_detected_outage,24.0,22,0.001349163518618468,0.0,0,0.004242499211143391,19
contiguous_outage_24h,contiguous_detected_outage,24.0,23,0.001349163518618468,0.015120967741935498,15,0.0029885594006682226,19
contiguous_outage_24h,contiguous_detected_outage,24.0,24,0.00935420039575463,0.0,0,0.00466496016397433,19
contiguous_outage_24h,contiguous_detected_outage,24.0,25,0.005396654074473872,0.0,0,0.0035651909650928904,28
contiguous_outage_24h,contiguous_detected_outage,24.0,26,0.006745817593092229,0.0,0,0.004230215568526541,22
contiguous_outage_24h,contiguous_detected_outage,24.0,27,0.005576542543622942,0.030241935483870996,30,0.0008163981678799281,19
contiguous_outage_24h,contiguous_detected_outage,24.0,28,0.00917431192660545,0.027217741935483875,27,0.005477124747391038,39
contiguous_outage_24h,contiguous_detected_outage,24.0,29,0.012052527432991567,0.015120967741935498,15,-0.0019601616232840513,34
contiguous_outage_24h,contiguous_detected_outage,24.0,30,0.008094981111710697,0.009072580645161255,9,0.0012472207967788584,21
contiguous_outage_24h,contiguous_detected_outage,24.0,31,0.004587155963302725,0.030241935483870996,30,-0.003299169035139826,19
contiguous_outage_24h,contiguous_detected_outage,24.0,32,0.006745817593092229,0.0040322580645161255,4,0.0031320694637320123,19
contiguous_outage_24h,contiguous_detected_outage,24.0,33,0.010253642741500313,0.0,0,0.004712897052001619,19
contiguous_outage_24h,contiguous_detected_outage,24.0,34,0.009713977334052881,0.006048387096774244,6,0.00021699516214246373,43
contiguous_outage_24h,contiguous_detected_outage,24.0,35,0.0114229177909696,0.01814516129032262,18,0.012296275594565254,32
contiguous_outage_24h,contiguous_detected_outage,24.0,36,0.009444144630329165,0.003024193548387122,3,0.002141550694153782,34
contiguous_outage_24h,contiguous_detected_outage,24.0,37,0.008904479222881845,0.0,0,0.0031596923990429016,34
contiguous_outage_24h,contiguous_detected_outage,24.0,38,0.008904479222881845,0.0,0,0.0032506476888105595,33
contiguous_outage_24h,contiguous_detected_outage,24.0,39,0.009444144630329165,0.007056451612903247,7,0.0022220061621283094,19
contiguous_outage_24h,contiguous_detected_outage,24.0,40,0.00935420039575463,0.0,0,0.004365618715161723,22
contiguous_outage_24h,contiguous_detected_outage,24.0,41,0.006745817593092229,0.017137096774193505,17,0.012039780226745123,48
contiguous_outage_24h,contiguous_detected_outage,24.0,42,0.002698327037236936,0.030241935483870996,30,0.02476295201486023,19
contiguous_outage_24h,contiguous_detected_outage,24.0,43,0.007555315704263377,0.014112903225806495,14,0.0020713122039768272,25
contiguous_outage_24h,contiguous_detected_outage,24.0,44,0.005396654074473872,0.0,0,0.004455169369131262,19
contiguous_outage_24h,contiguous_detected_outage,24.0,45,0.007375427235114196,0.015120967741935498,15,0.004245215317981499,20
contiguous_outage_24h,contiguous_detected_outage,24.0,46,0.007015650296815945,0.0,0,0.00344985865073566,30
contiguous_outage_24h,contiguous_detected_outage,24.0,47,0.004227379025004474,0.0,0,0.004393536262724318,19
contiguous_outage_24h,contiguous_detected_outage,24.0,48,0.008274869580859878,0.0,0,0.0034188719869585604,31
contiguous_outage_24h,contiguous_detected_outage,24.0,49,0.008005036877136162,0.0,0,0.0025062294025812726,40
contiguous_outage_48h,contiguous_detected_outage,48.0,0,0.002698327037236936,0.0,0,0.004313178615868107,19
contiguous_outage_48h,contiguous_detected_outage,48.0,1,0.002698327037236936,0.0,0,0.004313178615868107,19
contiguous_outage_48h,contiguous_detected_outage,48.0,2,0.002698327037236936,0.0,0,0.0031263497749529634,31
contiguous_outage_48h,contiguous_detected_outage,48.0,3,0.0035977693829825075,0.0010080645161290036,1,0.00363404087413155,33
contiguous_outage_48h,contiguous_detected_outage,48.0,4,0.002698327037236936,0.0,0,0.0024330058763792906,38
contiguous_outage_48h,contiguous_detected_outage,48.0,5,0.002698327037236936,0.0,0,0.004313178615868107,19
contiguous_outage_48h,contiguous_detected_outage,48.0,6,0.003957546321280758,0.014112903225806495,14,0.004562617892865273,19
contiguous_outage_48h,contiguous_detected_outage,48.0,7,0.003148048210109722,0.015120967741935498,15,0.006199621066690142,19
contiguous_outage_48h,contiguous_detected_outage,48.0,8,0.004047490555855404,0.008064516129032251,8,0.00902055774381183,26
contiguous_outage_48h,contiguous_detected_outage,48.0,9,0.002698327037236936,0.027217741935483875,27,-0.004310884975964546,19
contiguous_outage_48h,contiguous_detected_outage,48.0,10,0.002698327037236936,0.0,0,0.0035231331882559225,27
contiguous_outage_48h,contiguous_detected_outage,48.0,11,0.0035977693829825075,0.0,0,0.004360415013592522,19
contiguous_outage_48h,contiguous_detected_outage,48.0,12,0.002698327037236936,0.0,0,0.004313178615868107,19
contiguous_outage_48h,contiguous_detected_outage,48.0,13,0.002698327037236936,0.0,0,0.004313178615868107,19
contiguous_outage_48h,contiguous_detected_outage,48.0,14,0.0033279366792589027,0.0,0,0.0038506450065129982,24
contiguous_outage_48h,contiguous_detected_outage,48.0,15,0.002698327037236936,0.0,0,0.004313178615868107,19
contiguous_outage_48h,contiguous_detected_outage,48.0,16,0.002698327037236936,0.0,0,0.004313178615868107,19
contiguous_outage_48h,contiguous_detected_outage,48.0,17,0.002698327037236936,0.019153225806451624,19,0.016050055172007527,19
contiguous_outage_48h,contiguous_detected_outage,48.0,18,0.002698327037236936,0.0,0,0.004313178615868107,19
contiguous_outage_48h,contiguous_detected_outage,48.0,19,0.002698327037236936,0.0,0,0.003819400223610492,24
contiguous_outage_48h,contiguous_detected_outage,48.0,20,0.004587155963302725,0.0,0,0.004412483354889751,19
contiguous_outage_48h,contiguous_detected_outage,48.0,21,0.002698327037236936,0.0,0,0.0035219593885913447,27
contiguous_outage_48h,contiguous_detected_outage,48.0,22,0.002698327037236936,0.0,0,0.004313178615868107,19
contiguous_outage_48h,contiguous_detected_outage,48.0,23,0.003148048210109722,0.022177419354838745,22,0.006114384684958063,24
contiguous_outage_48h,contiguous_detected_outage,48.0,24,0.018888289260658442,0.0,0,0.004980499200682775,21
contiguous_outage_48h,contiguous_detected_outage,48.0,25,0.010613419679798564,0.0,0,0.0034459460395468433,32
contiguous_outage_48h,contiguous_detected_outage,48.0,26,0.013131858247886319,0.0,0,0.004471917942783898,23
contiguous_outage_48h,contiguous_detected_outage,48.0,27,0.010613419679798564,0.058467741935483875,58,-0.002340092080064027,19
contiguous_outage_48h,contiguous_detected_outage,48.0,28,0.018078791149487294,0.050403225806451624,50,0.011836438339557942,56
contiguous_outage_48h,contiguous_detected_outage,48.0,29,0.024194999100557668,0.029233870967741882,29,-0.00708254581427048,41
contiguous_outage_48h,contiguous_detected_outage,48.0,30,0.016189962223421506,0.01814516129032262,18,-0.002329402684724924,29
contiguous_outage_48h,contiguous_detected_outage,48.0,31,0.009713977334052881,0.05544354838709675,55,-0.012494586497302507,19
contiguous_outage_48h,contiguous_detected_outage,48.0,32,0.013581579420759105,0.009072580645161255,9,0.0017372958254922022,19
contiguous_outage_48h,contiguous_detected_outage,48.0,33,0.021046950890447946,0.0,0,0.0049994324733513285,22
contiguous_outage_48h,contiguous_detected_outage,48.0,34,0.020147508544702264,0.011088709677419373,11,-0.002470174220890353,58
contiguous_outage_48h,contiguous_detected_outage,48.0,35,0.022216225939917233,0.03326612903225812,33,0.012565147527798137,43
contiguous_outage_48h,contiguous_detected_outage,48.0,36,0.02059722971757505,0.014112903225806495,14,-0.0031362826440117786,54
contiguous_outage_48h,contiguous_detected_outage,48.0,37,0.019338010433531228,0.0,0,0.0011492146416591797,60
contiguous_outage_48h,contiguous_detected_outage,48.0,38,0.01663968339629429,0.0,0,0.003062530368266092,39
contiguous_outage_48h,contiguous_detected_outage,48.0,39,0.01906817772980751,0.01814516129032262,18,-0.001178284045588729,19
contiguous_outage_48h,contiguous_detected_outage,48.0,40,0.018078791149487294,0.0,0,0.004533489914619437,25
contiguous_outage_48h,contiguous_detected_outage,48.0,41,0.013221802482460854,0.03427419354838712,34,0.00852939032646205,79
contiguous_outage_48h,contiguous_detected_outage,48.0,42,0.005396654074473872,0.06048387096774188,60,0.0466794707124949,19
contiguous_outage_48h,contiguous_detected_outage,48.0,43,0.014481021766504787,0.029233870967741882,29,-0.0009831232772072873,25
contiguous_outage_48h,contiguous_detected_outage,48.0,44,0.010523475445223918,0.0,0,0.004727296796985581,19
contiguous_outage_48h,contiguous_detected_outage,48.0,45,0.014660910235653857,0.02620967741935487,26,0.010700310011443337,23
contiguous_outage_48h,contiguous_detected_outage,48.0,46,0.013941356359057355,0.0,0,0.0017195585582034933,51
contiguous_outage_48h,contiguous_detected_outage,48.0,47,0.009624033099478346,0.0,0,0.004679331182726454,19
contiguous_outage_48h,contiguous_detected_outage,48.0,48,0.01556035258139954,0.0,0,0.003805751112149647,31
contiguous_outage_48h,contiguous_detected_outage,48.0,49,0.015290519877675823,0.0,0,-2.211136427998639e-05,69
detected_degradation_5pct,detected_aia_degradation,0.05,0,0.05162799064579959,0.053427419354838745,53,0.011120193420064206,88
detected_degradation_5pct,detected_aia_degradation,0.05,1,0.05036877136175566,0.06048387096774188,60,0.016698601411206493,70
detected_degradation_5pct,detected_aia_degradation,0.05,2,0.05207771181867238,0.05241935483870963,52,0.0025982333207414943,73
detected_degradation_5pct,detected_aia_degradation,0.05,3,0.050278827127181125,0.04435483870967738,44,0.0026795144149718286,67
detected_degradation_5pct,detected_aia_degradation,0.05,4,0.04883971937398812,0.048387096774193505,48,0.007182394800736125,61
detected_degradation_5pct,detected_aia_degradation,0.05,5,0.04847994243568987,0.05141129032258063,51,0.010563231942330997,68
detected_degradation_5pct,detected_aia_degradation,0.05,6,0.050278827127181125,0.035282258064516125,35,0.0017858785740154648,69
detected_degradation_5pct,detected_aia_degradation,0.05,7,0.05135815794207588,0.0473790322580645,47,0.0032477976248523888,73
detected_degradation_5pct,detected_aia_degradation,0.05,8,0.049919050188882874,0.04233870967741937,42,0.004361139000005343,69
detected_degradation_5pct,detected_aia_degradation,0.05,9,0.04919949631228637,0.04939516129032262,49,0.007706103919390639,62
detected_degradation_5pct,detected_aia_degradation,0.05,10,0.05072854830005402,0.058467741935483875,58,0.005432523711159654,63
detected_degradation_5pct,detected_aia_degradation,0.05,11,0.04964921748515916,0.03629032258064513,36,0.0028527982546762143,64
detected_degradation_5pct,detected_aia_degradation,0.05,12,0.055315704263356746,0.050403225806451624,50,0.0053101260506680514,67
detected_degradation_5pct,detected_aia_degradation,0.05,13,0.05000899442345741,0.045362903225806495,45,0.005820351955048597,65
detected_degradation_5pct,detected_aia_degradation,0.05,14,0.05315704263356724,0.050403225806451624,50,0.008619390643137326,84
detected_degradation_5pct,detected_aia_degradation,0.05,15,0.05279726569526888,0.04435483870967738,44,0.004036192068326949,77
detected_degradation_5pct,detected_aia_degradation,0.05,16,0.04919949631228637,0.03830645161290325,38,0.0059987936124603625,57
detected_degradation_5pct,detected_aia_degradation,0.05,17,0.04758050008994419,0.05241935483870963,52,0.007918760230168687,70
detected_degradation_5pct,detected_aia_degradation,0.05,18,0.05171793488037413,0.05947580645161288,59,0.0035584164347619573,77
detected_degradation_5pct,detected_aia_degradation,0.05,19,0.04632128080590037,0.045362903225806495,45,0.009379092074481843,69
detected_degradation_5pct,detected_aia_degradation,0.05,20,0.05279726569526888,0.043346774193548376,43,0.004696361064694399,64
detected_degradation_5pct,detected_aia_degradation,0.05,21,0.04740061162079512,0.050403225806451624,50,0.004651514291455605,65
detected_degradation_5pct,detected_aia_degradation,0.05,22,0.049919050188882874,0.048387096774193505,48,0.007747744178889127,55
detected_degradation_5pct,detected_aia_degradation,0.05,23,0.052167656053247025,0.05141129032258063,51,-0.001248319325071634,73
detected_degradation_5pct,detected_aia_degradation,0.05,24,0.05108832523835227,0.048387096774193505,48,0.0039727674844509675,72
detected_degradation_5pct,detected_aia_degradation,0.05,25,0.04677100197877315,0.053427419354838745,53,0.01103489282087744,65
detected_degradation_5pct,detected_aia_degradation,0.05,26,0.05576542543622953,0.0473790322580645,47,-0.0008591626191116752,65
detected_degradation_5pct,detected_aia_degradation,0.05,27,0.05108832523835227,0.050403225806451624,50,0.01043824880049371,76
detected_degradation_5pct,detected_aia_degradation,0.05,28,0.05036877136175566,0.03629032258064513,36,0.008885374193819073,66
detected_degradation_5pct,detected_aia_degradation,0.05,29,0.050278827127181125,0.053427419354838745,53,0.012680476178719147,61
detected_degradation_5pct,detected_aia_degradation,0.05,30,0.04704083468249687,0.045362903225806495,45,0.008851091471726136,54
detected_degradation_5pct,detected_aia_degradation,0.05,31,0.052527432991545275,0.048387096774193505,48,0.003517780959536365,68
detected_degradation_5pct,detected_aia_degradation,0.05,32,0.04883971937398812,0.04435483870967738,44,0.006486956876496031,72
detected_degradation_5pct,detected_aia_degradation,0.05,33,0.04982910595430834,0.05241935483870963,52,0.007873213230325415,72
detected_degradation_5pct,detected_aia_degradation,0.05,34,0.04758050008994419,0.0463709677419355,46,0.008835430741812589,83
detected_degradation_5pct,detected_aia_degradation,0.05,35,0.04865983090483905,0.05141129032258063,51,0.01350264256411271,58
detected_degradation_5pct,detected_aia_degradation,0.05,36,0.048569886670264406,0.05443548387096775,54,8.733747475320186e-05,78
detected_degradation_5pct,detected_aia_degradation,0.05,37,0.04955927325058462,0.0463709677419355,46,0.007706646266312678,74
detected_degradation_5pct,detected_aia_degradation,0.05,38,0.05144810217665052,0.053427419354838745,53,0.010273323382241184,64
detected_degradation_5pct,detected_aia_degradation,0.05,39,0.04830005396654069,0.05544354838709675,55,0.004741416933533804,60
detected_degradation_5pct,detected_aia_degradation,0.05,40,0.05000899442345741,0.05443548387096775,54,-0.0005015943896589103,84
detected_degradation_5pct,detected_aia_degradation,0.05,41,0.04874977513941359,0.048387096774193505,48,0.00557176179006702,67
detected_degradation_5pct,detected_aia_degradation,0.05,42,0.05207771181867238,0.05443548387096775,54,0.005681116571906175,75
detected_degradation_5pct,detected_aia_degradation,0.05,43,0.0537866522755891,0.045362903225806495,45,0.005065023952177894,74
detected_degradation_5pct,detected_aia_degradation,0.05,44,0.05117826947292681,0.061491935483870996,61,0.007415724091719422,66
detected_degradation_5pct,detected_aia_degradation,0.05,45,0.050098938658032055,0.05443548387096775,54,0.015448753421319905,62
detected_degradation_5pct,detected_aia_degradation,0.05,46,0.05072854830005402,0.0463709677419355,46,0.0009491802094832025,69
detected_degradation_5pct,detected_aia_degradation,0.05,47,0.04865983090483905,0.03931451612903225,39,0.008803560489592632,66
detected_degradation_5pct,detected_aia_degradation,0.05,48,0.047670444324518835,0.05443548387096775,54,0.0005857030340596925,71
detected_degradation_5pct,detected_aia_degradation,0.05,49,0.05162799064579959,0.06854838709677424,68,0.00580268586228172,77
detected_degradation_5pct,detected_aia_degradation,0.05,50,0.04695089044792233,0.05141129032258063,51,0.009919220586398048,53
detected_degradation_5pct,detected_aia_degradation,0.05,51,0.05207771181867238,0.0463709677419355,46,0.006797119359851278,74
detected_degradation_5pct,detected_aia_degradation,0.05,52,0.04955927325058462,0.05443548387096775,54,0.0023662195275848674,78
detected_degradation_5pct,detected_aia_degradation,0.05,53,0.0490196078431373,0.050403225806451624,50,0.010554086102768423,72
detected_degradation_5pct,detected_aia_degradation,0.05,54,0.05171793488037413,0.04233870967741937,42,0.0033158908292885148,70
detected_degradation_5pct,detected_aia_degradation,0.05,55,0.051987767584097844,0.04233870967741937,42,0.004420546854091434,69
detected_degradation_5pct,detected_aia_degradation,0.05,56,0.050458715596330306,0.04939516129032262,49,0.0011374877002265915,75
detected_degradation_5pct,detected_aia_degradation,0.05,57,0.05090843676920309,0.05141129032258063,51,0.0037974895144097243,85
detected_degradation_5pct,detected_aia_degradation,0.05,58,0.052167656053247025,0.04435483870967738,44,0.0008708924384308592,78
detected_degradation_5pct,detected_aia_degradation,0.05,59,0.04919949631228637,0.04133064516129037,41,0.001481370406250404,79
detected_degradation_5pct,detected_aia_degradation,0.05,60,0.05018888289260659,0.04435483870967738,44,0.005647610965447081,60
detected_degradation_5pct,detected_aia_degradation,0.05,61,0.049919050188882874,0.053427419354838745,53,0.003386562443139507,70
detected_degradation_5pct,detected_aia_degradation,0.05,62,0.05387659651016374,0.061491935483870996,61,0.003618925158592523,72
detected_degradation_5pct,detected_aia_degradation,0.05,63,0.04964921748515916,0.05141129032258063,51,0.006457047768839486,69
detected_degradation_5pct,detected_aia_degradation,0.05,64,0.05225760028782156,0.06754032258064513,67,0.008717995827031144,72
detected_degradation_5pct,detected_aia_degradation,0.05,65,0.05171793488037413,0.040322580645161255,40,0.0028625103969783794,72
detected_degradation_5pct,detected_aia_degradation,0.05,66,0.05072854830005402,0.048387096774193505,48,0.003974921783687968,62
detected_degradation_5pct,detected_aia_degradation,0.05,67,0.054236373448461994,0.05443548387096775,54,0.004478040089614721,69
detected_degradation_5pct,detected_aia_degradation,0.05,68,0.05072854830005402,0.043346774193548376,43,0.005366970763311274,65
detected_degradation_5pct,detected_aia_degradation,0.05,69,0.04874977513941359,0.06653225806451613,66,0.001709974159593397,71
detected_degradation_5pct,detected_aia_degradation,0.05,70,0.04668105774419862,0.048387096774193505,48,0.012000160119398195,62
detected_degradation_5pct,detected_aia_degradation,0.05,71,0.050458715596330306,0.056451612903225756,56,0.006249663185301513,74
detected_degradation_5pct,detected_aia_degradation,0.05,72,0.049739161719733804,0.043346774193548376,43,0.004148551043609006,69
detected_degradation_5pct,detected_aia_degradation,0.05,73,0.050638604065479376,0.04435483870967738,44,0.006424547866640706,62
detected_degradation_5pct,detected_aia_degradation,0.05,74,0.05153804641122506,0.05241935483870963,52,0.01269200299008122,65
detected_degradation_5pct,detected_aia_degradation,0.05,75,0.05171793488037413,0.048387096774193505,48,0.003713214712260937,77
detected_degradation_5pct,detected_aia_degradation,0.05,76,0.04847994243568987,0.04133064516129037,41,0.0012657306425831738,62
detected_degradation_5pct,detected_aia_degradation,0.05,77,0.05225760028782156,0.04939516129032262,49,-0.004155183991210842,87
detected_degradation_5pct,detected_aia_degradation,0.05,78,0.050278827127181125,0.0463709677419355,46,-0.0006742844854645824,74
detected_degradation_5pct,detected_aia_degradation,0.05,79,0.05018888289260659,0.05241935483870963,52,0.002422928367448174,64
detected_degradation_5pct,detected_aia_degradation,0.05,80,0.05279726569526888,0.05241935483870963,52,-0.00016622243397046432,68
detected_degradation_5pct,detected_aia_degradation,0.05,81,0.05351681957186549,0.050403225806451624,50,0.005782005993960615,79
detected_degradation_5pct,detected_aia_degradation,0.05,82,0.04964921748515916,0.04939516129032262,49,0.0038851755721911463,59
detected_degradation_5pct,detected_aia_degradation,0.05,83,0.048569886670264406,0.0463709677419355,46,0.00411746876487129,78
detected_degradation_5pct,detected_aia_degradation,0.05,84,0.05018888289260659,0.058467741935483875,58,0.00603194422837694,68
detected_degradation_5pct,detected_aia_degradation,0.05,85,0.05054865983090484,0.05241935483870963,52,0.009007834979271712,70
detected_degradation_5pct,detected_aia_degradation,0.05,86,0.04695089044792233,0.04939516129032262,49,0.009329607549335428,65
detected_degradation_5pct,detected_aia_degradation,0.05,87,0.04919949631228637,0.0463709677419355,46,0.008201591557043697,69
detected_degradation_5pct,detected_aia_degradation,0.05,88,0.04982910595430834,0.05141129032258063,51,0.0027201951638899935,85
detected_degradation_5pct,detected_aia_degradation,0.05,89,0.04892966360856266,0.05241935483870963,52,0.004926361512191502,58
detected_degradation_5pct,detected_aia_degradation,0.05,90,0.04928944054686091,0.04939516129032262,49,-0.0003087842674496244,69
detected_degradation_5pct,detected_aia_degradation,0.05,91,0.049379384781435554,0.048387096774193505,48,0.0036368124371060073,73
detected_degradation_5pct,detected_aia_degradation,0.05,92,0.04812016549739162,0.05443548387096775,54,0.0005969921932060807,62
detected_degradation_5pct,detected_aia_degradation,0.05,93,0.049739161719733804,0.045362903225806495,45,0.0018217615092230854,63
detected_degradation_5pct,detected_aia_degradation,0.05,94,0.05090843676920309,0.048387096774193505,48,0.007013910317371641,74
detected_degradation_5pct,detected_aia_degradation,0.05,95,0.0490196078431373,0.043346774193548376,43,0.0021865584647620118,66
detected_degradation_5pct,detected_aia_degradation,0.05,96,0.05414642921388735,0.050403225806451624,50,0.0011716894512912024,73
detected_degradation_5pct,detected_aia_degradation,0.05,97,0.048569886670264406,0.05745967741935487,57,0.00797383429729126,72
detected_degradation_5pct,detected_aia_degradation,0.05,98,0.045601726929303865,0.04133064516129037,41,0.004769418471944453,57
detected_degradation_5pct,detected_aia_degradation,0.05,99,0.04551178269472922,0.0463709677419355,46,0.008933056243815463,60
detected_degradation_10pct,detected_aia_degradation,0.1,0,0.0954308328836122,0.08266129032258063,82,0.005998745687217921,120
detected_degradation_10pct,detected_aia_degradation,0.1,1,0.10073754272351143,0.10080645161290325,100,0.0054609989194494,126
detected_degradation_10pct,detected_aia_degradation,0.1,2,0.1042453678719194,0.11693548387096775,116,0.008194487079287605,123
detected_degradation_10pct,detected_aia_degradation,0.1,3,0.10037776578521318,0.092741935483871,92,0.005934010045663296,128
detected_degradation_10pct,detected_aia_degradation,0.1,4,0.10118726389638422,0.11290322580645162,112,0.01091348784822821,126
detected_degradation_10pct,detected_aia_degradation,0.1,5,0.09956826767404214,0.10685483870967738,106,0.005166683581186993,128
detected_degradation_10pct,detected_aia_degradation,0.1,6,0.10388559093362115,0.10181451612903225,101,0.005373017159387983,137
detected_degradation_10pct,detected_aia_degradation,0.1,7,0.1056844756251124,0.10383064516129037,103,0.008994905237246442,135
detected_degradation_10pct,detected_aia_degradation,0.1,8,0.10370570246447208,0.10383064516129037,103,0.008210749634366188,133
detected_degradation_10pct,detected_aia_degradation,0.1,9,0.09740960604425253,0.09173387096774188,91,0.008485424679083753,130
detected_degradation_10pct,detected_aia_degradation,0.1,10,0.09812915992084903,0.08669354838709675,86,0.007174609109311003,123
detected_degradation_10pct,detected_aia_degradation,0.1,11,0.10154704083468247,0.11794354838709675,117,0.01903378435660641,112
detected_degradation_10pct,detected_aia_degradation,0.1,12,0.10541464292138869,0.12096774193548387,120,0.010047697486758045,135
detected_degradation_10pct,detected_aia_degradation,0.1,13,0.1042453678719194,0.11995967741935487,119,0.0027553088525560376,129
detected_degradation_10pct,detected_aia_degradation,0.1,14,0.10676380644000716,0.09375,93,0.005543678400755203,129
detected_degradation_10pct,detected_aia_degradation,0.1,15,0.10154704083468247,0.09879032258064513,98,0.006325167986146463,115
detected_degradation_10pct,detected_aia_degradation,0.1,16,0.09902860226659471,0.11189516129032262,111,0.014372574133147742,112
detected_degradation_10pct,detected_aia_degradation,0.1,17,0.10145709660010793,0.09072580645161288,90,0.006754361331819503,131
detected_degradation_10pct,detected_aia_degradation,0.1,18,0.1013671523655334,0.10080645161290325,100,0.002151548582082441,128
detected_degradation_10pct,detected_aia_degradation,0.1,19,0.09561072135276127,0.09375,93,0.0076653549568983514,127
detected_degradation_10pct,detected_aia_degradation,0.1,20,0.09983810037776575,0.09778225806451613,97,0.012006691758360777,135
detected_degradation_10pct,detected_aia_degradation,0.1,21,0.10190681777298072,0.1078629032258065,107,0.010677404993526762,109
detected_degradation_10pct,detected_aia_degradation,0.1,22,0.10406547940277033,0.08266129032258063,82,0.0064872703547966815,120
detected_degradation_10pct,detected_aia_degradation,0.1,23,0.1028062601187264,0.09879032258064513,98,0.007854604191495529,125
detected_degradation_10pct,detected_aia_degradation,0.1,24,0.10028782155063865,0.094758064516129,94,0.004954369481034782,120
detected_degradation_10pct,detected_aia_degradation,0.1,25,0.10226659471127897,0.1108870967741935,110,0.010855294599962928,121
detected_degradation_10pct,detected_aia_degradation,0.1,26,0.09093362115488401,0.092741935483871,92,0.004251292302842824,132
detected_degradation_10pct,detected_aia_degradation,0.1,27,0.09920849073574389,0.08870967741935487,88,0.0012950923089063426,113
detected_degradation_10pct,detected_aia_degradation,0.1,28,0.09570066558733581,0.0766129032258065,76,0.0019409646334089814,110
detected_degradation_10pct,detected_aia_degradation,0.1,29,0.09830904838999821,0.10181451612903225,101,0.003409820167908695,116
detected_degradation_10pct,detected_aia_degradation,0.1,30,0.10217665047670443,0.09677419354838712,96,0.005002719192618965,126
detected_degradation_10pct,detected_aia_degradation,0.1,31,0.098758769562871,0.08669354838709675,86,0.00843874317841764,108
detected_degradation_10pct,detected_aia_degradation,0.1,32,0.10037776578521318,0.09778225806451613,97,0.004687129732677153,129
detected_degradation_10pct,detected_aia_degradation,0.1,33,0.10145709660010793,0.09778225806451613,97,0.006656948702406407,122
detected_degradation_10pct,detected_aia_degradation,0.1,34,0.09965821190861668,0.08870967741935487,88,0.008311778860348173,141
detected_degradation_10pct,detected_aia_degradation,0.1,35,0.1020867062421299,0.10584677419354838,105,0.00677523631707988,135
detected_degradation_10pct,detected_aia_degradation,0.1,36,0.100197877316064,0.10584677419354838,105,0.0031744908621029744,118
detected_degradation_10pct,detected_aia_degradation,0.1,37,0.09597049829105953,0.09173387096774188,91,-0.0006121172311139844,104
detected_degradation_10pct,detected_aia_degradation,0.1,38,0.1009174311926605,0.09879032258064513,98,-0.0009192235383477243,118
detected_degradation_10pct,detected_aia_degradation,0.1,39,0.10109731966180968,0.094758064516129,94,0.012197841967768186,145
detected_degradation_10pct,detected_aia_degradation,0.1,40,0.1009174311926605,0.11290322580645162,112,0.010118747336832712,134
detected_degradation_10pct,detected_aia_degradation,0.1,41,0.0954308328836122,0.092741935483871,92,0.004253279249847974,118
detected_degradation_10pct,detected_aia_degradation,0.1,42,0.09624033099478324,0.08568548387096775,85,0.002782527826572734,133
detected_degradation_10pct,detected_aia_degradation,0.1,43,0.10118726389638422,0.09375,93,0.0014928006808831995,116
detected_degradation_10pct,detected_aia_degradation,0.1,44,0.1049649217485159,0.11794354838709675,117,0.013833108117056181,123
detected_degradation_10pct,detected_aia_degradation,0.1,45,0.10037776578521318,0.09375,93,-0.0008504189058136102,107
detected_degradation_10pct,detected_aia_degradation,0.1,46,0.09821910415542368,0.10080645161290325,100,0.007962789021692451,107
detected_degradation_10pct,detected_aia_degradation,0.1,47,0.09740960604425253,0.09677419354838712,96,0.014097745862594824,109
detected_degradation_10pct,detected_aia_degradation,0.1,48,0.10046771001978771,0.11189516129032262,111,0.014340220597773179,117
detected_degradation_10pct,detected_aia_degradation,0.1,49,0.09561072135276127,0.09576612903225812,95,0.010696297363087748,92
detected_degradation_10pct,detected_aia_degradation,0.1,50,0.10001798884691493,0.11290322580645162,112,-0.0009119312437178007,143
detected_degradation_10pct,detected_aia_degradation,0.1,51,0.09660010793308149,0.11794354838709675,117,0.0017692419451080799,110
detected_degradation_10pct,detected_aia_degradation,0.1,52,0.10046771001978771,0.08064516129032262,80,-0.008120323348033587,130
detected_degradation_10pct,detected_aia_degradation,0.1,53,0.10235653894585361,0.07459677419354838,74,0.0053386760648852505,108
detected_degradation_10pct,detected_aia_degradation,0.1,54,0.1009174311926605,0.09576612903225812,95,0.011799146891759982,126
detected_degradation_10pct,detected_aia_degradation,0.1,55,0.10253642741500268,0.09072580645161288,90,0.010932740722959133,122
detected_degradation_10pct,detected_aia_degradation,0.1,56,0.09848893685914728,0.09979838709677424,99,8.740653285155275e-05,122
detected_degradation_10pct,detected_aia_degradation,0.1,57,0.09938837920489296,0.08971774193548387,89,0.004427540947346209,114
detected_degradation_10pct,detected_aia_degradation,0.1,58,0.09920849073574389,0.08770161290322576,87,0.00926919943506821,102
detected_degradation_10pct,detected_aia_degradation,0.1,59,0.10073754272351143,0.09979838709677424,99,0.008227065907007391,113
detected_degradation_10pct,detected_aia_degradation,0.1,60,0.10028782155063865,0.11189516129032262,111,0.006774199891801169,115
detected_degradation_10pct,detected_aia_degradation,0.1,61,0.10037776578521318,0.09979838709677424,99,0.018079254878632156,132
detected_degradation_10pct,detected_aia_degradation,0.1,62,0.10226659471127897,0.10282258064516125,102,0.0029810058466517297,115
detected_degradation_10pct,detected_aia_degradation,0.1,63,0.0961503867602087,0.0796370967741935,79,0.01102697016559051,116
detected_degradation_10pct,detected_aia_degradation,0.1,64,0.09893865803202018,0.10483870967741937,104,-0.0028783392437241595,113
detected_degradation_10pct,detected_aia_degradation,0.1,65,0.0954308328836122,0.10483870967741937,104,0.00438448907531841,123
detected_degradation_10pct,detected_aia_degradation,0.1,66,0.09749955027882717,0.08870967741935487,88,0.009693971912944965,107
detected_degradation_10pct,detected_aia_degradation,0.1,67,0.10226659471127897,0.1078629032258065,107,0.01906801137782832,128
detected_degradation_10pct,detected_aia_degradation,0.1,68,0.09686994063680521,0.1088709677419355,108,0.010066257283893876,127
detected_degradation_10pct,detected_aia_degradation,0.1,69,0.10127720813095875,0.09072580645161288,90,0.006992354004021539,126
detected_degradation_10pct,detected_aia_degradation,0.1,70,0.10055765425436225,0.09072580645161288,90,0.008750634371515797,141
detected_degradation_10pct,detected_aia_degradation,0.1,71,0.10442525634106858,0.11189516129032262,111,0.007940590198769693,123
detected_degradation_10pct,detected_aia_degradation,0.1,72,0.0999280446123404,0.10282258064516125,102,0.013569194966849718,128
detected_degradation_10pct,detected_aia_degradation,0.1,73,0.10298614858787547,0.08770161290322576,87,0.01621324947553604,125
detected_degradation_10pct,detected_aia_degradation,0.1,74,0.09911854650116925,0.11189516129032262,111,0.01599081409332137,124
detected_degradation_10pct,detected_aia_degradation,0.1,75,0.10082748695808597,0.09576612903225812,95,0.013501163582012143,115
detected_degradation_10pct,detected_aia_degradation,0.1,76,0.1009174311926605,0.09879032258064513,98,0.013512135721054364,107
detected_degradation_10pct,detected_aia_degradation,0.1,77,0.09956826767404214,0.0786290322580645,78,0.004061820505245839,126
detected_degradation_10pct,detected_aia_degradation,0.1,78,0.10235653894585361,0.11693548387096775,116,0.00798916487645851,116
detected_degradation_10pct,detected_aia_degradation,0.1,79,0.10109731966180968,0.10584677419354838,105,0.01092464771576096,108
detected_degradation_10pct,detected_aia_degradation,0.1,80,0.10658391797085809,0.11290322580645162,112,0.0036153587420479916,119
detected_degradation_10pct,detected_aia_degradation,0.1,81,0.09704982910595428,0.09879032258064513,98,0.007913629187554783,115
detected_degradation_10pct,detected_aia_degradation,0.1,82,0.100197877316064,0.10181451612903225,101,0.013602052608518989,120
detected_degradation_10pct,detected_aia_degradation,0.1,83,0.10055765425436225,0.10282258064516125,102,0.01251038355451528,115
detected_degradation_10pct,detected_aia_degradation,0.1,84,0.09884871379744553,0.1078629032258065,107,0.011914958175649026,127
detected_degradation_10pct,detected_aia_degradation,0.1,85,0.10433531210649394,0.10483870967741937,104,-0.005311805288463978,138
detected_degradation_10pct,detected_aia_degradation,0.1,86,0.10388559093362115,0.1078629032258065,107,-0.0031280650963783074,130
detected_degradation_10pct,detected_aia_degradation,0.1,87,0.097319661809678,0.08669354838709675,86,-0.004886922771115909,129
detected_degradation_10pct,detected_aia_degradation,0.1,88,0.10046771001978771,0.10584677419354838,105,0.008949675278641545,106
detected_degradation_10pct,detected_aia_degradation,0.1,89,0.10181687353840618,0.1088709677419355,108,0.009016338719303185,126
detected_degradation_10pct,detected_aia_degradation,0.1,90,0.09390178089584456,0.08568548387096775,85,0.006781573165597132,114
detected_degradation_10pct,detected_aia_degradation,0.1,91,0.10100737542723515,0.10483870967741937,104,0.01841367028665397,117
detected_degradation_10pct,detected_aia_degradation,0.1,92,0.09938837920489296,0.10080645161290325,100,0.006786679178073962,113
detected_degradation_10pct,detected_aia_degradation,0.1,93,0.10055765425436225,0.08366935483870963,83,0.003115943577459257,139
detected_degradation_10pct,detected_aia_degradation,0.1,94,0.10271631588415187,0.10181451612903225,101,-0.0014552786950323693,115
detected_degradation_10pct,detected_aia_degradation,0.1,95,0.09704982910595428,0.08870967741935487,88,0.015396138581022623,105
detected_degradation_10pct,detected_aia_degradation,0.1,96,0.0999280446123404,0.11995967741935487,119,0.013054548553365963,118
detected_degradation_10pct,detected_aia_degradation,0.1,97,0.09974815614319121,0.09072580645161288,90,0.0026853606983945344,139
detected_degradation_10pct,detected_aia_degradation,0.1,98,0.10163698506925711,0.10282258064516125,102,0.0033920472504334054,117
detected_degradation_10pct,detected_aia_degradation,0.1,99,0.10172692930383165,0.092741935483871,92,-0.0016217718658939617,135
detected_degradation_20pct,detected_aia_degradation,0.2,0,0.20057564310127718,0.20564516129032262,204,-0.0007401701855167531,216
detected_degradation_20pct,detected_aia_degradation,0.2,1,0.20723151645979487,0.19556451612903225,194,0.009105714121711683,220
detected_degradation_20pct,detected_aia_degradation,0.2,2,0.1972477064220184,0.19959677419354838,198,0.013959926489338859,211
detected_degradation_20pct,detected_aia_degradation,0.2,3,0.1913113869400972,0.17540322580645162,174,0.0029707095557223173,223
detected_degradation_20pct,detected_aia_degradation,0.2,4,0.20264436049649215,0.21169354838709675,210,0.009487158478685087,206
detected_degradation_20pct,detected_aia_degradation,0.2,5,0.19472926785393052,0.20564516129032262,204,0.001359716817072032,226
detected_degradation_20pct,detected_aia_degradation,0.2,6,0.20390357978053608,0.22076612903225812,219,0.02188127722877864,208
detected_degradation_20pct,detected_aia_degradation,0.2,7,0.2075013491635186,0.2036290322580645,202,0.002921052379524225,236
detected_degradation_20pct,detected_aia_degradation,0.2,8,0.20453318942255805,0.21270161290322576,211,0.0037373220855383416,208
detected_degradation_20pct,detected_aia_degradation,0.2,9,0.20426335671883433,0.20766129032258063,206,0.010439305543229693,207
detected_degradation_20pct,detected_aia_degradation,0.2,10,0.20354380284223783,0.2036290322580645,202,0.004650190674003962,215
detected_degradation_20pct,detected_aia_degradation,0.2,11,0.20930023385500984,0.20866935483870963,207,0.002311078804152933,238
detected_degradation_20pct,detected_aia_degradation,0.2,12,0.2030041374347904,0.19455645161290325,193,0.010784051400441363,218
detected_degradation_20pct,detected_aia_degradation,0.2,13,0.19805720453318942,0.19959677419354838,198,0.012893276397739184,217
detected_degradation_20pct,detected_aia_degradation,0.2,14,0.19787731606404024,0.2036290322580645,202,0.018601837403545485,233
detected_degradation_20pct,detected_aia_degradation,0.2,15,0.20147508544702286,0.21673387096774188,215,0.018447144129895676,218
detected_degradation_20pct,detected_aia_degradation,0.2,16,0.20075553157042636,0.19254032258064513,191,0.011235262310158145,202
detected_degradation_20pct,detected_aia_degradation,0.2,17,0.19688792948372014,0.17842741935483875,177,0.0022985760561653468,227
detected_degradation_20pct,detected_aia_degradation,0.2,18,0.20237452779276843,0.18447580645161288,183,0.019483424597875887,222
detected_degradation_20pct,detected_aia_degradation,0.2,19,0.19886670264436046,0.2026209677419355,201,0.012495347985912009,208
detected_degradation_20pct,detected_aia_degradation,0.2,20,0.19715776218744374,0.20564516129032262,204,-0.005545840956944437,224
detected_degradation_20pct,detected_aia_degradation,0.2,21,0.2060622414103256,0.2046370967741935,203,0.0006757316424694793,225
detected_degradation_20pct,detected_aia_degradation,0.2,22,0.19454937938478145,0.2026209677419355,201,0.014034156442766177,232
detected_degradation_20pct,detected_aia_degradation,0.2,23,0.19949631228638243,0.19556451612903225,194,0.014365274633657776,221
detected_degradation_20pct,detected_aia_degradation,0.2,24,0.20804101457096602,0.19153225806451613,190,0.0008352166278107198,245
detected_degradation_20pct,detected_aia_degradation,0.2,25,0.19985608922468068,0.20564516129032262,204,0.004724649598255359,220
detected_degradation_20pct,detected_aia_degradation,0.2,26,0.1994063680518079,0.19758064516129037,196,0.00264446353404324,222
detected_degradation_20pct,detected_aia_degradation,0.2,27,0.19976614499010614,0.19354838709677424,192,0.0010402308291459494,234
detected_degradation_20pct,detected_aia_degradation,0.2,28,0.2008454758050009,0.19657258064516125,195,0.007250615168033381,253
detected_degradation_20pct,detected_aia_degradation,0.2,29,0.20426335671883433,0.22177419354838712,220,0.003272688571057447,221
detected_degradation_20pct,detected_aia_degradation,0.2,30,0.19760748336031664,0.18548387096774188,184,0.0075376029783711385,232
detected_degradation_20pct,detected_aia_degradation,0.2,31,0.19985608922468068,0.19758064516129037,196,0.018053450527583115,218
detected_degradation_20pct,detected_aia_degradation,0.2,32,0.20129519697787368,0.2026209677419355,201,0.00727315146337304,223
detected_degradation_20pct,detected_aia_degradation,0.2,33,0.19841698147148767,0.1875,186,-0.0022521157501369515,220
detected_degradation_20pct,detected_aia_degradation,0.2,34,0.20048569886670264,0.17540322580645162,174,0.01691106230340922,230
detected_degradation_20pct,detected_aia_degradation,0.2,35,0.19293038316243927,0.20766129032258063,206,-0.0030642332969903485,217
detected_degradation_20pct,detected_aia_degradation,0.2,36,0.19364993703903577,0.19254032258064513,191,0.0046573177962896395,223
detected_degradation_20pct,detected_aia_degradation,0.2,37,0.2003957546321281,0.18346774193548387,182,0.004420512360234996,232
detected_degradation_20pct,detected_aia_degradation,0.2,38,0.196078431372549,0.19153225806451613,190,0.0019189233441205822,245
detected_degradation_20pct,detected_aia_degradation,0.2,39,0.19553876596510167,0.19153225806451613,190,0.005307690265225373,232
detected_degradation_20pct,detected_aia_degradation,0.2,40,0.2034538586076633,0.18951612903225812,188,0.00764382905617822,240
detected_degradation_20pct,detected_aia_degradation,0.2,41,0.1941896024464832,0.1713709677419355,170,0.0009119575096478982,233
detected_degradation_20pct,detected_aia_degradation,0.2,42,0.2011153085087246,0.2036290322580645,202,0.005433442154050061,238
detected_degradation_20pct,detected_aia_degradation,0.2,43,0.19589854290339992,0.19354838709677424,192,0.004688239371209768,203
detected_degradation_20pct,detected_aia_degradation,0.2,44,0.1934700485698867,0.186491935483871,185,0.010053548252174416,217
detected_degradation_20pct,detected_aia_degradation,0.2,45,0.2003957546321281,0.2016129032258065,200,0.014055629306118922,236
detected_degradation_20pct,detected_aia_degradation,0.2,46,0.1996762007555316,0.21875,217,0.01347439574016085,214
detected_degradation_20pct,detected_aia_degradation,0.2,47,0.20093542003957543,0.20665322580645162,205,0.0007410493753572389,203
detected_degradation_20pct,detected_aia_degradation,0.2,48,0.20048569886670264,0.21370967741935487,212,0.01365495840175246,220
detected_degradation_20pct,detected_aia_degradation,0.2,49,0.20363374707681237,0.23689516129032262,235,0.009584462944977057,224
detected_degradation_20pct,detected_aia_degradation,0.2,50,0.19814714876776396,0.19758064516129037,196,0.013579875778232386,234
detected_degradation_20pct,detected_aia_degradation,0.2,51,0.20462313365713258,0.20766129032258063,206,0.010697777296080124,237
detected_degradation_20pct,detected_aia_degradation,0.2,52,0.19382982550818495,0.16935483870967738,168,0.011855557274322415,218
detected_degradation_20pct,detected_aia_degradation,0.2,53,0.19976614499010614,0.188508064516129,187,0.0006400907987433868,210
detected_degradation_20pct,detected_aia_degradation,0.2,54,0.1985069257060622,0.1875,186,-0.007494345171147998,211
detected_degradation_20pct,detected_aia_degradation,0.2,55,0.1915812196438208,0.18447580645161288,183,0.006044168071128064,214
detected_degradation_20pct,detected_aia_degradation,0.2,56,0.2037236913113869,0.22379032258064513,222,0.0077298618247017,208
detected_degradation_20pct,detected_aia_degradation,0.2,57,0.20309408166936505,0.18548387096774188,184,0.011694562522170049,235
detected_degradation_20pct,detected_aia_degradation,0.2,58,0.20192480661989565,0.19758064516129037,196,0.011686068549763062,202
detected_degradation_20pct,detected_aia_degradation,0.2,59,0.2022845835581939,0.2026209677419355,201,0.007806489130683714,217
detected_degradation_20pct,detected_aia_degradation,0.2,60,0.2003957546321281,0.2046370967741935,203,0.004394084254867536,220
detected_degradation_20pct,detected_aia_degradation,0.2,61,0.19616837560712364,0.18245967741935487,181,0.008237960641136244,206
detected_degradation_20pct,detected_aia_degradation,0.2,62,0.20075553157042636,0.2026209677419355,201,0.013601487797110012,207
detected_degradation_20pct,detected_aia_degradation,0.2,63,0.20282424896564133,0.22681451612903225,225,0.016229785438371502,214
detected_degradation_20pct,detected_aia_degradation,0.2,64,0.20363374707681237,0.21572580645161288,214,0.008839271182731201,226
detected_degradation_20pct,detected_aia_degradation,0.2,65,0.19625831984169817,0.20665322580645162,205,0.011064514085469712,231
detected_degradation_20pct,detected_aia_degradation,0.2,66,0.1970678179528692,0.19657258064516125,195,-0.006689161602945859,236
detected_degradation_20pct,detected_aia_degradation,0.2,67,0.19832703723691314,0.23185483870967738,230,0.009312468424024667,231
detected_degradation_20pct,detected_aia_degradation,0.2,68,0.20237452779276843,0.21673387096774188,215,0.00991511291101732,218
detected_degradation_20pct,detected_aia_degradation,0.2,69,0.2044432451879834,0.23084677419354838,229,0.026270964917201267,236
detected_degradation_20pct,detected_aia_degradation,0.2,70,0.1967979852491455,0.19959677419354838,198,0.01498196473355029,217
detected_degradation_20pct,detected_aia_degradation,0.2,71,0.1982370930023386,0.22076612903225812,219,0.0022726433006459157,239
detected_degradation_20pct,detected_aia_degradation,0.2,72,0.19472926785393052,0.19254032258064513,191,0.01806591066451113,218
detected_degradation_20pct,detected_aia_degradation,0.2,73,0.19877675840978593,0.18447580645161288,183,0.008451624229809607,223
detected_degradation_20pct,detected_aia_degradation,0.2,74,0.2001259219284044,0.16129032258064513,160,0.00463640861255743,244
detected_degradation_20pct,detected_aia_degradation,0.2,75,0.20318402590393958,0.2026209677419355,201,0.021204577966339455,229
detected_degradation_20pct,detected_aia_degradation,0.2,76,0.2030041374347904,0.23084677419354838,229,0.022511912788200306,218
detected_degradation_20pct,detected_aia_degradation,0.2,77,0.19886670264436046,0.20564516129032262,204,0.01408057808513452,210
detected_degradation_20pct,detected_aia_degradation,0.2,78,0.19697787371829467,0.17943548387096775,178,0.013977372032255131,207
detected_degradation_20pct,detected_aia_degradation,0.2,79,0.19095161000179883,0.19758064516129037,196,0.022759453594279888,213
detected_degradation_20pct,detected_aia_degradation,0.2,80,0.19409965821190867,0.19758064516129037,196,0.010790060595941453,204
detected_degradation_20pct,detected_aia_degradation,0.2,81,0.20426335671883433,0.20564516129032262,204,0.011375062477538833,241
detected_degradation_20pct,detected_aia_degradation,0.2,82,0.19814714876776396,0.20967741935483875,208,0.008757715468677985,210
detected_degradation_20pct,detected_aia_degradation,0.2,83,0.19715776218744374,0.21673387096774188,215,0.006771757457593175,220
detected_degradation_20pct,detected_aia_degradation,0.2,84,0.19589854290339992,0.188508064516129,187,0.01253736217409318,204
detected_degradation_20pct,detected_aia_degradation,0.2,85,0.2003957546321281,0.2046370967741935,203,0.005015718906194344,211
detected_degradation_20pct,detected_aia_degradation,0.2,86,0.20237452779276843,0.22782258064516125,226,0.009740685914268354,209
detected_degradation_20pct,detected_aia_degradation,0.2,87,0.20066558733585182,0.19657258064516125,195,0.000150105596460115,208
detected_degradation_20pct,detected_aia_degradation,0.2,88,0.2022845835581939,0.2026209677419355,201,0.021117855975161692,214
detected_degradation_20pct,detected_aia_degradation,0.2,89,0.1977873718294657,0.17741935483870963,176,-0.0039033194505995183,214
detected_degradation_20pct,detected_aia_degradation,0.2,90,0.20048569886670264,0.19052419354838712,189,-0.0009085467896168264,224
detected_degradation_20pct,detected_aia_degradation,0.2,91,0.19481921208850517,0.21673387096774188,215,0.016900550044848694,215
detected_degradation_20pct,detected_aia_degradation,0.2,92,0.19643820831084724,0.19455645161290325,193,0.01667258677080241,208
detected_degradation_20pct,detected_aia_degradation,0.2,93,0.196078431372549,0.16935483870967738,168,0.0021998893247721085,216
detected_degradation_20pct,detected_aia_degradation,0.2,94,0.1927504946932902,0.17943548387096775,178,0.007431398765165964,216
detected_degradation_20pct,detected_aia_degradation,0.2,95,0.21208850512682142,0.19354838709677424,192,0.016147080022387517,217
detected_degradation_20pct,detected_aia_degradation,0.2,96,0.19400971397733402,0.21068548387096775,209,0.02029294719347563,210
detected_degradation_20pct,detected_aia_degradation,0.2,97,0.20003597769382986,0.20060483870967738,199,0.012995818565800121,186
detected_degradation_20pct,detected_aia_degradation,0.2,98,0.1972477064220184,0.19254032258064513,191,0.007213308846627742,226
detected_degradation_20pct,detected_aia_degradation,0.2,99,0.197517539125742,0.19052419354838712,189,0.019951287065155032,221
detected_degradation_40pct,detected_aia_degradation,0.4,0,0.38640043173232597,0.38407258064516125,381,0.023150737846319824,424
detected_degradation_40pct,detected_aia_degradation,0.4,1,0.3969239071775499,0.4022177419354839,399,0.05212452198179718,411
detected_degradation_40pct,detected_aia_degradation,0.4,2,0.3993524015110631,0.41129032258064513,408,0.020306496456991452,400
detected_degradation_40pct,detected_aia_degradation,0.4,3,0.3962942975355279,0.43044354838709675,427,0.014662208597606696,401
detected_degradation_40pct,detected_aia_degradation,0.4,4,0.4014211189062781,0.39616935483870963,393,0.0059721257987033205,432
detected_degradation_40pct,detected_aia_degradation,0.4,5,0.3993524015110631,0.4032258064516129,400,0.023646886297777447,430
detected_degradation_40pct,detected_aia_degradation,0.4,6,0.3943155243748876,0.41229838709677424,409,0.005194857789806884,414
detected_degradation_40pct,detected_aia_degradation,0.4,7,0.3981831264615938,0.3588709677419355,356,0.006906096190322897,418
detected_degradation_40pct,detected_aia_degradation,0.4,8,0.40492894405468605,0.38407258064516125,381,-0.015899175613216965,434
detected_degradation_40pct,detected_aia_degradation,0.4,9,0.4043892786472387,0.4183467741935484,415,0.028830212676162814,424
detected_degradation_40pct,detected_aia_degradation,0.4,10,0.3900881453498831,0.3891129032258065,386,0.029844037756953323,403
detected_degradation_40pct,detected_aia_degradation,0.4,11,0.3976434610541464,0.38004032258064513,377,0.015568308612089021,435
detected_degradation_40pct,detected_aia_degradation,0.4,12,0.39683396294297535,0.373991935483871,371,0.02675592226427037,421
detected_degradation_40pct,detected_aia_degradation,0.4,13,0.4010613419679798,0.40020161290322576,397,0.01093510723942237,411
detected_degradation_40pct,detected_aia_degradation,0.4,14,0.4033998920669185,0.40020161290322576,397,0.02342419051716238,403
detected_degradation_40pct,detected_aia_degradation,0.4,15,0.4032200035977693,0.4243951612903226,421,0.01655903955685112,434
detected_degradation_40pct,detected_aia_degradation,0.4,16,0.40160100737542725,0.376008064516129,373,0.02070720165984352,428
detected_degradation_40pct,detected_aia_degradation,0.4,17,0.39656413023925163,0.41431451612903225,411,0.02221607980389928,412
detected_degradation_40pct,detected_aia_degradation,0.4,18,0.39377585896744016,0.39919354838709675,396,0.030683394079008552,406
detected_degradation_40pct,detected_aia_degradation,0.4,19,0.3943155243748876,0.3941532258064516,391,0.013761007809887982,407
detected_degradation_40pct,detected_aia_degradation,0.4,20,0.40942615578341424,0.43145161290322576,428,0.009428856591201962,449
detected_degradation_40pct,detected_aia_degradation,0.4,21,0.39944234574563775,0.3941532258064516,391,0.009673235386723489,428
detected_degradation_40pct,detected_aia_degradation,0.4,22,0.4017808958445763,0.39717741935483875,394,-0.004364686245163618,422
detected_degradation_40pct,detected_aia_degradation,0.4,23,0.39116747616477787,0.39818548387096775,395,0.022215405500281227,404
detected_degradation_40pct,detected_aia_degradation,0.4,24,0.4080769922647959,0.40020161290322576,397,0.019966727068236878,409
detected_degradation_40pct,detected_aia_degradation,0.4,25,0.40205072854830004,0.4193548387096774,416,0.010047337225012276,441
detected_degradation_40pct,detected_aia_degradation,0.4,26,0.4019607843137255,0.39616935483870963,393,0.012897984127434592,446
detected_degradation_40pct,detected_aia_degradation,0.4,27,0.39989206691851054,0.4022177419354839,399,0.02171380172059645,438
detected_degradation_40pct,detected_aia_degradation,0.4,28,0.39827307069616835,0.38407258064516125,381,0.008406021094685023,424
detected_degradation_40pct,detected_aia_degradation,0.4,29,0.4022306170174492,0.3931451612903226,390,0.028698742438815206,413
detected_degradation_40pct,detected_aia_degradation,0.4,30,0.40259039395574747,0.3911290322580645,388,0.008829244173607087,416
detected_degradation_40pct,detected_aia_degradation,0.4,31,0.39422558014031306,0.3891129032258065,386,-0.011566364129047102,443
detected_degradation_40pct,detected_aia_degradation,0.4,32,0.39845295916531753,0.38306451612903225,380,0.02319389686622486,429
detected_degradation_40pct,detected_aia_degradation,0.4,33,0.40187084007915097,0.36693548387096775,364,0.019852088177108262,436
detected_degradation_40pct,detected_aia_degradation,0.4,34,0.39926245727648857,0.40020161290322576,397,0.02110087301164909,405
detected_degradation_40pct,detected_aia_degradation,0.4,35,0.40043173232595786,0.38508064516129037,382,-0.002618682330929545,426
detected_degradation_40pct,detected_aia_degradation,0.4,36,0.3986328476344666,0.4032258064516129,400,0.014358914248813193,431
detected_degradation_40pct,detected_aia_degradation,0.4,37,0.39494513401690956,0.3911290322580645,388,0.030120464881043363,426
detected_degradation_40pct,detected_aia_degradation,0.4,38,0.3933261377945674,0.4092741935483871,406,0.041597955968733835,406
detected_degradation_40pct,detected_aia_degradation,0.4,39,0.409066378845116,0.405241935483871,402,-0.006475072593453257,411
detected_degradation_40pct,detected_aia_degradation,0.4,40,0.40232056125202376,0.3790322580645161,376,0.019197640547640837,416
detected_degradation_40pct,detected_aia_degradation,0.4,41,0.4000719553876596,0.3951612903225806,392,0.023015462743260162,445
detected_degradation_40pct,detected_aia_degradation,0.4,42,0.402680338190322,0.4042338709677419,401,0.008735603478316367,425
detected_degradation_40pct,detected_aia_degradation,0.4,43,0.39845295916531753,0.41229838709677424,409,0.018535171846500553,413
detected_degradation_40pct,detected_aia_degradation,0.4,44,0.3943155243748876,0.4032258064516129,400,0.02459548055442995,420
detected_degradation_40pct,detected_aia_degradation,0.4,45,0.39845295916531753,0.4042338709677419,401,0.02304958431499471,446
detected_degradation_40pct,detected_aia_degradation,0.4,46,0.3979132937578701,0.39919354838709675,396,0.018807945233886736,423
detected_degradation_40pct,detected_aia_degradation,0.4,47,0.3989026803381903,0.4092741935483871,406,0.004679130160028855,444
detected_degradation_40pct,detected_aia_degradation,0.4,48,0.3971937398812736,0.3951612903225806,392,0.01331817864480711,421
detected_degradation_40pct,detected_aia_degradation,0.4,49,0.39701385141212453,0.39616935483870963,393,0.0024837429631219266,429
detected_degradation_40pct,detected_aia_degradation,0.4,50,0.3921568627450981,0.375,372,-0.004827453251623259,437
detected_degradation_40pct,detected_aia_degradation,0.4,51,0.3941356359057384,0.3870967741935484,384,0.02369568155978863,420
detected_degradation_40pct,detected_aia_degradation,0.4,52,0.4069077172153265,0.4042338709677419,401,0.010688359505917289,418
detected_degradation_40pct,detected_aia_degradation,0.4,53,0.40663788451160277,0.38104838709677424,378,0.012661681419516624,411
detected_degradation_40pct,detected_aia_degradation,0.4,54,0.40969598848713795,0.4092741935483871,406,0.012245154603305108,436
detected_degradation_40pct,detected_aia_degradation,0.4,55,0.4077172153264975,0.40625,403,0.02064888658600128,410
detected_degradation_40pct,detected_aia_degradation,0.4,56,0.39611440906637885,0.4243951612903226,421,0.006416354067549257,394
detected_degradation_40pct,detected_aia_degradation,0.4,57,0.3971937398812736,0.4042338709677419,401,0.045693782480489054,415
detected_degradation_40pct,detected_aia_degradation,0.4,58,0.40681777298075195,0.38407258064516125,381,0.013201632001530683,435
detected_degradation_40pct,detected_aia_degradation,0.4,59,0.40133117467170354,0.39818548387096775,395,0.028838307450387513,417
detected_degradation_40pct,detected_aia_degradation,0.4,60,0.4080769922647959,0.41431451612903225,411,0.022950666001620768,432
detected_degradation_40pct,detected_aia_degradation,0.4,61,0.39728368411584813,0.407258064516129,404,-0.011552959697902043,427
detected_degradation_40pct,detected_aia_degradation,0.4,62,0.40852671343766866,0.3911290322580645,388,0.010089467382009332,425
detected_degradation_40pct,detected_aia_degradation,0.4,63,0.3934160820291419,0.4032258064516129,400,0.004403039162616196,404
detected_degradation_40pct,detected_aia_degradation,0.4,64,0.4028602266594711,0.376008064516129,373,0.013472427183451874,407
detected_degradation_40pct,detected_aia_degradation,0.4,65,0.38918870300413744,0.3931451612903226,390,0.014210629839251254,416
detected_degradation_40pct,detected_aia_degradation,0.4,66,0.406997661449901,0.41532258064516125,412,0.005888085205188132,420
detected_degradation_40pct,detected_aia_degradation,0.4,67,0.4015110631408527,0.3860887096774194,383,0.02736674678359763,438
detected_degradation_40pct,detected_aia_degradation,0.4,68,0.3964741860046771,0.4193548387096774,416,0.01409493886755242,418
detected_degradation_40pct,detected_aia_degradation,0.4,69,0.402680338190322,0.376008064516129,373,0.017585113515959927,449
detected_degradation_40pct,detected_aia_degradation,0.4,70,0.40187084007915097,0.38407258064516125,381,0.012808214857520595,433
detected_degradation_40pct,detected_aia_degradation,0.4,71,0.39440546860946213,0.3941532258064516,391,0.024797840325120113,418
detected_degradation_40pct,detected_aia_degradation,0.4,72,0.403309947832344,0.39616935483870963,393,0.027427909793835248,400
detected_degradation_40pct,detected_aia_degradation,0.4,73,0.4010613419679798,0.4102822580645161,407,-0.0032007817038721686,419
detected_degradation_40pct,detected_aia_degradation,0.4,74,0.40016189962223425,0.40120967741935487,398,0.02121329782924697,449
detected_degradation_40pct,detected_aia_degradation,0.4,75,0.4062781075733045,0.3790322580645161,376,0.026566499274633948,444
detected_degradation_40pct,detected_aia_degradation,0.4,76,0.39917251304191403,0.40020161290322576,397,-0.0017166976341962403,430
detected_degradation_40pct,detected_aia_degradation,0.4,77,0.4014211189062781,0.39818548387096775,395,-0.0019589600486087377,438
detected_degradation_40pct,detected_aia_degradation,0.4,78,0.39350602626371645,0.3941532258064516,391,0.022952553931679276,426
detected_degradation_40pct,detected_aia_degradation,0.4,79,0.3960244648318043,0.3860887096774194,383,0.005783933732539603,415
detected_degradation_40pct,detected_aia_degradation,0.4,80,0.39944234574563775,0.38004032258064513,377,0.03244985253244037,427
detected_degradation_40pct,detected_aia_degradation,0.4,81,0.39044792228818137,0.43145161290322576,428,-0.015290116282093091,384
detected_degradation_40pct,detected_aia_degradation,0.4,82,0.3962043533009534,0.3931451612903226,390,0.01620059964644427,423
detected_degradation_40pct,detected_aia_degradation,0.4,83,0.40852671343766866,0.39717741935483875,394,0.015201646537442493,425
detected_degradation_40pct,detected_aia_degradation,0.4,84,0.40205072854830004,0.3870967741935484,384,0.01896010383293678,424
detected_degradation_40pct,detected_aia_degradation,0.4,85,0.39440546860946213,0.38205645161290325,379,0.011489564369901561,424
detected_degradation_40pct,detected_aia_degradation,0.4,86,0.39917251304191403,0.39616935483870963,393,0.025398616519651585,431
detected_degradation_40pct,detected_aia_degradation,0.4,87,0.3862205432631768,0.38508064516129037,382,0.030051482143025776,443
detected_degradation_40pct,detected_aia_degradation,0.4,88,0.4105054865983091,0.41431451612903225,411,0.044410855360054846,438
detected_degradation_40pct,detected_aia_degradation,0.4,89,0.39989206691851054,0.36995967741935487,367,0.0011243348199454495,438
detected_degradation_40pct,detected_aia_degradation,0.4,90,0.39566468789350606,0.4183467741935484,415,0.018423182225174584,416
detected_degradation_40pct,detected_aia_degradation,0.4,91,0.39773340528872103,0.4022177419354839,399,0.007581048708614535,423
detected_degradation_40pct,detected_aia_degradation,0.4,92,0.3915272531030761,0.36895161290322576,366,0.013684271204137843,417
detected_degradation_40pct,detected_aia_degradation,0.4,93,0.407627271091923,0.4022177419354839,399,0.02049290315601482,455
detected_degradation_40pct,detected_aia_degradation,0.4,94,0.39944234574563775,0.38508064516129037,382,0.01927110517493036,435
detected_degradation_40pct,detected_aia_degradation,0.4,95,0.40519877675840976,0.40120967741935487,398,0.006248092311556874,463
detected_degradation_40pct,detected_aia_degradation,0.4,96,0.3969239071775499,0.3901209677419355,387,0.045091486960380234,403
detected_degradation_40pct,detected_aia_degradation,0.4,97,0.4025004497211728,0.3921370967741935,389,-0.0004616649639108683,441
detected_degradation_40pct,detected_aia_degradation,0.4,98,0.4048389998201115,0.4183467741935484,415,0.026535969447522456,438
detected_degradation_40pct,detected_aia_degradation,0.4,99,0.4003417880913833,0.3921370967741935,389,0.01364632073381733,417
