forecast_case_id,source_sample_id,issue_utc,HARPNUM,NOAA_AR_clean,input_cohort,upstream_matched_three_slot_inputs,upstream_label_48h,candidate_primary_label,HER_annual_recorded_presence_48h_utc,primary_event_ids
gb72-native-v1:20211026_0812_HARP7798_NOAA12887,20211026_0812_HARP7798_NOAA12887,2021-10-26 08:11:23+00:00,7798,12887,primary_cycle25,True,0,1.0,1,noaa-science-v1-0-1:202110280730
gb72-native-v1:20211026_0948_HARP7798_NOAA12887,20211026_0948_HARP7798_NOAA12887,2021-10-26 09:47:23+00:00,7798,12887,primary_cycle25,True,0,1.0,1,noaa-science-v1-0-1:202110280730
gb72-native-v1:20211026_1124_HARP7798_NOAA12887,20211026_1124_HARP7798_NOAA12887,2021-10-26 11:23:23+00:00,7798,12887,primary_cycle25,True,0,1.0,1,noaa-science-v1-0-1:202110280730;noaa-science-v1-0-1:202110281019
gb72-native-v1:20211026_1300_HARP7798_NOAA12887,20211026_1300_HARP7798_NOAA12887,2021-10-26 12:59:23+00:00,7798,12887,primary_cycle25,True,0,1.0,1,noaa-science-v1-0-1:202110280730;noaa-science-v1-0-1:202110281019
gb72-native-v1:20211026_1436_HARP7798_NOAA12887,20211026_1436_HARP7798_NOAA12887,2021-10-26 14:35:23+00:00,7798,12887,primary_cycle25,True,0,1.0,1,noaa-science-v1-0-1:202110280730;noaa-science-v1-0-1:202110281019
gb72-native-v1:20211226_0500_HARP7891_NOAA12918,20211226_0500_HARP7891_NOAA12918,2021-12-26 04:59:23+00:00,7891,12918,primary_cycle25,True,0,1.0,1,noaa-science-v1-0-1:202112280350
gb72-native-v1:20211226_0636_HARP7891_NOAA12918,20211226_0636_HARP7891_NOAA12918,2021-12-26 06:35:23+00:00,7891,12918,primary_cycle25,True,0,1.0,1,noaa-science-v1-0-1:202112280350
gb72-native-v1:20211226_0812_HARP7891_NOAA12918,20211226_0812_HARP7891_NOAA12918,2021-12-26 08:11:23+00:00,7891,12918,primary_cycle25,True,0,1.0,1,noaa-science-v1-0-1:202112280350
gb72-native-v1:20211226_0948_HARP7891_NOAA12918,20211226_0948_HARP7891_NOAA12918,2021-12-26 09:47:23+00:00,7891,12918,primary_cycle25,True,0,1.0,1,noaa-science-v1-0-1:202112280350
gb72-native-v1:20211226_1124_HARP7891_NOAA12918,20211226_1124_HARP7891_NOAA12918,2021-12-26 11:23:23+00:00,7891,12918,primary_cycle25,True,0,1.0,1,noaa-science-v1-0-1:202112280350
gb72-native-v1:20211226_1300_HARP7891_NOAA12918,20211226_1300_HARP7891_NOAA12918,2021-12-26 12:59:23+00:00,7891,12918,primary_cycle25,True,0,1.0,1,noaa-science-v1-0-1:202112280350
gb72-native-v1:20211226_1436_HARP7891_NOAA12918,20211226_1436_HARP7891_NOAA12918,2021-12-26 14:35:23+00:00,7891,12918,primary_cycle25,True,0,1.0,1,noaa-science-v1-0-1:202112280350
gb72-native-v1:20211226_1612_HARP7891_NOAA12918,20211226_1612_HARP7891_NOAA12918,2021-12-26 16:11:23+00:00,7891,12918,primary_cycle25,True,0,1.0,1,noaa-science-v1-0-1:202112280350;noaa-science-v1-0-1:202112281559
gb72-native-v1:20211226_1748_HARP7891_NOAA12918,20211226_1748_HARP7891_NOAA12918,2021-12-26 17:47:23+00:00,7891,12918,primary_cycle25,True,0,1.0,1,noaa-science-v1-0-1:202112280350;noaa-science-v1-0-1:202112281559
gb72-native-v1:20211226_1924_HARP7891_NOAA12918,20211226_1924_HARP7891_NOAA12918,2021-12-26 19:23:23+00:00,7891,12918,not_in_matched_inputs,False,0,1.0,1,noaa-science-v1-0-1:202112280350;noaa-science-v1-0-1:202112281559
gb72-native-v1:20211226_2100_HARP7891_NOAA12918,20211226_2100_HARP7891_NOAA12918,2021-12-26 20:59:23+00:00,7891,12918,not_in_matched_inputs,False,0,1.0,1,noaa-science-v1-0-1:202112280350;noaa-science-v1-0-1:202112281559
gb72-native-v1:20211226_2236_HARP7891_NOAA12918,20211226_2236_HARP7891_NOAA12918,2021-12-26 22:35:23+00:00,7891,12918,not_in_matched_inputs,False,0,1.0,1,noaa-science-v1-0-1:202112280350;noaa-science-v1-0-1:202112281559
gb72-native-v1:20211227_0012_HARP7891_NOAA12918,20211227_0012_HARP7891_NOAA12918,2021-12-27 00:11:23+00:00,7891,12918,primary_cycle25,True,0,1.0,1,noaa-science-v1-0-1:202112280350;noaa-science-v1-0-1:202112281559
gb72-native-v1:20211227_0148_HARP7891_NOAA12918,20211227_0148_HARP7891_NOAA12918,2021-12-27 01:47:23+00:00,7891,12918,primary_cycle25,True,0,1.0,1,noaa-science-v1-0-1:202112280350;noaa-science-v1-0-1:202112281559
gb72-native-v1:20211227_0324_HARP7891_NOAA12918,20211227_0324_HARP7891_NOAA12918,2021-12-27 03:23:23+00:00,7891,12918,primary_cycle25,True,0,1.0,1,noaa-science-v1-0-1:202112280350;noaa-science-v1-0-1:202112281559
gb72-native-v1:20211227_0500_HARP7891_NOAA12918,20211227_0500_HARP7891_NOAA12918,2021-12-27 04:59:23+00:00,7891,12918,primary_cycle25,True,0,1.0,1,noaa-science-v1-0-1:202112280350;noaa-science-v1-0-1:202112281559
gb72-native-v1:20211227_0636_HARP7891_NOAA12918,20211227_0636_HARP7891_NOAA12918,2021-12-27 06:35:23+00:00,7891,12918,primary_cycle25,True,0,1.0,1,noaa-science-v1-0-1:202112280350;noaa-science-v1-0-1:202112281559
gb72-native-v1:20211227_0812_HARP7891_NOAA12918,20211227_0812_HARP7891_NOAA12918,2021-12-27 08:11:23+00:00,7891,12918,primary_cycle25,True,0,1.0,1,noaa-science-v1-0-1:202112280350;noaa-science-v1-0-1:202112281559
gb72-native-v1:20211227_0948_HARP7891_NOAA12918,20211227_0948_HARP7891_NOAA12918,2021-12-27 09:47:23+00:00,7891,12918,primary_cycle25,True,0,1.0,1,noaa-science-v1-0-1:202112280350;noaa-science-v1-0-1:202112281559
gb72-native-v1:20211227_1124_HARP7891_NOAA12918,20211227_1124_HARP7891_NOAA12918,2021-12-27 11:23:23+00:00,7891,12918,primary_cycle25,True,0,1.0,1,noaa-science-v1-0-1:202112280350;noaa-science-v1-0-1:202112281559
gb72-native-v1:20211227_1300_HARP7891_NOAA12918,20211227_1300_HARP7891_NOAA12918,2021-12-27 12:59:23+00:00,7891,12918,primary_cycle25,True,0,1.0,1,noaa-science-v1-0-1:202112280350;noaa-science-v1-0-1:202112281559
gb72-native-v1:20211227_1436_HARP7891_NOAA12918,20211227_1436_HARP7891_NOAA12918,2021-12-27 14:35:23+00:00,7891,12918,primary_cycle25,True,0,1.0,1,noaa-science-v1-0-1:202112280350;noaa-science-v1-0-1:202112281559
gb72-native-v1:20211227_1612_HARP7891_NOAA12918,20211227_1612_HARP7891_NOAA12918,2021-12-27 16:11:23+00:00,7891,12918,primary_cycle25,True,0,1.0,1,noaa-science-v1-0-1:202112280350;noaa-science-v1-0-1:202112281559
gb72-native-v1:20211227_1748_HARP7891_NOAA12918,20211227_1748_HARP7891_NOAA12918,2021-12-27 17:47:23+00:00,7891,12918,primary_cycle25,True,0,1.0,1,noaa-science-v1-0-1:202112280350;noaa-science-v1-0-1:202112281559
gb72-native-v1:20211227_1924_HARP7891_NOAA12918,20211227_1924_HARP7891_NOAA12918,2021-12-27 19:23:23+00:00,7891,12918,primary_cycle25,True,0,1.0,1,noaa-science-v1-0-1:202112280350;noaa-science-v1-0-1:202112281559
gb72-native-v1:20211227_2100_HARP7891_NOAA12918,20211227_2100_HARP7891_NOAA12918,2021-12-27 20:59:23+00:00,7891,12918,primary_cycle25,True,0,1.0,1,noaa-science-v1-0-1:202112280350;noaa-science-v1-0-1:202112281559
gb72-native-v1:20211227_2236_HARP7891_NOAA12918,20211227_2236_HARP7891_NOAA12918,2021-12-27 22:35:23+00:00,7891,12918,primary_cycle25,True,0,1.0,1,noaa-science-v1-0-1:202112280350;noaa-science-v1-0-1:202112281559
gb72-native-v1:20211228_0012_HARP7891_NOAA12918,20211228_0012_HARP7891_NOAA12918,2021-12-28 00:11:23+00:00,7891,12918,primary_cycle25,True,0,1.0,1,noaa-science-v1-0-1:202112280350;noaa-science-v1-0-1:202112281559
gb72-native-v1:20211228_0148_HARP7891_NOAA12918,20211228_0148_HARP7891_NOAA12918,2021-12-28 01:47:23+00:00,7891,12918,primary_cycle25,True,0,1.0,1,noaa-science-v1-0-1:202112280350;noaa-science-v1-0-1:202112281559
gb72-native-v1:20211228_0336_HARP7891_NOAA12918,20211228_0336_HARP7891_NOAA12918,2021-12-28 03:35:23+00:00,7891,12918,not_in_matched_inputs,False,0,1.0,1,noaa-science-v1-0-1:202112280350;noaa-science-v1-0-1:202112281559
gb72-native-v1:20211228_0512_HARP7891_NOAA12918,20211228_0512_HARP7891_NOAA12918,2021-12-28 05:11:23+00:00,7891,12918,not_in_matched_inputs,False,0,1.0,1,noaa-science-v1-0-1:202112281559
gb72-native-v1:20211228_0648_HARP7891_NOAA12918,20211228_0648_HARP7891_NOAA12918,2021-12-28 06:47:23+00:00,7891,12918,not_in_matched_inputs,False,0,1.0,1,noaa-science-v1-0-1:202112281559
gb72-native-v1:20211228_0824_HARP7891_NOAA12918,20211228_0824_HARP7891_NOAA12918,2021-12-28 08:23:23+00:00,7891,12918,not_in_matched_inputs,False,0,1.0,1,noaa-science-v1-0-1:202112281559
gb72-native-v1:20211228_1000_HARP7891_NOAA12918,20211228_1000_HARP7891_NOAA12918,2021-12-28 09:59:23+00:00,7891,12918,primary_cycle25,True,0,1.0,1,noaa-science-v1-0-1:202112281559
gb72-native-v1:20211228_1136_HARP7891_NOAA12918,20211228_1136_HARP7891_NOAA12918,2021-12-28 11:35:23+00:00,7891,12918,primary_cycle25,True,0,1.0,1,noaa-science-v1-0-1:202112281559
gb72-native-v1:20211228_1312_HARP7891_NOAA12918,20211228_1312_HARP7891_NOAA12918,2021-12-28 13:11:23+00:00,7891,12918,primary_cycle25,True,0,1.0,1,noaa-science-v1-0-1:202112281559
gb72-native-v1:20211228_1448_HARP7891_NOAA12918,20211228_1448_HARP7891_NOAA12918,2021-12-28 14:47:23+00:00,7891,12918,primary_cycle25,True,0,1.0,1,noaa-science-v1-0-1:202112281559
gb72-native-v1:20220116_1748_HARP7934_NOAA12929,20220116_1748_HARP7934_NOAA12929,2022-01-16 17:47:23+00:00,7934,12929,primary_cycle25,True,0,1.0,1,noaa-science-v1-0-1:202201181700
gb72-native-v1:20220116_1924_HARP7934_NOAA12929,20220116_1924_HARP7934_NOAA12929,2022-01-16 19:23:23+00:00,7934,12929,primary_cycle25,True,0,1.0,1,noaa-science-v1-0-1:202201181700
gb72-native-v1:20220116_2100_HARP7934_NOAA12929,20220116_2100_HARP7934_NOAA12929,2022-01-16 20:59:23+00:00,7934,12929,primary_cycle25,True,0,1.0,1,noaa-science-v1-0-1:202201181700
gb72-native-v1:20220302_1312_HARP8043_NOAA12958,20220302_1312_HARP8043_NOAA12958,2022-03-02 13:11:23+00:00,8043,12958,not_in_matched_inputs,False,0,1.0,1,noaa-science-v1-0-1:202203021731
gb72-native-v1:20220302_1448_HARP8043_NOAA12958,20220302_1448_HARP8043_NOAA12958,2022-03-02 14:47:23+00:00,8043,12958,not_in_matched_inputs,False,0,1.0,1,noaa-science-v1-0-1:202203021731
gb72-native-v1:20220302_1624_HARP8043_NOAA12958,20220302_1624_HARP8043_NOAA12958,2022-03-02 16:23:23+00:00,8043,12958,not_in_matched_inputs,False,0,1.0,1,noaa-science-v1-0-1:202203021731
gb72-native-v1:20220312_1212_HARP8064_NOAA12965,20220312_1212_HARP8064_NOAA12965,2022-03-12 12:11:23+00:00,8064,12965,not_in_matched_inputs,False,0,1.0,1,noaa-science-v1-0-1:202203140829
gb72-native-v1:20220312_1348_HARP8064_NOAA12965,20220312_1348_HARP8064_NOAA12965,2022-03-12 13:47:23+00:00,8064,12965,not_in_matched_inputs,False,0,1.0,1,noaa-science-v1-0-1:202203140829
gb72-native-v1:20220312_1524_HARP8064_NOAA12965,20220312_1524_HARP8064_NOAA12965,2022-03-12 15:23:23+00:00,8064,12965,not_in_matched_inputs,False,0,1.0,1,noaa-science-v1-0-1:202203140829
gb72-native-v1:20220312_1700_HARP8064_NOAA12965,20220312_1700_HARP8064_NOAA12965,2022-03-12 16:59:23+00:00,8064,12965,primary_cycle25,True,0,1.0,1,noaa-science-v1-0-1:202203140829
gb72-native-v1:20220312_1836_HARP8064_NOAA12965,20220312_1836_HARP8064_NOAA12965,2022-03-12 18:35:23+00:00,8064,12965,primary_cycle25,True,0,1.0,1,noaa-science-v1-0-1:202203140829
gb72-native-v1:20220312_2012_HARP8064_NOAA12965,20220312_2012_HARP8064_NOAA12965,2022-03-12 20:11:23+00:00,8064,12965,primary_cycle25,True,0,1.0,1,noaa-science-v1-0-1:202203140829
gb72-native-v1:20220312_2148_HARP8064_NOAA12965,20220312_2148_HARP8064_NOAA12965,2022-03-12 21:47:23+00:00,8064,12965,primary_cycle25,True,0,1.0,1,noaa-science-v1-0-1:202203140829
gb72-native-v1:20220312_2324_HARP8064_NOAA12965,20220312_2324_HARP8064_NOAA12965,2022-03-12 23:23:23+00:00,8064,12965,primary_cycle25,True,0,1.0,1,noaa-science-v1-0-1:202203140829
gb72-native-v1:20220313_0100_HARP8064_NOAA12965,20220313_0100_HARP8064_NOAA12965,2022-03-13 00:59:23+00:00,8064,12965,primary_cycle25,True,0,1.0,1,noaa-science-v1-0-1:202203140829
gb72-native-v1:20220313_0236_HARP8064_NOAA12965,20220313_0236_HARP8064_NOAA12965,2022-03-13 02:35:23+00:00,8064,12965,primary_cycle25,True,0,1.0,1,noaa-science-v1-0-1:202203140829
gb72-native-v1:20220313_0412_HARP8064_NOAA12965,20220313_0412_HARP8064_NOAA12965,2022-03-13 04:11:23+00:00,8064,12965,primary_cycle25,True,0,1.0,1,noaa-science-v1-0-1:202203140829
gb72-native-v1:20220313_0548_HARP8064_NOAA12965,20220313_0548_HARP8064_NOAA12965,2022-03-13 05:47:23+00:00,8064,12965,primary_cycle25,True,0,1.0,1,noaa-science-v1-0-1:202203140829
gb72-native-v1:20220313_0724_HARP8064_NOAA12965,20220313_0724_HARP8064_NOAA12965,2022-03-13 07:23:23+00:00,8064,12965,primary_cycle25,True,0,1.0,1,noaa-science-v1-0-1:202203140829
gb72-native-v1:20220313_0900_HARP8064_NOAA12965,20220313_0900_HARP8064_NOAA12965,2022-03-13 08:59:23+00:00,8064,12965,primary_cycle25,True,0,1.0,1,noaa-science-v1-0-1:202203140829
gb72-native-v1:20220313_1036_HARP8064_NOAA12965,20220313_1036_HARP8064_NOAA12965,2022-03-13 10:35:23+00:00,8064,12965,primary_cycle25,True,0,1.0,1,noaa-science-v1-0-1:202203140829
gb72-native-v1:20220313_1212_HARP8064_NOAA12965,20220313_1212_HARP8064_NOAA12965,2022-03-13 12:11:23+00:00,8064,12965,primary_cycle25,True,0,1.0,1,noaa-science-v1-0-1:202203140829
gb72-native-v1:20220313_1348_HARP8064_NOAA12965,20220313_1348_HARP8064_NOAA12965,2022-03-13 13:47:23+00:00,8064,12965,primary_cycle25,True,0,1.0,1,noaa-science-v1-0-1:202203140829;noaa-science-v1-0-1:202203151233
gb72-native-v1:20220313_1524_HARP8064_NOAA12965,20220313_1524_HARP8064_NOAA12965,2022-03-13 15:23:23+00:00,8064,12965,primary_cycle25,True,0,1.0,1,noaa-science-v1-0-1:202203140829;noaa-science-v1-0-1:202203151233
gb72-native-v1:20220313_1700_HARP8064_NOAA12965,20220313_1700_HARP8064_NOAA12965,2022-03-13 16:59:23+00:00,8064,12965,primary_cycle25,True,0,1.0,1,noaa-science-v1-0-1:202203140829;noaa-science-v1-0-1:202203151233
gb72-native-v1:20220313_1836_HARP8064_NOAA12965,20220313_1836_HARP8064_NOAA12965,2022-03-13 18:35:23+00:00,8064,12965,primary_cycle25,True,0,1.0,1,noaa-science-v1-0-1:202203140829;noaa-science-v1-0-1:202203151233
gb72-native-v1:20220313_2012_HARP8064_NOAA12965,20220313_2012_HARP8064_NOAA12965,2022-03-13 20:11:23+00:00,8064,12965,primary_cycle25,True,0,1.0,1,noaa-science-v1-0-1:202203140829;noaa-science-v1-0-1:202203151233
gb72-native-v1:20220313_2148_HARP8064_NOAA12965,20220313_2148_HARP8064_NOAA12965,2022-03-13 21:47:23+00:00,8064,12965,primary_cycle25,True,0,1.0,1,noaa-science-v1-0-1:202203140829;noaa-science-v1-0-1:202203151233
gb72-native-v1:20220313_2324_HARP8064_NOAA12965,20220313_2324_HARP8064_NOAA12965,2022-03-13 23:23:23+00:00,8064,12965,primary_cycle25,True,0,1.0,1,noaa-science-v1-0-1:202203140829;noaa-science-v1-0-1:202203151233;noaa-science-v1-0-1:202203152239
gb72-native-v1:20220314_0100_HARP8064_NOAA12965,20220314_0100_HARP8064_NOAA12965,2022-03-14 00:59:23+00:00,8064,12965,primary_cycle25,True,0,1.0,1,noaa-science-v1-0-1:202203140829;noaa-science-v1-0-1:202203151233;noaa-science-v1-0-1:202203152239
gb72-native-v1:20220314_0236_HARP8064_NOAA12965,20220314_0236_HARP8064_NOAA12965,2022-03-14 02:35:23+00:00,8064,12965,primary_cycle25,True,0,1.0,1,noaa-science-v1-0-1:202203140829;noaa-science-v1-0-1:202203151233;noaa-science-v1-0-1:202203152239
gb72-native-v1:20220314_0412_HARP8064_NOAA12965,20220314_0412_HARP8064_NOAA12965,2022-03-14 04:11:23+00:00,8064,12965,primary_cycle25,True,0,1.0,1,noaa-science-v1-0-1:202203140829;noaa-science-v1-0-1:202203151233;noaa-science-v1-0-1:202203152239
gb72-native-v1:20220314_0548_HARP8064_NOAA12965,20220314_0548_HARP8064_NOAA12965,2022-03-14 05:47:23+00:00,8064,12965,primary_cycle25,True,0,1.0,1,noaa-science-v1-0-1:202203140829;noaa-science-v1-0-1:202203151233;noaa-science-v1-0-1:202203152239
gb72-native-v1:20220314_0724_HARP8064_NOAA12965,20220314_0724_HARP8064_NOAA12965,2022-03-14 07:23:23+00:00,8064,12965,primary_cycle25,True,0,1.0,1,noaa-science-v1-0-1:202203140829;noaa-science-v1-0-1:202203151233;noaa-science-v1-0-1:202203152239
gb72-native-v1:20220314_0900_HARP8064_NOAA12965,20220314_0900_HARP8064_NOAA12965,2022-03-14 08:59:23+00:00,8064,12965,primary_cycle25,True,0,1.0,1,noaa-science-v1-0-1:202203151233;noaa-science-v1-0-1:202203152239
gb72-native-v1:20220314_1036_HARP8064_NOAA12965,20220314_1036_HARP8064_NOAA12965,2022-03-14 10:35:23+00:00,8064,12965,primary_cycle25,True,0,1.0,1,noaa-science-v1-0-1:202203151233;noaa-science-v1-0-1:202203152239
gb72-native-v1:20220314_1212_HARP8064_NOAA12965,20220314_1212_HARP8064_NOAA12965,2022-03-14 12:11:23+00:00,8064,12965,primary_cycle25,True,0,1.0,1,noaa-science-v1-0-1:202203151233;noaa-science-v1-0-1:202203152239
gb72-native-v1:20220314_1348_HARP8064_NOAA12965,20220314_1348_HARP8064_NOAA12965,2022-03-14 13:47:23+00:00,8064,12965,primary_cycle25,True,0,1.0,1,noaa-science-v1-0-1:202203151233;noaa-science-v1-0-1:202203152239
gb72-native-v1:20220314_1524_HARP8064_NOAA12965,20220314_1524_HARP8064_NOAA12965,2022-03-14 15:23:23+00:00,8064,12965,primary_cycle25,True,0,1.0,1,noaa-science-v1-0-1:202203151233;noaa-science-v1-0-1:202203152239
gb72-native-v1:20220314_1700_HARP8064_NOAA12965,20220314_1700_HARP8064_NOAA12965,2022-03-14 16:59:23+00:00,8064,12965,primary_cycle25,True,0,1.0,1,noaa-science-v1-0-1:202203151233;noaa-science-v1-0-1:202203152239
gb72-native-v1:20220314_1836_HARP8064_NOAA12965,20220314_1836_HARP8064_NOAA12965,2022-03-14 18:35:23+00:00,8064,12965,primary_cycle25,True,0,1.0,1,noaa-science-v1-0-1:202203151233;noaa-science-v1-0-1:202203152239
gb72-native-v1:20220314_2012_HARP8064_NOAA12965,20220314_2012_HARP8064_NOAA12965,2022-03-14 20:11:23+00:00,8064,12965,primary_cycle25,True,0,1.0,1,noaa-science-v1-0-1:202203151233;noaa-science-v1-0-1:202203152239
gb72-native-v1:20220314_2148_HARP8064_NOAA12965,20220314_2148_HARP8064_NOAA12965,2022-03-14 21:47:23+00:00,8064,12965,primary_cycle25,True,0,1.0,1,noaa-science-v1-0-1:202203151233;noaa-science-v1-0-1:202203152239
gb72-native-v1:20220314_2324_HARP8064_NOAA12965,20220314_2324_HARP8064_NOAA12965,2022-03-14 23:23:23+00:00,8064,12965,primary_cycle25,True,0,1.0,1,noaa-science-v1-0-1:202203151233;noaa-science-v1-0-1:202203152239
gb72-native-v1:20220315_0100_HARP8064_NOAA12965,20220315_0100_HARP8064_NOAA12965,2022-03-15 00:59:23+00:00,8064,12965,primary_cycle25,True,0,1.0,1,noaa-science-v1-0-1:202203151233;noaa-science-v1-0-1:202203152239
gb72-native-v1:20220315_0236_HARP8064_NOAA12965,20220315_0236_HARP8064_NOAA12965,2022-03-15 02:35:23+00:00,8064,12965,primary_cycle25,True,0,1.0,1,noaa-science-v1-0-1:202203151233;noaa-science-v1-0-1:202203152239
gb72-native-v1:20220315_0412_HARP8064_NOAA12965,20220315_0412_HARP8064_NOAA12965,2022-03-15 04:11:23+00:00,8064,12965,primary_cycle25,True,0,1.0,1,noaa-science-v1-0-1:202203151233;noaa-science-v1-0-1:202203152239
gb72-native-v1:20220315_0548_HARP8064_NOAA12965,20220315_0548_HARP8064_NOAA12965,2022-03-15 05:47:23+00:00,8064,12965,primary_cycle25,True,0,1.0,1,noaa-science-v1-0-1:202203151233;noaa-science-v1-0-1:202203152239
gb72-native-v1:20220315_0724_HARP8064_NOAA12965,20220315_0724_HARP8064_NOAA12965,2022-03-15 07:23:23+00:00,8064,12965,primary_cycle25,True,0,1.0,1,noaa-science-v1-0-1:202203151233;noaa-science-v1-0-1:202203152239
gb72-native-v1:20220315_0900_HARP8064_NOAA12965,20220315_0900_HARP8064_NOAA12965,2022-03-15 08:59:23+00:00,8064,12965,not_in_matched_inputs,False,0,1.0,1,noaa-science-v1-0-1:202203151233;noaa-science-v1-0-1:202203152239
gb72-native-v1:20220315_1036_HARP8064_NOAA12965,20220315_1036_HARP8064_NOAA12965,2022-03-15 10:35:23+00:00,8064,12965,not_in_matched_inputs,False,0,1.0,1,noaa-science-v1-0-1:202203151233;noaa-science-v1-0-1:202203152239
gb72-native-v1:20220315_1212_HARP8064_NOAA12965,20220315_1212_HARP8064_NOAA12965,2022-03-15 12:11:23+00:00,8064,12965,not_in_matched_inputs,False,0,1.0,1,noaa-science-v1-0-1:202203151233;noaa-science-v1-0-1:202203152239
gb72-native-v1:20220315_1348_HARP8064_NOAA12965,20220315_1348_HARP8064_NOAA12965,2022-03-15 13:47:23+00:00,8064,12965,primary_cycle25,True,0,1.0,1,noaa-science-v1-0-1:202203152239
gb72-native-v1:20220315_1524_HARP8064_NOAA12965,20220315_1524_HARP8064_NOAA12965,2022-03-15 15:23:23+00:00,8064,12965,primary_cycle25,True,0,1.0,1,noaa-science-v1-0-1:202203152239
gb72-native-v1:20220315_1700_HARP8064_NOAA12965,20220315_1700_HARP8064_NOAA12965,2022-03-15 16:59:23+00:00,8064,12965,primary_cycle25,True,0,1.0,1,noaa-science-v1-0-1:202203152239
gb72-native-v1:20220315_1836_HARP8064_NOAA12965,20220315_1836_HARP8064_NOAA12965,2022-03-15 18:35:23+00:00,8064,12965,primary_cycle25,True,0,1.0,1,noaa-science-v1-0-1:202203152239
gb72-native-v1:20220315_2012_HARP8064_NOAA12965,20220315_2012_HARP8064_NOAA12965,2022-03-15 20:11:23+00:00,8064,12965,primary_cycle25,True,0,1.0,1,noaa-science-v1-0-1:202203152239
gb72-native-v1:20220315_2148_HARP8064_NOAA12965,20220315_2148_HARP8064_NOAA12965,2022-03-15 21:47:23+00:00,8064,12965,primary_cycle25,True,0,1.0,1,noaa-science-v1-0-1:202203152239
gb72-native-v1:20220326_2148_HARP8088_NOAA12975,20220326_2148_HARP8088_NOAA12975,2022-03-26 21:47:23+00:00,8088,12975,not_in_matched_inputs,False,0,1.0,1,noaa-science-v1-0-1:202203281058;noaa-science-v1-0-1:202203282049
gb72-native-v1:20220326_2324_HARP8088_NOAA12975,20220326_2324_HARP8088_NOAA12975,2022-03-26 23:23:23+00:00,8088,12975,not_in_matched_inputs,False,0,1.0,1,noaa-science-v1-0-1:202203281058;noaa-science-v1-0-1:202203282049
gb72-native-v1:20220327_0100_HARP8088_NOAA12975,20220327_0100_HARP8088_NOAA12975,2022-03-27 00:59:23+00:00,8088,12975,not_in_matched_inputs,False,0,1.0,1,noaa-science-v1-0-1:202203281058;noaa-science-v1-0-1:202203282049;noaa-science-v1-0-1:202203290057
gb72-native-v1:20220327_0236_HARP8088_NOAA12975,20220327_0236_HARP8088_NOAA12975,2022-03-27 02:35:23+00:00,8088,12975,primary_cycle25,True,0,1.0,1,noaa-science-v1-0-1:202203281058;noaa-science-v1-0-1:202203282049;noaa-science-v1-0-1:202203290057
gb72-native-v1:20220327_0412_HARP8088_NOAA12975,20220327_0412_HARP8088_NOAA12975,2022-03-27 04:11:23+00:00,8088,12975,primary_cycle25,True,0,1.0,1,noaa-science-v1-0-1:202203281058;noaa-science-v1-0-1:202203282049;noaa-science-v1-0-1:202203290057
gb72-native-v1:20220327_0548_HARP8088_NOAA12975,20220327_0548_HARP8088_NOAA12975,2022-03-27 05:47:23+00:00,8088,12975,primary_cycle25,True,0,1.0,1,noaa-science-v1-0-1:202203281058;noaa-science-v1-0-1:202203282049;noaa-science-v1-0-1:202203290057
gb72-native-v1:20220327_0724_HARP8088_NOAA12975,20220327_0724_HARP8088_NOAA12975,2022-03-27 07:23:23+00:00,8088,12975,primary_cycle25,True,0,1.0,1,noaa-science-v1-0-1:202203281058;noaa-science-v1-0-1:202203282049;noaa-science-v1-0-1:202203290057
gb72-native-v1:20220327_0900_HARP8088_NOAA12975,20220327_0900_HARP8088_NOAA12975,2022-03-27 08:59:23+00:00,8088,12975,primary_cycle25,True,0,1.0,1,noaa-science-v1-0-1:202203281058;noaa-science-v1-0-1:202203282049;noaa-science-v1-0-1:202203290057
gb72-native-v1:20220327_1036_HARP8088_NOAA12975,20220327_1036_HARP8088_NOAA12975,2022-03-27 10:35:23+00:00,8088,12975,primary_cycle25,True,0,1.0,1,noaa-science-v1-0-1:202203281058;noaa-science-v1-0-1:202203282049;noaa-science-v1-0-1:202203290057
gb72-native-v1:20220327_1212_HARP8088_NOAA12975,20220327_1212_HARP8088_NOAA12975,2022-03-27 12:11:23+00:00,8088,12975,primary_cycle25,True,0,1.0,1,noaa-science-v1-0-1:202203281058;noaa-science-v1-0-1:202203282049;noaa-science-v1-0-1:202203290057
gb72-native-v1:20220327_1348_HARP8088_NOAA12975,20220327_1348_HARP8088_NOAA12975,2022-03-27 13:47:23+00:00,8088,12975,primary_cycle25,True,0,1.0,1,noaa-science-v1-0-1:202203281058;noaa-science-v1-0-1:202203282049;noaa-science-v1-0-1:202203290057
gb72-native-v1:20220327_1524_HARP8088_NOAA12975,20220327_1524_HARP8088_NOAA12975,2022-03-27 15:23:23+00:00,8088,12975,primary_cycle25,True,0,1.0,1,noaa-science-v1-0-1:202203281058;noaa-science-v1-0-1:202203282049;noaa-science-v1-0-1:202203290057
gb72-native-v1:20220327_1700_HARP8088_NOAA12975,20220327_1700_HARP8088_NOAA12975,2022-03-27 16:59:23+00:00,8088,12975,primary_cycle25,True,0,1.0,1,noaa-science-v1-0-1:202203281058;noaa-science-v1-0-1:202203282049;noaa-science-v1-0-1:202203290057
gb72-native-v1:20220327_1836_HARP8088_NOAA12975,20220327_1836_HARP8088_NOAA12975,2022-03-27 18:35:23+00:00,8088,12975,primary_cycle25,True,0,1.0,1,noaa-science-v1-0-1:202203281058;noaa-science-v1-0-1:202203282049;noaa-science-v1-0-1:202203290057
gb72-native-v1:20220327_2012_HARP8088_NOAA12975,20220327_2012_HARP8088_NOAA12975,2022-03-27 20:11:23+00:00,8088,12975,primary_cycle25,True,0,1.0,1,noaa-science-v1-0-1:202203281058;noaa-science-v1-0-1:202203282049;noaa-science-v1-0-1:202203290057
gb72-native-v1:20220327_2148_HARP8088_NOAA12975,20220327_2148_HARP8088_NOAA12975,2022-03-27 21:47:23+00:00,8088,12975,primary_cycle25,True,0,1.0,1,noaa-science-v1-0-1:202203281058;noaa-science-v1-0-1:202203282049;noaa-science-v1-0-1:202203290057;noaa-science-v1-0-1:202203292143
gb72-native-v1:20220327_2324_HARP8088_NOAA12975,20220327_2324_HARP8088_NOAA12975,2022-03-27 23:23:23+00:00,8088,12975,primary_cycle25,True,0,1.0,1,noaa-science-v1-0-1:202203281058;noaa-science-v1-0-1:202203282049;noaa-science-v1-0-1:202203290057;noaa-science-v1-0-1:202203292143
gb72-native-v1:20220328_0100_HARP8088_NOAA12975,20220328_0100_HARP8088_NOAA12975,2022-03-28 00:59:23+00:00,8088,12975,primary_cycle25,True,0,1.0,1,noaa-science-v1-0-1:202203281058;noaa-science-v1-0-1:202203282049;noaa-science-v1-0-1:202203290057;noaa-science-v1-0-1:202203292143
gb72-native-v1:20220328_0236_HARP8088_NOAA12975,20220328_0236_HARP8088_NOAA12975,2022-03-28 02:35:23+00:00,8088,12975,primary_cycle25,True,0,1.0,1,noaa-science-v1-0-1:202203281058;noaa-science-v1-0-1:202203282049;noaa-science-v1-0-1:202203290057;noaa-science-v1-0-1:202203292143
gb72-native-v1:20220328_0412_HARP8088_NOAA12975,20220328_0412_HARP8088_NOAA12975,2022-03-28 04:11:23+00:00,8088,12975,not_in_matched_inputs,False,0,1.0,1,noaa-science-v1-0-1:202203281058;noaa-science-v1-0-1:202203282049;noaa-science-v1-0-1:202203290057;noaa-science-v1-0-1:202203292143
gb72-native-v1:20220328_0548_HARP8088_NOAA12975,20220328_0548_HARP8088_NOAA12975,2022-03-28 05:47:23+00:00,8088,12975,not_in_matched_inputs,False,0,1.0,1,noaa-science-v1-0-1:202203281058;noaa-science-v1-0-1:202203282049;noaa-science-v1-0-1:202203290057;noaa-science-v1-0-1:202203292143
gb72-native-v1:20220328_0724_HARP8088_NOAA12975,20220328_0724_HARP8088_NOAA12975,2022-03-28 07:23:23+00:00,8088,12975,not_in_matched_inputs,False,0,1.0,1,noaa-science-v1-0-1:202203281058;noaa-science-v1-0-1:202203282049;noaa-science-v1-0-1:202203290057;noaa-science-v1-0-1:202203292143
gb72-native-v1:20220328_0900_HARP8088_NOAA12975,20220328_0900_HARP8088_NOAA12975,2022-03-28 08:59:23+00:00,8088,12975,primary_cycle25,True,0,1.0,1,noaa-science-v1-0-1:202203281058;noaa-science-v1-0-1:202203282049;noaa-science-v1-0-1:202203290057;noaa-science-v1-0-1:202203292143
gb72-native-v1:20220328_1036_HARP8088_NOAA12975,20220328_1036_HARP8088_NOAA12975,2022-03-28 10:35:23+00:00,8088,12975,primary_cycle25,True,0,1.0,1,noaa-science-v1-0-1:202203281058;noaa-science-v1-0-1:202203282049;noaa-science-v1-0-1:202203290057;noaa-science-v1-0-1:202203292143
gb72-native-v1:20220328_1212_HARP8088_NOAA12975,20220328_1212_HARP8088_NOAA12975,2022-03-28 12:11:23+00:00,8088,12975,primary_cycle25,True,0,1.0,1,noaa-science-v1-0-1:202203282049;noaa-science-v1-0-1:202203290057;noaa-science-v1-0-1:202203292143
gb72-native-v1:20220328_1348_HARP8088_NOAA12975,20220328_1348_HARP8088_NOAA12975,2022-03-28 13:47:23+00:00,8088,12975,primary_cycle25,True,0,1.0,1,noaa-science-v1-0-1:202203282049;noaa-science-v1-0-1:202203290057;noaa-science-v1-0-1:202203292143
gb72-native-v1:20220328_1524_HARP8088_NOAA12975,20220328_1524_HARP8088_NOAA12975,2022-03-28 15:23:23+00:00,8088,12975,primary_cycle25,True,0,1.0,1,noaa-science-v1-0-1:202203282049;noaa-science-v1-0-1:202203290057;noaa-science-v1-0-1:202203292143
gb72-native-v1:20220328_1700_HARP8088_NOAA12975,20220328_1700_HARP8088_NOAA12975,2022-03-28 16:59:23+00:00,8088,12975,primary_cycle25,True,0,1.0,1,noaa-science-v1-0-1:202203282049;noaa-science-v1-0-1:202203290057;noaa-science-v1-0-1:202203292143
gb72-native-v1:20220328_1836_HARP8088_NOAA12975,20220328_1836_HARP8088_NOAA12975,2022-03-28 18:35:23+00:00,8088,12975,primary_cycle25,True,0,1.0,1,noaa-science-v1-0-1:202203282049;noaa-science-v1-0-1:202203290057;noaa-science-v1-0-1:202203292143;noaa-science-v1-0-1:202203301721
gb72-native-v1:20220328_2012_HARP8088_NOAA12975,20220328_2012_HARP8088_NOAA12975,2022-03-28 20:11:23+00:00,8088,12975,primary_cycle25,True,0,1.0,1,noaa-science-v1-0-1:202203282049;noaa-science-v1-0-1:202203290057;noaa-science-v1-0-1:202203292143;noaa-science-v1-0-1:202203301721
gb72-native-v1:20220328_2148_HARP8088_NOAA12975,20220328_2148_HARP8088_NOAA12975,2022-03-28 21:47:23+00:00,8088,12975,primary_cycle25,True,0,1.0,1,noaa-science-v1-0-1:202203290057;noaa-science-v1-0-1:202203292143;noaa-science-v1-0-1:202203301721
gb72-native-v1:20220328_2324_HARP8088_NOAA12975,20220328_2324_HARP8088_NOAA12975,2022-03-28 23:23:23+00:00,8088,12975,primary_cycle25,True,0,1.0,1,noaa-science-v1-0-1:202203290057;noaa-science-v1-0-1:202203292143;noaa-science-v1-0-1:202203301721
gb72-native-v1:20220329_0100_HARP8088_NOAA12975,20220329_0100_HARP8088_NOAA12975,2022-03-29 00:59:23+00:00,8088,12975,primary_cycle25,True,0,1.0,1,noaa-science-v1-0-1:202203292143;noaa-science-v1-0-1:202203301721
gb72-native-v1:20220329_0236_HARP8088_NOAA12975,20220329_0236_HARP8088_NOAA12975,2022-03-29 02:35:23+00:00,8088,12975,primary_cycle25,True,0,1.0,1,noaa-science-v1-0-1:202203292143;noaa-science-v1-0-1:202203301721
gb72-native-v1:20220329_0412_HARP8088_NOAA12975,20220329_0412_HARP8088_NOAA12975,2022-03-29 04:11:23+00:00,8088,12975,primary_cycle25,True,0,1.0,1,noaa-science-v1-0-1:202203292143;noaa-science-v1-0-1:202203301721
gb72-native-v1:20220329_0548_HARP8088_NOAA12975,20220329_0548_HARP8088_NOAA12975,2022-03-29 05:47:23+00:00,8088,12975,primary_cycle25,True,0,1.0,1,noaa-science-v1-0-1:202203292143;noaa-science-v1-0-1:202203301721
gb72-native-v1:20220329_0724_HARP8088_NOAA12975,20220329_0724_HARP8088_NOAA12975,2022-03-29 07:23:23+00:00,8088,12975,primary_cycle25,True,0,1.0,1,noaa-science-v1-0-1:202203292143;noaa-science-v1-0-1:202203301721
gb72-native-v1:20220329_0900_HARP8088_NOAA12975,20220329_0900_HARP8088_NOAA12975,2022-03-29 08:59:23+00:00,8088,12975,primary_cycle25,True,0,1.0,1,noaa-science-v1-0-1:202203292143;noaa-science-v1-0-1:202203301721
gb72-native-v1:20220329_1036_HARP8088_NOAA12975,20220329_1036_HARP8088_NOAA12975,2022-03-29 10:35:23+00:00,8088,12975,primary_cycle25,True,0,1.0,1,noaa-science-v1-0-1:202203292143;noaa-science-v1-0-1:202203301721
gb72-native-v1:20220329_1212_HARP8088_NOAA12975,20220329_1212_HARP8088_NOAA12975,2022-03-29 12:11:23+00:00,8088,12975,primary_cycle25,True,0,1.0,1,noaa-science-v1-0-1:202203292143;noaa-science-v1-0-1:202203301721
gb72-native-v1:20220329_1348_HARP8088_NOAA12975,20220329_1348_HARP8088_NOAA12975,2022-03-29 13:47:23+00:00,8088,12975,primary_cycle25,True,0,1.0,1,noaa-science-v1-0-1:202203292143;noaa-science-v1-0-1:202203301721
gb72-native-v1:20220329_1524_HARP8088_NOAA12975,20220329_1524_HARP8088_NOAA12975,2022-03-29 15:23:23+00:00,8088,12975,primary_cycle25,True,0,1.0,1,noaa-science-v1-0-1:202203292143;noaa-science-v1-0-1:202203301721
gb72-native-v1:20220329_1700_HARP8088_NOAA12975,20220329_1700_HARP8088_NOAA12975,2022-03-29 16:59:23+00:00,8088,12975,primary_cycle25,True,0,1.0,1,noaa-science-v1-0-1:202203292143;noaa-science-v1-0-1:202203301721
gb72-native-v1:20220329_1900_HARP8088_NOAA12975,20220329_1900_HARP8088_NOAA12975,2022-03-29 18:59:23+00:00,8088,12975,not_in_matched_inputs,False,0,1.0,1,noaa-science-v1-0-1:202203292143;noaa-science-v1-0-1:202203301721;noaa-science-v1-0-1:202203311817
gb72-native-v1:20220329_2036_HARP8088_NOAA12975,20220329_2036_HARP8088_NOAA12975,2022-03-29 20:35:23+00:00,8088,12975,not_in_matched_inputs,False,0,1.0,1,noaa-science-v1-0-1:202203292143;noaa-science-v1-0-1:202203301721;noaa-science-v1-0-1:202203311817
gb72-native-v1:20220329_2212_HARP8088_NOAA12975,20220329_2212_HARP8088_NOAA12975,2022-03-29 22:11:23+00:00,8088,12975,not_in_matched_inputs,False,0,1.0,1,noaa-science-v1-0-1:202203301721;noaa-science-v1-0-1:202203311817
gb72-native-v1:20220329_2348_HARP8088_NOAA12975,20220329_2348_HARP8088_NOAA12975,2022-03-29 23:47:23+00:00,8088,12975,not_in_matched_inputs,False,0,1.0,1,noaa-science-v1-0-1:202203301721;noaa-science-v1-0-1:202203311817
gb72-native-v1:20220330_0124_HARP8088_NOAA12975,20220330_0124_HARP8088_NOAA12975,2022-03-30 01:23:23+00:00,8088,12975,primary_cycle25,True,0,1.0,1,noaa-science-v1-0-1:202203301721;noaa-science-v1-0-1:202203311817
gb72-native-v1:20220330_0300_HARP8088_NOAA12975,20220330_0300_HARP8088_NOAA12975,2022-03-30 02:59:23+00:00,8088,12975,not_in_matched_inputs,False,0,1.0,1,noaa-science-v1-0-1:202203301721;noaa-science-v1-0-1:202203311817
gb72-native-v1:20220330_0436_HARP8088_NOAA12975,20220330_0436_HARP8088_NOAA12975,2022-03-30 04:35:23+00:00,8088,12975,not_in_matched_inputs,False,0,1.0,1,noaa-science-v1-0-1:202203301721;noaa-science-v1-0-1:202203311817
gb72-native-v1:20220330_0612_HARP8088_NOAA12975,20220330_0612_HARP8088_NOAA12975,2022-03-30 06:11:23+00:00,8088,12975,not_in_matched_inputs,False,0,1.0,1,noaa-science-v1-0-1:202203301721;noaa-science-v1-0-1:202203311817
gb72-native-v1:20220330_0748_HARP8088_NOAA12975,20220330_0748_HARP8088_NOAA12975,2022-03-30 07:47:23+00:00,8088,12975,primary_cycle25,True,0,1.0,1,noaa-science-v1-0-1:202203301721;noaa-science-v1-0-1:202203311817
gb72-native-v1:20220330_0924_HARP8088_NOAA12975,20220330_0924_HARP8088_NOAA12975,2022-03-30 09:23:23+00:00,8088,12975,primary_cycle25,True,0,1.0,1,noaa-science-v1-0-1:202203301721;noaa-science-v1-0-1:202203311817
gb72-native-v1:20220330_1100_HARP8088_NOAA12975,20220330_1100_HARP8088_NOAA12975,2022-03-30 10:59:23+00:00,8088,12975,primary_cycle25,True,0,1.0,1,noaa-science-v1-0-1:202203301721;noaa-science-v1-0-1:202203311817
gb72-native-v1:20220330_1236_HARP8088_NOAA12975,20220330_1236_HARP8088_NOAA12975,2022-03-30 12:35:23+00:00,8088,12975,primary_cycle25,True,0,1.0,1,noaa-science-v1-0-1:202203301721;noaa-science-v1-0-1:202203311817
gb72-native-v1:20220330_1412_HARP8088_NOAA12975,20220330_1412_HARP8088_NOAA12975,2022-03-30 14:11:23+00:00,8088,12975,primary_cycle25,True,0,1.0,1,noaa-science-v1-0-1:202203301721;noaa-science-v1-0-1:202203311817
gb72-native-v1:20220330_1624_HARP8088_NOAA12975,20220330_1624_HARP8088_NOAA12975,2022-03-30 16:23:23+00:00,8088,12975,not_in_matched_inputs,False,0,1.0,1,noaa-science-v1-0-1:202203301721;noaa-science-v1-0-1:202203311817
gb72-native-v1:20220330_1800_HARP8088_NOAA12975,20220330_1800_HARP8088_NOAA12975,2022-03-30 17:59:23+00:00,8088,12975,not_in_matched_inputs,False,0,1.0,1,noaa-science-v1-0-1:202203311817
gb72-native-v1:20220330_1936_HARP8088_NOAA12975,20220330_1936_HARP8088_NOAA12975,2022-03-30 19:35:23+00:00,8088,12975,not_in_matched_inputs,False,0,1.0,1,noaa-science-v1-0-1:202203311817
gb72-native-v1:20220330_2112_HARP8088_NOAA12975,20220330_2112_HARP8088_NOAA12975,2022-03-30 21:11:23+00:00,8088,12975,not_in_matched_inputs,False,0,1.0,1,noaa-science-v1-0-1:202203311817
gb72-native-v1:20220330_2248_HARP8088_NOAA12975,20220330_2248_HARP8088_NOAA12975,2022-03-30 22:47:23+00:00,8088,12975,not_in_matched_inputs,False,0,1.0,1,noaa-science-v1-0-1:202203311817
gb72-native-v1:20220331_0024_HARP8088_NOAA12975,20220331_0024_HARP8088_NOAA12975,2022-03-31 00:23:23+00:00,8088,12975,primary_cycle25,True,0,1.0,1,noaa-science-v1-0-1:202203311817
gb72-native-v1:20220331_0200_HARP8088_NOAA12975,20220331_0200_HARP8088_NOAA12975,2022-03-31 01:59:23+00:00,8088,12975,primary_cycle25,True,0,1.0,1,noaa-science-v1-0-1:202203311817
gb72-native-v1:20220331_0336_HARP8088_NOAA12975,20220331_0336_HARP8088_NOAA12975,2022-03-31 03:35:23+00:00,8088,12975,primary_cycle25,True,0,1.0,1,noaa-science-v1-0-1:202203311817;noaa-science-v1-0-1:202204020239
gb72-native-v1:20220331_0512_HARP8088_NOAA12975,20220331_0512_HARP8088_NOAA12975,2022-03-31 05:11:23+00:00,8088,12975,primary_cycle25,True,0,1.0,1,noaa-science-v1-0-1:202203311817;noaa-science-v1-0-1:202204020239
gb72-native-v1:20220423_0412_HARP8155_NOAA12993,20220423_0412_HARP8155_NOAA12993,2022-04-23 04:11:23+00:00,8155,12993,primary_cycle25,True,0,1.0,1,noaa-science-v1-0-1:202204250352
gb72-native-v1:20220423_0548_HARP8155_NOAA12993,20220423_0548_HARP8155_NOAA12993,2022-04-23 05:47:23+00:00,8155,12993,primary_cycle25,True,0,1.0,1,noaa-science-v1-0-1:202204250352
gb72-native-v1:20220423_0724_HARP8155_NOAA12993,20220423_0724_HARP8155_NOAA12993,2022-04-23 07:23:23+00:00,8155,12993,primary_cycle25,True,0,1.0,1,noaa-science-v1-0-1:202204250352
gb72-native-v1:20220423_0900_HARP8155_NOAA12993,20220423_0900_HARP8155_NOAA12993,2022-04-23 08:59:23+00:00,8155,12993,primary_cycle25,True,0,1.0,1,noaa-science-v1-0-1:202204250352
gb72-native-v1:20220423_1036_HARP8155_NOAA12993,20220423_1036_HARP8155_NOAA12993,2022-04-23 10:35:23+00:00,8155,12993,primary_cycle25,True,0,1.0,1,noaa-science-v1-0-1:202204250352
gb72-native-v1:20220423_1212_HARP8155_NOAA12993,20220423_1212_HARP8155_NOAA12993,2022-04-23 12:11:23+00:00,8155,12993,primary_cycle25,True,0,1.0,1,noaa-science-v1-0-1:202204250352
gb72-native-v1:20220423_1348_HARP8155_NOAA12993,20220423_1348_HARP8155_NOAA12993,2022-04-23 13:47:23+00:00,8155,12993,primary_cycle25,True,0,1.0,1,noaa-science-v1-0-1:202204250352
gb72-native-v1:20220423_1524_HARP8155_NOAA12993,20220423_1524_HARP8155_NOAA12993,2022-04-23 15:23:23+00:00,8155,12993,primary_cycle25,True,0,1.0,1,noaa-science-v1-0-1:202204250352
gb72-native-v1:20220423_1700_HARP8155_NOAA12993,20220423_1700_HARP8155_NOAA12993,2022-04-23 16:59:23+00:00,8155,12993,primary_cycle25,True,0,1.0,1,noaa-science-v1-0-1:202204250352
gb72-native-v1:20220423_1836_HARP8155_NOAA12993,20220423_1836_HARP8155_NOAA12993,2022-04-23 18:35:23+00:00,8155,12993,primary_cycle25,True,0,1.0,1,noaa-science-v1-0-1:202204250352
gb72-native-v1:20220423_2012_HARP8155_NOAA12993,20220423_2012_HARP8155_NOAA12993,2022-04-23 20:11:23+00:00,8155,12993,primary_cycle25,True,0,1.0,1,noaa-science-v1-0-1:202204250352
gb72-native-v1:20220423_2148_HARP8155_NOAA12993,20220423_2148_HARP8155_NOAA12993,2022-04-23 21:47:23+00:00,8155,12993,primary_cycle25,True,0,1.0,1,noaa-science-v1-0-1:202204250352
gb72-native-v1:20220423_2324_HARP8155_NOAA12993,20220423_2324_HARP8155_NOAA12993,2022-04-23 23:23:23+00:00,8155,12993,primary_cycle25,True,0,1.0,1,noaa-science-v1-0-1:202204250352
gb72-native-v1:20220424_0100_HARP8155_NOAA12993,20220424_0100_HARP8155_NOAA12993,2022-04-24 00:59:23+00:00,8155,12993,primary_cycle25,True,0,1.0,1,noaa-science-v1-0-1:202204250352
gb72-native-v1:20220424_0236_HARP8155_NOAA12993,20220424_0236_HARP8155_NOAA12993,2022-04-24 02:35:23+00:00,8155,12993,primary_cycle25,True,0,1.0,1,noaa-science-v1-0-1:202204250352
gb72-native-v1:20220424_0412_HARP8155_NOAA12993,20220424_0412_HARP8155_NOAA12993,2022-04-24 04:11:23+00:00,8155,12993,not_in_matched_inputs,False,0,1.0,1,noaa-science-v1-0-1:202204250352
gb72-native-v1:20220424_0548_HARP8155_NOAA12993,20220424_0548_HARP8155_NOAA12993,2022-04-24 05:47:23+00:00,8155,12993,not_in_matched_inputs,False,0,1.0,1,noaa-science-v1-0-1:202204250352
gb72-native-v1:20220424_0724_HARP8155_NOAA12993,20220424_0724_HARP8155_NOAA12993,2022-04-24 07:23:23+00:00,8155,12993,not_in_matched_inputs,False,0,1.0,1,noaa-science-v1-0-1:202204250352
gb72-native-v1:20220424_0900_HARP8155_NOAA12993,20220424_0900_HARP8155_NOAA12993,2022-04-24 08:59:23+00:00,8155,12993,primary_cycle25,True,0,1.0,1,noaa-science-v1-0-1:202204250352
gb72-native-v1:20220424_1036_HARP8155_NOAA12993,20220424_1036_HARP8155_NOAA12993,2022-04-24 10:35:23+00:00,8155,12993,primary_cycle25,True,0,1.0,1,noaa-science-v1-0-1:202204250352
gb72-native-v1:20220424_1212_HARP8155_NOAA12993,20220424_1212_HARP8155_NOAA12993,2022-04-24 12:11:23+00:00,8155,12993,primary_cycle25,True,0,1.0,1,noaa-science-v1-0-1:202204250352
gb72-native-v1:20220424_1348_HARP8155_NOAA12993,20220424_1348_HARP8155_NOAA12993,2022-04-24 13:47:23+00:00,8155,12993,primary_cycle25,True,0,1.0,1,noaa-science-v1-0-1:202204250352
gb72-native-v1:20220424_1524_HARP8155_NOAA12993,20220424_1524_HARP8155_NOAA12993,2022-04-24 15:23:23+00:00,8155,12993,primary_cycle25,True,0,1.0,1,noaa-science-v1-0-1:202204250352
gb72-native-v1:20220424_1700_HARP8155_NOAA12993,20220424_1700_HARP8155_NOAA12993,2022-04-24 16:59:23+00:00,8155,12993,primary_cycle25,True,0,1.0,1,noaa-science-v1-0-1:202204250352
gb72-native-v1:20220424_1836_HARP8155_NOAA12993,20220424_1836_HARP8155_NOAA12993,2022-04-24 18:35:23+00:00,8155,12993,primary_cycle25,True,0,1.0,1,noaa-science-v1-0-1:202204250352
gb72-native-v1:20220424_2012_HARP8155_NOAA12993,20220424_2012_HARP8155_NOAA12993,2022-04-24 20:11:23+00:00,8155,12993,primary_cycle25,True,0,1.0,1,noaa-science-v1-0-1:202204250352
gb72-native-v1:20220424_2148_HARP8155_NOAA12993,20220424_2148_HARP8155_NOAA12993,2022-04-24 21:47:23+00:00,8155,12993,primary_cycle25,True,0,1.0,1,noaa-science-v1-0-1:202204250352
gb72-native-v1:20220424_2324_HARP8155_NOAA12993,20220424_2324_HARP8155_NOAA12993,2022-04-24 23:23:23+00:00,8155,12993,primary_cycle25,True,0,1.0,1,noaa-science-v1-0-1:202204250352
gb72-native-v1:20220425_0100_HARP8155_NOAA12993,20220425_0100_HARP8155_NOAA12993,2022-04-25 00:59:23+00:00,8155,12993,primary_cycle25,True,0,1.0,1,noaa-science-v1-0-1:202204250352
gb72-native-v1:20220425_0236_HARP8155_NOAA12993,20220425_0236_HARP8155_NOAA12993,2022-04-25 02:35:23+00:00,8155,12993,primary_cycle25,True,0,1.0,1,noaa-science-v1-0-1:202204250352
gb72-native-v1:20220504_1700_HARP8195_NOAA13004,20220504_1700_HARP8195_NOAA13004,2022-05-04 16:59:23+00:00,8195,13004,primary_cycle25,True,0,1.0,1,noaa-science-v1-0-1:202205042009;noaa-science-v1-0-1:202205051308
gb72-native-v1:20220504_1836_HARP8195_NOAA13004,20220504_1836_HARP8195_NOAA13004,2022-05-04 18:35:23+00:00,8195,13004,primary_cycle25,True,0,1.0,1,noaa-science-v1-0-1:202205042009;noaa-science-v1-0-1:202205051308
gb72-native-v1:20220504_2024_HARP8195_NOAA13004,20220504_2024_HARP8195_NOAA13004,2022-05-04 20:23:23+00:00,8195,13004,not_in_matched_inputs,False,0,1.0,1,noaa-science-v1-0-1:202205051308
gb72-native-v1:20220504_2200_HARP8195_NOAA13004,20220504_2200_HARP8195_NOAA13004,2022-05-04 21:59:23+00:00,8195,13004,not_in_matched_inputs,False,0,1.0,1,noaa-science-v1-0-1:202205051308
gb72-native-v1:20220504_2336_HARP8195_NOAA13004,20220504_2336_HARP8195_NOAA13004,2022-05-04 23:35:23+00:00,8195,13004,not_in_matched_inputs,False,0,1.0,1,noaa-science-v1-0-1:202205051308
gb72-native-v1:20220505_0112_HARP8195_NOAA13004,20220505_0112_HARP8195_NOAA13004,2022-05-05 01:11:23+00:00,8195,13004,primary_cycle25,True,0,1.0,1,noaa-science-v1-0-1:202205051308
gb72-native-v1:20220505_0248_HARP8195_NOAA13004,20220505_0248_HARP8195_NOAA13004,2022-05-05 02:47:23+00:00,8195,13004,primary_cycle25,True,0,1.0,1,noaa-science-v1-0-1:202205051308
gb72-native-v1:20220505_0424_HARP8195_NOAA13004,20220505_0424_HARP8195_NOAA13004,2022-05-05 04:23:23+00:00,8195,13004,primary_cycle25,True,0,1.0,1,noaa-science-v1-0-1:202205051308
gb72-native-v1:20220505_0600_HARP8195_NOAA13004,20220505_0600_HARP8195_NOAA13004,2022-05-05 05:59:23+00:00,8195,13004,primary_cycle25,True,0,1.0,1,noaa-science-v1-0-1:202205051308
gb72-native-v1:20220505_0736_HARP8195_NOAA13004,20220505_0736_HARP8195_NOAA13004,2022-05-05 07:35:23+00:00,8195,13004,not_in_matched_inputs,False,0,1.0,1,noaa-science-v1-0-1:202205051308
gb72-native-v1:20220505_0912_HARP8195_NOAA13004,20220505_0912_HARP8195_NOAA13004,2022-05-05 09:11:23+00:00,8195,13004,not_in_matched_inputs,False,0,1.0,1,noaa-science-v1-0-1:202205051308
gb72-native-v1:20220505_1048_HARP8195_NOAA13004,20220505_1048_HARP8195_NOAA13004,2022-05-05 10:47:23+00:00,8195,13004,not_in_matched_inputs,False,0,1.0,1,noaa-science-v1-0-1:202205051308
gb72-native-v1:20220505_1224_HARP8195_NOAA13004,20220505_1224_HARP8195_NOAA13004,2022-05-05 12:23:23+00:00,8195,13004,primary_cycle25,True,0,1.0,1,noaa-science-v1-0-1:202205051308
gb72-native-v1:20220523_1836_HARP8240_NOAA13016,20220523_1836_HARP8240_NOAA13016,2022-05-23 18:35:23+00:00,8240,13016,primary_cycle25,True,0,1.0,1,noaa-science-v1-0-1:202205251809
gb72-native-v1:20220523_2012_HARP8240_NOAA13016,20220523_2012_HARP8240_NOAA13016,2022-05-23 20:11:23+00:00,8240,13016,primary_cycle25,True,0,1.0,1,noaa-science-v1-0-1:202205251809
gb72-native-v1:20220523_2148_HARP8240_NOAA13016,20220523_2148_HARP8240_NOAA13016,2022-05-23 21:47:23+00:00,8240,13016,primary_cycle25,True,0,1.0,1,noaa-science-v1-0-1:202205251809
gb72-native-v1:20220523_2324_HARP8240_NOAA13016,20220523_2324_HARP8240_NOAA13016,2022-05-23 23:23:23+00:00,8240,13016,primary_cycle25,True,0,1.0,1,noaa-science-v1-0-1:202205251809
gb72-native-v1:20220524_0100_HARP8240_NOAA13016,20220524_0100_HARP8240_NOAA13016,2022-05-24 00:59:23+00:00,8240,13016,primary_cycle25,True,0,1.0,1,noaa-science-v1-0-1:202205251809
gb72-native-v1:20220524_0236_HARP8240_NOAA13016,20220524_0236_HARP8240_NOAA13016,2022-05-24 02:35:23+00:00,8240,13016,primary_cycle25,True,0,1.0,1,noaa-science-v1-0-1:202205251809
gb72-native-v1:20220524_0412_HARP8240_NOAA13016,20220524_0412_HARP8240_NOAA13016,2022-05-24 04:11:23+00:00,8240,13016,primary_cycle25,True,0,1.0,1,noaa-science-v1-0-1:202205251809
gb72-native-v1:20220524_0548_HARP8240_NOAA13016,20220524_0548_HARP8240_NOAA13016,2022-05-24 05:47:23+00:00,8240,13016,primary_cycle25,True,0,1.0,1,noaa-science-v1-0-1:202205251809
gb72-native-v1:20220524_0724_HARP8240_NOAA13016,20220524_0724_HARP8240_NOAA13016,2022-05-24 07:23:23+00:00,8240,13016,primary_cycle25,True,0,1.0,1,noaa-science-v1-0-1:202205251809
gb72-native-v1:20220524_0900_HARP8240_NOAA13016,20220524_0900_HARP8240_NOAA13016,2022-05-24 08:59:23+00:00,8240,13016,primary_cycle25,True,0,1.0,1,noaa-science-v1-0-1:202205251809
gb72-native-v1:20220524_1036_HARP8240_NOAA13016,20220524_1036_HARP8240_NOAA13016,2022-05-24 10:35:23+00:00,8240,13016,primary_cycle25,True,0,1.0,1,noaa-science-v1-0-1:202205251809
gb72-native-v1:20220524_1212_HARP8240_NOAA13016,20220524_1212_HARP8240_NOAA13016,2022-05-24 12:11:23+00:00,8240,13016,primary_cycle25,True,0,1.0,1,noaa-science-v1-0-1:202205251809
gb72-native-v1:20220524_1348_HARP8240_NOAA13016,20220524_1348_HARP8240_NOAA13016,2022-05-24 13:47:23+00:00,8240,13016,primary_cycle25,True,0,1.0,1,noaa-science-v1-0-1:202205251809
gb72-native-v1:20220524_1524_HARP8240_NOAA13016,20220524_1524_HARP8240_NOAA13016,2022-05-24 15:23:23+00:00,8240,13016,primary_cycle25,True,0,1.0,1,noaa-science-v1-0-1:202205251809
gb72-native-v1:20220524_1700_HARP8240_NOAA13016,20220524_1700_HARP8240_NOAA13016,2022-05-24 16:59:23+00:00,8240,13016,primary_cycle25,True,0,1.0,1,noaa-science-v1-0-1:202205251809
gb72-native-v1:20220524_1836_HARP8240_NOAA13016,20220524_1836_HARP8240_NOAA13016,2022-05-24 18:35:23+00:00,8240,13016,primary_cycle25,True,0,1.0,1,noaa-science-v1-0-1:202205251809
gb72-native-v1:20220524_2036_HARP8240_NOAA13016,20220524_2036_HARP8240_NOAA13016,2022-05-24 20:35:23+00:00,8240,13016,not_in_matched_inputs,False,0,1.0,1,noaa-science-v1-0-1:202205251809
gb72-native-v1:20220524_2212_HARP8240_NOAA13016,20220524_2212_HARP8240_NOAA13016,2022-05-24 22:11:23+00:00,8240,13016,not_in_matched_inputs,False,0,1.0,1,noaa-science-v1-0-1:202205251809
gb72-native-v1:20220524_2348_HARP8240_NOAA13016,20220524_2348_HARP8240_NOAA13016,2022-05-24 23:47:23+00:00,8240,13016,not_in_matched_inputs,False,0,1.0,1,noaa-science-v1-0-1:202205251809
gb72-native-v1:20220614_0348_HARP8294_NOAA13031,20220614_0348_HARP8294_NOAA13031,2022-06-14 03:47:23+00:00,8294,13031,primary_cycle25,True,0,1.0,1,noaa-science-v1-0-1:202206160346
gb72-native-v1:20220614_0524_HARP8294_NOAA13031,20220614_0524_HARP8294_NOAA13031,2022-06-14 05:23:23+00:00,8294,13031,primary_cycle25,True,0,1.0,1,noaa-science-v1-0-1:202206160346
gb72-native-v1:20220614_0700_HARP8294_NOAA13031,20220614_0700_HARP8294_NOAA13031,2022-06-14 06:59:23+00:00,8294,13031,primary_cycle25,True,0,1.0,1,noaa-science-v1-0-1:202206160346
gb72-native-v1:20220614_0836_HARP8294_NOAA13031,20220614_0836_HARP8294_NOAA13031,2022-06-14 08:35:23+00:00,8294,13031,primary_cycle25,True,0,1.0,1,noaa-science-v1-0-1:202206160346
gb72-native-v1:20220614_1012_HARP8294_NOAA13031,20220614_1012_HARP8294_NOAA13031,2022-06-14 10:11:23+00:00,8294,13031,primary_cycle25,True,0,1.0,1,noaa-science-v1-0-1:202206160346
gb72-native-v1:20220614_1148_HARP8294_NOAA13031,20220614_1148_HARP8294_NOAA13031,2022-06-14 11:47:23+00:00,8294,13031,primary_cycle25,True,0,1.0,1,noaa-science-v1-0-1:202206160346
gb72-native-v1:20220614_1324_HARP8294_NOAA13031,20220614_1324_HARP8294_NOAA13031,2022-06-14 13:23:23+00:00,8294,13031,primary_cycle25,True,0,1.0,1,noaa-science-v1-0-1:202206160346
gb72-native-v1:20220614_1500_HARP8294_NOAA13031,20220614_1500_HARP8294_NOAA13031,2022-06-14 14:59:23+00:00,8294,13031,primary_cycle25,True,0,1.0,1,noaa-science-v1-0-1:202206160346
gb72-native-v1:20220614_1636_HARP8294_NOAA13031,20220614_1636_HARP8294_NOAA13031,2022-06-14 16:35:23+00:00,8294,13031,primary_cycle25,True,0,1.0,1,noaa-science-v1-0-1:202206160346
gb72-native-v1:20220614_1812_HARP8294_NOAA13031,20220614_1812_HARP8294_NOAA13031,2022-06-14 18:11:23+00:00,8294,13031,primary_cycle25,True,0,1.0,1,noaa-science-v1-0-1:202206160346
gb72-native-v1:20220614_1948_HARP8294_NOAA13031,20220614_1948_HARP8294_NOAA13031,2022-06-14 19:47:23+00:00,8294,13031,primary_cycle25,True,0,1.0,1,noaa-science-v1-0-1:202206160346
gb72-native-v1:20220614_2124_HARP8294_NOAA13031,20220614_2124_HARP8294_NOAA13031,2022-06-14 21:23:23+00:00,8294,13031,primary_cycle25,True,0,1.0,1,noaa-science-v1-0-1:202206160346
gb72-native-v1:20220614_2300_HARP8294_NOAA13031,20220614_2300_HARP8294_NOAA13031,2022-06-14 22:59:23+00:00,8294,13031,primary_cycle25,True,0,1.0,1,noaa-science-v1-0-1:202206160346
gb72-native-v1:20220615_0036_HARP8294_NOAA13031,20220615_0036_HARP8294_NOAA13031,2022-06-15 00:35:23+00:00,8294,13031,primary_cycle25,True,0,1.0,1,noaa-science-v1-0-1:202206160346
gb72-native-v1:20220615_0212_HARP8294_NOAA13031,20220615_0212_HARP8294_NOAA13031,2022-06-15 02:11:23+00:00,8294,13031,primary_cycle25,True,0,1.0,1,noaa-science-v1-0-1:202206160346
gb72-native-v1:20220615_0348_HARP8294_NOAA13031,20220615_0348_HARP8294_NOAA13031,2022-06-15 03:47:23+00:00,8294,13031,primary_cycle25,True,0,1.0,1,noaa-science-v1-0-1:202206160346
gb72-native-v1:20220615_0524_HARP8294_NOAA13031,20220615_0524_HARP8294_NOAA13031,2022-06-15 05:23:23+00:00,8294,13031,primary_cycle25,True,0,1.0,1,noaa-science-v1-0-1:202206160346
gb72-native-v1:20220615_0700_HARP8294_NOAA13031,20220615_0700_HARP8294_NOAA13031,2022-06-15 06:59:23+00:00,8294,13031,primary_cycle25,True,0,1.0,1,noaa-science-v1-0-1:202206160346
gb72-native-v1:20220615_0836_HARP8294_NOAA13031,20220615_0836_HARP8294_NOAA13031,2022-06-15 08:35:23+00:00,8294,13031,primary_cycle25,True,0,1.0,1,noaa-science-v1-0-1:202206160346
gb72-native-v1:20220615_1012_HARP8294_NOAA13031,20220615_1012_HARP8294_NOAA13031,2022-06-15 10:11:23+00:00,8294,13031,primary_cycle25,True,0,1.0,1,noaa-science-v1-0-1:202206160346
gb72-native-v1:20220615_1148_HARP8294_NOAA13031,20220615_1148_HARP8294_NOAA13031,2022-06-15 11:47:23+00:00,8294,13031,primary_cycle25,True,0,1.0,1,noaa-science-v1-0-1:202206160346
gb72-native-v1:20220615_1324_HARP8294_NOAA13031,20220615_1324_HARP8294_NOAA13031,2022-06-15 13:23:23+00:00,8294,13031,primary_cycle25,True,0,1.0,1,noaa-science-v1-0-1:202206160346
gb72-native-v1:20220615_1500_HARP8294_NOAA13031,20220615_1500_HARP8294_NOAA13031,2022-06-15 14:59:23+00:00,8294,13031,primary_cycle25,True,0,1.0,1,noaa-science-v1-0-1:202206160346
gb72-native-v1:20220615_1636_HARP8294_NOAA13031,20220615_1636_HARP8294_NOAA13031,2022-06-15 16:35:23+00:00,8294,13031,primary_cycle25,True,0,1.0,1,noaa-science-v1-0-1:202206160346
gb72-native-v1:20220615_1812_HARP8294_NOAA13031,20220615_1812_HARP8294_NOAA13031,2022-06-15 18:11:23+00:00,8294,13031,primary_cycle25,True,0,1.0,1,noaa-science-v1-0-1:202206160346
gb72-native-v1:20220615_2000_HARP8294_NOAA13031,20220615_2000_HARP8294_NOAA13031,2022-06-15 19:59:23+00:00,8294,13031,not_in_matched_inputs,False,0,1.0,1,noaa-science-v1-0-1:202206160346
gb72-native-v1:20220615_2136_HARP8294_NOAA13031,20220615_2136_HARP8294_NOAA13031,2022-06-15 21:35:23+00:00,8294,13031,not_in_matched_inputs,False,0,1.0,1,noaa-science-v1-0-1:202206160346
gb72-native-v1:20220615_2312_HARP8294_NOAA13031,20220615_2312_HARP8294_NOAA13031,2022-06-15 23:11:23+00:00,8294,13031,not_in_matched_inputs,False,0,1.0,1,noaa-science-v1-0-1:202206160346
gb72-native-v1:20220616_0048_HARP8294_NOAA13031,20220616_0048_HARP8294_NOAA13031,2022-06-16 00:47:23+00:00,8294,13031,primary_cycle25,True,0,1.0,1,noaa-science-v1-0-1:202206160346
gb72-native-v1:20220616_0224_HARP8294_NOAA13031,20220616_0224_HARP8294_NOAA13031,2022-06-16 02:23:23+00:00,8294,13031,primary_cycle25,True,0,1.0,1,noaa-science-v1-0-1:202206160346
gb72-native-v1:20220715_0612_HARP8421_NOAA13057,20220715_0612_HARP8421_NOAA13057,2022-07-15 06:11:23+00:00,8421,13057,not_in_matched_inputs,False,0,1.0,1,noaa-science-v1-0-1:202207160616
gb72-native-v1:20220715_0748_HARP8421_NOAA13057,20220715_0748_HARP8421_NOAA13057,2022-07-15 07:47:23+00:00,8421,13057,not_in_matched_inputs,False,0,1.0,1,noaa-science-v1-0-1:202207160616
gb72-native-v1:20220715_0924_HARP8421_NOAA13057,20220715_0924_HARP8421_NOAA13057,2022-07-15 09:23:23+00:00,8421,13057,not_in_matched_inputs,False,0,1.0,1,noaa-science-v1-0-1:202207160616
gb72-native-v1:20220715_1100_HARP8421_NOAA13057,20220715_1100_HARP8421_NOAA13057,2022-07-15 10:59:23+00:00,8421,13057,primary_cycle25,True,0,1.0,1,noaa-science-v1-0-1:202207160616
gb72-native-v1:20220715_1236_HARP8421_NOAA13057,20220715_1236_HARP8421_NOAA13057,2022-07-15 12:35:23+00:00,8421,13057,primary_cycle25,True,0,1.0,1,noaa-science-v1-0-1:202207160616
gb72-native-v1:20220715_1412_HARP8421_NOAA13057,20220715_1412_HARP8421_NOAA13057,2022-07-15 14:11:23+00:00,8421,13057,primary_cycle25,True,0,1.0,1,noaa-science-v1-0-1:202207160616
gb72-native-v1:20220715_1548_HARP8421_NOAA13057,20220715_1548_HARP8421_NOAA13057,2022-07-15 15:47:23+00:00,8421,13057,primary_cycle25,True,0,1.0,1,noaa-science-v1-0-1:202207160616
gb72-native-v1:20220715_1724_HARP8421_NOAA13057,20220715_1724_HARP8421_NOAA13057,2022-07-15 17:23:23+00:00,8421,13057,primary_cycle25,True,0,1.0,1,noaa-science-v1-0-1:202207160616
gb72-native-v1:20220715_1900_HARP8421_NOAA13057,20220715_1900_HARP8421_NOAA13057,2022-07-15 18:59:23+00:00,8421,13057,primary_cycle25,True,0,1.0,1,noaa-science-v1-0-1:202207160616
gb72-native-v1:20220715_2036_HARP8421_NOAA13057,20220715_2036_HARP8421_NOAA13057,2022-07-15 20:35:23+00:00,8421,13057,primary_cycle25,True,0,1.0,1,noaa-science-v1-0-1:202207160616
gb72-native-v1:20220715_2212_HARP8421_NOAA13057,20220715_2212_HARP8421_NOAA13057,2022-07-15 22:11:23+00:00,8421,13057,primary_cycle25,True,0,1.0,1,noaa-science-v1-0-1:202207160616
gb72-native-v1:20220715_2348_HARP8421_NOAA13057,20220715_2348_HARP8421_NOAA13057,2022-07-15 23:47:23+00:00,8421,13057,primary_cycle25,True,0,1.0,1,noaa-science-v1-0-1:202207160616
gb72-native-v1:20220716_0124_HARP8421_NOAA13057,20220716_0124_HARP8421_NOAA13057,2022-07-16 01:23:23+00:00,8421,13057,primary_cycle25,True,0,1.0,1,noaa-science-v1-0-1:202207160616
gb72-native-v1:20220716_0300_HARP8421_NOAA13057,20220716_0300_HARP8421_NOAA13057,2022-07-16 02:59:23+00:00,8421,13057,primary_cycle25,True,0,1.0,1,noaa-science-v1-0-1:202207160616
gb72-native-v1:20220716_0436_HARP8421_NOAA13057,20220716_0436_HARP8421_NOAA13057,2022-07-16 04:35:23+00:00,8421,13057,primary_cycle25,True,0,1.0,1,noaa-science-v1-0-1:202207160616
gb72-native-v1:20220716_0612_HARP8421_NOAA13057,20220716_0612_HARP8421_NOAA13057,2022-07-16 06:11:23+00:00,8421,13057,primary_cycle25,True,0,1.0,1,noaa-science-v1-0-1:202207160616
gb72-native-v1:20220815_2224_HARP8507_NOAA13078,20220815_2224_HARP8507_NOAA13078,2022-08-15 22:23:23+00:00,8507,13078,primary_cycle25,True,0,1.0,1,noaa-science-v1-0-1:202208160752;noaa-science-v1-0-1:202208162110;noaa-science-v1-0-1:202208171326;noaa-science-v1-0-1:202208171428
gb72-native-v1:20220816_0000_HARP8507_NOAA13078,20220816_0000_HARP8507_NOAA13078,2022-08-15 23:59:23+00:00,8507,13078,primary_cycle25,True,0,1.0,1,noaa-science-v1-0-1:202208160752;noaa-science-v1-0-1:202208162110;noaa-science-v1-0-1:202208171326;noaa-science-v1-0-1:202208171428
gb72-native-v1:20220816_0136_HARP8507_NOAA13078,20220816_0136_HARP8507_NOAA13078,2022-08-16 01:35:23+00:00,8507,13078,primary_cycle25,True,0,1.0,1,noaa-science-v1-0-1:202208160752;noaa-science-v1-0-1:202208162110;noaa-science-v1-0-1:202208171326;noaa-science-v1-0-1:202208171428
gb72-native-v1:20220816_0312_HARP8507_NOAA13078,20220816_0312_HARP8507_NOAA13078,2022-08-16 03:11:23+00:00,8507,13078,primary_cycle25,True,0,1.0,1,noaa-science-v1-0-1:202208160752;noaa-science-v1-0-1:202208162110;noaa-science-v1-0-1:202208171326;noaa-science-v1-0-1:202208171428
gb72-native-v1:20220816_0448_HARP8507_NOAA13078,20220816_0448_HARP8507_NOAA13078,2022-08-16 04:47:23+00:00,8507,13078,primary_cycle25,True,0,1.0,1,noaa-science-v1-0-1:202208160752;noaa-science-v1-0-1:202208162110;noaa-science-v1-0-1:202208171326;noaa-science-v1-0-1:202208171428
gb72-native-v1:20220816_0848_HARP8507_NOAA13078,20220816_0848_HARP8507_NOAA13078,2022-08-16 08:47:23+00:00,8507,13078,not_in_matched_inputs,False,0,1.0,1,noaa-science-v1-0-1:202208162110;noaa-science-v1-0-1:202208171326;noaa-science-v1-0-1:202208171428
gb72-native-v1:20220816_1024_HARP8507_NOAA13078,20220816_1024_HARP8507_NOAA13078,2022-08-16 10:23:23+00:00,8507,13078,not_in_matched_inputs,False,0,1.0,1,noaa-science-v1-0-1:202208162110;noaa-science-v1-0-1:202208171326;noaa-science-v1-0-1:202208171428;noaa-science-v1-0-1:202208181000
gb72-native-v1:20220816_1200_HARP8507_NOAA13078,20220816_1200_HARP8507_NOAA13078,2022-08-16 11:59:23+00:00,8507,13078,not_in_matched_inputs,False,0,1.0,1,noaa-science-v1-0-1:202208162110;noaa-science-v1-0-1:202208171326;noaa-science-v1-0-1:202208171428;noaa-science-v1-0-1:202208181000;noaa-science-v1-0-1:202208181037
gb72-native-v1:20220816_1336_HARP8507_NOAA13078,20220816_1336_HARP8507_NOAA13078,2022-08-16 13:35:23+00:00,8507,13078,primary_cycle25,True,0,1.0,1,noaa-science-v1-0-1:202208162110;noaa-science-v1-0-1:202208171326;noaa-science-v1-0-1:202208171428;noaa-science-v1-0-1:202208181000;noaa-science-v1-0-1:202208181037
gb72-native-v1:20220816_1512_HARP8507_NOAA13078,20220816_1512_HARP8507_NOAA13078,2022-08-16 15:11:23+00:00,8507,13078,primary_cycle25,True,0,1.0,1,noaa-science-v1-0-1:202208162110;noaa-science-v1-0-1:202208171326;noaa-science-v1-0-1:202208171428;noaa-science-v1-0-1:202208181000;noaa-science-v1-0-1:202208181037;noaa-science-v1-0-1:202208181401
gb72-native-v1:20220816_1648_HARP8507_NOAA13078,20220816_1648_HARP8507_NOAA13078,2022-08-16 16:47:23+00:00,8507,13078,primary_cycle25,True,0,1.0,1,noaa-science-v1-0-1:202208162110;noaa-science-v1-0-1:202208171326;noaa-science-v1-0-1:202208171428;noaa-science-v1-0-1:202208181000;noaa-science-v1-0-1:202208181037;noaa-science-v1-0-1:202208181401
gb72-native-v1:20220816_1824_HARP8507_NOAA13078,20220816_1824_HARP8507_NOAA13078,2022-08-16 18:23:23+00:00,8507,13078,primary_cycle25,True,0,1.0,1,noaa-science-v1-0-1:202208162110;noaa-science-v1-0-1:202208171326;noaa-science-v1-0-1:202208171428;noaa-science-v1-0-1:202208181000;noaa-science-v1-0-1:202208181037;noaa-science-v1-0-1:202208181401
gb72-native-v1:20220816_2000_HARP8507_NOAA13078,20220816_2000_HARP8507_NOAA13078,2022-08-16 19:59:23+00:00,8507,13078,primary_cycle25,True,0,1.0,1,noaa-science-v1-0-1:202208162110;noaa-science-v1-0-1:202208171326;noaa-science-v1-0-1:202208171428;noaa-science-v1-0-1:202208181000;noaa-science-v1-0-1:202208181037;noaa-science-v1-0-1:202208181401
gb72-native-v1:20220816_2200_HARP8507_NOAA13078,20220816_2200_HARP8507_NOAA13078,2022-08-16 21:59:23+00:00,8507,13078,not_in_matched_inputs,False,0,1.0,1,noaa-science-v1-0-1:202208171326;noaa-science-v1-0-1:202208171428;noaa-science-v1-0-1:202208181000;noaa-science-v1-0-1:202208181037;noaa-science-v1-0-1:202208181401
gb72-native-v1:20220816_2336_HARP8507_NOAA13078,20220816_2336_HARP8507_NOAA13078,2022-08-16 23:35:23+00:00,8507,13078,not_in_matched_inputs,False,0,1.0,1,noaa-science-v1-0-1:202208171326;noaa-science-v1-0-1:202208171428;noaa-science-v1-0-1:202208181000;noaa-science-v1-0-1:202208181037;noaa-science-v1-0-1:202208181401
gb72-native-v1:20220817_0112_HARP8507_NOAA13078,20220817_0112_HARP8507_NOAA13078,2022-08-17 01:11:23+00:00,8507,13078,not_in_matched_inputs,False,0,1.0,1,noaa-science-v1-0-1:202208171326;noaa-science-v1-0-1:202208171428;noaa-science-v1-0-1:202208181000;noaa-science-v1-0-1:202208181037;noaa-science-v1-0-1:202208181401
gb72-native-v1:20220817_0248_HARP8507_NOAA13078,20220817_0248_HARP8507_NOAA13078,2022-08-17 02:47:23+00:00,8507,13078,not_in_matched_inputs,False,0,1.0,1,noaa-science-v1-0-1:202208171326;noaa-science-v1-0-1:202208171428;noaa-science-v1-0-1:202208181000;noaa-science-v1-0-1:202208181037;noaa-science-v1-0-1:202208181401
gb72-native-v1:20220817_0424_HARP8507_NOAA13078,20220817_0424_HARP8507_NOAA13078,2022-08-17 04:23:23+00:00,8507,13078,not_in_matched_inputs,False,0,1.0,1,noaa-science-v1-0-1:202208171326;noaa-science-v1-0-1:202208171428;noaa-science-v1-0-1:202208181000;noaa-science-v1-0-1:202208181037;noaa-science-v1-0-1:202208181401;noaa-science-v1-0-1:202208190414
gb72-native-v1:20220817_0600_HARP8507_NOAA13078,20220817_0600_HARP8507_NOAA13078,2022-08-17 05:59:23+00:00,8507,13078,primary_cycle25,True,0,1.0,1,noaa-science-v1-0-1:202208171326;noaa-science-v1-0-1:202208171428;noaa-science-v1-0-1:202208181000;noaa-science-v1-0-1:202208181037;noaa-science-v1-0-1:202208181401;noaa-science-v1-0-1:202208190414
gb72-native-v1:20220817_0948_HARP8507_NOAA13078,20220817_0948_HARP8507_NOAA13078,2022-08-17 09:47:23+00:00,8507,13078,not_in_matched_inputs,False,0,1.0,1,noaa-science-v1-0-1:202208171326;noaa-science-v1-0-1:202208171428;noaa-science-v1-0-1:202208181000;noaa-science-v1-0-1:202208181037;noaa-science-v1-0-1:202208181401;noaa-science-v1-0-1:202208190414
gb72-native-v1:20220918_1148_HARP8602_NOAA13102,20220918_1148_HARP8602_NOAA13102,2022-09-18 11:47:23+00:00,8602,13102,primary_cycle25,True,0,1.0,1,noaa-science-v1-0-1:202209201113
gb72-native-v1:20220918_1324_HARP8602_NOAA13102,20220918_1324_HARP8602_NOAA13102,2022-09-18 13:23:23+00:00,8602,13102,primary_cycle25,True,0,1.0,1,noaa-science-v1-0-1:202209201113
gb72-native-v1:20220918_1500_HARP8602_NOAA13102,20220918_1500_HARP8602_NOAA13102,2022-09-18 14:59:23+00:00,8602,13102,primary_cycle25,True,0,1.0,1,noaa-science-v1-0-1:202209201113
gb72-native-v1:20220918_1636_HARP8602_NOAA13102,20220918_1636_HARP8602_NOAA13102,2022-09-18 16:35:23+00:00,8602,13102,primary_cycle25,True,0,1.0,1,noaa-science-v1-0-1:202209201113
gb72-native-v1:20220918_1812_HARP8602_NOAA13102,20220918_1812_HARP8602_NOAA13102,2022-09-18 18:11:23+00:00,8602,13102,primary_cycle25,True,0,1.0,1,noaa-science-v1-0-1:202209201113
gb72-native-v1:20220918_1948_HARP8602_NOAA13102,20220918_1948_HARP8602_NOAA13102,2022-09-18 19:47:23+00:00,8602,13102,primary_cycle25,True,0,1.0,1,noaa-science-v1-0-1:202209201113
gb72-native-v1:20220918_2124_HARP8602_NOAA13102,20220918_2124_HARP8602_NOAA13102,2022-09-18 21:23:23+00:00,8602,13102,primary_cycle25,True,0,1.0,1,noaa-science-v1-0-1:202209201113
gb72-native-v1:20220918_2300_HARP8602_NOAA13102,20220918_2300_HARP8602_NOAA13102,2022-09-18 22:59:23+00:00,8602,13102,primary_cycle25,True,0,1.0,1,noaa-science-v1-0-1:202209201113
gb72-native-v1:20220919_0036_HARP8602_NOAA13102,20220919_0036_HARP8602_NOAA13102,2022-09-19 00:35:23+00:00,8602,13102,primary_cycle25,True,0,1.0,1,noaa-science-v1-0-1:202209201113
gb72-native-v1:20220919_0212_HARP8602_NOAA13102,20220919_0212_HARP8602_NOAA13102,2022-09-19 02:11:23+00:00,8602,13102,primary_cycle25,True,0,1.0,1,noaa-science-v1-0-1:202209201113
gb72-native-v1:20220919_0348_HARP8602_NOAA13102,20220919_0348_HARP8602_NOAA13102,2022-09-19 03:47:23+00:00,8602,13102,primary_cycle25,True,0,1.0,1,noaa-science-v1-0-1:202209201113
gb72-native-v1:20220919_0524_HARP8602_NOAA13102,20220919_0524_HARP8602_NOAA13102,2022-09-19 05:23:23+00:00,8602,13102,primary_cycle25,True,0,1.0,1,noaa-science-v1-0-1:202209201113
gb72-native-v1:20220919_0700_HARP8602_NOAA13102,20220919_0700_HARP8602_NOAA13102,2022-09-19 06:59:23+00:00,8602,13102,primary_cycle25,True,0,1.0,1,noaa-science-v1-0-1:202209201113
gb72-native-v1:20220919_0836_HARP8602_NOAA13102,20220919_0836_HARP8602_NOAA13102,2022-09-19 08:35:23+00:00,8602,13102,primary_cycle25,True,0,1.0,1,noaa-science-v1-0-1:202209201113
gb72-native-v1:20220919_1012_HARP8602_NOAA13102,20220919_1012_HARP8602_NOAA13102,2022-09-19 10:11:23+00:00,8602,13102,primary_cycle25,True,0,1.0,1,noaa-science-v1-0-1:202209201113
gb72-native-v1:20220919_1148_HARP8602_NOAA13102,20220919_1148_HARP8602_NOAA13102,2022-09-19 11:47:23+00:00,8602,13102,primary_cycle25,True,0,1.0,1,noaa-science-v1-0-1:202209201113
gb72-native-v1:20220919_1324_HARP8602_NOAA13102,20220919_1324_HARP8602_NOAA13102,2022-09-19 13:23:23+00:00,8602,13102,primary_cycle25,True,0,1.0,1,noaa-science-v1-0-1:202209201113
gb72-native-v1:20220919_1500_HARP8602_NOAA13102,20220919_1500_HARP8602_NOAA13102,2022-09-19 14:59:23+00:00,8602,13102,primary_cycle25,True,0,1.0,1,noaa-science-v1-0-1:202209201113
gb72-native-v1:20220919_1636_HARP8602_NOAA13102,20220919_1636_HARP8602_NOAA13102,2022-09-19 16:35:23+00:00,8602,13102,primary_cycle25,True,0,1.0,1,noaa-science-v1-0-1:202209201113
gb72-native-v1:20220919_1812_HARP8602_NOAA13102,20220919_1812_HARP8602_NOAA13102,2022-09-19 18:11:23+00:00,8602,13102,primary_cycle25,True,0,1.0,1,noaa-science-v1-0-1:202209201113
gb72-native-v1:20220919_1948_HARP8602_NOAA13102,20220919_1948_HARP8602_NOAA13102,2022-09-19 19:47:23+00:00,8602,13102,primary_cycle25,True,0,1.0,1,noaa-science-v1-0-1:202209201113
gb72-native-v1:20220919_2124_HARP8602_NOAA13102,20220919_2124_HARP8602_NOAA13102,2022-09-19 21:23:23+00:00,8602,13102,primary_cycle25,True,0,1.0,1,noaa-science-v1-0-1:202209201113
gb72-native-v1:20220919_2300_HARP8602_NOAA13102,20220919_2300_HARP8602_NOAA13102,2022-09-19 22:59:23+00:00,8602,13102,primary_cycle25,True,0,1.0,1,noaa-science-v1-0-1:202209201113
gb72-native-v1:20220920_0036_HARP8602_NOAA13102,20220920_0036_HARP8602_NOAA13102,2022-09-20 00:35:23+00:00,8602,13102,primary_cycle25,True,0,1.0,1,noaa-science-v1-0-1:202209201113
gb72-native-v1:20220920_0212_HARP8602_NOAA13102,20220920_0212_HARP8602_NOAA13102,2022-09-20 02:11:23+00:00,8602,13102,primary_cycle25,True,0,1.0,1,noaa-science-v1-0-1:202209201113
gb72-native-v1:20220920_0348_HARP8602_NOAA13102,20220920_0348_HARP8602_NOAA13102,2022-09-20 03:47:23+00:00,8602,13102,primary_cycle25,True,0,1.0,1,noaa-science-v1-0-1:202209201113
gb72-native-v1:20220920_0524_HARP8602_NOAA13102,20220920_0524_HARP8602_NOAA13102,2022-09-20 05:23:23+00:00,8602,13102,primary_cycle25,True,0,1.0,1,noaa-science-v1-0-1:202209201113
gb72-native-v1:20220920_0700_HARP8602_NOAA13102,20220920_0700_HARP8602_NOAA13102,2022-09-20 06:59:23+00:00,8602,13102,primary_cycle25,True,0,1.0,1,noaa-science-v1-0-1:202209201113
gb72-native-v1:20220920_0836_HARP8602_NOAA13102,20220920_0836_HARP8602_NOAA13102,2022-09-20 08:35:23+00:00,8602,13102,primary_cycle25,True,0,1.0,1,noaa-science-v1-0-1:202209201113
gb72-native-v1:20220920_1012_HARP8602_NOAA13102,20220920_1012_HARP8602_NOAA13102,2022-09-20 10:11:23+00:00,8602,13102,primary_cycle25,True,0,1.0,1,noaa-science-v1-0-1:202209201113
gb72-native-v1:20220929_2012_HARP8625_NOAA13110,20220929_2012_HARP8625_NOAA13110,2022-09-29 20:11:23+00:00,8625,13110,primary_cycle25,True,0,1.0,1,noaa-science-v1-0-1:202210011958
gb72-native-v1:20220929_2148_HARP8625_NOAA13110,20220929_2148_HARP8625_NOAA13110,2022-09-29 21:47:23+00:00,8625,13110,primary_cycle25,True,0,1.0,1,noaa-science-v1-0-1:202210011958
gb72-native-v1:20220929_2324_HARP8625_NOAA13110,20220929_2324_HARP8625_NOAA13110,2022-09-29 23:23:23+00:00,8625,13110,primary_cycle25,True,0,1.0,1,noaa-science-v1-0-1:202210011958
gb72-native-v1:20220930_0100_HARP8625_NOAA13110,20220930_0100_HARP8625_NOAA13110,2022-09-30 00:59:23+00:00,8625,13110,primary_cycle25,True,0,1.0,1,noaa-science-v1-0-1:202210011958
gb72-native-v1:20220930_0236_HARP8625_NOAA13110,20220930_0236_HARP8625_NOAA13110,2022-09-30 02:35:23+00:00,8625,13110,primary_cycle25,True,0,1.0,1,noaa-science-v1-0-1:202210011958;noaa-science-v1-0-1:202210020208
gb72-native-v1:20220930_0412_HARP8625_NOAA13110,20220930_0412_HARP8625_NOAA13110,2022-09-30 04:11:23+00:00,8625,13110,primary_cycle25,True,0,1.0,1,noaa-science-v1-0-1:202210011958;noaa-science-v1-0-1:202210020208
gb72-native-v1:20220930_0548_HARP8625_NOAA13110,20220930_0548_HARP8625_NOAA13110,2022-09-30 05:47:23+00:00,8625,13110,primary_cycle25,True,0,1.0,1,noaa-science-v1-0-1:202210011958;noaa-science-v1-0-1:202210020208
gb72-native-v1:20220930_0724_HARP8625_NOAA13110,20220930_0724_HARP8625_NOAA13110,2022-09-30 07:23:23+00:00,8625,13110,primary_cycle25,True,0,1.0,1,noaa-science-v1-0-1:202210011958;noaa-science-v1-0-1:202210020208
gb72-native-v1:20220930_0900_HARP8625_NOAA13110,20220930_0900_HARP8625_NOAA13110,2022-09-30 08:59:23+00:00,8625,13110,primary_cycle25,True,0,1.0,1,noaa-science-v1-0-1:202210011958;noaa-science-v1-0-1:202210020208
gb72-native-v1:20220930_1036_HARP8625_NOAA13110,20220930_1036_HARP8625_NOAA13110,2022-09-30 10:35:23+00:00,8625,13110,primary_cycle25,True,0,1.0,1,noaa-science-v1-0-1:202210011958;noaa-science-v1-0-1:202210020208
gb72-native-v1:20220930_1212_HARP8625_NOAA13110,20220930_1212_HARP8625_NOAA13110,2022-09-30 12:11:23+00:00,8625,13110,not_in_matched_inputs,False,0,1.0,1,noaa-science-v1-0-1:202210011958;noaa-science-v1-0-1:202210020208
gb72-native-v1:20220930_1348_HARP8625_NOAA13110,20220930_1348_HARP8625_NOAA13110,2022-09-30 13:47:23+00:00,8625,13110,not_in_matched_inputs,False,0,1.0,1,noaa-science-v1-0-1:202210011958;noaa-science-v1-0-1:202210020208
gb72-native-v1:20220930_1524_HARP8625_NOAA13110,20220930_1524_HARP8625_NOAA13110,2022-09-30 15:23:23+00:00,8625,13110,not_in_matched_inputs,False,0,1.0,1,noaa-science-v1-0-1:202210011958;noaa-science-v1-0-1:202210020208
gb72-native-v1:20220930_1700_HARP8625_NOAA13110,20220930_1700_HARP8625_NOAA13110,2022-09-30 16:59:23+00:00,8625,13110,primary_cycle25,True,0,1.0,1,noaa-science-v1-0-1:202210011958;noaa-science-v1-0-1:202210020208
gb72-native-v1:20220930_1836_HARP8625_NOAA13110,20220930_1836_HARP8625_NOAA13110,2022-09-30 18:35:23+00:00,8625,13110,primary_cycle25,True,0,1.0,1,noaa-science-v1-0-1:202210011958;noaa-science-v1-0-1:202210020208
gb72-native-v1:20220930_2012_HARP8625_NOAA13110,20220930_2012_HARP8625_NOAA13110,2022-09-30 20:11:23+00:00,8625,13110,primary_cycle25,True,0,1.0,1,noaa-science-v1-0-1:202210011958;noaa-science-v1-0-1:202210020208;noaa-science-v1-0-1:202210021953
gb72-native-v1:20220930_2148_HARP8625_NOAA13110,20220930_2148_HARP8625_NOAA13110,2022-09-30 21:47:23+00:00,8625,13110,primary_cycle25,True,0,1.0,1,noaa-science-v1-0-1:202210011958;noaa-science-v1-0-1:202210020208;noaa-science-v1-0-1:202210021953
gb72-native-v1:20220930_2324_HARP8625_NOAA13110,20220930_2324_HARP8625_NOAA13110,2022-09-30 23:23:23+00:00,8625,13110,primary_cycle25,True,0,1.0,1,noaa-science-v1-0-1:202210011958;noaa-science-v1-0-1:202210020208;noaa-science-v1-0-1:202210021953
gb72-native-v1:20221001_0100_HARP8625_NOAA13110,20221001_0100_HARP8625_NOAA13110,2022-10-01 00:59:23+00:00,8625,13110,primary_cycle25,True,0,1.0,1,noaa-science-v1-0-1:202210011958;noaa-science-v1-0-1:202210020208;noaa-science-v1-0-1:202210021953
gb72-native-v1:20221001_0236_HARP8625_NOAA13110,20221001_0236_HARP8625_NOAA13110,2022-10-01 02:35:23+00:00,8625,13110,primary_cycle25,True,0,1.0,1,noaa-science-v1-0-1:202210011958;noaa-science-v1-0-1:202210020208;noaa-science-v1-0-1:202210021953
gb72-native-v1:20221001_0412_HARP8625_NOAA13110,20221001_0412_HARP8625_NOAA13110,2022-10-01 04:11:23+00:00,8625,13110,primary_cycle25,True,0,1.0,1,noaa-science-v1-0-1:202210011958;noaa-science-v1-0-1:202210020208;noaa-science-v1-0-1:202210021953
gb72-native-v1:20221001_0548_HARP8625_NOAA13110,20221001_0548_HARP8625_NOAA13110,2022-10-01 05:47:23+00:00,8625,13110,primary_cycle25,True,0,1.0,1,noaa-science-v1-0-1:202210011958;noaa-science-v1-0-1:202210020208;noaa-science-v1-0-1:202210021953
gb72-native-v1:20221001_0724_HARP8625_NOAA13110,20221001_0724_HARP8625_NOAA13110,2022-10-01 07:23:23+00:00,8625,13110,primary_cycle25,True,0,1.0,1,noaa-science-v1-0-1:202210011958;noaa-science-v1-0-1:202210020208;noaa-science-v1-0-1:202210021953
gb72-native-v1:20221001_0900_HARP8625_NOAA13110,20221001_0900_HARP8625_NOAA13110,2022-10-01 08:59:23+00:00,8625,13110,primary_cycle25,True,0,1.0,1,noaa-science-v1-0-1:202210011958;noaa-science-v1-0-1:202210020208;noaa-science-v1-0-1:202210021953
gb72-native-v1:20221001_1036_HARP8625_NOAA13110,20221001_1036_HARP8625_NOAA13110,2022-10-01 10:35:23+00:00,8625,13110,primary_cycle25,True,0,1.0,1,noaa-science-v1-0-1:202210011958;noaa-science-v1-0-1:202210020208;noaa-science-v1-0-1:202210021953;noaa-science-v1-0-1:202210030938
gb72-native-v1:20221001_1212_HARP8625_NOAA13110,20221001_1212_HARP8625_NOAA13110,2022-10-01 12:11:23+00:00,8625,13110,primary_cycle25,True,0,1.0,1,noaa-science-v1-0-1:202210011958;noaa-science-v1-0-1:202210020208;noaa-science-v1-0-1:202210021953;noaa-science-v1-0-1:202210030938;noaa-science-v1-0-1:202210031103
gb72-native-v1:20221001_1348_HARP8625_NOAA13110,20221001_1348_HARP8625_NOAA13110,2022-10-01 13:47:23+00:00,8625,13110,primary_cycle25,True,0,1.0,1,noaa-science-v1-0-1:202210011958;noaa-science-v1-0-1:202210020208;noaa-science-v1-0-1:202210021953;noaa-science-v1-0-1:202210030938;noaa-science-v1-0-1:202210031103
gb72-native-v1:20221001_1524_HARP8625_NOAA13110,20221001_1524_HARP8625_NOAA13110,2022-10-01 15:23:23+00:00,8625,13110,primary_cycle25,True,0,1.0,1,noaa-science-v1-0-1:202210011958;noaa-science-v1-0-1:202210020208;noaa-science-v1-0-1:202210021953;noaa-science-v1-0-1:202210030938;noaa-science-v1-0-1:202210031103
gb72-native-v1:20221001_1700_HARP8625_NOAA13110,20221001_1700_HARP8625_NOAA13110,2022-10-01 16:59:23+00:00,8625,13110,primary_cycle25,True,0,1.0,1,noaa-science-v1-0-1:202210011958;noaa-science-v1-0-1:202210020208;noaa-science-v1-0-1:202210021953;noaa-science-v1-0-1:202210030938;noaa-science-v1-0-1:202210031103
gb72-native-v1:20221001_1836_HARP8625_NOAA13110,20221001_1836_HARP8625_NOAA13110,2022-10-01 18:35:23+00:00,8625,13110,primary_cycle25,True,0,1.0,1,noaa-science-v1-0-1:202210011958;noaa-science-v1-0-1:202210020208;noaa-science-v1-0-1:202210021953;noaa-science-v1-0-1:202210030938;noaa-science-v1-0-1:202210031103
gb72-native-v1:20221008_1612_HARP8640_NOAA13112,20221008_1612_HARP8640_NOAA13112,2022-10-08 16:11:23+00:00,8640,13112,primary_cycle25,True,0,1.0,1,noaa-science-v1-0-1:202210100035;noaa-science-v1-0-1:202210101605
gb72-native-v1:20221008_1748_HARP8640_NOAA13112,20221008_1748_HARP8640_NOAA13112,2022-10-08 17:47:23+00:00,8640,13112,primary_cycle25,True,0,1.0,1,noaa-science-v1-0-1:202210100035;noaa-science-v1-0-1:202210101605
gb72-native-v1:20221008_1924_HARP8640_NOAA13112,20221008_1924_HARP8640_NOAA13112,2022-10-08 19:23:23+00:00,8640,13112,primary_cycle25,True,0,1.0,1,noaa-science-v1-0-1:202210100035;noaa-science-v1-0-1:202210101605
gb72-native-v1:20221008_2100_HARP8640_NOAA13112,20221008_2100_HARP8640_NOAA13112,2022-10-08 20:59:23+00:00,8640,13112,primary_cycle25,True,0,1.0,1,noaa-science-v1-0-1:202210100035;noaa-science-v1-0-1:202210101605
gb72-native-v1:20221008_2236_HARP8640_NOAA13112,20221008_2236_HARP8640_NOAA13112,2022-10-08 22:35:23+00:00,8640,13112,primary_cycle25,True,0,1.0,1,noaa-science-v1-0-1:202210100035;noaa-science-v1-0-1:202210101605
gb72-native-v1:20221009_0012_HARP8640_NOAA13112,20221009_0012_HARP8640_NOAA13112,2022-10-09 00:11:23+00:00,8640,13112,primary_cycle25,True,0,1.0,1,noaa-science-v1-0-1:202210100035;noaa-science-v1-0-1:202210101605
gb72-native-v1:20221009_0148_HARP8640_NOAA13112,20221009_0148_HARP8640_NOAA13112,2022-10-09 01:47:23+00:00,8640,13112,primary_cycle25,True,0,1.0,1,noaa-science-v1-0-1:202210100035;noaa-science-v1-0-1:202210101605
gb72-native-v1:20221009_0324_HARP8640_NOAA13112,20221009_0324_HARP8640_NOAA13112,2022-10-09 03:23:23+00:00,8640,13112,primary_cycle25,True,0,1.0,1,noaa-science-v1-0-1:202210100035;noaa-science-v1-0-1:202210101605
gb72-native-v1:20221009_0500_HARP8640_NOAA13112,20221009_0500_HARP8640_NOAA13112,2022-10-09 04:59:23+00:00,8640,13112,primary_cycle25,True,0,1.0,1,noaa-science-v1-0-1:202210100035;noaa-science-v1-0-1:202210101605
gb72-native-v1:20221009_0636_HARP8640_NOAA13112,20221009_0636_HARP8640_NOAA13112,2022-10-09 06:35:23+00:00,8640,13112,primary_cycle25,True,0,1.0,1,noaa-science-v1-0-1:202210100035;noaa-science-v1-0-1:202210101605
gb72-native-v1:20221009_0812_HARP8640_NOAA13112,20221009_0812_HARP8640_NOAA13112,2022-10-09 08:11:23+00:00,8640,13112,primary_cycle25,True,0,1.0,1,noaa-science-v1-0-1:202210100035;noaa-science-v1-0-1:202210101605
gb72-native-v1:20221113_0336_HARP8766_NOAA13140,20221113_0336_HARP8766_NOAA13140,2022-11-13 03:35:23+00:00,8766,13140,primary_cycle25,True,0,1.0,1,noaa-science-v1-0-1:202211150242
gb72-native-v1:20221113_0512_HARP8766_NOAA13140,20221113_0512_HARP8766_NOAA13140,2022-11-13 05:11:23+00:00,8766,13140,not_in_matched_inputs,False,0,1.0,1,noaa-science-v1-0-1:202211150242
gb72-native-v1:20221113_0648_HARP8766_NOAA13140,20221113_0648_HARP8766_NOAA13140,2022-11-13 06:47:23+00:00,8766,13140,not_in_matched_inputs,False,0,1.0,1,noaa-science-v1-0-1:202211150242
gb72-native-v1:20221129_0824_HARP8818_NOAA13152,20221129_0824_HARP8818_NOAA13152,2022-11-29 08:23:23+00:00,8818,13152,primary_cycle25,True,0,1.0,1,noaa-science-v1-0-1:202212010704
gb72-native-v1:20221129_1000_HARP8818_NOAA13152,20221129_1000_HARP8818_NOAA13152,2022-11-29 09:59:23+00:00,8818,13152,primary_cycle25,True,0,1.0,1,noaa-science-v1-0-1:202212010704
gb72-native-v1:20221129_1136_HARP8818_NOAA13152,20221129_1136_HARP8818_NOAA13152,2022-11-29 11:35:23+00:00,8818,13152,primary_cycle25,True,0,1.0,1,noaa-science-v1-0-1:202212010704
gb72-native-v1:20221129_1312_HARP8818_NOAA13152,20221129_1312_HARP8818_NOAA13152,2022-11-29 13:11:23+00:00,8818,13152,primary_cycle25,True,0,1.0,1,noaa-science-v1-0-1:202212010704
gb72-native-v1:20221129_1448_HARP8818_NOAA13152,20221129_1448_HARP8818_NOAA13152,2022-11-29 14:47:23+00:00,8818,13152,primary_cycle25,True,0,1.0,1,noaa-science-v1-0-1:202212010704
gb72-native-v1:20221129_1624_HARP8818_NOAA13152,20221129_1624_HARP8818_NOAA13152,2022-11-29 16:23:23+00:00,8818,13152,primary_cycle25,True,0,1.0,1,noaa-science-v1-0-1:202212010704
gb72-native-v1:20221129_1800_HARP8818_NOAA13152,20221129_1800_HARP8818_NOAA13152,2022-11-29 17:59:23+00:00,8818,13152,primary_cycle25,True,0,1.0,1,noaa-science-v1-0-1:202212010704
gb72-native-v1:20221129_1948_HARP8818_NOAA13152,20221129_1948_HARP8818_NOAA13152,2022-11-29 19:47:23+00:00,8818,13152,not_in_matched_inputs,False,0,1.0,1,noaa-science-v1-0-1:202212010704
gb72-native-v1:20221129_2124_HARP8818_NOAA13152,20221129_2124_HARP8818_NOAA13152,2022-11-29 21:23:23+00:00,8818,13152,not_in_matched_inputs,False,0,1.0,1,noaa-science-v1-0-1:202212010704
gb72-native-v1:20221129_2300_HARP8818_NOAA13152,20221129_2300_HARP8818_NOAA13152,2022-11-29 22:59:23+00:00,8818,13152,not_in_matched_inputs,False,0,1.0,1,noaa-science-v1-0-1:202212010704
gb72-native-v1:20221130_0036_HARP8818_NOAA13152,20221130_0036_HARP8818_NOAA13152,2022-11-30 00:35:23+00:00,8818,13152,primary_cycle25,True,0,1.0,1,noaa-science-v1-0-1:202212010704
gb72-native-v1:20221130_0212_HARP8818_NOAA13152,20221130_0212_HARP8818_NOAA13152,2022-11-30 02:11:23+00:00,8818,13152,primary_cycle25,True,0,1.0,1,noaa-science-v1-0-1:202212010704
gb72-native-v1:20221130_0348_HARP8818_NOAA13152,20221130_0348_HARP8818_NOAA13152,2022-11-30 03:47:23+00:00,8818,13152,primary_cycle25,True,0,1.0,1,noaa-science-v1-0-1:202212010704
gb72-native-v1:20221130_0524_HARP8818_NOAA13152,20221130_0524_HARP8818_NOAA13152,2022-11-30 05:23:23+00:00,8818,13152,primary_cycle25,True,0,1.0,1,noaa-science-v1-0-1:202212010704
gb72-native-v1:20221130_0700_HARP8818_NOAA13152,20221130_0700_HARP8818_NOAA13152,2022-11-30 06:59:23+00:00,8818,13152,primary_cycle25,True,0,1.0,1,noaa-science-v1-0-1:202212010704
gb72-native-v1:20221130_0836_HARP8818_NOAA13152,20221130_0836_HARP8818_NOAA13152,2022-11-30 08:35:23+00:00,8818,13152,primary_cycle25,True,0,1.0,1,noaa-science-v1-0-1:202212010704
gb72-native-v1:20221130_1012_HARP8818_NOAA13152,20221130_1012_HARP8818_NOAA13152,2022-11-30 10:11:23+00:00,8818,13152,primary_cycle25,True,0,1.0,1,noaa-science-v1-0-1:202212010704
gb72-native-v1:20221130_1148_HARP8818_NOAA13152,20221130_1148_HARP8818_NOAA13152,2022-11-30 11:47:23+00:00,8818,13152,primary_cycle25,True,0,1.0,1,noaa-science-v1-0-1:202212010704
gb72-native-v1:20221130_1324_HARP8818_NOAA13152,20221130_1324_HARP8818_NOAA13152,2022-11-30 13:23:23+00:00,8818,13152,primary_cycle25,True,0,1.0,1,noaa-science-v1-0-1:202212010704
gb72-native-v1:20221130_1536_HARP8818_NOAA13152,20221130_1536_HARP8818_NOAA13152,2022-11-30 15:35:23+00:00,8818,13152,not_in_matched_inputs,False,0,1.0,1,noaa-science-v1-0-1:202212010704
gb72-native-v1:20221130_1712_HARP8818_NOAA13152,20221130_1712_HARP8818_NOAA13152,2022-11-30 17:11:23+00:00,8818,13152,not_in_matched_inputs,False,0,1.0,1,noaa-science-v1-0-1:202212010704
gb72-native-v1:20221130_1848_HARP8818_NOAA13152,20221130_1848_HARP8818_NOAA13152,2022-11-30 18:47:23+00:00,8818,13152,not_in_matched_inputs,False,0,1.0,1,noaa-science-v1-0-1:202212010704
gb72-native-v1:20221130_2024_HARP8818_NOAA13152,20221130_2024_HARP8818_NOAA13152,2022-11-30 20:23:23+00:00,8818,13152,primary_cycle25,True,0,1.0,1,noaa-science-v1-0-1:202212010704
gb72-native-v1:20221130_2200_HARP8818_NOAA13152,20221130_2200_HARP8818_NOAA13152,2022-11-30 21:59:23+00:00,8818,13152,primary_cycle25,True,0,1.0,1,noaa-science-v1-0-1:202212010704
gb72-native-v1:20221225_1748_HARP8903_NOAA13169,20221225_1748_HARP8903_NOAA13169,2022-12-25 17:47:23+00:00,8903,13169,primary_cycle25,True,0,1.0,1,noaa-science-v1-0-1:202212271615
gb72-native-v1:20221225_1924_HARP8903_NOAA13169,20221225_1924_HARP8903_NOAA13169,2022-12-25 19:23:23+00:00,8903,13169,primary_cycle25,True,0,1.0,1,noaa-science-v1-0-1:202212271615
gb72-native-v1:20221225_2100_HARP8903_NOAA13169,20221225_2100_HARP8903_NOAA13169,2022-12-25 20:59:23+00:00,8903,13169,primary_cycle25,True,0,1.0,1,noaa-science-v1-0-1:202212271615
gb72-native-v1:20221225_2236_HARP8903_NOAA13169,20221225_2236_HARP8903_NOAA13169,2022-12-25 22:35:23+00:00,8903,13169,primary_cycle25,True,0,1.0,1,noaa-science-v1-0-1:202212271615
gb72-native-v1:20221226_0012_HARP8903_NOAA13169,20221226_0012_HARP8903_NOAA13169,2022-12-26 00:11:23+00:00,8903,13169,primary_cycle25,True,0,1.0,1,noaa-science-v1-0-1:202212271615
gb72-native-v1:20221226_0148_HARP8903_NOAA13169,20221226_0148_HARP8903_NOAA13169,2022-12-26 01:47:23+00:00,8903,13169,primary_cycle25,True,0,1.0,1,noaa-science-v1-0-1:202212271615
gb72-native-v1:20221226_0324_HARP8903_NOAA13169,20221226_0324_HARP8903_NOAA13169,2022-12-26 03:23:23+00:00,8903,13169,primary_cycle25,True,0,1.0,1,noaa-science-v1-0-1:202212271615
gb72-native-v1:20221226_0500_HARP8903_NOAA13169,20221226_0500_HARP8903_NOAA13169,2022-12-26 04:59:23+00:00,8903,13169,primary_cycle25,True,0,1.0,1,noaa-science-v1-0-1:202212271615
gb72-native-v1:20221226_0636_HARP8903_NOAA13169,20221226_0636_HARP8903_NOAA13169,2022-12-26 06:35:23+00:00,8903,13169,primary_cycle25,True,0,1.0,1,noaa-science-v1-0-1:202212271615
gb72-native-v1:20221226_0812_HARP8903_NOAA13169,20221226_0812_HARP8903_NOAA13169,2022-12-26 08:11:23+00:00,8903,13169,primary_cycle25,True,0,1.0,1,noaa-science-v1-0-1:202212271615
gb72-native-v1:20221226_0948_HARP8903_NOAA13169,20221226_0948_HARP8903_NOAA13169,2022-12-26 09:47:23+00:00,8903,13169,primary_cycle25,True,0,1.0,1,noaa-science-v1-0-1:202212271615
gb72-native-v1:20221226_1124_HARP8903_NOAA13169,20221226_1124_HARP8903_NOAA13169,2022-12-26 11:23:23+00:00,8903,13169,primary_cycle25,True,0,1.0,1,noaa-science-v1-0-1:202212271615
gb72-native-v1:20221226_1300_HARP8903_NOAA13169,20221226_1300_HARP8903_NOAA13169,2022-12-26 12:59:23+00:00,8903,13169,primary_cycle25,True,0,1.0,1,noaa-science-v1-0-1:202212271615
gb72-native-v1:20221226_1436_HARP8903_NOAA13169,20221226_1436_HARP8903_NOAA13169,2022-12-26 14:35:23+00:00,8903,13169,primary_cycle25,True,0,1.0,1,noaa-science-v1-0-1:202212271615
gb72-native-v1:20221229_1036_HARP8918_NOAA13176,20221229_1036_HARP8918_NOAA13176,2022-12-29 10:35:23+00:00,8918,13176,not_in_matched_inputs,False,0,1.0,1,noaa-science-v1-0-1:202212301524;noaa-science-v1-0-1:202212301926
gb72-native-v1:20221229_1212_HARP8918_NOAA13176,20221229_1212_HARP8918_NOAA13176,2022-12-29 12:11:23+00:00,8918,13176,not_in_matched_inputs,False,0,1.0,1,noaa-science-v1-0-1:202212301524;noaa-science-v1-0-1:202212301926
gb72-native-v1:20221229_1348_HARP8918_NOAA13176,20221229_1348_HARP8918_NOAA13176,2022-12-29 13:47:23+00:00,8918,13176,not_in_matched_inputs,False,0,1.0,1,noaa-science-v1-0-1:202212301524;noaa-science-v1-0-1:202212301926
gb72-native-v1:20221229_1524_HARP8918_NOAA13176,20221229_1524_HARP8918_NOAA13176,2022-12-29 15:23:23+00:00,8918,13176,primary_cycle25,True,0,1.0,1,noaa-science-v1-0-1:202212301524;noaa-science-v1-0-1:202212301926
gb72-native-v1:20221229_1700_HARP8918_NOAA13176,20221229_1700_HARP8918_NOAA13176,2022-12-29 16:59:23+00:00,8918,13176,primary_cycle25,True,0,1.0,1,noaa-science-v1-0-1:202212301524;noaa-science-v1-0-1:202212301926
gb72-native-v1:20221229_1836_HARP8918_NOAA13176,20221229_1836_HARP8918_NOAA13176,2022-12-29 18:35:23+00:00,8918,13176,primary_cycle25,True,0,1.0,1,noaa-science-v1-0-1:202212301524;noaa-science-v1-0-1:202212301926
gb72-native-v1:20221229_2012_HARP8918_NOAA13176,20221229_2012_HARP8918_NOAA13176,2022-12-29 20:11:23+00:00,8918,13176,primary_cycle25,True,0,1.0,1,noaa-science-v1-0-1:202212301524;noaa-science-v1-0-1:202212301926
gb72-native-v1:20221229_2148_HARP8918_NOAA13176,20221229_2148_HARP8918_NOAA13176,2022-12-29 21:47:23+00:00,8918,13176,primary_cycle25,True,0,1.0,1,noaa-science-v1-0-1:202212301524;noaa-science-v1-0-1:202212301926
gb72-native-v1:20221229_2324_HARP8918_NOAA13176,20221229_2324_HARP8918_NOAA13176,2022-12-29 23:23:23+00:00,8918,13176,primary_cycle25,True,0,1.0,1,noaa-science-v1-0-1:202212301524;noaa-science-v1-0-1:202212301926
gb72-native-v1:20221230_0100_HARP8918_NOAA13176,20221230_0100_HARP8918_NOAA13176,2022-12-30 00:59:23+00:00,8918,13176,primary_cycle25,True,0,1.0,1,noaa-science-v1-0-1:202212301524;noaa-science-v1-0-1:202212301926
gb72-native-v1:20221230_0236_HARP8918_NOAA13176,20221230_0236_HARP8918_NOAA13176,2022-12-30 02:35:23+00:00,8918,13176,primary_cycle25,True,0,1.0,1,noaa-science-v1-0-1:202212301524;noaa-science-v1-0-1:202212301926
gb72-native-v1:20221230_0412_HARP8918_NOAA13176,20221230_0412_HARP8918_NOAA13176,2022-12-30 04:11:23+00:00,8918,13176,primary_cycle25,True,0,1.0,1,noaa-science-v1-0-1:202212301524;noaa-science-v1-0-1:202212301926
gb72-native-v1:20221230_0548_HARP8918_NOAA13176,20221230_0548_HARP8918_NOAA13176,2022-12-30 05:47:23+00:00,8918,13176,primary_cycle25,True,0,1.0,1,noaa-science-v1-0-1:202212301524;noaa-science-v1-0-1:202212301926
gb72-native-v1:20221230_0724_HARP8918_NOAA13176,20221230_0724_HARP8918_NOAA13176,2022-12-30 07:23:23+00:00,8918,13176,primary_cycle25,True,0,1.0,1,noaa-science-v1-0-1:202212301524;noaa-science-v1-0-1:202212301926
gb72-native-v1:20221230_0900_HARP8918_NOAA13176,20221230_0900_HARP8918_NOAA13176,2022-12-30 08:59:23+00:00,8918,13176,primary_cycle25,True,0,1.0,1,noaa-science-v1-0-1:202212301524;noaa-science-v1-0-1:202212301926
gb72-native-v1:20221230_1036_HARP8918_NOAA13176,20221230_1036_HARP8918_NOAA13176,2022-12-30 10:35:23+00:00,8918,13176,primary_cycle25,True,0,1.0,1,noaa-science-v1-0-1:202212301524;noaa-science-v1-0-1:202212301926
gb72-native-v1:20221230_1212_HARP8918_NOAA13176,20221230_1212_HARP8918_NOAA13176,2022-12-30 12:11:23+00:00,8918,13176,primary_cycle25,True,0,1.0,1,noaa-science-v1-0-1:202212301524;noaa-science-v1-0-1:202212301926
gb72-native-v1:20221230_1348_HARP8918_NOAA13176,20221230_1348_HARP8918_NOAA13176,2022-12-30 13:47:23+00:00,8918,13176,primary_cycle25,True,0,1.0,1,noaa-science-v1-0-1:202212301524;noaa-science-v1-0-1:202212301926
gb72-native-v1:20221230_1524_HARP8918_NOAA13176,20221230_1524_HARP8918_NOAA13176,2022-12-30 15:23:23+00:00,8918,13176,primary_cycle25,True,0,1.0,1,noaa-science-v1-0-1:202212301524;noaa-science-v1-0-1:202212301926
gb72-native-v1:20221230_1700_HARP8918_NOAA13176,20221230_1700_HARP8918_NOAA13176,2022-12-30 16:59:23+00:00,8918,13176,primary_cycle25,True,0,1.0,1,noaa-science-v1-0-1:202212301926
gb72-native-v1:20221230_1836_HARP8918_NOAA13176,20221230_1836_HARP8918_NOAA13176,2022-12-30 18:35:23+00:00,8918,13176,primary_cycle25,True,0,1.0,1,noaa-science-v1-0-1:202212301926
gb72-native-v1:20230107_0912_HARP8942_NOAA13181,20230107_0912_HARP8942_NOAA13181,2023-01-07 09:11:23+00:00,8942,13181,not_in_matched_inputs,False,0,1.0,1,noaa-science-v1-0-1:202301090845
gb72-native-v1:20230107_1048_HARP8942_NOAA13181,20230107_1048_HARP8942_NOAA13181,2023-01-07 10:47:23+00:00,8942,13181,not_in_matched_inputs,False,0,1.0,1,noaa-science-v1-0-1:202301090845
gb72-native-v1:20230107_1224_HARP8942_NOAA13181,20230107_1224_HARP8942_NOAA13181,2023-01-07 12:23:23+00:00,8942,13181,primary_cycle25,True,0,1.0,1,noaa-science-v1-0-1:202301090845
gb72-native-v1:20230107_1400_HARP8942_NOAA13181,20230107_1400_HARP8942_NOAA13181,2023-01-07 13:59:23+00:00,8942,13181,primary_cycle25,True,0,1.0,1,noaa-science-v1-0-1:202301090845;noaa-science-v1-0-1:202301091315
gb72-native-v1:20230107_1536_HARP8942_NOAA13181,20230107_1536_HARP8942_NOAA13181,2023-01-07 15:35:23+00:00,8942,13181,primary_cycle25,True,0,1.0,1,noaa-science-v1-0-1:202301090845;noaa-science-v1-0-1:202301091315
gb72-native-v1:20230107_1712_HARP8942_NOAA13181,20230107_1712_HARP8942_NOAA13181,2023-01-07 17:11:23+00:00,8942,13181,primary_cycle25,True,0,1.0,1,noaa-science-v1-0-1:202301090845;noaa-science-v1-0-1:202301091315
gb72-native-v1:20230107_1848_HARP8942_NOAA13181,20230107_1848_HARP8942_NOAA13181,2023-01-07 18:47:23+00:00,8942,13181,primary_cycle25,True,0,1.0,1,noaa-science-v1-0-1:202301090845;noaa-science-v1-0-1:202301091315
gb72-native-v1:20230107_2024_HARP8942_NOAA13181,20230107_2024_HARP8942_NOAA13181,2023-01-07 20:23:23+00:00,8942,13181,primary_cycle25,True,0,1.0,1,noaa-science-v1-0-1:202301090845;noaa-science-v1-0-1:202301091315
gb72-native-v1:20230107_2200_HARP8942_NOAA13181,20230107_2200_HARP8942_NOAA13181,2023-01-07 21:59:23+00:00,8942,13181,primary_cycle25,True,0,1.0,1,noaa-science-v1-0-1:202301090845;noaa-science-v1-0-1:202301091315
gb72-native-v1:20230107_2336_HARP8942_NOAA13181,20230107_2336_HARP8942_NOAA13181,2023-01-07 23:35:23+00:00,8942,13181,primary_cycle25,True,0,1.0,1,noaa-science-v1-0-1:202301090845;noaa-science-v1-0-1:202301091315
gb72-native-v1:20230108_0112_HARP8942_NOAA13181,20230108_0112_HARP8942_NOAA13181,2023-01-08 01:11:23+00:00,8942,13181,primary_cycle25,True,0,1.0,1,noaa-science-v1-0-1:202301090845;noaa-science-v1-0-1:202301091315
gb72-native-v1:20230110_1536_HARP8950_NOAA13182,20230110_1536_HARP8950_NOAA13182,2023-01-10 15:35:23+00:00,8950,13182,primary_cycle25,True,0,1.0,1,noaa-science-v1-0-1:202301121439
gb72-native-v1:20230110_1712_HARP8950_NOAA13182,20230110_1712_HARP8950_NOAA13182,2023-01-10 17:11:23+00:00,8950,13182,primary_cycle25,True,0,1.0,1,noaa-science-v1-0-1:202301121439
gb72-native-v1:20230110_1848_HARP8950_NOAA13182,20230110_1848_HARP8950_NOAA13182,2023-01-10 18:47:23+00:00,8950,13182,primary_cycle25,True,0,1.0,1,noaa-science-v1-0-1:202301121439
gb72-native-v1:20230110_2036_HARP8950_NOAA13182,20230110_2036_HARP8950_NOAA13182,2023-01-10 20:35:23+00:00,8950,13182,not_in_matched_inputs,False,0,1.0,1,noaa-science-v1-0-1:202301121439;noaa-science-v1-0-1:202301121903
gb72-native-v1:20230110_2212_HARP8950_NOAA13182,20230110_2212_HARP8950_NOAA13182,2023-01-10 22:11:23+00:00,8950,13182,not_in_matched_inputs,False,0,1.0,1,noaa-science-v1-0-1:202301121439;noaa-science-v1-0-1:202301121903
gb72-native-v1:20230110_2348_HARP8950_NOAA13182,20230110_2348_HARP8950_NOAA13182,2023-01-10 23:47:23+00:00,8950,13182,not_in_matched_inputs,False,0,1.0,1,noaa-science-v1-0-1:202301121439;noaa-science-v1-0-1:202301121903
gb72-native-v1:20230111_0124_HARP8950_NOAA13182,20230111_0124_HARP8950_NOAA13182,2023-01-11 01:23:23+00:00,8950,13182,not_in_matched_inputs,False,0,1.0,1,noaa-science-v1-0-1:202301121439;noaa-science-v1-0-1:202301121903
gb72-native-v1:20230111_0300_HARP8950_NOAA13182,20230111_0300_HARP8950_NOAA13182,2023-01-11 02:59:23+00:00,8950,13182,primary_cycle25,True,0,1.0,1,noaa-science-v1-0-1:202301121439;noaa-science-v1-0-1:202301121903
gb72-native-v1:20230111_0436_HARP8950_NOAA13182,20230111_0436_HARP8950_NOAA13182,2023-01-11 04:35:23+00:00,8950,13182,primary_cycle25,True,0,1.0,1,noaa-science-v1-0-1:202301121439;noaa-science-v1-0-1:202301121903
gb72-native-v1:20230111_0612_HARP8950_NOAA13182,20230111_0612_HARP8950_NOAA13182,2023-01-11 06:11:23+00:00,8950,13182,primary_cycle25,True,0,1.0,1,noaa-science-v1-0-1:202301121439;noaa-science-v1-0-1:202301121903
gb72-native-v1:20230111_0748_HARP8950_NOAA13182,20230111_0748_HARP8950_NOAA13182,2023-01-11 07:47:23+00:00,8950,13182,primary_cycle25,True,0,1.0,1,noaa-science-v1-0-1:202301121439;noaa-science-v1-0-1:202301121903
gb72-native-v1:20230111_0924_HARP8950_NOAA13182,20230111_0924_HARP8950_NOAA13182,2023-01-11 09:23:23+00:00,8950,13182,primary_cycle25,True,0,1.0,1,noaa-science-v1-0-1:202301121439;noaa-science-v1-0-1:202301121903
gb72-native-v1:20230111_1100_HARP8950_NOAA13182,20230111_1100_HARP8950_NOAA13182,2023-01-11 10:59:23+00:00,8950,13182,primary_cycle25,True,0,1.0,1,noaa-science-v1-0-1:202301121439;noaa-science-v1-0-1:202301121903
gb72-native-v1:20230111_1236_HARP8950_NOAA13182,20230111_1236_HARP8950_NOAA13182,2023-01-11 12:35:23+00:00,8950,13182,primary_cycle25,True,0,1.0,1,noaa-science-v1-0-1:202301121439;noaa-science-v1-0-1:202301121903
gb72-native-v1:20230111_1936_HARP8950_NOAA13182,20230111_1936_HARP8950_NOAA13182,2023-01-11 19:35:23+00:00,8950,13182,not_in_matched_inputs,False,0,1.0,1,noaa-science-v1-0-1:202301121439;noaa-science-v1-0-1:202301121903
gb72-native-v1:20230111_2112_HARP8950_NOAA13182,20230111_2112_HARP8950_NOAA13182,2023-01-11 21:11:23+00:00,8950,13182,not_in_matched_inputs,False,0,1.0,1,noaa-science-v1-0-1:202301121439;noaa-science-v1-0-1:202301121903
gb72-native-v1:20230111_2248_HARP8950_NOAA13182,20230111_2248_HARP8950_NOAA13182,2023-01-11 22:47:23+00:00,8950,13182,not_in_matched_inputs,False,0,1.0,1,noaa-science-v1-0-1:202301121439;noaa-science-v1-0-1:202301121903
gb72-native-v1:20230112_0024_HARP8950_NOAA13182,20230112_0024_HARP8950_NOAA13182,2023-01-12 00:23:23+00:00,8950,13182,primary_cycle25,True,0,1.0,1,noaa-science-v1-0-1:202301121439;noaa-science-v1-0-1:202301121903
gb72-native-v1:20230112_0200_HARP8950_NOAA13182,20230112_0200_HARP8950_NOAA13182,2023-01-12 01:59:23+00:00,8950,13182,primary_cycle25,True,0,1.0,1,noaa-science-v1-0-1:202301121439;noaa-science-v1-0-1:202301121903
gb72-native-v1:20230112_0336_HARP8950_NOAA13182,20230112_0336_HARP8950_NOAA13182,2023-01-12 03:35:23+00:00,8950,13182,primary_cycle25,True,0,1.0,1,noaa-science-v1-0-1:202301121439;noaa-science-v1-0-1:202301121903
gb72-native-v1:20230112_0512_HARP8950_NOAA13182,20230112_0512_HARP8950_NOAA13182,2023-01-12 05:11:23+00:00,8950,13182,primary_cycle25,True,0,1.0,1,noaa-science-v1-0-1:202301121439;noaa-science-v1-0-1:202301121903
gb72-native-v1:20230112_0648_HARP8950_NOAA13182,20230112_0648_HARP8950_NOAA13182,2023-01-12 06:47:23+00:00,8950,13182,primary_cycle25,True,0,1.0,1,noaa-science-v1-0-1:202301121439;noaa-science-v1-0-1:202301121903
gb72-native-v1:20230112_0824_HARP8950_NOAA13182,20230112_0824_HARP8950_NOAA13182,2023-01-12 08:23:23+00:00,8950,13182,primary_cycle25,True,0,1.0,1,noaa-science-v1-0-1:202301121439;noaa-science-v1-0-1:202301121903
gb72-native-v1:20230112_1000_HARP8950_NOAA13182,20230112_1000_HARP8950_NOAA13182,2023-01-12 09:59:23+00:00,8950,13182,primary_cycle25,True,0,1.0,1,noaa-science-v1-0-1:202301121439;noaa-science-v1-0-1:202301121903
gb72-native-v1:20230112_1136_HARP8950_NOAA13182,20230112_1136_HARP8950_NOAA13182,2023-01-12 11:35:23+00:00,8950,13182,primary_cycle25,True,0,1.0,1,noaa-science-v1-0-1:202301121439;noaa-science-v1-0-1:202301121903
gb72-native-v1:20230112_1312_HARP8950_NOAA13182,20230112_1312_HARP8950_NOAA13182,2023-01-12 13:11:23+00:00,8950,13182,primary_cycle25,True,0,1.0,1,noaa-science-v1-0-1:202301121439;noaa-science-v1-0-1:202301121903
gb72-native-v1:20230112_1448_HARP8950_NOAA13182,20230112_1448_HARP8950_NOAA13182,2023-01-12 14:47:23+00:00,8950,13182,primary_cycle25,True,0,1.0,1,noaa-science-v1-0-1:202301121903
gb72-native-v1:20230112_1624_HARP8950_NOAA13182,20230112_1624_HARP8950_NOAA13182,2023-01-12 16:23:23+00:00,8950,13182,primary_cycle25,True,0,1.0,1,noaa-science-v1-0-1:202301121903
gb72-native-v1:20230112_1800_HARP8950_NOAA13182,20230112_1800_HARP8950_NOAA13182,2023-01-12 17:59:23+00:00,8950,13182,primary_cycle25,True,0,1.0,1,noaa-science-v1-0-1:202301121903
gb72-native-v1:20230112_2112_HARP8950_NOAA13182,20230112_2112_HARP8950_NOAA13182,2023-01-12 21:11:23+00:00,8950,13182,not_in_matched_inputs,False,0,1.0,1,noaa-science-v1-0-1:202301142006;noaa-science-v1-0-1:202301142037
gb72-native-v1:20230112_2248_HARP8950_NOAA13182,20230112_2248_HARP8950_NOAA13182,2023-01-12 22:47:23+00:00,8950,13182,not_in_matched_inputs,False,0,1.0,1,noaa-science-v1-0-1:202301142006;noaa-science-v1-0-1:202301142037
gb72-native-v1:20230113_0024_HARP8950_NOAA13182,20230113_0024_HARP8950_NOAA13182,2023-01-13 00:23:23+00:00,8950,13182,primary_cycle25,True,0,1.0,1,noaa-science-v1-0-1:202301142006;noaa-science-v1-0-1:202301142037
gb72-native-v1:20230113_0200_HARP8950_NOAA13182,20230113_0200_HARP8950_NOAA13182,2023-01-13 01:59:23+00:00,8950,13182,primary_cycle25,True,0,1.0,1,noaa-science-v1-0-1:202301142006;noaa-science-v1-0-1:202301142037
gb72-native-v1:20230113_0336_HARP8950_NOAA13182,20230113_0336_HARP8950_NOAA13182,2023-01-13 03:35:23+00:00,8950,13182,primary_cycle25,True,0,1.0,1,noaa-science-v1-0-1:202301142006;noaa-science-v1-0-1:202301142037
gb72-native-v1:20230113_0512_HARP8950_NOAA13182,20230113_0512_HARP8950_NOAA13182,2023-01-13 05:11:23+00:00,8950,13182,primary_cycle25,True,0,1.0,1,noaa-science-v1-0-1:202301142006;noaa-science-v1-0-1:202301142037
gb72-native-v1:20230113_0648_HARP8950_NOAA13182,20230113_0648_HARP8950_NOAA13182,2023-01-13 06:47:23+00:00,8950,13182,primary_cycle25,True,0,1.0,1,noaa-science-v1-0-1:202301142006;noaa-science-v1-0-1:202301142037
gb72-native-v1:20230113_0824_HARP8950_NOAA13182,20230113_0824_HARP8950_NOAA13182,2023-01-13 08:23:23+00:00,8950,13182,primary_cycle25,True,0,1.0,1,noaa-science-v1-0-1:202301142006;noaa-science-v1-0-1:202301142037
gb72-native-v1:20230113_1000_HARP8950_NOAA13182,20230113_1000_HARP8950_NOAA13182,2023-01-13 09:59:23+00:00,8950,13182,primary_cycle25,True,0,1.0,1,noaa-science-v1-0-1:202301142006;noaa-science-v1-0-1:202301142037
gb72-native-v1:20230113_1136_HARP8950_NOAA13182,20230113_1136_HARP8950_NOAA13182,2023-01-13 11:35:23+00:00,8950,13182,primary_cycle25,True,0,1.0,1,noaa-science-v1-0-1:202301142006;noaa-science-v1-0-1:202301142037
gb72-native-v1:20230113_1312_HARP8950_NOAA13182,20230113_1312_HARP8950_NOAA13182,2023-01-13 13:11:23+00:00,8950,13182,primary_cycle25,True,0,1.0,1,noaa-science-v1-0-1:202301142006;noaa-science-v1-0-1:202301142037
gb72-native-v1:20230113_1448_HARP8950_NOAA13182,20230113_1448_HARP8950_NOAA13182,2023-01-13 14:47:23+00:00,8950,13182,primary_cycle25,True,0,1.0,1,noaa-science-v1-0-1:202301142006;noaa-science-v1-0-1:202301142037
gb72-native-v1:20230113_1624_HARP8950_NOAA13182,20230113_1624_HARP8950_NOAA13182,2023-01-13 16:23:23+00:00,8950,13182,primary_cycle25,True,0,1.0,1,noaa-science-v1-0-1:202301142006;noaa-science-v1-0-1:202301142037
gb72-native-v1:20230113_1800_HARP8950_NOAA13182,20230113_1800_HARP8950_NOAA13182,2023-01-13 17:59:23+00:00,8950,13182,primary_cycle25,True,0,1.0,1,noaa-science-v1-0-1:202301142006;noaa-science-v1-0-1:202301142037
gb72-native-v1:20230113_1936_HARP8950_NOAA13182,20230113_1936_HARP8950_NOAA13182,2023-01-13 19:35:23+00:00,8950,13182,not_in_matched_inputs,False,0,1.0,1,noaa-science-v1-0-1:202301142006;noaa-science-v1-0-1:202301142037
gb72-native-v1:20230113_2112_HARP8950_NOAA13182,20230113_2112_HARP8950_NOAA13182,2023-01-13 21:11:23+00:00,8950,13182,not_in_matched_inputs,False,0,1.0,1,noaa-science-v1-0-1:202301142006;noaa-science-v1-0-1:202301142037
gb72-native-v1:20230113_2248_HARP8950_NOAA13182,20230113_2248_HARP8950_NOAA13182,2023-01-13 22:47:23+00:00,8950,13182,not_in_matched_inputs,False,0,1.0,1,noaa-science-v1-0-1:202301142006;noaa-science-v1-0-1:202301142037
gb72-native-v1:20230114_0024_HARP8950_NOAA13182,20230114_0024_HARP8950_NOAA13182,2023-01-14 00:23:23+00:00,8950,13182,primary_cycle25,True,0,1.0,1,noaa-science-v1-0-1:202301142006;noaa-science-v1-0-1:202301142037
gb72-native-v1:20230114_0200_HARP8950_NOAA13182,20230114_0200_HARP8950_NOAA13182,2023-01-14 01:59:23+00:00,8950,13182,primary_cycle25,True,0,1.0,1,noaa-science-v1-0-1:202301142006;noaa-science-v1-0-1:202301142037
gb72-native-v1:20230114_0336_HARP8950_NOAA13182,20230114_0336_HARP8950_NOAA13182,2023-01-14 03:35:23+00:00,8950,13182,primary_cycle25,True,0,1.0,1,noaa-science-v1-0-1:202301142006;noaa-science-v1-0-1:202301142037
gb72-native-v1:20230114_0512_HARP8950_NOAA13182,20230114_0512_HARP8950_NOAA13182,2023-01-14 05:11:23+00:00,8950,13182,primary_cycle25,True,0,1.0,1,noaa-science-v1-0-1:202301142006;noaa-science-v1-0-1:202301142037
gb72-native-v1:20230114_0648_HARP8950_NOAA13182,20230114_0648_HARP8950_NOAA13182,2023-01-14 06:47:23+00:00,8950,13182,primary_cycle25,True,0,1.0,1,noaa-science-v1-0-1:202301142006;noaa-science-v1-0-1:202301142037
gb72-native-v1:20230222_1724_HARP9137_NOAA13235,20230222_1724_HARP9137_NOAA13235,2023-02-22 17:23:23+00:00,9137,13235,primary_cycle25,True,0,1.0,1,noaa-science-v1-0-1:202302230611;noaa-science-v1-0-1:202302241711
gb72-native-v1:20230222_1912_HARP9137_NOAA13235,20230222_1912_HARP9137_NOAA13235,2023-02-22 19:11:23+00:00,9137,13235,not_in_matched_inputs,False,0,1.0,1,noaa-science-v1-0-1:202302230611;noaa-science-v1-0-1:202302241711
gb72-native-v1:20230222_2024_HARP9121_NOAA13229,20230222_2024_HARP9121_NOAA13229,2023-02-22 20:23:23+00:00,9121,13229,not_in_matched_inputs,False,0,1.0,1,noaa-science-v1-0-1:202302242003
gb72-native-v1:20230222_2048_HARP9137_NOAA13235,20230222_2048_HARP9137_NOAA13235,2023-02-22 20:47:23+00:00,9137,13235,not_in_matched_inputs,False,0,1.0,1,noaa-science-v1-0-1:202302230611;noaa-science-v1-0-1:202302241711
gb72-native-v1:20230223_0048_HARP9121_NOAA13229,20230223_0048_HARP9121_NOAA13229,2023-02-23 00:47:23+00:00,9121,13229,not_in_matched_inputs,False,0,1.0,1,noaa-science-v1-0-1:202302242003
gb72-native-v1:20230223_0112_HARP9137_NOAA13235,20230223_0112_HARP9137_NOAA13235,2023-02-23 01:11:23+00:00,9137,13235,not_in_matched_inputs,False,0,1.0,1,noaa-science-v1-0-1:202302230611;noaa-science-v1-0-1:202302241711
gb72-native-v1:20230223_0224_HARP9121_NOAA13229,20230223_0224_HARP9121_NOAA13229,2023-02-23 02:23:23+00:00,9121,13229,not_in_matched_inputs,False,0,1.0,1,noaa-science-v1-0-1:202302242003
gb72-native-v1:20230223_0248_HARP9137_NOAA13235,20230223_0248_HARP9137_NOAA13235,2023-02-23 02:47:23+00:00,9137,13235,not_in_matched_inputs,False,0,1.0,1,noaa-science-v1-0-1:202302230611;noaa-science-v1-0-1:202302241711
gb72-native-v1:20230223_0400_HARP9121_NOAA13229,20230223_0400_HARP9121_NOAA13229,2023-02-23 03:59:23+00:00,9121,13229,not_in_matched_inputs,False,0,1.0,1,noaa-science-v1-0-1:202302242003
gb72-native-v1:20230223_0424_HARP9137_NOAA13235,20230223_0424_HARP9137_NOAA13235,2023-02-23 04:23:23+00:00,9137,13235,not_in_matched_inputs,False,0,1.0,1,noaa-science-v1-0-1:202302230611;noaa-science-v1-0-1:202302241711
gb72-native-v1:20230223_0536_HARP9121_NOAA13229,20230223_0536_HARP9121_NOAA13229,2023-02-23 05:35:23+00:00,9121,13229,primary_cycle25,True,0,1.0,1,noaa-science-v1-0-1:202302242003
gb72-native-v1:20230223_0600_HARP9137_NOAA13235,20230223_0600_HARP9137_NOAA13235,2023-02-23 05:59:23+00:00,9137,13235,primary_cycle25,True,0,1.0,1,noaa-science-v1-0-1:202302230611;noaa-science-v1-0-1:202302241711
gb72-native-v1:20230223_0712_HARP9121_NOAA13229,20230223_0712_HARP9121_NOAA13229,2023-02-23 07:11:23+00:00,9121,13229,primary_cycle25,True,0,1.0,1,noaa-science-v1-0-1:202302242003
gb72-native-v1:20230223_0736_HARP9137_NOAA13235,20230223_0736_HARP9137_NOAA13235,2023-02-23 07:35:23+00:00,9137,13235,not_in_matched_inputs,False,0,1.0,1,noaa-science-v1-0-1:202302241711
gb72-native-v1:20230223_0848_HARP9121_NOAA13229,20230223_0848_HARP9121_NOAA13229,2023-02-23 08:47:23+00:00,9121,13229,primary_cycle25,True,0,1.0,1,noaa-science-v1-0-1:202302242003
gb72-native-v1:20230223_0912_HARP9137_NOAA13235,20230223_0912_HARP9137_NOAA13235,2023-02-23 09:11:23+00:00,9137,13235,not_in_matched_inputs,False,0,1.0,1,noaa-science-v1-0-1:202302241711
gb72-native-v1:20230223_1024_HARP9121_NOAA13229,20230223_1024_HARP9121_NOAA13229,2023-02-23 10:23:23+00:00,9121,13229,primary_cycle25,True,0,1.0,1,noaa-science-v1-0-1:202302242003
gb72-native-v1:20230223_1048_HARP9137_NOAA13235,20230223_1048_HARP9137_NOAA13235,2023-02-23 10:47:23+00:00,9137,13235,not_in_matched_inputs,False,0,1.0,1,noaa-science-v1-0-1:202302241711
gb72-native-v1:20230223_1300_HARP9121_NOAA13229,20230223_1300_HARP9121_NOAA13229,2023-02-23 12:59:23+00:00,9121,13229,not_in_matched_inputs,False,0,1.0,1,noaa-science-v1-0-1:202302242003
gb72-native-v1:20230223_1324_HARP9137_NOAA13235,20230223_1324_HARP9137_NOAA13235,2023-02-23 13:23:23+00:00,9137,13235,not_in_matched_inputs,False,0,1.0,1,noaa-science-v1-0-1:202302241711
gb72-native-v1:20230223_1436_HARP9121_NOAA13229,20230223_1436_HARP9121_NOAA13229,2023-02-23 14:35:23+00:00,9121,13229,not_in_matched_inputs,False,0,1.0,1,noaa-science-v1-0-1:202302242003
gb72-native-v1:20230223_1500_HARP9137_NOAA13235,20230223_1500_HARP9137_NOAA13235,2023-02-23 14:59:23+00:00,9137,13235,not_in_matched_inputs,False,0,1.0,1,noaa-science-v1-0-1:202302241711
gb72-native-v1:20230223_1612_HARP9121_NOAA13229,20230223_1612_HARP9121_NOAA13229,2023-02-23 16:11:23+00:00,9121,13229,not_in_matched_inputs,False,0,1.0,1,noaa-science-v1-0-1:202302242003
gb72-native-v1:20230223_1636_HARP9137_NOAA13235,20230223_1636_HARP9137_NOAA13235,2023-02-23 16:35:23+00:00,9137,13235,not_in_matched_inputs,False,0,1.0,1,noaa-science-v1-0-1:202302241711
gb72-native-v1:20230223_1748_HARP9121_NOAA13229,20230223_1748_HARP9121_NOAA13229,2023-02-23 17:47:23+00:00,9121,13229,primary_cycle25,True,0,1.0,1,noaa-science-v1-0-1:202302242003
gb72-native-v1:20230223_1812_HARP9137_NOAA13235,20230223_1812_HARP9137_NOAA13235,2023-02-23 18:11:23+00:00,9137,13235,primary_cycle25,True,0,1.0,1,noaa-science-v1-0-1:202302241711
gb72-native-v1:20230223_1924_HARP9121_NOAA13229,20230223_1924_HARP9121_NOAA13229,2023-02-23 19:23:23+00:00,9121,13229,primary_cycle25,True,0,1.0,1,noaa-science-v1-0-1:202302242003;noaa-science-v1-0-1:202302251840
gb72-native-v1:20230223_1948_HARP9137_NOAA13235,20230223_1948_HARP9137_NOAA13235,2023-02-23 19:47:23+00:00,9137,13235,primary_cycle25,True,0,1.0,1,noaa-science-v1-0-1:202302241711
gb72-native-v1:20230223_2124_HARP9121_NOAA13229,20230223_2124_HARP9121_NOAA13229,2023-02-23 21:23:23+00:00,9121,13229,not_in_matched_inputs,False,0,1.0,1,noaa-science-v1-0-1:202302242003;noaa-science-v1-0-1:202302251840
gb72-native-v1:20230223_2148_HARP9137_NOAA13235,20230223_2148_HARP9137_NOAA13235,2023-02-23 21:47:23+00:00,9137,13235,not_in_matched_inputs,False,0,1.0,1,noaa-science-v1-0-1:202302241711
gb72-native-v1:20230223_2300_HARP9121_NOAA13229,20230223_2300_HARP9121_NOAA13229,2023-02-23 22:59:23+00:00,9121,13229,not_in_matched_inputs,False,0,1.0,1,noaa-science-v1-0-1:202302242003;noaa-science-v1-0-1:202302251840
gb72-native-v1:20230223_2324_HARP9137_NOAA13235,20230223_2324_HARP9137_NOAA13235,2023-02-23 23:23:23+00:00,9137,13235,not_in_matched_inputs,False,0,1.0,1,noaa-science-v1-0-1:202302241711
gb72-native-v1:20230224_0036_HARP9121_NOAA13229,20230224_0036_HARP9121_NOAA13229,2023-02-24 00:35:23+00:00,9121,13229,not_in_matched_inputs,False,0,1.0,1,noaa-science-v1-0-1:202302242003;noaa-science-v1-0-1:202302251840
gb72-native-v1:20230224_0100_HARP9137_NOAA13235,20230224_0100_HARP9137_NOAA13235,2023-02-24 00:59:23+00:00,9137,13235,not_in_matched_inputs,False,0,1.0,1,noaa-science-v1-0-1:202302241711
gb72-native-v1:20230224_0212_HARP9121_NOAA13229,20230224_0212_HARP9121_NOAA13229,2023-02-24 02:11:23+00:00,9121,13229,primary_cycle25,True,0,1.0,1,noaa-science-v1-0-1:202302242003;noaa-science-v1-0-1:202302251840
gb72-native-v1:20230224_0236_HARP9137_NOAA13235,20230224_0236_HARP9137_NOAA13235,2023-02-24 02:35:23+00:00,9137,13235,not_in_matched_inputs,False,0,1.0,1,noaa-science-v1-0-1:202302241711
gb72-native-v1:20230224_0348_HARP9121_NOAA13229,20230224_0348_HARP9121_NOAA13229,2023-02-24 03:47:23+00:00,9121,13229,primary_cycle25,True,0,1.0,1,noaa-science-v1-0-1:202302242003;noaa-science-v1-0-1:202302251840
gb72-native-v1:20230224_0412_HARP9137_NOAA13235,20230224_0412_HARP9137_NOAA13235,2023-02-24 04:11:23+00:00,9137,13235,not_in_matched_inputs,False,0,1.0,1,noaa-science-v1-0-1:202302241711
gb72-native-v1:20230224_0524_HARP9121_NOAA13229,20230224_0524_HARP9121_NOAA13229,2023-02-24 05:23:23+00:00,9121,13229,primary_cycle25,True,0,1.0,1,noaa-science-v1-0-1:202302242003;noaa-science-v1-0-1:202302251840
gb72-native-v1:20230224_0548_HARP9137_NOAA13235,20230224_0548_HARP9137_NOAA13235,2023-02-24 05:47:23+00:00,9137,13235,primary_cycle25,True,0,1.0,1,noaa-science-v1-0-1:202302241711
gb72-native-v1:20230224_0700_HARP9121_NOAA13229,20230224_0700_HARP9121_NOAA13229,2023-02-24 06:59:23+00:00,9121,13229,primary_cycle25,True,0,1.0,1,noaa-science-v1-0-1:202302242003;noaa-science-v1-0-1:202302251840
gb72-native-v1:20230224_0724_HARP9137_NOAA13235,20230224_0724_HARP9137_NOAA13235,2023-02-24 07:23:23+00:00,9137,13235,primary_cycle25,True,0,1.0,1,noaa-science-v1-0-1:202302241711
gb72-native-v1:20230224_0836_HARP9121_NOAA13229,20230224_0836_HARP9121_NOAA13229,2023-02-24 08:35:23+00:00,9121,13229,primary_cycle25,True,0,1.0,1,noaa-science-v1-0-1:202302242003;noaa-science-v1-0-1:202302251840
gb72-native-v1:20230224_0900_HARP9137_NOAA13235,20230224_0900_HARP9137_NOAA13235,2023-02-24 08:59:23+00:00,9137,13235,primary_cycle25,True,0,1.0,1,noaa-science-v1-0-1:202302241711
gb72-native-v1:20230224_1012_HARP9121_NOAA13229,20230224_1012_HARP9121_NOAA13229,2023-02-24 10:11:23+00:00,9121,13229,primary_cycle25,True,0,1.0,1,noaa-science-v1-0-1:202302242003;noaa-science-v1-0-1:202302251840
gb72-native-v1:20230224_1036_HARP9137_NOAA13235,20230224_1036_HARP9137_NOAA13235,2023-02-24 10:35:23+00:00,9137,13235,primary_cycle25,True,0,1.0,1,noaa-science-v1-0-1:202302241711
gb72-native-v1:20230224_1148_HARP9121_NOAA13229,20230224_1148_HARP9121_NOAA13229,2023-02-24 11:47:23+00:00,9121,13229,primary_cycle25,True,0,1.0,1,noaa-science-v1-0-1:202302242003;noaa-science-v1-0-1:202302251840
gb72-native-v1:20230224_1212_HARP9137_NOAA13235,20230224_1212_HARP9137_NOAA13235,2023-02-24 12:11:23+00:00,9137,13235,primary_cycle25,True,0,1.0,1,noaa-science-v1-0-1:202302241711
gb72-native-v1:20230224_1324_HARP9121_NOAA13229,20230224_1324_HARP9121_NOAA13229,2023-02-24 13:23:23+00:00,9121,13229,primary_cycle25,True,0,1.0,1,noaa-science-v1-0-1:202302242003;noaa-science-v1-0-1:202302251840
gb72-native-v1:20230224_1348_HARP9137_NOAA13235,20230224_1348_HARP9137_NOAA13235,2023-02-24 13:47:23+00:00,9137,13235,primary_cycle25,True,0,1.0,1,noaa-science-v1-0-1:202302241711
gb72-native-v1:20230224_1500_HARP9121_NOAA13229,20230224_1500_HARP9121_NOAA13229,2023-02-24 14:59:23+00:00,9121,13229,primary_cycle25,True,0,1.0,1,noaa-science-v1-0-1:202302242003;noaa-science-v1-0-1:202302251840
gb72-native-v1:20230224_1524_HARP9137_NOAA13235,20230224_1524_HARP9137_NOAA13235,2023-02-24 15:23:23+00:00,9137,13235,primary_cycle25,True,0,1.0,1,noaa-science-v1-0-1:202302241711
gb72-native-v1:20230224_1636_HARP9121_NOAA13229,20230224_1636_HARP9121_NOAA13229,2023-02-24 16:35:23+00:00,9121,13229,primary_cycle25,True,0,1.0,1,noaa-science-v1-0-1:202302242003;noaa-science-v1-0-1:202302251840
gb72-native-v1:20230224_1700_HARP9137_NOAA13235,20230224_1700_HARP9137_NOAA13235,2023-02-24 16:59:23+00:00,9137,13235,primary_cycle25,True,0,1.0,1,noaa-science-v1-0-1:202302241711
gb72-native-v1:20230224_1812_HARP9121_NOAA13229,20230224_1812_HARP9121_NOAA13229,2023-02-24 18:11:23+00:00,9121,13229,primary_cycle25,True,0,1.0,1,noaa-science-v1-0-1:202302242003;noaa-science-v1-0-1:202302251840
gb72-native-v1:20230224_1948_HARP9121_NOAA13229,20230224_1948_HARP9121_NOAA13229,2023-02-24 19:47:23+00:00,9121,13229,primary_cycle25,True,0,1.0,1,noaa-science-v1-0-1:202302242003;noaa-science-v1-0-1:202302251840
gb72-native-v1:20230224_2124_HARP9121_NOAA13229,20230224_2124_HARP9121_NOAA13229,2023-02-24 21:23:23+00:00,9121,13229,primary_cycle25,True,0,1.0,1,noaa-science-v1-0-1:202302251840
gb72-native-v1:20230224_2300_HARP9121_NOAA13229,20230224_2300_HARP9121_NOAA13229,2023-02-24 22:59:23+00:00,9121,13229,primary_cycle25,True,0,1.0,1,noaa-science-v1-0-1:202302251840
gb72-native-v1:20230226_1748_HARP9133_NOAA13234,20230226_1748_HARP9133_NOAA13234,2023-02-26 17:47:23+00:00,9133,13234,primary_cycle25,True,0,1.0,1,noaa-science-v1-0-1:202302281735
gb72-native-v1:20230226_2112_HARP9133_NOAA13234,20230226_2112_HARP9133_NOAA13234,2023-02-26 21:11:23+00:00,9133,13234,not_in_matched_inputs,False,0,1.0,1,noaa-science-v1-0-1:202302281735
gb72-native-v1:20230226_2248_HARP9133_NOAA13234,20230226_2248_HARP9133_NOAA13234,2023-02-26 22:47:23+00:00,9133,13234,not_in_matched_inputs,False,0,1.0,1,noaa-science-v1-0-1:202302281735
gb72-native-v1:20230227_0024_HARP9133_NOAA13234,20230227_0024_HARP9133_NOAA13234,2023-02-27 00:23:23+00:00,9133,13234,not_in_matched_inputs,False,0,1.0,1,noaa-science-v1-0-1:202302281735
gb72-native-v1:20230227_0200_HARP9133_NOAA13234,20230227_0200_HARP9133_NOAA13234,2023-02-27 01:59:23+00:00,9133,13234,primary_cycle25,True,0,1.0,1,noaa-science-v1-0-1:202302281735
gb72-native-v1:20230227_0336_HARP9133_NOAA13234,20230227_0336_HARP9133_NOAA13234,2023-02-27 03:35:23+00:00,9133,13234,primary_cycle25,True,0,1.0,1,noaa-science-v1-0-1:202302281735
gb72-native-v1:20230227_0512_HARP9133_NOAA13234,20230227_0512_HARP9133_NOAA13234,2023-02-27 05:11:23+00:00,9133,13234,primary_cycle25,True,0,1.0,1,noaa-science-v1-0-1:202302281735
gb72-native-v1:20230227_0648_HARP9133_NOAA13234,20230227_0648_HARP9133_NOAA13234,2023-02-27 06:47:23+00:00,9133,13234,primary_cycle25,True,0,1.0,1,noaa-science-v1-0-1:202302281735
gb72-native-v1:20230227_0824_HARP9133_NOAA13234,20230227_0824_HARP9133_NOAA13234,2023-02-27 08:23:23+00:00,9133,13234,primary_cycle25,True,0,1.0,1,noaa-science-v1-0-1:202302281735
gb72-native-v1:20230227_1000_HARP9133_NOAA13234,20230227_1000_HARP9133_NOAA13234,2023-02-27 09:59:23+00:00,9133,13234,primary_cycle25,True,0,1.0,1,noaa-science-v1-0-1:202302281735
gb72-native-v1:20230227_1136_HARP9133_NOAA13234,20230227_1136_HARP9133_NOAA13234,2023-02-27 11:35:23+00:00,9133,13234,primary_cycle25,True,0,1.0,1,noaa-science-v1-0-1:202302281735
gb72-native-v1:20230227_1312_HARP9133_NOAA13234,20230227_1312_HARP9133_NOAA13234,2023-02-27 13:11:23+00:00,9133,13234,primary_cycle25,True,0,1.0,1,noaa-science-v1-0-1:202302281735
gb72-native-v1:20230227_1448_HARP9133_NOAA13234,20230227_1448_HARP9133_NOAA13234,2023-02-27 14:47:23+00:00,9133,13234,primary_cycle25,True,0,1.0,1,noaa-science-v1-0-1:202302281735
gb72-native-v1:20230227_1624_HARP9133_NOAA13234,20230227_1624_HARP9133_NOAA13234,2023-02-27 16:23:23+00:00,9133,13234,primary_cycle25,True,0,1.0,1,noaa-science-v1-0-1:202302281735
gb72-native-v1:20230227_1800_HARP9133_NOAA13234,20230227_1800_HARP9133_NOAA13234,2023-02-27 17:59:23+00:00,9133,13234,primary_cycle25,True,0,1.0,1,noaa-science-v1-0-1:202302281735
gb72-native-v1:20230227_1936_HARP9133_NOAA13234,20230227_1936_HARP9133_NOAA13234,2023-02-27 19:35:23+00:00,9133,13234,not_in_matched_inputs,False,0,1.0,1,noaa-science-v1-0-1:202302281735
gb72-native-v1:20230227_2112_HARP9133_NOAA13234,20230227_2112_HARP9133_NOAA13234,2023-02-27 21:11:23+00:00,9133,13234,not_in_matched_inputs,False,0,1.0,1,noaa-science-v1-0-1:202302281735
gb72-native-v1:20230227_2248_HARP9133_NOAA13234,20230227_2248_HARP9133_NOAA13234,2023-02-27 22:47:23+00:00,9133,13234,not_in_matched_inputs,False,0,1.0,1,noaa-science-v1-0-1:202302281735
gb72-native-v1:20230228_0024_HARP9133_NOAA13234,20230228_0024_HARP9133_NOAA13234,2023-02-28 00:23:23+00:00,9133,13234,not_in_matched_inputs,False,0,1.0,1,noaa-science-v1-0-1:202302281735
gb72-native-v1:20230228_0200_HARP9133_NOAA13234,20230228_0200_HARP9133_NOAA13234,2023-02-28 01:59:23+00:00,9133,13234,not_in_matched_inputs,False,0,1.0,1,noaa-science-v1-0-1:202302281735
gb72-native-v1:20230228_0336_HARP9133_NOAA13234,20230228_0336_HARP9133_NOAA13234,2023-02-28 03:35:23+00:00,9133,13234,primary_cycle25,True,0,1.0,1,noaa-science-v1-0-1:202302281735
gb72-native-v1:20230228_0512_HARP9133_NOAA13234,20230228_0512_HARP9133_NOAA13234,2023-02-28 05:11:23+00:00,9133,13234,primary_cycle25,True,0,1.0,1,noaa-science-v1-0-1:202302281735
gb72-native-v1:20230228_0648_HARP9133_NOAA13234,20230228_0648_HARP9133_NOAA13234,2023-02-28 06:47:23+00:00,9133,13234,primary_cycle25,True,0,1.0,1,noaa-science-v1-0-1:202302281735
gb72-native-v1:20230228_0824_HARP9133_NOAA13234,20230228_0824_HARP9133_NOAA13234,2023-02-28 08:23:23+00:00,9133,13234,primary_cycle25,True,0,1.0,1,noaa-science-v1-0-1:202302281735
gb72-native-v1:20230228_1000_HARP9133_NOAA13234,20230228_1000_HARP9133_NOAA13234,2023-02-28 09:59:23+00:00,9133,13234,primary_cycle25,True,0,1.0,1,noaa-science-v1-0-1:202302281735
gb72-native-v1:20230228_1136_HARP9133_NOAA13234,20230228_1136_HARP9133_NOAA13234,2023-02-28 11:35:23+00:00,9133,13234,primary_cycle25,True,0,1.0,1,noaa-science-v1-0-1:202302281735
gb72-native-v1:20230228_1312_HARP9133_NOAA13234,20230228_1312_HARP9133_NOAA13234,2023-02-28 13:11:23+00:00,9133,13234,primary_cycle25,True,0,1.0,1,noaa-science-v1-0-1:202302281735
gb72-native-v1:20230228_1448_HARP9133_NOAA13234,20230228_1448_HARP9133_NOAA13234,2023-02-28 14:47:23+00:00,9133,13234,primary_cycle25,True,0,1.0,1,noaa-science-v1-0-1:202302281735
gb72-native-v1:20230303_1712_HARP9161_NOAA13238,20230303_1712_HARP9161_NOAA13238,2023-03-03 17:11:23+00:00,9161,13238,primary_cycle25,True,0,1.0,1,noaa-science-v1-0-1:202303050240;noaa-science-v1-0-1:202303051624
gb72-native-v1:20230303_1848_HARP9161_NOAA13238,20230303_1848_HARP9161_NOAA13238,2023-03-03 18:47:23+00:00,9161,13238,primary_cycle25,True,0,1.0,1,noaa-science-v1-0-1:202303050240;noaa-science-v1-0-1:202303051624
gb72-native-v1:20230303_2024_HARP9161_NOAA13238,20230303_2024_HARP9161_NOAA13238,2023-03-03 20:23:23+00:00,9161,13238,primary_cycle25,True,0,1.0,1,noaa-science-v1-0-1:202303050240;noaa-science-v1-0-1:202303051624
gb72-native-v1:20230303_2200_HARP9161_NOAA13238,20230303_2200_HARP9161_NOAA13238,2023-03-03 21:59:23+00:00,9161,13238,primary_cycle25,True,0,1.0,1,noaa-science-v1-0-1:202303050240;noaa-science-v1-0-1:202303051624
gb72-native-v1:20230303_2336_HARP9161_NOAA13238,20230303_2336_HARP9161_NOAA13238,2023-03-03 23:35:23+00:00,9161,13238,primary_cycle25,True,0,1.0,1,noaa-science-v1-0-1:202303050240;noaa-science-v1-0-1:202303051624
gb72-native-v1:20230304_0112_HARP9161_NOAA13238,20230304_0112_HARP9161_NOAA13238,2023-03-04 01:11:23+00:00,9161,13238,primary_cycle25,True,0,1.0,1,noaa-science-v1-0-1:202303050240;noaa-science-v1-0-1:202303051624
gb72-native-v1:20230304_0248_HARP9161_NOAA13238,20230304_0248_HARP9161_NOAA13238,2023-03-04 02:47:23+00:00,9161,13238,primary_cycle25,True,0,1.0,1,noaa-science-v1-0-1:202303050240;noaa-science-v1-0-1:202303051624
gb72-native-v1:20230304_0424_HARP9161_NOAA13238,20230304_0424_HARP9161_NOAA13238,2023-03-04 04:23:23+00:00,9161,13238,primary_cycle25,True,0,1.0,1,noaa-science-v1-0-1:202303050240;noaa-science-v1-0-1:202303051624
gb72-native-v1:20230304_0600_HARP9161_NOAA13238,20230304_0600_HARP9161_NOAA13238,2023-03-04 05:59:23+00:00,9161,13238,primary_cycle25,True,0,1.0,1,noaa-science-v1-0-1:202303050240;noaa-science-v1-0-1:202303051624
gb72-native-v1:20230304_0736_HARP9161_NOAA13238,20230304_0736_HARP9161_NOAA13238,2023-03-04 07:35:23+00:00,9161,13238,not_in_matched_inputs,False,0,1.0,1,noaa-science-v1-0-1:202303050240;noaa-science-v1-0-1:202303051624
gb72-native-v1:20230304_0912_HARP9161_NOAA13238,20230304_0912_HARP9161_NOAA13238,2023-03-04 09:11:23+00:00,9161,13238,not_in_matched_inputs,False,0,1.0,1,noaa-science-v1-0-1:202303050240;noaa-science-v1-0-1:202303051624
gb72-native-v1:20230304_1048_HARP9161_NOAA13238,20230304_1048_HARP9161_NOAA13238,2023-03-04 10:47:23+00:00,9161,13238,not_in_matched_inputs,False,0,1.0,1,noaa-science-v1-0-1:202303050240;noaa-science-v1-0-1:202303051624
gb72-native-v1:20230304_1224_HARP9161_NOAA13238,20230304_1224_HARP9161_NOAA13238,2023-03-04 12:23:23+00:00,9161,13238,primary_cycle25,True,0,1.0,1,noaa-science-v1-0-1:202303050240;noaa-science-v1-0-1:202303051624
gb72-native-v1:20230304_1400_HARP9161_NOAA13238,20230304_1400_HARP9161_NOAA13238,2023-03-04 13:59:23+00:00,9161,13238,primary_cycle25,True,0,1.0,1,noaa-science-v1-0-1:202303050240;noaa-science-v1-0-1:202303051624
gb72-native-v1:20230304_1536_HARP9161_NOAA13238,20230304_1536_HARP9161_NOAA13238,2023-03-04 15:35:23+00:00,9161,13238,primary_cycle25,True,0,1.0,1,noaa-science-v1-0-1:202303050240;noaa-science-v1-0-1:202303051624
gb72-native-v1:20230304_1712_HARP9161_NOAA13238,20230304_1712_HARP9161_NOAA13238,2023-03-04 17:11:23+00:00,9161,13238,primary_cycle25,True,0,1.0,1,noaa-science-v1-0-1:202303050240;noaa-science-v1-0-1:202303051624
gb72-native-v1:20230304_1848_HARP9161_NOAA13238,20230304_1848_HARP9161_NOAA13238,2023-03-04 18:47:23+00:00,9161,13238,primary_cycle25,True,0,1.0,1,noaa-science-v1-0-1:202303050240;noaa-science-v1-0-1:202303051624
gb72-native-v1:20230304_2024_HARP9161_NOAA13238,20230304_2024_HARP9161_NOAA13238,2023-03-04 20:23:23+00:00,9161,13238,primary_cycle25,True,0,1.0,1,noaa-science-v1-0-1:202303050240;noaa-science-v1-0-1:202303051624
gb72-native-v1:20230304_2200_HARP9161_NOAA13238,20230304_2200_HARP9161_NOAA13238,2023-03-04 21:59:23+00:00,9161,13238,primary_cycle25,True,0,1.0,1,noaa-science-v1-0-1:202303050240;noaa-science-v1-0-1:202303051624
gb72-native-v1:20230304_2336_HARP9161_NOAA13238,20230304_2336_HARP9161_NOAA13238,2023-03-04 23:35:23+00:00,9161,13238,primary_cycle25,True,0,1.0,1,noaa-science-v1-0-1:202303050240;noaa-science-v1-0-1:202303051624
gb72-native-v1:20230305_0112_HARP9161_NOAA13238,20230305_0112_HARP9161_NOAA13238,2023-03-05 01:11:23+00:00,9161,13238,primary_cycle25,True,0,1.0,1,noaa-science-v1-0-1:202303050240;noaa-science-v1-0-1:202303051624
gb72-native-v1:20230305_0248_HARP9161_NOAA13238,20230305_0248_HARP9161_NOAA13238,2023-03-05 02:47:23+00:00,9161,13238,primary_cycle25,True,0,1.0,1,noaa-science-v1-0-1:202303051624
gb72-native-v1:20230305_0424_HARP9161_NOAA13238,20230305_0424_HARP9161_NOAA13238,2023-03-05 04:23:23+00:00,9161,13238,primary_cycle25,True,0,1.0,1,noaa-science-v1-0-1:202303051624
gb72-native-v1:20230305_0600_HARP9161_NOAA13238,20230305_0600_HARP9161_NOAA13238,2023-03-05 05:59:23+00:00,9161,13238,primary_cycle25,True,0,1.0,1,noaa-science-v1-0-1:202303051624
gb72-native-v1:20230305_0736_HARP9161_NOAA13238,20230305_0736_HARP9161_NOAA13238,2023-03-05 07:35:23+00:00,9161,13238,not_in_matched_inputs,False,0,1.0,1,noaa-science-v1-0-1:202303051624
gb72-native-v1:20230305_0912_HARP9161_NOAA13238,20230305_0912_HARP9161_NOAA13238,2023-03-05 09:11:23+00:00,9161,13238,not_in_matched_inputs,False,0,1.0,1,noaa-science-v1-0-1:202303051624
gb72-native-v1:20230305_1048_HARP9161_NOAA13238,20230305_1048_HARP9161_NOAA13238,2023-03-05 10:47:23+00:00,9161,13238,not_in_matched_inputs,False,0,1.0,1,noaa-science-v1-0-1:202303051624
gb72-native-v1:20230305_1224_HARP9161_NOAA13238,20230305_1224_HARP9161_NOAA13238,2023-03-05 12:23:23+00:00,9161,13238,primary_cycle25,True,0,1.0,1,noaa-science-v1-0-1:202303051624
gb72-native-v1:20230305_1400_HARP9161_NOAA13238,20230305_1400_HARP9161_NOAA13238,2023-03-05 13:59:23+00:00,9161,13238,primary_cycle25,True,0,1.0,1,noaa-science-v1-0-1:202303051624
gb72-native-v1:20230305_1536_HARP9161_NOAA13238,20230305_1536_HARP9161_NOAA13238,2023-03-05 15:35:23+00:00,9161,13238,primary_cycle25,True,0,1.0,1,noaa-science-v1-0-1:202303051624
gb72-native-v1:20230306_1112_HARP9182_NOAA13242,20230306_1112_HARP9182_NOAA13242,2023-03-06 11:11:23+00:00,9182,13242,primary_cycle25,True,0,1.0,1,noaa-science-v1-0-1:202303061724;noaa-science-v1-0-1:202303080953
gb72-native-v1:20230306_1248_HARP9182_NOAA13242,20230306_1248_HARP9182_NOAA13242,2023-03-06 12:47:23+00:00,9182,13242,primary_cycle25,True,0,1.0,1,noaa-science-v1-0-1:202303061724;noaa-science-v1-0-1:202303080953
gb72-native-v1:20230306_1424_HARP9182_NOAA13242,20230306_1424_HARP9182_NOAA13242,2023-03-06 14:23:23+00:00,9182,13242,primary_cycle25,True,0,1.0,1,noaa-science-v1-0-1:202303061724;noaa-science-v1-0-1:202303080953
gb72-native-v1:20230306_1600_HARP9182_NOAA13242,20230306_1600_HARP9182_NOAA13242,2023-03-06 15:59:23+00:00,9182,13242,primary_cycle25,True,0,1.0,1,noaa-science-v1-0-1:202303061724;noaa-science-v1-0-1:202303080953
gb72-native-v1:20230306_1736_HARP9182_NOAA13242,20230306_1736_HARP9182_NOAA13242,2023-03-06 17:35:23+00:00,9182,13242,primary_cycle25,True,0,1.0,1,noaa-science-v1-0-1:202303080953
gb72-native-v1:20230306_1912_HARP9182_NOAA13242,20230306_1912_HARP9182_NOAA13242,2023-03-06 19:11:23+00:00,9182,13242,primary_cycle25,True,0,1.0,1,noaa-science-v1-0-1:202303080953
gb72-native-v1:20230306_2048_HARP9182_NOAA13242,20230306_2048_HARP9182_NOAA13242,2023-03-06 20:47:23+00:00,9182,13242,primary_cycle25,True,0,1.0,1,noaa-science-v1-0-1:202303080953
gb72-native-v1:20230306_2224_HARP9182_NOAA13242,20230306_2224_HARP9182_NOAA13242,2023-03-06 22:23:23+00:00,9182,13242,primary_cycle25,True,0,1.0,1,noaa-science-v1-0-1:202303080953
gb72-native-v1:20230307_0000_HARP9182_NOAA13242,20230307_0000_HARP9182_NOAA13242,2023-03-06 23:59:23+00:00,9182,13242,primary_cycle25,True,0,1.0,1,noaa-science-v1-0-1:202303080953
gb72-native-v1:20230307_0136_HARP9182_NOAA13242,20230307_0136_HARP9182_NOAA13242,2023-03-07 01:35:23+00:00,9182,13242,primary_cycle25,True,0,1.0,1,noaa-science-v1-0-1:202303080953
gb72-native-v1:20230307_0312_HARP9182_NOAA13242,20230307_0312_HARP9182_NOAA13242,2023-03-07 03:11:23+00:00,9182,13242,primary_cycle25,True,0,1.0,1,noaa-science-v1-0-1:202303080953
gb72-native-v1:20230307_0448_HARP9182_NOAA13242,20230307_0448_HARP9182_NOAA13242,2023-03-07 04:47:23+00:00,9182,13242,primary_cycle25,True,0,1.0,1,noaa-science-v1-0-1:202303080953
gb72-native-v1:20230307_0624_HARP9182_NOAA13242,20230307_0624_HARP9182_NOAA13242,2023-03-07 06:23:23+00:00,9182,13242,primary_cycle25,True,0,1.0,1,noaa-science-v1-0-1:202303080953
gb72-native-v1:20230307_0800_HARP9182_NOAA13242,20230307_0800_HARP9182_NOAA13242,2023-03-07 07:59:23+00:00,9182,13242,primary_cycle25,True,0,1.0,1,noaa-science-v1-0-1:202303080953
gb72-native-v1:20230307_0936_HARP9182_NOAA13242,20230307_0936_HARP9182_NOAA13242,2023-03-07 09:35:23+00:00,9182,13242,primary_cycle25,True,0,1.0,1,noaa-science-v1-0-1:202303080953
gb72-native-v1:20230307_1112_HARP9182_NOAA13242,20230307_1112_HARP9182_NOAA13242,2023-03-07 11:11:23+00:00,9182,13242,primary_cycle25,True,0,1.0,1,noaa-science-v1-0-1:202303080953
gb72-native-v1:20230307_1248_HARP9182_NOAA13242,20230307_1248_HARP9182_NOAA13242,2023-03-07 12:47:23+00:00,9182,13242,primary_cycle25,True,0,1.0,1,noaa-science-v1-0-1:202303080953
gb72-native-v1:20230307_1424_HARP9182_NOAA13242,20230307_1424_HARP9182_NOAA13242,2023-03-07 14:23:23+00:00,9182,13242,primary_cycle25,True,0,1.0,1,noaa-science-v1-0-1:202303080953
gb72-native-v1:20230307_1600_HARP9182_NOAA13242,20230307_1600_HARP9182_NOAA13242,2023-03-07 15:59:23+00:00,9182,13242,primary_cycle25,True,0,1.0,1,noaa-science-v1-0-1:202303080953
gb72-native-v1:20230307_1736_HARP9182_NOAA13242,20230307_1736_HARP9182_NOAA13242,2023-03-07 17:35:23+00:00,9182,13242,primary_cycle25,True,0,1.0,1,noaa-science-v1-0-1:202303080953
gb72-native-v1:20230307_1912_HARP9182_NOAA13242,20230307_1912_HARP9182_NOAA13242,2023-03-07 19:11:23+00:00,9182,13242,primary_cycle25,True,0,1.0,1,noaa-science-v1-0-1:202303080953
gb72-native-v1:20230307_2048_HARP9182_NOAA13242,20230307_2048_HARP9182_NOAA13242,2023-03-07 20:47:23+00:00,9182,13242,not_in_matched_inputs,False,0,1.0,1,noaa-science-v1-0-1:202303080953
gb72-native-v1:20230307_2224_HARP9182_NOAA13242,20230307_2224_HARP9182_NOAA13242,2023-03-07 22:23:23+00:00,9182,13242,not_in_matched_inputs,False,0,1.0,1,noaa-science-v1-0-1:202303080953
gb72-native-v1:20230307_2324_HARP9188_NOAA13245,20230307_2324_HARP9188_NOAA13245,2023-03-07 23:23:23+00:00,9188,13245,not_in_matched_inputs,False,0,1.0,1,noaa-science-v1-0-1:202303082235
gb72-native-v1:20230308_0000_HARP9182_NOAA13242,20230308_0000_HARP9182_NOAA13242,2023-03-07 23:59:23+00:00,9182,13242,not_in_matched_inputs,False,0,1.0,1,noaa-science-v1-0-1:202303080953
gb72-native-v1:20230308_0100_HARP9188_NOAA13245,20230308_0100_HARP9188_NOAA13245,2023-03-08 00:59:23+00:00,9188,13245,not_in_matched_inputs,False,0,1.0,1,noaa-science-v1-0-1:202303082235
gb72-native-v1:20230308_0136_HARP9182_NOAA13242,20230308_0136_HARP9182_NOAA13242,2023-03-08 01:35:23+00:00,9182,13242,primary_cycle25,True,0,1.0,1,noaa-science-v1-0-1:202303080953
gb72-native-v1:20230308_0236_HARP9188_NOAA13245,20230308_0236_HARP9188_NOAA13245,2023-03-08 02:35:23+00:00,9188,13245,not_in_matched_inputs,False,0,1.0,1,noaa-science-v1-0-1:202303082235
gb72-native-v1:20230308_0312_HARP9182_NOAA13242,20230308_0312_HARP9182_NOAA13242,2023-03-08 03:11:23+00:00,9182,13242,primary_cycle25,True,0,1.0,1,noaa-science-v1-0-1:202303080953
gb72-native-v1:20230308_0412_HARP9188_NOAA13245,20230308_0412_HARP9188_NOAA13245,2023-03-08 04:11:23+00:00,9188,13245,primary_cycle25,True,0,1.0,1,noaa-science-v1-0-1:202303082235
gb72-native-v1:20230308_0448_HARP9182_NOAA13242,20230308_0448_HARP9182_NOAA13242,2023-03-08 04:47:23+00:00,9182,13242,primary_cycle25,True,0,1.0,1,noaa-science-v1-0-1:202303080953
gb72-native-v1:20230308_0548_HARP9188_NOAA13245,20230308_0548_HARP9188_NOAA13245,2023-03-08 05:47:23+00:00,9188,13245,primary_cycle25,True,0,1.0,1,noaa-science-v1-0-1:202303082235
gb72-native-v1:20230308_0624_HARP9182_NOAA13242,20230308_0624_HARP9182_NOAA13242,2023-03-08 06:23:23+00:00,9182,13242,primary_cycle25,True,0,1.0,1,noaa-science-v1-0-1:202303080953
gb72-native-v1:20230308_0724_HARP9188_NOAA13245,20230308_0724_HARP9188_NOAA13245,2023-03-08 07:23:23+00:00,9188,13245,primary_cycle25,True,0,1.0,1,noaa-science-v1-0-1:202303082235
gb72-native-v1:20230308_0800_HARP9182_NOAA13242,20230308_0800_HARP9182_NOAA13242,2023-03-08 07:59:23+00:00,9182,13242,primary_cycle25,True,0,1.0,1,noaa-science-v1-0-1:202303080953
gb72-native-v1:20230308_0900_HARP9188_NOAA13245,20230308_0900_HARP9188_NOAA13245,2023-03-08 08:59:23+00:00,9188,13245,primary_cycle25,True,0,1.0,1,noaa-science-v1-0-1:202303082235
gb72-native-v1:20230308_0936_HARP9182_NOAA13242,20230308_0936_HARP9182_NOAA13242,2023-03-08 09:35:23+00:00,9182,13242,primary_cycle25,True,0,1.0,1,noaa-science-v1-0-1:202303080953
gb72-native-v1:20230308_1036_HARP9188_NOAA13245,20230308_1036_HARP9188_NOAA13245,2023-03-08 10:35:23+00:00,9188,13245,primary_cycle25,True,0,1.0,1,noaa-science-v1-0-1:202303082235
gb72-native-v1:20230308_1212_HARP9188_NOAA13245,20230308_1212_HARP9188_NOAA13245,2023-03-08 12:11:23+00:00,9188,13245,primary_cycle25,True,0,1.0,1,noaa-science-v1-0-1:202303082235
gb72-native-v1:20230308_1348_HARP9188_NOAA13245,20230308_1348_HARP9188_NOAA13245,2023-03-08 13:47:23+00:00,9188,13245,primary_cycle25,True,0,1.0,1,noaa-science-v1-0-1:202303082235
gb72-native-v1:20230308_1524_HARP9188_NOAA13245,20230308_1524_HARP9188_NOAA13245,2023-03-08 15:23:23+00:00,9188,13245,primary_cycle25,True,0,1.0,1,noaa-science-v1-0-1:202303082235
gb72-native-v1:20230308_1700_HARP9188_NOAA13245,20230308_1700_HARP9188_NOAA13245,2023-03-08 16:59:23+00:00,9188,13245,primary_cycle25,True,0,1.0,1,noaa-science-v1-0-1:202303082235
gb72-native-v1:20230308_1836_HARP9188_NOAA13245,20230308_1836_HARP9188_NOAA13245,2023-03-08 18:35:23+00:00,9188,13245,primary_cycle25,True,0,1.0,1,noaa-science-v1-0-1:202303082235
gb72-native-v1:20230308_2024_HARP9188_NOAA13245,20230308_2024_HARP9188_NOAA13245,2023-03-08 20:23:23+00:00,9188,13245,not_in_matched_inputs,False,0,1.0,1,noaa-science-v1-0-1:202303082235
gb72-native-v1:20230308_2200_HARP9188_NOAA13245,20230308_2200_HARP9188_NOAA13245,2023-03-08 21:59:23+00:00,9188,13245,not_in_matched_inputs,False,0,1.0,1,noaa-science-v1-0-1:202303082235
gb72-native-v1:20230410_1748_HARP9348_NOAA13272,20230410_1748_HARP9348_NOAA13272,2023-04-10 17:47:23+00:00,9348,13272,not_in_matched_inputs,False,0,1.0,1,noaa-science-v1-0-1:202304110951
gb72-native-v1:20230410_1924_HARP9348_NOAA13272,20230410_1924_HARP9348_NOAA13272,2023-04-10 19:23:23+00:00,9348,13272,not_in_matched_inputs,False,0,1.0,1,noaa-science-v1-0-1:202304110951
gb72-native-v1:20230410_2100_HARP9348_NOAA13272,20230410_2100_HARP9348_NOAA13272,2023-04-10 20:59:23+00:00,9348,13272,not_in_matched_inputs,False,0,1.0,1,noaa-science-v1-0-1:202304110951
gb72-native-v1:20230410_2236_HARP9348_NOAA13272,20230410_2236_HARP9348_NOAA13272,2023-04-10 22:35:23+00:00,9348,13272,not_in_matched_inputs,False,0,1.0,1,noaa-science-v1-0-1:202304110951
gb72-native-v1:20230411_0012_HARP9348_NOAA13272,20230411_0012_HARP9348_NOAA13272,2023-04-11 00:11:23+00:00,9348,13272,primary_cycle25,True,0,1.0,1,noaa-science-v1-0-1:202304110951
gb72-native-v1:20230411_0148_HARP9348_NOAA13272,20230411_0148_HARP9348_NOAA13272,2023-04-11 01:47:23+00:00,9348,13272,primary_cycle25,True,0,1.0,1,noaa-science-v1-0-1:202304110951
gb72-native-v1:20230411_0324_HARP9348_NOAA13272,20230411_0324_HARP9348_NOAA13272,2023-04-11 03:23:23+00:00,9348,13272,not_in_matched_inputs,False,0,1.0,1,noaa-science-v1-0-1:202304110951
gb72-native-v1:20230411_0500_HARP9348_NOAA13272,20230411_0500_HARP9348_NOAA13272,2023-04-11 04:59:23+00:00,9348,13272,not_in_matched_inputs,False,0,1.0,1,noaa-science-v1-0-1:202304110951
gb72-native-v1:20230411_0636_HARP9348_NOAA13272,20230411_0636_HARP9348_NOAA13272,2023-04-11 06:35:23+00:00,9348,13272,not_in_matched_inputs,False,0,1.0,1,noaa-science-v1-0-1:202304110951
gb72-native-v1:20230411_0812_HARP9348_NOAA13272,20230411_0812_HARP9348_NOAA13272,2023-04-11 08:11:23+00:00,9348,13272,primary_cycle25,True,0,1.0,1,noaa-science-v1-0-1:202304110951
gb72-native-v1:20230411_0948_HARP9348_NOAA13272,20230411_0948_HARP9348_NOAA13272,2023-04-11 09:47:23+00:00,9348,13272,primary_cycle25,True,0,1.0,1,noaa-science-v1-0-1:202304110951
gb72-native-v1:20230509_0936_HARP9478_NOAA13294,20230509_0936_HARP9478_NOAA13294,2023-05-09 09:35:23+00:00,9478,13294,primary_cycle25,True,0,1.0,1,noaa-science-v1-0-1:202305110847
gb72-native-v1:20230509_1112_HARP9478_NOAA13294,20230509_1112_HARP9478_NOAA13294,2023-05-09 11:11:23+00:00,9478,13294,primary_cycle25,True,0,1.0,1,noaa-science-v1-0-1:202305110847
gb72-native-v1:20230509_1248_HARP9478_NOAA13294,20230509_1248_HARP9478_NOAA13294,2023-05-09 12:47:23+00:00,9478,13294,primary_cycle25,True,0,1.0,1,noaa-science-v1-0-1:202305110847
gb72-native-v1:20230509_1424_HARP9478_NOAA13294,20230509_1424_HARP9478_NOAA13294,2023-05-09 14:23:23+00:00,9478,13294,primary_cycle25,True,0,1.0,1,noaa-science-v1-0-1:202305110847
gb72-native-v1:20230509_1600_HARP9478_NOAA13294,20230509_1600_HARP9478_NOAA13294,2023-05-09 15:59:23+00:00,9478,13294,primary_cycle25,True,0,1.0,1,noaa-science-v1-0-1:202305110847
gb72-native-v1:20230509_1736_HARP9478_NOAA13294,20230509_1736_HARP9478_NOAA13294,2023-05-09 17:35:23+00:00,9478,13294,primary_cycle25,True,0,1.0,1,noaa-science-v1-0-1:202305110847
gb72-native-v1:20230509_1912_HARP9478_NOAA13294,20230509_1912_HARP9478_NOAA13294,2023-05-09 19:11:23+00:00,9478,13294,primary_cycle25,True,0,1.0,1,noaa-science-v1-0-1:202305110847;noaa-science-v1-0-1:202305111813
gb72-native-v1:20230509_2048_HARP9478_NOAA13294,20230509_2048_HARP9478_NOAA13294,2023-05-09 20:47:23+00:00,9478,13294,primary_cycle25,True,0,1.0,1,noaa-science-v1-0-1:202305110847;noaa-science-v1-0-1:202305111813
gb72-native-v1:20230509_2224_HARP9478_NOAA13294,20230509_2224_HARP9478_NOAA13294,2023-05-09 22:23:23+00:00,9478,13294,primary_cycle25,True,0,1.0,1,noaa-science-v1-0-1:202305110847;noaa-science-v1-0-1:202305111813
gb72-native-v1:20230510_0000_HARP9478_NOAA13294,20230510_0000_HARP9478_NOAA13294,2023-05-09 23:59:23+00:00,9478,13294,primary_cycle25,True,0,1.0,1,noaa-science-v1-0-1:202305110847;noaa-science-v1-0-1:202305111813
gb72-native-v1:20230510_0136_HARP9478_NOAA13294,20230510_0136_HARP9478_NOAA13294,2023-05-10 01:35:23+00:00,9478,13294,primary_cycle25,True,0,1.0,1,noaa-science-v1-0-1:202305110847;noaa-science-v1-0-1:202305111813
gb72-native-v1:20230510_0312_HARP9478_NOAA13294,20230510_0312_HARP9478_NOAA13294,2023-05-10 03:11:23+00:00,9478,13294,primary_cycle25,True,0,1.0,1,noaa-science-v1-0-1:202305110847;noaa-science-v1-0-1:202305111813
gb72-native-v1:20230510_0448_HARP9478_NOAA13294,20230510_0448_HARP9478_NOAA13294,2023-05-10 04:47:23+00:00,9478,13294,primary_cycle25,True,0,1.0,1,noaa-science-v1-0-1:202305110847;noaa-science-v1-0-1:202305111813
gb72-native-v1:20230510_0624_HARP9478_NOAA13294,20230510_0624_HARP9478_NOAA13294,2023-05-10 06:23:23+00:00,9478,13294,primary_cycle25,True,0,1.0,1,noaa-science-v1-0-1:202305110847;noaa-science-v1-0-1:202305111813
gb72-native-v1:20230510_0800_HARP9478_NOAA13294,20230510_0800_HARP9478_NOAA13294,2023-05-10 07:59:23+00:00,9478,13294,primary_cycle25,True,0,1.0,1,noaa-science-v1-0-1:202305110847;noaa-science-v1-0-1:202305111813
gb72-native-v1:20230510_0936_HARP9478_NOAA13294,20230510_0936_HARP9478_NOAA13294,2023-05-10 09:35:23+00:00,9478,13294,primary_cycle25,True,0,1.0,1,noaa-science-v1-0-1:202305110847;noaa-science-v1-0-1:202305111813
gb72-native-v1:20230510_1112_HARP9478_NOAA13294,20230510_1112_HARP9478_NOAA13294,2023-05-10 11:11:23+00:00,9478,13294,primary_cycle25,True,0,1.0,1,noaa-science-v1-0-1:202305110847;noaa-science-v1-0-1:202305111813
gb72-native-v1:20230522_1600_HARP9561_NOAA13311,20230522_1600_HARP9561_NOAA13311,2023-05-22 15:59:23+00:00,9561,13311,not_in_matched_inputs,False,0,1.0,1,noaa-science-v1-0-1:202305231207;noaa-science-v1-0-1:202305240951
gb72-native-v1:20230526_1148_HARP9584_NOAA13315,20230526_1148_HARP9584_NOAA13315,2023-05-26 11:47:23+00:00,9584,13315,primary_cycle25,True,0,1.0,1,noaa-science-v1-0-1:202305281021
gb72-native-v1:20230526_1324_HARP9584_NOAA13315,20230526_1324_HARP9584_NOAA13315,2023-05-26 13:23:23+00:00,9584,13315,primary_cycle25,True,0,1.0,1,noaa-science-v1-0-1:202305281021
gb72-native-v1:20230526_1500_HARP9584_NOAA13315,20230526_1500_HARP9584_NOAA13315,2023-05-26 14:59:23+00:00,9584,13315,primary_cycle25,True,0,1.0,1,noaa-science-v1-0-1:202305281021
gb72-native-v1:20230526_1636_HARP9584_NOAA13315,20230526_1636_HARP9584_NOAA13315,2023-05-26 16:35:23+00:00,9584,13315,primary_cycle25,True,0,1.0,1,noaa-science-v1-0-1:202305281021
gb72-native-v1:20230526_1812_HARP9584_NOAA13315,20230526_1812_HARP9584_NOAA13315,2023-05-26 18:11:23+00:00,9584,13315,primary_cycle25,True,0,1.0,1,noaa-science-v1-0-1:202305281021
gb72-native-v1:20230526_1948_HARP9584_NOAA13315,20230526_1948_HARP9584_NOAA13315,2023-05-26 19:47:23+00:00,9584,13315,primary_cycle25,True,0,1.0,1,noaa-science-v1-0-1:202305281021
gb72-native-v1:20230526_2124_HARP9584_NOAA13315,20230526_2124_HARP9584_NOAA13315,2023-05-26 21:23:23+00:00,9584,13315,primary_cycle25,True,0,1.0,1,noaa-science-v1-0-1:202305281021
gb72-native-v1:20230526_2300_HARP9584_NOAA13315,20230526_2300_HARP9584_NOAA13315,2023-05-26 22:59:23+00:00,9584,13315,primary_cycle25,True,0,1.0,1,noaa-science-v1-0-1:202305281021
gb72-native-v1:20230527_0036_HARP9584_NOAA13315,20230527_0036_HARP9584_NOAA13315,2023-05-27 00:35:23+00:00,9584,13315,primary_cycle25,True,0,1.0,1,noaa-science-v1-0-1:202305281021
gb72-native-v1:20230527_0212_HARP9584_NOAA13315,20230527_0212_HARP9584_NOAA13315,2023-05-27 02:11:23+00:00,9584,13315,primary_cycle25,True,0,1.0,1,noaa-science-v1-0-1:202305281021
gb72-native-v1:20230527_0348_HARP9584_NOAA13315,20230527_0348_HARP9584_NOAA13315,2023-05-27 03:47:23+00:00,9584,13315,primary_cycle25,True,0,1.0,1,noaa-science-v1-0-1:202305281021
gb72-native-v1:20230527_0524_HARP9584_NOAA13315,20230527_0524_HARP9584_NOAA13315,2023-05-27 05:23:23+00:00,9584,13315,primary_cycle25,True,0,1.0,1,noaa-science-v1-0-1:202305281021
gb72-native-v1:20230527_0700_HARP9584_NOAA13315,20230527_0700_HARP9584_NOAA13315,2023-05-27 06:59:23+00:00,9584,13315,primary_cycle25,True,0,1.0,1,noaa-science-v1-0-1:202305281021
gb72-native-v1:20230527_0836_HARP9584_NOAA13315,20230527_0836_HARP9584_NOAA13315,2023-05-27 08:35:23+00:00,9584,13315,primary_cycle25,True,0,1.0,1,noaa-science-v1-0-1:202305281021
gb72-native-v1:20230527_1012_HARP9584_NOAA13315,20230527_1012_HARP9584_NOAA13315,2023-05-27 10:11:23+00:00,9584,13315,primary_cycle25,True,0,1.0,1,noaa-science-v1-0-1:202305281021
gb72-native-v1:20230527_1148_HARP9584_NOAA13315,20230527_1148_HARP9584_NOAA13315,2023-05-27 11:47:23+00:00,9584,13315,primary_cycle25,True,0,1.0,1,noaa-science-v1-0-1:202305281021
gb72-native-v1:20230527_1324_HARP9584_NOAA13315,20230527_1324_HARP9584_NOAA13315,2023-05-27 13:23:23+00:00,9584,13315,primary_cycle25,True,0,1.0,1,noaa-science-v1-0-1:202305281021
gb72-native-v1:20230527_1500_HARP9584_NOAA13315,20230527_1500_HARP9584_NOAA13315,2023-05-27 14:59:23+00:00,9584,13315,primary_cycle25,True,0,1.0,1,noaa-science-v1-0-1:202305281021
gb72-native-v1:20230527_1636_HARP9584_NOAA13315,20230527_1636_HARP9584_NOAA13315,2023-05-27 16:35:23+00:00,9584,13315,primary_cycle25,True,0,1.0,1,noaa-science-v1-0-1:202305281021
gb72-native-v1:20230527_1812_HARP9584_NOAA13315,20230527_1812_HARP9584_NOAA13315,2023-05-27 18:11:23+00:00,9584,13315,primary_cycle25,True,0,1.0,1,noaa-science-v1-0-1:202305281021
gb72-native-v1:20230527_1948_HARP9584_NOAA13315,20230527_1948_HARP9584_NOAA13315,2023-05-27 19:47:23+00:00,9584,13315,primary_cycle25,True,0,1.0,1,noaa-science-v1-0-1:202305281021
gb72-native-v1:20230527_2124_HARP9584_NOAA13315,20230527_2124_HARP9584_NOAA13315,2023-05-27 21:23:23+00:00,9584,13315,primary_cycle25,True,0,1.0,1,noaa-science-v1-0-1:202305281021
gb72-native-v1:20230527_2300_HARP9584_NOAA13315,20230527_2300_HARP9584_NOAA13315,2023-05-27 22:59:23+00:00,9584,13315,primary_cycle25,True,0,1.0,1,noaa-science-v1-0-1:202305281021
gb72-native-v1:20230528_0036_HARP9584_NOAA13315,20230528_0036_HARP9584_NOAA13315,2023-05-28 00:35:23+00:00,9584,13315,primary_cycle25,True,0,1.0,1,noaa-science-v1-0-1:202305281021
gb72-native-v1:20230528_0212_HARP9584_NOAA13315,20230528_0212_HARP9584_NOAA13315,2023-05-28 02:11:23+00:00,9584,13315,primary_cycle25,True,0,1.0,1,noaa-science-v1-0-1:202305281021
gb72-native-v1:20230528_0348_HARP9584_NOAA13315,20230528_0348_HARP9584_NOAA13315,2023-05-28 03:47:23+00:00,9584,13315,primary_cycle25,True,0,1.0,1,noaa-science-v1-0-1:202305281021
gb72-native-v1:20230528_0524_HARP9584_NOAA13315,20230528_0524_HARP9584_NOAA13315,2023-05-28 05:23:23+00:00,9584,13315,primary_cycle25,True,0,1.0,1,noaa-science-v1-0-1:202305281021
gb72-native-v1:20230528_0700_HARP9584_NOAA13315,20230528_0700_HARP9584_NOAA13315,2023-05-28 06:59:23+00:00,9584,13315,primary_cycle25,True,0,1.0,1,noaa-science-v1-0-1:202305281021
gb72-native-v1:20230528_0836_HARP9584_NOAA13315,20230528_0836_HARP9584_NOAA13315,2023-05-28 08:35:23+00:00,9584,13315,primary_cycle25,True,0,1.0,1,noaa-science-v1-0-1:202305281021
gb72-native-v1:20230528_1012_HARP9584_NOAA13315,20230528_1012_HARP9584_NOAA13315,2023-05-28 10:11:23+00:00,9584,13315,primary_cycle25,True,0,1.0,1,noaa-science-v1-0-1:202305281021
gb72-native-v1:20230529_1248_HARP9590_NOAA13319,20230529_1248_HARP9590_NOAA13319,2023-05-29 12:47:23+00:00,9590,13319,primary_cycle25,True,0,1.0,1,noaa-science-v1-0-1:202305311223
gb72-native-v1:20230529_1424_HARP9590_NOAA13319,20230529_1424_HARP9590_NOAA13319,2023-05-29 14:23:23+00:00,9590,13319,primary_cycle25,True,0,1.0,1,noaa-science-v1-0-1:202305311223
gb72-native-v1:20230529_1600_HARP9590_NOAA13319,20230529_1600_HARP9590_NOAA13319,2023-05-29 15:59:23+00:00,9590,13319,primary_cycle25,True,0,1.0,1,noaa-science-v1-0-1:202305311223
gb72-native-v1:20230529_1736_HARP9590_NOAA13319,20230529_1736_HARP9590_NOAA13319,2023-05-29 17:35:23+00:00,9590,13319,primary_cycle25,True,0,1.0,1,noaa-science-v1-0-1:202305311223
gb72-native-v1:20230529_1912_HARP9590_NOAA13319,20230529_1912_HARP9590_NOAA13319,2023-05-29 19:11:23+00:00,9590,13319,primary_cycle25,True,0,1.0,1,noaa-science-v1-0-1:202305311223
gb72-native-v1:20230529_2048_HARP9590_NOAA13319,20230529_2048_HARP9590_NOAA13319,2023-05-29 20:47:23+00:00,9590,13319,not_in_matched_inputs,False,0,1.0,1,noaa-science-v1-0-1:202305311223
gb72-native-v1:20230529_2224_HARP9590_NOAA13319,20230529_2224_HARP9590_NOAA13319,2023-05-29 22:23:23+00:00,9590,13319,not_in_matched_inputs,False,0,1.0,1,noaa-science-v1-0-1:202305311223
gb72-native-v1:20230530_0000_HARP9590_NOAA13319,20230530_0000_HARP9590_NOAA13319,2023-05-29 23:59:23+00:00,9590,13319,not_in_matched_inputs,False,0,1.0,1,noaa-science-v1-0-1:202305311223
gb72-native-v1:20230530_0136_HARP9590_NOAA13319,20230530_0136_HARP9590_NOAA13319,2023-05-30 01:35:23+00:00,9590,13319,primary_cycle25,True,0,1.0,1,noaa-science-v1-0-1:202305311223
gb72-native-v1:20230530_0312_HARP9590_NOAA13319,20230530_0312_HARP9590_NOAA13319,2023-05-30 03:11:23+00:00,9590,13319,primary_cycle25,True,0,1.0,1,noaa-science-v1-0-1:202305311223
gb72-native-v1:20230530_0448_HARP9590_NOAA13319,20230530_0448_HARP9590_NOAA13319,2023-05-30 04:47:23+00:00,9590,13319,primary_cycle25,True,0,1.0,1,noaa-science-v1-0-1:202305311223
gb72-native-v1:20230530_0624_HARP9590_NOAA13319,20230530_0624_HARP9590_NOAA13319,2023-05-30 06:23:23+00:00,9590,13319,primary_cycle25,True,0,1.0,1,noaa-science-v1-0-1:202305311223
gb72-native-v1:20230530_0800_HARP9590_NOAA13319,20230530_0800_HARP9590_NOAA13319,2023-05-30 07:59:23+00:00,9590,13319,primary_cycle25,True,0,1.0,1,noaa-science-v1-0-1:202305311223
gb72-native-v1:20230530_0936_HARP9590_NOAA13319,20230530_0936_HARP9590_NOAA13319,2023-05-30 09:35:23+00:00,9590,13319,primary_cycle25,True,0,1.0,1,noaa-science-v1-0-1:202305311223
gb72-native-v1:20230530_1112_HARP9590_NOAA13319,20230530_1112_HARP9590_NOAA13319,2023-05-30 11:11:23+00:00,9590,13319,not_in_matched_inputs,False,0,1.0,1,noaa-science-v1-0-1:202305311223
gb72-native-v1:20230530_1248_HARP9590_NOAA13319,20230530_1248_HARP9590_NOAA13319,2023-05-30 12:47:23+00:00,9590,13319,not_in_matched_inputs,False,0,1.0,1,noaa-science-v1-0-1:202305311223
gb72-native-v1:20230530_1424_HARP9590_NOAA13319,20230530_1424_HARP9590_NOAA13319,2023-05-30 14:23:23+00:00,9590,13319,not_in_matched_inputs,False,0,1.0,1,noaa-science-v1-0-1:202305311223
gb72-native-v1:20230530_1600_HARP9590_NOAA13319,20230530_1600_HARP9590_NOAA13319,2023-05-30 15:59:23+00:00,9590,13319,primary_cycle25,True,0,1.0,1,noaa-science-v1-0-1:202305311223
gb72-native-v1:20230530_1736_HARP9590_NOAA13319,20230530_1736_HARP9590_NOAA13319,2023-05-30 17:35:23+00:00,9590,13319,primary_cycle25,True,0,1.0,1,noaa-science-v1-0-1:202305311223
gb72-native-v1:20230530_1924_HARP9590_NOAA13319,20230530_1924_HARP9590_NOAA13319,2023-05-30 19:23:23+00:00,9590,13319,not_in_matched_inputs,False,0,1.0,1,noaa-science-v1-0-1:202305311223
gb72-native-v1:20230530_2100_HARP9590_NOAA13319,20230530_2100_HARP9590_NOAA13319,2023-05-30 20:59:23+00:00,9590,13319,not_in_matched_inputs,False,0,1.0,1,noaa-science-v1-0-1:202305311223
gb72-native-v1:20230530_2236_HARP9590_NOAA13319,20230530_2236_HARP9590_NOAA13319,2023-05-30 22:35:23+00:00,9590,13319,not_in_matched_inputs,False,0,1.0,1,noaa-science-v1-0-1:202305311223
gb72-native-v1:20230531_0012_HARP9590_NOAA13319,20230531_0012_HARP9590_NOAA13319,2023-05-31 00:11:23+00:00,9590,13319,primary_cycle25,True,0,1.0,1,noaa-science-v1-0-1:202305311223
gb72-native-v1:20230531_0148_HARP9590_NOAA13319,20230531_0148_HARP9590_NOAA13319,2023-05-31 01:47:23+00:00,9590,13319,primary_cycle25,True,0,1.0,1,noaa-science-v1-0-1:202305311223
gb72-native-v1:20230531_0324_HARP9590_NOAA13319,20230531_0324_HARP9590_NOAA13319,2023-05-31 03:23:23+00:00,9590,13319,primary_cycle25,True,0,1.0,1,noaa-science-v1-0-1:202305311223
gb72-native-v1:20230531_0500_HARP9590_NOAA13319,20230531_0500_HARP9590_NOAA13319,2023-05-31 04:59:23+00:00,9590,13319,primary_cycle25,True,0,1.0,1,noaa-science-v1-0-1:202305311223
gb72-native-v1:20230531_0636_HARP9590_NOAA13319,20230531_0636_HARP9590_NOAA13319,2023-05-31 06:35:23+00:00,9590,13319,primary_cycle25,True,0,1.0,1,noaa-science-v1-0-1:202305311223
gb72-native-v1:20230531_0812_HARP9590_NOAA13319,20230531_0812_HARP9590_NOAA13319,2023-05-31 08:11:23+00:00,9590,13319,primary_cycle25,True,0,1.0,1,noaa-science-v1-0-1:202305311223
gb72-native-v1:20230531_0948_HARP9590_NOAA13319,20230531_0948_HARP9590_NOAA13319,2023-05-31 09:47:23+00:00,9590,13319,primary_cycle25,True,0,1.0,1,noaa-science-v1-0-1:202305311223
gb72-native-v1:20230531_1124_HARP9590_NOAA13319,20230531_1124_HARP9590_NOAA13319,2023-05-31 11:23:23+00:00,9590,13319,primary_cycle25,True,0,1.0,1,noaa-science-v1-0-1:202305311223
gb72-native-v1:20230614_2000_HARP9643_NOAA13331,20230614_2000_HARP9643_NOAA13331,2023-06-14 19:59:23+00:00,9643,13331,not_in_matched_inputs,False,0,1.0,1,noaa-science-v1-0-1:202306161952
gb72-native-v1:20230614_2136_HARP9643_NOAA13331,20230614_2136_HARP9643_NOAA13331,2023-06-14 21:35:23+00:00,9643,13331,not_in_matched_inputs,False,0,1.0,1,noaa-science-v1-0-1:202306161952
gb72-native-v1:20230614_2312_HARP9643_NOAA13331,20230614_2312_HARP9643_NOAA13331,2023-06-14 23:11:23+00:00,9643,13331,not_in_matched_inputs,False,0,1.0,1,noaa-science-v1-0-1:202306161952
gb72-native-v1:20230615_0048_HARP9643_NOAA13331,20230615_0048_HARP9643_NOAA13331,2023-06-15 00:47:23+00:00,9643,13331,primary_cycle25,True,0,1.0,1,noaa-science-v1-0-1:202306161952
gb72-native-v1:20230615_0224_HARP9643_NOAA13331,20230615_0224_HARP9643_NOAA13331,2023-06-15 02:23:23+00:00,9643,13331,primary_cycle25,True,0,1.0,1,noaa-science-v1-0-1:202306161952
gb72-native-v1:20230615_0400_HARP9643_NOAA13331,20230615_0400_HARP9643_NOAA13331,2023-06-15 03:59:23+00:00,9643,13331,primary_cycle25,True,0,1.0,1,noaa-science-v1-0-1:202306161952
gb72-native-v1:20230615_0536_HARP9643_NOAA13331,20230615_0536_HARP9643_NOAA13331,2023-06-15 05:35:23+00:00,9643,13331,primary_cycle25,True,0,1.0,1,noaa-science-v1-0-1:202306161952
gb72-native-v1:20230615_0712_HARP9643_NOAA13331,20230615_0712_HARP9643_NOAA13331,2023-06-15 07:11:23+00:00,9643,13331,primary_cycle25,True,0,1.0,1,noaa-science-v1-0-1:202306161952
gb72-native-v1:20230615_0848_HARP9643_NOAA13331,20230615_0848_HARP9643_NOAA13331,2023-06-15 08:47:23+00:00,9643,13331,primary_cycle25,True,0,1.0,1,noaa-science-v1-0-1:202306161952
gb72-native-v1:20230615_1024_HARP9643_NOAA13331,20230615_1024_HARP9643_NOAA13331,2023-06-15 10:23:23+00:00,9643,13331,primary_cycle25,True,0,1.0,1,noaa-science-v1-0-1:202306161952
gb72-native-v1:20230615_1200_HARP9643_NOAA13331,20230615_1200_HARP9643_NOAA13331,2023-06-15 11:59:23+00:00,9643,13331,primary_cycle25,True,0,1.0,1,noaa-science-v1-0-1:202306161952
gb72-native-v1:20230615_1336_HARP9643_NOAA13331,20230615_1336_HARP9643_NOAA13331,2023-06-15 13:35:23+00:00,9643,13331,primary_cycle25,True,0,1.0,1,noaa-science-v1-0-1:202306161952
gb72-native-v1:20230624_1724_HARP9699_NOAA13340,20230624_1724_HARP9699_NOAA13340,2023-06-24 17:23:23+00:00,9699,13340,primary_cycle25,True,0,1.0,1,noaa-science-v1-0-1:202306261608
gb72-native-v1:20230624_1900_HARP9699_NOAA13340,20230624_1900_HARP9699_NOAA13340,2023-06-24 18:59:23+00:00,9699,13340,primary_cycle25,True,0,1.0,1,noaa-science-v1-0-1:202306261608
gb72-native-v1:20230624_2036_HARP9699_NOAA13340,20230624_2036_HARP9699_NOAA13340,2023-06-24 20:35:23+00:00,9699,13340,primary_cycle25,True,0,1.0,1,noaa-science-v1-0-1:202306261608
gb72-native-v1:20230624_2212_HARP9699_NOAA13340,20230624_2212_HARP9699_NOAA13340,2023-06-24 22:11:23+00:00,9699,13340,primary_cycle25,True,0,1.0,1,noaa-science-v1-0-1:202306261608
gb72-native-v1:20230624_2348_HARP9699_NOAA13340,20230624_2348_HARP9699_NOAA13340,2023-06-24 23:47:23+00:00,9699,13340,primary_cycle25,True,0,1.0,1,noaa-science-v1-0-1:202306261608
gb72-native-v1:20230625_0124_HARP9699_NOAA13340,20230625_0124_HARP9699_NOAA13340,2023-06-25 01:23:23+00:00,9699,13340,primary_cycle25,True,0,1.0,1,noaa-science-v1-0-1:202306261608
gb72-native-v1:20230625_0300_HARP9699_NOAA13340,20230625_0300_HARP9699_NOAA13340,2023-06-25 02:59:23+00:00,9699,13340,primary_cycle25,True,0,1.0,1,noaa-science-v1-0-1:202306261608
gb72-native-v1:20230625_0436_HARP9699_NOAA13340,20230625_0436_HARP9699_NOAA13340,2023-06-25 04:35:23+00:00,9699,13340,primary_cycle25,True,0,1.0,1,noaa-science-v1-0-1:202306261608
gb72-native-v1:20230625_0612_HARP9699_NOAA13340,20230625_0612_HARP9699_NOAA13340,2023-06-25 06:11:23+00:00,9699,13340,primary_cycle25,True,0,1.0,1,noaa-science-v1-0-1:202306261608
gb72-native-v1:20230625_0748_HARP9699_NOAA13340,20230625_0748_HARP9699_NOAA13340,2023-06-25 07:47:23+00:00,9699,13340,primary_cycle25,True,0,1.0,1,noaa-science-v1-0-1:202306261608
gb72-native-v1:20230625_0924_HARP9699_NOAA13340,20230625_0924_HARP9699_NOAA13340,2023-06-25 09:23:23+00:00,9699,13340,primary_cycle25,True,0,1.0,1,noaa-science-v1-0-1:202306261608
gb72-native-v1:20230625_1100_HARP9699_NOAA13340,20230625_1100_HARP9699_NOAA13340,2023-06-25 10:59:23+00:00,9699,13340,primary_cycle25,True,0,1.0,1,noaa-science-v1-0-1:202306261608
gb72-native-v1:20230625_1236_HARP9699_NOAA13340,20230625_1236_HARP9699_NOAA13340,2023-06-25 12:35:23+00:00,9699,13340,primary_cycle25,True,0,1.0,1,noaa-science-v1-0-1:202306261608
gb72-native-v1:20230625_1412_HARP9699_NOAA13340,20230625_1412_HARP9699_NOAA13340,2023-06-25 14:11:23+00:00,9699,13340,primary_cycle25,True,0,1.0,1,noaa-science-v1-0-1:202306261608
gb72-native-v1:20230625_1548_HARP9699_NOAA13340,20230625_1548_HARP9699_NOAA13340,2023-06-25 15:47:23+00:00,9699,13340,primary_cycle25,True,0,1.0,1,noaa-science-v1-0-1:202306261608;noaa-science-v1-0-1:202306271457
gb72-native-v1:20230625_1724_HARP9699_NOAA13340,20230625_1724_HARP9699_NOAA13340,2023-06-25 17:23:23+00:00,9699,13340,primary_cycle25,True,0,1.0,1,noaa-science-v1-0-1:202306261608;noaa-science-v1-0-1:202306271457
gb72-native-v1:20230625_1900_HARP9699_NOAA13340,20230625_1900_HARP9699_NOAA13340,2023-06-25 18:59:23+00:00,9699,13340,primary_cycle25,True,0,1.0,1,noaa-science-v1-0-1:202306261608;noaa-science-v1-0-1:202306271457
gb72-native-v1:20230625_2036_HARP9699_NOAA13340,20230625_2036_HARP9699_NOAA13340,2023-06-25 20:35:23+00:00,9699,13340,primary_cycle25,True,0,1.0,1,noaa-science-v1-0-1:202306261608;noaa-science-v1-0-1:202306271457
gb72-native-v1:20230625_2212_HARP9699_NOAA13340,20230625_2212_HARP9699_NOAA13340,2023-06-25 22:11:23+00:00,9699,13340,primary_cycle25,True,0,1.0,1,noaa-science-v1-0-1:202306261608;noaa-science-v1-0-1:202306271457
gb72-native-v1:20230625_2348_HARP9699_NOAA13340,20230625_2348_HARP9699_NOAA13340,2023-06-25 23:47:23+00:00,9699,13340,primary_cycle25,True,0,1.0,1,noaa-science-v1-0-1:202306261608;noaa-science-v1-0-1:202306271457
gb72-native-v1:20230626_0124_HARP9699_NOAA13340,20230626_0124_HARP9699_NOAA13340,2023-06-26 01:23:23+00:00,9699,13340,primary_cycle25,True,0,1.0,1,noaa-science-v1-0-1:202306261608;noaa-science-v1-0-1:202306271457
gb72-native-v1:20230626_0300_HARP9699_NOAA13340,20230626_0300_HARP9699_NOAA13340,2023-06-26 02:59:23+00:00,9699,13340,primary_cycle25,True,0,1.0,1,noaa-science-v1-0-1:202306261608;noaa-science-v1-0-1:202306271457
gb72-native-v1:20230626_0436_HARP9699_NOAA13340,20230626_0436_HARP9699_NOAA13340,2023-06-26 04:35:23+00:00,9699,13340,primary_cycle25,True,0,1.0,1,noaa-science-v1-0-1:202306261608;noaa-science-v1-0-1:202306271457
gb72-native-v1:20230626_0612_HARP9699_NOAA13340,20230626_0612_HARP9699_NOAA13340,2023-06-26 06:11:23+00:00,9699,13340,primary_cycle25,True,0,1.0,1,noaa-science-v1-0-1:202306261608;noaa-science-v1-0-1:202306271457
gb72-native-v1:20230626_0748_HARP9699_NOAA13340,20230626_0748_HARP9699_NOAA13340,2023-06-26 07:47:23+00:00,9699,13340,primary_cycle25,True,0,1.0,1,noaa-science-v1-0-1:202306261608;noaa-science-v1-0-1:202306271457
gb72-native-v1:20230710_0636_HARP9762_NOAA13361,20230710_0636_HARP9762_NOAA13361,2023-07-10 06:35:23+00:00,9762,13361,primary_cycle25,True,0,1.0,1,noaa-science-v1-0-1:202307120510
gb72-native-v1:20230710_0812_HARP9762_NOAA13361,20230710_0812_HARP9762_NOAA13361,2023-07-10 08:11:23+00:00,9762,13361,primary_cycle25,True,0,1.0,1,noaa-science-v1-0-1:202307120510
gb72-native-v1:20230710_0948_HARP9762_NOAA13361,20230710_0948_HARP9762_NOAA13361,2023-07-10 09:47:23+00:00,9762,13361,primary_cycle25,True,0,1.0,1,noaa-science-v1-0-1:202307120510
gb72-native-v1:20230710_1124_HARP9762_NOAA13361,20230710_1124_HARP9762_NOAA13361,2023-07-10 11:23:23+00:00,9762,13361,primary_cycle25,True,0,1.0,1,noaa-science-v1-0-1:202307120510
gb72-native-v1:20230710_1300_HARP9762_NOAA13361,20230710_1300_HARP9762_NOAA13361,2023-07-10 12:59:23+00:00,9762,13361,not_in_matched_inputs,False,0,1.0,1,noaa-science-v1-0-1:202307120510
gb72-native-v1:20230710_1436_HARP9762_NOAA13361,20230710_1436_HARP9762_NOAA13361,2023-07-10 14:35:23+00:00,9762,13361,not_in_matched_inputs,False,0,1.0,1,noaa-science-v1-0-1:202307120510
gb72-native-v1:20230720_0524_HARP9812_NOAA13373,20230720_0524_HARP9812_NOAA13373,2023-07-20 05:23:23+00:00,9812,13373,primary_cycle25,True,0,1.0,1,noaa-science-v1-0-1:202307220412
gb72-native-v1:20230720_0700_HARP9812_NOAA13373,20230720_0700_HARP9812_NOAA13373,2023-07-20 06:59:23+00:00,9812,13373,primary_cycle25,True,0,1.0,1,noaa-science-v1-0-1:202307220412
gb72-native-v1:20230720_0900_HARP9812_NOAA13373,20230720_0900_HARP9812_NOAA13373,2023-07-20 08:59:23+00:00,9812,13373,not_in_matched_inputs,False,0,1.0,1,noaa-science-v1-0-1:202307220412
gb72-native-v1:20230720_1036_HARP9812_NOAA13373,20230720_1036_HARP9812_NOAA13373,2023-07-20 10:35:23+00:00,9812,13373,not_in_matched_inputs,False,0,1.0,1,noaa-science-v1-0-1:202307220412
gb72-native-v1:20230720_1212_HARP9812_NOAA13373,20230720_1212_HARP9812_NOAA13373,2023-07-20 12:11:23+00:00,9812,13373,not_in_matched_inputs,False,0,1.0,1,noaa-science-v1-0-1:202307220412
gb72-native-v1:20230720_1348_HARP9812_NOAA13373,20230720_1348_HARP9812_NOAA13373,2023-07-20 13:47:23+00:00,9812,13373,primary_cycle25,True,0,1.0,1,noaa-science-v1-0-1:202307220412
gb72-native-v1:20230720_1524_HARP9812_NOAA13373,20230720_1524_HARP9812_NOAA13373,2023-07-20 15:23:23+00:00,9812,13373,primary_cycle25,True,0,1.0,1,noaa-science-v1-0-1:202307220412
gb72-native-v1:20230720_1700_HARP9812_NOAA13373,20230720_1700_HARP9812_NOAA13373,2023-07-20 16:59:23+00:00,9812,13373,primary_cycle25,True,0,1.0,1,noaa-science-v1-0-1:202307220412
gb72-native-v1:20230720_1836_HARP9812_NOAA13373,20230720_1836_HARP9812_NOAA13373,2023-07-20 18:35:23+00:00,9812,13373,primary_cycle25,True,0,1.0,1,noaa-science-v1-0-1:202307220412
gb72-native-v1:20230720_2012_HARP9812_NOAA13373,20230720_2012_HARP9812_NOAA13373,2023-07-20 20:11:23+00:00,9812,13373,primary_cycle25,True,0,1.0,1,noaa-science-v1-0-1:202307220412
gb72-native-v1:20230720_2148_HARP9812_NOAA13373,20230720_2148_HARP9812_NOAA13373,2023-07-20 21:47:23+00:00,9812,13373,primary_cycle25,True,0,1.0,1,noaa-science-v1-0-1:202307220412
gb72-native-v1:20230720_2324_HARP9812_NOAA13373,20230720_2324_HARP9812_NOAA13373,2023-07-20 23:23:23+00:00,9812,13373,primary_cycle25,True,0,1.0,1,noaa-science-v1-0-1:202307220412
gb72-native-v1:20230721_0100_HARP9812_NOAA13373,20230721_0100_HARP9812_NOAA13373,2023-07-21 00:59:23+00:00,9812,13373,primary_cycle25,True,0,1.0,1,noaa-science-v1-0-1:202307220412
gb72-native-v1:20230721_0236_HARP9812_NOAA13373,20230721_0236_HARP9812_NOAA13373,2023-07-21 02:35:23+00:00,9812,13373,primary_cycle25,True,0,1.0,1,noaa-science-v1-0-1:202307220412
gb72-native-v1:20230721_0412_HARP9812_NOAA13373,20230721_0412_HARP9812_NOAA13373,2023-07-21 04:11:23+00:00,9812,13373,primary_cycle25,True,0,1.0,1,noaa-science-v1-0-1:202307220412
gb72-native-v1:20230721_0548_HARP9812_NOAA13373,20230721_0548_HARP9812_NOAA13373,2023-07-21 05:47:23+00:00,9812,13373,primary_cycle25,True,0,1.0,1,noaa-science-v1-0-1:202307220412
gb72-native-v1:20230721_0912_HARP9812_NOAA13373,20230721_0912_HARP9812_NOAA13373,2023-07-21 09:11:23+00:00,9812,13373,not_in_matched_inputs,False,0,1.0,1,noaa-science-v1-0-1:202307220412
gb72-native-v1:20230721_1100_HARP9812_NOAA13373,20230721_1100_HARP9812_NOAA13373,2023-07-21 10:59:23+00:00,9812,13373,not_in_matched_inputs,False,0,1.0,1,noaa-science-v1-0-1:202307220412
gb72-native-v1:20230721_1236_HARP9812_NOAA13373,20230721_1236_HARP9812_NOAA13373,2023-07-21 12:35:23+00:00,9812,13373,not_in_matched_inputs,False,0,1.0,1,noaa-science-v1-0-1:202307220412
gb72-native-v1:20230721_1412_HARP9812_NOAA13373,20230721_1412_HARP9812_NOAA13373,2023-07-21 14:11:23+00:00,9812,13373,not_in_matched_inputs,False,0,1.0,1,noaa-science-v1-0-1:202307220412
gb72-native-v1:20230721_1548_HARP9812_NOAA13373,20230721_1548_HARP9812_NOAA13373,2023-07-21 15:47:23+00:00,9812,13373,primary_cycle25,True,0,1.0,1,noaa-science-v1-0-1:202307220412
gb72-native-v1:20230721_1724_HARP9812_NOAA13373,20230721_1724_HARP9812_NOAA13373,2023-07-21 17:23:23+00:00,9812,13373,primary_cycle25,True,0,1.0,1,noaa-science-v1-0-1:202307220412
gb72-native-v1:20230721_1900_HARP9812_NOAA13373,20230721_1900_HARP9812_NOAA13373,2023-07-21 18:59:23+00:00,9812,13373,primary_cycle25,True,0,1.0,1,noaa-science-v1-0-1:202307220412
gb72-native-v1:20230721_2036_HARP9812_NOAA13373,20230721_2036_HARP9812_NOAA13373,2023-07-21 20:35:23+00:00,9812,13373,primary_cycle25,True,0,1.0,1,noaa-science-v1-0-1:202307220412
gb72-native-v1:20230721_2212_HARP9812_NOAA13373,20230721_2212_HARP9812_NOAA13373,2023-07-21 22:11:23+00:00,9812,13373,primary_cycle25,True,0,1.0,1,noaa-science-v1-0-1:202307220412
gb72-native-v1:20230721_2348_HARP9812_NOAA13373,20230721_2348_HARP9812_NOAA13373,2023-07-21 23:47:23+00:00,9812,13373,primary_cycle25,True,0,1.0,1,noaa-science-v1-0-1:202307220412
gb72-native-v1:20230722_0124_HARP9812_NOAA13373,20230722_0124_HARP9812_NOAA13373,2023-07-22 01:23:23+00:00,9812,13373,primary_cycle25,True,0,1.0,1,noaa-science-v1-0-1:202307220412
gb72-native-v1:20230722_0300_HARP9812_NOAA13373,20230722_0300_HARP9812_NOAA13373,2023-07-22 02:59:23+00:00,9812,13373,primary_cycle25,True,0,1.0,1,noaa-science-v1-0-1:202307220412
gb72-native-v1:20230723_0236_HARP9822_NOAA13376,20230723_0236_HARP9822_NOAA13376,2023-07-23 02:35:23+00:00,9822,13376,primary_cycle25,True,0,1.0,1,noaa-science-v1-0-1:202307250136
gb72-native-v1:20230723_0412_HARP9822_NOAA13376,20230723_0412_HARP9822_NOAA13376,2023-07-23 04:11:23+00:00,9822,13376,primary_cycle25,True,0,1.0,1,noaa-science-v1-0-1:202307250136
gb72-native-v1:20230723_0548_HARP9822_NOAA13376,20230723_0548_HARP9822_NOAA13376,2023-07-23 05:47:23+00:00,9822,13376,primary_cycle25,True,0,1.0,1,noaa-science-v1-0-1:202307250136
gb72-native-v1:20230723_0936_HARP9822_NOAA13376,20230723_0936_HARP9822_NOAA13376,2023-07-23 09:35:23+00:00,9822,13376,not_in_matched_inputs,False,0,1.0,1,noaa-science-v1-0-1:202307250136
gb72-native-v1:20230723_1112_HARP9822_NOAA13376,20230723_1112_HARP9822_NOAA13376,2023-07-23 11:11:23+00:00,9822,13376,not_in_matched_inputs,False,0,1.0,1,noaa-science-v1-0-1:202307250136
gb72-native-v1:20230723_1248_HARP9822_NOAA13376,20230723_1248_HARP9822_NOAA13376,2023-07-23 12:47:23+00:00,9822,13376,not_in_matched_inputs,False,0,1.0,1,noaa-science-v1-0-1:202307250136
gb72-native-v1:20230723_1424_HARP9822_NOAA13376,20230723_1424_HARP9822_NOAA13376,2023-07-23 14:23:23+00:00,9822,13376,not_in_matched_inputs,False,0,1.0,1,noaa-science-v1-0-1:202307250136
gb72-native-v1:20230723_1600_HARP9822_NOAA13376,20230723_1600_HARP9822_NOAA13376,2023-07-23 15:59:23+00:00,9822,13376,primary_cycle25,True,0,1.0,1,noaa-science-v1-0-1:202307250136
gb72-native-v1:20230723_1736_HARP9822_NOAA13376,20230723_1736_HARP9822_NOAA13376,2023-07-23 17:35:23+00:00,9822,13376,primary_cycle25,True,0,1.0,1,noaa-science-v1-0-1:202307250136
gb72-native-v1:20230730_0300_HARP9857_NOAA13380,20230730_0300_HARP9857_NOAA13380,2023-07-30 02:59:23+00:00,9857,13380,primary_cycle25,True,0,1.0,1,noaa-science-v1-0-1:202308010138;noaa-science-v1-0-1:202308010158
gb72-native-v1:20230820_2236_HARP9947_NOAA13405,20230820_2236_HARP9947_NOAA13405,2023-08-20 22:35:23+00:00,9947,13405,primary_cycle25,True,0,1.0,1,noaa-science-v1-0-1:202308222235
gb72-native-v1:20230821_0012_HARP9947_NOAA13405,20230821_0012_HARP9947_NOAA13405,2023-08-21 00:11:23+00:00,9947,13405,primary_cycle25,True,0,1.0,1,noaa-science-v1-0-1:202308222235
gb72-native-v1:20230821_0148_HARP9947_NOAA13405,20230821_0148_HARP9947_NOAA13405,2023-08-21 01:47:23+00:00,9947,13405,primary_cycle25,True,0,1.0,1,noaa-science-v1-0-1:202308222235
gb72-native-v1:20230821_0324_HARP9947_NOAA13405,20230821_0324_HARP9947_NOAA13405,2023-08-21 03:23:23+00:00,9947,13405,primary_cycle25,True,0,1.0,1,noaa-science-v1-0-1:202308222235
gb72-native-v1:20230821_0500_HARP9947_NOAA13405,20230821_0500_HARP9947_NOAA13405,2023-08-21 04:59:23+00:00,9947,13405,primary_cycle25,True,0,1.0,1,noaa-science-v1-0-1:202308222235
gb72-native-v1:20230821_0636_HARP9947_NOAA13405,20230821_0636_HARP9947_NOAA13405,2023-08-21 06:35:23+00:00,9947,13405,primary_cycle25,True,0,1.0,1,noaa-science-v1-0-1:202308222235
gb72-native-v1:20230821_0812_HARP9947_NOAA13405,20230821_0812_HARP9947_NOAA13405,2023-08-21 08:11:23+00:00,9947,13405,primary_cycle25,True,0,1.0,1,noaa-science-v1-0-1:202308222235
gb72-native-v1:20230821_0948_HARP9947_NOAA13405,20230821_0948_HARP9947_NOAA13405,2023-08-21 09:47:23+00:00,9947,13405,primary_cycle25,True,0,1.0,1,noaa-science-v1-0-1:202308222235
gb72-native-v1:20230821_1124_HARP9947_NOAA13405,20230821_1124_HARP9947_NOAA13405,2023-08-21 11:23:23+00:00,9947,13405,primary_cycle25,True,0,1.0,1,noaa-science-v1-0-1:202308222235
gb72-native-v1:20230821_1300_HARP9947_NOAA13405,20230821_1300_HARP9947_NOAA13405,2023-08-21 12:59:23+00:00,9947,13405,primary_cycle25,True,0,1.0,1,noaa-science-v1-0-1:202308222235
gb72-native-v1:20230821_1436_HARP9947_NOAA13405,20230821_1436_HARP9947_NOAA13405,2023-08-21 14:35:23+00:00,9947,13405,primary_cycle25,True,0,1.0,1,noaa-science-v1-0-1:202308222235
gb72-native-v1:20230821_1612_HARP9947_NOAA13405,20230821_1612_HARP9947_NOAA13405,2023-08-21 16:11:23+00:00,9947,13405,primary_cycle25,True,0,1.0,1,noaa-science-v1-0-1:202308222235
gb72-native-v1:20230821_1748_HARP9947_NOAA13405,20230821_1748_HARP9947_NOAA13405,2023-08-21 17:47:23+00:00,9947,13405,primary_cycle25,True,0,1.0,1,noaa-science-v1-0-1:202308222235
gb72-native-v1:20230821_1924_HARP9947_NOAA13405,20230821_1924_HARP9947_NOAA13405,2023-08-21 19:23:23+00:00,9947,13405,primary_cycle25,True,0,1.0,1,noaa-science-v1-0-1:202308222235
gb72-native-v1:20230821_2100_HARP9947_NOAA13405,20230821_2100_HARP9947_NOAA13405,2023-08-21 20:59:23+00:00,9947,13405,primary_cycle25,True,0,1.0,1,noaa-science-v1-0-1:202308222235
gb72-native-v1:20230821_2236_HARP9947_NOAA13405,20230821_2236_HARP9947_NOAA13405,2023-08-21 22:35:23+00:00,9947,13405,primary_cycle25,True,0,1.0,1,noaa-science-v1-0-1:202308222235
gb72-native-v1:20230822_0012_HARP9947_NOAA13405,20230822_0012_HARP9947_NOAA13405,2023-08-22 00:11:23+00:00,9947,13405,primary_cycle25,True,0,1.0,1,noaa-science-v1-0-1:202308222235
gb72-native-v1:20230822_0148_HARP9947_NOAA13405,20230822_0148_HARP9947_NOAA13405,2023-08-22 01:47:23+00:00,9947,13405,primary_cycle25,True,0,1.0,1,noaa-science-v1-0-1:202308222235
gb72-native-v1:20230822_0324_HARP9947_NOAA13405,20230822_0324_HARP9947_NOAA13405,2023-08-22 03:23:23+00:00,9947,13405,primary_cycle25,True,0,1.0,1,noaa-science-v1-0-1:202308222235
gb72-native-v1:20230822_0500_HARP9947_NOAA13405,20230822_0500_HARP9947_NOAA13405,2023-08-22 04:59:23+00:00,9947,13405,primary_cycle25,True,0,1.0,1,noaa-science-v1-0-1:202308222235
gb72-native-v1:20230822_0636_HARP9947_NOAA13405,20230822_0636_HARP9947_NOAA13405,2023-08-22 06:35:23+00:00,9947,13405,primary_cycle25,True,0,1.0,1,noaa-science-v1-0-1:202308222235
gb72-native-v1:20230822_0812_HARP9947_NOAA13405,20230822_0812_HARP9947_NOAA13405,2023-08-22 08:11:23+00:00,9947,13405,primary_cycle25,True,0,1.0,1,noaa-science-v1-0-1:202308222235
gb72-native-v1:20230822_0948_HARP9947_NOAA13405,20230822_0948_HARP9947_NOAA13405,2023-08-22 09:47:23+00:00,9947,13405,primary_cycle25,True,0,1.0,1,noaa-science-v1-0-1:202308222235
gb72-native-v1:20230822_1124_HARP9947_NOAA13405,20230822_1124_HARP9947_NOAA13405,2023-08-22 11:23:23+00:00,9947,13405,primary_cycle25,True,0,1.0,1,noaa-science-v1-0-1:202308222235
gb72-native-v1:20230822_1300_HARP9947_NOAA13405,20230822_1300_HARP9947_NOAA13405,2023-08-22 12:59:23+00:00,9947,13405,primary_cycle25,True,0,1.0,1,noaa-science-v1-0-1:202308222235
gb72-native-v1:20230822_1436_HARP9947_NOAA13405,20230822_1436_HARP9947_NOAA13405,2023-08-22 14:35:23+00:00,9947,13405,primary_cycle25,True,0,1.0,1,noaa-science-v1-0-1:202308222235
gb72-native-v1:20230822_1612_HARP9947_NOAA13405,20230822_1612_HARP9947_NOAA13405,2023-08-22 16:11:23+00:00,9947,13405,primary_cycle25,True,0,1.0,1,noaa-science-v1-0-1:202308222235
gb72-native-v1:20230822_1748_HARP9947_NOAA13405,20230822_1748_HARP9947_NOAA13405,2023-08-22 17:47:23+00:00,9947,13405,primary_cycle25,True,0,1.0,1,noaa-science-v1-0-1:202308222235
gb72-native-v1:20230822_2000_HARP9947_NOAA13405,20230822_2000_HARP9947_NOAA13405,2023-08-22 19:59:23+00:00,9947,13405,not_in_matched_inputs,False,0,1.0,1,noaa-science-v1-0-1:202308222235
gb72-native-v1:20230822_2136_HARP9947_NOAA13405,20230822_2136_HARP9947_NOAA13405,2023-08-22 21:35:23+00:00,9947,13405,not_in_matched_inputs,False,0,1.0,1,noaa-science-v1-0-1:202308222235
gb72-native-v1:20230913_1012_HARP10078_NOAA13429,20230913_1012_HARP10078_NOAA13429,2023-09-13 10:11:23+00:00,10078,13429,not_in_matched_inputs,False,0,1.0,1,noaa-science-v1-0-1:202309140640;noaa-science-v1-0-1:202309141923;noaa-science-v1-0-1:202309142117
gb72-native-v1:20230913_1148_HARP10078_NOAA13429,20230913_1148_HARP10078_NOAA13429,2023-09-13 11:47:23+00:00,10078,13429,not_in_matched_inputs,False,0,1.0,1,noaa-science-v1-0-1:202309140640;noaa-science-v1-0-1:202309141923;noaa-science-v1-0-1:202309142117
gb72-native-v1:20230913_1324_HARP10078_NOAA13429,20230913_1324_HARP10078_NOAA13429,2023-09-13 13:23:23+00:00,10078,13429,not_in_matched_inputs,False,0,1.0,1,noaa-science-v1-0-1:202309140640;noaa-science-v1-0-1:202309141923;noaa-science-v1-0-1:202309142117
gb72-native-v1:20230913_1500_HARP10078_NOAA13429,20230913_1500_HARP10078_NOAA13429,2023-09-13 14:59:23+00:00,10078,13429,not_in_matched_inputs,False,0,1.0,1,noaa-science-v1-0-1:202309140640;noaa-science-v1-0-1:202309141923;noaa-science-v1-0-1:202309142117
gb72-native-v1:20230913_1636_HARP10078_NOAA13429,20230913_1636_HARP10078_NOAA13429,2023-09-13 16:35:23+00:00,10078,13429,not_in_matched_inputs,False,0,1.0,1,noaa-science-v1-0-1:202309140640;noaa-science-v1-0-1:202309141923;noaa-science-v1-0-1:202309142117
gb72-native-v1:20230913_1812_HARP10078_NOAA13429,20230913_1812_HARP10078_NOAA13429,2023-09-13 18:11:23+00:00,10078,13429,not_in_matched_inputs,False,0,1.0,1,noaa-science-v1-0-1:202309140640;noaa-science-v1-0-1:202309141923;noaa-science-v1-0-1:202309142117
gb72-native-v1:20230913_2012_HARP10078_NOAA13429,20230913_2012_HARP10078_NOAA13429,2023-09-13 20:11:23+00:00,10078,13429,not_in_matched_inputs,False,0,1.0,1,noaa-science-v1-0-1:202309140640;noaa-science-v1-0-1:202309141923;noaa-science-v1-0-1:202309142117
gb72-native-v1:20230913_2148_HARP10078_NOAA13429,20230913_2148_HARP10078_NOAA13429,2023-09-13 21:47:23+00:00,10078,13429,not_in_matched_inputs,False,0,1.0,1,noaa-science-v1-0-1:202309140640;noaa-science-v1-0-1:202309141923;noaa-science-v1-0-1:202309142117
gb72-native-v1:20230913_2324_HARP10078_NOAA13429,20230913_2324_HARP10078_NOAA13429,2023-09-13 23:23:23+00:00,10078,13429,not_in_matched_inputs,False,0,1.0,1,noaa-science-v1-0-1:202309140640;noaa-science-v1-0-1:202309141923;noaa-science-v1-0-1:202309142117;noaa-science-v1-0-1:202309152219
gb72-native-v1:20230914_0100_HARP10078_NOAA13429,20230914_0100_HARP10078_NOAA13429,2023-09-14 00:59:23+00:00,10078,13429,primary_cycle25,True,0,1.0,1,noaa-science-v1-0-1:202309140640;noaa-science-v1-0-1:202309141923;noaa-science-v1-0-1:202309142117;noaa-science-v1-0-1:202309152219;noaa-science-v1-0-1:202309160038
gb72-native-v1:20230914_0236_HARP10078_NOAA13429,20230914_0236_HARP10078_NOAA13429,2023-09-14 02:35:23+00:00,10078,13429,primary_cycle25,True,0,1.0,1,noaa-science-v1-0-1:202309140640;noaa-science-v1-0-1:202309141923;noaa-science-v1-0-1:202309142117;noaa-science-v1-0-1:202309152219;noaa-science-v1-0-1:202309160038
gb72-native-v1:20230914_0412_HARP10078_NOAA13429,20230914_0412_HARP10078_NOAA13429,2023-09-14 04:11:23+00:00,10078,13429,primary_cycle25,True,0,1.0,1,noaa-science-v1-0-1:202309140640;noaa-science-v1-0-1:202309141923;noaa-science-v1-0-1:202309142117;noaa-science-v1-0-1:202309152219;noaa-science-v1-0-1:202309160038
gb72-native-v1:20230920_1612_HARP10114_NOAA13443,20230920_1612_HARP10114_NOAA13443,2023-09-20 16:11:23+00:00,10114,13443,primary_cycle25,True,0,1.0,1,noaa-science-v1-0-1:202309221553
gb72-native-v1:20230920_1748_HARP10114_NOAA13443,20230920_1748_HARP10114_NOAA13443,2023-09-20 17:47:23+00:00,10114,13443,primary_cycle25,True,0,1.0,1,noaa-science-v1-0-1:202309221553;noaa-science-v1-0-1:202309221706
gb72-native-v1:20230920_1936_HARP10114_NOAA13443,20230920_1936_HARP10114_NOAA13443,2023-09-20 19:35:23+00:00,10114,13443,not_in_matched_inputs,False,0,1.0,1,noaa-science-v1-0-1:202309221553;noaa-science-v1-0-1:202309221706
gb72-native-v1:20230920_2112_HARP10114_NOAA13443,20230920_2112_HARP10114_NOAA13443,2023-09-20 21:11:23+00:00,10114,13443,not_in_matched_inputs,False,0,1.0,1,noaa-science-v1-0-1:202309221553;noaa-science-v1-0-1:202309221706
gb72-native-v1:20230920_2200_HARP10115_NOAA13435,20230920_2200_HARP10115_NOAA13435,2023-09-20 21:59:23+00:00,10115,13435,not_in_matched_inputs,False,0,1.0,1,noaa-science-v1-0-1:202309211242;noaa-science-v1-0-1:202309220225
gb72-native-v1:20230920_2248_HARP10114_NOAA13443,20230920_2248_HARP10114_NOAA13443,2023-09-20 22:47:23+00:00,10114,13443,not_in_matched_inputs,False,0,1.0,1,noaa-science-v1-0-1:202309221553;noaa-science-v1-0-1:202309221706;noaa-science-v1-0-1:202309222225
gb72-native-v1:20230920_2336_HARP10115_NOAA13435,20230920_2336_HARP10115_NOAA13435,2023-09-20 23:35:23+00:00,10115,13435,not_in_matched_inputs,False,0,1.0,1,noaa-science-v1-0-1:202309211242;noaa-science-v1-0-1:202309220225
gb72-native-v1:20230921_0024_HARP10114_NOAA13443,20230921_0024_HARP10114_NOAA13443,2023-09-21 00:23:23+00:00,10114,13443,primary_cycle25,True,0,1.0,1,noaa-science-v1-0-1:202309221553;noaa-science-v1-0-1:202309221706;noaa-science-v1-0-1:202309222225
gb72-native-v1:20230921_0112_HARP10115_NOAA13435,20230921_0112_HARP10115_NOAA13435,2023-09-21 01:11:23+00:00,10115,13435,not_in_matched_inputs,False,0,1.0,1,noaa-science-v1-0-1:202309211242;noaa-science-v1-0-1:202309220225
gb72-native-v1:20230921_0200_HARP10114_NOAA13443,20230921_0200_HARP10114_NOAA13443,2023-09-21 01:59:23+00:00,10114,13443,primary_cycle25,True,0,1.0,1,noaa-science-v1-0-1:202309221553;noaa-science-v1-0-1:202309221706;noaa-science-v1-0-1:202309222225
gb72-native-v1:20230921_0248_HARP10115_NOAA13435,20230921_0248_HARP10115_NOAA13435,2023-09-21 02:47:23+00:00,10115,13435,primary_cycle25,True,0,1.0,1,noaa-science-v1-0-1:202309211242;noaa-science-v1-0-1:202309220225
gb72-native-v1:20230921_0336_HARP10114_NOAA13443,20230921_0336_HARP10114_NOAA13443,2023-09-21 03:35:23+00:00,10114,13443,primary_cycle25,True,0,1.0,1,noaa-science-v1-0-1:202309221553;noaa-science-v1-0-1:202309221706;noaa-science-v1-0-1:202309222225
gb72-native-v1:20230921_0424_HARP10115_NOAA13435,20230921_0424_HARP10115_NOAA13435,2023-09-21 04:23:23+00:00,10115,13435,primary_cycle25,True,0,1.0,1,noaa-science-v1-0-1:202309211242;noaa-science-v1-0-1:202309220225
gb72-native-v1:20230921_0512_HARP10114_NOAA13443,20230921_0512_HARP10114_NOAA13443,2023-09-21 05:11:23+00:00,10114,13443,primary_cycle25,True,0,1.0,1,noaa-science-v1-0-1:202309221553;noaa-science-v1-0-1:202309221706;noaa-science-v1-0-1:202309222225
gb72-native-v1:20230921_0600_HARP10115_NOAA13435,20230921_0600_HARP10115_NOAA13435,2023-09-21 05:59:23+00:00,10115,13435,primary_cycle25,True,0,1.0,1,noaa-science-v1-0-1:202309211242;noaa-science-v1-0-1:202309220225
gb72-native-v1:20230921_0648_HARP10114_NOAA13443,20230921_0648_HARP10114_NOAA13443,2023-09-21 06:47:23+00:00,10114,13443,primary_cycle25,True,0,1.0,1,noaa-science-v1-0-1:202309221553;noaa-science-v1-0-1:202309221706;noaa-science-v1-0-1:202309222225
gb72-native-v1:20230921_0736_HARP10115_NOAA13435,20230921_0736_HARP10115_NOAA13435,2023-09-21 07:35:23+00:00,10115,13435,not_in_matched_inputs,False,0,1.0,1,noaa-science-v1-0-1:202309211242;noaa-science-v1-0-1:202309220225
gb72-native-v1:20230921_0824_HARP10114_NOAA13443,20230921_0824_HARP10114_NOAA13443,2023-09-21 08:23:23+00:00,10114,13443,primary_cycle25,True,0,1.0,1,noaa-science-v1-0-1:202309221553;noaa-science-v1-0-1:202309221706;noaa-science-v1-0-1:202309222225
gb72-native-v1:20230921_0936_HARP10115_NOAA13435,20230921_0936_HARP10115_NOAA13435,2023-09-21 09:35:23+00:00,10115,13435,not_in_matched_inputs,False,0,1.0,1,noaa-science-v1-0-1:202309211242;noaa-science-v1-0-1:202309220225
gb72-native-v1:20230921_1024_HARP10114_NOAA13443,20230921_1024_HARP10114_NOAA13443,2023-09-21 10:23:23+00:00,10114,13443,not_in_matched_inputs,False,0,1.0,1,noaa-science-v1-0-1:202309221553;noaa-science-v1-0-1:202309221706;noaa-science-v1-0-1:202309222225
gb72-native-v1:20230921_1112_HARP10115_NOAA13435,20230921_1112_HARP10115_NOAA13435,2023-09-21 11:11:23+00:00,10115,13435,not_in_matched_inputs,False,0,1.0,1,noaa-science-v1-0-1:202309211242;noaa-science-v1-0-1:202309220225
gb72-native-v1:20230921_1200_HARP10114_NOAA13443,20230921_1200_HARP10114_NOAA13443,2023-09-21 11:59:23+00:00,10114,13443,not_in_matched_inputs,False,0,1.0,1,noaa-science-v1-0-1:202309221553;noaa-science-v1-0-1:202309221706;noaa-science-v1-0-1:202309222225
gb72-native-v1:20230921_1248_HARP10115_NOAA13435,20230921_1248_HARP10115_NOAA13435,2023-09-21 12:47:23+00:00,10115,13435,not_in_matched_inputs,False,0,1.0,1,noaa-science-v1-0-1:202309220225
gb72-native-v1:20230921_1336_HARP10114_NOAA13443,20230921_1336_HARP10114_NOAA13443,2023-09-21 13:35:23+00:00,10114,13443,not_in_matched_inputs,False,0,1.0,1,noaa-science-v1-0-1:202309221553;noaa-science-v1-0-1:202309221706;noaa-science-v1-0-1:202309222225
gb72-native-v1:20230921_1424_HARP10115_NOAA13435,20230921_1424_HARP10115_NOAA13435,2023-09-21 14:23:23+00:00,10115,13435,not_in_matched_inputs,False,0,1.0,1,noaa-science-v1-0-1:202309220225
gb72-native-v1:20230921_1512_HARP10114_NOAA13443,20230921_1512_HARP10114_NOAA13443,2023-09-21 15:11:23+00:00,10114,13443,primary_cycle25,True,0,1.0,1,noaa-science-v1-0-1:202309221553;noaa-science-v1-0-1:202309221706;noaa-science-v1-0-1:202309222225
gb72-native-v1:20230921_1600_HARP10115_NOAA13435,20230921_1600_HARP10115_NOAA13435,2023-09-21 15:59:23+00:00,10115,13435,primary_cycle25,True,0,1.0,1,noaa-science-v1-0-1:202309220225
gb72-native-v1:20230921_1648_HARP10114_NOAA13443,20230921_1648_HARP10114_NOAA13443,2023-09-21 16:47:23+00:00,10114,13443,primary_cycle25,True,0,1.0,1,noaa-science-v1-0-1:202309221553;noaa-science-v1-0-1:202309221706;noaa-science-v1-0-1:202309222225
gb72-native-v1:20230921_1736_HARP10115_NOAA13435,20230921_1736_HARP10115_NOAA13435,2023-09-21 17:35:23+00:00,10115,13435,primary_cycle25,True,0,1.0,1,noaa-science-v1-0-1:202309220225
gb72-native-v1:20230921_1824_HARP10114_NOAA13443,20230921_1824_HARP10114_NOAA13443,2023-09-21 18:23:23+00:00,10114,13443,primary_cycle25,True,0,1.0,1,noaa-science-v1-0-1:202309221553;noaa-science-v1-0-1:202309221706;noaa-science-v1-0-1:202309222225
gb72-native-v1:20230921_1912_HARP10115_NOAA13435,20230921_1912_HARP10115_NOAA13435,2023-09-21 19:11:23+00:00,10115,13435,primary_cycle25,True,0,1.0,1,noaa-science-v1-0-1:202309220225
gb72-native-v1:20230921_2000_HARP10114_NOAA13443,20230921_2000_HARP10114_NOAA13443,2023-09-21 19:59:23+00:00,10114,13443,primary_cycle25,True,0,1.0,1,noaa-science-v1-0-1:202309221553;noaa-science-v1-0-1:202309221706;noaa-science-v1-0-1:202309222225
gb72-native-v1:20230921_2048_HARP10115_NOAA13435,20230921_2048_HARP10115_NOAA13435,2023-09-21 20:47:23+00:00,10115,13435,primary_cycle25,True,0,1.0,1,noaa-science-v1-0-1:202309220225
gb72-native-v1:20230921_2136_HARP10114_NOAA13443,20230921_2136_HARP10114_NOAA13443,2023-09-21 21:35:23+00:00,10114,13443,primary_cycle25,True,0,1.0,1,noaa-science-v1-0-1:202309221553;noaa-science-v1-0-1:202309221706;noaa-science-v1-0-1:202309222225
gb72-native-v1:20230921_2224_HARP10115_NOAA13435,20230921_2224_HARP10115_NOAA13435,2023-09-21 22:23:23+00:00,10115,13435,primary_cycle25,True,0,1.0,1,noaa-science-v1-0-1:202309220225
gb72-native-v1:20230921_2312_HARP10114_NOAA13443,20230921_2312_HARP10114_NOAA13443,2023-09-21 23:11:23+00:00,10114,13443,primary_cycle25,True,0,1.0,1,noaa-science-v1-0-1:202309221553;noaa-science-v1-0-1:202309221706;noaa-science-v1-0-1:202309222225
gb72-native-v1:20230922_0000_HARP10115_NOAA13435,20230922_0000_HARP10115_NOAA13435,2023-09-21 23:59:23+00:00,10115,13435,primary_cycle25,True,0,1.0,1,noaa-science-v1-0-1:202309220225
gb72-native-v1:20230922_0048_HARP10114_NOAA13443,20230922_0048_HARP10114_NOAA13443,2023-09-22 00:47:23+00:00,10114,13443,primary_cycle25,True,0,1.0,1,noaa-science-v1-0-1:202309221553;noaa-science-v1-0-1:202309221706;noaa-science-v1-0-1:202309222225
gb72-native-v1:20230922_0136_HARP10115_NOAA13435,20230922_0136_HARP10115_NOAA13435,2023-09-22 01:35:23+00:00,10115,13435,primary_cycle25,True,0,1.0,1,noaa-science-v1-0-1:202309220225
gb72-native-v1:20230922_0224_HARP10114_NOAA13443,20230922_0224_HARP10114_NOAA13443,2023-09-22 02:23:23+00:00,10114,13443,primary_cycle25,True,0,1.0,1,noaa-science-v1-0-1:202309221553;noaa-science-v1-0-1:202309221706;noaa-science-v1-0-1:202309222225
gb72-native-v1:20230922_0400_HARP10114_NOAA13443,20230922_0400_HARP10114_NOAA13443,2023-09-22 03:59:23+00:00,10114,13443,primary_cycle25,True,0,1.0,1,noaa-science-v1-0-1:202309221553;noaa-science-v1-0-1:202309221706;noaa-science-v1-0-1:202309222225
gb72-native-v1:20230922_0536_HARP10114_NOAA13443,20230922_0536_HARP10114_NOAA13443,2023-09-22 05:35:23+00:00,10114,13443,primary_cycle25,True,0,1.0,1,noaa-science-v1-0-1:202309221553;noaa-science-v1-0-1:202309221706;noaa-science-v1-0-1:202309222225
gb72-native-v1:20230922_0712_HARP10114_NOAA13443,20230922_0712_HARP10114_NOAA13443,2023-09-22 07:11:23+00:00,10114,13443,primary_cycle25,True,0,1.0,1,noaa-science-v1-0-1:202309221553;noaa-science-v1-0-1:202309221706;noaa-science-v1-0-1:202309222225
gb72-native-v1:20231008_1248_HARP10180_NOAA13451,20231008_1248_HARP10180_NOAA13451,2023-10-08 12:47:23+00:00,10180,13451,primary_cycle25,True,0,1.0,1,noaa-science-v1-0-1:202310100155;noaa-science-v1-0-1:202310101208
gb72-native-v1:20231008_1424_HARP10180_NOAA13451,20231008_1424_HARP10180_NOAA13451,2023-10-08 14:23:23+00:00,10180,13451,primary_cycle25,True,0,1.0,1,noaa-science-v1-0-1:202310100155;noaa-science-v1-0-1:202310101208
gb72-native-v1:20231008_1600_HARP10180_NOAA13451,20231008_1600_HARP10180_NOAA13451,2023-10-08 15:59:23+00:00,10180,13451,primary_cycle25,True,0,1.0,1,noaa-science-v1-0-1:202310100155;noaa-science-v1-0-1:202310101208
gb72-native-v1:20231031_1300_HARP10312_NOAA13474,20231031_1300_HARP10312_NOAA13474,2023-10-31 12:59:23+00:00,10312,13474,primary_cycle25,True,0,1.0,1,noaa-science-v1-0-1:202311021218
gb72-native-v1:20231031_1436_HARP10312_NOAA13474,20231031_1436_HARP10312_NOAA13474,2023-10-31 14:35:23+00:00,10312,13474,primary_cycle25,True,0,1.0,1,noaa-science-v1-0-1:202311021218
gb72-native-v1:20231031_1612_HARP10312_NOAA13474,20231031_1612_HARP10312_NOAA13474,2023-10-31 16:11:23+00:00,10312,13474,primary_cycle25,True,0,1.0,1,noaa-science-v1-0-1:202311021218
gb72-native-v1:20231031_1748_HARP10312_NOAA13474,20231031_1748_HARP10312_NOAA13474,2023-10-31 17:47:23+00:00,10312,13474,primary_cycle25,True,0,1.0,1,noaa-science-v1-0-1:202311021218
gb72-native-v1:20231031_1924_HARP10312_NOAA13474,20231031_1924_HARP10312_NOAA13474,2023-10-31 19:23:23+00:00,10312,13474,primary_cycle25,True,0,1.0,1,noaa-science-v1-0-1:202311021218
gb72-native-v1:20231031_2100_HARP10312_NOAA13474,20231031_2100_HARP10312_NOAA13474,2023-10-31 20:59:23+00:00,10312,13474,primary_cycle25,True,0,1.0,1,noaa-science-v1-0-1:202311021218
gb72-native-v1:20231031_2236_HARP10312_NOAA13474,20231031_2236_HARP10312_NOAA13474,2023-10-31 22:35:23+00:00,10312,13474,not_in_matched_inputs,False,0,1.0,1,noaa-science-v1-0-1:202311021218
gb72-native-v1:20231101_0012_HARP10312_NOAA13474,20231101_0012_HARP10312_NOAA13474,2023-11-01 00:11:23+00:00,10312,13474,not_in_matched_inputs,False,0,1.0,1,noaa-science-v1-0-1:202311021218
gb72-native-v1:20231101_0148_HARP10312_NOAA13474,20231101_0148_HARP10312_NOAA13474,2023-11-01 01:47:23+00:00,10312,13474,not_in_matched_inputs,False,0,1.0,1,noaa-science-v1-0-1:202311021218
gb72-native-v1:20231101_0324_HARP10312_NOAA13474,20231101_0324_HARP10312_NOAA13474,2023-11-01 03:23:23+00:00,10312,13474,primary_cycle25,True,0,1.0,1,noaa-science-v1-0-1:202311021218
gb72-native-v1:20231101_0500_HARP10312_NOAA13474,20231101_0500_HARP10312_NOAA13474,2023-11-01 04:59:23+00:00,10312,13474,primary_cycle25,True,0,1.0,1,noaa-science-v1-0-1:202311021218
gb72-native-v1:20231101_0636_HARP10312_NOAA13474,20231101_0636_HARP10312_NOAA13474,2023-11-01 06:35:23+00:00,10312,13474,primary_cycle25,True,0,1.0,1,noaa-science-v1-0-1:202311021218
gb72-native-v1:20231101_0812_HARP10312_NOAA13474,20231101_0812_HARP10312_NOAA13474,2023-11-01 08:11:23+00:00,10312,13474,primary_cycle25,True,0,1.0,1,noaa-science-v1-0-1:202311021218
gb72-native-v1:20231101_0948_HARP10312_NOAA13474,20231101_0948_HARP10312_NOAA13474,2023-11-01 09:47:23+00:00,10312,13474,primary_cycle25,True,0,1.0,1,noaa-science-v1-0-1:202311021218
gb72-native-v1:20231101_1124_HARP10312_NOAA13474,20231101_1124_HARP10312_NOAA13474,2023-11-01 11:23:23+00:00,10312,13474,primary_cycle25,True,0,1.0,1,noaa-science-v1-0-1:202311021218
gb72-native-v1:20231101_1300_HARP10312_NOAA13474,20231101_1300_HARP10312_NOAA13474,2023-11-01 12:59:23+00:00,10312,13474,primary_cycle25,True,0,1.0,1,noaa-science-v1-0-1:202311021218
gb72-native-v1:20231101_1436_HARP10312_NOAA13474,20231101_1436_HARP10312_NOAA13474,2023-11-01 14:35:23+00:00,10312,13474,primary_cycle25,True,0,1.0,1,noaa-science-v1-0-1:202311021218
gb72-native-v1:20231101_1612_HARP10312_NOAA13474,20231101_1612_HARP10312_NOAA13474,2023-11-01 16:11:23+00:00,10312,13474,primary_cycle25,True,0,1.0,1,noaa-science-v1-0-1:202311021218
gb72-native-v1:20231101_1748_HARP10312_NOAA13474,20231101_1748_HARP10312_NOAA13474,2023-11-01 17:47:23+00:00,10312,13474,primary_cycle25,True,0,1.0,1,noaa-science-v1-0-1:202311021218
gb72-native-v1:20231101_1936_HARP10312_NOAA13474,20231101_1936_HARP10312_NOAA13474,2023-11-01 19:35:23+00:00,10312,13474,not_in_matched_inputs,False,0,1.0,1,noaa-science-v1-0-1:202311021218
gb72-native-v1:20231101_2112_HARP10312_NOAA13474,20231101_2112_HARP10312_NOAA13474,2023-11-01 21:11:23+00:00,10312,13474,not_in_matched_inputs,False,0,1.0,1,noaa-science-v1-0-1:202311021218
gb72-native-v1:20231101_2248_HARP10312_NOAA13474,20231101_2248_HARP10312_NOAA13474,2023-11-01 22:47:23+00:00,10312,13474,not_in_matched_inputs,False,0,1.0,1,noaa-science-v1-0-1:202311021218
gb72-native-v1:20231102_0024_HARP10312_NOAA13474,20231102_0024_HARP10312_NOAA13474,2023-11-02 00:23:23+00:00,10312,13474,primary_cycle25,True,0,1.0,1,noaa-science-v1-0-1:202311021218
gb72-native-v1:20231102_0200_HARP10312_NOAA13474,20231102_0200_HARP10312_NOAA13474,2023-11-02 01:59:23+00:00,10312,13474,primary_cycle25,True,0,1.0,1,noaa-science-v1-0-1:202311021218
gb72-native-v1:20231102_0336_HARP10312_NOAA13474,20231102_0336_HARP10312_NOAA13474,2023-11-02 03:35:23+00:00,10312,13474,primary_cycle25,True,0,1.0,1,noaa-science-v1-0-1:202311021218
gb72-native-v1:20231109_1712_HARP10346_NOAA13477,20231109_1712_HARP10346_NOAA13477,2023-11-09 17:11:23+00:00,10346,13477,primary_cycle25,True,0,1.0,1,noaa-science-v1-0-1:202311111701
gb72-native-v1:20231109_1848_HARP10346_NOAA13477,20231109_1848_HARP10346_NOAA13477,2023-11-09 18:47:23+00:00,10346,13477,primary_cycle25,True,0,1.0,1,noaa-science-v1-0-1:202311111701
gb72-native-v1:20231109_2024_HARP10346_NOAA13477,20231109_2024_HARP10346_NOAA13477,2023-11-09 20:23:23+00:00,10346,13477,primary_cycle25,True,0,1.0,1,noaa-science-v1-0-1:202311111701
gb72-native-v1:20231109_2200_HARP10346_NOAA13477,20231109_2200_HARP10346_NOAA13477,2023-11-09 21:59:23+00:00,10346,13477,primary_cycle25,True,0,1.0,1,noaa-science-v1-0-1:202311111701
gb72-native-v1:20231109_2336_HARP10346_NOAA13477,20231109_2336_HARP10346_NOAA13477,2023-11-09 23:35:23+00:00,10346,13477,primary_cycle25,True,0,1.0,1,noaa-science-v1-0-1:202311111701
gb72-native-v1:20231110_0112_HARP10346_NOAA13477,20231110_0112_HARP10346_NOAA13477,2023-11-10 01:11:23+00:00,10346,13477,not_in_matched_inputs,False,0,1.0,1,noaa-science-v1-0-1:202311111701
gb72-native-v1:20231110_0248_HARP10346_NOAA13477,20231110_0248_HARP10346_NOAA13477,2023-11-10 02:47:23+00:00,10346,13477,not_in_matched_inputs,False,0,1.0,1,noaa-science-v1-0-1:202311111701
gb72-native-v1:20231110_0424_HARP10346_NOAA13477,20231110_0424_HARP10346_NOAA13477,2023-11-10 04:23:23+00:00,10346,13477,not_in_matched_inputs,False,0,1.0,1,noaa-science-v1-0-1:202311111701
gb72-native-v1:20231110_0600_HARP10346_NOAA13477,20231110_0600_HARP10346_NOAA13477,2023-11-10 05:59:23+00:00,10346,13477,primary_cycle25,True,0,1.0,1,noaa-science-v1-0-1:202311111701
gb72-native-v1:20231110_0736_HARP10346_NOAA13477,20231110_0736_HARP10346_NOAA13477,2023-11-10 07:35:23+00:00,10346,13477,not_in_matched_inputs,False,0,1.0,1,noaa-science-v1-0-1:202311111701
gb72-native-v1:20231110_0912_HARP10346_NOAA13477,20231110_0912_HARP10346_NOAA13477,2023-11-10 09:11:23+00:00,10346,13477,not_in_matched_inputs,False,0,1.0,1,noaa-science-v1-0-1:202311111701
gb72-native-v1:20231110_1048_HARP10346_NOAA13477,20231110_1048_HARP10346_NOAA13477,2023-11-10 10:47:23+00:00,10346,13477,not_in_matched_inputs,False,0,1.0,1,noaa-science-v1-0-1:202311111701
gb72-native-v1:20231110_1224_HARP10346_NOAA13477,20231110_1224_HARP10346_NOAA13477,2023-11-10 12:23:23+00:00,10346,13477,primary_cycle25,True,0,1.0,1,noaa-science-v1-0-1:202311111701
gb72-native-v1:20231110_1400_HARP10346_NOAA13477,20231110_1400_HARP10346_NOAA13477,2023-11-10 13:59:23+00:00,10346,13477,primary_cycle25,True,0,1.0,1,noaa-science-v1-0-1:202311111701
gb72-native-v1:20231110_1536_HARP10346_NOAA13477,20231110_1536_HARP10346_NOAA13477,2023-11-10 15:35:23+00:00,10346,13477,primary_cycle25,True,0,1.0,1,noaa-science-v1-0-1:202311111701
gb72-native-v1:20231110_1712_HARP10346_NOAA13477,20231110_1712_HARP10346_NOAA13477,2023-11-10 17:11:23+00:00,10346,13477,primary_cycle25,True,0,1.0,1,noaa-science-v1-0-1:202311111701
gb72-native-v1:20231110_1848_HARP10346_NOAA13477,20231110_1848_HARP10346_NOAA13477,2023-11-10 18:47:23+00:00,10346,13477,primary_cycle25,True,0,1.0,1,noaa-science-v1-0-1:202311111701
gb72-native-v1:20231126_1912_HARP10430_NOAA13500,20231126_1912_HARP10430_NOAA13500,2023-11-26 19:11:23+00:00,10430,13500,not_in_matched_inputs,False,0,1.0,1,noaa-science-v1-0-1:202311281907
gb72-native-v1:20231126_2048_HARP10430_NOAA13500,20231126_2048_HARP10430_NOAA13500,2023-11-26 20:47:23+00:00,10430,13500,primary_cycle25,True,0,1.0,1,noaa-science-v1-0-1:202311281907;noaa-science-v1-0-1:202311281935
gb72-native-v1:20231126_2224_HARP10430_NOAA13500,20231126_2224_HARP10430_NOAA13500,2023-11-26 22:23:23+00:00,10430,13500,primary_cycle25,True,0,1.0,1,noaa-science-v1-0-1:202311281907;noaa-science-v1-0-1:202311281935
gb72-native-v1:20231127_0000_HARP10430_NOAA13500,20231127_0000_HARP10430_NOAA13500,2023-11-26 23:59:23+00:00,10430,13500,primary_cycle25,True,0,1.0,1,noaa-science-v1-0-1:202311281907;noaa-science-v1-0-1:202311281935
gb72-native-v1:20231127_0136_HARP10430_NOAA13500,20231127_0136_HARP10430_NOAA13500,2023-11-27 01:35:23+00:00,10430,13500,primary_cycle25,True,0,1.0,1,noaa-science-v1-0-1:202311281907;noaa-science-v1-0-1:202311281935
gb72-native-v1:20231127_0312_HARP10430_NOAA13500,20231127_0312_HARP10430_NOAA13500,2023-11-27 03:11:23+00:00,10430,13500,primary_cycle25,True,0,1.0,1,noaa-science-v1-0-1:202311281907;noaa-science-v1-0-1:202311281935
gb72-native-v1:20231127_0448_HARP10430_NOAA13500,20231127_0448_HARP10430_NOAA13500,2023-11-27 04:47:23+00:00,10430,13500,primary_cycle25,True,0,1.0,1,noaa-science-v1-0-1:202311281907;noaa-science-v1-0-1:202311281935
gb72-native-v1:20231127_0624_HARP10430_NOAA13500,20231127_0624_HARP10430_NOAA13500,2023-11-27 06:23:23+00:00,10430,13500,primary_cycle25,True,0,1.0,1,noaa-science-v1-0-1:202311281907;noaa-science-v1-0-1:202311281935
gb72-native-v1:20231127_0800_HARP10430_NOAA13500,20231127_0800_HARP10430_NOAA13500,2023-11-27 07:59:23+00:00,10430,13500,primary_cycle25,True,0,1.0,1,noaa-science-v1-0-1:202311281907;noaa-science-v1-0-1:202311281935
gb72-native-v1:20231127_0936_HARP10430_NOAA13500,20231127_0936_HARP10430_NOAA13500,2023-11-27 09:35:23+00:00,10430,13500,primary_cycle25,True,0,1.0,1,noaa-science-v1-0-1:202311281907;noaa-science-v1-0-1:202311281935
gb72-native-v1:20231127_1112_HARP10430_NOAA13500,20231127_1112_HARP10430_NOAA13500,2023-11-27 11:11:23+00:00,10430,13500,primary_cycle25,True,0,1.0,1,noaa-science-v1-0-1:202311281907;noaa-science-v1-0-1:202311281935
gb72-native-v1:20231127_1248_HARP10430_NOAA13500,20231127_1248_HARP10430_NOAA13500,2023-11-27 12:47:23+00:00,10430,13500,primary_cycle25,True,0,1.0,1,noaa-science-v1-0-1:202311281907;noaa-science-v1-0-1:202311281935
gb72-native-v1:20231127_1424_HARP10430_NOAA13500,20231127_1424_HARP10430_NOAA13500,2023-11-27 14:23:23+00:00,10430,13500,primary_cycle25,True,0,1.0,1,noaa-science-v1-0-1:202311281907;noaa-science-v1-0-1:202311281935
gb72-native-v1:20231127_1600_HARP10430_NOAA13500,20231127_1600_HARP10430_NOAA13500,2023-11-27 15:59:23+00:00,10430,13500,primary_cycle25,True,0,1.0,1,noaa-science-v1-0-1:202311281907;noaa-science-v1-0-1:202311281935
gb72-native-v1:20231127_1736_HARP10430_NOAA13500,20231127_1736_HARP10430_NOAA13500,2023-11-27 17:35:23+00:00,10430,13500,primary_cycle25,True,0,1.0,1,noaa-science-v1-0-1:202311281907;noaa-science-v1-0-1:202311281935
gb72-native-v1:20231127_1912_HARP10430_NOAA13500,20231127_1912_HARP10430_NOAA13500,2023-11-27 19:11:23+00:00,10430,13500,primary_cycle25,True,0,1.0,1,noaa-science-v1-0-1:202311281907;noaa-science-v1-0-1:202311281935
gb72-native-v1:20231127_2048_HARP10430_NOAA13500,20231127_2048_HARP10430_NOAA13500,2023-11-27 20:47:23+00:00,10430,13500,not_in_matched_inputs,False,0,1.0,1,noaa-science-v1-0-1:202311281907;noaa-science-v1-0-1:202311281935
gb72-native-v1:20231127_2224_HARP10430_NOAA13500,20231127_2224_HARP10430_NOAA13500,2023-11-27 22:23:23+00:00,10430,13500,not_in_matched_inputs,False,0,1.0,1,noaa-science-v1-0-1:202311281907;noaa-science-v1-0-1:202311281935
gb72-native-v1:20231128_0000_HARP10430_NOAA13500,20231128_0000_HARP10430_NOAA13500,2023-11-27 23:59:23+00:00,10430,13500,not_in_matched_inputs,False,0,1.0,1,noaa-science-v1-0-1:202311281907;noaa-science-v1-0-1:202311281935
gb72-native-v1:20231128_0136_HARP10430_NOAA13500,20231128_0136_HARP10430_NOAA13500,2023-11-28 01:35:23+00:00,10430,13500,primary_cycle25,True,0,1.0,1,noaa-science-v1-0-1:202311281907;noaa-science-v1-0-1:202311281935
gb72-native-v1:20231128_0312_HARP10430_NOAA13500,20231128_0312_HARP10430_NOAA13500,2023-11-28 03:11:23+00:00,10430,13500,primary_cycle25,True,0,1.0,1,noaa-science-v1-0-1:202311281907;noaa-science-v1-0-1:202311281935
gb72-native-v1:20231128_0448_HARP10430_NOAA13500,20231128_0448_HARP10430_NOAA13500,2023-11-28 04:47:23+00:00,10430,13500,primary_cycle25,True,0,1.0,1,noaa-science-v1-0-1:202311281907;noaa-science-v1-0-1:202311281935
gb72-native-v1:20231128_0624_HARP10430_NOAA13500,20231128_0624_HARP10430_NOAA13500,2023-11-28 06:23:23+00:00,10430,13500,primary_cycle25,True,0,1.0,1,noaa-science-v1-0-1:202311281907;noaa-science-v1-0-1:202311281935
gb72-native-v1:20231128_0800_HARP10430_NOAA13500,20231128_0800_HARP10430_NOAA13500,2023-11-28 07:59:23+00:00,10430,13500,primary_cycle25,True,0,1.0,1,noaa-science-v1-0-1:202311281907;noaa-science-v1-0-1:202311281935
gb72-native-v1:20231128_0936_HARP10430_NOAA13500,20231128_0936_HARP10430_NOAA13500,2023-11-28 09:35:23+00:00,10430,13500,primary_cycle25,True,0,1.0,1,noaa-science-v1-0-1:202311281907;noaa-science-v1-0-1:202311281935
gb72-native-v1:20231128_1112_HARP10430_NOAA13500,20231128_1112_HARP10430_NOAA13500,2023-11-28 11:11:23+00:00,10430,13500,primary_cycle25,True,0,1.0,1,noaa-science-v1-0-1:202311281907;noaa-science-v1-0-1:202311281935
gb72-native-v1:20231128_1248_HARP10430_NOAA13500,20231128_1248_HARP10430_NOAA13500,2023-11-28 12:47:23+00:00,10430,13500,primary_cycle25,True,0,1.0,1,noaa-science-v1-0-1:202311281907;noaa-science-v1-0-1:202311281935
gb72-native-v1:20231128_1424_HARP10430_NOAA13500,20231128_1424_HARP10430_NOAA13500,2023-11-28 14:23:23+00:00,10430,13500,primary_cycle25,True,0,1.0,1,noaa-science-v1-0-1:202311281907;noaa-science-v1-0-1:202311281935
gb72-native-v1:20231128_1600_HARP10430_NOAA13500,20231128_1600_HARP10430_NOAA13500,2023-11-28 15:59:23+00:00,10430,13500,not_in_matched_inputs,False,0,1.0,1,noaa-science-v1-0-1:202311281907;noaa-science-v1-0-1:202311281935
gb72-native-v1:20231128_1736_HARP10430_NOAA13500,20231128_1736_HARP10430_NOAA13500,2023-11-28 17:35:23+00:00,10430,13500,not_in_matched_inputs,False,0,1.0,1,noaa-science-v1-0-1:202311281907;noaa-science-v1-0-1:202311281935
gb72-native-v1:20231128_1924_HARP10430_NOAA13500,20231128_1924_HARP10430_NOAA13500,2023-11-28 19:23:23+00:00,10430,13500,not_in_matched_inputs,False,0,1.0,1,noaa-science-v1-0-1:202311281935
gb72-native-v1:20231129_2136_HARP10430_NOAA13500,20231129_2136_HARP10430_NOAA13500,2023-11-29 21:35:23+00:00,10430,13500,primary_cycle25,True,0,1.0,1,noaa-science-v1-0-1:202312012055
gb72-native-v1:20231129_2312_HARP10430_NOAA13500,20231129_2312_HARP10430_NOAA13500,2023-11-29 23:11:23+00:00,10430,13500,primary_cycle25,True,0,1.0,1,noaa-science-v1-0-1:202312012055
gb72-native-v1:20231130_0048_HARP10430_NOAA13500,20231130_0048_HARP10430_NOAA13500,2023-11-30 00:47:23+00:00,10430,13500,primary_cycle25,True,0,1.0,1,noaa-science-v1-0-1:202312012055
gb72-native-v1:20231130_0224_HARP10430_NOAA13500,20231130_0224_HARP10430_NOAA13500,2023-11-30 02:23:23+00:00,10430,13500,primary_cycle25,True,0,1.0,1,noaa-science-v1-0-1:202312012055
gb72-native-v1:20231130_0400_HARP10430_NOAA13500,20231130_0400_HARP10430_NOAA13500,2023-11-30 03:59:23+00:00,10430,13500,primary_cycle25,True,0,1.0,1,noaa-science-v1-0-1:202312012055
gb72-native-v1:20231130_0536_HARP10430_NOAA13500,20231130_0536_HARP10430_NOAA13500,2023-11-30 05:35:23+00:00,10430,13500,primary_cycle25,True,0,1.0,1,noaa-science-v1-0-1:202312012055
gb72-native-v1:20231130_0712_HARP10430_NOAA13500,20231130_0712_HARP10430_NOAA13500,2023-11-30 07:11:23+00:00,10430,13500,primary_cycle25,True,0,1.0,1,noaa-science-v1-0-1:202312012055
gb72-native-v1:20231130_0848_HARP10430_NOAA13500,20231130_0848_HARP10430_NOAA13500,2023-11-30 08:47:23+00:00,10430,13500,primary_cycle25,True,0,1.0,1,noaa-science-v1-0-1:202312012055
gb72-native-v1:20231130_1024_HARP10430_NOAA13500,20231130_1024_HARP10430_NOAA13500,2023-11-30 10:23:23+00:00,10430,13500,primary_cycle25,True,0,1.0,1,noaa-science-v1-0-1:202312012055
gb72-native-v1:20231130_1200_HARP10430_NOAA13500,20231130_1200_HARP10430_NOAA13500,2023-11-30 11:59:23+00:00,10430,13500,primary_cycle25,True,0,1.0,1,noaa-science-v1-0-1:202312012055
gb72-native-v1:20231130_1336_HARP10430_NOAA13500,20231130_1336_HARP10430_NOAA13500,2023-11-30 13:35:23+00:00,10430,13500,primary_cycle25,True,0,1.0,1,noaa-science-v1-0-1:202312012055
gb72-native-v1:20231130_1512_HARP10430_NOAA13500,20231130_1512_HARP10430_NOAA13500,2023-11-30 15:11:23+00:00,10430,13500,primary_cycle25,True,0,1.0,1,noaa-science-v1-0-1:202312012055
gb72-native-v1:20231130_1648_HARP10430_NOAA13500,20231130_1648_HARP10430_NOAA13500,2023-11-30 16:47:23+00:00,10430,13500,primary_cycle25,True,0,1.0,1,noaa-science-v1-0-1:202312012055
gb72-native-v1:20231130_1824_HARP10430_NOAA13500,20231130_1824_HARP10430_NOAA13500,2023-11-30 18:23:23+00:00,10430,13500,primary_cycle25,True,0,1.0,1,noaa-science-v1-0-1:202312012055
gb72-native-v1:20231130_2000_HARP10430_NOAA13500,20231130_2000_HARP10430_NOAA13500,2023-11-30 19:59:23+00:00,10430,13500,primary_cycle25,True,0,1.0,1,noaa-science-v1-0-1:202312012055
gb72-native-v1:20231130_2136_HARP10430_NOAA13500,20231130_2136_HARP10430_NOAA13500,2023-11-30 21:35:23+00:00,10430,13500,primary_cycle25,True,0,1.0,1,noaa-science-v1-0-1:202312012055
gb72-native-v1:20231130_2312_HARP10430_NOAA13500,20231130_2312_HARP10430_NOAA13500,2023-11-30 23:11:23+00:00,10430,13500,primary_cycle25,True,0,1.0,1,noaa-science-v1-0-1:202312012055
gb72-native-v1:20231201_0048_HARP10430_NOAA13500,20231201_0048_HARP10430_NOAA13500,2023-12-01 00:47:23+00:00,10430,13500,primary_cycle25,True,0,1.0,1,noaa-science-v1-0-1:202312012055
gb72-native-v1:20231201_0224_HARP10430_NOAA13500,20231201_0224_HARP10430_NOAA13500,2023-12-01 02:23:23+00:00,10430,13500,primary_cycle25,True,0,1.0,1,noaa-science-v1-0-1:202312012055
gb72-native-v1:20231222_1236_HARP10527_NOAA13529,20231222_1236_HARP10527_NOAA13529,2023-12-22 12:35:23+00:00,10527,13529,primary_cycle25,True,0,1.0,1,noaa-science-v1-0-1:202312241109
gb72-native-v1:20231222_1412_HARP10527_NOAA13529,20231222_1412_HARP10527_NOAA13529,2023-12-22 14:11:23+00:00,10527,13529,primary_cycle25,True,0,1.0,1,noaa-science-v1-0-1:202312241109
gb72-native-v1:20231222_1548_HARP10527_NOAA13529,20231222_1548_HARP10527_NOAA13529,2023-12-22 15:47:23+00:00,10527,13529,primary_cycle25,True,0,1.0,1,noaa-science-v1-0-1:202312241109
gb72-native-v1:20231222_1724_HARP10527_NOAA13529,20231222_1724_HARP10527_NOAA13529,2023-12-22 17:23:23+00:00,10527,13529,primary_cycle25,True,0,1.0,1,noaa-science-v1-0-1:202312241109;noaa-science-v1-0-1:202312241637
gb72-native-v1:20231222_1900_HARP10527_NOAA13529,20231222_1900_HARP10527_NOAA13529,2023-12-22 18:59:23+00:00,10527,13529,primary_cycle25,True,0,1.0,1,noaa-science-v1-0-1:202312241109;noaa-science-v1-0-1:202312241637
gb72-native-v1:20231222_2036_HARP10527_NOAA13529,20231222_2036_HARP10527_NOAA13529,2023-12-22 20:35:23+00:00,10527,13529,primary_cycle25,True,0,1.0,1,noaa-science-v1-0-1:202312241109;noaa-science-v1-0-1:202312241637
gb72-native-v1:20231222_2212_HARP10527_NOAA13529,20231222_2212_HARP10527_NOAA13529,2023-12-22 22:11:23+00:00,10527,13529,primary_cycle25,True,0,1.0,1,noaa-science-v1-0-1:202312241109;noaa-science-v1-0-1:202312241637
gb72-native-v1:20231222_2348_HARP10527_NOAA13529,20231222_2348_HARP10527_NOAA13529,2023-12-22 23:47:23+00:00,10527,13529,primary_cycle25,True,0,1.0,1,noaa-science-v1-0-1:202312241109;noaa-science-v1-0-1:202312241637
gb72-native-v1:20231223_0124_HARP10527_NOAA13529,20231223_0124_HARP10527_NOAA13529,2023-12-23 01:23:23+00:00,10527,13529,primary_cycle25,True,0,1.0,1,noaa-science-v1-0-1:202312241109;noaa-science-v1-0-1:202312241637
gb72-native-v1:20231223_0300_HARP10527_NOAA13529,20231223_0300_HARP10527_NOAA13529,2023-12-23 02:59:23+00:00,10527,13529,primary_cycle25,True,0,1.0,1,noaa-science-v1-0-1:202312241109;noaa-science-v1-0-1:202312241637
gb72-native-v1:20231223_0448_HARP10527_NOAA13529,20231223_0448_HARP10527_NOAA13529,2023-12-23 04:47:23+00:00,10527,13529,not_in_matched_inputs,False,0,1.0,1,noaa-science-v1-0-1:202312241109;noaa-science-v1-0-1:202312241637
gb72-native-v1:20231223_0624_HARP10527_NOAA13529,20231223_0624_HARP10527_NOAA13529,2023-12-23 06:23:23+00:00,10527,13529,not_in_matched_inputs,False,0,1.0,1,noaa-science-v1-0-1:202312241109;noaa-science-v1-0-1:202312241637
gb72-native-v1:20231223_0800_HARP10527_NOAA13529,20231223_0800_HARP10527_NOAA13529,2023-12-23 07:59:23+00:00,10527,13529,not_in_matched_inputs,False,0,1.0,1,noaa-science-v1-0-1:202312241109;noaa-science-v1-0-1:202312241637
gb72-native-v1:20231223_0936_HARP10527_NOAA13529,20231223_0936_HARP10527_NOAA13529,2023-12-23 09:35:23+00:00,10527,13529,not_in_matched_inputs,False,0,1.0,1,noaa-science-v1-0-1:202312241109;noaa-science-v1-0-1:202312241637
gb72-native-v1:20231223_1112_HARP10527_NOAA13529,20231223_1112_HARP10527_NOAA13529,2023-12-23 11:11:23+00:00,10527,13529,not_in_matched_inputs,False,0,1.0,1,noaa-science-v1-0-1:202312241109;noaa-science-v1-0-1:202312241637
gb72-native-v1:20231223_1248_HARP10527_NOAA13529,20231223_1248_HARP10527_NOAA13529,2023-12-23 12:47:23+00:00,10527,13529,primary_cycle25,True,0,1.0,1,noaa-science-v1-0-1:202312241109;noaa-science-v1-0-1:202312241637
gb72-native-v1:20231223_1424_HARP10527_NOAA13529,20231223_1424_HARP10527_NOAA13529,2023-12-23 14:23:23+00:00,10527,13529,primary_cycle25,True,0,1.0,1,noaa-science-v1-0-1:202312241109;noaa-science-v1-0-1:202312241637
gb72-native-v1:20231223_1600_HARP10527_NOAA13529,20231223_1600_HARP10527_NOAA13529,2023-12-23 15:59:23+00:00,10527,13529,not_in_matched_inputs,False,0,1.0,1,noaa-science-v1-0-1:202312241109;noaa-science-v1-0-1:202312241637
gb72-native-v1:20231223_1736_HARP10527_NOAA13529,20231223_1736_HARP10527_NOAA13529,2023-12-23 17:35:23+00:00,10527,13529,not_in_matched_inputs,False,0,1.0,1,noaa-science-v1-0-1:202312241109;noaa-science-v1-0-1:202312241637
gb72-native-v1:20231223_1912_HARP10527_NOAA13529,20231223_1912_HARP10527_NOAA13529,2023-12-23 19:11:23+00:00,10527,13529,not_in_matched_inputs,False,0,1.0,1,noaa-science-v1-0-1:202312241109;noaa-science-v1-0-1:202312241637
gb72-native-v1:20231223_2048_HARP10527_NOAA13529,20231223_2048_HARP10527_NOAA13529,2023-12-23 20:47:23+00:00,10527,13529,not_in_matched_inputs,False,0,1.0,1,noaa-science-v1-0-1:202312241109;noaa-science-v1-0-1:202312241637
gb72-native-v1:20231223_2224_HARP10527_NOAA13529,20231223_2224_HARP10527_NOAA13529,2023-12-23 22:23:23+00:00,10527,13529,not_in_matched_inputs,False,0,1.0,1,noaa-science-v1-0-1:202312241109;noaa-science-v1-0-1:202312241637
gb72-native-v1:20231224_0000_HARP10527_NOAA13529,20231224_0000_HARP10527_NOAA13529,2023-12-23 23:59:23+00:00,10527,13529,not_in_matched_inputs,False,0,1.0,1,noaa-science-v1-0-1:202312241109;noaa-science-v1-0-1:202312241637
gb72-native-v1:20231224_0136_HARP10527_NOAA13529,20231224_0136_HARP10527_NOAA13529,2023-12-24 01:35:23+00:00,10527,13529,not_in_matched_inputs,False,0,1.0,1,noaa-science-v1-0-1:202312241109;noaa-science-v1-0-1:202312241637
gb72-native-v1:20231224_0312_HARP10527_NOAA13529,20231224_0312_HARP10527_NOAA13529,2023-12-24 03:11:23+00:00,10527,13529,not_in_matched_inputs,False,0,1.0,1,noaa-science-v1-0-1:202312241109;noaa-science-v1-0-1:202312241637
gb72-native-v1:20231224_0448_HARP10527_NOAA13529,20231224_0448_HARP10527_NOAA13529,2023-12-24 04:47:23+00:00,10527,13529,not_in_matched_inputs,False,0,1.0,1,noaa-science-v1-0-1:202312241109;noaa-science-v1-0-1:202312241637
gb72-native-v1:20231224_0624_HARP10527_NOAA13529,20231224_0624_HARP10527_NOAA13529,2023-12-24 06:23:23+00:00,10527,13529,not_in_matched_inputs,False,0,1.0,1,noaa-science-v1-0-1:202312241109;noaa-science-v1-0-1:202312241637
gb72-native-v1:20231224_0800_HARP10527_NOAA13529,20231224_0800_HARP10527_NOAA13529,2023-12-24 07:59:23+00:00,10527,13529,not_in_matched_inputs,False,0,1.0,1,noaa-science-v1-0-1:202312241109;noaa-science-v1-0-1:202312241637
gb72-native-v1:20231224_0936_HARP10527_NOAA13529,20231224_0936_HARP10527_NOAA13529,2023-12-24 09:35:23+00:00,10527,13529,not_in_matched_inputs,False,0,1.0,1,noaa-science-v1-0-1:202312241109;noaa-science-v1-0-1:202312241637
gb72-native-v1:20231224_1112_HARP10527_NOAA13529,20231224_1112_HARP10527_NOAA13529,2023-12-24 11:11:23+00:00,10527,13529,not_in_matched_inputs,False,0,1.0,1,noaa-science-v1-0-1:202312241637
gb72-native-v1:20231224_1248_HARP10527_NOAA13529,20231224_1248_HARP10527_NOAA13529,2023-12-24 12:47:23+00:00,10527,13529,not_in_matched_inputs,False,0,1.0,1,noaa-science-v1-0-1:202312241637
gb72-native-v1:20231224_1424_HARP10527_NOAA13529,20231224_1424_HARP10527_NOAA13529,2023-12-24 14:23:23+00:00,10527,13529,not_in_matched_inputs,False,0,1.0,1,noaa-science-v1-0-1:202312241637
gb72-native-v1:20231224_1600_HARP10527_NOAA13529,20231224_1600_HARP10527_NOAA13529,2023-12-24 15:59:23+00:00,10527,13529,not_in_matched_inputs,False,0,1.0,1,noaa-science-v1-0-1:202312241637
gb72-native-v1:20240814_1412_HARP11689_NOAA13784,20240814_1412_HARP11689_NOAA13784,2024-08-14 14:11:23+00:00,11689,13784,primary_cycle25,True,0,1.0,1,noaa-science-v1-0-1:202408141539
