event_id,start_utc,peak_utc,science_class,original_noaa_region,science_peak_multiplicity,reference_status,exact_peak_reference_ids,exact_start_peak_reference_ids,exact_peak_known_regions,exact_peak_classes,candidate_region_from_exact_peak,proposed_region_fill,same_region_mx_exact_peak_reference_ids,same_region_mx_annual_reference_ids,same_region_mx_base_hek_reference,same_region_mx_sep_hek_reference,reference_families,label_clearance
noaa-science-v1-0-1:201001191319,2010-01-19 13:19:00+00:00,2010-01-19 13:31:00+00:00,M1.9,,1,missing_region_no_exact_reference,,,,,,,,,False,False,,provisional_source_reconciliation_only
noaa-science-v1-0-1:201001200658,2010-01-20 06:58:00+00:00,2010-01-20 07:14:00+00:00,M1.3,,1,missing_region_no_exact_reference,HER-annual:goes_events_2010.txt:106,,,C9.7,,,,,False,False,HER_annual,provisional_source_reconciliation_only
noaa-science-v1-0-1:201002121748,2010-02-12 17:48:00+00:00,2010-02-12 18:08:00+00:00,M1.6,11045.0,1,existing_region_reference_conflict,HEK_base:16;HEK_sep:16;HEK_sep:17;HER-annual:goes_events_2010.txt:245,,11045;11046,M1.1,,,HEK_base:16;HEK_sep:17,,True,True,HEK_base;HEK_sep;HER_annual,provisional_source_reconciliation_only
noaa-science-v1-0-1:201102141240,2011-02-14 12:40:00+00:00,2011-02-14 12:47:00+00:00,M1.0,,1,missing_region_no_exact_reference,,,,,,,,,False,False,,provisional_source_reconciliation_only
noaa-science-v1-0-1:201102141345,2011-02-14 13:45:00+00:00,2011-02-14 14:27:00+00:00,M1.2,,1,missing_region_exact_start_peak_candidate,HER-annual:goes_events_2011.txt:229,HER-annual:goes_events_2011.txt:229,11158,C8.5,11158.0,11158.0,,,False,False,HER_annual,provisional_source_reconciliation_only
noaa-science-v1-0-1:201102160130,2011-02-16 01:30:00+00:00,2011-02-16 01:39:00+00:00,M1.4,,1,missing_region_no_exact_reference,HER-annual:goes_events_2011.txt:243,,,M1.0,,,,,False,False,HER_annual,provisional_source_reconciliation_only
noaa-science-v1-0-1:201103071342,2011-03-07 13:42:00+00:00,2011-03-07 14:11:00+00:00,M2.5,,1,missing_region_no_exact_reference,,,,,,,,,False,False,,provisional_source_reconciliation_only
noaa-science-v1-0-1:201103090507,2011-03-09 05:07:00+00:00,2011-03-09 05:18:00+00:00,M1.0,,1,missing_region_no_exact_reference,,,,,,,,,False,False,,provisional_source_reconciliation_only
noaa-science-v1-0-1:201103091049,2011-03-09 10:49:00+00:00,2011-03-09 10:55:00+00:00,M1.0,,1,missing_region_no_exact_reference,,,,,,,,,False,False,,provisional_source_reconciliation_only
noaa-science-v1-0-1:201103091312,2011-03-09 13:12:00+00:00,2011-03-09 13:29:00+00:00,M1.0,,1,missing_region_no_exact_reference,,,,,,,,,False,False,,provisional_source_reconciliation_only
noaa-science-v1-0-1:201103102229,2011-03-10 22:29:00+00:00,2011-03-10 22:41:00+00:00,M1.5,,1,missing_region_peak_only_candidate,HEK_sep:60;HER-annual:goes_events_2011.txt:470,,11166,M1.1,11166.0,,,,False,False,HEK_sep;HER_annual,provisional_source_reconciliation_only
noaa-science-v1-0-1:201105282107,2011-05-28 21:07:00+00:00,2011-05-28 21:16:00+00:00,M1.1,,1,missing_region_no_exact_reference,,,,,,,,,False,False,,provisional_source_reconciliation_only
noaa-science-v1-0-1:201105282118,2011-05-28 21:18:00+00:00,2011-05-28 21:24:00+00:00,M1.3,,1,missing_region_no_exact_reference,,,,,,,,,False,False,,provisional_source_reconciliation_only
noaa-science-v1-0-1:201106070602,2011-06-07 06:02:00+00:00,2011-06-07 06:33:00+00:00,M3.4,,1,missing_region_no_exact_reference,,,,,,,,,False,False,,provisional_source_reconciliation_only
noaa-science-v1-0-1:201109040100,2011-09-04 01:00:00+00:00,2011-09-04 01:07:00+00:00,M1.1,11286.0,1,existing_region_reference_conflict,HER-annual:goes_events_2011.txt:1477,,11274,C8.3,11274.0,,,,False,False,HER_annual,provisional_source_reconciliation_only
noaa-science-v1-0-1:201109041134,2011-09-04 11:34:00+00:00,2011-09-04 11:45:00+00:00,M4.6,11286.0,1,existing_region_reference_conflict,HEK_base:78;HEK_sep:85;HEK_sep:86;HER-annual:goes_events_2011.txt:1480,,11280;11286,M3.2,,,HEK_base:78;HEK_sep:86,,True,True,HEK_base;HEK_sep;HER_annual,provisional_source_reconciliation_only
noaa-science-v1-0-1:201109042355,2011-09-04 23:55:00+00:00,2011-09-05 00:37:00+00:00,M1.1,,1,missing_region_no_exact_reference,,,,,,,,,False,False,,provisional_source_reconciliation_only
noaa-science-v1-0-1:201109050142,2011-09-05 01:42:00+00:00,2011-09-05 01:53:00+00:00,M1.0,,1,missing_region_peak_only_candidate,HER-annual:goes_events_2011.txt:1486,,11286,C7.6,11286.0,,,,False,False,HER_annual,provisional_source_reconciliation_only
noaa-science-v1-0-1:201109050348,2011-09-05 03:48:00+00:00,2011-09-05 04:15:00+00:00,M2.3,,1,missing_region_no_exact_reference,,,,,,,,,False,False,,provisional_source_reconciliation_only
noaa-science-v1-0-1:201109072231,2011-09-07 22:31:00+00:00,2011-09-07 22:38:00+00:00,X2.5,11283.0,1,existing_region_reference_conflict,HEK_base:84;HEK_sep:93;HEK_sep:94;HER-annual:goes_events_2011.txt:1505,,11279;11283,X1.8,,,HEK_base:84;HEK_sep:93,,True,True,HEK_base;HEK_sep;HER_annual,provisional_source_reconciliation_only
noaa-science-v1-0-1:201109081527,2011-09-08 15:27:00+00:00,2011-09-08 15:46:00+00:00,M9.6,11283.0,1,existing_region_reference_conflict,HEK_base:85;HEK_sep:95;HEK_sep:96;HER-annual:goes_events_2011.txt:1507,,11279;11283,M6.7,,,HEK_base:85;HEK_sep:96,,True,True,HEK_base;HEK_sep;HER_annual,provisional_source_reconciliation_only
noaa-science-v1-0-1:201109100713,2011-09-10 07:13:00+00:00,2011-09-10 07:30:00+00:00,M1.5,,1,missing_region_no_exact_reference,,,,,,,,,False,False,,provisional_source_reconciliation_only
noaa-science-v1-0-1:201109122038,2011-09-12 20:38:00+00:00,2011-09-12 20:54:00+00:00,M1.4,11295.0,1,existing_region_reference_conflict,HER-annual:goes_events_2011.txt:1536,,11292,C9.9,11292.0,,,,False,False,HER_annual,provisional_source_reconciliation_only
noaa-science-v1-0-1:201109122102,2011-09-12 21:02:00+00:00,2011-09-12 21:09:00+00:00,M1.3,,1,missing_region_no_exact_reference,,,,,,,,,False,False,,provisional_source_reconciliation_only
noaa-science-v1-0-1:201109211200,2011-09-21 12:00:00+00:00,2011-09-21 12:23:00+00:00,M2.6,11302.0,1,existing_region_reference_conflict,HEK_base:89;HEK_sep:101;HER-annual:goes_events_2011.txt:1616,,11301,M1.8,11301.0,,,,False,False,HEK_base;HEK_sep;HER_annual,provisional_source_reconciliation_only
noaa-science-v1-0-1:201109220952,2011-09-22 09:52:00+00:00,2011-09-22 10:00:00+00:00,M1.6,11302.0,1,existing_region_reference_conflict,HEK_base:90;HEK_sep:102;HEK_sep:103;HER-annual:goes_events_2011.txt:1627,,11289;11302,M1.1,,,HEK_base:90;HEK_sep:102,,True,True,HEK_base;HEK_sep;HER_annual,provisional_source_reconciliation_only
noaa-science-v1-0-1:201109230024,2011-09-23 00:24:00+00:00,2011-09-23 00:33:00+00:00,M1.3,,1,missing_region_peak_only_candidate,HER-annual:goes_events_2011.txt:1634,,11302,C9.6,11302.0,,,,False,False,HER_annual,provisional_source_reconciliation_only
noaa-science-v1-0-1:201109241647,2011-09-24 16:47:00+00:00,2011-09-24 16:59:00+00:00,M2.5,11295.0,1,existing_region_reference_conflict,HEK_base:97;HEK_sep:111;HEK_sep:112;HER-annual:goes_events_2011.txt:1651,,11289;11295,M1.7;M1.8,,,HEK_base:97;HEK_sep:112,,True,True,HEK_base;HEK_sep;HER_annual,provisional_source_reconciliation_only
noaa-science-v1-0-1:201109241755,2011-09-24 17:55:00+00:00,2011-09-24 18:05:00+00:00,M4.0,,1,missing_region_no_exact_reference,,,,,,,,,False,False,,provisional_source_reconciliation_only
noaa-science-v1-0-1:201109251610,2011-09-25 16:10:00+00:00,2011-09-25 16:17:00+00:00,M1.6,,1,missing_region_no_exact_reference,,,,,,,,,False,False,,provisional_source_reconciliation_only
noaa-science-v1-0-1:201109251651,2011-09-25 16:51:00+00:00,2011-09-25 16:58:00+00:00,M3.1,11302.0,1,existing_region_reference_conflict,HEK_base:109;HEK_sep:127;HEK_sep:128;HER-annual:goes_events_2011.txt:1664,HEK_base:109;HEK_sep:127;HEK_sep:128;HER-annual:goes_events_2011.txt:1664,11302;11303,M2.2,,,HEK_sep:127;HER-annual:goes_events_2011.txt:1664,HER-annual:goes_events_2011.txt:1664,False,True,HEK_base;HEK_sep;HER_annual,provisional_source_reconciliation_only
noaa-science-v1-0-1:201109252210,2011-09-25 22:10:00+00:00,2011-09-25 22:19:00+00:00,M1.2,,1,missing_region_no_exact_reference,,,,,,,,,False,False,,provisional_source_reconciliation_only
noaa-science-v1-0-1:201110200306,2011-10-20 03:06:00+00:00,2011-10-20 03:25:00+00:00,M2.3,,1,missing_region_peak_only_candidate,HEK_sep:137;HER-annual:goes_events_2011.txt:1850,,11318,M1.6,11318.0,,,,False,False,HEK_sep;HER_annual,provisional_source_reconciliation_only
noaa-science-v1-0-1:201110221151,2011-10-22 11:51:00+00:00,2011-10-22 11:55:00+00:00,M1.7,,1,missing_region_no_exact_reference,,,,,,,,,False,False,,provisional_source_reconciliation_only
noaa-science-v1-0-1:201110311450,2011-10-31 14:50:00+00:00,2011-10-31 15:08:00+00:00,M1.6,,1,missing_region_no_exact_reference,,,,,,,,,False,False,,provisional_source_reconciliation_only
noaa-science-v1-0-1:201110311718,2011-10-31 17:18:00+00:00,2011-10-31 17:43:00+00:00,M1.1,,1,missing_region_no_exact_reference,,,,,,,,,False,False,,provisional_source_reconciliation_only
noaa-science-v1-0-1:201110311753,2011-10-31 17:53:00+00:00,2011-10-31 18:08:00+00:00,M2.0,,1,missing_region_no_exact_reference,,,,,,,,,False,False,,provisional_source_reconciliation_only
noaa-science-v1-0-1:201111032326,2011-11-03 23:26:00+00:00,2011-11-03 23:36:00+00:00,M3.1,,1,missing_region_peak_only_candidate,HEK_base:122,,11339,M2.1,11339.0,,,,False,False,HEK_base,provisional_source_reconciliation_only
noaa-science-v1-0-1:201111040325,2011-11-04 03:25:00+00:00,2011-11-04 03:53:00+00:00,M1.2,,1,missing_region_peak_only_candidate,HER-annual:goes_events_2011.txt:1933;HER-annual:goes_events_2011.txt:1934,,11339,C8.6,11339.0,,,,False,False,HER_annual,provisional_source_reconciliation_only
noaa-science-v1-0-1:201111091301,2011-11-09 13:01:00+00:00,2011-11-09 13:35:00+00:00,M1.6,11342.0,1,existing_region_reference_conflict,HEK_base:129;HEK_sep:153;HEK_sep:154;HER-annual:goes_events_2011.txt:1968,,11342;11343,M1.1,,,HEK_base:129;HEK_sep:153,,True,True,HEK_base;HEK_sep;HER_annual,provisional_source_reconciliation_only
noaa-science-v1-0-1:201111161444,2011-11-16 14:44:00+00:00,2011-11-16 15:05:00+00:00,M1.1,11348.0,1,existing_region_reference_conflict,HER-annual:goes_events_2011.txt:2021,,11339,C7.9,11339.0,,,,False,False,HER_annual,provisional_source_reconciliation_only
noaa-science-v1-0-1:201112141448,2011-12-14 14:48:00+00:00,2011-12-14 14:59:00+00:00,M1.0,,1,missing_region_peak_only_candidate,HER-annual:goes_events_2011.txt:2227,,11367,C7.5,11367.0,,,,False,False,HER_annual,provisional_source_reconciliation_only
noaa-science-v1-0-1:201112262008,2011-12-26 20:08:00+00:00,2011-12-26 20:19:00+00:00,M2.9,,1,missing_region_no_exact_reference,,,,,,,,,False,False,,provisional_source_reconciliation_only
noaa-science-v1-0-1:201112281413,2011-12-28 14:13:00+00:00,2011-12-28 14:25:00+00:00,M1.0,11389.0,1,existing_region_reference_conflict,HER-annual:goes_events_2011.txt:2311,,11388,C7.2,11388.0,,,,False,False,HER_annual,provisional_source_reconciliation_only
noaa-science-v1-0-1:201201220249,2012-01-22 02:49:00+00:00,2012-01-22 02:57:00+00:00,M1.0,,1,missing_region_peak_only_candidate,HER-annual:goes_events_2012.txt:121,,11401,C7.1,11401.0,,,,False,False,HER_annual,provisional_source_reconciliation_only
noaa-science-v1-0-1:201201230205,2012-01-23 02:05:00+00:00,2012-01-23 03:14:00+00:00,M1.6,,1,missing_region_no_exact_reference,,,,,,,,,False,False,,provisional_source_reconciliation_only
noaa-science-v1-0-1:201202110950,2012-02-11 09:50:00+00:00,2012-02-11 10:04:00+00:00,M1.1,,1,missing_region_no_exact_reference,HER-annual:goes_events_2012.txt:211,,,C7.9,,,,,False,False,HER_annual,provisional_source_reconciliation_only
noaa-science-v1-0-1:201203021723,2012-03-02 17:23:00+00:00,2012-03-02 17:46:00+00:00,M4.8,11429.0,1,existing_region_reference_conflict,HEK_base:148;HEK_sep:175;HER-annual:goes_events_2012.txt:300,,11427;11429,M3.3,,,HEK_base:148;HEK_sep:175,,True,True,HEK_base;HEK_sep;HER_annual,provisional_source_reconciliation_only
noaa-science-v1-0-1:201203062104,2012-03-06 21:04:00+00:00,2012-03-06 21:11:00+00:00,M1.8,,1,missing_region_exact_start_peak_candidate,HEK_sep:186;HER-annual:goes_events_2012.txt:352,HEK_sep:186;HER-annual:goes_events_2012.txt:352,11429,M1.3,11429.0,11429.0,,,False,False,HEK_sep;HER_annual,provisional_source_reconciliation_only
noaa-science-v1-0-1:201203070433,2012-03-07 04:33:00+00:00,2012-03-07 04:43:00+00:00,M1.1,,1,missing_region_exact_start_peak_candidate,HER-annual:goes_events_2012.txt:357,HER-annual:goes_events_2012.txt:357,11430,C8.3,11430.0,11430.0,,,False,False,HER_annual,provisional_source_reconciliation_only
noaa-science-v1-0-1:201203090321,2012-03-09 03:21:00+00:00,2012-03-09 03:27:00+00:00,M2.3,,1,missing_region_no_exact_reference,,,,,,,,,False,False,,provisional_source_reconciliation_only
noaa-science-v1-0-1:201203101715,2012-03-10 17:15:00+00:00,2012-03-10 17:27:00+00:00,M7.8,,1,missing_region_no_exact_reference,,,,,,,,,False,False,,provisional_source_reconciliation_only
noaa-science-v1-0-1:201204161724,2012-04-16 17:24:00+00:00,2012-04-16 17:40:00+00:00,M2.5,,1,missing_region_exact_start_peak_candidate,HER-annual:goes_events_2012.txt:564,HER-annual:goes_events_2012.txt:564,11458,M1.7,11458.0,11458.0,,,False,False,HER_annual,provisional_source_reconciliation_only
noaa-science-v1-0-1:201204181228,2012-04-18 12:28:00+00:00,2012-04-18 12:39:00+00:00,M1.2,11463.0,1,existing_region_reference_conflict,HER-annual:goes_events_2012.txt:579,,11462,C8.9,11462.0,,,,False,False,HER_annual,provisional_source_reconciliation_only
noaa-science-v1-0-1:201204191115,2012-04-19 11:15:00+00:00,2012-04-19 11:26:00+00:00,M1.0,,1,missing_region_peak_only_candidate,HER-annual:goes_events_2012.txt:593,,11455,C7.0,11455.0,,,,False,False,HER_annual,provisional_source_reconciliation_only
noaa-science-v1-0-1:201205051319,2012-05-05 13:19:00+00:00,2012-05-05 13:23:00+00:00,M2.0,11476.0,1,existing_region_reference_conflict,HEK_base:171;HEK_sep:201;HER-annual:goes_events_2012.txt:719,HEK_base:171;HEK_sep:201;HER-annual:goes_events_2012.txt:719,11475;11476,M1.4,,,HEK_base:171;HEK_sep:201,,True,True,HEK_base;HEK_sep;HER_annual,provisional_source_reconciliation_only
noaa-science-v1-0-1:201206131150,2012-06-13 11:50:00+00:00,2012-06-13 13:12:00+00:00,M1.7,,1,missing_region_no_exact_reference,,,,,,,,,False,False,,provisional_source_reconciliation_only
noaa-science-v1-0-1:201207021835,2012-07-02 18:35:00+00:00,2012-07-02 18:56:00+00:00,M1.0,,1,missing_region_peak_only_candidate,HER-annual:goes_events_2012.txt:1106,,11515,C7.4,11515.0,,,,False,False,HER_annual,provisional_source_reconciliation_only
noaa-science-v1-0-1:201207042317,2012-07-04 23:17:00+00:00,2012-07-04 23:24:00+00:00,M1.3,,1,missing_region_no_exact_reference,,,,,,,,,False,False,,provisional_source_reconciliation_only
noaa-science-v1-0-1:201207050027,2012-07-05 00:27:00+00:00,2012-07-05 00:38:00+00:00,M1.5,,1,missing_region_no_exact_reference,,,,,,,,,False,False,,provisional_source_reconciliation_only
noaa-science-v1-0-1:201207050441,2012-07-05 04:41:00+00:00,2012-07-05 04:45:00+00:00,M1.3,11519.0,1,existing_region_reference_conflict,HER-annual:goes_events_2012.txt:1152,,11515,C9.1,11515.0,,,,False,False,HER_annual,provisional_source_reconciliation_only
noaa-science-v1-0-1:201207050457,2012-07-05 04:57:00+00:00,2012-07-05 05:04:00+00:00,M1.1,,1,missing_region_no_exact_reference,,,,,,,,,False,False,,provisional_source_reconciliation_only
noaa-science-v1-0-1:201207050737,2012-07-05 07:37:00+00:00,2012-07-05 07:45:00+00:00,M1.9,11519.0,1,existing_region_reference_conflict,HEK_base:210;HEK_sep:242;HEK_sep:243;HER-annual:goes_events_2012.txt:1154,,11515;11519,M1.3,,,HEK_base:210;HEK_sep:242,,True,True,HEK_base;HEK_sep;HER_annual,provisional_source_reconciliation_only
noaa-science-v1-0-1:201207050923,2012-07-05 09:23:00+00:00,2012-07-05 09:29:00+00:00,M1.1,,1,missing_region_no_exact_reference,,,,,,,,,False,False,,provisional_source_reconciliation_only
noaa-science-v1-0-1:201207051303,2012-07-05 13:03:00+00:00,2012-07-05 13:18:00+00:00,M1.7,11515.0,1,existing_region_reference_conflict,HEK_base:213;HEK_sep:246;HEK_sep:247,,11514;11515,M1.2,,,HEK_base:213;HEK_sep:246,,True,True,HEK_base;HEK_sep,provisional_source_reconciliation_only
noaa-science-v1-0-1:201207052017,2012-07-05 20:17:00+00:00,2012-07-05 20:21:00+00:00,M2.2,,1,missing_region_no_exact_reference,,,,,,,,,False,False,,provisional_source_reconciliation_only
noaa-science-v1-0-1:201207052136,2012-07-05 21:36:00+00:00,2012-07-05 21:45:00+00:00,M2.3,11515.0,1,existing_region_reference_conflict,HEK_base:215;HEK_sep:249;HEK_sep:250;HER-annual:goes_events_2012.txt:1167,,11514;11515,M1.6,,,HEK_base:215;HEK_sep:250,,True,True,HEK_base;HEK_sep;HER_annual,provisional_source_reconciliation_only
noaa-science-v1-0-1:201207060239,2012-07-06 02:39:00+00:00,2012-07-06 02:51:00+00:00,M1.5,11515.0,1,existing_region_reference_conflict,HEK_base:217;HEK_sep:252;HEK_sep:253;HER-annual:goes_events_2012.txt:1172,,11514;11515,M1.0,,,HEK_base:217;HEK_sep:252,,True,True,HEK_base;HEK_sep;HER_annual,provisional_source_reconciliation_only
noaa-science-v1-0-1:201207060447,2012-07-06 04:47:00+00:00,2012-07-06 04:59:00+00:00,M1.1,11515.0,1,existing_region_reference_conflict,HER-annual:goes_events_2012.txt:1174,,11519,C7.7,11519.0,,,,False,False,HER_annual,provisional_source_reconciliation_only
noaa-science-v1-0-1:201207061319,2012-07-06 13:19:00+00:00,2012-07-06 13:30:00+00:00,M1.8,11515.0,1,existing_region_reference_conflict,HEK_base:220;HEK_sep:256;HER-annual:goes_events_2012.txt:1179,,11515;11519,M1.2,,,HEK_base:220;HEK_sep:256,,True,True,HEK_base;HEK_sep;HER_annual,provisional_source_reconciliation_only
noaa-science-v1-0-1:201207061444,2012-07-06 14:44:00+00:00,2012-07-06 15:00:00+00:00,M1.1,,1,missing_region_peak_only_candidate,HER-annual:goes_events_2012.txt:1180,,11513,C7.8,11513.0,,,,False,False,HER_annual,provisional_source_reconciliation_only
noaa-science-v1-0-1:201207061920,2012-07-06 19:20:00+00:00,2012-07-06 19:24:00+00:00,M1.3,,1,missing_region_no_exact_reference,,,,,,,,,False,False,,provisional_source_reconciliation_only
noaa-science-v1-0-1:201207062300,2012-07-06 23:00:00+00:00,2012-07-06 23:08:00+00:00,X1.6,11515.0,1,existing_region_reference_conflict,HEK_base:222;HEK_sep:258;HEK_sep:259,,11514;11515,X1.1,,,HEK_base:222;HEK_sep:258,,True,True,HEK_base;HEK_sep,provisional_source_reconciliation_only
noaa-science-v1-0-1:201207140451,2012-07-14 04:51:00+00:00,2012-07-14 04:58:00+00:00,M1.4,11521.0,1,existing_region_reference_conflict,HEK_base:234;HEK_sep:271;HEK_sep:272;HEK_sep:273;HER-annual:goes_events_2012.txt:1192;HER-annual:goes_events_2012.txt:1194,HEK_base:234;HEK_sep:272;HEK_sep:273;HER-annual:goes_events_2012.txt:1194,11520;11521,M1.0,,,HEK_base:234;HEK_sep:273,,True,True,HEK_base;HEK_sep;HER_annual,provisional_source_reconciliation_only
noaa-science-v1-0-1:201207190503,2012-07-19 05:03:00+00:00,2012-07-19 05:53:00+00:00,X1.1,,1,missing_region_no_exact_reference,,,,,,,,,False,False,,provisional_source_reconciliation_only
noaa-science-v1-0-1:201207301350,2012-07-30 13:50:00+00:00,2012-07-30 14:03:00+00:00,M1.2,11532.0,1,existing_region_reference_conflict,HER-annual:goes_events_2012.txt:1289,,11536,C8.8,11536.0,,,,False,False,HER_annual,provisional_source_reconciliation_only
noaa-science-v1-0-1:201208060428,2012-08-06 04:28:00+00:00,2012-08-06 04:38:00+00:00,M2.3,11542.0,1,existing_region_reference_conflict,HEK_base:241;HEK_sep:285;HER-annual:goes_events_2012.txt:1335,,11541;11542,M1.6,,,HEK_base:241;HEK_sep:285,,True,True,HEK_base;HEK_sep;HER_annual,provisional_source_reconciliation_only
noaa-science-v1-0-1:201208171311,2012-08-17 13:11:00+00:00,2012-08-17 13:19:00+00:00,M3.4,11548.0,1,existing_region_reference_conflict,HEK_base:243;HEK_sep:287;HEK_sep:288;HER-annual:goes_events_2012.txt:1408,,11546;11548,M2.4,,,HEK_base:243;HEK_sep:287,,True,True,HEK_base;HEK_sep;HER_annual,provisional_source_reconciliation_only
noaa-science-v1-0-1:201208301156,2012-08-30 11:56:00+00:00,2012-08-30 12:11:00+00:00,M1.9,11561.0,1,existing_region_reference_conflict,HEK_base:250;HEK_sep:295;HEK_sep:296;HER-annual:goes_events_2012.txt:1494,,11560;11563,M1.3,,,,,False,False,HEK_base;HEK_sep;HER_annual,provisional_source_reconciliation_only
noaa-science-v1-0-1:201208311935,2012-08-31 19:35:00+00:00,2012-08-31 20:43:00+00:00,M1.2,11562.0,1,existing_region_reference_conflict,HER-annual:goes_events_2012.txt:1509,,11563,C8.4,11563.0,,,,False,False,HER_annual,provisional_source_reconciliation_only
noaa-science-v1-0-1:201208312058,2012-08-31 20:58:00+00:00,2012-08-31 21:01:00+00:00,M1.2,,1,missing_region_no_exact_reference,,,,,,,,,False,False,,provisional_source_reconciliation_only
noaa-science-v1-0-1:201209092145,2012-09-09 21:45:00+00:00,2012-09-09 22:20:00+00:00,M1.5,,1,missing_region_no_exact_reference,,,,,,,,,False,False,,provisional_source_reconciliation_only
noaa-science-v1-0-1:201209302111,2012-09-30 21:11:00+00:00,2012-09-30 21:20:00+00:00,M1.0,,1,missing_region_no_exact_reference,,,,,,,,,False,False,,provisional_source_reconciliation_only
noaa-science-v1-0-1:201210081104,2012-10-08 11:04:00+00:00,2012-10-08 11:17:00+00:00,M3.3,,1,missing_region_no_exact_reference,,,,,,,,,False,False,,provisional_source_reconciliation_only
noaa-science-v1-0-1:201210092316,2012-10-09 23:16:00+00:00,2012-10-09 23:31:00+00:00,M2.4,,1,missing_region_no_exact_reference,,,,,,,,,False,False,,provisional_source_reconciliation_only
noaa-science-v1-0-1:201210100446,2012-10-10 04:46:00+00:00,2012-10-10 05:04:00+00:00,M1.4,,1,missing_region_no_exact_reference,,,,,,,,,False,False,,provisional_source_reconciliation_only
noaa-science-v1-0-1:201211201231,2012-11-20 12:31:00+00:00,2012-11-20 12:41:00+00:00,M2.5,,1,missing_region_no_exact_reference,,,,,,,,,False,False,,provisional_source_reconciliation_only
noaa-science-v1-0-1:201301050923,2013-01-05 09:23:00+00:00,2013-01-05 09:31:00+00:00,M2.5,11652.0,1,existing_region_reference_conflict,HEK_base:272;HEK_sep:319;HEK_sep:320;HER-annual:goes_events_2013.txt:29,,11651;11652,M1.7,,,HEK_base:272;HEK_sep:319,,True,True,HEK_base;HEK_sep;HER_annual,provisional_source_reconciliation_only
noaa-science-v1-0-1:201305122016,2013-05-12 20:16:00+00:00,2013-05-12 20:32:00+00:00,M2.7,,1,missing_region_peak_only_candidate,HEK_base:291;HEK_sep:341,,11748,M1.9,11748.0,,,,False,False,HEK_base;HEK_sep,provisional_source_reconciliation_only
noaa-science-v1-0-1:201305122236,2013-05-12 22:36:00+00:00,2013-05-12 22:44:00+00:00,M1.7,,1,missing_region_peak_only_candidate,HEK_base:292;HEK_sep:342;HER-annual:goes_events_2013.txt:901,,11748,M1.2,11748.0,,,,False,False,HEK_base;HEK_sep;HER_annual,provisional_source_reconciliation_only
noaa-science-v1-0-1:201305132154,2013-05-13 21:54:00+00:00,2013-05-13 22:05:00+00:00,M1.1,11745.0,1,existing_region_reference_conflict,HER-annual:goes_events_2013.txt:914,,11748,C8.3,11748.0,,,,False,False,HER_annual,provisional_source_reconciliation_only
noaa-science-v1-0-1:201305191735,2013-05-19 17:35:00+00:00,2013-05-19 17:50:00+00:00,M1.4,,1,missing_region_no_exact_reference,HER-annual:goes_events_2013.txt:950,,,C9.9,,,,,False,False,HER_annual,provisional_source_reconciliation_only
noaa-science-v1-0-1:201305200452,2013-05-20 04:52:00+00:00,2013-05-20 05:25:00+00:00,M2.5,11755.0,1,existing_region_reference_conflict,HEK_base:300;HEK_sep:351;HEK_sep:352;HEK_sep:353;HER-annual:goes_events_2013.txt:953;HER-annual:goes_events_2013.txt:954,,11753;11755,M1.7;M1.8,,,HEK_base:300;HEK_sep:352,,True,True,HEK_base;HEK_sep;HER_annual,provisional_source_reconciliation_only
noaa-science-v1-0-1:201305200532,2013-05-20 05:32:00+00:00,2013-05-20 05:42:00+00:00,M1.9,,1,missing_region_no_exact_reference,,,,,,,,,False,False,,provisional_source_reconciliation_only
noaa-science-v1-0-1:201306190922,2013-06-19 09:22:00+00:00,2013-06-19 09:54:00+00:00,M1.2,,1,missing_region_no_exact_reference,HER-annual:goes_events_2013.txt:1128,,,C8.4,,,,,False,False,HER_annual,provisional_source_reconciliation_only
noaa-science-v1-0-1:201308300151,2013-08-30 01:51:00+00:00,2013-08-30 02:41:00+00:00,M1.3,,1,missing_region_no_exact_reference,,,,,,,,,False,False,,provisional_source_reconciliation_only
noaa-science-v1-0-1:201310110657,2013-10-11 06:57:00+00:00,2013-10-11 07:24:00+00:00,M2.2,,1,missing_region_no_exact_reference,,,,,,,,,False,False,,provisional_source_reconciliation_only
noaa-science-v1-0-1:201310150827,2013-10-15 08:27:00+00:00,2013-10-15 08:37:00+00:00,M3.1,,1,missing_region_no_exact_reference,,,,,,,,,False,False,,provisional_source_reconciliation_only
noaa-science-v1-0-1:201310250943,2013-10-25 09:43:00+00:00,2013-10-25 09:54:00+00:00,M1.4,,1,missing_region_no_exact_reference,,,,,,,,,False,False,,provisional_source_reconciliation_only
noaa-science-v1-0-1:201310260913,2013-10-26 09:13:00+00:00,2013-10-26 09:26:00+00:00,M1.8,,1,missing_region_no_exact_reference,,,,,,,,,False,False,,provisional_source_reconciliation_only
noaa-science-v1-0-1:201310271231,2013-10-27 12:31:00+00:00,2013-10-27 12:48:00+00:00,M5.1,11875.0,1,existing_region_reference_conflict,HEK_base:337;HEK_sep:392;HEK_sep:393,,11875;11884,M3.5,,,HEK_base:337;HEK_sep:393,,True,True,HEK_base;HEK_sep,provisional_source_reconciliation_only
noaa-science-v1-0-1:201310281544,2013-10-28 15:44:00+00:00,2013-10-28 15:55:00+00:00,M3.2,,1,missing_region_no_exact_reference,,,,,,,,,False,False,,provisional_source_reconciliation_only
noaa-science-v1-0-1:201310281608,2013-10-28 16:08:00+00:00,2013-10-28 16:14:00+00:00,M3.1,,1,missing_region_no_exact_reference,,,,,,,,,False,False,,provisional_source_reconciliation_only
noaa-science-v1-0-1:201311051802,2013-11-05 18:02:00+00:00,2013-11-05 18:13:00+00:00,M1.4,,1,missing_region_peak_only_candidate,HEK_base:351;HEK_sep:408,,11890,M1.0,11890.0,,,,False,False,HEK_base;HEK_sep,provisional_source_reconciliation_only
noaa-science-v1-0-1:201311062339,2013-11-06 23:39:00+00:00,2013-11-07 00:02:00+00:00,M2.7,,1,missing_region_peak_only_candidate,HEK_sep:411;HEK_sep:412,,11882,M1.8;M1.9,11882.0,,,,False,False,HEK_sep,provisional_source_reconciliation_only
noaa-science-v1-0-1:201311211047,2013-11-21 10:47:00+00:00,2013-11-21 11:11:00+00:00,M1.7,11893.0,1,existing_region_reference_conflict,HEK_base:366;HEK_sep:425;HER-annual:goes_events_2013.txt:1159,,11893;11895,M1.2,,,HEK_base:366;HEK_sep:425,,True,True,HEK_base;HEK_sep;HER_annual,provisional_source_reconciliation_only
noaa-science-v1-0-1:201312192304,2013-12-19 23:04:00+00:00,2013-12-19 23:19:00+00:00,M5.0,11934.0,1,existing_region_reference_conflict,HEK_base:370;HEK_sep:429;HEK_sep:430;HER-annual:goes_events_2013.txt:1277,,11931;11934,M3.5,,,HEK_base:370;HEK_sep:429,,True,True,HEK_base;HEK_sep;HER_annual,provisional_source_reconciliation_only
noaa-science-v1-0-1:201312201130,2013-12-20 11:30:00+00:00,2013-12-20 11:57:00+00:00,M2.3,11934.0,1,existing_region_reference_conflict,HEK_base:371;HEK_sep:431;HER-annual:goes_events_2013.txt:1281,,11931;11934,M1.6,,,HEK_base:371;HEK_sep:431,,True,True,HEK_base;HEK_sep;HER_annual,provisional_source_reconciliation_only
noaa-science-v1-0-1:201312311043,2013-12-31 10:43:00+00:00,2013-12-31 11:50:00+00:00,M1.2,,1,missing_region_no_exact_reference,,,,,,,,,False,False,,provisional_source_reconciliation_only
noaa-science-v1-0-1:201312311203,2013-12-31 12:03:00+00:00,2013-12-31 12:07:00+00:00,M1.2,,1,missing_region_no_exact_reference,,,,,,,,,False,False,,provisional_source_reconciliation_only
noaa-science-v1-0-1:201401021120,2014-01-02 11:20:00+00:00,2014-01-02 11:41:00+00:00,M1.2,,1,missing_region_no_exact_reference,,,,,,,,,False,False,,provisional_source_reconciliation_only
noaa-science-v1-0-1:201401271902,2014-01-27 19:02:00+00:00,2014-01-27 19:18:00+00:00,M1.0,,1,missing_region_no_exact_reference,,,,,,,,,False,False,,provisional_source_reconciliation_only
noaa-science-v1-0-1:201401281517,2014-01-28 15:17:00+00:00,2014-01-28 15:26:00+00:00,M5.0,,1,missing_region_peak_only_candidate,HEK_sep:461;HER-annual:goes_events_2014.txt:170,,11967,M3.5,11967.0,,,,False,False,HEK_sep;HER_annual,provisional_source_reconciliation_only
noaa-science-v1-0-1:201401281622,2014-01-28 16:22:00+00:00,2014-01-28 16:45:00+00:00,M1.2,11968.0,1,existing_region_reference_conflict,HER-annual:goes_events_2014.txt:171,,11967,C8.5,11967.0,,,,False,False,HER_annual,provisional_source_reconciliation_only
noaa-science-v1-0-1:201402020558,2014-02-02 05:58:00+00:00,2014-02-02 06:07:00+00:00,M1.0,11968.0,1,existing_region_reference_conflict,HER-annual:goes_events_2014.txt:213,,11967,C7.5,11967.0,,,,False,False,HER_annual,provisional_source_reconciliation_only
noaa-science-v1-0-1:201402020716,2014-02-02 07:16:00+00:00,2014-02-02 07:36:00+00:00,M1.2,,1,missing_region_no_exact_reference,,,,,,,,,False,False,,provisional_source_reconciliation_only
noaa-science-v1-0-1:201402020739,2014-02-02 07:39:00+00:00,2014-02-02 07:43:00+00:00,M1.2,,1,missing_region_no_exact_reference,,,,,,,,,False,False,,provisional_source_reconciliation_only
noaa-science-v1-0-1:201402021401,2014-02-02 14:01:00+00:00,2014-02-02 14:06:00+00:00,M1.9,11967.0,1,existing_region_reference_conflict,HEK_base:409;HEK_sep:473;HEK_sep:474;HER-annual:goes_events_2014.txt:218,HEK_base:409;HEK_sep:473;HEK_sep:474;HER-annual:goes_events_2014.txt:218,11967;11968,M1.3,,,HEK_base:409;HEK_sep:474,,True,True,HEK_base;HEK_sep;HER_annual,provisional_source_reconciliation_only
noaa-science-v1-0-1:201402021432,2014-02-02 14:32:00+00:00,2014-02-02 14:36:00+00:00,M1.0,,1,missing_region_no_exact_reference,,,,,,,,,False,False,,provisional_source_reconciliation_only
noaa-science-v1-0-1:201402022123,2014-02-02 21:23:00+00:00,2014-02-02 21:32:00+00:00,M1.2,,1,missing_region_no_exact_reference,,,,,,,,,False,False,,provisional_source_reconciliation_only
noaa-science-v1-0-1:201402022137,2014-02-02 21:37:00+00:00,2014-02-02 21:43:00+00:00,M1.5,,1,missing_region_no_exact_reference,,,,,,,,,False,False,,provisional_source_reconciliation_only
noaa-science-v1-0-1:201402022152,2014-02-02 21:52:00+00:00,2014-02-02 21:56:00+00:00,M1.4,,1,missing_region_no_exact_reference,,,,,,,,,False,False,,provisional_source_reconciliation_only
noaa-science-v1-0-1:201402022227,2014-02-02 22:27:00+00:00,2014-02-02 22:31:00+00:00,M1.1,11968.0,1,existing_region_reference_conflict,HER-annual:goes_events_2014.txt:225,HER-annual:goes_events_2014.txt:225,11967,C8.4,11967.0,,,,False,False,HER_annual,provisional_source_reconciliation_only
noaa-science-v1-0-1:201402032226,2014-02-03 22:26:00+00:00,2014-02-03 22:33:00+00:00,M1.1,,1,missing_region_peak_only_candidate,HER-annual:goes_events_2014.txt:238,,11968,C7.8,11968.0,,,,False,False,HER_annual,provisional_source_reconciliation_only
noaa-science-v1-0-1:201402040025,2014-02-04 00:25:00+00:00,2014-02-04 01:03:00+00:00,M1.9,,1,missing_region_no_exact_reference,,,,,,,,,False,False,,provisional_source_reconciliation_only
noaa-science-v1-0-1:201402040111,2014-02-04 01:11:00+00:00,2014-02-04 01:23:00+00:00,M5.5,11968.0,1,existing_region_reference_conflict,HEK_base:412;HEK_sep:478;HEK_sep:479;HER-annual:goes_events_2014.txt:239,,11967;11968,M3.8,,,HEK_base:412;HEK_sep:478,,True,True,HEK_base;HEK_sep;HER_annual,provisional_source_reconciliation_only
noaa-science-v1-0-1:201402040239,2014-02-04 02:39:00+00:00,2014-02-04 02:49:00+00:00,M1.2,,1,missing_region_no_exact_reference,,,,,,,,,False,False,,provisional_source_reconciliation_only
noaa-science-v1-0-1:201402040253,2014-02-04 02:53:00+00:00,2014-02-04 02:58:00+00:00,M1.7,,1,missing_region_no_exact_reference,,,,,,,,,False,False,,provisional_source_reconciliation_only
noaa-science-v1-0-1:201402041519,2014-02-04 15:19:00+00:00,2014-02-04 15:35:00+00:00,M1.8,,1,missing_region_no_exact_reference,,,,,,,,,False,False,,provisional_source_reconciliation_only
noaa-science-v1-0-1:201402041548,2014-02-04 15:48:00+00:00,2014-02-04 15:53:00+00:00,M1.7,,1,missing_region_no_exact_reference,,,,,,,,,False,False,,provisional_source_reconciliation_only
noaa-science-v1-0-1:201402091533,2014-02-09 15:33:00+00:00,2014-02-09 16:17:00+00:00,M1.5,,1,missing_region_no_exact_reference,,,,,,,,,False,False,,provisional_source_reconciliation_only
noaa-science-v1-0-1:201402120639,2014-02-12 06:39:00+00:00,2014-02-12 06:47:00+00:00,M2.0,,1,missing_region_no_exact_reference,,,,,,,,,False,False,,provisional_source_reconciliation_only
noaa-science-v1-0-1:201402131028,2014-02-13 10:28:00+00:00,2014-02-13 10:37:00+00:00,M1.2,,1,missing_region_no_exact_reference,,,,,,,,,False,False,,provisional_source_reconciliation_only
noaa-science-v1-0-1:201402131541,2014-02-13 15:41:00+00:00,2014-02-13 15:52:00+00:00,M1.8,,1,missing_region_no_exact_reference,,,,,,,,,False,False,,provisional_source_reconciliation_only
noaa-science-v1-0-1:201402221517,2014-02-22 15:17:00+00:00,2014-02-22 15:50:00+00:00,M1.0,,1,missing_region_no_exact_reference,,,,,,,,,False,False,,provisional_source_reconciliation_only
noaa-science-v1-0-1:201402230546,2014-02-23 05:46:00+00:00,2014-02-23 06:10:00+00:00,M1.6,,1,missing_region_no_exact_reference,,,,,,,,,False,False,,provisional_source_reconciliation_only
noaa-science-v1-0-1:201402241200,2014-02-24 12:00:00+00:00,2014-02-24 12:05:00+00:00,M1.8,11990.0,1,existing_region_reference_conflict,HEK_base:435;HEK_sep:505;HEK_sep:506,HEK_base:435;HEK_sep:505;HEK_sep:506,11982;11990,M1.3,,,HEK_base:435;HEK_sep:506,,True,True,HEK_base;HEK_sep,provisional_source_reconciliation_only
noaa-science-v1-0-1:201403011318,2014-03-01 13:18:00+00:00,2014-03-01 13:33:00+00:00,M1.6,11982.0,1,existing_region_reference_conflict,HEK_base:439;HEK_sep:510;HEK_sep:511;HER-annual:goes_events_2014.txt:427;HER-annual:goes_events_2014.txt:428,HEK_base:439;HEK_sep:510;HEK_sep:511;HER-annual:goes_events_2014.txt:427;HER-annual:goes_events_2014.txt:428,11982;11984,M1.1,,,HEK_base:439;HEK_sep:511;HER-annual:goes_events_2014.txt:427,HER-annual:goes_events_2014.txt:427,True,True,HEK_base;HEK_sep;HER_annual,provisional_source_reconciliation_only
noaa-science-v1-0-1:201403041112,2014-03-04 11:12:00+00:00,2014-03-04 11:24:00+00:00,M1.0,,1,missing_region_no_exact_reference,,,,,,,,,False,False,,provisional_source_reconciliation_only
noaa-science-v1-0-1:201403111912,2014-03-11 19:12:00+00:00,2014-03-11 19:46:00+00:00,M1.1,,1,missing_region_peak_only_candidate,HER-annual:goes_events_2014.txt:506,,12002,C8.1,12002.0,,,,False,False,HER_annual,provisional_source_reconciliation_only
noaa-science-v1-0-1:201403150926,2014-03-15 09:26:00+00:00,2014-03-15 09:36:00+00:00,M1.0,,1,missing_region_no_exact_reference,,,,,,,,,False,False,,provisional_source_reconciliation_only
noaa-science-v1-0-1:201403200332,2014-03-20 03:32:00+00:00,2014-03-20 03:56:00+00:00,M2.4,12010.0,1,existing_region_reference_conflict,HEK_base:455;HEK_sep:527;HEK_sep:528;HER-annual:goes_events_2014.txt:567,,12010;12014,M1.7,,,HEK_base:455;HEK_sep:527,,True,True,HEK_base;HEK_sep;HER_annual,provisional_source_reconciliation_only
noaa-science-v1-0-1:201403200835,2014-03-20 08:35:00+00:00,2014-03-20 08:38:00+00:00,M1.3,,1,missing_region_no_exact_reference,,,,,,,,,False,False,,provisional_source_reconciliation_only
noaa-science-v1-0-1:201403310755,2014-03-31 07:55:00+00:00,2014-03-31 08:07:00+00:00,M2.0,12014.0,1,existing_region_reference_conflict,HEK_base:461;HEK_sep:534;HEK_sep:535;HER-annual:goes_events_2014.txt:653,,12010;12014,M1.4,,,HEK_base:461;HEK_sep:534,,True,True,HEK_base;HEK_sep;HER_annual,provisional_source_reconciliation_only
noaa-science-v1-0-1:201405060819,2014-05-06 08:19:00+00:00,2014-05-06 09:03:00+00:00,M2.6,12051.0,1,existing_region_reference_conflict,HEK_base:466;HEK_sep:540;HEK_sep:541,,12047;12051,M1.8,,,HEK_base:466;HEK_sep:540,,True,True,HEK_base;HEK_sep,provisional_source_reconciliation_only
noaa-science-v1-0-1:201405141355,2014-05-14 13:55:00+00:00,2014-05-14 14:25:00+00:00,M1.0,,1,missing_region_no_exact_reference,,,,,,,,,False,False,,provisional_source_reconciliation_only
noaa-science-v1-0-1:201405141431,2014-05-14 14:31:00+00:00,2014-05-14 14:48:00+00:00,M1.1,,1,missing_region_no_exact_reference,,,,,,,,,False,False,,provisional_source_reconciliation_only
noaa-science-v1-0-1:201406130028,2014-06-13 00:28:00+00:00,2014-06-13 00:34:00+00:00,M1.2,12087.0,1,existing_region_reference_conflict,HER-annual:goes_events_2014.txt:879,,12092,C8.5,12092.0,,,,False,False,HER_annual,provisional_source_reconciliation_only
noaa-science-v1-0-1:201406130328,2014-06-13 03:28:00+00:00,2014-06-13 03:39:00+00:00,M1.4,,1,missing_region_peak_only_candidate,HER-annual:goes_events_2014.txt:880,,12085,C9.9,12085.0,,,,False,False,HER_annual,provisional_source_reconciliation_only
noaa-science-v1-0-1:201406141919,2014-06-14 19:19:00+00:00,2014-06-14 19:29:00+00:00,M2.0,,1,missing_region_no_exact_reference,HER-annual:goes_events_2014.txt:894,,,M1.4,,,,,False,False,HER_annual,provisional_source_reconciliation_only
noaa-science-v1-0-1:201406150748,2014-06-15 07:48:00+00:00,2014-06-15 08:09:00+00:00,M1.0,12085.0,1,existing_region_reference_conflict,HER-annual:goes_events_2014.txt:898,,12088,C7.0,12088.0,,,,False,False,HER_annual,provisional_source_reconciliation_only
noaa-science-v1-0-1:201406160132,2014-06-16 01:32:00+00:00,2014-06-16 02:15:00+00:00,M1.1,12085.0,1,existing_region_reference_conflict,HER-annual:goes_events_2014.txt:907;HER-annual:goes_events_2014.txt:908,,12080,C8.3;C8.4,12080.0,,,,False,False,HER_annual,provisional_source_reconciliation_only
noaa-science-v1-0-1:201409061644,2014-09-06 16:44:00+00:00,2014-09-06 16:57:00+00:00,M1.2,,1,missing_region_no_exact_reference,,,,,,,,,False,False,,provisional_source_reconciliation_only
noaa-science-v1-0-1:201409112123,2014-09-11 21:23:00+00:00,2014-09-11 21:26:00+00:00,M2.0,12166.0,1,existing_region_reference_conflict,HEK_base:506;HEK_sep:584;HEK_sep:585;HER-annual:goes_events_2014.txt:1420;HER-annual:goes_events_2014.txt:1421,,12157;12166,M1.4,,,HEK_base:506;HEK_sep:584,,True,True,HEK_base;HEK_sep;HER_annual,provisional_source_reconciliation_only
noaa-science-v1-0-1:201409180835,2014-09-18 08:35:00+00:00,2014-09-18 08:42:00+00:00,M3.0,,1,missing_region_no_exact_reference,,,,,,,,,False,False,,provisional_source_reconciliation_only
noaa-science-v1-0-1:201409260604,2014-09-26 06:04:00+00:00,2014-09-26 06:25:00+00:00,M1.0,,1,missing_region_no_exact_reference,,,,,,,,,False,False,,provisional_source_reconciliation_only
noaa-science-v1-0-1:201409270827,2014-09-27 08:27:00+00:00,2014-09-27 08:36:00+00:00,M1.8,,1,missing_region_no_exact_reference,,,,,,,,,False,False,,provisional_source_reconciliation_only
noaa-science-v1-0-1:201410141808,2014-10-14 18:08:00+00:00,2014-10-14 18:37:00+00:00,M1.5,,1,missing_region_no_exact_reference,HER-annual:goes_events_2014.txt:1534,,,M1.1,,,,,False,False,HER_annual,provisional_source_reconciliation_only
noaa-science-v1-0-1:201410160729,2014-10-16 07:29:00+00:00,2014-10-16 07:37:00+00:00,M1.1,,1,missing_region_no_exact_reference,HER-annual:goes_events_2014.txt:1537,,,C7.7,,,,,False,False,HER_annual,provisional_source_reconciliation_only
noaa-science-v1-0-1:201410180806,2014-10-18 08:06:00+00:00,2014-10-18 08:10:00+00:00,M2.3,,1,missing_region_no_exact_reference,,,,,,,,,False,False,,provisional_source_reconciliation_only
noaa-science-v1-0-1:201410201559,2014-10-20 15:59:00+00:00,2014-10-20 16:15:00+00:00,M4.3,,1,missing_region_no_exact_reference,,,,,,,,,False,False,,provisional_source_reconciliation_only
noaa-science-v1-0-1:201410202016,2014-10-20 20:16:00+00:00,2014-10-20 20:26:00+00:00,M1.9,,1,missing_region_no_exact_reference,,,,,,,,,False,False,,provisional_source_reconciliation_only
noaa-science-v1-0-1:201410211335,2014-10-21 13:35:00+00:00,2014-10-21 13:38:00+00:00,M1.8,,1,missing_region_exact_start_peak_candidate,HEK_sep:604;HER-annual:goes_events_2014.txt:1589,HEK_sep:604;HER-annual:goes_events_2014.txt:1589,12192,M1.2,12192.0,12192.0,,,False,False,HEK_sep;HER_annual,provisional_source_reconciliation_only
noaa-science-v1-0-1:201410211446,2014-10-21 14:46:00+00:00,2014-10-21 14:53:00+00:00,M1.0,,1,missing_region_no_exact_reference,,,,,,,,,False,False,,provisional_source_reconciliation_only
noaa-science-v1-0-1:201410221550,2014-10-22 15:50:00+00:00,2014-10-22 15:57:00+00:00,M2.0,,1,missing_region_no_exact_reference,HER-annual:goes_events_2014.txt:1598,,,M1.4,,,,,False,False,HER_annual,provisional_source_reconciliation_only
noaa-science-v1-0-1:201410221758,2014-10-22 17:58:00+00:00,2014-10-22 18:15:00+00:00,M1.3,,1,missing_region_no_exact_reference,,,,,,,,,False,False,,provisional_source_reconciliation_only
noaa-science-v1-0-1:201410242048,2014-10-24 20:48:00+00:00,2014-10-24 21:20:00+00:00,X3.1,,1,missing_region_no_exact_reference,,,,,,,,,False,False,,provisional_source_reconciliation_only
noaa-science-v1-0-1:201410250737,2014-10-25 07:37:00+00:00,2014-10-25 07:51:00+00:00,M1.3,,1,missing_region_no_exact_reference,,,,,,,,,False,False,,provisional_source_reconciliation_only
noaa-science-v1-0-1:201410250820,2014-10-25 08:20:00+00:00,2014-10-25 08:23:00+00:00,M1.3,,1,missing_region_peak_only_candidate,HER-annual:goes_events_2014.txt:1616,,12192,C9.5,12192.0,,,,False,False,HER_annual,provisional_source_reconciliation_only
noaa-science-v1-0-1:201410261013,2014-10-26 10:13:00+00:00,2014-10-26 10:18:00+00:00,M1.0,,1,missing_region_no_exact_reference,,,,,,,,,False,False,,provisional_source_reconciliation_only
noaa-science-v1-0-1:201410262327,2014-10-26 23:27:00+00:00,2014-10-26 23:36:00+00:00,M1.1,,1,missing_region_no_exact_reference,,,,,,,,,False,False,,provisional_source_reconciliation_only
noaa-science-v1-0-1:201410270001,2014-10-27 00:01:00+00:00,2014-10-27 00:26:00+00:00,M9.9,,1,missing_region_no_exact_reference,,,,,,,,,False,False,,provisional_source_reconciliation_only
noaa-science-v1-0-1:201410270228,2014-10-27 02:28:00+00:00,2014-10-27 02:34:00+00:00,M1.0,,1,missing_region_no_exact_reference,,,,,,,,,False,False,,provisional_source_reconciliation_only
noaa-science-v1-0-1:201410270643,2014-10-27 06:43:00+00:00,2014-10-27 06:48:00+00:00,M1.0,,1,missing_region_no_exact_reference,,,,,,,,,False,False,,provisional_source_reconciliation_only
noaa-science-v1-0-1:201410270853,2014-10-27 08:53:00+00:00,2014-10-27 09:07:00+00:00,M1.5,,1,missing_region_no_exact_reference,,,,,,,,,False,False,,provisional_source_reconciliation_only
noaa-science-v1-0-1:201410270915,2014-10-27 09:15:00+00:00,2014-10-27 09:41:00+00:00,M3.1,,1,missing_region_no_exact_reference,,,,,,,,,False,False,,provisional_source_reconciliation_only
noaa-science-v1-0-1:201410271656,2014-10-27 16:56:00+00:00,2014-10-27 17:02:00+00:00,M1.0,,1,missing_region_no_exact_reference,,,,,,,,,False,False,,provisional_source_reconciliation_only
noaa-science-v1-0-1:201410290337,2014-10-29 03:37:00+00:00,2014-10-29 03:44:00+00:00,M1.1,,1,missing_region_no_exact_reference,,,,,,,,,False,False,,provisional_source_reconciliation_only
noaa-science-v1-0-1:201410290601,2014-10-29 06:01:00+00:00,2014-10-29 06:18:00+00:00,M1.0,,1,missing_region_no_exact_reference,,,,,,,,,False,False,,provisional_source_reconciliation_only
noaa-science-v1-0-1:201410290650,2014-10-29 06:50:00+00:00,2014-10-29 07:04:00+00:00,M1.2,,1,missing_region_no_exact_reference,,,,,,,,,False,False,,provisional_source_reconciliation_only
noaa-science-v1-0-1:201410290725,2014-10-29 07:25:00+00:00,2014-10-29 07:30:00+00:00,M1.2,,1,missing_region_no_exact_reference,,,,,,,,,False,False,,provisional_source_reconciliation_only
noaa-science-v1-0-1:201410291407,2014-10-29 14:07:00+00:00,2014-10-29 14:21:00+00:00,M1.1,,1,missing_region_no_exact_reference,,,,,,,,,False,False,,provisional_source_reconciliation_only
noaa-science-v1-0-1:201410291606,2014-10-29 16:06:00+00:00,2014-10-29 16:13:00+00:00,M1.2,,1,missing_region_no_exact_reference,,,,,,,,,False,False,,provisional_source_reconciliation_only
noaa-science-v1-0-1:201410292350,2014-10-29 23:50:00+00:00,2014-10-30 00:06:00+00:00,M1.0,,1,missing_region_no_exact_reference,,,,,,,,,False,False,,provisional_source_reconciliation_only
noaa-science-v1-0-1:201410301517,2014-10-30 15:17:00+00:00,2014-10-30 15:31:00+00:00,M1.3,,1,missing_region_no_exact_reference,,,,,,,,,False,False,,provisional_source_reconciliation_only
noaa-science-v1-0-1:201410310028,2014-10-31 00:28:00+00:00,2014-10-31 01:01:00+00:00,M1.1,,1,missing_region_peak_only_candidate,HER-annual:goes_events_2014.txt:1681,,12192,C8.2,12192.0,,,,False,False,HER_annual,provisional_source_reconciliation_only
noaa-science-v1-0-1:201411022037,2014-11-02 20:37:00+00:00,2014-11-02 21:05:00+00:00,M1.3,,1,missing_region_no_exact_reference,HER-annual:goes_events_2014.txt:1695,,,C9.4,,,,,False,False,HER_annual,provisional_source_reconciliation_only
noaa-science-v1-0-1:201411062200,2014-11-06 22:00:00+00:00,2014-11-06 22:16:00+00:00,M3.6,12205.0,1,existing_region_reference_conflict,HEK_base:563;HEK_sep:644;HEK_sep:645,,12197;12205,M2.5,,,HEK_base:563;HEK_sep:644,,True,True,HEK_base;HEK_sep,provisional_source_reconciliation_only
noaa-science-v1-0-1:201411070308,2014-11-07 03:08:00+00:00,2014-11-07 03:17:00+00:00,M2.9,,1,missing_region_no_exact_reference,,,,,,,,,False,False,,provisional_source_reconciliation_only
noaa-science-v1-0-1:201412130508,2014-12-13 05:08:00+00:00,2014-12-13 05:19:00+00:00,M2.6,,1,missing_region_no_exact_reference,,,,,,,,,False,False,,provisional_source_reconciliation_only
noaa-science-v1-0-1:201412140825,2014-12-14 08:25:00+00:00,2014-12-14 08:33:00+00:00,M1.2,12242.0,1,existing_region_reference_conflict,HER-annual:goes_events_2014.txt:1988,HER-annual:goes_events_2014.txt:1988,12237,C8.5,12237.0,,,,False,False,HER_annual,provisional_source_reconciliation_only
noaa-science-v1-0-1:201412141923,2014-12-14 19:23:00+00:00,2014-12-14 19:33:00+00:00,M2.2,12242.0,1,existing_region_reference_conflict,HEK_base:578;HEK_sep:660;HEK_sep:661;HER-annual:goes_events_2014.txt:1993,,12237;12242,M1.6,,,HEK_base:578;HEK_sep:660,,True,True,HEK_base;HEK_sep;HER_annual,provisional_source_reconciliation_only
noaa-science-v1-0-1:201412190927,2014-12-19 09:27:00+00:00,2014-12-19 09:44:00+00:00,M1.9,12242.0,1,existing_region_reference_conflict,HEK_base:584;HEK_sep:668;HEK_sep:669;HER-annual:goes_events_2014.txt:2044,,12237;12242,M1.3,,,HEK_base:584;HEK_sep:669,,True,True,HEK_base;HEK_sep;HER_annual,provisional_source_reconciliation_only
noaa-science-v1-0-1:201412211123,2014-12-21 11:23:00+00:00,2014-12-21 11:48:00+00:00,M1.3,,1,missing_region_no_exact_reference,,,,,,,,,False,False,,provisional_source_reconciliation_only
noaa-science-v1-0-1:201501061136,2015-01-06 11:36:00+00:00,2015-01-06 11:47:00+00:00,M1.3,,1,missing_region_no_exact_reference,,,,,,,,,False,False,,provisional_source_reconciliation_only
noaa-science-v1-0-1:201501300552,2015-01-30 05:52:00+00:00,2015-01-30 06:03:00+00:00,M2.3,,1,missing_region_no_exact_reference,,,,,,,,,False,False,,provisional_source_reconciliation_only
noaa-science-v1-0-1:201502092256,2015-02-09 22:56:00+00:00,2015-02-09 23:35:00+00:00,M3.4,12282.0,1,existing_region_reference_conflict,HEK_base:604;HEK_base:605;HEK_sep:689;HEK_sep:690,,12280;12282,M2.4,,,HEK_base:605;HEK_sep:690,,True,True,HEK_base;HEK_sep,provisional_source_reconciliation_only
noaa-science-v1-0-1:201503030217,2015-03-03 02:17:00+00:00,2015-03-03 02:27:00+00:00,M1.1,,1,missing_region_no_exact_reference,,,,,,,,,False,False,,provisional_source_reconciliation_only
noaa-science-v1-0-1:201503051739,2015-03-05 17:39:00+00:00,2015-03-05 18:11:00+00:00,M1.7,,1,missing_region_peak_only_candidate,HEK_base:612;HEK_sep:697;HER-annual:goes_events_2015.txt:296,,12297,M1.2,12297.0,,,,False,False,HEK_base;HEK_sep;HER_annual,provisional_source_reconciliation_only
noaa-science-v1-0-1:201503060411,2015-03-06 04:11:00+00:00,2015-03-06 04:50:00+00:00,M4.4,,1,missing_region_no_exact_reference,,,,,,,,,False,False,,provisional_source_reconciliation_only
noaa-science-v1-0-1:201503110725,2015-03-11 07:25:00+00:00,2015-03-11 07:31:00+00:00,M2.0,,1,missing_region_no_exact_reference,,,,,,,,,False,False,,provisional_source_reconciliation_only
noaa-science-v1-0-1:201503130544,2015-03-13 05:44:00+00:00,2015-03-13 05:53:00+00:00,M1.0,,1,missing_region_no_exact_reference,,,,,,,,,False,False,,provisional_source_reconciliation_only
noaa-science-v1-0-1:201503150119,2015-03-15 01:19:00+00:00,2015-03-15 02:01:00+00:00,M1.2,,1,missing_region_no_exact_reference,,,,,,,,,False,False,,provisional_source_reconciliation_only
noaa-science-v1-0-1:201503150936,2015-03-15 09:36:00+00:00,2015-03-15 09:40:00+00:00,M1.7,,1,missing_region_exact_start_peak_candidate,HEK_base:632;HEK_sep:718;HER-annual:goes_events_2015.txt:362,HEK_base:632;HEK_sep:718;HER-annual:goes_events_2015.txt:362,12297,M1.0,12297.0,12297.0,,,False,False,HEK_base;HEK_sep;HER_annual,provisional_source_reconciliation_only
noaa-science-v1-0-1:201503152249,2015-03-15 22:49:00+00:00,2015-03-15 22:56:00+00:00,M1.1,,1,missing_region_no_exact_reference,,,,,,,,,False,False,,provisional_source_reconciliation_only
noaa-science-v1-0-1:201503152304,2015-03-15 23:04:00+00:00,2015-03-15 23:22:00+00:00,M1.8,,1,missing_region_peak_only_candidate,HEK_base:633;HEK_sep:719;HER-annual:goes_events_2015.txt:368,,12297,M1.2,12297.0,,,,False,False,HEK_base;HEK_sep;HER_annual,provisional_source_reconciliation_only
noaa-science-v1-0-1:201504211015,2015-04-21 10:15:00+00:00,2015-04-21 10:40:00+00:00,M3.1,,1,missing_region_no_exact_reference,HER-annual:goes_events_2015.txt:534,,,M2.2,,,,,False,False,HER_annual,provisional_source_reconciliation_only
noaa-science-v1-0-1:201504212158,2015-04-21 21:58:00+00:00,2015-04-21 22:01:00+00:00,M2.0,,1,missing_region_conflicting_references,HEK_base:643;HEK_sep:730;HEK_sep:731;HER-annual:goes_events_2015.txt:540,HEK_base:643;HEK_sep:730;HEK_sep:731;HER-annual:goes_events_2015.txt:540,12322;12325,M1.2,,,,,False,False,HEK_base;HEK_sep;HER_annual,provisional_source_reconciliation_only
noaa-science-v1-0-1:201504230912,2015-04-23 09:12:00+00:00,2015-04-23 10:07:00+00:00,M1.6,12322.0,1,existing_region_reference_conflict,HEK_base:645;HEK_sep:733;HEK_sep:734;HER-annual:goes_events_2015.txt:557,,12321;12322,M1.1,,,HEK_base:645;HEK_sep:734,,True,True,HEK_base;HEK_sep;HER_annual,provisional_source_reconciliation_only
noaa-science-v1-0-1:201505061145,2015-05-06 11:45:00+00:00,2015-05-06 11:49:00+00:00,M2.8,12339.0,1,existing_region_reference_conflict,HEK_base:651;HEK_sep:740;HEK_sep:741;HER-annual:goes_events_2015.txt:638,HEK_base:651;HEK_sep:740;HEK_sep:741;HER-annual:goes_events_2015.txt:638,12335;12339,M1.9,,,HEK_base:651;HEK_sep:740,,True,True,HEK_base;HEK_sep;HER_annual,provisional_source_reconciliation_only
noaa-science-v1-0-1:201505090106,2015-05-09 01:06:00+00:00,2015-05-09 01:34:00+00:00,M1.0,,1,missing_region_no_exact_reference,HER-annual:goes_events_2015.txt:660,,,C7.4,,,,,False,False,HER_annual,provisional_source_reconciliation_only
noaa-science-v1-0-1:201506221736,2015-06-22 17:36:00+00:00,2015-06-22 18:03:00+00:00,M8.0,,1,missing_region_no_exact_reference,,,,,,,,,False,False,,provisional_source_reconciliation_only
noaa-science-v1-0-1:201508212012,2015-08-21 20:12:00+00:00,2015-08-21 20:18:00+00:00,M1.0,,1,missing_region_no_exact_reference,,,,,,,,,False,False,,provisional_source_reconciliation_only
noaa-science-v1-0-1:201508221316,2015-08-22 13:16:00+00:00,2015-08-22 13:23:00+00:00,M3.2,,1,missing_region_peak_only_candidate,HEK_base:672;HEK_sep:764;HER-annual:goes_events_2015.txt:1177,,12403,M2.2,12403.0,,,,False,False,HEK_base;HEK_sep;HER_annual,provisional_source_reconciliation_only
noaa-science-v1-0-1:201508300224,2015-08-30 02:24:00+00:00,2015-08-30 03:15:00+00:00,M1.8,,1,missing_region_no_exact_reference,,,,,,,,,False,False,,provisional_source_reconciliation_only
noaa-science-v1-0-1:201509170926,2015-09-17 09:26:00+00:00,2015-09-17 09:40:00+00:00,M1.8,,1,missing_region_peak_only_candidate,HEK_base:680;HEK_sep:772;HER-annual:goes_events_2015.txt:1327,,12415,M1.1,12415.0,,,,False,False,HEK_base;HEK_sep;HER_annual,provisional_source_reconciliation_only
noaa-science-v1-0-1:201509271027,2015-09-27 10:27:00+00:00,2015-09-27 10:40:00+00:00,M2.7,12422.0,1,existing_region_reference_conflict,HEK_base:683;HEK_sep:775;HEK_sep:776;HER-annual:goes_events_2015.txt:1398,,12422;12423,M1.9,,,HEK_base:683;HEK_sep:776,,True,True,HEK_base;HEK_sep;HER_annual,provisional_source_reconciliation_only
noaa-science-v1-0-1:201509272310,2015-09-27 23:10:00+00:00,2015-09-27 23:21:00+00:00,M1.1,12422.0,1,existing_region_reference_conflict,HER-annual:goes_events_2015.txt:1410,,12423,C7.9,12423.0,,,,False,False,HER_annual,provisional_source_reconciliation_only
noaa-science-v1-0-1:201509281151,2015-09-28 11:51:00+00:00,2015-09-28 11:56:00+00:00,M1.1,,1,missing_region_no_exact_reference,,,,,,,,,False,False,,provisional_source_reconciliation_only
noaa-science-v1-0-1:201509281257,2015-09-28 12:57:00+00:00,2015-09-28 13:09:00+00:00,M1.1,,1,missing_region_no_exact_reference,,,,,,,,,False,False,,provisional_source_reconciliation_only
noaa-science-v1-0-1:201509281331,2015-09-28 13:31:00+00:00,2015-09-28 13:40:00+00:00,M1.7,,1,missing_region_no_exact_reference,,,,,,,,,False,False,,provisional_source_reconciliation_only
noaa-science-v1-0-1:201509290334,2015-09-29 03:34:00+00:00,2015-09-29 03:43:00+00:00,M1.6,12422.0,1,existing_region_reference_conflict,HEK_base:690;HEK_sep:783;HEK_sep:784;HER-annual:goes_events_2015.txt:1431,,12422;12423,M1.1,,,HEK_base:690;HEK_sep:783,,True,True,HEK_base;HEK_sep;HER_annual,provisional_source_reconciliation_only
noaa-science-v1-0-1:201509290753,2015-09-29 07:53:00+00:00,2015-09-29 08:01:00+00:00,M1.5,,1,missing_region_no_exact_reference,,,,,,,,,False,False,,provisional_source_reconciliation_only
noaa-science-v1-0-1:201509290846,2015-09-29 08:46:00+00:00,2015-09-29 08:51:00+00:00,M2.1,12423.0,1,existing_region_reference_conflict,HEK_base:695;HEK_sep:789;HEK_sep:790;HER-annual:goes_events_2015.txt:1440,HEK_base:695;HEK_sep:789;HEK_sep:790;HER-annual:goes_events_2015.txt:1440,12422;12423,M1.3,,,HEK_base:695;HEK_sep:790,,True,True,HEK_base;HEK_sep;HER_annual,provisional_source_reconciliation_only
noaa-science-v1-0-1:201510171830,2015-10-17 18:30:00+00:00,2015-10-17 18:51:00+00:00,M1.2,12437.0,1,existing_region_reference_conflict,HER-annual:goes_events_2015.txt:1565,,12435,C8.6,12435.0,,,,False,False,HER_annual,provisional_source_reconciliation_only
noaa-science-v1-0-1:201510172004,2015-10-17 20:04:00+00:00,2015-10-17 20:23:00+00:00,M1.6,12437.0,1,existing_region_reference_conflict,HEK_base:707;HEK_sep:803;HEK_sep:804;HER-annual:goes_events_2015.txt:1566,,12435;12437,M1.1,,,HEK_base:707;HEK_sep:804,,True,True,HEK_base;HEK_sep;HER_annual,provisional_source_reconciliation_only
noaa-science-v1-0-1:201510172035,2015-10-17 20:35:00+00:00,2015-10-17 20:42:00+00:00,M2.1,12437.0,1,existing_region_reference_conflict,HEK_base:708;HEK_sep:805;HEK_sep:806;HER-annual:goes_events_2015.txt:1567;HER-annual:goes_events_2015.txt:1568,HEK_base:708;HEK_sep:805;HEK_sep:806;HER-annual:goes_events_2015.txt:1567,12434;12437,M1.5,,,HEK_base:708;HEK_sep:805,,True,True,HEK_base;HEK_sep;HER_annual,provisional_source_reconciliation_only
noaa-science-v1-0-1:201607210042,2016-07-21 00:42:00+00:00,2016-07-21 00:46:00+00:00,M1.7,12567.0,1,existing_region_reference_conflict,HEK_base:726;HEK_sep:826;HEK_sep:827;HER-annual:goes_events_2016.txt:868,HEK_base:726;HEK_sep:826;HEK_sep:827;HER-annual:goes_events_2016.txt:868,12565;12567,M1.2,,,HEK_base:726;HEK_sep:827,,True,True,HEK_base;HEK_sep;HER_annual,provisional_source_reconciliation_only
noaa-science-v1-0-1:201607211112,2016-07-21 11:12:00+00:00,2016-07-21 11:19:00+00:00,M1.0,12567.0,1,existing_region_reference_conflict,HER-annual:goes_events_2016.txt:873,,12565,C7.2,12565.0,,,,False,False,HER_annual,provisional_source_reconciliation_only
noaa-science-v1-0-1:201607211246,2016-07-21 12:46:00+00:00,2016-07-21 12:55:00+00:00,M1.3,12567.0,1,existing_region_reference_conflict,HER-annual:goes_events_2016.txt:874,,12565,C9.1,12565.0,,,,False,False,HER_annual,provisional_source_reconciliation_only
noaa-science-v1-0-1:201607230142,2016-07-23 01:42:00+00:00,2016-07-23 02:11:00+00:00,M7.1,12567.0,1,existing_region_reference_conflict,HEK_base:728;HEK_sep:829;HEK_sep:830;HER-annual:goes_events_2016.txt:895,,12565;12567,M5.0,,,HEK_base:728;HEK_sep:829,,True,True,HEK_base;HEK_sep;HER_annual,provisional_source_reconciliation_only
noaa-science-v1-0-1:201607230458,2016-07-23 04:58:00+00:00,2016-07-23 05:16:00+00:00,X1.0,12567.0,1,existing_region_reference_conflict,HEK_base:729;HEK_sep:831;HEK_sep:832;HER-annual:goes_events_2016.txt:897,,12565;12567,M7.6,,,HEK_base:729;HEK_sep:831,,True,True,HEK_base;HEK_sep;HER_annual,provisional_source_reconciliation_only
noaa-science-v1-0-1:201607230527,2016-07-23 05:27:00+00:00,2016-07-23 05:31:00+00:00,M7.9,12567.0,1,existing_region_reference_conflict,HEK_base:730;HEK_sep:833;HEK_sep:834;HER-annual:goes_events_2016.txt:898,HEK_base:730;HEK_sep:833;HEK_sep:834;HER-annual:goes_events_2016.txt:898,12565;12567,M5.5,,,HEK_base:730;HEK_sep:833,,True,True,HEK_base;HEK_sep;HER_annual,provisional_source_reconciliation_only
noaa-science-v1-0-1:201608071433,2016-08-07 14:33:00+00:00,2016-08-07 14:44:00+00:00,M1.9,,1,missing_region_no_exact_reference,HER-annual:goes_events_2016.txt:962,,,M1.3,,,,,False,False,HER_annual,provisional_source_reconciliation_only
noaa-science-v1-0-1:201608090033,2016-08-09 00:33:00+00:00,2016-08-09 00:42:00+00:00,M1.2,12574.0,1,existing_region_reference_conflict,HER-annual:goes_events_2016.txt:976,,12573,C8.9,12573.0,,,,False,False,HER_annual,provisional_source_reconciliation_only
noaa-science-v1-0-1:201704012131,2017-04-01 21:31:00+00:00,2017-04-01 21:48:00+00:00,M6.8,,1,missing_region_peak_only_candidate,HEK_base:735;HEK_sep:839;HER-annual:goes_events_2017.txt:274,,12644,M4.4,12644.0,,,,False,False,HEK_base;HEK_sep;HER_annual,provisional_source_reconciliation_only
noaa-science-v1-0-1:201704020233,2017-04-02 02:33:00+00:00,2017-04-02 02:46:00+00:00,M1.2,,1,missing_region_peak_only_candidate,HER-annual:goes_events_2017.txt:279,,12645,C8.0,12645.0,,,,False,False,HER_annual,provisional_source_reconciliation_only
noaa-science-v1-0-1:201704020742,2017-04-02 07:42:00+00:00,2017-04-02 08:02:00+00:00,M8.3,,1,missing_region_peak_only_candidate,HEK_base:736;HEK_sep:840;HEK_sep:841;HER-annual:goes_events_2017.txt:281,,12644,M5.3;M5.4,12644.0,,,,False,False,HEK_base;HEK_sep;HER_annual,provisional_source_reconciliation_only
noaa-science-v1-0-1:201704021250,2017-04-02 12:50:00+00:00,2017-04-02 13:00:00+00:00,M3.6,,1,missing_region_peak_only_candidate,HEK_base:737;HEK_sep:842;HER-annual:goes_events_2017.txt:282,,12644,M2.3,12644.0,,,,False,False,HEK_base;HEK_sep;HER_annual,provisional_source_reconciliation_only
noaa-science-v1-0-1:201704021814,2017-04-02 18:14:00+00:00,2017-04-02 18:38:00+00:00,M3.3,,1,missing_region_peak_only_candidate,HEK_base:738;HEK_sep:843;HER-annual:goes_events_2017.txt:284,,12644,M2.1,12644.0,,,,False,False,HEK_base;HEK_sep;HER_annual,provisional_source_reconciliation_only
noaa-science-v1-0-1:201704021845,2017-04-02 18:45:00+00:00,2017-04-02 18:52:00+00:00,M3.2,,1,missing_region_no_exact_reference,,,,,,,,,False,False,,provisional_source_reconciliation_only
noaa-science-v1-0-1:201704022026,2017-04-02 20:26:00+00:00,2017-04-02 20:33:00+00:00,M8.8,,1,missing_region_exact_start_peak_candidate,HEK_base:739;HEK_sep:844;HEK_sep:845;HER-annual:goes_events_2017.txt:285;HER-annual:goes_events_2017.txt:286,HEK_base:739;HEK_sep:844;HER-annual:goes_events_2017.txt:285,12644,M5.7,12644.0,12644.0,,,False,False,HEK_base;HEK_sep;HER_annual,provisional_source_reconciliation_only
noaa-science-v1-0-1:201704030050,2017-04-03 00:50:00+00:00,2017-04-03 01:05:00+00:00,M1.9,,1,missing_region_peak_only_candidate,HEK_base:740;HEK_sep:846,,12644,M1.2,12644.0,,,,False,False,HEK_base;HEK_sep,provisional_source_reconciliation_only
noaa-science-v1-0-1:201704031317,2017-04-03 13:17:00+00:00,2017-04-03 13:24:00+00:00,M1.1,,1,missing_region_peak_only_candidate,HER-annual:goes_events_2017.txt:291,,12644,C7.3,12644.0,,,,False,False,HER_annual,provisional_source_reconciliation_only
noaa-science-v1-0-1:201704031417,2017-04-03 14:17:00+00:00,2017-04-03 14:28:00+00:00,M9.0,,1,missing_region_no_exact_reference,,,,,,,,,False,False,,provisional_source_reconciliation_only
noaa-science-v1-0-1:201706010137,2017-06-01 01:37:00+00:00,2017-06-01 01:43:00+00:00,M1.0,,1,missing_region_peak_only_candidate,HER-annual:goes_events_2017.txt:478,,12661,C6.6,12661.0,,,,False,False,HER_annual,provisional_source_reconciliation_only
noaa-science-v1-0-1:201706021751,2017-06-02 17:51:00+00:00,2017-06-02 17:57:00+00:00,M1.2,,1,missing_region_peak_only_candidate,HER-annual:goes_events_2017.txt:497,,12661,C8.0,12661.0,,,,False,False,HER_annual,provisional_source_reconciliation_only
noaa-science-v1-0-1:201707031605,2017-07-03 16:05:00+00:00,2017-07-03 16:15:00+00:00,M2.0,,1,missing_region_no_exact_reference,HER-annual:goes_events_2017.txt:573,,,M1.3,,,,,False,False,HER_annual,provisional_source_reconciliation_only
noaa-science-v1-0-1:201707090309,2017-07-09 03:09:00+00:00,2017-07-09 03:18:00+00:00,M2.1,,1,missing_region_exact_start_peak_candidate,HEK_base:742;HEK_sep:848;HER-annual:goes_events_2017.txt:613,HEK_base:742;HEK_sep:848;HER-annual:goes_events_2017.txt:613,12665,M1.3,12665.0,12665.0,,,False,False,HEK_base;HEK_sep;HER_annual,provisional_source_reconciliation_only
noaa-science-v1-0-1:201707132001,2017-07-13 20:01:00+00:00,2017-07-13 20:05:00+00:00,M1.2,,1,missing_region_no_exact_reference,HER-annual:goes_events_2017.txt:647,,,C8.4,,,,,False,False,HER_annual,provisional_source_reconciliation_only
noaa-science-v1-0-1:201707140105,2017-07-14 01:05:00+00:00,2017-07-14 02:09:00+00:00,M3.7,,1,missing_region_peak_only_candidate,HEK_base:743;HEK_sep:849;HER-annual:goes_events_2017.txt:653,,12665,M2.4,12665.0,,,,False,False,HEK_base;HEK_sep;HER_annual,provisional_source_reconciliation_only
noaa-science-v1-0-1:201708192124,2017-08-19 21:24:00+00:00,2017-08-19 21:55:00+00:00,M1.1,,1,missing_region_peak_only_candidate,HER-annual:goes_events_2017.txt:795,,12671,C7.0,12671.0,,,,False,False,HER_annual,provisional_source_reconciliation_only
noaa-science-v1-0-1:201708200134,2017-08-20 01:34:00+00:00,2017-08-20 01:52:00+00:00,M1.8,,1,missing_region_peak_only_candidate,HEK_base:744;HEK_sep:850;HER-annual:goes_events_2017.txt:796,,12672,M1.1,12672.0,,,,False,False,HEK_base;HEK_sep;HER_annual,provisional_source_reconciliation_only
noaa-science-v1-0-1:201708201914,2017-08-20 19:14:00+00:00,2017-08-20 19:39:00+00:00,M1.5,,1,missing_region_no_exact_reference,HER-annual:goes_events_2017.txt:802,,,C9.4,,,,,False,False,HER_annual,provisional_source_reconciliation_only
noaa-science-v1-0-1:201709021520,2017-09-02 15:20:00+00:00,2017-09-02 15:41:00+00:00,M1.1,,1,missing_region_peak_only_candidate,HER-annual:goes_events_2017.txt:916,,12672,C7.7,12672.0,,,,False,False,HER_annual,provisional_source_reconciliation_only
noaa-science-v1-0-1:201709041212,2017-09-04 12:12:00+00:00,2017-09-04 12:16:00+00:00,M1.2,,1,missing_region_no_exact_reference,,,,,,,,,False,False,,provisional_source_reconciliation_only
noaa-science-v1-0-1:201709041220,2017-09-04 12:20:00+00:00,2017-09-04 12:25:00+00:00,M1.2,,1,missing_region_peak_only_candidate,HER-annual:goes_events_2017.txt:928;HER-annual:goes_events_2017.txt:929,,12673,C8.3;C8.4,12673.0,,,,False,False,HER_annual,provisional_source_reconciliation_only
noaa-science-v1-0-1:201709041524,2017-09-04 15:24:00+00:00,2017-09-04 15:30:00+00:00,M2.3,,1,missing_region_peak_only_candidate,HEK_base:746;HEK_sep:852;HER-annual:goes_events_2017.txt:930,,12673,M1.5,12673.0,,,,False,False,HEK_base;HEK_sep;HER_annual,provisional_source_reconciliation_only
noaa-science-v1-0-1:201709041812,2017-09-04 18:12:00+00:00,2017-09-04 18:22:00+00:00,M1.5,,1,missing_region_peak_only_candidate,HEK_base:747;HEK_sep:853;HER-annual:goes_events_2017.txt:931,,12673,M1.0,12673.0,,,,False,False,HEK_base;HEK_sep;HER_annual,provisional_source_reconciliation_only
noaa-science-v1-0-1:201709041925,2017-09-04 19:25:00+00:00,2017-09-04 19:37:00+00:00,M2.6,,1,missing_region_peak_only_candidate,HEK_base:748;HEK_sep:854;HER-annual:goes_events_2017.txt:932,,12673,M1.7,12673.0,,,,False,False,HEK_base;HEK_sep;HER_annual,provisional_source_reconciliation_only
noaa-science-v1-0-1:201709041958,2017-09-04 19:58:00+00:00,2017-09-04 20:02:00+00:00,M2.3,,1,missing_region_peak_only_candidate,HEK_base:749;HEK_sep:855;HER-annual:goes_events_2017.txt:933,,12673,M1.5,12673.0,,,,False,False,HEK_base;HEK_sep;HER_annual,provisional_source_reconciliation_only
noaa-science-v1-0-1:201709042022,2017-09-04 20:22:00+00:00,2017-09-04 20:33:00+00:00,M8.4,,1,missing_region_peak_only_candidate,HEK_base:750;HEK_sep:856;HER-annual:goes_events_2017.txt:934,,12673,M5.5,12673.0,,,,False,False,HEK_base;HEK_sep;HER_annual,provisional_source_reconciliation_only
noaa-science-v1-0-1:201709042209,2017-09-04 22:09:00+00:00,2017-09-04 22:14:00+00:00,M3.3,,1,missing_region_peak_only_candidate,HEK_base:751;HEK_sep:857;HER-annual:goes_events_2017.txt:935,,12673,M2.1,12673.0,,,,False,False,HEK_base;HEK_sep;HER_annual,provisional_source_reconciliation_only
noaa-science-v1-0-1:201709050030,2017-09-05 00:30:00+00:00,2017-09-05 00:35:00+00:00,M1.5,,1,missing_region_exact_start_peak_candidate,HER-annual:goes_events_2017.txt:936,HER-annual:goes_events_2017.txt:936,12673,C9.8,12673.0,12673.0,,,False,False,HER_annual,provisional_source_reconciliation_only
noaa-science-v1-0-1:201709050102,2017-09-05 01:02:00+00:00,2017-09-05 01:08:00+00:00,M6.4,,1,missing_region_peak_only_candidate,HEK_base:752;HEK_sep:858;HER-annual:goes_events_2017.txt:937,,12673,M4.2,12673.0,,,,False,False,HEK_base;HEK_sep;HER_annual,provisional_source_reconciliation_only
noaa-science-v1-0-1:201709050339,2017-09-05 03:39:00+00:00,2017-09-05 03:51:00+00:00,M1.5,,1,missing_region_peak_only_candidate,HEK_base:753;HEK_sep:859;HER-annual:goes_events_2017.txt:938,,12673,M1.0,12673.0,,,,False,False,HEK_base;HEK_sep;HER_annual,provisional_source_reconciliation_only
noaa-science-v1-0-1:201709050427,2017-09-05 04:27:00+00:00,2017-09-05 04:53:00+00:00,M5.0,,1,missing_region_peak_only_candidate,HEK_base:754;HEK_sep:860;HER-annual:goes_events_2017.txt:939,,12673,M3.2,12673.0,,,,False,False,HEK_base;HEK_sep;HER_annual,provisional_source_reconciliation_only
noaa-science-v1-0-1:201709050633,2017-09-05 06:33:00+00:00,2017-09-05 06:40:00+00:00,M5.8,,1,missing_region_exact_start_peak_candidate,HEK_base:755;HEK_sep:861;HER-annual:goes_events_2017.txt:940,HEK_base:755;HEK_sep:861,12673,M3.8,12673.0,12673.0,,,False,False,HEK_base;HEK_sep;HER_annual,provisional_source_reconciliation_only
noaa-science-v1-0-1:201709051323,2017-09-05 13:23:00+00:00,2017-09-05 13:34:00+00:00,M1.0,,1,missing_region_peak_only_candidate,HER-annual:goes_events_2017.txt:943,,12673,C6.9,12673.0,,,,False,False,HER_annual,provisional_source_reconciliation_only
noaa-science-v1-0-1:201709051737,2017-09-05 17:37:00+00:00,2017-09-05 17:43:00+00:00,M3.5,,1,missing_region_exact_start_peak_candidate,HEK_base:756;HEK_sep:862;HER-annual:goes_events_2017.txt:946,HEK_base:756;HEK_sep:862;HER-annual:goes_events_2017.txt:946,12673,M2.3,12673.0,12673.0,,,False,False,HEK_base;HEK_sep;HER_annual,provisional_source_reconciliation_only
noaa-science-v1-0-1:201709060852,2017-09-06 08:52:00+00:00,2017-09-06 09:10:00+00:00,X3.2,,1,missing_region_peak_only_candidate,HEK_base:757;HEK_sep:864;HER-annual:goes_events_2017.txt:951,,12673,X2.2,12673.0,,,,False,False,HEK_base;HEK_sep;HER_annual,provisional_source_reconciliation_only
noaa-science-v1-0-1:201709061152,2017-09-06 11:52:00+00:00,2017-09-06 12:02:00+00:00,X14.6,,1,missing_region_peak_only_candidate,HEK_base:758;HEK_sep:865;HER-annual:goes_events_2017.txt:952,,12673,X9.3,12673.0,,,,False,False,HEK_base;HEK_sep;HER_annual,provisional_source_reconciliation_only
noaa-science-v1-0-1:201709061551,2017-09-06 15:51:00+00:00,2017-09-06 15:56:00+00:00,M4.0,,1,missing_region_exact_start_peak_candidate,HEK_base:759;HEK_sep:866;HER-annual:goes_events_2017.txt:953,HEK_base:759;HEK_sep:866;HER-annual:goes_events_2017.txt:953,12673,M2.5,12673.0,12673.0,,,False,False,HEK_base;HEK_sep;HER_annual,provisional_source_reconciliation_only
noaa-science-v1-0-1:201709061917,2017-09-06 19:17:00+00:00,2017-09-06 19:30:00+00:00,M2.2,,1,missing_region_peak_only_candidate,HEK_base:760;HEK_sep:867;HER-annual:goes_events_2017.txt:954,,12673,M1.4,12673.0,,,,False,False,HEK_base;HEK_sep;HER_annual,provisional_source_reconciliation_only
noaa-science-v1-0-1:201709062329,2017-09-06 23:29:00+00:00,2017-09-06 23:39:00+00:00,M1.9,,1,missing_region_peak_only_candidate,HEK_sep:868;HER-annual:goes_events_2017.txt:955,,12673,M1.2,12673.0,,,,False,False,HEK_sep;HER_annual,provisional_source_reconciliation_only
noaa-science-v1-0-1:201709070459,2017-09-07 04:59:00+00:00,2017-09-07 05:02:00+00:00,M3.9,,1,missing_region_exact_start_peak_candidate,HEK_base:761;HEK_sep:869;HER-annual:goes_events_2017.txt:956,HEK_base:761;HEK_sep:869;HER-annual:goes_events_2017.txt:956,12673,M2.4,12673.0,12673.0,,,False,False,HEK_base;HEK_sep;HER_annual,provisional_source_reconciliation_only
noaa-science-v1-0-1:201709070948,2017-09-07 09:48:00+00:00,2017-09-07 09:54:00+00:00,M2.3,,1,missing_region_peak_only_candidate,HEK_base:762;HEK_sep:870;HER-annual:goes_events_2017.txt:959,,12673,M1.4,12673.0,,,,False,False,HEK_base;HEK_sep;HER_annual,provisional_source_reconciliation_only
noaa-science-v1-0-1:201709071014,2017-09-07 10:14:00+00:00,2017-09-07 10:15:00+00:00,X1.2,,1,missing_region_peak_only_candidate,HEK_base:763;HEK_sep:871;HER-annual:goes_events_2017.txt:960,,12673,M7.3,12673.0,,,,False,False,HEK_base;HEK_sep;HER_annual,provisional_source_reconciliation_only
noaa-science-v1-0-1:201709071415,2017-09-07 14:15:00+00:00,2017-09-07 14:36:00+00:00,X2.1,,1,missing_region_peak_only_candidate,HEK_base:764;HEK_sep:872;HER-annual:goes_events_2017.txt:962,,12673,X1.3,12673.0,,,,False,False,HEK_base;HEK_sep;HER_annual,provisional_source_reconciliation_only
noaa-science-v1-0-1:201709072350,2017-09-07 23:50:00+00:00,2017-09-07 23:59:00+00:00,M6.0,,1,missing_region_exact_start_peak_candidate,HEK_base:765;HEK_sep:873,HEK_base:765;HEK_sep:873,12673,M3.9,12673.0,12673.0,,,False,False,HEK_base;HEK_sep,provisional_source_reconciliation_only
noaa-science-v1-0-1:201709080031,2017-09-08 00:31:00+00:00,2017-09-08 00:36:00+00:00,M1.0,,1,missing_region_no_exact_reference,,,,,,,,,False,False,,provisional_source_reconciliation_only
noaa-science-v1-0-1:201709080218,2017-09-08 02:18:00+00:00,2017-09-08 02:24:00+00:00,M2.0,,1,missing_region_peak_only_candidate,HEK_base:766;HEK_sep:874;HER-annual:goes_events_2017.txt:970,,12673,M1.3,12673.0,,,,False,False,HEK_base;HEK_sep;HER_annual,provisional_source_reconciliation_only
noaa-science-v1-0-1:201709080339,2017-09-08 03:39:00+00:00,2017-09-08 03:43:00+00:00,M1.8,,1,missing_region_exact_start_peak_candidate,HEK_base:767;HEK_sep:875;HER-annual:goes_events_2017.txt:972,HEK_base:767;HEK_sep:875;HER-annual:goes_events_2017.txt:972,12673,M1.2,12673.0,12673.0,,,False,False,HEK_base;HEK_sep;HER_annual,provisional_source_reconciliation_only
noaa-science-v1-0-1:201709080521,2017-09-08 05:21:00+00:00,2017-09-08 05:39:00+00:00,M1.0,,1,missing_region_no_exact_reference,,,,,,,,,False,False,,provisional_source_reconciliation_only
noaa-science-v1-0-1:201709080739,2017-09-08 07:39:00+00:00,2017-09-08 07:49:00+00:00,X1.2,,1,missing_region_peak_only_candidate,HEK_base:768;HEK_sep:876;HER-annual:goes_events_2017.txt:977,,12673,M8.1,12673.0,,,,False,False,HEK_base;HEK_sep;HER_annual,provisional_source_reconciliation_only
noaa-science-v1-0-1:201709081503,2017-09-08 15:03:00+00:00,2017-09-08 15:47:00+00:00,M4.6,,1,missing_region_peak_only_candidate,HEK_base:769;HEK_sep:877;HER-annual:goes_events_2017.txt:983,,12673,M2.9,12673.0,,,,False,False,HEK_base;HEK_sep;HER_annual,provisional_source_reconciliation_only
noaa-science-v1-0-1:201709082330,2017-09-08 23:30:00+00:00,2017-09-08 23:45:00+00:00,M3.3,,1,missing_region_peak_only_candidate,HEK_base:770;HEK_sep:878;HER-annual:goes_events_2017.txt:988,,12673,M2.1,12673.0,,,,False,False,HEK_base;HEK_sep;HER_annual,provisional_source_reconciliation_only
noaa-science-v1-0-1:201709090413,2017-09-09 04:13:00+00:00,2017-09-09 04:28:00+00:00,M1.7,,1,missing_region_peak_only_candidate,HEK_base:771;HEK_sep:879;HER-annual:goes_events_2017.txt:991,,12673,M1.1,12673.0,,,,False,False,HEK_base;HEK_sep;HER_annual,provisional_source_reconciliation_only
noaa-science-v1-0-1:201709091046,2017-09-09 10:46:00+00:00,2017-09-09 11:04:00+00:00,M5.8,,1,missing_region_conflicting_references,HEK_base:772;HEK_sep:880;HEK_sep:881;HER-annual:goes_events_2017.txt:995,,12673;12676,M3.7,,,,,False,False,HEK_base;HEK_sep;HER_annual,provisional_source_reconciliation_only
noaa-science-v1-0-1:201709091119,2017-09-09 11:19:00+00:00,2017-09-09 11:26:00+00:00,M4.6,,1,missing_region_no_exact_reference,,,,,,,,,False,False,,provisional_source_reconciliation_only
noaa-science-v1-0-1:201709092236,2017-09-09 22:36:00+00:00,2017-09-09 23:17:00+00:00,M1.5,,1,missing_region_no_exact_reference,,,,,,,,,False,False,,provisional_source_reconciliation_only
noaa-science-v1-0-1:201709092337,2017-09-09 23:37:00+00:00,2017-09-09 23:41:00+00:00,M1.5,,1,missing_region_no_exact_reference,,,,,,,,,False,False,,provisional_source_reconciliation_only
noaa-science-v1-0-1:201709092343,2017-09-09 23:43:00+00:00,2017-09-09 23:54:00+00:00,M1.8,,1,missing_region_no_exact_reference,,,,,,,,,False,False,,provisional_source_reconciliation_only
noaa-science-v1-0-1:201709100235,2017-09-10 02:35:00+00:00,2017-09-10 03:09:00+00:00,M1.4,,1,missing_region_peak_only_candidate,HER-annual:goes_events_2017.txt:1001,,12673,C9.0,12673.0,,,,False,False,HER_annual,provisional_source_reconciliation_only
noaa-science-v1-0-1:201709101534,2017-09-10 15:34:00+00:00,2017-09-10 16:06:00+00:00,X12.9,,1,missing_region_peak_only_candidate,HEK_base:774;HEK_sep:884;HER-annual:goes_events_2017.txt:1007,,12673,X8.2,12673.0,,,,False,False,HEK_base;HEK_sep;HER_annual,provisional_source_reconciliation_only
noaa-science-v1-0-1:201710202310,2017-10-20 23:10:00+00:00,2017-10-20 23:28:00+00:00,M1.6,,1,missing_region_exact_start_peak_candidate,HEK_base:775;HEK_sep:885;HER-annual:goes_events_2017.txt:1089,HEK_base:775;HEK_sep:885;HER-annual:goes_events_2017.txt:1089,12685,M1.1,12685.0,12685.0,,,False,False,HEK_base;HEK_sep;HER_annual,provisional_source_reconciliation_only
noaa-science-v1-0-1:201802071330,2018-02-07 13:30:00+00:00,2018-02-07 13:47:00+00:00,M1.2,,1,missing_region_peak_only_candidate,HER-annual:goes_events_2018.txt:65,,12699,C8.1,12699.0,,,,False,False,HER_annual,provisional_source_reconciliation_only
noaa-science-v1-0-1:201905060504,2019-05-06 05:04:00+00:00,2019-05-06 05:09:00+00:00,M1.5,,1,missing_region_no_exact_reference,,,,,,,,,False,False,,provisional_source_reconciliation_only
noaa-science-v1-0-1:201905061331,2019-05-06 13:31:00+00:00,2019-05-06 13:54:00+00:00,M1.1,,1,missing_region_peak_only_candidate,HER-annual:goes_events_2019.txt:349,,12740,C7.4,12740.0,,,,False,False,HER_annual,provisional_source_reconciliation_only
noaa-science-v1-0-1:201905090537,2019-05-09 05:37:00+00:00,2019-05-09 05:51:00+00:00,M1.0,,1,missing_region_peak_only_candidate,HER-annual:goes_events_2019.txt:376,,12740,C6.7,12740.0,,,,False,False,HER_annual,provisional_source_reconciliation_only
noaa-science-v1-0-1:202005290713,2020-05-29 07:13:00+00:00,2020-05-29 07:24:00+00:00,M1.1,,1,missing_region_no_exact_reference,HER-annual:goes_events_2020.txt:224,,,M1.2,,,,,False,False,HER_annual,provisional_source_reconciliation_only
noaa-science-v1-0-1:202011291234,2020-11-29 12:34:00+00:00,2020-11-29 13:11:00+00:00,M4.4,,1,missing_region_no_exact_reference,HER-annual:goes_events_2020.txt:1078,,,M4.4,,,,,False,False,HER_annual,provisional_source_reconciliation_only
noaa-science-v1-0-1:202109231523,2021-09-23 15:23:00+00:00,2021-09-23 15:28:00+00:00,M1.8,,1,missing_region_exact_start_peak_candidate,HEK_base:787;HEK_sep:899;HER-annual:goes_events_2021.txt:1609,HEK_base:787;HEK_sep:899;HER-annual:goes_events_2021.txt:1609,12871,M1.8,12871.0,12871.0,,,False,False,HEK_base;HEK_sep;HER_annual,provisional_source_reconciliation_only
noaa-science-v1-0-1:202110260240,2021-10-26 02:40:00+00:00,2021-10-26 02:47:00+00:00,M1.3,,1,missing_region_no_exact_reference,HER-annual:goes_events_2021.txt:1948,,,M1.3,,,,,False,False,HER_annual,provisional_source_reconciliation_only
noaa-science-v1-0-1:202111020203,2021-11-02 02:03:00+00:00,2021-11-02 02:51:00+00:00,M1.6,,1,missing_region_no_exact_reference,,,,,,,,,False,False,,provisional_source_reconciliation_only
noaa-science-v1-0-1:202111020257,2021-11-02 02:57:00+00:00,2021-11-02 03:01:00+00:00,M1.7,12891.0,1,existing_region_reference_conflict,HEK_base:792;HEK_sep:906;HEK_sep:907;HER-annual:goes_events_2021.txt:2041,HEK_sep:907;HER-annual:goes_events_2021.txt:2041,12887;12891,M1.7,,,HEK_base:792;HEK_sep:906,,True,True,HEK_base;HEK_sep;HER_annual,provisional_source_reconciliation_only
noaa-science-v1-0-1:202201140147,2022-01-14 01:47:00+00:00,2022-01-14 02:03:00+00:00,M1.8,,1,missing_region_no_exact_reference,HER-annual:goes_events_2022.txt:108,,,M1.8,,,,,False,False,HER_annual,provisional_source_reconciliation_only
noaa-science-v1-0-1:202202120825,2022-02-12 08:25:00+00:00,2022-02-12 08:44:00+00:00,M1.4,,1,missing_region_exact_start_peak_candidate,HEK_sep:919;HER-annual:goes_events_2022.txt:449,HEK_sep:919;HER-annual:goes_events_2022.txt:449,12939,M1.4,12939.0,12939.0,,,False,False,HEK_sep;HER_annual,provisional_source_reconciliation_only
noaa-science-v1-0-1:202203281732,2022-03-28 17:32:00+00:00,2022-03-28 17:41:00+00:00,M1.0,,1,missing_region_exact_start_peak_candidate,HEK_sep:930;HER-annual:goes_events_2022.txt:877,HEK_sep:930;HER-annual:goes_events_2022.txt:877,12975,M1.0,12975.0,12975.0,,,False,False,HEK_sep;HER_annual,provisional_source_reconciliation_only
noaa-science-v1-0-1:202203281908,2022-03-28 19:08:00+00:00,2022-03-28 19:23:00+00:00,M1.0,,1,missing_region_exact_start_peak_candidate,HEK_sep:931;HER-annual:goes_events_2022.txt:879,HEK_sep:931;HER-annual:goes_events_2022.txt:879,12975,M1.0,12975.0,12975.0,,,False,False,HEK_sep;HER_annual,provisional_source_reconciliation_only
noaa-science-v1-0-1:202203290148,2022-03-29 01:48:00+00:00,2022-03-29 01:58:00+00:00,M1.1,12974.0,1,existing_region_reference_conflict,HEK_sep:934;HER-annual:goes_events_2022.txt:884,HEK_sep:934;HER-annual:goes_events_2022.txt:884,12975,M1.1,12975.0,,,,False,False,HEK_sep;HER_annual,provisional_source_reconciliation_only
noaa-science-v1-0-1:202203290917,2022-03-29 09:17:00+00:00,2022-03-29 09:38:00+00:00,M1.0,,1,missing_region_exact_start_peak_candidate,HEK_sep:935;HER-annual:goes_events_2022.txt:892,HEK_sep:935;HER-annual:goes_events_2022.txt:892,12975,M1.0,12975.0,12975.0,,,False,False,HEK_sep;HER_annual,provisional_source_reconciliation_only
noaa-science-v1-0-1:202204021256,2022-04-02 12:56:00+00:00,2022-04-02 13:55:00+00:00,M3.9,12976.0,1,existing_region_reference_conflict,HEK_sep:940;HER-annual:goes_events_2022.txt:967,HEK_sep:940;HER-annual:goes_events_2022.txt:967,12975,M3.9,12975.0,,,,False,False,HEK_sep;HER_annual,provisional_source_reconciliation_only
noaa-science-v1-0-1:202204151031,2022-04-15 10:31:00+00:00,2022-04-15 11:01:00+00:00,M1.2,,1,missing_region_no_exact_reference,HER-annual:goes_events_2022.txt:1076,,,M1.2,,,,,False,False,HER_annual,provisional_source_reconciliation_only
noaa-science-v1-0-1:202204151107,2022-04-15 11:07:00+00:00,2022-04-15 11:49:00+00:00,M2.2,,1,missing_region_no_exact_reference,HER-annual:goes_events_2022.txt:1077,,,M2.2,,,,,False,False,HER_annual,provisional_source_reconciliation_only
noaa-science-v1-0-1:202204151347,2022-04-15 13:47:00+00:00,2022-04-15 13:59:00+00:00,M1.9,,1,missing_region_no_exact_reference,HER-annual:goes_events_2022.txt:1078,,,M1.9,,,,,False,False,HER_annual,provisional_source_reconciliation_only
noaa-science-v1-0-1:202204180737,2022-04-18 07:37:00+00:00,2022-04-18 07:48:00+00:00,M1.3,12993.0,1,existing_region_reference_conflict,HEK_sep:947;HER-annual:goes_events_2022.txt:1112,HEK_sep:947;HER-annual:goes_events_2022.txt:1112,12992,M1.3,12992.0,,,,False,False,HEK_sep;HER_annual,provisional_source_reconciliation_only
noaa-science-v1-0-1:202204181712,2022-04-18 17:12:00+00:00,2022-04-18 17:24:00+00:00,M1.9,12987.0,1,existing_region_reference_conflict,HEK_sep:949;HER-annual:goes_events_2022.txt:1117,HEK_sep:949;HER-annual:goes_events_2022.txt:1117,12992,M1.9,12992.0,,,,False,False,HEK_sep;HER_annual,provisional_source_reconciliation_only
noaa-science-v1-0-1:202204200107,2022-04-20 01:07:00+00:00,2022-04-20 01:14:00+00:00,M1.2,12994.0,1,existing_region_reference_conflict,HEK_sep:953;HER-annual:goes_events_2022.txt:1136,HEK_sep:953;HER-annual:goes_events_2022.txt:1136,12992,M1.2,12992.0,,,,False,False,HEK_sep;HER_annual,provisional_source_reconciliation_only
noaa-science-v1-0-1:202204201224,2022-04-20 12:24:00+00:00,2022-04-20 12:53:00+00:00,M1.9,12993.0,1,existing_region_reference_conflict,HEK_sep:956;HER-annual:goes_events_2022.txt:1146,HEK_sep:956;HER-annual:goes_events_2022.txt:1146,12992,M1.9,12992.0,,,,False,False,HEK_sep;HER_annual,provisional_source_reconciliation_only
noaa-science-v1-0-1:202204220452,2022-04-22 04:52:00+00:00,2022-04-22 05:14:00+00:00,M1.1,12993.0,1,existing_region_reference_conflict,HEK_sep:958;HER-annual:goes_events_2022.txt:1161,HEK_sep:958;HER-annual:goes_events_2022.txt:1161,12994,M1.1,12994.0,,,,False,False,HEK_sep;HER_annual,provisional_source_reconciliation_only
noaa-science-v1-0-1:202204221316,2022-04-22 13:16:00+00:00,2022-04-22 13:25:00+00:00,M3.4,12993.0,1,existing_region_reference_conflict,HEK_base:793;HEK_sep:959;HEK_sep:960;HER-annual:goes_events_2022.txt:1165;HER-annual:goes_events_2022.txt:1166,HEK_base:793;HEK_sep:959;HEK_sep:960;HER-annual:goes_events_2022.txt:1165;HER-annual:goes_events_2022.txt:1166,12993;12994,M3.4,,,HEK_base:793;HEK_sep:959;HER-annual:goes_events_2022.txt:1165,HER-annual:goes_events_2022.txt:1165,True,True,HEK_base;HEK_sep;HER_annual,provisional_source_reconciliation_only
noaa-science-v1-0-1:202204291801,2022-04-29 18:01:00+00:00,2022-04-29 18:10:00+00:00,M1.2,12994.0,1,existing_region_reference_conflict,HEK_base:795;HEK_sep:964;HEK_sep:965;HER-annual:goes_events_2022.txt:1234;HER-annual:goes_events_2022.txt:1235,HEK_base:795;HEK_sep:964;HER-annual:goes_events_2022.txt:1234,12993;12994,M1.2;M1.3,,,HEK_base:795;HEK_sep:964;HER-annual:goes_events_2022.txt:1234,HER-annual:goes_events_2022.txt:1234,True,True,HEK_base;HEK_sep;HER_annual,provisional_source_reconciliation_only
noaa-science-v1-0-1:202205030734,2022-05-03 07:34:00+00:00,2022-05-03 07:53:00+00:00,M1.3,,1,missing_region_no_exact_reference,HER-annual:goes_events_2022.txt:1284,,,M1.3,,,,,False,False,HER_annual,provisional_source_reconciliation_only
noaa-science-v1-0-1:202205040008,2022-05-04 00:08:00+00:00,2022-05-04 00:19:00+00:00,M5.3,,1,missing_region_no_exact_reference,HER-annual:goes_events_2022.txt:1293,,,M5.3,,,,,False,False,HER_annual,provisional_source_reconciliation_only
noaa-science-v1-0-1:202205111813,2022-05-11 18:13:00+00:00,2022-05-11 18:58:00+00:00,M2.6,,1,missing_region_exact_start_peak_candidate,HEK_sep:978;HEK_sep:979;HER-annual:goes_events_2022.txt:1429;HER-annual:goes_events_2022.txt:1430,HEK_sep:979;HER-annual:goes_events_2022.txt:1430,13004,M2.6;M2.7,13004.0,13004.0,,,False,False,HEK_sep;HER_annual,provisional_source_reconciliation_only
noaa-science-v1-0-1:202205111927,2022-05-11 19:27:00+00:00,2022-05-11 19:31:00+00:00,M2.2,,1,missing_region_exact_start_peak_candidate,HEK_sep:980;HER-annual:goes_events_2022.txt:1431,HEK_sep:980;HER-annual:goes_events_2022.txt:1431,13004,M2.2,13004.0,13004.0,,,False,False,HEK_sep;HER_annual,provisional_source_reconciliation_only
noaa-science-v1-0-1:202205122004,2022-05-12 20:04:00+00:00,2022-05-12 20:19:00+00:00,M1.3,,1,missing_region_no_exact_reference,HER-annual:goes_events_2022.txt:1444,,,M1.3,,,,,False,False,HER_annual,provisional_source_reconciliation_only
noaa-science-v1-0-1:202205142358,2022-05-14 23:58:00+00:00,2022-05-15 00:08:00+00:00,M2.2,,1,missing_region_no_exact_reference,,,,,,,,,False,False,,provisional_source_reconciliation_only
noaa-science-v1-0-1:202207140422,2022-07-14 04:22:00+00:00,2022-07-14 04:31:00+00:00,M1.2,13058.0,1,existing_region_reference_conflict,HEK_base:803;HEK_sep:993;HER-annual:goes_events_2022.txt:2039,HEK_base:803;HEK_sep:993,13053,M1.2,13053.0,,,,False,False,HEK_base;HEK_sep;HER_annual,provisional_source_reconciliation_only
noaa-science-v1-0-1:202208151427,2022-08-15 14:27:00+00:00,2022-08-15 14:36:00+00:00,M1.0,,1,missing_region_exact_start_peak_candidate,HEK_sep:997;HER-annual:goes_events_2022.txt:2393,HEK_sep:997;HER-annual:goes_events_2022.txt:2393,13078,M1.0,13078.0,13078.0,,,False,False,HEK_sep;HER_annual,provisional_source_reconciliation_only
noaa-science-v1-0-1:202208251939,2022-08-25 19:39:00+00:00,2022-08-25 19:51:00+00:00,M1.8,13088.0,1,existing_region_reference_conflict,HEK_sep:1010;HER-annual:goes_events_2022.txt:2587,HEK_sep:1010;HER-annual:goes_events_2022.txt:2587,13089,M1.8,13089.0,,,,False,False,HEK_sep;HER_annual,provisional_source_reconciliation_only
noaa-science-v1-0-1:202208280047,2022-08-28 00:47:00+00:00,2022-08-28 01:20:00+00:00,M1.4,,1,missing_region_no_exact_reference,,,,,,,,,False,False,,provisional_source_reconciliation_only
noaa-science-v1-0-1:202208291611,2022-08-29 16:11:00+00:00,2022-08-29 16:35:00+00:00,M4.2,,1,missing_region_no_exact_reference,,,,,,,,,False,False,,provisional_source_reconciliation_only
noaa-science-v1-0-1:202208300125,2022-08-30 01:25:00+00:00,2022-08-30 01:40:00+00:00,M1.6,,1,missing_region_exact_start_peak_candidate,HEK_sep:1034;HER-annual:goes_events_2022.txt:2676,HEK_sep:1034;HER-annual:goes_events_2022.txt:2676,13088,M1.7,13088.0,13088.0,,,False,False,HEK_sep;HER_annual,provisional_source_reconciliation_only
noaa-science-v1-0-1:202209171242,2022-09-17 12:42:00+00:00,2022-09-17 13:19:00+00:00,M1.0,,1,missing_region_exact_start_peak_candidate,HEK_sep:1043;HER-annual:goes_events_2022.txt:2955,HEK_sep:1043;HER-annual:goes_events_2022.txt:2955,13098,M1.1,13098.0,13098.0,,,False,False,HEK_sep;HER_annual,provisional_source_reconciliation_only
noaa-science-v1-0-1:202210031957,2022-10-03 19:57:00+00:00,2022-10-03 20:28:00+00:00,M1.2,,1,missing_region_exact_start_peak_candidate,HEK_sep:1057;HER-annual:goes_events_2022.txt:3217,HEK_sep:1057;HER-annual:goes_events_2022.txt:3217,13110,M1.2,13110.0,13110.0,,,False,False,HEK_sep;HER_annual,provisional_source_reconciliation_only
noaa-science-v1-0-1:202210032113,2022-10-03 21:13:00+00:00,2022-10-03 21:22:00+00:00,M1.7,,1,missing_region_peak_only_candidate,HEK_sep:1058;HER-annual:goes_events_2022.txt:3218,,13110,M1.7,13110.0,,,,False,False,HEK_sep;HER_annual,provisional_source_reconciliation_only
noaa-science-v1-0-1:202210100035,2022-10-10 00:35:00+00:00,2022-10-10 00:47:00+00:00,M1.0,13112.0,1,existing_region_reference_conflict,HEK_sep:1061;HER-annual:goes_events_2022.txt:3303,HEK_sep:1061;HER-annual:goes_events_2022.txt:3303,13116,M1.0,13116.0,,,,False,False,HEK_sep;HER_annual,provisional_source_reconciliation_only
noaa-science-v1-0-1:202210110836,2022-10-11 08:36:00+00:00,2022-10-11 08:42:00+00:00,M3.9,13112.0,1,existing_region_reference_conflict,HEK_base:813;HEK_sep:1063;HEK_sep:1064;HER-annual:goes_events_2022.txt:3326,HEK_base:813;HEK_sep:1063;HEK_sep:1064;HER-annual:goes_events_2022.txt:3326,13112;13116,M3.9,,,HEK_base:813;HEK_sep:1063,,True,True,HEK_base;HEK_sep;HER_annual,provisional_source_reconciliation_only
noaa-science-v1-0-1:202210111046,2022-10-11 10:46:00+00:00,2022-10-11 10:52:00+00:00,M1.5,13112.0,1,existing_region_reference_conflict,HEK_sep:1065;HER-annual:goes_events_2022.txt:3327,,13116,M1.5,13116.0,,,,False,False,HEK_sep;HER_annual,provisional_source_reconciliation_only
noaa-science-v1-0-1:202210140951,2022-10-14 09:51:00+00:00,2022-10-14 09:55:00+00:00,M1.3,,1,missing_region_exact_start_peak_candidate,HEK_sep:1068;HER-annual:goes_events_2022.txt:3354,HEK_sep:1068;HER-annual:goes_events_2022.txt:3354,13112,M1.3,13112.0,13112.0,,,False,False,HEK_sep;HER_annual,provisional_source_reconciliation_only
noaa-science-v1-0-1:202212142031,2022-12-14 20:31:00+00:00,2022-12-14 20:50:00+00:00,M1.3,,1,missing_region_exact_start_peak_candidate,HEK_sep:1086;HER-annual:goes_events_2022.txt:4063,HEK_sep:1086;HER-annual:goes_events_2022.txt:4063,13165,M1.3,13165.0,13165.0,,,False,False,HEK_sep;HER_annual,provisional_source_reconciliation_only
noaa-science-v1-0-1:202212150955,2022-12-15 09:55:00+00:00,2022-12-15 10:16:00+00:00,M1.5,,1,missing_region_exact_start_peak_candidate,HEK_sep:1094;HER-annual:goes_events_2022.txt:4082,HEK_sep:1094;HER-annual:goes_events_2022.txt:4082,13165,M1.5,13165.0,13165.0,,,False,False,HEK_sep;HER_annual,provisional_source_reconciliation_only
noaa-science-v1-0-1:202212151558,2022-12-15 15:58:00+00:00,2022-12-15 16:10:00+00:00,M1.0,,1,missing_region_no_exact_reference,HER-annual:goes_events_2022.txt:4091,,,M1.0,,,,,False,False,HER_annual,provisional_source_reconciliation_only
noaa-science-v1-0-1:202212151647,2022-12-15 16:47:00+00:00,2022-12-15 16:56:00+00:00,M2.0,13165.0,1,existing_region_reference_conflict,HEK_sep:1097;HER-annual:goes_events_2022.txt:4093,HEK_sep:1097;HER-annual:goes_events_2022.txt:4093,13163,M2.1,13163.0,,,,False,False,HEK_sep;HER_annual,provisional_source_reconciliation_only
noaa-science-v1-0-1:202212160442,2022-12-16 04:42:00+00:00,2022-12-16 04:59:00+00:00,M1.2,,1,missing_region_no_exact_reference,HER-annual:goes_events_2022.txt:4105,,,M1.2,,,,,False,False,HER_annual,provisional_source_reconciliation_only
noaa-science-v1-0-1:202212160535,2022-12-16 05:35:00+00:00,2022-12-16 05:48:00+00:00,M1.3,,1,missing_region_peak_only_candidate,HEK_sep:1100;HER-annual:goes_events_2022.txt:4106,,13165,M1.3,13165.0,,,,False,False,HEK_sep;HER_annual,provisional_source_reconciliation_only
noaa-science-v1-0-1:202212160726,2022-12-16 07:26:00+00:00,2022-12-16 07:38:00+00:00,M1.6,,1,missing_region_exact_start_peak_candidate,HEK_sep:1102;HER-annual:goes_events_2022.txt:4110,HEK_sep:1102;HER-annual:goes_events_2022.txt:4110,13165,M1.6,13165.0,13165.0,,,False,False,HEK_sep;HER_annual,provisional_source_reconciliation_only
noaa-science-v1-0-1:202212160933,2022-12-16 09:33:00+00:00,2022-12-16 09:43:00+00:00,M1.1,13163.0,1,existing_region_reference_conflict,HEK_sep:1104;HER-annual:goes_events_2022.txt:4112,HEK_sep:1104;HER-annual:goes_events_2022.txt:4112,13165,M1.1,13165.0,,,,False,False,HEK_sep;HER_annual,provisional_source_reconciliation_only
noaa-science-v1-0-1:202212161002,2022-12-16 10:02:00+00:00,2022-12-16 10:19:00+00:00,M4.0,,1,missing_region_exact_start_peak_candidate,HEK_sep:1105;HER-annual:goes_events_2022.txt:4113,HEK_sep:1105;HER-annual:goes_events_2022.txt:4113,13165,M4.0,13165.0,13165.0,,,False,False,HEK_sep;HER_annual,provisional_source_reconciliation_only
noaa-science-v1-0-1:202212290632,2022-12-29 06:32:00+00:00,2022-12-29 07:27:00+00:00,M1.2,,1,missing_region_no_exact_reference,HER-annual:goes_events_2022.txt:4320,,,M1.2,,,,,False,False,HER_annual,provisional_source_reconciliation_only
noaa-science-v1-0-1:202212291812,2022-12-29 18:12:00+00:00,2022-12-29 18:20:00+00:00,M2.1,,1,missing_region_no_exact_reference,HER-annual:goes_events_2022.txt:4327,,,M2.2,,,,,False,False,HER_annual,provisional_source_reconciliation_only
noaa-science-v1-0-1:202212291826,2022-12-29 18:26:00+00:00,2022-12-29 18:33:00+00:00,M2.4,,1,missing_region_no_exact_reference,HER-annual:goes_events_2022.txt:4328,,,M2.4,,,,,False,False,HER_annual,provisional_source_reconciliation_only
noaa-science-v1-0-1:202301101744,2023-01-10 17:44:00+00:00,2023-01-10 17:48:00+00:00,M1.2,13184.0,1,existing_region_reference_conflict,HEK_sep:1128;HEK_sep:1129;HER-annual:goes_events_2023.txt:187;HER-annual:goes_events_2023.txt:188,HEK_sep:1128;HEK_sep:1129;HER-annual:goes_events_2023.txt:187;HER-annual:goes_events_2023.txt:188,13184;13185,M1.2,,,HEK_sep:1129;HER-annual:goes_events_2023.txt:187,HER-annual:goes_events_2023.txt:187,False,True,HEK_sep;HER_annual,provisional_source_reconciliation_only
noaa-science-v1-0-1:202301121108,2023-01-12 11:08:00+00:00,2023-01-12 11:28:00+00:00,M1.2,13181.0,1,existing_region_reference_conflict,HEK_sep:1138;HER-annual:goes_events_2023.txt:221,HEK_sep:1138;HER-annual:goes_events_2023.txt:221,13183,M1.2,13183.0,,,,False,False,HEK_sep;HER_annual,provisional_source_reconciliation_only
noaa-science-v1-0-1:202301131005,2023-01-13 10:05:00+00:00,2023-01-13 10:15:00+00:00,M3.9,13181.0,1,existing_region_reference_conflict,HEK_sep:1142;HEK_sep:1143;HER-annual:goes_events_2023.txt:245;HER-annual:goes_events_2023.txt:246,HEK_sep:1142;HEK_sep:1143;HER-annual:goes_events_2023.txt:245;HER-annual:goes_events_2023.txt:246,13181;13182,M4.0,,,HEK_sep:1142;HER-annual:goes_events_2023.txt:245,HER-annual:goes_events_2023.txt:245,False,True,HEK_sep;HER_annual,provisional_source_reconciliation_only
noaa-science-v1-0-1:202301150308,2023-01-15 03:08:00+00:00,2023-01-15 03:42:00+00:00,M6.0,13191.0,1,existing_region_reference_conflict,HEK_base:819;HEK_sep:1148;HEK_sep:1149;HER-annual:goes_events_2023.txt:273,HEK_base:819;HEK_sep:1148;HEK_sep:1149;HER-annual:goes_events_2023.txt:273,13188;13191,M6.0,,,HEK_sep:1149;HER-annual:goes_events_2023.txt:273,HER-annual:goes_events_2023.txt:273,False,True,HEK_base;HEK_sep;HER_annual,provisional_source_reconciliation_only
noaa-science-v1-0-1:202301221211,2023-01-22 12:11:00+00:00,2023-01-22 12:26:00+00:00,M1.1,13190.0,1,existing_region_reference_conflict,HEK_sep:1158;HER-annual:goes_events_2023.txt:384,,13194,M1.1,13194.0,,,,False,False,HEK_sep;HER_annual,provisional_source_reconciliation_only
noaa-science-v1-0-1:202301251642,2023-01-25 16:42:00+00:00,2023-01-25 17:01:00+00:00,M1.3,13190.0,1,existing_region_reference_conflict,HEK_sep:1161;HER-annual:goes_events_2023.txt:442,HEK_sep:1161;HER-annual:goes_events_2023.txt:442,13192,M1.3,13192.0,,,,False,False,HEK_sep;HER_annual,provisional_source_reconciliation_only
noaa-science-v1-0-1:202302071333,2023-02-07 13:33:00+00:00,2023-02-07 13:53:00+00:00,M1.0,,1,missing_region_no_exact_reference,HER-annual:goes_events_2023.txt:609,,,M1.0,,,,,False,False,HER_annual,provisional_source_reconciliation_only
noaa-science-v1-0-1:202302072246,2023-02-07 22:46:00+00:00,2023-02-07 22:58:00+00:00,M3.8,,1,missing_region_exact_start_peak_candidate,HEK_sep:1165;HER-annual:goes_events_2023.txt:617,HEK_sep:1165;HER-annual:goes_events_2023.txt:617,13213,M3.8,13213.0,13213.0,,,False,False,HEK_sep;HER_annual,provisional_source_reconciliation_only
noaa-science-v1-0-1:202302082121,2023-02-08 21:21:00+00:00,2023-02-08 21:37:00+00:00,M1.7,,1,missing_region_exact_start_peak_candidate,HEK_sep:1171;HER-annual:goes_events_2023.txt:641,HEK_sep:1171;HER-annual:goes_events_2023.txt:641,13213,M1.7,13213.0,13213.0,,,False,False,HEK_sep;HER_annual,provisional_source_reconciliation_only
noaa-science-v1-0-1:202302211105,2023-02-21 11:05:00+00:00,2023-02-21 11:11:00+00:00,M1.5,,1,missing_region_conflicting_references,HEK_sep:1204;HEK_sep:1205;HER-annual:goes_events_2023.txt:869;HER-annual:goes_events_2023.txt:870,HEK_sep:1204;HEK_sep:1205;HER-annual:goes_events_2023.txt:869;HER-annual:goes_events_2023.txt:870,13226;13234,M1.6,,,,,False,False,HEK_sep;HER_annual,provisional_source_reconciliation_only
noaa-science-v1-0-1:202302211114,2023-02-21 11:14:00+00:00,2023-02-21 11:23:00+00:00,M4.7,13234.0,1,existing_region_reference_conflict,HEK_base:829;HEK_sep:1206;HEK_sep:1207;HER-annual:goes_events_2023.txt:871,HEK_base:829;HEK_sep:1206;HEK_sep:1207;HER-annual:goes_events_2023.txt:871,13226;13234,M4.7,,,HEK_sep:1207;HER-annual:goes_events_2023.txt:871,HER-annual:goes_events_2023.txt:871,False,True,HEK_base;HEK_sep;HER_annual,provisional_source_reconciliation_only
noaa-science-v1-0-1:202302230851,2023-02-23 08:51:00+00:00,2023-02-23 09:01:00+00:00,M1.2,,1,missing_region_exact_start_peak_candidate,HEK_sep:1213;HER-annual:goes_events_2023.txt:908,HEK_sep:1213;HER-annual:goes_events_2023.txt:908,13234,M1.2,13234.0,13234.0,,,False,False,HEK_sep;HER_annual,provisional_source_reconciliation_only
noaa-science-v1-0-1:202303010056,2023-03-01 00:56:00+00:00,2023-03-01 01:07:00+00:00,M1.0,13240.0,1,existing_region_reference_conflict,HEK_sep:1220;HER-annual:goes_events_2023.txt:973,HEK_sep:1220;HER-annual:goes_events_2023.txt:973,13234,M1.0,13234.0,,,,False,False,HEK_sep;HER_annual,provisional_source_reconciliation_only
noaa-science-v1-0-1:202303050240,2023-03-05 02:40:00+00:00,2023-03-05 02:52:00+00:00,M1.3,13238.0,1,existing_region_reference_conflict,HEK_sep:1230;HER-annual:goes_events_2023.txt:1062,HEK_sep:1230;HER-annual:goes_events_2023.txt:1062,13234,M1.3,13234.0,,,,False,False,HEK_sep;HER_annual,provisional_source_reconciliation_only
noaa-science-v1-0-1:202303051624,2023-03-05 16:24:00+00:00,2023-03-05 16:41:00+00:00,M1.0,13238.0,1,existing_region_reference_conflict,HEK_sep:1231;HEK_sep:1232;HER-annual:goes_events_2023.txt:1070;HER-annual:goes_events_2023.txt:1071,HEK_sep:1231;HEK_sep:1232;HER-annual:goes_events_2023.txt:1070;HER-annual:goes_events_2023.txt:1071,13238;13242,M1.1,,,HEK_sep:1231;HER-annual:goes_events_2023.txt:1071,HER-annual:goes_events_2023.txt:1071,False,True,HEK_sep;HER_annual,provisional_source_reconciliation_only
noaa-science-v1-0-1:202303060857,2023-03-06 08:57:00+00:00,2023-03-06 09:12:00+00:00,M1.3,,1,missing_region_conflicting_references,HEK_sep:1236;HEK_sep:1237;HER-annual:goes_events_2023.txt:1082;HER-annual:goes_events_2023.txt:1083,HEK_sep:1236;HEK_sep:1237;HER-annual:goes_events_2023.txt:1082;HER-annual:goes_events_2023.txt:1083,13234;13243,M1.3,,,,,False,False,HEK_sep;HER_annual,provisional_source_reconciliation_only
noaa-science-v1-0-1:202303171504,2023-03-17 15:04:00+00:00,2023-03-17 15:07:00+00:00,M1.0,13247.0,1,existing_region_reference_conflict,HEK_sep:1240;HER-annual:goes_events_2023.txt:1204,HEK_sep:1240;HER-annual:goes_events_2023.txt:1204,13254,M1.1,13254.0,,,,False,False,HEK_sep;HER_annual,provisional_source_reconciliation_only
noaa-science-v1-0-1:202305030915,2023-05-03 09:15:00+00:00,2023-05-03 09:27:00+00:00,M4.3,13288.0,1,existing_region_reference_conflict,HEK_sep:1252;HER-annual:goes_events_2023.txt:1869,HEK_sep:1252;HER-annual:goes_events_2023.txt:1869,13293,M4.3,13293.0,,,,False,False,HEK_sep;HER_annual,provisional_source_reconciliation_only
noaa-science-v1-0-1:202305101411,2023-05-10 14:11:00+00:00,2023-05-10 14:21:00+00:00,M2.2,13293.0,1,existing_region_reference_conflict,HEK_sep:1269;HER-annual:goes_events_2023.txt:1973,HEK_sep:1269;HER-annual:goes_events_2023.txt:1973,13296,M2.2,13296.0,,,,False,False,HEK_sep;HER_annual,provisional_source_reconciliation_only
noaa-science-v1-0-1:202305111813,2023-05-11 18:13:00+00:00,2023-05-11 18:29:00+00:00,M1.8,13294.0,1,existing_region_reference_conflict,HEK_sep:1271;HEK_sep:1272;HER-annual:goes_events_2023.txt:1994;HER-annual:goes_events_2023.txt:1995,HEK_sep:1271;HEK_sep:1272;HER-annual:goes_events_2023.txt:1994;HER-annual:goes_events_2023.txt:1995,13294;13297,M1.8;M1.9,,,HEK_sep:1271;HER-annual:goes_events_2023.txt:1994,HER-annual:goes_events_2023.txt:1994,False,True,HEK_sep;HER_annual,provisional_source_reconciliation_only
noaa-science-v1-0-1:202305161631,2023-05-16 16:31:00+00:00,2023-05-16 16:43:00+00:00,M9.6,,1,missing_region_no_exact_reference,HER-annual:goes_events_2023.txt:2059,,,M9.6,,,,,False,False,HER_annual,provisional_source_reconciliation_only
noaa-science-v1-0-1:202305181200,2023-05-18 12:00:00+00:00,2023-05-18 12:13:00+00:00,M1.9,,1,missing_region_no_exact_reference,HER-annual:goes_events_2023.txt:2090,,,M1.9,,,,,False,False,HER_annual,provisional_source_reconciliation_only
noaa-science-v1-0-1:202305190449,2023-05-19 04:49:00+00:00,2023-05-19 05:00:00+00:00,M2.5,13311.0,1,existing_region_reference_conflict,HEK_sep:1276;HER-annual:goes_events_2023.txt:2107;HER-annual:goes_events_2023.txt:2108,HEK_sep:1276;HER-annual:goes_events_2023.txt:2107;HER-annual:goes_events_2023.txt:2108,13309;13311,M2.5,,,HEK_sep:1276;HER-annual:goes_events_2023.txt:2108,HER-annual:goes_events_2023.txt:2108,False,True,HEK_sep;HER_annual,provisional_source_reconciliation_only
noaa-science-v1-0-1:202305221330,2023-05-22 13:30:00+00:00,2023-05-22 13:37:00+00:00,M1.9,13311.0,1,existing_region_reference_conflict,HEK_base:835;HEK_sep:1290;HEK_sep:1291;HEK_sep:1292;HER-annual:goes_events_2023.txt:2202;HER-annual:goes_events_2023.txt:2203,HEK_sep:1290;HER-annual:goes_events_2023.txt:2202,13312;13314,M1.9,,,,,False,False,HEK_base;HEK_sep;HER_annual,provisional_source_reconciliation_only
noaa-science-v1-0-1:202305262248,2023-05-26 22:48:00+00:00,2023-05-26 23:03:00+00:00,M1.3,,1,missing_region_exact_start_peak_candidate,HEK_sep:1300;HER-annual:goes_events_2023.txt:2283,HEK_sep:1300;HER-annual:goes_events_2023.txt:2283,13315,M1.4,13315.0,13315.0,,,False,False,HEK_sep;HER_annual,provisional_source_reconciliation_only
noaa-science-v1-0-1:202305312147,2023-05-31 21:47:00+00:00,2023-05-31 22:08:00+00:00,M1.0,,1,missing_region_exact_start_peak_candidate,HEK_sep:1307;HER-annual:goes_events_2023.txt:2365,HEK_sep:1307;HER-annual:goes_events_2023.txt:2365,13323,M1.1,13323.0,13323.0,,,False,False,HEK_sep;HER_annual,provisional_source_reconciliation_only
noaa-science-v1-0-1:202306201109,2023-06-20 11:09:00+00:00,2023-06-20 11:13:00+00:00,M1.0,,1,missing_region_exact_start_peak_candidate,HEK_base:841;HEK_sep:1317;HEK_sep:1318;HER-annual:goes_events_2023.txt:2696,HEK_base:841;HEK_sep:1317;HEK_sep:1318;HER-annual:goes_events_2023.txt:2696,13342,M1.0;M1.1,13342.0,13342.0,,,False,False,HEK_base;HEK_sep;HER_annual,provisional_source_reconciliation_only
noaa-science-v1-0-1:202306201117,2023-06-20 11:17:00+00:00,2023-06-20 11:25:00+00:00,M1.8,,1,missing_region_exact_start_peak_candidate,HEK_base:842;HEK_sep:1319;HER-annual:goes_events_2023.txt:2697,HEK_base:842;HEK_sep:1319;HER-annual:goes_events_2023.txt:2697,13342,M1.8,13342.0,13342.0,,,False,False,HEK_base;HEK_sep;HER_annual,provisional_source_reconciliation_only
noaa-science-v1-0-1:202306201544,2023-06-20 15:44:00+00:00,2023-06-20 15:48:00+00:00,M1.0,,1,missing_region_exact_start_peak_candidate,HEK_sep:1320;HER-annual:goes_events_2023.txt:2707,HEK_sep:1320;HER-annual:goes_events_2023.txt:2707,13342,M1.0,13342.0,13342.0,,,False,False,HEK_sep;HER_annual,provisional_source_reconciliation_only
noaa-science-v1-0-1:202306222329,2023-06-22 23:29:00+00:00,2023-06-22 23:44:00+00:00,M4.8,13340.0,1,existing_region_reference_conflict,HEK_sep:1326,HEK_sep:1326,13341,M4.9,13341.0,,,,False,False,HEK_sep,provisional_source_reconciliation_only
noaa-science-v1-0-1:202306291400,2023-06-29 14:00:00+00:00,2023-06-29 14:15:00+00:00,M3.8,13354.0,1,existing_region_reference_conflict,HEK_sep:1332;HER-annual:goes_events_2023.txt:2890,HEK_sep:1332;HER-annual:goes_events_2023.txt:2890,13351,M3.8,13351.0,,,,False,False,HEK_sep;HER_annual,provisional_source_reconciliation_only
noaa-science-v1-0-1:202307051836,2023-07-05 18:36:00+00:00,2023-07-05 18:58:00+00:00,M1.0,13361.0,1,existing_region_reference_conflict,HEK_sep:1338;HER-annual:goes_events_2023.txt:3000,HEK_sep:1338;HER-annual:goes_events_2023.txt:3000,13354,M1.0,13354.0,,,,False,False,HEK_sep;HER_annual,provisional_source_reconciliation_only
noaa-science-v1-0-1:202307100329,2023-07-10 03:29:00+00:00,2023-07-10 03:55:00+00:00,M2.3,13366.0,1,existing_region_reference_conflict,HEK_sep:1341;HER-annual:goes_events_2023.txt:3072,HEK_sep:1341;HER-annual:goes_events_2023.txt:3072,13358,M2.4,13358.0,,,,False,False,HEK_sep;HER_annual,provisional_source_reconciliation_only
noaa-science-v1-0-1:202307102206,2023-07-10 22:06:00+00:00,2023-07-10 22:18:00+00:00,M1.4,13366.0,1,existing_region_reference_conflict,HEK_sep:1342;HER-annual:goes_events_2023.txt:3090;HER-annual:goes_events_2023.txt:3091,HEK_sep:1342;HER-annual:goes_events_2023.txt:3090;HER-annual:goes_events_2023.txt:3091,13358,M1.5,13358.0,,,,False,False,HEK_sep;HER_annual,provisional_source_reconciliation_only
noaa-science-v1-0-1:202307112204,2023-07-11 22:04:00+00:00,2023-07-11 22:15:00+00:00,M5.8,,1,missing_region_exact_start_peak_candidate,HEK_sep:1344;HER-annual:goes_events_2023.txt:3113;HER-annual:goes_events_2023.txt:3114,HEK_sep:1344;HER-annual:goes_events_2023.txt:3113,13372,M5.8;M5.9,13372.0,13372.0,,,False,False,HEK_sep;HER_annual,provisional_source_reconciliation_only
noaa-science-v1-0-1:202307112334,2023-07-11 23:34:00+00:00,2023-07-11 23:37:00+00:00,M1.2,13368.0,1,existing_region_reference_conflict,HEK_sep:1345;HEK_sep:1346;HER-annual:goes_events_2023.txt:3115;HER-annual:goes_events_2023.txt:3116,HEK_sep:1345;HEK_sep:1346;HER-annual:goes_events_2023.txt:3115;HER-annual:goes_events_2023.txt:3116,13363;13368,M1.3,,,HEK_sep:1345;HER-annual:goes_events_2023.txt:3116,HER-annual:goes_events_2023.txt:3116,False,True,HEK_sep;HER_annual,provisional_source_reconciliation_only
noaa-science-v1-0-1:202307120849,2023-07-12 08:49:00+00:00,2023-07-12 08:55:00+00:00,M6.9,13372.0,1,existing_region_reference_conflict,HEK_sep:1350;HER-annual:goes_events_2023.txt:3126;HER-annual:goes_events_2023.txt:3127,HEK_sep:1350;HER-annual:goes_events_2023.txt:3126;HER-annual:goes_events_2023.txt:3127,13361;13372,M6.9;M7.0,,,HEK_sep:1350;HER-annual:goes_events_2023.txt:3126,HER-annual:goes_events_2023.txt:3126,False,True,HEK_sep;HER_annual,provisional_source_reconciliation_only
noaa-science-v1-0-1:202307150943,2023-07-15 09:43:00+00:00,2023-07-15 09:53:00+00:00,M1.0,13372.0,1,existing_region_reference_conflict,HEK_sep:1354;HEK_sep:1355;HER-annual:goes_events_2023.txt:3184;HER-annual:goes_events_2023.txt:3185,HEK_sep:1354;HEK_sep:1355;HER-annual:goes_events_2023.txt:3184;HER-annual:goes_events_2023.txt:3185,13372;13373,M1.1,,,HEK_sep:1355;HER-annual:goes_events_2023.txt:3184,HER-annual:goes_events_2023.txt:3184,False,True,HEK_sep;HER_annual,provisional_source_reconciliation_only
noaa-science-v1-0-1:202307172317,2023-07-17 23:17:00+00:00,2023-07-17 23:34:00+00:00,M5.0,,1,missing_region_exact_start_peak_candidate,HEK_sep:1362;HER-annual:goes_events_2023.txt:3237,HEK_sep:1362;HER-annual:goes_events_2023.txt:3237,13363,M5.0,13363.0,13363.0,,,False,False,HEK_sep;HER_annual,provisional_source_reconciliation_only
noaa-science-v1-0-1:202307180645,2023-07-18 06:45:00+00:00,2023-07-18 06:57:00+00:00,M1.5,,1,missing_region_no_exact_reference,,,,,,,,,False,False,,provisional_source_reconciliation_only
noaa-science-v1-0-1:202307181932,2023-07-18 19:32:00+00:00,2023-07-18 19:48:00+00:00,M1.3,,1,missing_region_exact_start_peak_candidate,HEK_sep:1364;HER-annual:goes_events_2023.txt:3253,HEK_sep:1364;HER-annual:goes_events_2023.txt:3253,13376,M1.3,13376.0,13376.0,,,False,False,HEK_sep;HER_annual,provisional_source_reconciliation_only
noaa-science-v1-0-1:202307182000,2023-07-18 20:00:00+00:00,2023-07-18 20:05:00+00:00,M1.4,,1,missing_region_exact_start_peak_candidate,HEK_sep:1365;HER-annual:goes_events_2023.txt:3254,HEK_sep:1365;HER-annual:goes_events_2023.txt:3254,13376,M1.4,13376.0,13376.0,,,False,False,HEK_sep;HER_annual,provisional_source_reconciliation_only
noaa-science-v1-0-1:202307182016,2023-07-18 20:16:00+00:00,2023-07-18 20:27:00+00:00,M2.1,,1,missing_region_exact_start_peak_candidate,HEK_sep:1366;HER-annual:goes_events_2023.txt:3255,HEK_sep:1366;HER-annual:goes_events_2023.txt:3255,13363,M2.1,13363.0,13363.0,,,False,False,HEK_sep;HER_annual,provisional_source_reconciliation_only
noaa-science-v1-0-1:202307252108,2023-07-25 21:08:00+00:00,2023-07-25 21:16:00+00:00,M1.6,13380.0,1,existing_region_reference_conflict,HEK_base:849;HEK_sep:1372;HEK_sep:1373;HER-annual:goes_events_2023.txt:3345,HEK_base:849;HEK_sep:1372;HEK_sep:1373;HER-annual:goes_events_2023.txt:3345,13376;13380,M1.6,,,HEK_sep:1373;HER-annual:goes_events_2023.txt:3345,HER-annual:goes_events_2023.txt:3345,False,True,HEK_base;HEK_sep;HER_annual,provisional_source_reconciliation_only
noaa-science-v1-0-1:202308012139,2023-08-01 21:39:00+00:00,2023-08-01 21:51:00+00:00,M1.0,13880.0,1,existing_region_reference_conflict,HEK_sep:1396;HER-annual:goes_events_2023.txt:3464,HEK_sep:1396;HER-annual:goes_events_2023.txt:3464,13380,M1.0,13380.0,,,,False,False,HEK_sep;HER_annual,provisional_source_reconciliation_only
noaa-science-v1-0-1:202308020803,2023-08-02 08:03:00+00:00,2023-08-02 08:12:00+00:00,M1.3,13380.0,1,existing_region_reference_conflict,HEK_base:854;HEK_sep:1397;HEK_sep:1398;HER-annual:goes_events_2023.txt:3471,HEK_base:854;HEK_sep:1397;HEK_sep:1398;HER-annual:goes_events_2023.txt:3471,13380;13386,M1.3,,,HEK_sep:1397;HER-annual:goes_events_2023.txt:3471,HER-annual:goes_events_2023.txt:3471,False,True,HEK_base;HEK_sep;HER_annual,provisional_source_reconciliation_only
noaa-science-v1-0-1:202308071525,2023-08-07 15:25:00+00:00,2023-08-07 16:11:00+00:00,M1.0,,1,missing_region_exact_start_peak_candidate,HEK_sep:1412;HER-annual:goes_events_2023.txt:3577,HEK_sep:1412;HER-annual:goes_events_2023.txt:3577,13387,M1.0,13387.0,13387.0,,,False,False,HEK_sep;HER_annual,provisional_source_reconciliation_only
noaa-science-v1-0-1:202308262205,2023-08-26 22:05:00+00:00,2023-08-26 22:50:00+00:00,M1.1,,1,missing_region_exact_start_peak_candidate,HER-annual:goes_events_2023.txt:3817;HER-annual:goes_events_2023.txt:3818,HER-annual:goes_events_2023.txt:3818,13405,M1.1,13405.0,13405.0,,,False,False,HER_annual,provisional_source_reconciliation_only
noaa-science-v1-0-1:202309010220,2023-09-01 02:20:00+00:00,2023-09-01 03:18:00+00:00,M1.0,,1,missing_region_exact_start_peak_candidate,HEK_sep:1421;HER-annual:goes_events_2023.txt:3869,HEK_sep:1421;HER-annual:goes_events_2023.txt:3869,13413,M1.0,13413.0,13413.0,,,False,False,HEK_sep;HER_annual,provisional_source_reconciliation_only
noaa-science-v1-0-1:202309120431,2023-09-12 04:31:00+00:00,2023-09-12 04:42:00+00:00,M1.8,,1,missing_region_no_exact_reference,,,,,,,,,False,False,,provisional_source_reconciliation_only
noaa-science-v1-0-1:202309240251,2023-09-24 02:51:00+00:00,2023-09-24 03:07:00+00:00,M1.2,,1,missing_region_exact_start_peak_candidate,HEK_sep:1459;HER-annual:goes_events_2023.txt:4253,HEK_sep:1459;HER-annual:goes_events_2023.txt:4253,13445,M1.2,13445.0,13445.0,,,False,False,HEK_sep;HER_annual,provisional_source_reconciliation_only
noaa-science-v1-0-1:202309240309,2023-09-24 03:09:00+00:00,2023-09-24 03:14:00+00:00,M1.9,,1,missing_region_exact_start_peak_candidate,HEK_sep:1460;HER-annual:goes_events_2023.txt:4254;HER-annual:goes_events_2023.txt:4255,HEK_sep:1460;HER-annual:goes_events_2023.txt:4254;HER-annual:goes_events_2023.txt:4255,13445,M1.9,13445.0,13445.0,,,False,False,HEK_sep;HER_annual,provisional_source_reconciliation_only
noaa-science-v1-0-1:202310010110,2023-10-01 01:10:00+00:00,2023-10-01 01:32:00+00:00,M2.5,13452.0,1,existing_region_reference_conflict,HEK_sep:1464;HER-annual:goes_events_2023.txt:4386,HEK_sep:1464;HER-annual:goes_events_2023.txt:4386,13451,M2.5,13451.0,,,,False,False,HEK_sep;HER_annual,provisional_source_reconciliation_only
noaa-science-v1-0-1:202310100155,2023-10-10 01:55:00+00:00,2023-10-10 02:09:00+00:00,M1.6,13451.0,1,existing_region_reference_conflict,HEK_sep:1466;HER-annual:goes_events_2023.txt:4538,HEK_sep:1466;HER-annual:goes_events_2023.txt:4538,13452,M1.6,13452.0,,,,False,False,HEK_sep;HER_annual,provisional_source_reconciliation_only
noaa-science-v1-0-1:202310262247,2023-10-26 22:47:00+00:00,2023-10-26 23:24:00+00:00,M1.4,,1,missing_region_no_exact_reference,HER-annual:goes_events_2023.txt:4729,,,M1.4,,,,,False,False,HER_annual,provisional_source_reconciliation_only
noaa-science-v1-0-1:202311010607,2023-11-01 06:07:00+00:00,2023-11-01 06:26:00+00:00,M1.1,,1,missing_region_exact_start_peak_candidate,HEK_sep:1469;HER-annual:goes_events_2023.txt:4768,HEK_sep:1469;HER-annual:goes_events_2023.txt:4768,13477,M1.2,13477.0,13477.0,,,False,False,HEK_sep;HER_annual,provisional_source_reconciliation_only
noaa-science-v1-0-1:202311200854,2023-11-20 08:54:00+00:00,2023-11-20 09:03:00+00:00,M1.2,13492.0,1,existing_region_reference_conflict,HEK_sep:1476;HER-annual:goes_events_2023.txt:5055,HEK_sep:1476;HER-annual:goes_events_2023.txt:5055,13490,M1.2,13490.0,,,,False,False,HEK_sep;HER_annual,provisional_source_reconciliation_only
noaa-science-v1-0-1:202311230259,2023-11-23 02:59:00+00:00,2023-11-23 03:38:00+00:00,M1.4,,1,missing_region_exact_start_peak_candidate,HEK_sep:1477;HER-annual:goes_events_2023.txt:5094;HER-annual:goes_events_2023.txt:5095,HEK_sep:1477;HER-annual:goes_events_2023.txt:5095,13494,M1.5,13494.0,13494.0,,,False,False,HEK_sep;HER_annual,provisional_source_reconciliation_only
noaa-science-v1-0-1:202312172008,2023-12-17 20:08:00+00:00,2023-12-17 20:17:00+00:00,M1.1,13514.0,1,existing_region_reference_conflict,HEK_sep:1498;HER-annual:goes_events_2023.txt:5492,HEK_sep:1498;HER-annual:goes_events_2023.txt:5492,13520,M1.1,13520.0,,,,False,False,HEK_sep;HER_annual,provisional_source_reconciliation_only
noaa-science-v1-0-1:202312241921,2023-12-24 19:21:00+00:00,2023-12-24 19:51:00+00:00,M1.1,,1,missing_region_no_exact_reference,HER-annual:goes_events_2023.txt:5600,,,M1.1,,,,,False,False,HER_annual,provisional_source_reconciliation_only
noaa-science-v1-0-1:202401101239,2024-01-10 12:39:00+00:00,2024-01-10 12:55:00+00:00,M1.4,,1,missing_region_no_exact_reference,HER-annual:goes_events_2024.txt:173,,,M1.4,,,,,False,False,HER_annual,provisional_source_reconciliation_only
noaa-science-v1-0-1:202401221913,2024-01-22 19:13:00+00:00,2024-01-22 19:24:00+00:00,M1.1,,1,missing_region_exact_start_peak_candidate,HEK_sep:1521;HER-annual:goes_events_2024.txt:354,HEK_sep:1521;HER-annual:goes_events_2024.txt:354,13559,M1.1,13559.0,13559.0,,,False,False,HEK_sep;HER_annual,provisional_source_reconciliation_only
noaa-science-v1-0-1:202401221928,2024-01-22 19:28:00+00:00,2024-01-22 19:32:00+00:00,M1.2,13559.0,1,existing_region_reference_conflict,HEK_base:876;HEK_sep:1522;HEK_sep:1523;HER-annual:goes_events_2024.txt:355,HEK_base:876;HEK_sep:1522;HEK_sep:1523;HER-annual:goes_events_2024.txt:355,13559;13561,M1.2;M1.3,,,HEK_base:876;HEK_sep:1522,,True,True,HEK_base;HEK_sep;HER_annual,provisional_source_reconciliation_only
noaa-science-v1-0-1:202401231240,2024-01-23 12:40:00+00:00,2024-01-23 12:58:00+00:00,M1.0,,1,missing_region_exact_start_peak_candidate,HEK_sep:1532;HER-annual:goes_events_2024.txt:374,HEK_sep:1532;HER-annual:goes_events_2024.txt:374,13561,M1.0,13561.0,13561.0,,,False,False,HEK_sep;HER_annual,provisional_source_reconciliation_only
noaa-science-v1-0-1:202401231819,2024-01-23 18:19:00+00:00,2024-01-23 18:28:00+00:00,M1.0,,1,missing_region_exact_start_peak_candidate,HEK_sep:1536;HER-annual:goes_events_2024.txt:381,HEK_sep:1536;HER-annual:goes_events_2024.txt:381,13561,M1.0,13561.0,13561.0,,,False,False,HEK_sep;HER_annual,provisional_source_reconciliation_only
noaa-science-v1-0-1:202401231946,2024-01-23 19:46:00+00:00,2024-01-23 19:52:00+00:00,M1.0,,1,missing_region_exact_start_peak_candidate,HEK_sep:1538;HER-annual:goes_events_2024.txt:384,HEK_sep:1538;HER-annual:goes_events_2024.txt:384,13561,M1.0,13561.0,13561.0,,,False,False,HEK_sep;HER_annual,provisional_source_reconciliation_only
noaa-science-v1-0-1:202402081517,2024-02-08 15:17:00+00:00,2024-02-08 15:22:00+00:00,M1.3,,1,missing_region_no_exact_reference,,,,,,,,,False,False,,provisional_source_reconciliation_only
noaa-science-v1-0-1:202402082317,2024-02-08 23:17:00+00:00,2024-02-08 23:55:00+00:00,M3.9,,1,missing_region_peak_only_candidate,HEK_sep:1578,,13575,M4.0,13575.0,,,,False,False,HEK_sep,provisional_source_reconciliation_only
noaa-science-v1-0-1:202402100304,2024-02-10 03:04:00+00:00,2024-02-10 03:54:00+00:00,M3.4,,1,missing_region_no_exact_reference,HER-annual:goes_events_2024.txt:664,,,M3.4,,,,,False,False,HER_annual,provisional_source_reconciliation_only
noaa-science-v1-0-1:202402112235,2024-02-11 22:35:00+00:00,2024-02-11 22:45:00+00:00,M1.0,,1,missing_region_no_exact_reference,HER-annual:goes_events_2024.txt:689,,,M1.1,,,,,False,False,HER_annual,provisional_source_reconciliation_only
noaa-science-v1-0-1:202402122035,2024-02-12 20:35:00+00:00,2024-02-12 21:17:00+00:00,M2.6,,1,missing_region_no_exact_reference,HER-annual:goes_events_2024.txt:709,,,M2.7,,,,,False,False,HER_annual,provisional_source_reconciliation_only
noaa-science-v1-0-1:202402212358,2024-02-21 23:58:00+00:00,2024-02-22 00:14:00+00:00,M1.5,,1,missing_region_no_exact_reference,,,,,,,,,False,False,,provisional_source_reconciliation_only
noaa-science-v1-0-1:202403161622,2024-03-16 16:22:00+00:00,2024-03-16 16:35:00+00:00,M3.5,,1,missing_region_no_exact_reference,HER-annual:goes_events_2024.txt:1118,,,M3.5,,,,,False,False,HER_annual,provisional_source_reconciliation_only
noaa-science-v1-0-1:202403162127,2024-03-16 21:27:00+00:00,2024-03-16 21:55:00+00:00,M1.1,,1,missing_region_no_exact_reference,HER-annual:goes_events_2024.txt:1120,,,M1.2,,,,,False,False,HER_annual,provisional_source_reconciliation_only
noaa-science-v1-0-1:202403230058,2024-03-23 00:58:00+00:00,2024-03-23 01:33:00+00:00,X1.1,13614.0,1,existing_region_reference_conflict,HEK_base:953;HEK_sep:1634;HEK_sep:1635;HER-annual:goes_events_2024.txt:1216,HEK_base:953;HEK_sep:1634;HEK_sep:1635;HER-annual:goes_events_2024.txt:1216,13614;13615,X1.1,,,HEK_base:953;HEK_sep:1635,,True,True,HEK_base;HEK_sep;HER_annual,provisional_source_reconciliation_only
noaa-science-v1-0-1:202403231351,2024-03-23 13:51:00+00:00,2024-03-23 13:52:00+00:00,M5.2,,1,missing_region_no_exact_reference,,,,,,,,,False,False,,provisional_source_reconciliation_only
noaa-science-v1-0-1:202403231517,2024-03-23 15:17:00+00:00,2024-03-23 15:22:00+00:00,M3.7,,1,missing_region_exact_start_peak_candidate,HEK_sep:1649;HER-annual:goes_events_2024.txt:1228,HEK_sep:1649;HER-annual:goes_events_2024.txt:1228,13615,M3.8,13615.0,13615.0,,,False,False,HEK_sep;HER_annual,provisional_source_reconciliation_only
noaa-science-v1-0-1:202403261341,2024-03-26 13:41:00+00:00,2024-03-26 13:46:00+00:00,M1.7,13615.0,1,existing_region_reference_conflict,HEK_base:980;HEK_sep:1673;HEK_sep:1674;HER-annual:goes_events_2024.txt:1296,HEK_base:980;HEK_sep:1673;HEK_sep:1674;HER-annual:goes_events_2024.txt:1296,13615;13621,M1.7,,,HEK_base:980;HEK_sep:1673,,True,True,HEK_base;HEK_sep;HER_annual,provisional_source_reconciliation_only
noaa-science-v1-0-1:202403262143,2024-03-26 21:43:00+00:00,2024-03-26 21:58:00+00:00,M1.6,,1,missing_region_exact_start_peak_candidate,HEK_sep:1675;HER-annual:goes_events_2024.txt:1305,HEK_sep:1675;HER-annual:goes_events_2024.txt:1305,13615,M1.6,13615.0,13615.0,,,False,False,HEK_sep;HER_annual,provisional_source_reconciliation_only
noaa-science-v1-0-1:202403282029,2024-03-28 20:29:00+00:00,2024-03-28 20:46:00+00:00,M9.7,,1,missing_region_exact_start_peak_candidate,HEK_sep:1683;HER-annual:goes_events_2024.txt:1338,HEK_sep:1683;HER-annual:goes_events_2024.txt:1338,13615,M9.7,13615.0,13615.0,,,False,False,HEK_sep;HER_annual,provisional_source_reconciliation_only
noaa-science-v1-0-1:202403302101,2024-03-30 21:01:00+00:00,2024-03-30 21:16:00+00:00,M9.4,13515.0,1,existing_region_reference_conflict,HEK_base:989;HEK_sep:1689;HEK_sep:1690;HER-annual:goes_events_2024.txt:1371,HEK_base:989;HEK_sep:1689;HEK_sep:1690;HER-annual:goes_events_2024.txt:1371,13515;13615,M9.4,,,HEK_base:989;HEK_sep:1689,,True,True,HEK_base;HEK_sep;HER_annual,provisional_source_reconciliation_only
noaa-science-v1-0-1:202403302121,2024-03-30 21:21:00+00:00,2024-03-30 21:31:00+00:00,M9.3,,1,missing_region_exact_start_peak_candidate,HEK_sep:1691;HER-annual:goes_events_2024.txt:1372,HEK_sep:1691;HER-annual:goes_events_2024.txt:1372,13615,M9.3,13615.0,13615.0,,,False,False,HEK_sep;HER_annual,provisional_source_reconciliation_only
noaa-science-v1-0-1:202404010113,2024-04-01 01:13:00+00:00,2024-04-01 01:32:00+00:00,M3.9,13625.0,1,existing_region_reference_conflict,HEK_base:990;HEK_sep:1693;HEK_sep:1694;HER-annual:goes_events_2024.txt:1388,HEK_base:990;HEK_sep:1693;HEK_sep:1694;HER-annual:goes_events_2024.txt:1388,13614;13625,M3.9,,,HEK_base:990;HEK_sep:1694,,True,True,HEK_base;HEK_sep;HER_annual,provisional_source_reconciliation_only
noaa-science-v1-0-1:202404111652,2024-04-11 16:52:00+00:00,2024-04-11 17:06:00+00:00,M5.4,,1,missing_region_no_exact_reference,HER-annual:goes_events_2024.txt:1489,,,M5.5,,,,,False,False,HER_annual,provisional_source_reconciliation_only
noaa-science-v1-0-1:202404151343,2024-04-15 13:43:00+00:00,2024-04-15 13:58:00+00:00,M1.1,13639.0,1,existing_region_reference_conflict,HEK_base:997;HEK_base:998;HEK_sep:1703;HEK_sep:1704;HEK_sep:1706;HER-annual:goes_events_2024.txt:1554,HEK_base:997;HEK_base:998;HEK_sep:1703;HEK_sep:1704,13634;13639,M1.1,,,HEK_base:998;HEK_sep:1704;HEK_sep:1706;HER-annual:goes_events_2024.txt:1554,HER-annual:goes_events_2024.txt:1554,True,True,HEK_base;HEK_sep;HER_annual,provisional_source_reconciliation_only
noaa-science-v1-0-1:202404161749,2024-04-16 17:49:00+00:00,2024-04-16 18:02:00+00:00,M1.1,13645.0,1,existing_region_reference_conflict,HEK_base:1002;HEK_sep:1710;HEK_sep:1711;HER-annual:goes_events_2024.txt:1575,HEK_base:1002;HEK_sep:1710;HEK_sep:1711;HER-annual:goes_events_2024.txt:1575,13637;13645,M1.1,,,HEK_base:1002;HEK_sep:1710,,True,True,HEK_base;HEK_sep;HER_annual,provisional_source_reconciliation_only
noaa-science-v1-0-1:202404181922,2024-04-18 19:22:00+00:00,2024-04-18 20:01:00+00:00,M1.6,,1,missing_region_exact_start_peak_candidate,HEK_sep:1715;HER-annual:goes_events_2024.txt:1617,HEK_sep:1715;HER-annual:goes_events_2024.txt:1617,13645,M1.6,13645.0,13645.0,,,False,False,HEK_sep;HER_annual,provisional_source_reconciliation_only
noaa-science-v1-0-1:202404182012,2024-04-18 20:12:00+00:00,2024-04-18 20:16:00+00:00,M1.6,13647.0,1,existing_region_reference_conflict,HEK_base:1006;HEK_sep:1716;HEK_sep:1717;HER-annual:goes_events_2024.txt:1618,HEK_base:1006;HEK_sep:1716;HEK_sep:1717;HER-annual:goes_events_2024.txt:1618,13645;13647,M1.6,,,HEK_base:1006;HEK_sep:1717,,True,True,HEK_base;HEK_sep;HER_annual,provisional_source_reconciliation_only
noaa-science-v1-0-1:202404191253,2024-04-19 12:53:00+00:00,2024-04-19 13:06:00+00:00,M1.0,13647.0,1,existing_region_reference_conflict,HEK_base:1008;HEK_sep:1719;HEK_sep:1720;HER-annual:goes_events_2024.txt:1627,HEK_base:1008;HEK_sep:1719;HEK_sep:1720;HER-annual:goes_events_2024.txt:1627,13638;13647,M1.0,,,HEK_base:1008;HEK_sep:1720,,True,True,HEK_base;HEK_sep;HER_annual,provisional_source_reconciliation_only
noaa-science-v1-0-1:202404211507,2024-04-21 15:07:00+00:00,2024-04-21 15:14:00+00:00,M2.2,13638.0,1,existing_region_reference_conflict,HEK_base:1010;HEK_sep:1722;HEK_sep:1723;HER-annual:goes_events_2024.txt:1666,HEK_base:1010;HEK_sep:1722;HEK_sep:1723;HER-annual:goes_events_2024.txt:1666,13636;13638,M2.2,,,HEK_base:1010;HEK_sep:1722,,True,True,HEK_base;HEK_sep;HER_annual,provisional_source_reconciliation_only
noaa-science-v1-0-1:202404212144,2024-04-21 21:44:00+00:00,2024-04-21 21:52:00+00:00,M3.4,13638.0,1,existing_region_reference_conflict,HEK_base:1011;HEK_sep:1724;HEK_sep:1725;HER-annual:goes_events_2024.txt:1673,HEK_base:1011;HEK_sep:1724;HEK_sep:1725;HER-annual:goes_events_2024.txt:1673,13636;13638,M3.4,,,HEK_base:1011;HEK_sep:1724,,True,True,HEK_base;HEK_sep;HER_annual,provisional_source_reconciliation_only
noaa-science-v1-0-1:202404222300,2024-04-22 23:00:00+00:00,2024-04-22 23:18:00+00:00,M1.0,,1,missing_region_peak_only_candidate,HEK_sep:1736;HER-annual:goes_events_2024.txt:1697,,13645,M1.1,13645.0,,,,False,False,HEK_sep;HER_annual,provisional_source_reconciliation_only
noaa-science-v1-0-1:202404240013,2024-04-24 00:13:00+00:00,2024-04-24 00:29:00+00:00,M1.7,13638.0,1,existing_region_reference_conflict,HEK_base:1022;HEK_sep:1741;HEK_sep:1742;HER-annual:goes_events_2024.txt:1717,HEK_base:1022;HEK_sep:1741;HEK_sep:1742;HER-annual:goes_events_2024.txt:1717,13638;13645,M1.7;M1.8,,,HEK_base:1022;HEK_sep:1741,,True,True,HEK_base;HEK_sep;HER_annual,provisional_source_reconciliation_only
noaa-science-v1-0-1:202404240038,2024-04-24 00:38:00+00:00,2024-04-24 00:42:00+00:00,M1.6,,1,missing_region_exact_start_peak_candidate,HEK_sep:1743;HER-annual:goes_events_2024.txt:1718,HEK_sep:1743;HER-annual:goes_events_2024.txt:1718,13645,M1.6,13645.0,13645.0,,,False,False,HEK_sep;HER_annual,provisional_source_reconciliation_only
noaa-science-v1-0-1:202404242227,2024-04-24 22:27:00+00:00,2024-04-24 22:50:00+00:00,M1.1,13647.0,1,existing_region_reference_conflict,HEK_base:1025;HEK_sep:1747;HEK_sep:1748;HER-annual:goes_events_2024.txt:1738,HEK_base:1025;HEK_sep:1747;HEK_sep:1748;HER-annual:goes_events_2024.txt:1738,13643;13647,M1.1,,,HEK_base:1025;HEK_sep:1747,,True,True,HEK_base;HEK_sep;HER_annual,provisional_source_reconciliation_only
noaa-science-v1-0-1:202404242254,2024-04-24 22:54:00+00:00,2024-04-24 22:59:00+00:00,M2.0,13638.0,1,existing_region_reference_conflict,HEK_base:1026;HEK_sep:1749;HEK_sep:1750;HER-annual:goes_events_2024.txt:1739,HEK_base:1026;HEK_sep:1749;HEK_sep:1750;HER-annual:goes_events_2024.txt:1739,13638;13645,M2.0,,,HEK_base:1026;HEK_sep:1749,,True,True,HEK_base;HEK_sep;HER_annual,provisional_source_reconciliation_only
noaa-science-v1-0-1:202405011437,2024-05-01 14:37:00+00:00,2024-05-01 14:44:00+00:00,M1.9,,1,missing_region_exact_start_peak_candidate,HEK_base:1039;HEK_sep:1766;HER-annual:goes_events_2024.txt:1832,HEK_base:1039;HEK_sep:1766;HER-annual:goes_events_2024.txt:1832,13654,M1.9,13654.0,13654.0,,,False,False,HEK_base;HEK_sep;HER_annual,provisional_source_reconciliation_only
noaa-science-v1-0-1:202405071332,2024-05-07 13:32:00+00:00,2024-05-07 13:35:00+00:00,M1.0,13664.0,1,existing_region_reference_conflict,HEK_base:1078;HEK_sep:1822;HEK_sep:1823;HER-annual:goes_events_2024.txt:1962,HEK_base:1078;HEK_sep:1822;HEK_sep:1823;HER-annual:goes_events_2024.txt:1962,13663;13664,M1.0,,,HEK_base:1078;HEK_sep:1822,,True,True,HEK_base;HEK_sep;HER_annual,provisional_source_reconciliation_only
noaa-science-v1-0-1:202405080216,2024-05-08 02:16:00+00:00,2024-05-08 02:27:00+00:00,M3.4,13664.0,1,existing_region_reference_conflict,HEK_base:1084;HEK_sep:1831;HEK_sep:1832;HER-annual:goes_events_2024.txt:1977,HEK_base:1084;HEK_sep:1831;HEK_sep:1832;HER-annual:goes_events_2024.txt:1977,13664;13668,M3.4,,,HEK_base:1084;HEK_sep:1831,,True,True,HEK_base;HEK_sep;HER_annual,provisional_source_reconciliation_only
noaa-science-v1-0-1:202405080338,2024-05-08 03:38:00+00:00,2024-05-08 03:42:00+00:00,M1.9,,1,missing_region_exact_start_peak_candidate,HEK_sep:1835;HER-annual:goes_events_2024.txt:1979,HEK_sep:1835;HER-annual:goes_events_2024.txt:1979,13664,M2.0,13664.0,13664.0,,,False,False,HEK_sep;HER_annual,provisional_source_reconciliation_only
noaa-science-v1-0-1:202405080420,2024-05-08 04:20:00+00:00,2024-05-08 04:30:00+00:00,M3.5,,1,missing_region_exact_start_peak_candidate,HEK_sep:1836;HER-annual:goes_events_2024.txt:1980,HEK_sep:1836;HER-annual:goes_events_2024.txt:1980,13664,M3.6,13664.0,13664.0,,,False,False,HEK_sep;HER_annual,provisional_source_reconciliation_only
noaa-science-v1-0-1:202405080644,2024-05-08 06:44:00+00:00,2024-05-08 06:53:00+00:00,M7.1,,1,missing_region_exact_start_peak_candidate,HEK_sep:1838;HER-annual:goes_events_2024.txt:1982,HEK_sep:1838;HER-annual:goes_events_2024.txt:1982,13664,M7.2,13664.0,13664.0,,,False,False,HEK_sep;HER_annual,provisional_source_reconciliation_only
noaa-science-v1-0-1:202405081126,2024-05-08 11:26:00+00:00,2024-05-08 12:04:00+00:00,M8.6,,1,missing_region_exact_start_peak_candidate,HEK_sep:1844;HER-annual:goes_events_2024.txt:1987,HEK_sep:1844;HER-annual:goes_events_2024.txt:1987,13664,M8.7,13664.0,13664.0,,,False,False,HEK_sep;HER_annual,provisional_source_reconciliation_only
noaa-science-v1-0-1:202405081732,2024-05-08 17:32:00+00:00,2024-05-08 17:53:00+00:00,M7.9,13664.0,1,existing_region_reference_conflict,HEK_base:1091;HEK_sep:1846;HEK_sep:1847;HER-annual:goes_events_2024.txt:1991,HEK_base:1091;HEK_sep:1846;HEK_sep:1847;HER-annual:goes_events_2024.txt:1991,13664;13668,M7.9,,,HEK_base:1091;HEK_sep:1847,,True,True,HEK_base;HEK_sep;HER_annual,provisional_source_reconciliation_only
noaa-science-v1-0-1:202405081814,2024-05-08 18:14:00+00:00,2024-05-08 18:36:00+00:00,M2.9,13663.0,1,existing_region_reference_conflict,HEK_base:1092;HEK_sep:1848;HEK_sep:1849;HER-annual:goes_events_2024.txt:1992,HEK_base:1092;HEK_sep:1848;HEK_sep:1849;HER-annual:goes_events_2024.txt:1992,13662;13663,M2.9,,,HEK_base:1092;HEK_sep:1848,,True,True,HEK_base;HEK_sep;HER_annual,provisional_source_reconciliation_only
noaa-science-v1-0-1:202405090624,2024-05-09 06:24:00+00:00,2024-05-09 06:27:00+00:00,M2.4,,1,missing_region_exact_start_peak_candidate,HEK_sep:1862;HER-annual:goes_events_2024.txt:2002,HEK_sep:1862;HER-annual:goes_events_2024.txt:2002,13664,M2.5,13664.0,13664.0,,,False,False,HEK_sep;HER_annual,provisional_source_reconciliation_only
noaa-science-v1-0-1:202405090830,2024-05-09 08:30:00+00:00,2024-05-09 08:40:00+00:00,M2.1,,1,missing_region_exact_start_peak_candidate,HEK_sep:1863;HER-annual:goes_events_2024.txt:2003,HEK_sep:1863;HER-annual:goes_events_2024.txt:2003,13663,M2.1,13663.0,13663.0,,,False,False,HEK_sep;HER_annual,provisional_source_reconciliation_only
noaa-science-v1-0-1:202405092208,2024-05-09 22:08:00+00:00,2024-05-09 22:15:00+00:00,M1.0,,1,missing_region_exact_start_peak_candidate,HEK_sep:1871;HER-annual:goes_events_2024.txt:2010,HEK_sep:1871;HER-annual:goes_events_2024.txt:2010,13663,M1.0,13663.0,13663.0,,,False,False,HEK_sep;HER_annual,provisional_source_reconciliation_only
noaa-science-v1-0-1:202405092224,2024-05-09 22:24:00+00:00,2024-05-09 22:41:00+00:00,M2.6,,1,missing_region_exact_start_peak_candidate,HEK_sep:1872;HER-annual:goes_events_2024.txt:2011,HEK_sep:1872;HER-annual:goes_events_2024.txt:2011,13664,M2.6,13664.0,13664.0,,,False,False,HEK_sep;HER_annual,provisional_source_reconciliation_only
noaa-science-v1-0-1:202405100614,2024-05-10 06:14:00+00:00,2024-05-10 06:24:00+00:00,M1.3,,1,missing_region_exact_start_peak_candidate,HEK_sep:1879;HER-annual:goes_events_2024.txt:2018,HEK_sep:1879;HER-annual:goes_events_2024.txt:2018,13664,M1.4,13664.0,13664.0,,,False,False,HEK_sep;HER_annual,provisional_source_reconciliation_only
noaa-science-v1-0-1:202405121340,2024-05-12 13:40:00+00:00,2024-05-12 13:47:00+00:00,M1.0,13679.0,1,existing_region_reference_conflict,HEK_base:1131;HEK_sep:1907;HEK_sep:1908;HER-annual:goes_events_2024.txt:2050,HEK_base:1131;HEK_sep:1907;HEK_sep:1908;HER-annual:goes_events_2024.txt:2050,13664;13679,M1.0,,,HEK_base:1131;HEK_sep:1908,,True,True,HEK_base;HEK_sep;HER_annual,provisional_source_reconciliation_only
noaa-science-v1-0-1:202405122214,2024-05-12 22:14:00+00:00,2024-05-12 22:18:00+00:00,M1.1,13676.0,1,existing_region_reference_conflict,HEK_base:1136;HEK_sep:1915;HEK_sep:1916;HER-annual:goes_events_2024.txt:2057,HEK_base:1136;HEK_sep:1915;HEK_sep:1916;HER-annual:goes_events_2024.txt:2057,13664;13676,M1.1,,,HEK_base:1136;HEK_sep:1915,,True,True,HEK_base;HEK_sep;HER_annual,provisional_source_reconciliation_only
noaa-science-v1-0-1:202405130847,2024-05-13 08:47:00+00:00,2024-05-13 09:33:00+00:00,M4.9,,1,missing_region_exact_start_peak_candidate,HEK_sep:1923;HER-annual:goes_events_2024.txt:2070,HEK_sep:1923;HER-annual:goes_events_2024.txt:2070,13664,M5.0,13664.0,13664.0,,,False,False,HEK_sep;HER_annual,provisional_source_reconciliation_only
noaa-science-v1-0-1:202405140123,2024-05-14 01:23:00+00:00,2024-05-14 01:48:00+00:00,M2.5,,1,missing_region_exact_start_peak_candidate,HEK_sep:1931;HER-annual:goes_events_2024.txt:2077,HEK_sep:1931;HER-annual:goes_events_2024.txt:2077,13664,M2.6,13664.0,13664.0,,,False,False,HEK_sep;HER_annual,provisional_source_reconciliation_only
noaa-science-v1-0-1:202405141725,2024-05-14 17:25:00+00:00,2024-05-14 17:38:00+00:00,M4.4,13682.0,1,existing_region_reference_conflict,HEK_base:1148;HEK_sep:1935;HEK_sep:1936;HER-annual:goes_events_2024.txt:2085,HEK_base:1148;HEK_sep:1935;HEK_sep:1936;HER-annual:goes_events_2024.txt:2085,13680;13682,M4.4;M4.5,,,HEK_base:1148;HEK_sep:1935,,True,True,HEK_base;HEK_sep;HER_annual,provisional_source_reconciliation_only
noaa-science-v1-0-1:202405150818,2024-05-15 08:18:00+00:00,2024-05-15 08:37:00+00:00,X3.4,,1,missing_region_exact_start_peak_candidate,HEK_sep:1939;HER-annual:goes_events_2024.txt:2094,HEK_sep:1939;HER-annual:goes_events_2024.txt:2094,13664,X3.5,13664.0,13664.0,,,False,False,HEK_sep;HER_annual,provisional_source_reconciliation_only
noaa-science-v1-0-1:202405172033,2024-05-17 20:33:00+00:00,2024-05-17 21:08:00+00:00,M7.2,13685.0,1,existing_region_reference_conflict,HEK_base:1153;HEK_sep:1945;HEK_sep:1946;HER-annual:goes_events_2024.txt:2123,HEK_base:1153;HEK_sep:1945;HEK_sep:1946;HER-annual:goes_events_2024.txt:2123,13685;13686,M7.2;M7.3,,,HEK_base:1153;HEK_sep:1946,,True,True,HEK_base;HEK_sep;HER_annual,provisional_source_reconciliation_only
noaa-science-v1-0-1:202405231003,2024-05-23 10:03:00+00:00,2024-05-23 10:08:00+00:00,M1.0,,1,missing_region_exact_start_peak_candidate,HEK_sep:1956;HER-annual:goes_events_2024.txt:2181,HEK_sep:1956;HER-annual:goes_events_2024.txt:2181,13679,M1.0,13679.0,13679.0,,,False,False,HEK_sep;HER_annual,provisional_source_reconciliation_only
noaa-science-v1-0-1:202405231553,2024-05-23 15:53:00+00:00,2024-05-23 15:58:00+00:00,M1.0,13689.0,1,existing_region_reference_conflict,HEK_base:1164;HEK_sep:1958;HEK_sep:1959;HER-annual:goes_events_2024.txt:2189,HEK_base:1164;HEK_sep:1958;HEK_sep:1959;HER-annual:goes_events_2024.txt:2189,13679;13689,M1.0,,,HEK_base:1164;HEK_sep:1958,,True,True,HEK_base;HEK_sep;HER_annual,provisional_source_reconciliation_only
noaa-science-v1-0-1:202405240628,2024-05-24 06:28:00+00:00,2024-05-24 07:06:00+00:00,M1.4,13679.0,1,existing_region_reference_conflict,HEK_base:1165;HEK_sep:1960;HEK_sep:1961;HER-annual:goes_events_2024.txt:2204,HEK_base:1165;HEK_sep:1960;HEK_sep:1961;HER-annual:goes_events_2024.txt:2204,13679;13685,M1.4;M1.5,,,HEK_base:1165;HEK_sep:1960,,True,True,HEK_base;HEK_sep;HER_annual,provisional_source_reconciliation_only
noaa-science-v1-0-1:202405240808,2024-05-24 08:08:00+00:00,2024-05-24 08:24:00+00:00,M1.3,,1,missing_region_exact_start_peak_candidate,HEK_sep:1964;HER-annual:goes_events_2024.txt:2206,HEK_sep:1964;HER-annual:goes_events_2024.txt:2206,13685,M1.3,13685.0,13685.0,,,False,False,HEK_sep;HER_annual,provisional_source_reconciliation_only
noaa-science-v1-0-1:202406080517,2024-06-08 05:17:00+00:00,2024-06-08 05:28:00+00:00,M1.5,13697.0,1,existing_region_reference_conflict,HEK_base:1198;HEK_sep:2008;HEK_sep:2009;HER-annual:goes_events_2024.txt:2444,HEK_base:1198;HEK_sep:2008;HEK_sep:2009;HER-annual:goes_events_2024.txt:2444,13697;13709,M1.5,,,HEK_base:1198;HEK_sep:2009,,True,True,HEK_base;HEK_sep;HER_annual,provisional_source_reconciliation_only
noaa-science-v1-0-1:202406080834,2024-06-08 08:34:00+00:00,2024-06-08 08:44:00+00:00,M1.2,13697.0,1,existing_region_reference_conflict,HEK_base:1199;HEK_sep:2010;HEK_sep:2011;HER-annual:goes_events_2024.txt:2445,HEK_base:1199;HEK_sep:2010;HEK_sep:2011;HER-annual:goes_events_2024.txt:2445,13697;13709,M1.2,,,HEK_base:1199;HEK_sep:2010,,True,True,HEK_base;HEK_sep;HER_annual,provisional_source_reconciliation_only
noaa-science-v1-0-1:202406220422,2024-06-22 04:22:00+00:00,2024-06-22 04:38:00+00:00,M1.2,,1,missing_region_no_exact_reference,HER-annual:goes_events_2024.txt:2684,,,M1.3,,,,,False,False,HER_annual,provisional_source_reconciliation_only
noaa-science-v1-0-1:202407030729,2024-07-03 07:29:00+00:00,2024-07-03 07:41:00+00:00,M1.5,13729.0,1,existing_region_reference_conflict,HEK_base:1234;HEK_sep:2060;HEK_sep:2061;HER-annual:goes_events_2024.txt:2840,HEK_base:1234;HEK_sep:2060;HEK_sep:2061;HER-annual:goes_events_2024.txt:2840,13729;13730,M1.5,,,HEK_base:1234;HEK_sep:2060,,True,True,HEK_base;HEK_sep;HER_annual,provisional_source_reconciliation_only
noaa-science-v1-0-1:202407041406,2024-07-04 14:06:00+00:00,2024-07-04 14:25:00+00:00,M1.0,13723.0,1,existing_region_reference_conflict,HEK_base:1235;HEK_sep:2062;HEK_sep:2063;HER-annual:goes_events_2024.txt:2857,HEK_base:1235;HEK_sep:2062;HEK_sep:2063;HER-annual:goes_events_2024.txt:2857,13723;13732,M1.0,,,HEK_base:1235;HEK_sep:2063,,True,True,HEK_base;HEK_sep;HER_annual,provisional_source_reconciliation_only
noaa-science-v1-0-1:202407071938,2024-07-07 19:38:00+00:00,2024-07-07 19:56:00+00:00,M1.0,,1,missing_region_no_exact_reference,HER-annual:goes_events_2024.txt:2907,,,M1.1,,,,,False,False,HER_annual,provisional_source_reconciliation_only
noaa-science-v1-0-1:202407072114,2024-07-07 21:14:00+00:00,2024-07-07 21:27:00+00:00,M1.3,,1,missing_region_no_exact_reference,HER-annual:goes_events_2024.txt:2908,,,M1.4,,,,,False,False,HER_annual,provisional_source_reconciliation_only
noaa-science-v1-0-1:202407072142,2024-07-07 21:42:00+00:00,2024-07-07 21:51:00+00:00,M1.1,,1,missing_region_no_exact_reference,HER-annual:goes_events_2024.txt:2909,,,M1.1,,,,,False,False,HER_annual,provisional_source_reconciliation_only
noaa-science-v1-0-1:202407072154,2024-07-07 21:54:00+00:00,2024-07-07 21:59:00+00:00,M1.4,,1,missing_region_exact_start_peak_candidate,HEK_sep:2066;HER-annual:goes_events_2024.txt:2910,HEK_sep:2066;HER-annual:goes_events_2024.txt:2910,13733,M1.5,13733.0,13733.0,,,False,False,HEK_sep;HER_annual,provisional_source_reconciliation_only
noaa-science-v1-0-1:202407081234,2024-07-08 12:34:00+00:00,2024-07-08 12:41:00+00:00,M1.1,,1,missing_region_no_exact_reference,HER-annual:goes_events_2024.txt:2923,,,M1.1,,,,,False,False,HER_annual,provisional_source_reconciliation_only
noaa-science-v1-0-1:202407131459,2024-07-13 14:59:00+00:00,2024-07-13 15:30:00+00:00,M1.8,13747.0,1,existing_region_reference_conflict,HEK_base:1247;HEK_sep:2078;HEK_sep:2079;HER-annual:goes_events_2024.txt:3012,HEK_base:1247;HEK_sep:2078;HEK_sep:2079;HER-annual:goes_events_2024.txt:3012,13745;13747,M1.8,,,HEK_base:1247;HEK_sep:2078,,True,True,HEK_base;HEK_sep;HER_annual,provisional_source_reconciliation_only
noaa-science-v1-0-1:202407131541,2024-07-13 15:41:00+00:00,2024-07-13 15:44:00+00:00,M1.9,13747.0,1,existing_region_reference_conflict,HEK_base:1248;HEK_sep:2080;HEK_sep:2081;HER-annual:goes_events_2024.txt:3013,HEK_base:1248;HEK_sep:2080;HEK_sep:2081;HER-annual:goes_events_2024.txt:3013,13738;13747,M1.9;M2.0,,,HEK_base:1248;HEK_sep:2081,,True,True,HEK_base;HEK_sep;HER_annual,provisional_source_reconciliation_only
noaa-science-v1-0-1:202407220931,2024-07-22 09:31:00+00:00,2024-07-22 09:35:00+00:00,M1.4,,1,missing_region_exact_start_peak_candidate,HEK_sep:2124;HER-annual:goes_events_2024.txt:3189,HEK_sep:2124;HER-annual:goes_events_2024.txt:3189,13744,M1.5,13744.0,13744.0,,,False,False,HEK_sep;HER_annual,provisional_source_reconciliation_only
noaa-science-v1-0-1:202407231349,2024-07-23 13:49:00+00:00,2024-07-23 14:28:00+00:00,M2.4,,1,missing_region_exact_start_peak_candidate,HEK_sep:2126;HER-annual:goes_events_2024.txt:3201,HEK_sep:2126;HER-annual:goes_events_2024.txt:3201,13764,M2.5,13764.0,13764.0,,,False,False,HEK_sep;HER_annual,provisional_source_reconciliation_only
noaa-science-v1-0-1:202407271016,2024-07-27 10:16:00+00:00,2024-07-27 10:40:00+00:00,M2.0,13767.0,1,existing_region_reference_conflict,HEK_base:1289;HEK_sep:2134;HEK_sep:2135;HER-annual:goes_events_2024.txt:3263,HEK_base:1289;HEK_sep:2134;HEK_sep:2135;HER-annual:goes_events_2024.txt:3263,13762;13767,M2.0,,,HEK_base:1289;HEK_sep:2135,,True,True,HEK_base;HEK_sep;HER_annual,provisional_source_reconciliation_only
noaa-science-v1-0-1:202407271750,2024-07-27 17:50:00+00:00,2024-07-27 18:06:00+00:00,M2.7,13765.0,1,existing_region_reference_conflict,HEK_base:1290;HEK_sep:2136;HEK_sep:2137;HER-annual:goes_events_2024.txt:3267,HEK_base:1290;HEK_sep:2136;HEK_sep:2137;HER-annual:goes_events_2024.txt:3267,13765;13766,M2.7,,,HEK_base:1290;HEK_sep:2137,,True,True,HEK_base;HEK_sep;HER_annual,provisional_source_reconciliation_only
noaa-science-v1-0-1:202407280139,2024-07-28 01:39:00+00:00,2024-07-28 01:51:00+00:00,M7.8,13766.0,1,existing_region_reference_conflict,HEK_base:1292;HEK_sep:2141;HEK_sep:2142;HER-annual:goes_events_2024.txt:3272,HEK_base:1292;HEK_sep:2141;HEK_sep:2142;HER-annual:goes_events_2024.txt:3272,13764;13766,M7.8;M7.9,,,HEK_base:1292;HEK_sep:2142,,True,True,HEK_base;HEK_sep;HER_annual,provisional_source_reconciliation_only
noaa-science-v1-0-1:202407280153,2024-07-28 01:53:00+00:00,2024-07-28 01:57:00+00:00,M9.9,13766.0,1,existing_region_reference_conflict,HEK_base:1293;HEK_sep:2143;HEK_sep:2144;HER-annual:goes_events_2024.txt:3273,HEK_base:1293;HEK_sep:2143;HEK_sep:2144;HER-annual:goes_events_2024.txt:3273,13764;13766,M9.9,,,HEK_base:1293;HEK_sep:2144,,True,True,HEK_base;HEK_sep;HER_annual,provisional_source_reconciliation_only
noaa-science-v1-0-1:202407281243,2024-07-28 12:43:00+00:00,2024-07-28 12:50:00+00:00,M2.6,13766.0,1,existing_region_reference_conflict,HEK_sep:2151;HER-annual:goes_events_2024.txt:3282,HEK_sep:2151;HER-annual:goes_events_2024.txt:3282,13767,M2.6,13767.0,,,,False,False,HEK_sep;HER_annual,provisional_source_reconciliation_only
noaa-science-v1-0-1:202407290233,2024-07-29 02:33:00+00:00,2024-07-29 02:37:00+00:00,X1.5,13766.0,1,existing_region_reference_conflict,HEK_base:1297;HEK_sep:2155;HEK_sep:2156;HER-annual:goes_events_2024.txt:3293,HEK_base:1297;HEK_sep:2155;HEK_sep:2156;HER-annual:goes_events_2024.txt:3293,13764;13766,X1.5,,,HEK_base:1297;HEK_sep:2156,,True,True,HEK_base;HEK_sep;HER_annual,provisional_source_reconciliation_only
noaa-science-v1-0-1:202407291404,2024-07-29 14:04:00+00:00,2024-07-29 14:46:00+00:00,M4.2,13765.0,1,existing_region_reference_conflict,HEK_base:1301;HEK_sep:2160;HER-annual:goes_events_2024.txt:3302,HEK_base:1301;HEK_sep:2160,13772,M4.2;M4.3,13772.0,,,,False,False,HEK_base;HEK_sep;HER_annual,provisional_source_reconciliation_only
noaa-science-v1-0-1:202407291940,2024-07-29 19:40:00+00:00,2024-07-29 19:57:00+00:00,M6.4,13766.0,1,existing_region_reference_conflict,HEK_base:1302;HEK_sep:2161;HER-annual:goes_events_2024.txt:3307,HEK_base:1302;HEK_sep:2161,13772,M6.4,13772.0,,,,False,False,HEK_base;HEK_sep;HER_annual,provisional_source_reconciliation_only
noaa-science-v1-0-1:202407300130,2024-07-30 01:30:00+00:00,2024-07-30 01:32:00+00:00,M1.3,13762.0,1,existing_region_reference_conflict,HEK_base:1306;HEK_sep:2165;HEK_sep:2166;HER-annual:goes_events_2024.txt:3312,HEK_base:1306;HEK_sep:2165;HEK_sep:2166;HER-annual:goes_events_2024.txt:3312,13762;13768,M1.3,,,HEK_base:1306;HEK_sep:2165,,True,True,HEK_base;HEK_sep;HER_annual,provisional_source_reconciliation_only
noaa-science-v1-0-1:202407311807,2024-07-31 18:07:00+00:00,2024-07-31 18:37:00+00:00,M5.4,13768.0,1,existing_region_reference_conflict,HEK_base:1313;HEK_sep:2175;HEK_sep:2176;HEK_sep:2177;HER-annual:goes_events_2024.txt:3339;HER-annual:goes_events_2024.txt:3340,HEK_base:1313;HEK_sep:2176;HEK_sep:2177;HER-annual:goes_events_2024.txt:3340,13756;13768,M5.4,,,HEK_base:1313;HEK_sep:2176,,True,True,HEK_base;HEK_sep;HER_annual,provisional_source_reconciliation_only
noaa-science-v1-0-1:202408010552,2024-08-01 05:52:00+00:00,2024-08-01 05:56:00+00:00,M1.5,13768.0,1,existing_region_reference_conflict,HEK_base:1321;HEK_sep:2188;HEK_sep:2189;HER-annual:goes_events_2024.txt:3355,HEK_base:1321;HEK_sep:2188;HEK_sep:2189;HER-annual:goes_events_2024.txt:3355,13765;13768,M1.5,,,HEK_base:1321;HEK_sep:2188,,True,True,HEK_base;HEK_sep;HER_annual,provisional_source_reconciliation_only
noaa-science-v1-0-1:202408011109,2024-08-01 11:09:00+00:00,2024-08-01 11:37:00+00:00,M4.1,13768.0,1,existing_region_reference_conflict,HEK_base:1323;HEK_sep:2192;HEK_sep:2193;HER-annual:goes_events_2024.txt:3358,HEK_base:1323;HEK_sep:2192;HEK_sep:2193;HER-annual:goes_events_2024.txt:3358,13768;13772,M4.1,,,HEK_base:1323;HEK_sep:2192,,True,True,HEK_base;HEK_sep;HER_annual,provisional_source_reconciliation_only
noaa-science-v1-0-1:202408011141,2024-08-01 11:41:00+00:00,2024-08-01 11:47:00+00:00,M4.1,,1,missing_region_exact_start_peak_candidate,HEK_sep:2194;HER-annual:goes_events_2024.txt:3359,HEK_sep:2194;HER-annual:goes_events_2024.txt:3359,13772,M4.2,13772.0,13772.0,,,False,False,HEK_sep;HER_annual,provisional_source_reconciliation_only
noaa-science-v1-0-1:202408011633,2024-08-01 16:33:00+00:00,2024-08-01 16:37:00+00:00,M1.3,13765.0,1,existing_region_reference_conflict,HEK_base:1325;HEK_sep:2197;HEK_sep:2198;HER-annual:goes_events_2024.txt:3362,HEK_base:1325;HEK_sep:2197;HEK_sep:2198;HER-annual:goes_events_2024.txt:3362,13765;13768,M1.3,,,HEK_base:1325;HEK_sep:2198,,True,True,HEK_base;HEK_sep;HER_annual,provisional_source_reconciliation_only
noaa-science-v1-0-1:202408011644,2024-08-01 16:44:00+00:00,2024-08-01 16:47:00+00:00,M1.6,,1,missing_region_exact_start_peak_candidate,HEK_sep:2199;HER-annual:goes_events_2024.txt:3363,HEK_sep:2199;HER-annual:goes_events_2024.txt:3363,13774,M1.6,13774.0,13774.0,,,False,False,HEK_sep;HER_annual,provisional_source_reconciliation_only
noaa-science-v1-0-1:202408012300,2024-08-01 23:00:00+00:00,2024-08-01 23:08:00+00:00,M1.4,13772.0,1,existing_region_reference_conflict,HEK_base:1328;HEK_sep:2202;HEK_sep:2203;HER-annual:goes_events_2024.txt:3367,HEK_base:1328;HEK_sep:2202;HEK_sep:2203;HER-annual:goes_events_2024.txt:3367,13772;13774,M1.4,,,HEK_base:1328;HEK_sep:2202,,True,True,HEK_base;HEK_sep;HER_annual,provisional_source_reconciliation_only
noaa-science-v1-0-1:202408020751,2024-08-02 07:51:00+00:00,2024-08-02 07:59:00+00:00,M2.1,13765.0,1,existing_region_reference_conflict,HEK_base:1333;HEK_sep:2210;HEK_sep:2211;HER-annual:goes_events_2024.txt:3374,HEK_base:1333;HEK_sep:2210;HEK_sep:2211;HER-annual:goes_events_2024.txt:3374,13765;13775,M2.1;M2.2,,,HEK_base:1333;HEK_sep:2210,,True,True,HEK_base;HEK_sep;HER_annual,provisional_source_reconciliation_only
noaa-science-v1-0-1:202408022341,2024-08-02 23:41:00+00:00,2024-08-02 23:58:00+00:00,M1.3,,1,missing_region_no_exact_reference,,,,,,,,,False,False,,provisional_source_reconciliation_only
noaa-science-v1-0-1:202408030652,2024-08-03 06:52:00+00:00,2024-08-03 07:05:00+00:00,M1.5,13770.0,1,existing_region_reference_conflict,HEK_base:1341;HEK_sep:2219;HEK_sep:2220;HER-annual:goes_events_2024.txt:3396,HEK_base:1341;HEK_sep:2219;HEK_sep:2220;HER-annual:goes_events_2024.txt:3396,13768;13770,M1.5,,,HEK_base:1341;HEK_sep:2220,,True,True,HEK_base;HEK_sep;HER_annual,provisional_source_reconciliation_only
noaa-science-v1-0-1:202408030711,2024-08-03 07:11:00+00:00,2024-08-03 07:30:00+00:00,M1.9,13770.0,1,existing_region_reference_conflict,HEK_base:1342;HEK_sep:2221;HEK_sep:2222;HER-annual:goes_events_2024.txt:3397,HEK_base:1342;HEK_sep:2221;HEK_sep:2222;HER-annual:goes_events_2024.txt:3397,13765;13770,M1.9,,,HEK_base:1342;HEK_sep:2221,,True,True,HEK_base;HEK_sep;HER_annual,provisional_source_reconciliation_only
noaa-science-v1-0-1:202408031917,2024-08-03 19:17:00+00:00,2024-08-03 19:30:00+00:00,M5.4,,1,missing_region_no_exact_reference,HER-annual:goes_events_2024.txt:3406,,,M5.5,,,,,False,False,HER_annual,provisional_source_reconciliation_only
noaa-science-v1-0-1:202408040935,2024-08-04 09:35:00+00:00,2024-08-04 09:44:00+00:00,M1.2,,1,missing_region_no_exact_reference,HER-annual:goes_events_2024.txt:3413,,,M1.2,,,,,False,False,HER_annual,provisional_source_reconciliation_only
noaa-science-v1-0-1:202408050949,2024-08-05 09:49:00+00:00,2024-08-05 10:01:00+00:00,M1.7,,1,missing_region_exact_start_peak_candidate,HEK_sep:2235;HER-annual:goes_events_2024.txt:3429,HEK_sep:2235;HER-annual:goes_events_2024.txt:3429,13767,M1.7,13767.0,13767.0,,,False,False,HEK_sep;HER_annual,provisional_source_reconciliation_only
noaa-science-v1-0-1:202408051756,2024-08-05 17:56:00+00:00,2024-08-05 18:02:00+00:00,M1.0,,1,missing_region_exact_start_peak_candidate,HEK_sep:2238;HER-annual:goes_events_2024.txt:3432,HEK_sep:2238;HER-annual:goes_events_2024.txt:3432,13767,M1.0,13767.0,13767.0,,,False,False,HEK_sep;HER_annual,provisional_source_reconciliation_only
noaa-science-v1-0-1:202408161313,2024-08-16 13:13:00+00:00,2024-08-16 13:24:00+00:00,M1.3,13780.0,1,existing_region_reference_conflict,HEK_base:1390;HEK_sep:2287;HEK_sep:2288;HER-annual:goes_events_2024.txt:3595,HEK_base:1390;HEK_sep:2287;HEK_sep:2288;HER-annual:goes_events_2024.txt:3595,13777;13780,M1.3,,,HEK_base:1390;HEK_sep:2288,,True,True,HEK_base;HEK_sep;HER_annual,provisional_source_reconciliation_only
noaa-science-v1-0-1:202408182346,2024-08-18 23:46:00+00:00,2024-08-19 00:00:00+00:00,M1.4,,1,missing_region_no_exact_reference,,,,,,,,,False,False,,provisional_source_reconciliation_only
noaa-science-v1-0-1:202408310852,2024-08-31 08:52:00+00:00,2024-08-31 08:59:00+00:00,M1.2,,1,missing_region_no_exact_reference,HER-annual:goes_events_2024.txt:3820,,,M1.2,,,,,False,False,HER_annual,provisional_source_reconciliation_only
noaa-science-v1-0-1:202409010747,2024-09-01 07:47:00+00:00,2024-09-01 07:57:00+00:00,M1.4,,1,missing_region_no_exact_reference,HER-annual:goes_events_2024.txt:3834,,,M1.4,,,,,False,False,HER_annual,provisional_source_reconciliation_only
noaa-science-v1-0-1:202409011328,2024-09-01 13:28:00+00:00,2024-09-01 13:31:00+00:00,M5.5,,1,missing_region_no_exact_reference,HER-annual:goes_events_2024.txt:3838,,,M5.6,,,,,False,False,HER_annual,provisional_source_reconciliation_only
noaa-science-v1-0-1:202409021311,2024-09-02 13:11:00+00:00,2024-09-02 13:27:00+00:00,M1.8,,1,missing_region_no_exact_reference,HER-annual:goes_events_2024.txt:3848,,,M1.8,,,,,False,False,HER_annual,provisional_source_reconciliation_only
noaa-science-v1-0-1:202409030712,2024-09-03 07:12:00+00:00,2024-09-03 07:22:00+00:00,M1.4,13813.0,1,existing_region_reference_conflict,HEK_base:1431;HEK_sep:2339;HEK_sep:2340;HER-annual:goes_events_2024.txt:3860,HEK_base:1431;HEK_sep:2339;HEK_sep:2340;HER-annual:goes_events_2024.txt:3860,13807;13813,M1.4;M1.5,,,HEK_base:1431;HEK_sep:2339,,True,True,HEK_base;HEK_sep;HER_annual,provisional_source_reconciliation_only
noaa-science-v1-0-1:202409031608,2024-09-03 16:08:00+00:00,2024-09-03 16:13:00+00:00,M2.9,,1,missing_region_exact_start_peak_candidate,HEK_sep:2342;HER-annual:goes_events_2024.txt:3865,HEK_sep:2342;HER-annual:goes_events_2024.txt:3865,13813,M2.9,13813.0,13813.0,,,False,False,HEK_sep;HER_annual,provisional_source_reconciliation_only
noaa-science-v1-0-1:202409040449,2024-09-04 04:49:00+00:00,2024-09-04 04:56:00+00:00,M1.2,13807.0,1,existing_region_reference_conflict,HEK_base:1434;HEK_sep:2345;HEK_sep:2346;HER-annual:goes_events_2024.txt:3878,HEK_base:1434;HEK_sep:2346,13807;13813,M1.2;M1.3,,,HEK_base:1434;HEK_sep:2346,,True,True,HEK_base;HEK_sep;HER_annual,provisional_source_reconciliation_only
noaa-science-v1-0-1:202409090540,2024-09-09 05:40:00+00:00,2024-09-09 05:45:00+00:00,M1.8,13806.0,1,existing_region_reference_conflict,HEK_base:1448;HEK_sep:2364;HEK_sep:2365;HER-annual:goes_events_2024.txt:3955,HEK_base:1448;HEK_sep:2364;HEK_sep:2365;HER-annual:goes_events_2024.txt:3955,13806;13808,M1.8;M1.9,,,HEK_base:1448;HEK_sep:2365,,True,True,HEK_base;HEK_sep;HER_annual,provisional_source_reconciliation_only
noaa-science-v1-0-1:202409090841,2024-09-09 08:41:00+00:00,2024-09-09 08:50:00+00:00,M1.5,13806.0,1,existing_region_reference_conflict,HEK_base:1449;HEK_sep:2366;HEK_sep:2367;HER-annual:goes_events_2024.txt:3956,HEK_base:1449;HEK_sep:2366;HEK_sep:2367;HER-annual:goes_events_2024.txt:3956,13806;13808,M1.5,,,HEK_base:1449;HEK_sep:2367,,True,True,HEK_base;HEK_sep;HER_annual,provisional_source_reconciliation_only
noaa-science-v1-0-1:202409101534,2024-09-10 15:34:00+00:00,2024-09-10 15:47:00+00:00,M1.6,,1,missing_region_exact_start_peak_candidate,HEK_sep:2374;HER-annual:goes_events_2024.txt:3971,HEK_sep:2374;HER-annual:goes_events_2024.txt:3971,13806,M1.6,13806.0,13806.0,,,False,False,HEK_sep;HER_annual,provisional_source_reconciliation_only
noaa-science-v1-0-1:202409111524,2024-09-11 15:24:00+00:00,2024-09-11 15:30:00+00:00,M1.8,,1,missing_region_no_exact_reference,HER-annual:goes_events_2024.txt:3988,,,M1.9,,,,,False,False,HER_annual,provisional_source_reconciliation_only
noaa-science-v1-0-1:202409121313,2024-09-12 13:13:00+00:00,2024-09-12 13:21:00+00:00,M1.2,13824.0,1,existing_region_reference_conflict,HEK_base:1464;HEK_sep:2385;HEK_sep:2386;HER-annual:goes_events_2024.txt:3993,HEK_base:1464;HEK_sep:2385;HEK_sep:2386;HER-annual:goes_events_2024.txt:3993,13811;13824,M1.2,,,HEK_base:1464;HEK_sep:2385,,True,True,HEK_base;HEK_sep;HER_annual,provisional_source_reconciliation_only
noaa-science-v1-0-1:202409291249,2024-09-29 12:49:00+00:00,2024-09-29 12:53:00+00:00,M1.0,,1,missing_region_no_exact_reference,HER-annual:goes_events_2024.txt:4129,,,M1.0,,,,,False,False,HER_annual,provisional_source_reconciliation_only
noaa-science-v1-0-1:202410020507,2024-10-02 05:07:00+00:00,2024-10-02 05:16:00+00:00,M1.0,,1,missing_region_no_exact_reference,,,,,,,,,False,False,,provisional_source_reconciliation_only
noaa-science-v1-0-1:202410032003,2024-10-03 20:03:00+00:00,2024-10-03 20:06:00+00:00,M1.0,,1,missing_region_no_exact_reference,,,,,,,,,False,False,,provisional_source_reconciliation_only
noaa-science-v1-0-1:202410050347,2024-10-05 03:47:00+00:00,2024-10-05 04:08:00+00:00,M1.0,,1,missing_region_no_exact_reference,,,,,,,,,False,False,,provisional_source_reconciliation_only
noaa-science-v1-0-1:202410062052,2024-10-06 20:52:00+00:00,2024-10-06 21:19:00+00:00,M1.5,13842.0,1,existing_region_reference_conflict,HEK_base:1520;HEK_sep:2454;HEK_sep:2455;HER-annual:goes_events_2024.txt:4221,HEK_base:1520;HEK_sep:2454;HEK_sep:2455;HER-annual:goes_events_2024.txt:4221,13839;13842,M1.5;M1.6,,,HEK_base:1520;HEK_sep:2455,,True,True,HEK_base;HEK_sep;HER_annual,provisional_source_reconciliation_only
noaa-science-v1-0-1:202410071803,2024-10-07 18:03:00+00:00,2024-10-07 18:38:00+00:00,M1.3,13842.0,1,existing_region_reference_conflict,HEK_base:1521;HEK_sep:2456;HEK_sep:2457;HER-annual:goes_events_2024.txt:4235,HEK_base:1521;HEK_sep:2456;HEK_sep:2457;HER-annual:goes_events_2024.txt:4235,13842;13844,M1.3,,,HEK_base:1521;HEK_sep:2456,,True,True,HEK_base;HEK_sep;HER_annual,provisional_source_reconciliation_only
noaa-science-v1-0-1:202410091544,2024-10-09 15:44:00+00:00,2024-10-09 15:47:00+00:00,X1.4,13842.0,1,existing_region_reference_conflict,HEK_base:1526;HEK_sep:2464;HEK_sep:2465;HER-annual:goes_events_2024.txt:4250,HEK_base:1526;HEK_sep:2464;HEK_sep:2465;HER-annual:goes_events_2024.txt:4250,13842;13843,X1.4,,,HEK_base:1526;HEK_sep:2464,,True,True,HEK_base;HEK_sep;HER_annual,provisional_source_reconciliation_only
noaa-science-v1-0-1:202410101147,2024-10-10 11:47:00+00:00,2024-10-10 12:01:00+00:00,M1.3,,1,missing_region_exact_start_peak_candidate,HEK_sep:2467;HER-annual:goes_events_2024.txt:4256,HEK_sep:2467;HER-annual:goes_events_2024.txt:4256,13839,M1.3,13839.0,13839.0,,,False,False,HEK_sep;HER_annual,provisional_source_reconciliation_only
noaa-science-v1-0-1:202410101651,2024-10-10 16:51:00+00:00,2024-10-10 17:00:00+00:00,M1.0,13842.0,1,existing_region_reference_conflict,HEK_base:1529;HEK_sep:2470;HEK_sep:2471;HER-annual:goes_events_2024.txt:4260,HEK_base:1529;HEK_sep:2470;HEK_sep:2471;HER-annual:goes_events_2024.txt:4260,13839;13842,M1.0,,,HEK_base:1529;HEK_sep:2471,,True,True,HEK_base;HEK_sep;HER_annual,provisional_source_reconciliation_only
noaa-science-v1-0-1:202410102154,2024-10-10 21:54:00+00:00,2024-10-10 22:30:00+00:00,M3.0,13842.0,1,existing_region_reference_conflict,HEK_base:1530;HEK_sep:2472;HEK_sep:2473;HER-annual:goes_events_2024.txt:4262,HEK_base:1530;HEK_sep:2472;HEK_sep:2473;HER-annual:goes_events_2024.txt:4262,13842;13844,M3.0,,,HEK_base:1530;HEK_sep:2473,,True,True,HEK_base;HEK_sep;HER_annual,provisional_source_reconciliation_only
noaa-science-v1-0-1:202410160338,2024-10-16 03:38:00+00:00,2024-10-16 03:46:00+00:00,M3.7,13852.0,1,existing_region_reference_conflict,HEK_base:1541;HEK_sep:2487;HEK_sep:2488;HER-annual:goes_events_2024.txt:4332,HEK_base:1541;HEK_sep:2487;HEK_sep:2488;HER-annual:goes_events_2024.txt:4332,13852;13854,M3.7,,,HEK_base:1541;HEK_sep:2487,,True,True,HEK_base;HEK_sep;HER_annual,provisional_source_reconciliation_only
noaa-science-v1-0-1:202410170453,2024-10-17 04:53:00+00:00,2024-10-17 05:05:00+00:00,M2.4,13852.0,1,existing_region_reference_conflict,HEK_base:1547;HEK_sep:2494;HEK_sep:2495;HER-annual:goes_events_2024.txt:4348,HEK_base:1547;HEK_sep:2494;HEK_sep:2495;HER-annual:goes_events_2024.txt:4348,13852;13854,M2.4,,,HEK_base:1547;HEK_sep:2495,,True,True,HEK_base;HEK_sep;HER_annual,provisional_source_reconciliation_only
noaa-science-v1-0-1:202410182313,2024-10-18 23:13:00+00:00,2024-10-18 23:28:00+00:00,M4.7,13852.0,1,existing_region_reference_conflict,HEK_base:1550;HEK_sep:2498;HEK_sep:2499;HER-annual:goes_events_2024.txt:4368,HEK_base:1550;HEK_sep:2498;HEK_sep:2499;HER-annual:goes_events_2024.txt:4368,13852;13854,M4.7;M4.8,,,HEK_base:1550;HEK_sep:2498,,True,True,HEK_base;HEK_sep;HER_annual,provisional_source_reconciliation_only
noaa-science-v1-0-1:202410261157,2024-10-26 11:57:00+00:00,2024-10-26 12:05:00+00:00,M2.8,,1,missing_region_no_exact_reference,HER-annual:goes_events_2024.txt:4429,,,M2.9,,,,,False,False,HER_annual,provisional_source_reconciliation_only
noaa-science-v1-0-1:202410261404,2024-10-26 14:04:00+00:00,2024-10-26 14:16:00+00:00,M1.6,,1,missing_region_no_exact_reference,HER-annual:goes_events_2024.txt:4431,,,M1.7,,,,,False,False,HER_annual,provisional_source_reconciliation_only
noaa-science-v1-0-1:202411020813,2024-11-02 08:13:00+00:00,2024-11-02 08:31:00+00:00,M1.2,13876.0,1,existing_region_reference_conflict,HEK_base:1577;HEK_sep:2532;HEK_sep:2533;HER-annual:goes_events_2024.txt:4503,HEK_base:1577;HEK_sep:2532;HEK_sep:2533;HER-annual:goes_events_2024.txt:4503,13871;13876,M1.2,,,HEK_base:1577;HEK_sep:2533,,True,True,HEK_base;HEK_sep;HER_annual,provisional_source_reconciliation_only
noaa-science-v1-0-1:202411030302,2024-11-03 03:02:00+00:00,2024-11-03 03:11:00+00:00,M1.1,13869.0,1,existing_region_reference_conflict,HEK_base:1578;HEK_sep:2534;HEK_sep:2535;HER-annual:goes_events_2024.txt:4506,HEK_base:1578;HEK_sep:2534;HEK_sep:2535;HER-annual:goes_events_2024.txt:4506,13869;13884,M1.1,,,HEK_base:1578;HEK_sep:2535,,True,True,HEK_base;HEK_sep;HER_annual,provisional_source_reconciliation_only
noaa-science-v1-0-1:202411031511,2024-11-03 15:11:00+00:00,2024-11-03 15:24:00+00:00,M1.4,13869.0,1,existing_region_reference_conflict,HEK_base:1580;HEK_sep:2538;HEK_sep:2539;HER-annual:goes_events_2024.txt:4517,HEK_base:1580;HEK_sep:2538;HEK_sep:2539;HER-annual:goes_events_2024.txt:4517,13868;13869,M1.4,,,HEK_base:1580;HEK_sep:2538,,True,True,HEK_base;HEK_sep;HER_annual,provisional_source_reconciliation_only
noaa-science-v1-0-1:202411041526,2024-11-04 15:26:00+00:00,2024-11-04 15:33:00+00:00,M3.7,,1,missing_region_no_exact_reference,,,,,,,,,False,False,,provisional_source_reconciliation_only
noaa-science-v1-0-1:202411050635,2024-11-05 06:35:00+00:00,2024-11-05 06:54:00+00:00,M2.6,,1,missing_region_no_exact_reference,HER-annual:goes_events_2024.txt:4549,,,M2.6,,,,,False,False,HER_annual,provisional_source_reconciliation_only
noaa-science-v1-0-1:202411060848,2024-11-06 08:48:00+00:00,2024-11-06 08:50:00+00:00,M5.8,13887.0,1,existing_region_reference_conflict,HEK_base:1600;HEK_sep:2563;HEK_sep:2564;HER-annual:goes_events_2024.txt:4565,HEK_base:1600;HEK_sep:2563;HEK_sep:2564;HER-annual:goes_events_2024.txt:4565,13878;13887,M5.8;M5.9,,,HEK_base:1600;HEK_sep:2564,,True,True,HEK_base;HEK_sep;HER_annual,provisional_source_reconciliation_only
noaa-science-v1-0-1:202411062310,2024-11-06 23:10:00+00:00,2024-11-06 23:16:00+00:00,M1.1,13889.0,1,existing_region_reference_conflict,HEK_base:1609;HEK_sep:2573;HEK_sep:2574;HER-annual:goes_events_2024.txt:4577,HEK_base:1609;HEK_sep:2573;HEK_sep:2574;HER-annual:goes_events_2024.txt:4577,13887;13889,M1.1,,,HEK_base:1609;HEK_sep:2574,,True,True,HEK_base;HEK_sep;HER_annual,provisional_source_reconciliation_only
noaa-science-v1-0-1:202411131657,2024-11-13 16:57:00+00:00,2024-11-13 17:08:00+00:00,M1.7,13889.0,1,existing_region_reference_conflict,HEK_base:1626;HEK_sep:2593;HEK_sep:2594;HER-annual:goes_events_2024.txt:4667,HEK_base:1626;HEK_sep:2593;HEK_sep:2594;HER-annual:goes_events_2024.txt:4667,13889;13891,M1.7,,,HEK_base:1626;HEK_sep:2593,,True,True,HEK_base;HEK_sep;HER_annual,provisional_source_reconciliation_only
noaa-science-v1-0-1:202411160126,2024-11-16 01:26:00+00:00,2024-11-16 01:37:00+00:00,M1.6,13889.0,1,existing_region_reference_conflict,HEK_base:1630;HEK_sep:2600;HEK_sep:2601;HER-annual:goes_events_2024.txt:4693,HEK_base:1630;HEK_sep:2600;HEK_sep:2601;HER-annual:goes_events_2024.txt:4693,13889;13892,M1.6,,,HEK_base:1630;HEK_sep:2600,,True,True,HEK_base;HEK_sep;HER_annual,provisional_source_reconciliation_only
noaa-science-v1-0-1:202411181845,2024-11-18 18:45:00+00:00,2024-11-18 19:15:00+00:00,M2.0,13901.0,1,existing_region_reference_conflict,HEK_base:1639;HEK_sep:2611;HEK_sep:2612;HER-annual:goes_events_2024.txt:4740,HEK_base:1639;HEK_sep:2611;HEK_sep:2612;HER-annual:goes_events_2024.txt:4740,13899;13901,M2.0,,,HEK_base:1639;HEK_sep:2611,,True,True,HEK_base;HEK_sep;HER_annual,provisional_source_reconciliation_only
noaa-science-v1-0-1:202411182350,2024-11-18 23:50:00+00:00,2024-11-19 00:00:00+00:00,M1.1,,1,missing_region_exact_start_peak_candidate,HEK_sep:2614,HEK_sep:2614,13889,M1.1,13889.0,13889.0,,,False,False,HEK_sep,provisional_source_reconciliation_only
noaa-science-v1-0-1:202411201912,2024-11-20 19:12:00+00:00,2024-11-20 19:48:00+00:00,M1.1,13897.0,1,existing_region_reference_conflict,HEK_base:1641;HEK_sep:2615;HEK_sep:2616;HER-annual:goes_events_2024.txt:4768,,13889;13897,M1.1;M1.2,,,HEK_base:1641;HEK_sep:2616,,True,True,HEK_base;HEK_sep;HER_annual,provisional_source_reconciliation_only
noaa-science-v1-0-1:202411242011,2024-11-24 20:11:00+00:00,2024-11-24 20:22:00+00:00,M1.1,,1,missing_region_no_exact_reference,HER-annual:goes_events_2024.txt:4820,,,M1.1,,,,,False,False,HER_annual,provisional_source_reconciliation_only
noaa-science-v1-0-1:202411250724,2024-11-25 07:24:00+00:00,2024-11-25 07:42:00+00:00,M9.4,,1,missing_region_no_exact_reference,HER-annual:goes_events_2024.txt:4828,,,M9.4,,,,,False,False,HER_annual,provisional_source_reconciliation_only
noaa-science-v1-0-1:202411251201,2024-11-25 12:01:00+00:00,2024-11-25 12:12:00+00:00,M2.0,13905.0,1,existing_region_reference_conflict,HEK_base:1648;HEK_sep:2625;HEK_sep:2626;HER-annual:goes_events_2024.txt:4830,HEK_base:1648;HEK_sep:2625;HEK_sep:2626;HER-annual:goes_events_2024.txt:4830,13905;13906,M2.0,,,HEK_base:1648;HEK_sep:2625,,True,True,HEK_base;HEK_sep;HER_annual,provisional_source_reconciliation_only
noaa-science-v1-0-1:202412040952,2024-12-04 09:52:00+00:00,2024-12-04 10:00:00+00:00,M2.3,,1,missing_region_no_exact_reference,HER-annual:goes_events_2024.txt:4942,,,M2.3,,,,,False,False,HER_annual,provisional_source_reconciliation_only
noaa-science-v1-0-1:202412100636,2024-12-10 06:36:00+00:00,2024-12-10 06:48:00+00:00,M6.4,,1,missing_region_no_exact_reference,HER-annual:goes_events_2024.txt:5041,,,M6.4,,,,,False,False,HER_annual,provisional_source_reconciliation_only
noaa-science-v1-0-1:202412122058,2024-12-12 20:58:00+00:00,2024-12-12 21:06:00+00:00,M1.2,,1,missing_region_no_exact_reference,,,,,,,,,False,False,,provisional_source_reconciliation_only
noaa-science-v1-0-1:202412152015,2024-12-15 20:15:00+00:00,2024-12-15 20:24:00+00:00,M3.1,,1,missing_region_exact_start_peak_candidate,HEK_sep:2656;HER-annual:goes_events_2024.txt:5143,HEK_sep:2656;HER-annual:goes_events_2024.txt:5143,13920,M3.1,13920.0,13920.0,,,False,False,HEK_sep;HER_annual,provisional_source_reconciliation_only
noaa-science-v1-0-1:202412191856,2024-12-19 18:56:00+00:00,2024-12-19 19:00:00+00:00,M1.7,13928.0,1,existing_region_reference_conflict,HEK_base:1676;HEK_sep:2660;HEK_sep:2661;HER-annual:goes_events_2024.txt:5195,HEK_base:1676;HEK_sep:2660;HEK_sep:2661;HER-annual:goes_events_2024.txt:5195,13927;13928,M1.7;M1.8,,,HEK_base:1676;HEK_sep:2661,,True,True,HEK_base;HEK_sep;HER_annual,provisional_source_reconciliation_only
noaa-science-v1-0-1:202412222039,2024-12-22 20:39:00+00:00,2024-12-22 20:49:00+00:00,M1.1,13932.0,1,existing_region_reference_conflict,HEK_base:1682;HEK_sep:2669;HEK_sep:2670;HEK_sep:2671;HER-annual:goes_events_2024.txt:5244;HER-annual:goes_events_2024.txt:5245,HEK_base:1682;HEK_sep:2670;HEK_sep:2671;HER-annual:goes_events_2024.txt:5245,13928;13932,M1.1;M1.2,,,HEK_base:1682;HEK_sep:2669;HEK_sep:2670;HER-annual:goes_events_2024.txt:5244,HER-annual:goes_events_2024.txt:5244,True,True,HEK_base;HEK_sep;HER_annual,provisional_source_reconciliation_only
noaa-science-v1-0-1:202412230210,2024-12-23 02:10:00+00:00,2024-12-23 02:31:00+00:00,M1.0,,1,missing_region_no_exact_reference,HER-annual:goes_events_2024.txt:5252,,,M1.0,,,,,False,False,HER_annual,provisional_source_reconciliation_only
noaa-science-v1-0-1:202412282204,2024-12-28 22:04:00+00:00,2024-12-28 22:14:00+00:00,M1.2,13933.0,1,existing_region_reference_conflict,HEK_base:1700;HEK_sep:2694;HEK_sep:2695;HER-annual:goes_events_2024.txt:5341,HEK_base:1700;HEK_sep:2694;HEK_sep:2695;HER-annual:goes_events_2024.txt:5341,13927;13933,M1.2,,,HEK_base:1700;HEK_sep:2695,,True,True,HEK_base;HEK_sep;HER_annual,provisional_source_reconciliation_only
noaa-science-v1-0-1:202412290541,2024-12-29 05:41:00+00:00,2024-12-29 05:47:00+00:00,M3.5,13939.0,1,existing_region_reference_conflict,HEK_base:1707;HEK_sep:2702;HEK_sep:2703;HER-annual:goes_events_2024.txt:5351,HEK_base:1707;HEK_sep:2702;HEK_sep:2703;HER-annual:goes_events_2024.txt:5351,13929;13939,M3.5,,,HEK_base:1707;HEK_sep:2703,,True,True,HEK_base;HEK_sep;HER_annual,provisional_source_reconciliation_only
noaa-science-v1-0-1:202412291026,2024-12-29 10:26:00+00:00,2024-12-29 10:39:00+00:00,M2.7,13938.0,1,existing_region_reference_conflict,HEK_base:1712;HEK_sep:2708;HEK_sep:2709;HER-annual:goes_events_2024.txt:5356,HEK_base:1712;HEK_sep:2708;HEK_sep:2709;HER-annual:goes_events_2024.txt:5356,13932;13938,M2.6;M2.7,,,HEK_base:1712;HEK_sep:2708,,True,True,HEK_base;HEK_sep;HER_annual,provisional_source_reconciliation_only
noaa-science-v1-0-1:202412291827,2024-12-29 18:27:00+00:00,2024-12-29 18:41:00+00:00,M3.3,13934.0,1,existing_region_reference_conflict,HEK_base:1719;HEK_sep:2716;HEK_sep:2717;HER-annual:goes_events_2024.txt:5363,HEK_base:1719;HEK_sep:2716;HEK_sep:2717;HER-annual:goes_events_2024.txt:5363,13934;13936,M3.3,,,HEK_base:1719;HEK_sep:2716,,True,True,HEK_base;HEK_sep;HER_annual,provisional_source_reconciliation_only
noaa-science-v1-0-1:202412292032,2024-12-29 20:32:00+00:00,2024-12-29 20:39:00+00:00,M1.1,13933.0,1,existing_region_reference_conflict,HEK_base:1720;HEK_sep:2718;HEK_sep:2719;HER-annual:goes_events_2024.txt:5365,,13933;13936,M1.1,,,HEK_base:1720;HEK_sep:2718,,True,True,HEK_base;HEK_sep;HER_annual,provisional_source_reconciliation_only
noaa-science-v1-0-1:202412292320,2024-12-29 23:20:00+00:00,2024-12-29 23:30:00+00:00,M1.9,13939.0,1,existing_region_reference_conflict,HEK_base:1723;HEK_sep:2722;HEK_sep:2723;HER-annual:goes_events_2024.txt:5368,HEK_base:1723;HEK_sep:2722;HEK_sep:2723;HER-annual:goes_events_2024.txt:5368,13936;13939,M1.9,,,HEK_base:1723;HEK_sep:2722,,True,True,HEK_base;HEK_sep;HER_annual,provisional_source_reconciliation_only
noaa-science-v1-0-1:202412300250,2024-12-30 02:50:00+00:00,2024-12-30 03:00:00+00:00,M1.7,13940.0,1,existing_region_reference_conflict,HEK_base:1725;HEK_sep:2725;HEK_sep:2726;HER-annual:goes_events_2024.txt:5371,HEK_base:1725;HEK_sep:2725;HEK_sep:2726;HER-annual:goes_events_2024.txt:5371,13940;13941,M1.7,,,HEK_base:1725;HEK_sep:2725,,True,True,HEK_base;HEK_sep;HER_annual,provisional_source_reconciliation_only
noaa-science-v1-0-1:202412300613,2024-12-30 06:13:00+00:00,2024-12-30 06:25:00+00:00,M3.5,13936.0,1,existing_region_reference_conflict,HEK_base:1728;HEK_sep:2729;HEK_sep:2730;HER-annual:goes_events_2024.txt:5374,HEK_base:1728;HEK_sep:2729;HEK_sep:2730;HER-annual:goes_events_2024.txt:5374,13936;13939,M3.5,,,HEK_base:1728;HEK_sep:2729,,True,True,HEK_base;HEK_sep;HER_annual,provisional_source_reconciliation_only
noaa-science-v1-0-1:202412300834,2024-12-30 08:34:00+00:00,2024-12-30 08:40:00+00:00,M1.4,13933.0,1,existing_region_reference_conflict,HEK_base:1729;HEK_sep:2731;HEK_sep:2732;HER-annual:goes_events_2024.txt:5377,HEK_base:1729;HEK_sep:2731;HEK_sep:2732;HER-annual:goes_events_2024.txt:5377,13927;13933,M1.4;M1.5,,,HEK_base:1729;HEK_sep:2731,,True,True,HEK_base;HEK_sep;HER_annual,provisional_source_reconciliation_only
noaa-science-v1-0-1:202412300844,2024-12-30 08:44:00+00:00,2024-12-30 08:50:00+00:00,M1.7,13933.0,1,existing_region_reference_conflict,HEK_base:1730;HEK_sep:2733;HEK_sep:2734;HER-annual:goes_events_2024.txt:5378,HEK_base:1730;HEK_sep:2733;HEK_sep:2734;HER-annual:goes_events_2024.txt:5378,13927;13933,M1.7,,,HEK_base:1730;HEK_sep:2734,,True,True,HEK_base;HEK_sep;HER_annual,provisional_source_reconciliation_only
noaa-science-v1-0-1:202412301000,2024-12-30 10:00:00+00:00,2024-12-30 10:11:00+00:00,M1.7,13933.0,1,existing_region_reference_conflict,HEK_base:1731;HEK_sep:2735;HEK_sep:2736;HER-annual:goes_events_2024.txt:5379,HEK_base:1731;HEK_sep:2735;HEK_sep:2736;HER-annual:goes_events_2024.txt:5379,13927;13933,M1.7,,,HEK_base:1731;HEK_sep:2735,,True,True,HEK_base;HEK_sep;HER_annual,provisional_source_reconciliation_only
noaa-science-v1-0-1:202412312109,2024-12-31 21:09:00+00:00,2024-12-31 21:51:00+00:00,M2.1,13936.0,1,existing_region_reference_conflict,HEK_base:1740;HEK_sep:2745;HEK_sep:2746,HEK_base:1740;HEK_sep:2745;HEK_sep:2746,13929;13936,M2.0;M2.1,,,HEK_base:1740;HEK_sep:2745,,True,True,HEK_base;HEK_sep,provisional_source_reconciliation_only
noaa-science-v1-0-1:202501021718,2025-01-02 17:18:00+00:00,2025-01-02 17:40:00+00:00,M1.1,13939.0,1,existing_region_reference_conflict,HEK_base:1747;HEK_sep:2753;HEK_sep:2754;HER-annual:goes_events_2025.txt:29,HEK_base:1747;HEK_sep:2753;HEK_sep:2754;HER-annual:goes_events_2025.txt:29,13936;13939,M1.1,,,HEK_base:1747;HEK_sep:2754,,True,True,HEK_base;HEK_sep;HER_annual,provisional_source_reconciliation_only
noaa-science-v1-0-1:202502030426,2025-02-03 04:26:00+00:00,2025-02-03 04:32:00+00:00,M1.0,,1,missing_region_exact_start_peak_candidate,HEK_sep:2815;HER-annual:goes_events_2025.txt:458,HEK_sep:2815;HER-annual:goes_events_2025.txt:458,13981,M1.0,13981.0,13981.0,,,False,False,HEK_sep;HER_annual,provisional_source_reconciliation_only
noaa-science-v1-0-1:202502032104,2025-02-03 21:04:00+00:00,2025-02-03 21:12:00+00:00,M1.4,13981.0,1,existing_region_reference_conflict,HEK_base:1801;HEK_sep:2821;HEK_sep:2822;HER-annual:goes_events_2025.txt:477,HEK_base:1801;HEK_sep:2821;HEK_sep:2822;HER-annual:goes_events_2025.txt:477,13978;13981,M1.4;M1.5,,,HEK_base:1801;HEK_sep:2821,,True,True,HEK_base;HEK_sep;HER_annual,provisional_source_reconciliation_only
noaa-science-v1-0-1:202502032314,2025-02-03 23:14:00+00:00,2025-02-03 23:28:00+00:00,M1.4,13981.0,1,existing_region_reference_conflict,HEK_base:1802;HEK_sep:2823;HEK_sep:2824;HER-annual:goes_events_2025.txt:479,HEK_base:1802;HEK_sep:2823;HEK_sep:2824;HER-annual:goes_events_2025.txt:479,13978;13981,M1.4,,,HEK_base:1802;HEK_sep:2823,,True,True,HEK_base;HEK_sep;HER_annual,provisional_source_reconciliation_only
noaa-science-v1-0-1:202502050312,2025-02-05 03:12:00+00:00,2025-02-05 03:15:00+00:00,M1.2,13981.0,1,existing_region_reference_conflict,HEK_base:1808;HEK_sep:2832;HEK_sep:2833;HER-annual:goes_events_2025.txt:501,HEK_base:1808;HEK_sep:2832;HEK_sep:2833;HER-annual:goes_events_2025.txt:501,13978;13981,M1.2,,,HEK_base:1808;HEK_sep:2832,,True,True,HEK_base;HEK_sep;HER_annual,provisional_source_reconciliation_only
noaa-science-v1-0-1:202502062312,2025-02-06 23:12:00+00:00,2025-02-06 23:27:00+00:00,M2.3,13978.0,1,existing_region_reference_conflict,HEK_base:1811;HEK_sep:2837;HEK_sep:2838;HER-annual:goes_events_2025.txt:538,HEK_base:1811;HEK_sep:2837;HEK_sep:2838;HER-annual:goes_events_2025.txt:538,13976;13978,M2.3,,,HEK_base:1811;HEK_sep:2838,,True,True,HEK_base;HEK_sep;HER_annual,provisional_source_reconciliation_only
noaa-science-v1-0-1:202502070641,2025-02-07 06:41:00+00:00,2025-02-07 06:46:00+00:00,M1.1,,1,missing_region_exact_start_peak_candidate,HEK_sep:2840;HER-annual:goes_events_2025.txt:546,HEK_sep:2840;HER-annual:goes_events_2025.txt:546,13981,M1.1,13981.0,13981.0,,,False,False,HEK_sep;HER_annual,provisional_source_reconciliation_only
noaa-science-v1-0-1:202502131105,2025-02-13 11:05:00+00:00,2025-02-13 11:09:00+00:00,M1.0,13992.0,1,existing_region_reference_conflict,HEK_base:1818;HEK_sep:2848;HEK_sep:2849;HER-annual:goes_events_2025.txt:618,HEK_base:1818;HEK_sep:2848;HEK_sep:2849;HER-annual:goes_events_2025.txt:618,13987;13992,M1.0;M1.1,,,HEK_base:1818;HEK_sep:2848,,True,True,HEK_base;HEK_sep;HER_annual,provisional_source_reconciliation_only
noaa-science-v1-0-1:202502140213,2025-02-14 02:13:00+00:00,2025-02-14 02:28:00+00:00,M1.2,,1,missing_region_no_exact_reference,HER-annual:goes_events_2025.txt:625,,,M1.2,,,,,False,False,HER_annual,provisional_source_reconciliation_only
noaa-science-v1-0-1:202502242150,2025-02-24 21:50:00+00:00,2025-02-24 23:02:00+00:00,M3.9,,1,missing_region_no_exact_reference,,,,,,,,,False,False,,provisional_source_reconciliation_only
noaa-science-v1-0-1:202502251120,2025-02-25 11:20:00+00:00,2025-02-25 11:59:00+00:00,M3.6,13998.0,1,existing_region_reference_conflict,HEK_base:1833;HEK_sep:2866;HEK_sep:2867;HER-annual:goes_events_2025.txt:785,HEK_base:1833;HEK_sep:2866;HEK_sep:2867;HER-annual:goes_events_2025.txt:785,13996;13998,M3.6,,,HEK_base:1833;HEK_sep:2867,,True,True,HEK_base;HEK_sep;HER_annual,provisional_source_reconciliation_only
noaa-science-v1-0-1:202503142215,2025-03-14 22:15:00+00:00,2025-03-14 22:21:00+00:00,M1.1,14030.0,1,existing_region_reference_conflict,HEK_base:1837;HEK_sep:2872;HEK_sep:2873;HER-annual:goes_events_2025.txt:997,,14028;14030,M1.1,,,HEK_base:1837;HEK_sep:2873,,True,True,HEK_base;HEK_sep;HER_annual,provisional_source_reconciliation_only
noaa-science-v1-0-1:202503192021,2025-03-19 20:21:00+00:00,2025-03-19 20:40:00+00:00,M1.5,14031.0,1,existing_region_reference_conflict,HEK_base:1839;HEK_sep:2875;HEK_sep:2876;HER-annual:goes_events_2025.txt:1027,HEK_base:1839;HEK_sep:2875;HEK_sep:2876;HER-annual:goes_events_2025.txt:1027,14025;14031,M1.5,,,HEK_base:1839;HEK_sep:2875,,True,True,HEK_base;HEK_sep;HER_annual,provisional_source_reconciliation_only
noaa-science-v1-0-1:202503281914,2025-03-28 19:14:00+00:00,2025-03-28 19:26:00+00:00,M1.1,,1,missing_region_exact_start_peak_candidate,HEK_sep:2883;HER-annual:goes_events_2025.txt:1150,HEK_sep:2883;HER-annual:goes_events_2025.txt:1150,14045,M1.1,14045.0,14045.0,,,False,False,HEK_sep;HER_annual,provisional_source_reconciliation_only
noaa-science-v1-0-1:202503282320,2025-03-28 23:20:00+00:00,2025-03-28 23:39:00+00:00,M1.7,14048.0,1,existing_region_reference_conflict,HEK_sep:2884;HER-annual:goes_events_2025.txt:1151,HEK_sep:2884;HER-annual:goes_events_2025.txt:1151,14045,M1.8,14045.0,,,,False,False,HEK_sep;HER_annual,provisional_source_reconciliation_only
noaa-science-v1-0-1:202503292119,2025-03-29 21:19:00+00:00,2025-03-29 21:38:00+00:00,M1.4,14043.0,1,existing_region_reference_conflict,HEK_sep:2885;HER-annual:goes_events_2025.txt:1167,HEK_sep:2885;HER-annual:goes_events_2025.txt:1167,14048,M1.4,14048.0,,,,False,False,HEK_sep;HER_annual,provisional_source_reconciliation_only
noaa-science-v1-0-1:202504130121,2025-04-13 01:21:00+00:00,2025-04-13 01:29:00+00:00,M1.0,14055.0,1,existing_region_reference_conflict,HEK_base:1863;HEK_sep:2911;HEK_sep:2912;HER-annual:goes_events_2025.txt:1360,HEK_base:1863;HEK_sep:2911;HEK_sep:2912;HER-annual:goes_events_2025.txt:1360,14055;14058,M1.0,,,HEK_base:1863;HEK_sep:2912,,True,True,HEK_base;HEK_sep;HER_annual,provisional_source_reconciliation_only
noaa-science-v1-0-1:202504130638,2025-04-13 06:38:00+00:00,2025-04-13 06:52:00+00:00,M1.0,14055.0,1,existing_region_reference_conflict,HEK_base:1867;HEK_sep:2916;HEK_sep:2917;HER-annual:goes_events_2025.txt:1366,HEK_base:1867;HEK_sep:2916;HEK_sep:2917;HER-annual:goes_events_2025.txt:1366,14055;14058,M1.0,,,HEK_base:1867;HEK_sep:2917,,True,True,HEK_base;HEK_sep;HER_annual,provisional_source_reconciliation_only
noaa-science-v1-0-1:202504151004,2025-04-15 10:04:00+00:00,2025-04-15 10:20:00+00:00,M1.4,,1,missing_region_no_exact_reference,HER-annual:goes_events_2025.txt:1401,,,M1.5,,,,,False,False,HER_annual,provisional_source_reconciliation_only
noaa-science-v1-0-1:202504151757,2025-04-15 17:57:00+00:00,2025-04-15 18:13:00+00:00,M1.2,,1,missing_region_exact_start_peak_candidate,HEK_base:1874;HEK_sep:2927;HER-annual:goes_events_2025.txt:1406,HEK_base:1874;HEK_sep:2927;HER-annual:goes_events_2025.txt:1406,14055,M1.3,14055.0,14055.0,,,False,False,HEK_base;HEK_sep;HER_annual,provisional_source_reconciliation_only
noaa-science-v1-0-1:202504182309,2025-04-18 23:09:00+00:00,2025-04-18 23:50:00+00:00,M4.3,,1,missing_region_no_exact_reference,,,,,,,,,False,False,,provisional_source_reconciliation_only
noaa-science-v1-0-1:202505140804,2025-05-14 08:04:00+00:00,2025-05-14 08:19:00+00:00,X2.4,,1,missing_region_no_exact_reference,,,,,,,,,False,False,,provisional_source_reconciliation_only
noaa-science-v1-0-1:202505190813,2025-05-19 08:13:00+00:00,2025-05-19 08:21:00+00:00,M3.1,,1,missing_region_no_exact_reference,,,,,,,,,False,False,,provisional_source_reconciliation_only
noaa-science-v1-0-1:202506161127,2025-06-16 11:27:00+00:00,2025-06-16 11:39:00+00:00,M1.4,,1,missing_region_exact_start_peak_candidate,HEK_sep:2974,HEK_sep:2974,14109,M1.4,14109.0,14109.0,,,False,False,HEK_sep,provisional_source_reconciliation_only
noaa-science-v1-0-1:202506161443,2025-06-16 14:43:00+00:00,2025-06-16 14:55:00+00:00,M1.1,,1,missing_region_exact_start_peak_candidate,HEK_sep:2975,HEK_sep:2975,14109,M1.1,14109.0,14109.0,,,False,False,HEK_sep,provisional_source_reconciliation_only
noaa-science-v1-0-1:202506172345,2025-06-17 23:45:00+00:00,2025-06-18 00:00:00+00:00,M1.5,,1,missing_region_no_exact_reference,,,,,,,,,False,False,,provisional_source_reconciliation_only
noaa-science-v1-0-1:202506201721,2025-06-20 17:21:00+00:00,2025-06-20 17:40:00+00:00,M1.0,14117.0,1,existing_region_reference_conflict,HEK_base:1915;HEK_sep:2979;HEK_sep:2980,HEK_base:1915;HEK_sep:2979;HEK_sep:2980,14117;14118,M1.0;M1.1,,,HEK_base:1915;HEK_sep:2980,,True,True,HEK_base;HEK_sep,provisional_source_reconciliation_only
noaa-science-v1-0-1:202508112212,2025-08-11 22:12:00+00:00,2025-08-11 22:18:00+00:00,M1.0,,1,missing_region_exact_start_peak_candidate,HEK_sep:3008,HEK_sep:3008,14168,M1.0,14168.0,14168.0,,,False,False,HEK_sep,provisional_source_reconciliation_only
noaa-science-v1-0-1:202508120042,2025-08-12 00:42:00+00:00,2025-08-12 00:59:00+00:00,M1.5,,1,missing_region_exact_start_peak_candidate,HEK_sep:3009,HEK_sep:3009,14168,M1.5,14168.0,14168.0,,,False,False,HEK_sep,provisional_source_reconciliation_only
noaa-science-v1-0-1:202508120118,2025-08-12 01:18:00+00:00,2025-08-12 01:23:00+00:00,M1.8,,1,missing_region_exact_start_peak_candidate,HEK_sep:3010,HEK_sep:3010,14168,M1.8,14168.0,14168.0,,,False,False,HEK_sep,provisional_source_reconciliation_only
noaa-science-v1-0-1:202508190351,2025-08-19 03:51:00+00:00,2025-08-19 04:39:00+00:00,M1.1,,1,missing_region_exact_start_peak_candidate,HEK_sep:3011,HEK_sep:3011,14188,M1.1,14188.0,14188.0,,,False,False,HEK_sep,provisional_source_reconciliation_only
noaa-science-v1-0-1:202508221756,2025-08-22 17:56:00+00:00,2025-08-22 18:51:00+00:00,M1.7,,1,missing_region_no_exact_reference,,,,,,,,,False,False,,provisional_source_reconciliation_only
noaa-science-v1-0-1:202508221855,2025-08-22 18:55:00+00:00,2025-08-22 18:59:00+00:00,M1.7,,1,missing_region_exact_start_peak_candidate,HEK_sep:3012,HEK_sep:3012,14191,M1.8,14191.0,14191.0,,,False,False,HEK_sep,provisional_source_reconciliation_only
noaa-science-v1-0-1:202508231953,2025-08-23 19:53:00+00:00,2025-08-23 20:06:00+00:00,M1.9,,1,missing_region_no_exact_reference,,,,,,,,,False,False,,provisional_source_reconciliation_only
noaa-science-v1-0-1:202508240826,2025-08-24 08:26:00+00:00,2025-08-24 08:36:00+00:00,M1.3,,1,missing_region_no_exact_reference,,,,,,,,,False,False,,provisional_source_reconciliation_only
noaa-science-v1-0-1:202508281848,2025-08-28 18:48:00+00:00,2025-08-28 19:03:00+00:00,M1.0,14197.0,1,existing_region_reference_conflict,HEK_base:1947;HEK_sep:3023;HEK_sep:3024,HEK_base:1947;HEK_sep:3023;HEK_sep:3024,14197;14203,M1.0,,,HEK_base:1947;HEK_sep:3023,,True,True,HEK_base;HEK_sep,provisional_source_reconciliation_only
noaa-science-v1-0-1:202508301400,2025-08-30 14:00:00+00:00,2025-08-30 14:09:00+00:00,M1.3,14197.0,1,existing_region_reference_conflict,HEK_base:1950;HEK_sep:3028;HEK_sep:3029,HEK_base:1950;HEK_sep:3028;HEK_sep:3029,14195;14197,M1.3,,,HEK_base:1950;HEK_sep:3028,,True,True,HEK_base;HEK_sep,provisional_source_reconciliation_only
noaa-science-v1-0-1:202508301911,2025-08-30 19:11:00+00:00,2025-08-30 20:02:00+00:00,M2.7,14199.0,1,existing_region_reference_conflict,HEK_base:1952;HEK_sep:3031;HEK_sep:3032,HEK_base:1952;HEK_sep:3031;HEK_sep:3032,14199;14204,M2.7;M2.8,,,HEK_base:1952;HEK_sep:3031,,True,True,HEK_base;HEK_sep,provisional_source_reconciliation_only
noaa-science-v1-0-1:202509291106,2025-09-29 11:06:00+00:00,2025-09-29 11:15:00+00:00,M1.0,14236.0,1,existing_region_reference_conflict,HEK_base:1966;HEK_sep:3049;HEK_sep:3050,HEK_base:1966;HEK_sep:3049;HEK_sep:3050,14232;14236,M1.0;M1.1,,,HEK_base:1966;HEK_sep:3050,,True,True,HEK_base;HEK_sep,provisional_source_reconciliation_only
noaa-science-v1-0-1:202509300929,2025-09-30 09:29:00+00:00,2025-09-30 09:40:00+00:00,M2.7,14226.0,1,existing_region_reference_conflict,HEK_base:1970;HEK_sep:3055;HEK_sep:3056;HEK_sep:3057,HEK_base:1970;HEK_sep:3055;HEK_sep:3056,14226;14227,M2.7,,,HEK_base:1970;HEK_sep:3055,,True,True,HEK_base;HEK_sep,provisional_source_reconciliation_only
noaa-science-v1-0-1:202509301202,2025-09-30 12:02:00+00:00,2025-09-30 12:27:00+00:00,M1.7,14238.0,1,existing_region_reference_conflict,HEK_base:1971;HEK_sep:3058;HEK_sep:3059,HEK_base:1971;HEK_sep:3058;HEK_sep:3059,14230;14238,M1.8,,,HEK_base:1971;HEK_sep:3058,,True,True,HEK_base;HEK_sep,provisional_source_reconciliation_only
noaa-science-v1-0-1:202510171647,2025-10-17 16:47:00+00:00,2025-10-17 16:58:00+00:00,M1.2,14246.0,1,existing_region_reference_conflict,HEK_base:1997;HEK_sep:3091;HEK_sep:3092,HEK_base:1997;HEK_sep:3091;HEK_sep:3092,14246;14256,M1.2,,,HEK_base:1997;HEK_sep:3092,,True,True,HEK_base;HEK_sep,provisional_source_reconciliation_only
noaa-science-v1-0-1:202511020013,2025-11-02 00:13:00+00:00,2025-11-02 00:26:00+00:00,M1.0,,1,missing_region_no_exact_reference,,,,,,,,,False,False,,provisional_source_reconciliation_only
noaa-science-v1-0-1:202511031704,2025-11-03 17:04:00+00:00,2025-11-03 17:08:00+00:00,M1.5,14274.0,1,existing_region_reference_conflict,HEK_base:2011;HEK_sep:3107;HEK_sep:3108,HEK_base:2011;HEK_sep:3107;HEK_sep:3108,14272;14274,M1.5,,,HEK_base:2011;HEK_sep:3108,,True,True,HEK_base;HEK_sep,provisional_source_reconciliation_only
noaa-science-v1-0-1:202511140711,2025-11-14 07:11:00+00:00,2025-11-14 07:39:00+00:00,M1.8,,1,missing_region_exact_start_peak_candidate,HEK_sep:3127,HEK_sep:3127,14274,M1.8,14274.0,14274.0,,,False,False,HEK_sep,provisional_source_reconciliation_only
noaa-science-v1-0-1:202511291536,2025-11-29 15:36:00+00:00,2025-11-29 16:07:00+00:00,M2.8,,1,missing_region_no_exact_reference,,,,,,,,,False,False,,provisional_source_reconciliation_only
noaa-science-v1-0-1:202512090713,2025-12-09 07:13:00+00:00,2025-12-09 07:29:00+00:00,M1.0,,1,missing_region_exact_start_peak_candidate,HEK_sep:3157,HEK_sep:3157,14294,M1.0,14294.0,14294.0,,,False,False,HEK_sep,provisional_source_reconciliation_only
noaa-science-v1-0-1:202512090733,2025-12-09 07:33:00+00:00,2025-12-09 07:39:00+00:00,M1.3,,1,missing_region_exact_start_peak_candidate,HEK_sep:3158,HEK_sep:3158,14294,M1.3,14294.0,14294.0,,,False,False,HEK_sep,provisional_source_reconciliation_only
noaa-science-v1-0-1:202512191535,2025-12-19 15:35:00+00:00,2025-12-19 15:58:00+00:00,M1.0,,1,missing_region_exact_start_peak_candidate,HEK_sep:3170,HEK_sep:3170,14307,M1.0,14307.0,14307.0,,,False,False,HEK_sep,provisional_source_reconciliation_only
noaa-science-v1-0-1:202512200736,2025-12-20 07:36:00+00:00,2025-12-20 07:53:00+00:00,M1.0,14315.0,1,existing_region_reference_conflict,HEK_base:2058;HEK_sep:3171;HEK_sep:3172,HEK_base:2058;HEK_sep:3171;HEK_sep:3172,14312;14315,M1.0;M1.1,,,HEK_base:2058;HEK_sep:3171,,True,True,HEK_base;HEK_sep,provisional_source_reconciliation_only
noaa-science-v1-0-1:202512270138,2025-12-27 01:38:00+00:00,2025-12-27 01:50:00+00:00,M5.1,14325.0,1,existing_region_reference_conflict,HEK_base:2060;HEK_sep:3174;HEK_sep:3175,HEK_base:2060;HEK_sep:3174;HEK_sep:3175,14323;14325,M5.1,,,HEK_base:2060;HEK_sep:3175,,True,True,HEK_base;HEK_sep,provisional_source_reconciliation_only
noaa-science-v1-0-1:202512311311,2025-12-31 13:11:00+00:00,2025-12-31 13:51:00+00:00,M7.1,,1,missing_region_peak_only_candidate,HEK_base:2065;HEK_sep:3180,,14324,M7.1,14324.0,,,,False,False,HEK_base;HEK_sep,provisional_source_reconciliation_only
noaa-science-v1-0-1:202601112153,2026-01-11 21:53:00+00:00,2026-01-11 23:14:00+00:00,M3.3,,1,missing_region_no_exact_reference,,,,,,,,,False,False,,provisional_source_reconciliation_only
noaa-science-v1-0-1:202602040145,2026-02-04 01:45:00+00:00,2026-02-04 01:55:00+00:00,M1.4,,1,missing_region_exact_start_peak_candidate,HEK_sep:3251,HEK_sep:3251,14366,M1.4,14366.0,14366.0,,,False,False,HEK_sep,provisional_source_reconciliation_only
noaa-science-v1-0-1:202602040222,2026-02-04 02:22:00+00:00,2026-02-04 02:30:00+00:00,M2.1,,1,missing_region_exact_start_peak_candidate,HEK_sep:3252,HEK_sep:3252,14366,M2.1,14366.0,14366.0,,,False,False,HEK_sep,provisional_source_reconciliation_only
noaa-science-v1-0-1:202602041010,2026-02-04 10:10:00+00:00,2026-02-04 10:12:00+00:00,M3.1,,1,missing_region_exact_start_peak_candidate,HEK_sep:3256,HEK_sep:3256,14366,M3.1,14366.0,14366.0,,,False,False,HEK_sep,provisional_source_reconciliation_only
noaa-science-v1-0-1:202602041040,2026-02-04 10:40:00+00:00,2026-02-04 10:46:00+00:00,M1.5,,1,missing_region_exact_start_peak_candidate,HEK_sep:3257,HEK_sep:3257,14366,M1.5,14366.0,14366.0,,,False,False,HEK_sep,provisional_source_reconciliation_only
noaa-science-v1-0-1:202602110050,2026-02-11 00:50:00+00:00,2026-02-11 00:57:00+00:00,M1.3,,1,missing_region_exact_start_peak_candidate,HEK_sep:3284,HEK_sep:3284,14366,M1.4,14366.0,14366.0,,,False,False,HEK_sep,provisional_source_reconciliation_only
noaa-science-v1-0-1:202602120229,2026-02-12 02:29:00+00:00,2026-02-12 02:40:00+00:00,M1.4,14366.0,1,existing_region_reference_conflict,HEK_base:2146;HEK_sep:3286;HEK_sep:3287,HEK_base:2146;HEK_sep:3286;HEK_sep:3287,14366;14367,M1.4,,,HEK_base:2146;HEK_sep:3286,,True,True,HEK_base;HEK_sep,provisional_source_reconciliation_only
noaa-science-v1-0-1:202602160403,2026-02-16 04:03:00+00:00,2026-02-16 04:35:00+00:00,M2.4,,1,missing_region_no_exact_reference,,,,,,,,,False,False,,provisional_source_reconciliation_only
noaa-science-v1-0-1:202604031246,2026-04-03 12:46:00+00:00,2026-04-03 12:50:00+00:00,M1.3,,1,missing_region_exact_start_peak_candidate,HEK_sep:3305,HEK_sep:3305,14409,M1.3,14409.0,14409.0,,,False,False,HEK_sep,provisional_source_reconciliation_only
noaa-science-v1-0-1:202604240857,2026-04-24 08:57:00+00:00,2026-04-24 09:07:00+00:00,M1.9,14223.0,1,existing_region_reference_conflict,HEK_base:2171;HEK_sep:3320;HEK_sep:3321;HEK_extension:14,HEK_base:2171;HEK_sep:3320;HEK_sep:3321;HEK_extension:14,14223;14421,M1.9;M2.0,,,HEK_base:2171;HEK_sep:3320;HEK_extension:14,,True,True,HEK_base;HEK_extension;HEK_sep,provisional_source_reconciliation_only
noaa-science-v1-0-1:202604241234,2026-04-24 12:34:00+00:00,2026-04-24 13:01:00+00:00,M1.7,14423.0,1,existing_region_reference_conflict,HEK_base:2172;HEK_sep:3322;HEK_sep:3323;HEK_extension:15,HEK_base:2172;HEK_sep:3322;HEK_sep:3323;HEK_extension:15,14421;14423,M1.7,,,HEK_base:2172;HEK_sep:3322;HEK_extension:15,,True,True,HEK_base;HEK_extension;HEK_sep,provisional_source_reconciliation_only
noaa-science-v1-0-1:202605071420,2026-05-07 14:20:00+00:00,2026-05-07 15:14:00+00:00,M2.6,,1,missing_region_no_exact_reference,,,,,,,,,False,False,,provisional_source_reconciliation_only
noaa-science-v1-0-1:202606201450,2026-06-20 14:50:00+00:00,2026-06-20 15:00:00+00:00,M1.0,14473.0,1,existing_region_reference_conflict,HEK_sep:3360;HEK_sep:3361;HEK_extension:44,HEK_sep:3360;HEK_sep:3361;HEK_extension:44,14472;14473,M1.0,,,HEK_sep:3360;HEK_extension:44,,False,True,HEK_extension;HEK_sep,provisional_source_reconciliation_only
noaa-science-v1-0-1:202607012015,2026-07-01 20:15:00+00:00,2026-07-01 20:22:00+00:00,M1.8,14475.0,1,existing_region_reference_conflict,HEK_sep:3382;HEK_sep:3383;HEK_extension:59,HEK_sep:3382;HEK_sep:3383;HEK_extension:59,14475;14479,M1.8,,,HEK_sep:3383;HEK_extension:59,,False,True,HEK_extension;HEK_sep,provisional_source_reconciliation_only
noaa-science-v1-0-1:202607031959,2026-07-03 19:59:00+00:00,2026-07-03 20:08:00+00:00,M1.5,14478.0,1,existing_region_reference_conflict,HEK_sep:3393;HEK_sep:3394;HEK_extension:68,HEK_sep:3393;HEK_sep:3394;HEK_extension:68,14478;14479,M1.5,,,HEK_sep:3394;HEK_extension:68,,False,True,HEK_extension;HEK_sep,provisional_source_reconciliation_only
noaa-science-v1-0-1:202607032350,2026-07-03 23:50:00+00:00,2026-07-04 00:00:00+00:00,M2.0,,1,missing_region_no_exact_reference,,,,,,,,,False,False,,provisional_source_reconciliation_only
noaa-science-v1-0-1:202607040152,2026-07-04 01:52:00+00:00,2026-07-04 02:01:00+00:00,M1.2,,1,missing_region_exact_start_peak_candidate,HEK_sep:3398,HEK_sep:3398,14479,M1.2,14479.0,14479.0,,,False,False,HEK_sep,provisional_source_reconciliation_only
noaa-science-v1-0-1:202607051056,2026-07-05 10:56:00+00:00,2026-07-05 11:00:00+00:00,M1.4,14479.0,1,existing_region_reference_conflict,HEK_sep:3418;HEK_sep:3419;HEK_extension:89,HEK_sep:3418;HEK_sep:3419;HEK_extension:89,14478;14479,M1.4,,,HEK_sep:3418;HEK_extension:89,,False,True,HEK_extension;HEK_sep,provisional_source_reconciliation_only
noaa-science-v1-0-1:202607051621,2026-07-05 16:21:00+00:00,2026-07-05 16:32:00+00:00,M1.4,,1,missing_region_exact_start_peak_candidate,HEK_sep:3421,HEK_sep:3421,14479,M1.4,14479.0,14479.0,,,False,False,HEK_sep,provisional_source_reconciliation_only
noaa-science-v1-0-1:202607301553,2026-07-30 15:53:00+00:00,2026-07-30 17:00:00+00:00,M1.9,14500.0,1,existing_region_reference_conflict,HEK_sep:3438;HEK_sep:3439;HEK_sep:3440;HEK_extension:106;HEK_extension:107,HEK_sep:3439;HEK_sep:3440;HEK_extension:106;HEK_extension:107,14492;14500,M1.9,,,HEK_sep:3440;HEK_extension:106,,False,True,HEK_extension;HEK_sep,provisional_source_reconciliation_only
noaa-science-v1-0-1:202608210909,2026-08-21 09:09:00+00:00,2026-08-21 09:57:00+00:00,M1.6,,1,missing_region_exact_start_peak_candidate,HEK_sep:3446;HEK_sep:3447,HEK_sep:3446;HEK_sep:3447,14507,M1.6;M1.7,14507.0,14507.0,,,False,False,HEK_sep,provisional_source_reconciliation_only
noaa-science-v1-0-1:202608211009,2026-08-21 10:09:00+00:00,2026-08-21 10:18:00+00:00,M1.6,14507.0,1,existing_region_reference_conflict,HEK_sep:3448;HEK_sep:3449,HEK_sep:3448;HEK_sep:3449,14507;14513,M1.6;M1.7,,,HEK_sep:3449,,False,True,HEK_sep,provisional_source_reconciliation_only
noaa-science-v1-0-1:202609051504,2026-09-05 15:04:00+00:00,2026-09-05 15:18:00+00:00,M1.0,14520.0,1,existing_region_reference_conflict,HEK_sep:3462;HEK_sep:3463,HEK_sep:3462;HEK_sep:3463,14520;14523,M1.0,,,HEK_sep:3462,,False,True,HEK_sep,provisional_source_reconciliation_only
