forecast_case_id,input_cohort,matched_inputs,original_label_48h,source_supported_label_48h,evidence_basis,supporting_swpc_rows,applied_to_upstream_labels
gb72-native-v1:20211026_0812_HARP7798_NOAA12887,primary_cycle25,True,0,1,same_region_xra_report_in_future_window,20211028events.txt:23,False
gb72-native-v1:20211026_0948_HARP7798_NOAA12887,primary_cycle25,True,0,1,same_region_xra_report_in_future_window,20211028events.txt:23,False
gb72-native-v1:20211026_1124_HARP7798_NOAA12887,primary_cycle25,True,0,1,same_region_xra_report_in_future_window,20211028events.txt:23;20211028events.txt:35,False
gb72-native-v1:20211026_1300_HARP7798_NOAA12887,primary_cycle25,True,0,1,same_region_xra_report_in_future_window,20211028events.txt:23;20211028events.txt:35,False
gb72-native-v1:20211026_1436_HARP7798_NOAA12887,primary_cycle25,True,0,1,same_region_xra_report_in_future_window,20211028events.txt:23;20211028events.txt:35,False
gb72-native-v1:20211226_0500_HARP7891_NOAA12918,primary_cycle25,True,0,1,same_region_xra_report_in_future_window,20211228events.txt:28,False
gb72-native-v1:20211226_0636_HARP7891_NOAA12918,primary_cycle25,True,0,1,same_region_xra_report_in_future_window,20211228events.txt:28,False
gb72-native-v1:20211226_0812_HARP7891_NOAA12918,primary_cycle25,True,0,1,same_region_xra_report_in_future_window,20211228events.txt:28,False
gb72-native-v1:20211226_0948_HARP7891_NOAA12918,primary_cycle25,True,0,1,same_region_xra_report_in_future_window,20211228events.txt:28,False
gb72-native-v1:20211226_1124_HARP7891_NOAA12918,primary_cycle25,True,0,1,same_region_xra_report_in_future_window,20211228events.txt:28,False
gb72-native-v1:20211226_1300_HARP7891_NOAA12918,primary_cycle25,True,0,1,same_region_xra_report_in_future_window,20211228events.txt:28,False
gb72-native-v1:20211226_1436_HARP7891_NOAA12918,primary_cycle25,True,0,1,same_region_xra_report_in_future_window,20211228events.txt:28,False
gb72-native-v1:20211226_1612_HARP7891_NOAA12918,primary_cycle25,True,0,1,same_region_xra_report_in_future_window,20211228events.txt:28;20211228events.txt:69,False
gb72-native-v1:20211226_1748_HARP7891_NOAA12918,primary_cycle25,True,0,1,same_region_xra_report_in_future_window,20211228events.txt:28;20211228events.txt:69,False
gb72-native-v1:20211226_1924_HARP7891_NOAA12918,not_in_matched_inputs,False,0,1,same_region_xra_report_in_future_window,20211228events.txt:28;20211228events.txt:69,False
gb72-native-v1:20211226_2100_HARP7891_NOAA12918,not_in_matched_inputs,False,0,1,same_region_xra_report_in_future_window,20211228events.txt:28;20211228events.txt:69,False
gb72-native-v1:20211226_2236_HARP7891_NOAA12918,not_in_matched_inputs,False,0,1,same_region_xra_report_in_future_window,20211228events.txt:28;20211228events.txt:69,False
gb72-native-v1:20211227_0012_HARP7891_NOAA12918,primary_cycle25,True,0,1,same_region_xra_report_in_future_window,20211228events.txt:28;20211228events.txt:69,False
gb72-native-v1:20211227_0148_HARP7891_NOAA12918,primary_cycle25,True,0,1,same_region_xra_report_in_future_window,20211228events.txt:28;20211228events.txt:69,False
gb72-native-v1:20211227_0324_HARP7891_NOAA12918,primary_cycle25,True,0,1,same_region_xra_report_in_future_window,20211228events.txt:28;20211228events.txt:69,False
gb72-native-v1:20211227_0500_HARP7891_NOAA12918,primary_cycle25,True,0,1,same_region_xra_report_in_future_window,20211228events.txt:28;20211228events.txt:69,False
gb72-native-v1:20211227_0636_HARP7891_NOAA12918,primary_cycle25,True,0,1,same_region_xra_report_in_future_window,20211228events.txt:28;20211228events.txt:69,False
gb72-native-v1:20211227_0812_HARP7891_NOAA12918,primary_cycle25,True,0,1,same_region_xra_report_in_future_window,20211228events.txt:28;20211228events.txt:69,False
gb72-native-v1:20211227_0948_HARP7891_NOAA12918,primary_cycle25,True,0,1,same_region_xra_report_in_future_window,20211228events.txt:28;20211228events.txt:69,False
gb72-native-v1:20211227_1124_HARP7891_NOAA12918,primary_cycle25,True,0,1,same_region_xra_report_in_future_window,20211228events.txt:28;20211228events.txt:69,False
gb72-native-v1:20211227_1300_HARP7891_NOAA12918,primary_cycle25,True,0,1,same_region_xra_report_in_future_window,20211228events.txt:28;20211228events.txt:69,False
gb72-native-v1:20211227_1436_HARP7891_NOAA12918,primary_cycle25,True,0,1,same_region_xra_report_in_future_window,20211228events.txt:28;20211228events.txt:69,False
gb72-native-v1:20211227_1612_HARP7891_NOAA12918,primary_cycle25,True,0,1,same_region_xra_report_in_future_window,20211228events.txt:28;20211228events.txt:69,False
gb72-native-v1:20211227_1748_HARP7891_NOAA12918,primary_cycle25,True,0,1,same_region_xra_report_in_future_window,20211228events.txt:28;20211228events.txt:69,False
gb72-native-v1:20211227_1924_HARP7891_NOAA12918,primary_cycle25,True,0,1,same_region_xra_report_in_future_window,20211228events.txt:28;20211228events.txt:69,False
gb72-native-v1:20211227_2100_HARP7891_NOAA12918,primary_cycle25,True,0,1,same_region_xra_report_in_future_window,20211228events.txt:28;20211228events.txt:69,False
gb72-native-v1:20211227_2236_HARP7891_NOAA12918,primary_cycle25,True,0,1,same_region_xra_report_in_future_window,20211228events.txt:28;20211228events.txt:69,False
gb72-native-v1:20211228_0012_HARP7891_NOAA12918,primary_cycle25,True,0,1,same_region_xra_report_in_future_window,20211228events.txt:28;20211228events.txt:69,False
gb72-native-v1:20211228_0148_HARP7891_NOAA12918,primary_cycle25,True,0,1,same_region_xra_report_in_future_window,20211228events.txt:28;20211228events.txt:69,False
gb72-native-v1:20211228_0336_HARP7891_NOAA12918,not_in_matched_inputs,False,0,1,same_region_xra_report_in_future_window,20211228events.txt:28;20211228events.txt:69,False
gb72-native-v1:20211228_0512_HARP7891_NOAA12918,not_in_matched_inputs,False,0,1,same_region_xra_report_in_future_window,20211228events.txt:69,False
gb72-native-v1:20211228_0648_HARP7891_NOAA12918,not_in_matched_inputs,False,0,1,same_region_xra_report_in_future_window,20211228events.txt:69,False
gb72-native-v1:20211228_0824_HARP7891_NOAA12918,not_in_matched_inputs,False,0,1,same_region_xra_report_in_future_window,20211228events.txt:69,False
gb72-native-v1:20211228_1000_HARP7891_NOAA12918,primary_cycle25,True,0,1,same_region_xra_report_in_future_window,20211228events.txt:69,False
gb72-native-v1:20211228_1136_HARP7891_NOAA12918,primary_cycle25,True,0,1,same_region_xra_report_in_future_window,20211228events.txt:69,False
gb72-native-v1:20211228_1312_HARP7891_NOAA12918,primary_cycle25,True,0,1,same_region_xra_report_in_future_window,20211228events.txt:69,False
gb72-native-v1:20211228_1448_HARP7891_NOAA12918,primary_cycle25,True,0,1,same_region_xra_report_in_future_window,20211228events.txt:69,False
gb72-native-v1:20220116_1748_HARP7934_NOAA12929,primary_cycle25,True,0,1,same_region_xra_report_in_future_window,20220118events.txt:28,False
gb72-native-v1:20220116_1924_HARP7934_NOAA12929,primary_cycle25,True,0,1,same_region_xra_report_in_future_window,20220118events.txt:28,False
gb72-native-v1:20220116_2100_HARP7934_NOAA12929,primary_cycle25,True,0,1,same_region_xra_report_in_future_window,20220118events.txt:28,False
gb72-native-v1:20220302_1312_HARP8043_NOAA12958,not_in_matched_inputs,False,0,1,same_region_xra_report_in_future_window,20220302events.txt:43,False
gb72-native-v1:20220302_1448_HARP8043_NOAA12958,not_in_matched_inputs,False,0,1,same_region_xra_report_in_future_window,20220302events.txt:43,False
gb72-native-v1:20220302_1624_HARP8043_NOAA12958,not_in_matched_inputs,False,0,1,same_region_xra_report_in_future_window,20220302events.txt:43,False
gb72-native-v1:20220312_1212_HARP8064_NOAA12965,not_in_matched_inputs,False,0,1,same_region_xra_report_in_future_window,20220314events.txt:23,False
gb72-native-v1:20220312_1348_HARP8064_NOAA12965,not_in_matched_inputs,False,0,1,same_region_xra_report_in_future_window,20220314events.txt:23,False
gb72-native-v1:20220312_1524_HARP8064_NOAA12965,not_in_matched_inputs,False,0,1,same_region_xra_report_in_future_window,20220314events.txt:23,False
gb72-native-v1:20220312_1700_HARP8064_NOAA12965,primary_cycle25,True,0,1,same_region_xra_report_in_future_window,20220314events.txt:23,False
gb72-native-v1:20220312_1836_HARP8064_NOAA12965,primary_cycle25,True,0,1,same_region_xra_report_in_future_window,20220314events.txt:23,False
gb72-native-v1:20220312_2012_HARP8064_NOAA12965,primary_cycle25,True,0,1,same_region_xra_report_in_future_window,20220314events.txt:23,False
gb72-native-v1:20220312_2148_HARP8064_NOAA12965,primary_cycle25,True,0,1,same_region_xra_report_in_future_window,20220314events.txt:23,False
gb72-native-v1:20220312_2324_HARP8064_NOAA12965,primary_cycle25,True,0,1,same_region_xra_report_in_future_window,20220314events.txt:23,False
gb72-native-v1:20220313_0100_HARP8064_NOAA12965,primary_cycle25,True,0,1,same_region_xra_report_in_future_window,20220314events.txt:23,False
gb72-native-v1:20220313_0236_HARP8064_NOAA12965,primary_cycle25,True,0,1,same_region_xra_report_in_future_window,20220314events.txt:23,False
gb72-native-v1:20220313_0412_HARP8064_NOAA12965,primary_cycle25,True,0,1,same_region_xra_report_in_future_window,20220314events.txt:23,False
gb72-native-v1:20220313_0548_HARP8064_NOAA12965,primary_cycle25,True,0,1,same_region_xra_report_in_future_window,20220314events.txt:23,False
gb72-native-v1:20220313_0724_HARP8064_NOAA12965,primary_cycle25,True,0,1,same_region_xra_report_in_future_window,20220314events.txt:23,False
gb72-native-v1:20220313_0900_HARP8064_NOAA12965,primary_cycle25,True,0,1,same_region_xra_report_in_future_window,20220314events.txt:23,False
gb72-native-v1:20220313_1036_HARP8064_NOAA12965,primary_cycle25,True,0,1,same_region_xra_report_in_future_window,20220314events.txt:23,False
gb72-native-v1:20220313_1212_HARP8064_NOAA12965,primary_cycle25,True,0,1,same_region_xra_report_in_future_window,20220314events.txt:23,False
gb72-native-v1:20220313_1348_HARP8064_NOAA12965,primary_cycle25,True,0,1,same_region_xra_report_in_future_window,20220314events.txt:23;20220315events.txt:23,False
gb72-native-v1:20220313_1524_HARP8064_NOAA12965,primary_cycle25,True,0,1,same_region_xra_report_in_future_window,20220314events.txt:23;20220315events.txt:23,False
gb72-native-v1:20220313_1700_HARP8064_NOAA12965,primary_cycle25,True,0,1,same_region_xra_report_in_future_window,20220314events.txt:23;20220315events.txt:23,False
gb72-native-v1:20220313_1836_HARP8064_NOAA12965,primary_cycle25,True,0,1,same_region_xra_report_in_future_window,20220314events.txt:23;20220315events.txt:23,False
gb72-native-v1:20220313_2012_HARP8064_NOAA12965,primary_cycle25,True,0,1,same_region_xra_report_in_future_window,20220314events.txt:23;20220315events.txt:23,False
gb72-native-v1:20220313_2148_HARP8064_NOAA12965,primary_cycle25,True,0,1,same_region_xra_report_in_future_window,20220314events.txt:23;20220315events.txt:23,False
gb72-native-v1:20220313_2324_HARP8064_NOAA12965,primary_cycle25,True,0,1,same_region_xra_report_in_future_window,20220314events.txt:23;20220315events.txt:23;20220315events.txt:33,False
gb72-native-v1:20220314_0100_HARP8064_NOAA12965,primary_cycle25,True,0,1,same_region_xra_report_in_future_window,20220314events.txt:23;20220315events.txt:23;20220315events.txt:33,False
gb72-native-v1:20220314_0236_HARP8064_NOAA12965,primary_cycle25,True,0,1,same_region_xra_report_in_future_window,20220314events.txt:23;20220315events.txt:23;20220315events.txt:33,False
gb72-native-v1:20220314_0412_HARP8064_NOAA12965,primary_cycle25,True,0,1,same_region_xra_report_in_future_window,20220314events.txt:23;20220315events.txt:23;20220315events.txt:33,False
gb72-native-v1:20220314_0548_HARP8064_NOAA12965,primary_cycle25,True,0,1,same_region_xra_report_in_future_window,20220314events.txt:23;20220315events.txt:23;20220315events.txt:33,False
gb72-native-v1:20220314_0724_HARP8064_NOAA12965,primary_cycle25,True,0,1,same_region_xra_report_in_future_window,20220314events.txt:23;20220315events.txt:23;20220315events.txt:33,False
gb72-native-v1:20220314_0900_HARP8064_NOAA12965,primary_cycle25,True,0,1,same_region_xra_report_in_future_window,20220315events.txt:23;20220315events.txt:33,False
gb72-native-v1:20220314_1036_HARP8064_NOAA12965,primary_cycle25,True,0,1,same_region_xra_report_in_future_window,20220315events.txt:23;20220315events.txt:33,False
gb72-native-v1:20220314_1212_HARP8064_NOAA12965,primary_cycle25,True,0,1,same_region_xra_report_in_future_window,20220315events.txt:23;20220315events.txt:33,False
gb72-native-v1:20220314_1348_HARP8064_NOAA12965,primary_cycle25,True,0,1,same_region_xra_report_in_future_window,20220315events.txt:23;20220315events.txt:33,False
gb72-native-v1:20220314_1524_HARP8064_NOAA12965,primary_cycle25,True,0,1,same_region_xra_report_in_future_window,20220315events.txt:23;20220315events.txt:33,False
gb72-native-v1:20220314_1700_HARP8064_NOAA12965,primary_cycle25,True,0,1,same_region_xra_report_in_future_window,20220315events.txt:23;20220315events.txt:33,False
gb72-native-v1:20220314_1836_HARP8064_NOAA12965,primary_cycle25,True,0,1,same_region_xra_report_in_future_window,20220315events.txt:23;20220315events.txt:33,False
gb72-native-v1:20220314_2012_HARP8064_NOAA12965,primary_cycle25,True,0,1,same_region_xra_report_in_future_window,20220315events.txt:23;20220315events.txt:33,False
gb72-native-v1:20220314_2148_HARP8064_NOAA12965,primary_cycle25,True,0,1,same_region_xra_report_in_future_window,20220315events.txt:23;20220315events.txt:33,False
gb72-native-v1:20220314_2324_HARP8064_NOAA12965,primary_cycle25,True,0,1,same_region_xra_report_in_future_window,20220315events.txt:23;20220315events.txt:33,False
gb72-native-v1:20220315_0100_HARP8064_NOAA12965,primary_cycle25,True,0,1,same_region_xra_report_in_future_window,20220315events.txt:23;20220315events.txt:33,False
gb72-native-v1:20220315_0236_HARP8064_NOAA12965,primary_cycle25,True,0,1,same_region_xra_report_in_future_window,20220315events.txt:23;20220315events.txt:33,False
gb72-native-v1:20220315_0412_HARP8064_NOAA12965,primary_cycle25,True,0,1,same_region_xra_report_in_future_window,20220315events.txt:23;20220315events.txt:33,False
gb72-native-v1:20220315_0548_HARP8064_NOAA12965,primary_cycle25,True,0,1,same_region_xra_report_in_future_window,20220315events.txt:23;20220315events.txt:33,False
gb72-native-v1:20220315_0724_HARP8064_NOAA12965,primary_cycle25,True,0,1,same_region_xra_report_in_future_window,20220315events.txt:23;20220315events.txt:33,False
gb72-native-v1:20220315_0900_HARP8064_NOAA12965,not_in_matched_inputs,False,0,1,same_region_xra_report_in_future_window,20220315events.txt:23;20220315events.txt:33,False
gb72-native-v1:20220315_1036_HARP8064_NOAA12965,not_in_matched_inputs,False,0,1,same_region_xra_report_in_future_window,20220315events.txt:23;20220315events.txt:33,False
gb72-native-v1:20220315_1212_HARP8064_NOAA12965,not_in_matched_inputs,False,0,1,same_region_xra_report_in_future_window,20220315events.txt:23;20220315events.txt:33,False
gb72-native-v1:20220315_1348_HARP8064_NOAA12965,primary_cycle25,True,0,1,same_region_xra_report_in_future_window,20220315events.txt:33,False
gb72-native-v1:20220315_1524_HARP8064_NOAA12965,primary_cycle25,True,0,1,same_region_xra_report_in_future_window,20220315events.txt:33,False
gb72-native-v1:20220315_1700_HARP8064_NOAA12965,primary_cycle25,True,0,1,same_region_xra_report_in_future_window,20220315events.txt:33,False
gb72-native-v1:20220315_1836_HARP8064_NOAA12965,primary_cycle25,True,0,1,same_region_xra_report_in_future_window,20220315events.txt:33,False
gb72-native-v1:20220315_2012_HARP8064_NOAA12965,primary_cycle25,True,0,1,same_region_xra_report_in_future_window,20220315events.txt:33,False
gb72-native-v1:20220315_2148_HARP8064_NOAA12965,primary_cycle25,True,0,1,same_region_xra_report_in_future_window,20220315events.txt:33,False
gb72-native-v1:20220326_2148_HARP8088_NOAA12975,not_in_matched_inputs,False,0,1,same_region_xra_report_in_future_window,20220328events.txt:100;20220328events.txt:40,False
gb72-native-v1:20220326_2324_HARP8088_NOAA12975,not_in_matched_inputs,False,0,1,same_region_xra_report_in_future_window,20220328events.txt:100;20220328events.txt:40,False
gb72-native-v1:20220327_0100_HARP8088_NOAA12975,not_in_matched_inputs,False,0,1,same_region_xra_report_in_future_window,20220328events.txt:100;20220328events.txt:40;20220329events.txt:19,False
gb72-native-v1:20220327_0236_HARP8088_NOAA12975,primary_cycle25,True,0,1,same_region_xra_report_in_future_window,20220328events.txt:100;20220328events.txt:40;20220329events.txt:19,False
gb72-native-v1:20220327_0412_HARP8088_NOAA12975,primary_cycle25,True,0,1,same_region_xra_report_in_future_window,20220328events.txt:100;20220328events.txt:40;20220329events.txt:19,False
gb72-native-v1:20220327_0548_HARP8088_NOAA12975,primary_cycle25,True,0,1,same_region_xra_report_in_future_window,20220328events.txt:100;20220328events.txt:40;20220329events.txt:19,False
gb72-native-v1:20220327_0724_HARP8088_NOAA12975,primary_cycle25,True,0,1,same_region_xra_report_in_future_window,20220328events.txt:100;20220328events.txt:40;20220329events.txt:19,False
gb72-native-v1:20220327_0900_HARP8088_NOAA12975,primary_cycle25,True,0,1,same_region_xra_report_in_future_window,20220328events.txt:100;20220328events.txt:40;20220329events.txt:19,False
gb72-native-v1:20220327_1036_HARP8088_NOAA12975,primary_cycle25,True,0,1,same_region_xra_report_in_future_window,20220328events.txt:100;20220328events.txt:40;20220329events.txt:19,False
gb72-native-v1:20220327_1212_HARP8088_NOAA12975,primary_cycle25,True,0,1,same_region_xra_report_in_future_window,20220328events.txt:100;20220328events.txt:40;20220329events.txt:19,False
gb72-native-v1:20220327_1348_HARP8088_NOAA12975,primary_cycle25,True,0,1,same_region_xra_report_in_future_window,20220328events.txt:100;20220328events.txt:40;20220329events.txt:19,False
gb72-native-v1:20220327_1524_HARP8088_NOAA12975,primary_cycle25,True,0,1,same_region_xra_report_in_future_window,20220328events.txt:100;20220328events.txt:40;20220329events.txt:19,False
gb72-native-v1:20220327_1700_HARP8088_NOAA12975,primary_cycle25,True,0,1,same_region_xra_report_in_future_window,20220328events.txt:100;20220328events.txt:40;20220329events.txt:19,False
gb72-native-v1:20220327_1836_HARP8088_NOAA12975,primary_cycle25,True,0,1,same_region_xra_report_in_future_window,20220328events.txt:100;20220328events.txt:40;20220329events.txt:19,False
gb72-native-v1:20220327_2012_HARP8088_NOAA12975,primary_cycle25,True,0,1,same_region_xra_report_in_future_window,20220328events.txt:100;20220328events.txt:40;20220329events.txt:19,False
gb72-native-v1:20220327_2148_HARP8088_NOAA12975,primary_cycle25,True,0,1,same_region_xra_report_in_future_window,20220328events.txt:100;20220328events.txt:40;20220329events.txt:125;20220329events.txt:19,False
gb72-native-v1:20220327_2324_HARP8088_NOAA12975,primary_cycle25,True,0,1,same_region_xra_report_in_future_window,20220328events.txt:100;20220328events.txt:40;20220329events.txt:125;20220329events.txt:19,False
gb72-native-v1:20220328_0100_HARP8088_NOAA12975,primary_cycle25,True,0,1,same_region_xra_report_in_future_window,20220328events.txt:100;20220328events.txt:40;20220329events.txt:125;20220329events.txt:19,False
gb72-native-v1:20220328_0236_HARP8088_NOAA12975,primary_cycle25,True,0,1,same_region_xra_report_in_future_window,20220328events.txt:100;20220328events.txt:40;20220329events.txt:125;20220329events.txt:19,False
gb72-native-v1:20220328_0412_HARP8088_NOAA12975,not_in_matched_inputs,False,0,1,same_region_xra_report_in_future_window,20220328events.txt:100;20220328events.txt:40;20220329events.txt:125;20220329events.txt:19,False
gb72-native-v1:20220328_0548_HARP8088_NOAA12975,not_in_matched_inputs,False,0,1,same_region_xra_report_in_future_window,20220328events.txt:100;20220328events.txt:40;20220329events.txt:125;20220329events.txt:19,False
gb72-native-v1:20220328_0724_HARP8088_NOAA12975,not_in_matched_inputs,False,0,1,same_region_xra_report_in_future_window,20220328events.txt:100;20220328events.txt:40;20220329events.txt:125;20220329events.txt:19,False
gb72-native-v1:20220328_0900_HARP8088_NOAA12975,primary_cycle25,True,0,1,same_region_xra_report_in_future_window,20220328events.txt:100;20220328events.txt:40;20220329events.txt:125;20220329events.txt:19,False
gb72-native-v1:20220328_1036_HARP8088_NOAA12975,primary_cycle25,True,0,1,same_region_xra_report_in_future_window,20220328events.txt:100;20220328events.txt:40;20220329events.txt:125;20220329events.txt:19,False
gb72-native-v1:20220328_1212_HARP8088_NOAA12975,primary_cycle25,True,0,1,same_region_xra_report_in_future_window,20220328events.txt:100;20220329events.txt:125;20220329events.txt:19,False
gb72-native-v1:20220328_1348_HARP8088_NOAA12975,primary_cycle25,True,0,1,same_region_xra_report_in_future_window,20220328events.txt:100;20220329events.txt:125;20220329events.txt:19,False
gb72-native-v1:20220328_1524_HARP8088_NOAA12975,primary_cycle25,True,0,1,same_region_xra_report_in_future_window,20220328events.txt:100;20220329events.txt:125;20220329events.txt:19,False
gb72-native-v1:20220328_1700_HARP8088_NOAA12975,primary_cycle25,True,0,1,same_region_xra_report_in_future_window,20220328events.txt:100;20220329events.txt:125;20220329events.txt:19,False
gb72-native-v1:20220328_1836_HARP8088_NOAA12975,primary_cycle25,True,0,1,same_region_xra_report_in_future_window,20220328events.txt:100;20220329events.txt:125;20220329events.txt:19;20220330events.txt:61,False
gb72-native-v1:20220328_2012_HARP8088_NOAA12975,primary_cycle25,True,0,1,same_region_xra_report_in_future_window,20220328events.txt:100;20220329events.txt:125;20220329events.txt:19;20220330events.txt:61,False
gb72-native-v1:20220328_2148_HARP8088_NOAA12975,primary_cycle25,True,0,1,same_region_xra_report_in_future_window,20220329events.txt:125;20220329events.txt:19;20220330events.txt:61,False
gb72-native-v1:20220328_2324_HARP8088_NOAA12975,primary_cycle25,True,0,1,same_region_xra_report_in_future_window,20220329events.txt:125;20220329events.txt:19;20220330events.txt:61,False
gb72-native-v1:20220329_0100_HARP8088_NOAA12975,primary_cycle25,True,0,1,same_region_xra_report_in_future_window,20220329events.txt:125;20220330events.txt:61,False
gb72-native-v1:20220329_0236_HARP8088_NOAA12975,primary_cycle25,True,0,1,same_region_xra_report_in_future_window,20220329events.txt:125;20220330events.txt:61,False
gb72-native-v1:20220329_0412_HARP8088_NOAA12975,primary_cycle25,True,0,1,same_region_xra_report_in_future_window,20220329events.txt:125;20220330events.txt:61,False
gb72-native-v1:20220329_0548_HARP8088_NOAA12975,primary_cycle25,True,0,1,same_region_xra_report_in_future_window,20220329events.txt:125;20220330events.txt:61,False
gb72-native-v1:20220329_0724_HARP8088_NOAA12975,primary_cycle25,True,0,1,same_region_xra_report_in_future_window,20220329events.txt:125;20220330events.txt:61,False
gb72-native-v1:20220329_0900_HARP8088_NOAA12975,primary_cycle25,True,0,1,same_region_xra_report_in_future_window,20220329events.txt:125;20220330events.txt:61,False
gb72-native-v1:20220329_1036_HARP8088_NOAA12975,primary_cycle25,True,0,1,same_region_xra_report_in_future_window,20220329events.txt:125;20220330events.txt:61,False
gb72-native-v1:20220329_1212_HARP8088_NOAA12975,primary_cycle25,True,0,1,same_region_xra_report_in_future_window,20220329events.txt:125;20220330events.txt:61,False
gb72-native-v1:20220329_1348_HARP8088_NOAA12975,primary_cycle25,True,0,1,same_region_xra_report_in_future_window,20220329events.txt:125;20220330events.txt:61,False
gb72-native-v1:20220329_1524_HARP8088_NOAA12975,primary_cycle25,True,0,1,same_region_xra_report_in_future_window,20220329events.txt:125;20220330events.txt:61,False
gb72-native-v1:20220329_1700_HARP8088_NOAA12975,primary_cycle25,True,0,1,same_region_xra_report_in_future_window,20220329events.txt:125;20220330events.txt:61,False
gb72-native-v1:20220329_1900_HARP8088_NOAA12975,not_in_matched_inputs,False,0,1,same_region_xra_report_in_future_window,20220329events.txt:125;20220330events.txt:61;20220331events.txt:67,False
gb72-native-v1:20220329_2036_HARP8088_NOAA12975,not_in_matched_inputs,False,0,1,same_region_xra_report_in_future_window,20220329events.txt:125;20220330events.txt:61;20220331events.txt:67,False
gb72-native-v1:20220329_2212_HARP8088_NOAA12975,not_in_matched_inputs,False,0,1,same_region_xra_report_in_future_window,20220330events.txt:61;20220331events.txt:67,False
gb72-native-v1:20220329_2348_HARP8088_NOAA12975,not_in_matched_inputs,False,0,1,same_region_xra_report_in_future_window,20220330events.txt:61;20220331events.txt:67,False
gb72-native-v1:20220330_0124_HARP8088_NOAA12975,primary_cycle25,True,0,1,same_region_xra_report_in_future_window,20220330events.txt:61;20220331events.txt:67,False
gb72-native-v1:20220330_0300_HARP8088_NOAA12975,not_in_matched_inputs,False,0,1,same_region_xra_report_in_future_window,20220330events.txt:61;20220331events.txt:67,False
gb72-native-v1:20220330_0436_HARP8088_NOAA12975,not_in_matched_inputs,False,0,1,same_region_xra_report_in_future_window,20220330events.txt:61;20220331events.txt:67,False
gb72-native-v1:20220330_0612_HARP8088_NOAA12975,not_in_matched_inputs,False,0,1,same_region_xra_report_in_future_window,20220330events.txt:61;20220331events.txt:67,False
gb72-native-v1:20220330_0748_HARP8088_NOAA12975,primary_cycle25,True,0,1,same_region_xra_report_in_future_window,20220330events.txt:61;20220331events.txt:67,False
gb72-native-v1:20220330_0924_HARP8088_NOAA12975,primary_cycle25,True,0,1,same_region_xra_report_in_future_window,20220330events.txt:61;20220331events.txt:67,False
gb72-native-v1:20220330_1100_HARP8088_NOAA12975,primary_cycle25,True,0,1,same_region_xra_report_in_future_window,20220330events.txt:61;20220331events.txt:67,False
gb72-native-v1:20220330_1236_HARP8088_NOAA12975,primary_cycle25,True,0,1,same_region_xra_report_in_future_window,20220330events.txt:61;20220331events.txt:67,False
gb72-native-v1:20220330_1412_HARP8088_NOAA12975,primary_cycle25,True,0,1,same_region_xra_report_in_future_window,20220330events.txt:61;20220331events.txt:67,False
gb72-native-v1:20220330_1624_HARP8088_NOAA12975,not_in_matched_inputs,False,0,1,same_region_xra_report_in_future_window,20220330events.txt:61;20220331events.txt:67,False
gb72-native-v1:20220330_1800_HARP8088_NOAA12975,not_in_matched_inputs,False,0,1,same_region_xra_report_in_future_window,20220331events.txt:67,False
gb72-native-v1:20220330_1936_HARP8088_NOAA12975,not_in_matched_inputs,False,0,1,same_region_xra_report_in_future_window,20220331events.txt:67,False
gb72-native-v1:20220330_2112_HARP8088_NOAA12975,not_in_matched_inputs,False,0,1,same_region_xra_report_in_future_window,20220331events.txt:67,False
gb72-native-v1:20220330_2248_HARP8088_NOAA12975,not_in_matched_inputs,False,0,1,same_region_xra_report_in_future_window,20220331events.txt:67,False
gb72-native-v1:20220331_0024_HARP8088_NOAA12975,primary_cycle25,True,0,1,same_region_xra_report_in_future_window,20220331events.txt:67,False
gb72-native-v1:20220331_0200_HARP8088_NOAA12975,primary_cycle25,True,0,1,same_region_xra_report_in_future_window,20220331events.txt:67,False
gb72-native-v1:20220331_0336_HARP8088_NOAA12975,primary_cycle25,True,0,1,same_region_xra_report_in_future_window,20220331events.txt:67;20220402events.txt:24,False
gb72-native-v1:20220331_0512_HARP8088_NOAA12975,primary_cycle25,True,0,1,same_region_xra_report_in_future_window,20220331events.txt:67;20220402events.txt:24,False
gb72-native-v1:20220423_0412_HARP8155_NOAA12993,primary_cycle25,True,0,1,same_region_xra_report_in_future_window,20220425events.txt:23,False
gb72-native-v1:20220423_0548_HARP8155_NOAA12993,primary_cycle25,True,0,1,same_region_xra_report_in_future_window,20220425events.txt:23,False
gb72-native-v1:20220423_0724_HARP8155_NOAA12993,primary_cycle25,True,0,1,same_region_xra_report_in_future_window,20220425events.txt:23,False
gb72-native-v1:20220423_0900_HARP8155_NOAA12993,primary_cycle25,True,0,1,same_region_xra_report_in_future_window,20220425events.txt:23,False
gb72-native-v1:20220423_1036_HARP8155_NOAA12993,primary_cycle25,True,0,1,same_region_xra_report_in_future_window,20220425events.txt:23,False
gb72-native-v1:20220423_1212_HARP8155_NOAA12993,primary_cycle25,True,0,1,same_region_xra_report_in_future_window,20220425events.txt:23,False
gb72-native-v1:20220423_1348_HARP8155_NOAA12993,primary_cycle25,True,0,1,same_region_xra_report_in_future_window,20220425events.txt:23,False
gb72-native-v1:20220423_1524_HARP8155_NOAA12993,primary_cycle25,True,0,1,same_region_xra_report_in_future_window,20220425events.txt:23,False
gb72-native-v1:20220423_1700_HARP8155_NOAA12993,primary_cycle25,True,0,1,same_region_xra_report_in_future_window,20220425events.txt:23,False
gb72-native-v1:20220423_1836_HARP8155_NOAA12993,primary_cycle25,True,0,1,same_region_xra_report_in_future_window,20220425events.txt:23,False
gb72-native-v1:20220423_2012_HARP8155_NOAA12993,primary_cycle25,True,0,1,same_region_xra_report_in_future_window,20220425events.txt:23,False
gb72-native-v1:20220423_2148_HARP8155_NOAA12993,primary_cycle25,True,0,1,same_region_xra_report_in_future_window,20220425events.txt:23,False
gb72-native-v1:20220423_2324_HARP8155_NOAA12993,primary_cycle25,True,0,1,same_region_xra_report_in_future_window,20220425events.txt:23,False
gb72-native-v1:20220424_0100_HARP8155_NOAA12993,primary_cycle25,True,0,1,same_region_xra_report_in_future_window,20220425events.txt:23,False
gb72-native-v1:20220424_0236_HARP8155_NOAA12993,primary_cycle25,True,0,1,same_region_xra_report_in_future_window,20220425events.txt:23,False
gb72-native-v1:20220424_0412_HARP8155_NOAA12993,not_in_matched_inputs,False,0,1,same_region_xra_report_in_future_window,20220425events.txt:23,False
gb72-native-v1:20220424_0548_HARP8155_NOAA12993,not_in_matched_inputs,False,0,1,same_region_xra_report_in_future_window,20220425events.txt:23,False
gb72-native-v1:20220424_0724_HARP8155_NOAA12993,not_in_matched_inputs,False,0,1,same_region_xra_report_in_future_window,20220425events.txt:23,False
gb72-native-v1:20220424_0900_HARP8155_NOAA12993,primary_cycle25,True,0,1,same_region_xra_report_in_future_window,20220425events.txt:23,False
gb72-native-v1:20220424_1036_HARP8155_NOAA12993,primary_cycle25,True,0,1,same_region_xra_report_in_future_window,20220425events.txt:23,False
gb72-native-v1:20220424_1212_HARP8155_NOAA12993,primary_cycle25,True,0,1,same_region_xra_report_in_future_window,20220425events.txt:23,False
gb72-native-v1:20220424_1348_HARP8155_NOAA12993,primary_cycle25,True,0,1,same_region_xra_report_in_future_window,20220425events.txt:23,False
gb72-native-v1:20220424_1524_HARP8155_NOAA12993,primary_cycle25,True,0,1,same_region_xra_report_in_future_window,20220425events.txt:23,False
gb72-native-v1:20220424_1700_HARP8155_NOAA12993,primary_cycle25,True,0,1,same_region_xra_report_in_future_window,20220425events.txt:23,False
gb72-native-v1:20220424_1836_HARP8155_NOAA12993,primary_cycle25,True,0,1,same_region_xra_report_in_future_window,20220425events.txt:23,False
gb72-native-v1:20220424_2012_HARP8155_NOAA12993,primary_cycle25,True,0,1,same_region_xra_report_in_future_window,20220425events.txt:23,False
gb72-native-v1:20220424_2148_HARP8155_NOAA12993,primary_cycle25,True,0,1,same_region_xra_report_in_future_window,20220425events.txt:23,False
gb72-native-v1:20220424_2324_HARP8155_NOAA12993,primary_cycle25,True,0,1,same_region_xra_report_in_future_window,20220425events.txt:23,False
gb72-native-v1:20220425_0100_HARP8155_NOAA12993,primary_cycle25,True,0,1,same_region_xra_report_in_future_window,20220425events.txt:23,False
gb72-native-v1:20220425_0236_HARP8155_NOAA12993,primary_cycle25,True,0,1,same_region_xra_report_in_future_window,20220425events.txt:23,False
gb72-native-v1:20220504_1700_HARP8195_NOAA13004,primary_cycle25,True,0,1,same_region_xra_report_in_future_window,20220504events.txt:104;20220505events.txt:73,False
gb72-native-v1:20220504_1836_HARP8195_NOAA13004,primary_cycle25,True,0,1,same_region_xra_report_in_future_window,20220504events.txt:104;20220505events.txt:73,False
gb72-native-v1:20220504_2024_HARP8195_NOAA13004,not_in_matched_inputs,False,0,1,same_region_xra_report_in_future_window,20220505events.txt:73,False
gb72-native-v1:20220504_2200_HARP8195_NOAA13004,not_in_matched_inputs,False,0,1,same_region_xra_report_in_future_window,20220505events.txt:73,False
gb72-native-v1:20220504_2336_HARP8195_NOAA13004,not_in_matched_inputs,False,0,1,same_region_xra_report_in_future_window,20220505events.txt:73,False
gb72-native-v1:20220505_0112_HARP8195_NOAA13004,primary_cycle25,True,0,1,same_region_xra_report_in_future_window,20220505events.txt:73,False
gb72-native-v1:20220505_0248_HARP8195_NOAA13004,primary_cycle25,True,0,1,same_region_xra_report_in_future_window,20220505events.txt:73,False
gb72-native-v1:20220505_0424_HARP8195_NOAA13004,primary_cycle25,True,0,1,same_region_xra_report_in_future_window,20220505events.txt:73,False
gb72-native-v1:20220505_0600_HARP8195_NOAA13004,primary_cycle25,True,0,1,same_region_xra_report_in_future_window,20220505events.txt:73,False
gb72-native-v1:20220505_0736_HARP8195_NOAA13004,not_in_matched_inputs,False,0,1,same_region_xra_report_in_future_window,20220505events.txt:73,False
gb72-native-v1:20220505_0912_HARP8195_NOAA13004,not_in_matched_inputs,False,0,1,same_region_xra_report_in_future_window,20220505events.txt:73,False
gb72-native-v1:20220505_1048_HARP8195_NOAA13004,not_in_matched_inputs,False,0,1,same_region_xra_report_in_future_window,20220505events.txt:73,False
gb72-native-v1:20220505_1224_HARP8195_NOAA13004,primary_cycle25,True,0,1,same_region_xra_report_in_future_window,20220505events.txt:73,False
gb72-native-v1:20220523_1836_HARP8240_NOAA13016,primary_cycle25,True,0,1,same_region_xra_report_in_future_window,20220525events.txt:47,False
gb72-native-v1:20220523_2012_HARP8240_NOAA13016,primary_cycle25,True,0,1,same_region_xra_report_in_future_window,20220525events.txt:47,False
gb72-native-v1:20220523_2148_HARP8240_NOAA13016,primary_cycle25,True,0,1,same_region_xra_report_in_future_window,20220525events.txt:47,False
gb72-native-v1:20220523_2324_HARP8240_NOAA13016,primary_cycle25,True,0,1,same_region_xra_report_in_future_window,20220525events.txt:47,False
gb72-native-v1:20220524_0100_HARP8240_NOAA13016,primary_cycle25,True,0,1,same_region_xra_report_in_future_window,20220525events.txt:47,False
gb72-native-v1:20220524_0236_HARP8240_NOAA13016,primary_cycle25,True,0,1,same_region_xra_report_in_future_window,20220525events.txt:47,False
gb72-native-v1:20220524_0412_HARP8240_NOAA13016,primary_cycle25,True,0,1,same_region_xra_report_in_future_window,20220525events.txt:47,False
gb72-native-v1:20220524_0548_HARP8240_NOAA13016,primary_cycle25,True,0,1,same_region_xra_report_in_future_window,20220525events.txt:47,False
gb72-native-v1:20220524_0724_HARP8240_NOAA13016,primary_cycle25,True,0,1,same_region_xra_report_in_future_window,20220525events.txt:47,False
gb72-native-v1:20220524_0900_HARP8240_NOAA13016,primary_cycle25,True,0,1,same_region_xra_report_in_future_window,20220525events.txt:47,False
gb72-native-v1:20220524_1036_HARP8240_NOAA13016,primary_cycle25,True,0,1,same_region_xra_report_in_future_window,20220525events.txt:47,False
gb72-native-v1:20220524_1212_HARP8240_NOAA13016,primary_cycle25,True,0,1,same_region_xra_report_in_future_window,20220525events.txt:47,False
gb72-native-v1:20220524_1348_HARP8240_NOAA13016,primary_cycle25,True,0,1,same_region_xra_report_in_future_window,20220525events.txt:47,False
gb72-native-v1:20220524_1524_HARP8240_NOAA13016,primary_cycle25,True,0,1,same_region_xra_report_in_future_window,20220525events.txt:47,False
gb72-native-v1:20220524_1700_HARP8240_NOAA13016,primary_cycle25,True,0,1,same_region_xra_report_in_future_window,20220525events.txt:47,False
gb72-native-v1:20220524_1836_HARP8240_NOAA13016,primary_cycle25,True,0,1,same_region_xra_report_in_future_window,20220525events.txt:47,False
gb72-native-v1:20220524_2036_HARP8240_NOAA13016,not_in_matched_inputs,False,0,1,same_region_xra_report_in_future_window,20220525events.txt:47,False
gb72-native-v1:20220524_2212_HARP8240_NOAA13016,not_in_matched_inputs,False,0,1,same_region_xra_report_in_future_window,20220525events.txt:47,False
gb72-native-v1:20220524_2348_HARP8240_NOAA13016,not_in_matched_inputs,False,0,1,same_region_xra_report_in_future_window,20220525events.txt:47,False
gb72-native-v1:20220614_0348_HARP8294_NOAA13031,primary_cycle25,True,0,1,same_region_xra_report_in_future_window,20220616events.txt:22,False
gb72-native-v1:20220614_0524_HARP8294_NOAA13031,primary_cycle25,True,0,1,same_region_xra_report_in_future_window,20220616events.txt:22,False
gb72-native-v1:20220614_0700_HARP8294_NOAA13031,primary_cycle25,True,0,1,same_region_xra_report_in_future_window,20220616events.txt:22,False
gb72-native-v1:20220614_0836_HARP8294_NOAA13031,primary_cycle25,True,0,1,same_region_xra_report_in_future_window,20220616events.txt:22,False
gb72-native-v1:20220614_1012_HARP8294_NOAA13031,primary_cycle25,True,0,1,same_region_xra_report_in_future_window,20220616events.txt:22,False
gb72-native-v1:20220614_1148_HARP8294_NOAA13031,primary_cycle25,True,0,1,same_region_xra_report_in_future_window,20220616events.txt:22,False
gb72-native-v1:20220614_1324_HARP8294_NOAA13031,primary_cycle25,True,0,1,same_region_xra_report_in_future_window,20220616events.txt:22,False
gb72-native-v1:20220614_1500_HARP8294_NOAA13031,primary_cycle25,True,0,1,same_region_xra_report_in_future_window,20220616events.txt:22,False
gb72-native-v1:20220614_1636_HARP8294_NOAA13031,primary_cycle25,True,0,1,same_region_xra_report_in_future_window,20220616events.txt:22,False
gb72-native-v1:20220614_1812_HARP8294_NOAA13031,primary_cycle25,True,0,1,same_region_xra_report_in_future_window,20220616events.txt:22,False
gb72-native-v1:20220614_1948_HARP8294_NOAA13031,primary_cycle25,True,0,1,same_region_xra_report_in_future_window,20220616events.txt:22,False
gb72-native-v1:20220614_2124_HARP8294_NOAA13031,primary_cycle25,True,0,1,same_region_xra_report_in_future_window,20220616events.txt:22,False
gb72-native-v1:20220614_2300_HARP8294_NOAA13031,primary_cycle25,True,0,1,same_region_xra_report_in_future_window,20220616events.txt:22,False
gb72-native-v1:20220615_0036_HARP8294_NOAA13031,primary_cycle25,True,0,1,same_region_xra_report_in_future_window,20220616events.txt:22,False
gb72-native-v1:20220615_0212_HARP8294_NOAA13031,primary_cycle25,True,0,1,same_region_xra_report_in_future_window,20220616events.txt:22,False
gb72-native-v1:20220615_0348_HARP8294_NOAA13031,primary_cycle25,True,0,1,same_region_xra_report_in_future_window,20220616events.txt:22,False
gb72-native-v1:20220615_0524_HARP8294_NOAA13031,primary_cycle25,True,0,1,same_region_xra_report_in_future_window,20220616events.txt:22,False
gb72-native-v1:20220615_0700_HARP8294_NOAA13031,primary_cycle25,True,0,1,same_region_xra_report_in_future_window,20220616events.txt:22,False
gb72-native-v1:20220615_0836_HARP8294_NOAA13031,primary_cycle25,True,0,1,same_region_xra_report_in_future_window,20220616events.txt:22,False
gb72-native-v1:20220615_1012_HARP8294_NOAA13031,primary_cycle25,True,0,1,same_region_xra_report_in_future_window,20220616events.txt:22,False
gb72-native-v1:20220615_1148_HARP8294_NOAA13031,primary_cycle25,True,0,1,same_region_xra_report_in_future_window,20220616events.txt:22,False
gb72-native-v1:20220615_1324_HARP8294_NOAA13031,primary_cycle25,True,0,1,same_region_xra_report_in_future_window,20220616events.txt:22,False
gb72-native-v1:20220615_1500_HARP8294_NOAA13031,primary_cycle25,True,0,1,same_region_xra_report_in_future_window,20220616events.txt:22,False
gb72-native-v1:20220615_1636_HARP8294_NOAA13031,primary_cycle25,True,0,1,same_region_xra_report_in_future_window,20220616events.txt:22,False
gb72-native-v1:20220615_1812_HARP8294_NOAA13031,primary_cycle25,True,0,1,same_region_xra_report_in_future_window,20220616events.txt:22,False
gb72-native-v1:20220615_2000_HARP8294_NOAA13031,not_in_matched_inputs,False,0,1,same_region_xra_report_in_future_window,20220616events.txt:22,False
gb72-native-v1:20220615_2136_HARP8294_NOAA13031,not_in_matched_inputs,False,0,1,same_region_xra_report_in_future_window,20220616events.txt:22,False
gb72-native-v1:20220615_2312_HARP8294_NOAA13031,not_in_matched_inputs,False,0,1,same_region_xra_report_in_future_window,20220616events.txt:22,False
gb72-native-v1:20220616_0048_HARP8294_NOAA13031,primary_cycle25,True,0,1,same_region_xra_report_in_future_window,20220616events.txt:22,False
gb72-native-v1:20220616_0224_HARP8294_NOAA13031,primary_cycle25,True,0,1,same_region_xra_report_in_future_window,20220616events.txt:22,False
gb72-native-v1:20220715_0612_HARP8421_NOAA13057,not_in_matched_inputs,False,0,1,same_region_xra_report_in_future_window,20220716events.txt:41,False
gb72-native-v1:20220715_0748_HARP8421_NOAA13057,not_in_matched_inputs,False,0,1,same_region_xra_report_in_future_window,20220716events.txt:41,False
gb72-native-v1:20220715_0924_HARP8421_NOAA13057,not_in_matched_inputs,False,0,1,same_region_xra_report_in_future_window,20220716events.txt:41,False
gb72-native-v1:20220715_1100_HARP8421_NOAA13057,primary_cycle25,True,0,1,same_region_xra_report_in_future_window,20220716events.txt:41,False
gb72-native-v1:20220715_1236_HARP8421_NOAA13057,primary_cycle25,True,0,1,same_region_xra_report_in_future_window,20220716events.txt:41,False
gb72-native-v1:20220715_1412_HARP8421_NOAA13057,primary_cycle25,True,0,1,same_region_xra_report_in_future_window,20220716events.txt:41,False
gb72-native-v1:20220715_1548_HARP8421_NOAA13057,primary_cycle25,True,0,1,same_region_xra_report_in_future_window,20220716events.txt:41,False
gb72-native-v1:20220715_1724_HARP8421_NOAA13057,primary_cycle25,True,0,1,same_region_xra_report_in_future_window,20220716events.txt:41,False
gb72-native-v1:20220715_1900_HARP8421_NOAA13057,primary_cycle25,True,0,1,same_region_xra_report_in_future_window,20220716events.txt:41,False
gb72-native-v1:20220715_2036_HARP8421_NOAA13057,primary_cycle25,True,0,1,same_region_xra_report_in_future_window,20220716events.txt:41,False
gb72-native-v1:20220715_2212_HARP8421_NOAA13057,primary_cycle25,True,0,1,same_region_xra_report_in_future_window,20220716events.txt:41,False
gb72-native-v1:20220715_2348_HARP8421_NOAA13057,primary_cycle25,True,0,1,same_region_xra_report_in_future_window,20220716events.txt:41,False
gb72-native-v1:20220716_0124_HARP8421_NOAA13057,primary_cycle25,True,0,1,same_region_xra_report_in_future_window,20220716events.txt:41,False
gb72-native-v1:20220716_0300_HARP8421_NOAA13057,primary_cycle25,True,0,1,same_region_xra_report_in_future_window,20220716events.txt:41,False
gb72-native-v1:20220716_0436_HARP8421_NOAA13057,primary_cycle25,True,0,1,same_region_xra_report_in_future_window,20220716events.txt:41,False
gb72-native-v1:20220716_0612_HARP8421_NOAA13057,primary_cycle25,True,0,1,same_region_xra_report_in_future_window,20220716events.txt:41,False
gb72-native-v1:20220815_2224_HARP8507_NOAA13078,primary_cycle25,True,0,1,same_region_xra_report_in_future_window,20220816events.txt:46;20220816events.txt:94;20220817events.txt:103;20220817events.txt:92,False
gb72-native-v1:20220816_0000_HARP8507_NOAA13078,primary_cycle25,True,0,1,same_region_xra_report_in_future_window,20220816events.txt:46;20220816events.txt:94;20220817events.txt:103;20220817events.txt:92,False
gb72-native-v1:20220816_0136_HARP8507_NOAA13078,primary_cycle25,True,0,1,same_region_xra_report_in_future_window,20220816events.txt:46;20220816events.txt:94;20220817events.txt:103;20220817events.txt:92,False
gb72-native-v1:20220816_0312_HARP8507_NOAA13078,primary_cycle25,True,0,1,same_region_xra_report_in_future_window,20220816events.txt:46;20220816events.txt:94;20220817events.txt:103;20220817events.txt:92,False
gb72-native-v1:20220816_0448_HARP8507_NOAA13078,primary_cycle25,True,0,1,same_region_xra_report_in_future_window,20220816events.txt:46;20220816events.txt:94;20220817events.txt:103;20220817events.txt:92,False
gb72-native-v1:20220816_0848_HARP8507_NOAA13078,not_in_matched_inputs,False,0,1,same_region_xra_report_in_future_window,20220816events.txt:94;20220817events.txt:103;20220817events.txt:92,False
gb72-native-v1:20220816_1024_HARP8507_NOAA13078,not_in_matched_inputs,False,0,1,same_region_xra_report_in_future_window,20220816events.txt:94;20220817events.txt:103;20220817events.txt:92;20220818events.txt:55,False
gb72-native-v1:20220816_1200_HARP8507_NOAA13078,not_in_matched_inputs,False,0,1,same_region_xra_report_in_future_window,20220816events.txt:94;20220817events.txt:103;20220817events.txt:92;20220818events.txt:55;20220818events.txt:65,False
gb72-native-v1:20220816_1336_HARP8507_NOAA13078,primary_cycle25,True,0,1,same_region_xra_report_in_future_window,20220816events.txt:94;20220817events.txt:103;20220817events.txt:92;20220818events.txt:55;20220818events.txt:65,False
gb72-native-v1:20220816_1512_HARP8507_NOAA13078,primary_cycle25,True,0,1,same_region_xra_report_in_future_window,20220816events.txt:94;20220817events.txt:103;20220817events.txt:92;20220818events.txt:55;20220818events.txt:65;20220818events.txt:92,False
gb72-native-v1:20220816_1648_HARP8507_NOAA13078,primary_cycle25,True,0,1,same_region_xra_report_in_future_window,20220816events.txt:94;20220817events.txt:103;20220817events.txt:92;20220818events.txt:55;20220818events.txt:65;20220818events.txt:92,False
gb72-native-v1:20220816_1824_HARP8507_NOAA13078,primary_cycle25,True,0,1,same_region_xra_report_in_future_window,20220816events.txt:94;20220817events.txt:103;20220817events.txt:92;20220818events.txt:55;20220818events.txt:65;20220818events.txt:92,False
gb72-native-v1:20220816_2000_HARP8507_NOAA13078,primary_cycle25,True,0,1,same_region_xra_report_in_future_window,20220816events.txt:94;20220817events.txt:103;20220817events.txt:92;20220818events.txt:55;20220818events.txt:65;20220818events.txt:92,False
gb72-native-v1:20220816_2200_HARP8507_NOAA13078,not_in_matched_inputs,False,0,1,same_region_xra_report_in_future_window,20220817events.txt:103;20220817events.txt:92;20220818events.txt:55;20220818events.txt:65;20220818events.txt:92,False
gb72-native-v1:20220816_2336_HARP8507_NOAA13078,not_in_matched_inputs,False,0,1,same_region_xra_report_in_future_window,20220817events.txt:103;20220817events.txt:92;20220818events.txt:55;20220818events.txt:65;20220818events.txt:92,False
gb72-native-v1:20220817_0112_HARP8507_NOAA13078,not_in_matched_inputs,False,0,1,same_region_xra_report_in_future_window,20220817events.txt:103;20220817events.txt:92;20220818events.txt:55;20220818events.txt:65;20220818events.txt:92,False
gb72-native-v1:20220817_0248_HARP8507_NOAA13078,not_in_matched_inputs,False,0,1,same_region_xra_report_in_future_window,20220817events.txt:103;20220817events.txt:92;20220818events.txt:55;20220818events.txt:65;20220818events.txt:92,False
gb72-native-v1:20220817_0424_HARP8507_NOAA13078,not_in_matched_inputs,False,0,1,same_region_xra_report_in_future_window,20220817events.txt:103;20220817events.txt:92;20220818events.txt:55;20220818events.txt:65;20220818events.txt:92;20220819events.txt:23,False
gb72-native-v1:20220817_0600_HARP8507_NOAA13078,primary_cycle25,True,0,1,same_region_xra_report_in_future_window,20220817events.txt:103;20220817events.txt:92;20220818events.txt:55;20220818events.txt:65;20220818events.txt:92;20220819events.txt:23,False
gb72-native-v1:20220817_0948_HARP8507_NOAA13078,not_in_matched_inputs,False,0,1,same_region_xra_report_in_future_window,20220817events.txt:103;20220817events.txt:92;20220818events.txt:55;20220818events.txt:65;20220818events.txt:92;20220819events.txt:23,False
gb72-native-v1:20220918_1148_HARP8602_NOAA13102,primary_cycle25,True,0,1,same_region_xra_report_in_future_window,20220920events.txt:43,False
gb72-native-v1:20220918_1324_HARP8602_NOAA13102,primary_cycle25,True,0,1,same_region_xra_report_in_future_window,20220920events.txt:43,False
gb72-native-v1:20220918_1500_HARP8602_NOAA13102,primary_cycle25,True,0,1,same_region_xra_report_in_future_window,20220920events.txt:43,False
gb72-native-v1:20220918_1636_HARP8602_NOAA13102,primary_cycle25,True,0,1,same_region_xra_report_in_future_window,20220920events.txt:43,False
gb72-native-v1:20220918_1812_HARP8602_NOAA13102,primary_cycle25,True,0,1,same_region_xra_report_in_future_window,20220920events.txt:43,False
gb72-native-v1:20220918_1948_HARP8602_NOAA13102,primary_cycle25,True,0,1,same_region_xra_report_in_future_window,20220920events.txt:43,False
gb72-native-v1:20220918_2124_HARP8602_NOAA13102,primary_cycle25,True,0,1,same_region_xra_report_in_future_window,20220920events.txt:43,False
gb72-native-v1:20220918_2300_HARP8602_NOAA13102,primary_cycle25,True,0,1,same_region_xra_report_in_future_window,20220920events.txt:43,False
gb72-native-v1:20220919_0036_HARP8602_NOAA13102,primary_cycle25,True,0,1,same_region_xra_report_in_future_window,20220920events.txt:43,False
gb72-native-v1:20220919_0212_HARP8602_NOAA13102,primary_cycle25,True,0,1,same_region_xra_report_in_future_window,20220920events.txt:43,False
gb72-native-v1:20220919_0348_HARP8602_NOAA13102,primary_cycle25,True,0,1,same_region_xra_report_in_future_window,20220920events.txt:43,False
gb72-native-v1:20220919_0524_HARP8602_NOAA13102,primary_cycle25,True,0,1,same_region_xra_report_in_future_window,20220920events.txt:43,False
gb72-native-v1:20220919_0700_HARP8602_NOAA13102,primary_cycle25,True,0,1,same_region_xra_report_in_future_window,20220920events.txt:43,False
gb72-native-v1:20220919_0836_HARP8602_NOAA13102,primary_cycle25,True,0,1,same_region_xra_report_in_future_window,20220920events.txt:43,False
gb72-native-v1:20220919_1012_HARP8602_NOAA13102,primary_cycle25,True,0,1,same_region_xra_report_in_future_window,20220920events.txt:43,False
gb72-native-v1:20220919_1148_HARP8602_NOAA13102,primary_cycle25,True,0,1,same_region_xra_report_in_future_window,20220920events.txt:43,False
gb72-native-v1:20220919_1324_HARP8602_NOAA13102,primary_cycle25,True,0,1,same_region_xra_report_in_future_window,20220920events.txt:43,False
gb72-native-v1:20220919_1500_HARP8602_NOAA13102,primary_cycle25,True,0,1,same_region_xra_report_in_future_window,20220920events.txt:43,False
gb72-native-v1:20220919_1636_HARP8602_NOAA13102,primary_cycle25,True,0,1,same_region_xra_report_in_future_window,20220920events.txt:43,False
gb72-native-v1:20220919_1812_HARP8602_NOAA13102,primary_cycle25,True,0,1,same_region_xra_report_in_future_window,20220920events.txt:43,False
gb72-native-v1:20220919_1948_HARP8602_NOAA13102,primary_cycle25,True,0,1,same_region_xra_report_in_future_window,20220920events.txt:43,False
gb72-native-v1:20220919_2124_HARP8602_NOAA13102,primary_cycle25,True,0,1,same_region_xra_report_in_future_window,20220920events.txt:43,False
gb72-native-v1:20220919_2300_HARP8602_NOAA13102,primary_cycle25,True,0,1,same_region_xra_report_in_future_window,20220920events.txt:43,False
gb72-native-v1:20220920_0036_HARP8602_NOAA13102,primary_cycle25,True,0,1,same_region_xra_report_in_future_window,20220920events.txt:43,False
gb72-native-v1:20220920_0212_HARP8602_NOAA13102,primary_cycle25,True,0,1,same_region_xra_report_in_future_window,20220920events.txt:43,False
gb72-native-v1:20220920_0348_HARP8602_NOAA13102,primary_cycle25,True,0,1,same_region_xra_report_in_future_window,20220920events.txt:43,False
gb72-native-v1:20220920_0524_HARP8602_NOAA13102,primary_cycle25,True,0,1,same_region_xra_report_in_future_window,20220920events.txt:43,False
gb72-native-v1:20220920_0700_HARP8602_NOAA13102,primary_cycle25,True,0,1,same_region_xra_report_in_future_window,20220920events.txt:43,False
gb72-native-v1:20220920_0836_HARP8602_NOAA13102,primary_cycle25,True,0,1,same_region_xra_report_in_future_window,20220920events.txt:43,False
gb72-native-v1:20220920_1012_HARP8602_NOAA13102,primary_cycle25,True,0,1,same_region_xra_report_in_future_window,20220920events.txt:43,False
gb72-native-v1:20220929_2012_HARP8625_NOAA13110,primary_cycle25,True,0,1,same_region_xra_report_in_future_window,20221001events.txt:86,False
gb72-native-v1:20220929_2148_HARP8625_NOAA13110,primary_cycle25,True,0,1,same_region_xra_report_in_future_window,20221001events.txt:86,False
gb72-native-v1:20220929_2324_HARP8625_NOAA13110,primary_cycle25,True,0,1,same_region_xra_report_in_future_window,20221001events.txt:86,False
gb72-native-v1:20220930_0100_HARP8625_NOAA13110,primary_cycle25,True,0,1,same_region_xra_report_in_future_window,20221001events.txt:86,False
gb72-native-v1:20220930_0236_HARP8625_NOAA13110,primary_cycle25,True,0,1,same_region_xra_report_in_future_window,20221001events.txt:86;20221002events.txt:20,False
gb72-native-v1:20220930_0412_HARP8625_NOAA13110,primary_cycle25,True,0,1,same_region_xra_report_in_future_window,20221001events.txt:86;20221002events.txt:20,False
gb72-native-v1:20220930_0548_HARP8625_NOAA13110,primary_cycle25,True,0,1,same_region_xra_report_in_future_window,20221001events.txt:86;20221002events.txt:20,False
gb72-native-v1:20220930_0724_HARP8625_NOAA13110,primary_cycle25,True,0,1,same_region_xra_report_in_future_window,20221001events.txt:86;20221002events.txt:20,False
gb72-native-v1:20220930_0900_HARP8625_NOAA13110,primary_cycle25,True,0,1,same_region_xra_report_in_future_window,20221001events.txt:86;20221002events.txt:20,False
gb72-native-v1:20220930_1036_HARP8625_NOAA13110,primary_cycle25,True,0,1,same_region_xra_report_in_future_window,20221001events.txt:86;20221002events.txt:20,False
gb72-native-v1:20220930_1212_HARP8625_NOAA13110,not_in_matched_inputs,False,0,1,same_region_xra_report_in_future_window,20221001events.txt:86;20221002events.txt:20,False
gb72-native-v1:20220930_1348_HARP8625_NOAA13110,not_in_matched_inputs,False,0,1,same_region_xra_report_in_future_window,20221001events.txt:86;20221002events.txt:20,False
gb72-native-v1:20220930_1524_HARP8625_NOAA13110,not_in_matched_inputs,False,0,1,same_region_xra_report_in_future_window,20221001events.txt:86;20221002events.txt:20,False
gb72-native-v1:20220930_1700_HARP8625_NOAA13110,primary_cycle25,True,0,1,same_region_xra_report_in_future_window,20221001events.txt:86;20221002events.txt:20,False
gb72-native-v1:20220930_1836_HARP8625_NOAA13110,primary_cycle25,True,0,1,same_region_xra_report_in_future_window,20221001events.txt:86;20221002events.txt:20,False
gb72-native-v1:20220930_2012_HARP8625_NOAA13110,primary_cycle25,True,0,1,same_region_xra_report_in_future_window,20221001events.txt:86;20221002events.txt:20;20221002events.txt:99,False
gb72-native-v1:20220930_2148_HARP8625_NOAA13110,primary_cycle25,True,0,1,same_region_xra_report_in_future_window,20221001events.txt:86;20221002events.txt:20;20221002events.txt:99,False
gb72-native-v1:20220930_2324_HARP8625_NOAA13110,primary_cycle25,True,0,1,same_region_xra_report_in_future_window,20221001events.txt:86;20221002events.txt:20;20221002events.txt:99,False
gb72-native-v1:20221001_0100_HARP8625_NOAA13110,primary_cycle25,True,0,1,same_region_xra_report_in_future_window,20221001events.txt:86;20221002events.txt:20;20221002events.txt:99,False
gb72-native-v1:20221001_0236_HARP8625_NOAA13110,primary_cycle25,True,0,1,same_region_xra_report_in_future_window,20221001events.txt:86;20221002events.txt:20;20221002events.txt:99,False
gb72-native-v1:20221001_0412_HARP8625_NOAA13110,primary_cycle25,True,0,1,same_region_xra_report_in_future_window,20221001events.txt:86;20221002events.txt:20;20221002events.txt:99,False
gb72-native-v1:20221001_0548_HARP8625_NOAA13110,primary_cycle25,True,0,1,same_region_xra_report_in_future_window,20221001events.txt:86;20221002events.txt:20;20221002events.txt:99,False
gb72-native-v1:20221001_0724_HARP8625_NOAA13110,primary_cycle25,True,0,1,same_region_xra_report_in_future_window,20221001events.txt:86;20221002events.txt:20;20221002events.txt:99,False
gb72-native-v1:20221001_0900_HARP8625_NOAA13110,primary_cycle25,True,0,1,same_region_xra_report_in_future_window,20221001events.txt:86;20221002events.txt:20;20221002events.txt:99,False
gb72-native-v1:20221001_1036_HARP8625_NOAA13110,primary_cycle25,True,0,1,same_region_xra_report_in_future_window,20221001events.txt:86;20221002events.txt:20;20221002events.txt:99;20221003events.txt:45,False
gb72-native-v1:20221001_1212_HARP8625_NOAA13110,primary_cycle25,True,0,1,same_region_xra_report_in_future_window,20221001events.txt:86;20221002events.txt:20;20221002events.txt:99;20221003events.txt:45;20221003events.txt:59,False
gb72-native-v1:20221001_1348_HARP8625_NOAA13110,primary_cycle25,True,0,1,same_region_xra_report_in_future_window,20221001events.txt:86;20221002events.txt:20;20221002events.txt:99;20221003events.txt:45;20221003events.txt:59,False
gb72-native-v1:20221001_1524_HARP8625_NOAA13110,primary_cycle25,True,0,1,same_region_xra_report_in_future_window,20221001events.txt:86;20221002events.txt:20;20221002events.txt:99;20221003events.txt:45;20221003events.txt:59,False
gb72-native-v1:20221001_1700_HARP8625_NOAA13110,primary_cycle25,True,0,1,same_region_xra_report_in_future_window,20221001events.txt:86;20221002events.txt:20;20221002events.txt:99;20221003events.txt:45;20221003events.txt:59,False
gb72-native-v1:20221001_1836_HARP8625_NOAA13110,primary_cycle25,True,0,1,same_region_xra_report_in_future_window,20221001events.txt:86;20221002events.txt:20;20221002events.txt:99;20221003events.txt:45;20221003events.txt:59,False
gb72-native-v1:20221008_1612_HARP8640_NOAA13112,primary_cycle25,True,0,1,same_region_xra_report_in_future_window,20221010events.txt:38,False
gb72-native-v1:20221008_1748_HARP8640_NOAA13112,primary_cycle25,True,0,1,same_region_xra_report_in_future_window,20221010events.txt:38,False
gb72-native-v1:20221008_1924_HARP8640_NOAA13112,primary_cycle25,True,0,1,same_region_xra_report_in_future_window,20221010events.txt:38,False
gb72-native-v1:20221008_2100_HARP8640_NOAA13112,primary_cycle25,True,0,1,same_region_xra_report_in_future_window,20221010events.txt:38,False
gb72-native-v1:20221008_2236_HARP8640_NOAA13112,primary_cycle25,True,0,1,same_region_xra_report_in_future_window,20221010events.txt:38,False
gb72-native-v1:20221009_0012_HARP8640_NOAA13112,primary_cycle25,True,0,1,same_region_xra_report_in_future_window,20221010events.txt:38,False
gb72-native-v1:20221009_0148_HARP8640_NOAA13112,primary_cycle25,True,0,1,same_region_xra_report_in_future_window,20221010events.txt:38,False
gb72-native-v1:20221009_0324_HARP8640_NOAA13112,primary_cycle25,True,0,1,same_region_xra_report_in_future_window,20221010events.txt:38,False
gb72-native-v1:20221009_0500_HARP8640_NOAA13112,primary_cycle25,True,0,1,same_region_xra_report_in_future_window,20221010events.txt:38,False
gb72-native-v1:20221009_0636_HARP8640_NOAA13112,primary_cycle25,True,0,1,same_region_xra_report_in_future_window,20221010events.txt:38,False
gb72-native-v1:20221009_0812_HARP8640_NOAA13112,primary_cycle25,True,0,1,same_region_xra_report_in_future_window,20221010events.txt:38,False
gb72-native-v1:20221113_0336_HARP8766_NOAA13140,primary_cycle25,True,0,1,same_region_xra_report_in_future_window,20221115events.txt:21,False
gb72-native-v1:20221113_0512_HARP8766_NOAA13140,not_in_matched_inputs,False,0,1,same_region_xra_report_in_future_window,20221115events.txt:21,False
gb72-native-v1:20221113_0648_HARP8766_NOAA13140,not_in_matched_inputs,False,0,1,same_region_xra_report_in_future_window,20221115events.txt:21,False
gb72-native-v1:20221129_0824_HARP8818_NOAA13152,primary_cycle25,True,0,1,same_region_xra_report_in_future_window,20221201events.txt:27,False
gb72-native-v1:20221129_1000_HARP8818_NOAA13152,primary_cycle25,True,0,1,same_region_xra_report_in_future_window,20221201events.txt:27,False
gb72-native-v1:20221129_1136_HARP8818_NOAA13152,primary_cycle25,True,0,1,same_region_xra_report_in_future_window,20221201events.txt:27,False
gb72-native-v1:20221129_1312_HARP8818_NOAA13152,primary_cycle25,True,0,1,same_region_xra_report_in_future_window,20221201events.txt:27,False
gb72-native-v1:20221129_1448_HARP8818_NOAA13152,primary_cycle25,True,0,1,same_region_xra_report_in_future_window,20221201events.txt:27,False
gb72-native-v1:20221129_1624_HARP8818_NOAA13152,primary_cycle25,True,0,1,same_region_xra_report_in_future_window,20221201events.txt:27,False
gb72-native-v1:20221129_1800_HARP8818_NOAA13152,primary_cycle25,True,0,1,same_region_xra_report_in_future_window,20221201events.txt:27,False
gb72-native-v1:20221129_1948_HARP8818_NOAA13152,not_in_matched_inputs,False,0,1,same_region_xra_report_in_future_window,20221201events.txt:27,False
gb72-native-v1:20221129_2124_HARP8818_NOAA13152,not_in_matched_inputs,False,0,1,same_region_xra_report_in_future_window,20221201events.txt:27,False
gb72-native-v1:20221129_2300_HARP8818_NOAA13152,not_in_matched_inputs,False,0,1,same_region_xra_report_in_future_window,20221201events.txt:27,False
gb72-native-v1:20221130_0036_HARP8818_NOAA13152,primary_cycle25,True,0,1,same_region_xra_report_in_future_window,20221201events.txt:27,False
gb72-native-v1:20221130_0212_HARP8818_NOAA13152,primary_cycle25,True,0,1,same_region_xra_report_in_future_window,20221201events.txt:27,False
gb72-native-v1:20221130_0348_HARP8818_NOAA13152,primary_cycle25,True,0,1,same_region_xra_report_in_future_window,20221201events.txt:27,False
gb72-native-v1:20221130_0524_HARP8818_NOAA13152,primary_cycle25,True,0,1,same_region_xra_report_in_future_window,20221201events.txt:27,False
gb72-native-v1:20221130_0700_HARP8818_NOAA13152,primary_cycle25,True,0,1,same_region_xra_report_in_future_window,20221201events.txt:27,False
gb72-native-v1:20221130_0836_HARP8818_NOAA13152,primary_cycle25,True,0,1,same_region_xra_report_in_future_window,20221201events.txt:27,False
gb72-native-v1:20221130_1012_HARP8818_NOAA13152,primary_cycle25,True,0,1,same_region_xra_report_in_future_window,20221201events.txt:27,False
gb72-native-v1:20221130_1148_HARP8818_NOAA13152,primary_cycle25,True,0,1,same_region_xra_report_in_future_window,20221201events.txt:27,False
gb72-native-v1:20221130_1324_HARP8818_NOAA13152,primary_cycle25,True,0,1,same_region_xra_report_in_future_window,20221201events.txt:27,False
gb72-native-v1:20221130_1536_HARP8818_NOAA13152,not_in_matched_inputs,False,0,1,same_region_xra_report_in_future_window,20221201events.txt:27,False
gb72-native-v1:20221130_1712_HARP8818_NOAA13152,not_in_matched_inputs,False,0,1,same_region_xra_report_in_future_window,20221201events.txt:27,False
gb72-native-v1:20221130_1848_HARP8818_NOAA13152,not_in_matched_inputs,False,0,1,same_region_xra_report_in_future_window,20221201events.txt:27,False
gb72-native-v1:20221130_2024_HARP8818_NOAA13152,primary_cycle25,True,0,1,same_region_xra_report_in_future_window,20221201events.txt:27,False
gb72-native-v1:20221130_2200_HARP8818_NOAA13152,primary_cycle25,True,0,1,same_region_xra_report_in_future_window,20221201events.txt:27,False
gb72-native-v1:20221225_1748_HARP8903_NOAA13169,primary_cycle25,True,0,1,same_region_xra_report_in_future_window,20221227events.txt:67,False
gb72-native-v1:20221225_1924_HARP8903_NOAA13169,primary_cycle25,True,0,1,same_region_xra_report_in_future_window,20221227events.txt:67,False
gb72-native-v1:20221225_2100_HARP8903_NOAA13169,primary_cycle25,True,0,1,same_region_xra_report_in_future_window,20221227events.txt:67,False
gb72-native-v1:20221225_2236_HARP8903_NOAA13169,primary_cycle25,True,0,1,same_region_xra_report_in_future_window,20221227events.txt:67,False
gb72-native-v1:20221226_0012_HARP8903_NOAA13169,primary_cycle25,True,0,1,same_region_xra_report_in_future_window,20221227events.txt:67,False
gb72-native-v1:20221226_0148_HARP8903_NOAA13169,primary_cycle25,True,0,1,same_region_xra_report_in_future_window,20221227events.txt:67,False
gb72-native-v1:20221226_0324_HARP8903_NOAA13169,primary_cycle25,True,0,1,same_region_xra_report_in_future_window,20221227events.txt:67,False
gb72-native-v1:20221226_0500_HARP8903_NOAA13169,primary_cycle25,True,0,1,same_region_xra_report_in_future_window,20221227events.txt:67,False
gb72-native-v1:20221226_0636_HARP8903_NOAA13169,primary_cycle25,True,0,1,same_region_xra_report_in_future_window,20221227events.txt:67,False
gb72-native-v1:20221226_0812_HARP8903_NOAA13169,primary_cycle25,True,0,1,same_region_xra_report_in_future_window,20221227events.txt:67,False
gb72-native-v1:20221226_0948_HARP8903_NOAA13169,primary_cycle25,True,0,1,same_region_xra_report_in_future_window,20221227events.txt:67,False
gb72-native-v1:20221226_1124_HARP8903_NOAA13169,primary_cycle25,True,0,1,same_region_xra_report_in_future_window,20221227events.txt:67,False
gb72-native-v1:20221226_1300_HARP8903_NOAA13169,primary_cycle25,True,0,1,same_region_xra_report_in_future_window,20221227events.txt:67,False
gb72-native-v1:20221226_1436_HARP8903_NOAA13169,primary_cycle25,True,0,1,same_region_xra_report_in_future_window,20221227events.txt:67,False
gb72-native-v1:20221229_1036_HARP8918_NOAA13176,not_in_matched_inputs,False,0,1,same_region_xra_report_in_future_window,20221230events.txt:78;20221230events.txt:95,False
gb72-native-v1:20221229_1212_HARP8918_NOAA13176,not_in_matched_inputs,False,0,1,same_region_xra_report_in_future_window,20221230events.txt:78;20221230events.txt:95,False
gb72-native-v1:20221229_1348_HARP8918_NOAA13176,not_in_matched_inputs,False,0,1,same_region_xra_report_in_future_window,20221230events.txt:78;20221230events.txt:95,False
gb72-native-v1:20221229_1524_HARP8918_NOAA13176,primary_cycle25,True,0,1,same_region_xra_report_in_future_window,20221230events.txt:78;20221230events.txt:95,False
gb72-native-v1:20221229_1700_HARP8918_NOAA13176,primary_cycle25,True,0,1,same_region_xra_report_in_future_window,20221230events.txt:78;20221230events.txt:95,False
gb72-native-v1:20221229_1836_HARP8918_NOAA13176,primary_cycle25,True,0,1,same_region_xra_report_in_future_window,20221230events.txt:78;20221230events.txt:95,False
gb72-native-v1:20221229_2012_HARP8918_NOAA13176,primary_cycle25,True,0,1,same_region_xra_report_in_future_window,20221230events.txt:78;20221230events.txt:95,False
gb72-native-v1:20221229_2148_HARP8918_NOAA13176,primary_cycle25,True,0,1,same_region_xra_report_in_future_window,20221230events.txt:78;20221230events.txt:95,False
gb72-native-v1:20221229_2324_HARP8918_NOAA13176,primary_cycle25,True,0,1,same_region_xra_report_in_future_window,20221230events.txt:78;20221230events.txt:95,False
gb72-native-v1:20221230_0100_HARP8918_NOAA13176,primary_cycle25,True,0,1,same_region_xra_report_in_future_window,20221230events.txt:78;20221230events.txt:95,False
gb72-native-v1:20221230_0236_HARP8918_NOAA13176,primary_cycle25,True,0,1,same_region_xra_report_in_future_window,20221230events.txt:78;20221230events.txt:95,False
gb72-native-v1:20221230_0412_HARP8918_NOAA13176,primary_cycle25,True,0,1,same_region_xra_report_in_future_window,20221230events.txt:78;20221230events.txt:95,False
gb72-native-v1:20221230_0548_HARP8918_NOAA13176,primary_cycle25,True,0,1,same_region_xra_report_in_future_window,20221230events.txt:78;20221230events.txt:95,False
gb72-native-v1:20221230_0724_HARP8918_NOAA13176,primary_cycle25,True,0,1,same_region_xra_report_in_future_window,20221230events.txt:78;20221230events.txt:95,False
gb72-native-v1:20221230_0900_HARP8918_NOAA13176,primary_cycle25,True,0,1,same_region_xra_report_in_future_window,20221230events.txt:78;20221230events.txt:95,False
gb72-native-v1:20221230_1036_HARP8918_NOAA13176,primary_cycle25,True,0,1,same_region_xra_report_in_future_window,20221230events.txt:78;20221230events.txt:95,False
gb72-native-v1:20221230_1212_HARP8918_NOAA13176,primary_cycle25,True,0,1,same_region_xra_report_in_future_window,20221230events.txt:78;20221230events.txt:95,False
gb72-native-v1:20221230_1348_HARP8918_NOAA13176,primary_cycle25,True,0,1,same_region_xra_report_in_future_window,20221230events.txt:78;20221230events.txt:95,False
gb72-native-v1:20221230_1524_HARP8918_NOAA13176,primary_cycle25,True,0,1,same_region_xra_report_in_future_window,20221230events.txt:78;20221230events.txt:95,False
gb72-native-v1:20221230_1700_HARP8918_NOAA13176,primary_cycle25,True,0,1,same_region_xra_report_in_future_window,20221230events.txt:95,False
gb72-native-v1:20221230_1836_HARP8918_NOAA13176,primary_cycle25,True,0,1,same_region_xra_report_in_future_window,20221230events.txt:95,False
gb72-native-v1:20230107_0912_HARP8942_NOAA13181,not_in_matched_inputs,False,0,1,same_region_xra_report_in_future_window,20230109events.txt:53,False
gb72-native-v1:20230107_1048_HARP8942_NOAA13181,not_in_matched_inputs,False,0,1,same_region_xra_report_in_future_window,20230109events.txt:53,False
gb72-native-v1:20230107_1224_HARP8942_NOAA13181,primary_cycle25,True,0,1,same_region_xra_report_in_future_window,20230109events.txt:53,False
gb72-native-v1:20230107_1400_HARP8942_NOAA13181,primary_cycle25,True,0,1,same_region_xra_report_in_future_window,20230109events.txt:53;20230109events.txt:69,False
gb72-native-v1:20230107_1536_HARP8942_NOAA13181,primary_cycle25,True,0,1,same_region_xra_report_in_future_window,20230109events.txt:53;20230109events.txt:69,False
gb72-native-v1:20230107_1712_HARP8942_NOAA13181,primary_cycle25,True,0,1,same_region_xra_report_in_future_window,20230109events.txt:53;20230109events.txt:69,False
gb72-native-v1:20230107_1848_HARP8942_NOAA13181,primary_cycle25,True,0,1,same_region_xra_report_in_future_window,20230109events.txt:53;20230109events.txt:69,False
gb72-native-v1:20230107_2024_HARP8942_NOAA13181,primary_cycle25,True,0,1,same_region_xra_report_in_future_window,20230109events.txt:53;20230109events.txt:69,False
gb72-native-v1:20230107_2200_HARP8942_NOAA13181,primary_cycle25,True,0,1,same_region_xra_report_in_future_window,20230109events.txt:53;20230109events.txt:69,False
gb72-native-v1:20230107_2336_HARP8942_NOAA13181,primary_cycle25,True,0,1,same_region_xra_report_in_future_window,20230109events.txt:53;20230109events.txt:69,False
gb72-native-v1:20230108_0112_HARP8942_NOAA13181,primary_cycle25,True,0,1,same_region_xra_report_in_future_window,20230109events.txt:53;20230109events.txt:69,False
gb72-native-v1:20230110_1536_HARP8950_NOAA13182,primary_cycle25,True,0,1,same_region_xra_report_in_future_window,20230112events.txt:107,False
gb72-native-v1:20230110_1712_HARP8950_NOAA13182,primary_cycle25,True,0,1,same_region_xra_report_in_future_window,20230112events.txt:107,False
gb72-native-v1:20230110_1848_HARP8950_NOAA13182,primary_cycle25,True,0,1,same_region_xra_report_in_future_window,20230112events.txt:107,False
gb72-native-v1:20230110_2036_HARP8950_NOAA13182,not_in_matched_inputs,False,0,1,same_region_xra_report_in_future_window,20230112events.txt:107;20230112events.txt:124,False
gb72-native-v1:20230110_2212_HARP8950_NOAA13182,not_in_matched_inputs,False,0,1,same_region_xra_report_in_future_window,20230112events.txt:107;20230112events.txt:124,False
gb72-native-v1:20230110_2348_HARP8950_NOAA13182,not_in_matched_inputs,False,0,1,same_region_xra_report_in_future_window,20230112events.txt:107;20230112events.txt:124,False
gb72-native-v1:20230111_0124_HARP8950_NOAA13182,not_in_matched_inputs,False,0,1,same_region_xra_report_in_future_window,20230112events.txt:107;20230112events.txt:124,False
gb72-native-v1:20230111_0300_HARP8950_NOAA13182,primary_cycle25,True,0,1,same_region_xra_report_in_future_window,20230112events.txt:107;20230112events.txt:124,False
gb72-native-v1:20230111_0436_HARP8950_NOAA13182,primary_cycle25,True,0,1,same_region_xra_report_in_future_window,20230112events.txt:107;20230112events.txt:124,False
gb72-native-v1:20230111_0612_HARP8950_NOAA13182,primary_cycle25,True,0,1,same_region_xra_report_in_future_window,20230112events.txt:107;20230112events.txt:124,False
gb72-native-v1:20230111_0748_HARP8950_NOAA13182,primary_cycle25,True,0,1,same_region_xra_report_in_future_window,20230112events.txt:107;20230112events.txt:124,False
gb72-native-v1:20230111_0924_HARP8950_NOAA13182,primary_cycle25,True,0,1,same_region_xra_report_in_future_window,20230112events.txt:107;20230112events.txt:124,False
gb72-native-v1:20230111_1100_HARP8950_NOAA13182,primary_cycle25,True,0,1,same_region_xra_report_in_future_window,20230112events.txt:107;20230112events.txt:124,False
gb72-native-v1:20230111_1236_HARP8950_NOAA13182,primary_cycle25,True,0,1,same_region_xra_report_in_future_window,20230112events.txt:107;20230112events.txt:124,False
gb72-native-v1:20230111_1936_HARP8950_NOAA13182,not_in_matched_inputs,False,0,1,same_region_xra_report_in_future_window,20230112events.txt:107;20230112events.txt:124,False
gb72-native-v1:20230111_2112_HARP8950_NOAA13182,not_in_matched_inputs,False,0,1,same_region_xra_report_in_future_window,20230112events.txt:107;20230112events.txt:124,False
gb72-native-v1:20230111_2248_HARP8950_NOAA13182,not_in_matched_inputs,False,0,1,same_region_xra_report_in_future_window,20230112events.txt:107;20230112events.txt:124,False
gb72-native-v1:20230112_0024_HARP8950_NOAA13182,primary_cycle25,True,0,1,same_region_xra_report_in_future_window,20230112events.txt:107;20230112events.txt:124,False
gb72-native-v1:20230112_0200_HARP8950_NOAA13182,primary_cycle25,True,0,1,same_region_xra_report_in_future_window,20230112events.txt:107;20230112events.txt:124,False
gb72-native-v1:20230112_0336_HARP8950_NOAA13182,primary_cycle25,True,0,1,same_region_xra_report_in_future_window,20230112events.txt:107;20230112events.txt:124,False
gb72-native-v1:20230112_0512_HARP8950_NOAA13182,primary_cycle25,True,0,1,same_region_xra_report_in_future_window,20230112events.txt:107;20230112events.txt:124,False
gb72-native-v1:20230112_0648_HARP8950_NOAA13182,primary_cycle25,True,0,1,same_region_xra_report_in_future_window,20230112events.txt:107;20230112events.txt:124,False
gb72-native-v1:20230112_0824_HARP8950_NOAA13182,primary_cycle25,True,0,1,same_region_xra_report_in_future_window,20230112events.txt:107;20230112events.txt:124,False
gb72-native-v1:20230112_1000_HARP8950_NOAA13182,primary_cycle25,True,0,1,same_region_xra_report_in_future_window,20230112events.txt:107;20230112events.txt:124,False
gb72-native-v1:20230112_1136_HARP8950_NOAA13182,primary_cycle25,True,0,1,same_region_xra_report_in_future_window,20230112events.txt:107;20230112events.txt:124,False
gb72-native-v1:20230112_1312_HARP8950_NOAA13182,primary_cycle25,True,0,1,same_region_xra_report_in_future_window,20230112events.txt:107;20230112events.txt:124,False
gb72-native-v1:20230112_1448_HARP8950_NOAA13182,primary_cycle25,True,0,1,same_region_xra_report_in_future_window,20230112events.txt:124,False
gb72-native-v1:20230112_1624_HARP8950_NOAA13182,primary_cycle25,True,0,1,same_region_xra_report_in_future_window,20230112events.txt:124,False
gb72-native-v1:20230112_1800_HARP8950_NOAA13182,primary_cycle25,True,0,1,same_region_xra_report_in_future_window,20230112events.txt:124,False
gb72-native-v1:20230112_2112_HARP8950_NOAA13182,not_in_matched_inputs,False,0,1,same_region_xra_report_in_future_window,20230114events.txt:90;20230114events.txt:93,False
gb72-native-v1:20230112_2248_HARP8950_NOAA13182,not_in_matched_inputs,False,0,1,same_region_xra_report_in_future_window,20230114events.txt:90;20230114events.txt:93,False
gb72-native-v1:20230113_0024_HARP8950_NOAA13182,primary_cycle25,True,0,1,same_region_xra_report_in_future_window,20230114events.txt:90;20230114events.txt:93,False
gb72-native-v1:20230113_0200_HARP8950_NOAA13182,primary_cycle25,True,0,1,same_region_xra_report_in_future_window,20230114events.txt:90;20230114events.txt:93,False
gb72-native-v1:20230113_0336_HARP8950_NOAA13182,primary_cycle25,True,0,1,same_region_xra_report_in_future_window,20230114events.txt:90;20230114events.txt:93,False
gb72-native-v1:20230113_0512_HARP8950_NOAA13182,primary_cycle25,True,0,1,same_region_xra_report_in_future_window,20230114events.txt:90;20230114events.txt:93,False
gb72-native-v1:20230113_0648_HARP8950_NOAA13182,primary_cycle25,True,0,1,same_region_xra_report_in_future_window,20230114events.txt:90;20230114events.txt:93,False
gb72-native-v1:20230113_0824_HARP8950_NOAA13182,primary_cycle25,True,0,1,same_region_xra_report_in_future_window,20230114events.txt:90;20230114events.txt:93,False
gb72-native-v1:20230113_1000_HARP8950_NOAA13182,primary_cycle25,True,0,1,same_region_xra_report_in_future_window,20230114events.txt:90;20230114events.txt:93,False
gb72-native-v1:20230113_1136_HARP8950_NOAA13182,primary_cycle25,True,0,1,same_region_xra_report_in_future_window,20230114events.txt:90;20230114events.txt:93,False
gb72-native-v1:20230113_1312_HARP8950_NOAA13182,primary_cycle25,True,0,1,same_region_xra_report_in_future_window,20230114events.txt:90;20230114events.txt:93,False
gb72-native-v1:20230113_1448_HARP8950_NOAA13182,primary_cycle25,True,0,1,same_region_xra_report_in_future_window,20230114events.txt:90;20230114events.txt:93,False
gb72-native-v1:20230113_1624_HARP8950_NOAA13182,primary_cycle25,True,0,1,same_region_xra_report_in_future_window,20230114events.txt:90;20230114events.txt:93,False
gb72-native-v1:20230113_1800_HARP8950_NOAA13182,primary_cycle25,True,0,1,same_region_xra_report_in_future_window,20230114events.txt:90;20230114events.txt:93,False
gb72-native-v1:20230113_1936_HARP8950_NOAA13182,not_in_matched_inputs,False,0,1,same_region_xra_report_in_future_window,20230114events.txt:90;20230114events.txt:93,False
gb72-native-v1:20230113_2112_HARP8950_NOAA13182,not_in_matched_inputs,False,0,1,same_region_xra_report_in_future_window,20230114events.txt:90;20230114events.txt:93,False
gb72-native-v1:20230113_2248_HARP8950_NOAA13182,not_in_matched_inputs,False,0,1,same_region_xra_report_in_future_window,20230114events.txt:90;20230114events.txt:93,False
gb72-native-v1:20230114_0024_HARP8950_NOAA13182,primary_cycle25,True,0,1,same_region_xra_report_in_future_window,20230114events.txt:90;20230114events.txt:93,False
gb72-native-v1:20230114_0200_HARP8950_NOAA13182,primary_cycle25,True,0,1,same_region_xra_report_in_future_window,20230114events.txt:90;20230114events.txt:93,False
gb72-native-v1:20230114_0336_HARP8950_NOAA13182,primary_cycle25,True,0,1,same_region_xra_report_in_future_window,20230114events.txt:90;20230114events.txt:93,False
gb72-native-v1:20230114_0512_HARP8950_NOAA13182,primary_cycle25,True,0,1,same_region_xra_report_in_future_window,20230114events.txt:90;20230114events.txt:93,False
gb72-native-v1:20230114_0648_HARP8950_NOAA13182,primary_cycle25,True,0,1,same_region_xra_report_in_future_window,20230114events.txt:90;20230114events.txt:93,False
gb72-native-v1:20230222_1724_HARP9137_NOAA13235,primary_cycle25,True,0,1,same_region_xra_report_in_future_window,20230224events.txt:85,False
gb72-native-v1:20230222_1912_HARP9137_NOAA13235,not_in_matched_inputs,False,0,1,same_region_xra_report_in_future_window,20230224events.txt:85,False
gb72-native-v1:20230222_2024_HARP9121_NOAA13229,not_in_matched_inputs,False,0,1,same_region_xra_report_in_future_window,20230224events.txt:104,False
gb72-native-v1:20230222_2048_HARP9137_NOAA13235,not_in_matched_inputs,False,0,1,same_region_xra_report_in_future_window,20230224events.txt:85,False
gb72-native-v1:20230223_0048_HARP9121_NOAA13229,not_in_matched_inputs,False,0,1,same_region_xra_report_in_future_window,20230224events.txt:104,False
gb72-native-v1:20230223_0112_HARP9137_NOAA13235,not_in_matched_inputs,False,0,1,same_region_xra_report_in_future_window,20230224events.txt:85,False
gb72-native-v1:20230223_0224_HARP9121_NOAA13229,not_in_matched_inputs,False,0,1,same_region_xra_report_in_future_window,20230224events.txt:104,False
gb72-native-v1:20230223_0248_HARP9137_NOAA13235,not_in_matched_inputs,False,0,1,same_region_xra_report_in_future_window,20230224events.txt:85,False
gb72-native-v1:20230223_0400_HARP9121_NOAA13229,not_in_matched_inputs,False,0,1,same_region_xra_report_in_future_window,20230224events.txt:104,False
gb72-native-v1:20230223_0424_HARP9137_NOAA13235,not_in_matched_inputs,False,0,1,same_region_xra_report_in_future_window,20230224events.txt:85,False
gb72-native-v1:20230223_0536_HARP9121_NOAA13229,primary_cycle25,True,0,1,same_region_xra_report_in_future_window,20230224events.txt:104,False
gb72-native-v1:20230223_0600_HARP9137_NOAA13235,primary_cycle25,True,0,1,same_region_xra_report_in_future_window,20230224events.txt:85,False
gb72-native-v1:20230223_0712_HARP9121_NOAA13229,primary_cycle25,True,0,1,same_region_xra_report_in_future_window,20230224events.txt:104,False
gb72-native-v1:20230223_0736_HARP9137_NOAA13235,not_in_matched_inputs,False,0,1,same_region_xra_report_in_future_window,20230224events.txt:85,False
gb72-native-v1:20230223_0848_HARP9121_NOAA13229,primary_cycle25,True,0,1,same_region_xra_report_in_future_window,20230224events.txt:104,False
gb72-native-v1:20230223_0912_HARP9137_NOAA13235,not_in_matched_inputs,False,0,1,same_region_xra_report_in_future_window,20230224events.txt:85,False
gb72-native-v1:20230223_1024_HARP9121_NOAA13229,primary_cycle25,True,0,1,same_region_xra_report_in_future_window,20230224events.txt:104,False
gb72-native-v1:20230223_1048_HARP9137_NOAA13235,not_in_matched_inputs,False,0,1,same_region_xra_report_in_future_window,20230224events.txt:85,False
gb72-native-v1:20230223_1300_HARP9121_NOAA13229,not_in_matched_inputs,False,0,1,same_region_xra_report_in_future_window,20230224events.txt:104,False
gb72-native-v1:20230223_1324_HARP9137_NOAA13235,not_in_matched_inputs,False,0,1,same_region_xra_report_in_future_window,20230224events.txt:85,False
gb72-native-v1:20230223_1436_HARP9121_NOAA13229,not_in_matched_inputs,False,0,1,same_region_xra_report_in_future_window,20230224events.txt:104,False
gb72-native-v1:20230223_1500_HARP9137_NOAA13235,not_in_matched_inputs,False,0,1,same_region_xra_report_in_future_window,20230224events.txt:85,False
gb72-native-v1:20230223_1612_HARP9121_NOAA13229,not_in_matched_inputs,False,0,1,same_region_xra_report_in_future_window,20230224events.txt:104,False
gb72-native-v1:20230223_1636_HARP9137_NOAA13235,not_in_matched_inputs,False,0,1,same_region_xra_report_in_future_window,20230224events.txt:85,False
gb72-native-v1:20230223_1748_HARP9121_NOAA13229,primary_cycle25,True,0,1,same_region_xra_report_in_future_window,20230224events.txt:104,False
gb72-native-v1:20230223_1812_HARP9137_NOAA13235,primary_cycle25,True,0,1,same_region_xra_report_in_future_window,20230224events.txt:85,False
gb72-native-v1:20230223_1924_HARP9121_NOAA13229,primary_cycle25,True,0,1,same_region_xra_report_in_future_window,20230224events.txt:104;20230225events.txt:99,False
gb72-native-v1:20230223_1948_HARP9137_NOAA13235,primary_cycle25,True,0,1,same_region_xra_report_in_future_window,20230224events.txt:85,False
gb72-native-v1:20230223_2124_HARP9121_NOAA13229,not_in_matched_inputs,False,0,1,same_region_xra_report_in_future_window,20230224events.txt:104;20230225events.txt:99,False
gb72-native-v1:20230223_2148_HARP9137_NOAA13235,not_in_matched_inputs,False,0,1,same_region_xra_report_in_future_window,20230224events.txt:85,False
gb72-native-v1:20230223_2300_HARP9121_NOAA13229,not_in_matched_inputs,False,0,1,same_region_xra_report_in_future_window,20230224events.txt:104;20230225events.txt:99,False
gb72-native-v1:20230223_2324_HARP9137_NOAA13235,not_in_matched_inputs,False,0,1,same_region_xra_report_in_future_window,20230224events.txt:85,False
gb72-native-v1:20230224_0036_HARP9121_NOAA13229,not_in_matched_inputs,False,0,1,same_region_xra_report_in_future_window,20230224events.txt:104;20230225events.txt:99,False
gb72-native-v1:20230224_0100_HARP9137_NOAA13235,not_in_matched_inputs,False,0,1,same_region_xra_report_in_future_window,20230224events.txt:85,False
gb72-native-v1:20230224_0212_HARP9121_NOAA13229,primary_cycle25,True,0,1,same_region_xra_report_in_future_window,20230224events.txt:104;20230225events.txt:99,False
gb72-native-v1:20230224_0236_HARP9137_NOAA13235,not_in_matched_inputs,False,0,1,same_region_xra_report_in_future_window,20230224events.txt:85,False
gb72-native-v1:20230224_0348_HARP9121_NOAA13229,primary_cycle25,True,0,1,same_region_xra_report_in_future_window,20230224events.txt:104;20230225events.txt:99,False
gb72-native-v1:20230224_0412_HARP9137_NOAA13235,not_in_matched_inputs,False,0,1,same_region_xra_report_in_future_window,20230224events.txt:85,False
gb72-native-v1:20230224_0524_HARP9121_NOAA13229,primary_cycle25,True,0,1,same_region_xra_report_in_future_window,20230224events.txt:104;20230225events.txt:99,False
gb72-native-v1:20230224_0548_HARP9137_NOAA13235,primary_cycle25,True,0,1,same_region_xra_report_in_future_window,20230224events.txt:85,False
gb72-native-v1:20230224_0700_HARP9121_NOAA13229,primary_cycle25,True,0,1,same_region_xra_report_in_future_window,20230224events.txt:104;20230225events.txt:99,False
gb72-native-v1:20230224_0724_HARP9137_NOAA13235,primary_cycle25,True,0,1,same_region_xra_report_in_future_window,20230224events.txt:85,False
gb72-native-v1:20230224_0836_HARP9121_NOAA13229,primary_cycle25,True,0,1,same_region_xra_report_in_future_window,20230224events.txt:104;20230225events.txt:99,False
gb72-native-v1:20230224_0900_HARP9137_NOAA13235,primary_cycle25,True,0,1,same_region_xra_report_in_future_window,20230224events.txt:85,False
gb72-native-v1:20230224_1012_HARP9121_NOAA13229,primary_cycle25,True,0,1,same_region_xra_report_in_future_window,20230224events.txt:104;20230225events.txt:99,False
gb72-native-v1:20230224_1036_HARP9137_NOAA13235,primary_cycle25,True,0,1,same_region_xra_report_in_future_window,20230224events.txt:85,False
gb72-native-v1:20230224_1148_HARP9121_NOAA13229,primary_cycle25,True,0,1,same_region_xra_report_in_future_window,20230224events.txt:104;20230225events.txt:99,False
gb72-native-v1:20230224_1212_HARP9137_NOAA13235,primary_cycle25,True,0,1,same_region_xra_report_in_future_window,20230224events.txt:85,False
gb72-native-v1:20230224_1324_HARP9121_NOAA13229,primary_cycle25,True,0,1,same_region_xra_report_in_future_window,20230224events.txt:104;20230225events.txt:99,False
gb72-native-v1:20230224_1348_HARP9137_NOAA13235,primary_cycle25,True,0,1,same_region_xra_report_in_future_window,20230224events.txt:85,False
gb72-native-v1:20230224_1500_HARP9121_NOAA13229,primary_cycle25,True,0,1,same_region_xra_report_in_future_window,20230224events.txt:104;20230225events.txt:99,False
gb72-native-v1:20230224_1524_HARP9137_NOAA13235,primary_cycle25,True,0,1,same_region_xra_report_in_future_window,20230224events.txt:85,False
gb72-native-v1:20230224_1636_HARP9121_NOAA13229,primary_cycle25,True,0,1,same_region_xra_report_in_future_window,20230224events.txt:104;20230225events.txt:99,False
gb72-native-v1:20230224_1700_HARP9137_NOAA13235,primary_cycle25,True,0,1,same_region_xra_report_in_future_window,20230224events.txt:85,False
gb72-native-v1:20230224_1812_HARP9121_NOAA13229,primary_cycle25,True,0,1,same_region_xra_report_in_future_window,20230224events.txt:104;20230225events.txt:99,False
gb72-native-v1:20230224_1948_HARP9121_NOAA13229,primary_cycle25,True,0,1,same_region_xra_report_in_future_window,20230224events.txt:104;20230225events.txt:99,False
gb72-native-v1:20230224_2124_HARP9121_NOAA13229,primary_cycle25,True,0,1,same_region_xra_report_in_future_window,20230225events.txt:99,False
gb72-native-v1:20230224_2300_HARP9121_NOAA13229,primary_cycle25,True,0,1,same_region_xra_report_in_future_window,20230225events.txt:99,False
gb72-native-v1:20230226_1748_HARP9133_NOAA13234,primary_cycle25,True,0,1,same_region_xra_report_in_future_window,20230228events.txt:79,False
gb72-native-v1:20230226_2112_HARP9133_NOAA13234,not_in_matched_inputs,False,0,1,same_region_xra_report_in_future_window,20230228events.txt:79,False
gb72-native-v1:20230226_2248_HARP9133_NOAA13234,not_in_matched_inputs,False,0,1,same_region_xra_report_in_future_window,20230228events.txt:79,False
gb72-native-v1:20230227_0024_HARP9133_NOAA13234,not_in_matched_inputs,False,0,1,same_region_xra_report_in_future_window,20230228events.txt:79,False
gb72-native-v1:20230227_0200_HARP9133_NOAA13234,primary_cycle25,True,0,1,same_region_xra_report_in_future_window,20230228events.txt:79,False
gb72-native-v1:20230227_0336_HARP9133_NOAA13234,primary_cycle25,True,0,1,same_region_xra_report_in_future_window,20230228events.txt:79,False
gb72-native-v1:20230227_0512_HARP9133_NOAA13234,primary_cycle25,True,0,1,same_region_xra_report_in_future_window,20230228events.txt:79,False
gb72-native-v1:20230227_0648_HARP9133_NOAA13234,primary_cycle25,True,0,1,same_region_xra_report_in_future_window,20230228events.txt:79,False
gb72-native-v1:20230227_0824_HARP9133_NOAA13234,primary_cycle25,True,0,1,same_region_xra_report_in_future_window,20230228events.txt:79,False
gb72-native-v1:20230227_1000_HARP9133_NOAA13234,primary_cycle25,True,0,1,same_region_xra_report_in_future_window,20230228events.txt:79,False
gb72-native-v1:20230227_1136_HARP9133_NOAA13234,primary_cycle25,True,0,1,same_region_xra_report_in_future_window,20230228events.txt:79,False
gb72-native-v1:20230227_1312_HARP9133_NOAA13234,primary_cycle25,True,0,1,same_region_xra_report_in_future_window,20230228events.txt:79,False
gb72-native-v1:20230227_1448_HARP9133_NOAA13234,primary_cycle25,True,0,1,same_region_xra_report_in_future_window,20230228events.txt:79,False
gb72-native-v1:20230227_1624_HARP9133_NOAA13234,primary_cycle25,True,0,1,same_region_xra_report_in_future_window,20230228events.txt:79,False
gb72-native-v1:20230227_1800_HARP9133_NOAA13234,primary_cycle25,True,0,1,same_region_xra_report_in_future_window,20230228events.txt:79,False
gb72-native-v1:20230227_1936_HARP9133_NOAA13234,not_in_matched_inputs,False,0,1,same_region_xra_report_in_future_window,20230228events.txt:79,False
gb72-native-v1:20230227_2112_HARP9133_NOAA13234,not_in_matched_inputs,False,0,1,same_region_xra_report_in_future_window,20230228events.txt:79,False
gb72-native-v1:20230227_2248_HARP9133_NOAA13234,not_in_matched_inputs,False,0,1,same_region_xra_report_in_future_window,20230228events.txt:79,False
gb72-native-v1:20230228_0024_HARP9133_NOAA13234,not_in_matched_inputs,False,0,1,same_region_xra_report_in_future_window,20230228events.txt:79,False
gb72-native-v1:20230228_0200_HARP9133_NOAA13234,not_in_matched_inputs,False,0,1,same_region_xra_report_in_future_window,20230228events.txt:79,False
gb72-native-v1:20230228_0336_HARP9133_NOAA13234,primary_cycle25,True,0,1,same_region_xra_report_in_future_window,20230228events.txt:79,False
gb72-native-v1:20230228_0512_HARP9133_NOAA13234,primary_cycle25,True,0,1,same_region_xra_report_in_future_window,20230228events.txt:79,False
gb72-native-v1:20230228_0648_HARP9133_NOAA13234,primary_cycle25,True,0,1,same_region_xra_report_in_future_window,20230228events.txt:79,False
gb72-native-v1:20230228_0824_HARP9133_NOAA13234,primary_cycle25,True,0,1,same_region_xra_report_in_future_window,20230228events.txt:79,False
gb72-native-v1:20230228_1000_HARP9133_NOAA13234,primary_cycle25,True,0,1,same_region_xra_report_in_future_window,20230228events.txt:79,False
gb72-native-v1:20230228_1136_HARP9133_NOAA13234,primary_cycle25,True,0,1,same_region_xra_report_in_future_window,20230228events.txt:79,False
gb72-native-v1:20230228_1312_HARP9133_NOAA13234,primary_cycle25,True,0,1,same_region_xra_report_in_future_window,20230228events.txt:79,False
gb72-native-v1:20230228_1448_HARP9133_NOAA13234,primary_cycle25,True,0,1,same_region_xra_report_in_future_window,20230228events.txt:79,False
gb72-native-v1:20230303_1712_HARP9161_NOAA13238,primary_cycle25,True,0,1,same_region_xra_report_in_future_window,20230305events.txt:66,False
gb72-native-v1:20230303_1848_HARP9161_NOAA13238,primary_cycle25,True,0,1,same_region_xra_report_in_future_window,20230305events.txt:66,False
gb72-native-v1:20230303_2024_HARP9161_NOAA13238,primary_cycle25,True,0,1,same_region_xra_report_in_future_window,20230305events.txt:66,False
gb72-native-v1:20230303_2200_HARP9161_NOAA13238,primary_cycle25,True,0,1,same_region_xra_report_in_future_window,20230305events.txt:66,False
gb72-native-v1:20230303_2336_HARP9161_NOAA13238,primary_cycle25,True,0,1,same_region_xra_report_in_future_window,20230305events.txt:66,False
gb72-native-v1:20230304_0112_HARP9161_NOAA13238,primary_cycle25,True,0,1,same_region_xra_report_in_future_window,20230305events.txt:66,False
gb72-native-v1:20230304_0248_HARP9161_NOAA13238,primary_cycle25,True,0,1,same_region_xra_report_in_future_window,20230305events.txt:66,False
gb72-native-v1:20230304_0424_HARP9161_NOAA13238,primary_cycle25,True,0,1,same_region_xra_report_in_future_window,20230305events.txt:66,False
gb72-native-v1:20230304_0600_HARP9161_NOAA13238,primary_cycle25,True,0,1,same_region_xra_report_in_future_window,20230305events.txt:66,False
gb72-native-v1:20230304_0736_HARP9161_NOAA13238,not_in_matched_inputs,False,0,1,same_region_xra_report_in_future_window,20230305events.txt:66,False
gb72-native-v1:20230304_0912_HARP9161_NOAA13238,not_in_matched_inputs,False,0,1,same_region_xra_report_in_future_window,20230305events.txt:66,False
gb72-native-v1:20230304_1048_HARP9161_NOAA13238,not_in_matched_inputs,False,0,1,same_region_xra_report_in_future_window,20230305events.txt:66,False
gb72-native-v1:20230304_1224_HARP9161_NOAA13238,primary_cycle25,True,0,1,same_region_xra_report_in_future_window,20230305events.txt:66,False
gb72-native-v1:20230304_1400_HARP9161_NOAA13238,primary_cycle25,True,0,1,same_region_xra_report_in_future_window,20230305events.txt:66,False
gb72-native-v1:20230304_1536_HARP9161_NOAA13238,primary_cycle25,True,0,1,same_region_xra_report_in_future_window,20230305events.txt:66,False
gb72-native-v1:20230304_1712_HARP9161_NOAA13238,primary_cycle25,True,0,1,same_region_xra_report_in_future_window,20230305events.txt:66,False
gb72-native-v1:20230304_1848_HARP9161_NOAA13238,primary_cycle25,True,0,1,same_region_xra_report_in_future_window,20230305events.txt:66,False
gb72-native-v1:20230304_2024_HARP9161_NOAA13238,primary_cycle25,True,0,1,same_region_xra_report_in_future_window,20230305events.txt:66,False
gb72-native-v1:20230304_2200_HARP9161_NOAA13238,primary_cycle25,True,0,1,same_region_xra_report_in_future_window,20230305events.txt:66,False
gb72-native-v1:20230304_2336_HARP9161_NOAA13238,primary_cycle25,True,0,1,same_region_xra_report_in_future_window,20230305events.txt:66,False
gb72-native-v1:20230305_0112_HARP9161_NOAA13238,primary_cycle25,True,0,1,same_region_xra_report_in_future_window,20230305events.txt:66,False
gb72-native-v1:20230305_0248_HARP9161_NOAA13238,primary_cycle25,True,0,1,same_region_xra_report_in_future_window,20230305events.txt:66,False
gb72-native-v1:20230305_0424_HARP9161_NOAA13238,primary_cycle25,True,0,1,same_region_xra_report_in_future_window,20230305events.txt:66,False
gb72-native-v1:20230305_0600_HARP9161_NOAA13238,primary_cycle25,True,0,1,same_region_xra_report_in_future_window,20230305events.txt:66,False
gb72-native-v1:20230305_0736_HARP9161_NOAA13238,not_in_matched_inputs,False,0,1,same_region_xra_report_in_future_window,20230305events.txt:66,False
gb72-native-v1:20230305_0912_HARP9161_NOAA13238,not_in_matched_inputs,False,0,1,same_region_xra_report_in_future_window,20230305events.txt:66,False
gb72-native-v1:20230305_1048_HARP9161_NOAA13238,not_in_matched_inputs,False,0,1,same_region_xra_report_in_future_window,20230305events.txt:66,False
gb72-native-v1:20230305_1224_HARP9161_NOAA13238,primary_cycle25,True,0,1,same_region_xra_report_in_future_window,20230305events.txt:66,False
gb72-native-v1:20230305_1400_HARP9161_NOAA13238,primary_cycle25,True,0,1,same_region_xra_report_in_future_window,20230305events.txt:66,False
gb72-native-v1:20230305_1536_HARP9161_NOAA13238,primary_cycle25,True,0,1,same_region_xra_report_in_future_window,20230305events.txt:66,False
gb72-native-v1:20230306_1112_HARP9182_NOAA13242,primary_cycle25,True,0,1,same_region_xra_report_in_future_window,20230308events.txt:26,False
gb72-native-v1:20230306_1248_HARP9182_NOAA13242,primary_cycle25,True,0,1,same_region_xra_report_in_future_window,20230308events.txt:26,False
gb72-native-v1:20230306_1424_HARP9182_NOAA13242,primary_cycle25,True,0,1,same_region_xra_report_in_future_window,20230308events.txt:26,False
gb72-native-v1:20230306_1600_HARP9182_NOAA13242,primary_cycle25,True,0,1,same_region_xra_report_in_future_window,20230308events.txt:26,False
gb72-native-v1:20230306_1736_HARP9182_NOAA13242,primary_cycle25,True,0,1,same_region_xra_report_in_future_window,20230308events.txt:26,False
gb72-native-v1:20230306_1912_HARP9182_NOAA13242,primary_cycle25,True,0,1,same_region_xra_report_in_future_window,20230308events.txt:26,False
gb72-native-v1:20230306_2048_HARP9182_NOAA13242,primary_cycle25,True,0,1,same_region_xra_report_in_future_window,20230308events.txt:26,False
gb72-native-v1:20230306_2224_HARP9182_NOAA13242,primary_cycle25,True,0,1,same_region_xra_report_in_future_window,20230308events.txt:26,False
gb72-native-v1:20230307_0000_HARP9182_NOAA13242,primary_cycle25,True,0,1,same_region_xra_report_in_future_window,20230308events.txt:26,False
gb72-native-v1:20230307_0136_HARP9182_NOAA13242,primary_cycle25,True,0,1,same_region_xra_report_in_future_window,20230308events.txt:26,False
gb72-native-v1:20230307_0312_HARP9182_NOAA13242,primary_cycle25,True,0,1,same_region_xra_report_in_future_window,20230308events.txt:26,False
gb72-native-v1:20230307_0448_HARP9182_NOAA13242,primary_cycle25,True,0,1,same_region_xra_report_in_future_window,20230308events.txt:26,False
gb72-native-v1:20230307_0624_HARP9182_NOAA13242,primary_cycle25,True,0,1,same_region_xra_report_in_future_window,20230308events.txt:26,False
gb72-native-v1:20230307_0800_HARP9182_NOAA13242,primary_cycle25,True,0,1,same_region_xra_report_in_future_window,20230308events.txt:26,False
gb72-native-v1:20230307_0936_HARP9182_NOAA13242,primary_cycle25,True,0,1,same_region_xra_report_in_future_window,20230308events.txt:26,False
gb72-native-v1:20230307_1112_HARP9182_NOAA13242,primary_cycle25,True,0,1,same_region_xra_report_in_future_window,20230308events.txt:26,False
gb72-native-v1:20230307_1248_HARP9182_NOAA13242,primary_cycle25,True,0,1,same_region_xra_report_in_future_window,20230308events.txt:26,False
gb72-native-v1:20230307_1424_HARP9182_NOAA13242,primary_cycle25,True,0,1,same_region_xra_report_in_future_window,20230308events.txt:26,False
gb72-native-v1:20230307_1600_HARP9182_NOAA13242,primary_cycle25,True,0,1,same_region_xra_report_in_future_window,20230308events.txt:26,False
gb72-native-v1:20230307_1736_HARP9182_NOAA13242,primary_cycle25,True,0,1,same_region_xra_report_in_future_window,20230308events.txt:26,False
gb72-native-v1:20230307_1912_HARP9182_NOAA13242,primary_cycle25,True,0,1,same_region_xra_report_in_future_window,20230308events.txt:26,False
gb72-native-v1:20230307_2048_HARP9182_NOAA13242,not_in_matched_inputs,False,0,1,same_region_xra_report_in_future_window,20230308events.txt:26,False
gb72-native-v1:20230307_2224_HARP9182_NOAA13242,not_in_matched_inputs,False,0,1,same_region_xra_report_in_future_window,20230308events.txt:26,False
gb72-native-v1:20230307_2324_HARP9188_NOAA13245,not_in_matched_inputs,False,0,1,same_region_xra_report_in_future_window,20230308events.txt:43,False
gb72-native-v1:20230308_0000_HARP9182_NOAA13242,not_in_matched_inputs,False,0,1,same_region_xra_report_in_future_window,20230308events.txt:26,False
gb72-native-v1:20230308_0100_HARP9188_NOAA13245,not_in_matched_inputs,False,0,1,same_region_xra_report_in_future_window,20230308events.txt:43,False
gb72-native-v1:20230308_0136_HARP9182_NOAA13242,primary_cycle25,True,0,1,same_region_xra_report_in_future_window,20230308events.txt:26,False
gb72-native-v1:20230308_0236_HARP9188_NOAA13245,not_in_matched_inputs,False,0,1,same_region_xra_report_in_future_window,20230308events.txt:43,False
gb72-native-v1:20230308_0312_HARP9182_NOAA13242,primary_cycle25,True,0,1,same_region_xra_report_in_future_window,20230308events.txt:26,False
gb72-native-v1:20230308_0412_HARP9188_NOAA13245,primary_cycle25,True,0,1,same_region_xra_report_in_future_window,20230308events.txt:43,False
gb72-native-v1:20230308_0448_HARP9182_NOAA13242,primary_cycle25,True,0,1,same_region_xra_report_in_future_window,20230308events.txt:26,False
gb72-native-v1:20230308_0548_HARP9188_NOAA13245,primary_cycle25,True,0,1,same_region_xra_report_in_future_window,20230308events.txt:43,False
gb72-native-v1:20230308_0624_HARP9182_NOAA13242,primary_cycle25,True,0,1,same_region_xra_report_in_future_window,20230308events.txt:26,False
gb72-native-v1:20230308_0724_HARP9188_NOAA13245,primary_cycle25,True,0,1,same_region_xra_report_in_future_window,20230308events.txt:43,False
gb72-native-v1:20230308_0800_HARP9182_NOAA13242,primary_cycle25,True,0,1,same_region_xra_report_in_future_window,20230308events.txt:26,False
gb72-native-v1:20230308_0900_HARP9188_NOAA13245,primary_cycle25,True,0,1,same_region_xra_report_in_future_window,20230308events.txt:43,False
gb72-native-v1:20230308_0936_HARP9182_NOAA13242,primary_cycle25,True,0,1,same_region_xra_report_in_future_window,20230308events.txt:26,False
gb72-native-v1:20230308_1036_HARP9188_NOAA13245,primary_cycle25,True,0,1,same_region_xra_report_in_future_window,20230308events.txt:43,False
gb72-native-v1:20230308_1212_HARP9188_NOAA13245,primary_cycle25,True,0,1,same_region_xra_report_in_future_window,20230308events.txt:43,False
gb72-native-v1:20230308_1348_HARP9188_NOAA13245,primary_cycle25,True,0,1,same_region_xra_report_in_future_window,20230308events.txt:43,False
gb72-native-v1:20230308_1524_HARP9188_NOAA13245,primary_cycle25,True,0,1,same_region_xra_report_in_future_window,20230308events.txt:43,False
gb72-native-v1:20230308_1700_HARP9188_NOAA13245,primary_cycle25,True,0,1,same_region_xra_report_in_future_window,20230308events.txt:43,False
gb72-native-v1:20230308_1836_HARP9188_NOAA13245,primary_cycle25,True,0,1,same_region_xra_report_in_future_window,20230308events.txt:43,False
gb72-native-v1:20230308_2024_HARP9188_NOAA13245,not_in_matched_inputs,False,0,1,same_region_xra_report_in_future_window,20230308events.txt:43,False
gb72-native-v1:20230308_2200_HARP9188_NOAA13245,not_in_matched_inputs,False,0,1,same_region_xra_report_in_future_window,20230308events.txt:43,False
gb72-native-v1:20230410_1748_HARP9348_NOAA13272,not_in_matched_inputs,False,0,1,same_region_xra_report_in_future_window,20230411events.txt:41,False
gb72-native-v1:20230410_1924_HARP9348_NOAA13272,not_in_matched_inputs,False,0,1,same_region_xra_report_in_future_window,20230411events.txt:41,False
gb72-native-v1:20230410_2100_HARP9348_NOAA13272,not_in_matched_inputs,False,0,1,same_region_xra_report_in_future_window,20230411events.txt:41,False
gb72-native-v1:20230410_2236_HARP9348_NOAA13272,not_in_matched_inputs,False,0,1,same_region_xra_report_in_future_window,20230411events.txt:41,False
gb72-native-v1:20230411_0012_HARP9348_NOAA13272,primary_cycle25,True,0,1,same_region_xra_report_in_future_window,20230411events.txt:41,False
gb72-native-v1:20230411_0148_HARP9348_NOAA13272,primary_cycle25,True,0,1,same_region_xra_report_in_future_window,20230411events.txt:41,False
gb72-native-v1:20230411_0324_HARP9348_NOAA13272,not_in_matched_inputs,False,0,1,same_region_xra_report_in_future_window,20230411events.txt:41,False
gb72-native-v1:20230411_0500_HARP9348_NOAA13272,not_in_matched_inputs,False,0,1,same_region_xra_report_in_future_window,20230411events.txt:41,False
gb72-native-v1:20230411_0636_HARP9348_NOAA13272,not_in_matched_inputs,False,0,1,same_region_xra_report_in_future_window,20230411events.txt:41,False
gb72-native-v1:20230411_0812_HARP9348_NOAA13272,primary_cycle25,True,0,1,same_region_xra_report_in_future_window,20230411events.txt:41,False
gb72-native-v1:20230411_0948_HARP9348_NOAA13272,primary_cycle25,True,0,1,same_region_xra_report_in_future_window,20230411events.txt:41,False
gb72-native-v1:20230509_0936_HARP9478_NOAA13294,primary_cycle25,True,0,1,same_region_xra_report_in_future_window,20230511events.txt:48,False
gb72-native-v1:20230509_1112_HARP9478_NOAA13294,primary_cycle25,True,0,1,same_region_xra_report_in_future_window,20230511events.txt:48,False
gb72-native-v1:20230509_1248_HARP9478_NOAA13294,primary_cycle25,True,0,1,same_region_xra_report_in_future_window,20230511events.txt:48,False
gb72-native-v1:20230509_1424_HARP9478_NOAA13294,primary_cycle25,True,0,1,same_region_xra_report_in_future_window,20230511events.txt:48,False
gb72-native-v1:20230509_1600_HARP9478_NOAA13294,primary_cycle25,True,0,1,same_region_xra_report_in_future_window,20230511events.txt:48,False
gb72-native-v1:20230509_1736_HARP9478_NOAA13294,primary_cycle25,True,0,1,same_region_xra_report_in_future_window,20230511events.txt:48,False
gb72-native-v1:20230509_1912_HARP9478_NOAA13294,primary_cycle25,True,0,1,same_region_xra_report_in_future_window,20230511events.txt:48;20230511events.txt:80,False
gb72-native-v1:20230509_2048_HARP9478_NOAA13294,primary_cycle25,True,0,1,same_region_xra_report_in_future_window,20230511events.txt:48;20230511events.txt:80,False
gb72-native-v1:20230509_2224_HARP9478_NOAA13294,primary_cycle25,True,0,1,same_region_xra_report_in_future_window,20230511events.txt:48;20230511events.txt:80,False
gb72-native-v1:20230510_0000_HARP9478_NOAA13294,primary_cycle25,True,0,1,same_region_xra_report_in_future_window,20230511events.txt:48;20230511events.txt:80,False
gb72-native-v1:20230510_0136_HARP9478_NOAA13294,primary_cycle25,True,0,1,same_region_xra_report_in_future_window,20230511events.txt:48;20230511events.txt:80,False
gb72-native-v1:20230510_0312_HARP9478_NOAA13294,primary_cycle25,True,0,1,same_region_xra_report_in_future_window,20230511events.txt:48;20230511events.txt:80,False
gb72-native-v1:20230510_0448_HARP9478_NOAA13294,primary_cycle25,True,0,1,same_region_xra_report_in_future_window,20230511events.txt:48;20230511events.txt:80,False
gb72-native-v1:20230510_0624_HARP9478_NOAA13294,primary_cycle25,True,0,1,same_region_xra_report_in_future_window,20230511events.txt:48;20230511events.txt:80,False
gb72-native-v1:20230510_0800_HARP9478_NOAA13294,primary_cycle25,True,0,1,same_region_xra_report_in_future_window,20230511events.txt:48;20230511events.txt:80,False
gb72-native-v1:20230510_0936_HARP9478_NOAA13294,primary_cycle25,True,0,1,same_region_xra_report_in_future_window,20230511events.txt:48;20230511events.txt:80,False
gb72-native-v1:20230510_1112_HARP9478_NOAA13294,primary_cycle25,True,0,1,same_region_xra_report_in_future_window,20230511events.txt:48;20230511events.txt:80,False
gb72-native-v1:20230522_1600_HARP9561_NOAA13311,not_in_matched_inputs,False,0,1,same_region_xra_report_in_future_window,20230523events.txt:88;20230524events.txt:63,False
gb72-native-v1:20230526_1148_HARP9584_NOAA13315,primary_cycle25,True,0,1,same_region_xra_report_in_future_window,20230528events.txt:43,False
gb72-native-v1:20230526_1324_HARP9584_NOAA13315,primary_cycle25,True,0,1,same_region_xra_report_in_future_window,20230528events.txt:43,False
gb72-native-v1:20230526_1500_HARP9584_NOAA13315,primary_cycle25,True,0,1,same_region_xra_report_in_future_window,20230528events.txt:43,False
gb72-native-v1:20230526_1636_HARP9584_NOAA13315,primary_cycle25,True,0,1,same_region_xra_report_in_future_window,20230528events.txt:43,False
gb72-native-v1:20230526_1812_HARP9584_NOAA13315,primary_cycle25,True,0,1,same_region_xra_report_in_future_window,20230528events.txt:43,False
gb72-native-v1:20230526_1948_HARP9584_NOAA13315,primary_cycle25,True,0,1,same_region_xra_report_in_future_window,20230528events.txt:43,False
gb72-native-v1:20230526_2124_HARP9584_NOAA13315,primary_cycle25,True,0,1,same_region_xra_report_in_future_window,20230528events.txt:43,False
gb72-native-v1:20230526_2300_HARP9584_NOAA13315,primary_cycle25,True,0,1,same_region_xra_report_in_future_window,20230528events.txt:43,False
gb72-native-v1:20230527_0036_HARP9584_NOAA13315,primary_cycle25,True,0,1,same_region_xra_report_in_future_window,20230528events.txt:43,False
gb72-native-v1:20230527_0212_HARP9584_NOAA13315,primary_cycle25,True,0,1,same_region_xra_report_in_future_window,20230528events.txt:43,False
gb72-native-v1:20230527_0348_HARP9584_NOAA13315,primary_cycle25,True,0,1,same_region_xra_report_in_future_window,20230528events.txt:43,False
gb72-native-v1:20230527_0524_HARP9584_NOAA13315,primary_cycle25,True,0,1,same_region_xra_report_in_future_window,20230528events.txt:43,False
gb72-native-v1:20230527_0700_HARP9584_NOAA13315,primary_cycle25,True,0,1,same_region_xra_report_in_future_window,20230528events.txt:43,False
gb72-native-v1:20230527_0836_HARP9584_NOAA13315,primary_cycle25,True,0,1,same_region_xra_report_in_future_window,20230528events.txt:43,False
gb72-native-v1:20230527_1012_HARP9584_NOAA13315,primary_cycle25,True,0,1,same_region_xra_report_in_future_window,20230528events.txt:43,False
gb72-native-v1:20230527_1148_HARP9584_NOAA13315,primary_cycle25,True,0,1,same_region_xra_report_in_future_window,20230528events.txt:43,False
gb72-native-v1:20230527_1324_HARP9584_NOAA13315,primary_cycle25,True,0,1,same_region_xra_report_in_future_window,20230528events.txt:43,False
gb72-native-v1:20230527_1500_HARP9584_NOAA13315,primary_cycle25,True,0,1,same_region_xra_report_in_future_window,20230528events.txt:43,False
gb72-native-v1:20230527_1636_HARP9584_NOAA13315,primary_cycle25,True,0,1,same_region_xra_report_in_future_window,20230528events.txt:43,False
gb72-native-v1:20230527_1812_HARP9584_NOAA13315,primary_cycle25,True,0,1,same_region_xra_report_in_future_window,20230528events.txt:43,False
gb72-native-v1:20230527_1948_HARP9584_NOAA13315,primary_cycle25,True,0,1,same_region_xra_report_in_future_window,20230528events.txt:43,False
gb72-native-v1:20230527_2124_HARP9584_NOAA13315,primary_cycle25,True,0,1,same_region_xra_report_in_future_window,20230528events.txt:43,False
gb72-native-v1:20230527_2300_HARP9584_NOAA13315,primary_cycle25,True,0,1,same_region_xra_report_in_future_window,20230528events.txt:43,False
gb72-native-v1:20230528_0036_HARP9584_NOAA13315,primary_cycle25,True,0,1,same_region_xra_report_in_future_window,20230528events.txt:43,False
gb72-native-v1:20230528_0212_HARP9584_NOAA13315,primary_cycle25,True,0,1,same_region_xra_report_in_future_window,20230528events.txt:43,False
gb72-native-v1:20230528_0348_HARP9584_NOAA13315,primary_cycle25,True,0,1,same_region_xra_report_in_future_window,20230528events.txt:43,False
gb72-native-v1:20230528_0524_HARP9584_NOAA13315,primary_cycle25,True,0,1,same_region_xra_report_in_future_window,20230528events.txt:43,False
gb72-native-v1:20230528_0700_HARP9584_NOAA13315,primary_cycle25,True,0,1,same_region_xra_report_in_future_window,20230528events.txt:43,False
gb72-native-v1:20230528_0836_HARP9584_NOAA13315,primary_cycle25,True,0,1,same_region_xra_report_in_future_window,20230528events.txt:43,False
gb72-native-v1:20230528_1012_HARP9584_NOAA13315,primary_cycle25,True,0,1,same_region_xra_report_in_future_window,20230528events.txt:43,False
gb72-native-v1:20230529_1248_HARP9590_NOAA13319,primary_cycle25,True,0,1,same_region_xra_report_in_future_window,20230531events.txt:41,False
gb72-native-v1:20230529_1424_HARP9590_NOAA13319,primary_cycle25,True,0,1,same_region_xra_report_in_future_window,20230531events.txt:41,False
gb72-native-v1:20230529_1600_HARP9590_NOAA13319,primary_cycle25,True,0,1,same_region_xra_report_in_future_window,20230531events.txt:41,False
gb72-native-v1:20230529_1736_HARP9590_NOAA13319,primary_cycle25,True,0,1,same_region_xra_report_in_future_window,20230531events.txt:41,False
gb72-native-v1:20230529_1912_HARP9590_NOAA13319,primary_cycle25,True,0,1,same_region_xra_report_in_future_window,20230531events.txt:41,False
gb72-native-v1:20230529_2048_HARP9590_NOAA13319,not_in_matched_inputs,False,0,1,same_region_xra_report_in_future_window,20230531events.txt:41,False
gb72-native-v1:20230529_2224_HARP9590_NOAA13319,not_in_matched_inputs,False,0,1,same_region_xra_report_in_future_window,20230531events.txt:41,False
gb72-native-v1:20230530_0000_HARP9590_NOAA13319,not_in_matched_inputs,False,0,1,same_region_xra_report_in_future_window,20230531events.txt:41,False
gb72-native-v1:20230530_0136_HARP9590_NOAA13319,primary_cycle25,True,0,1,same_region_xra_report_in_future_window,20230531events.txt:41,False
gb72-native-v1:20230530_0312_HARP9590_NOAA13319,primary_cycle25,True,0,1,same_region_xra_report_in_future_window,20230531events.txt:41,False
gb72-native-v1:20230530_0448_HARP9590_NOAA13319,primary_cycle25,True,0,1,same_region_xra_report_in_future_window,20230531events.txt:41,False
gb72-native-v1:20230530_0624_HARP9590_NOAA13319,primary_cycle25,True,0,1,same_region_xra_report_in_future_window,20230531events.txt:41,False
gb72-native-v1:20230530_0800_HARP9590_NOAA13319,primary_cycle25,True,0,1,same_region_xra_report_in_future_window,20230531events.txt:41,False
gb72-native-v1:20230530_0936_HARP9590_NOAA13319,primary_cycle25,True,0,1,same_region_xra_report_in_future_window,20230531events.txt:41,False
gb72-native-v1:20230530_1112_HARP9590_NOAA13319,not_in_matched_inputs,False,0,1,same_region_xra_report_in_future_window,20230531events.txt:41,False
gb72-native-v1:20230530_1248_HARP9590_NOAA13319,not_in_matched_inputs,False,0,1,same_region_xra_report_in_future_window,20230531events.txt:41,False
gb72-native-v1:20230530_1424_HARP9590_NOAA13319,not_in_matched_inputs,False,0,1,same_region_xra_report_in_future_window,20230531events.txt:41,False
gb72-native-v1:20230530_1600_HARP9590_NOAA13319,primary_cycle25,True,0,1,same_region_xra_report_in_future_window,20230531events.txt:41,False
gb72-native-v1:20230530_1736_HARP9590_NOAA13319,primary_cycle25,True,0,1,same_region_xra_report_in_future_window,20230531events.txt:41,False
gb72-native-v1:20230530_1924_HARP9590_NOAA13319,not_in_matched_inputs,False,0,1,same_region_xra_report_in_future_window,20230531events.txt:41,False
gb72-native-v1:20230530_2100_HARP9590_NOAA13319,not_in_matched_inputs,False,0,1,same_region_xra_report_in_future_window,20230531events.txt:41,False
gb72-native-v1:20230530_2236_HARP9590_NOAA13319,not_in_matched_inputs,False,0,1,same_region_xra_report_in_future_window,20230531events.txt:41,False
gb72-native-v1:20230531_0012_HARP9590_NOAA13319,primary_cycle25,True,0,1,same_region_xra_report_in_future_window,20230531events.txt:41,False
gb72-native-v1:20230531_0148_HARP9590_NOAA13319,primary_cycle25,True,0,1,same_region_xra_report_in_future_window,20230531events.txt:41,False
gb72-native-v1:20230531_0324_HARP9590_NOAA13319,primary_cycle25,True,0,1,same_region_xra_report_in_future_window,20230531events.txt:41,False
gb72-native-v1:20230531_0500_HARP9590_NOAA13319,primary_cycle25,True,0,1,same_region_xra_report_in_future_window,20230531events.txt:41,False
gb72-native-v1:20230531_0636_HARP9590_NOAA13319,primary_cycle25,True,0,1,same_region_xra_report_in_future_window,20230531events.txt:41,False
gb72-native-v1:20230531_0812_HARP9590_NOAA13319,primary_cycle25,True,0,1,same_region_xra_report_in_future_window,20230531events.txt:41,False
gb72-native-v1:20230531_0948_HARP9590_NOAA13319,primary_cycle25,True,0,1,same_region_xra_report_in_future_window,20230531events.txt:41,False
gb72-native-v1:20230531_1124_HARP9590_NOAA13319,primary_cycle25,True,0,1,same_region_xra_report_in_future_window,20230531events.txt:41,False
gb72-native-v1:20230614_2000_HARP9643_NOAA13331,not_in_matched_inputs,False,0,1,same_region_xra_report_in_future_window,20230616events.txt:52,False
gb72-native-v1:20230614_2136_HARP9643_NOAA13331,not_in_matched_inputs,False,0,1,same_region_xra_report_in_future_window,20230616events.txt:52,False
gb72-native-v1:20230614_2312_HARP9643_NOAA13331,not_in_matched_inputs,False,0,1,same_region_xra_report_in_future_window,20230616events.txt:52,False
gb72-native-v1:20230615_0048_HARP9643_NOAA13331,primary_cycle25,True,0,1,same_region_xra_report_in_future_window,20230616events.txt:52,False
gb72-native-v1:20230615_0224_HARP9643_NOAA13331,primary_cycle25,True,0,1,same_region_xra_report_in_future_window,20230616events.txt:52,False
gb72-native-v1:20230615_0400_HARP9643_NOAA13331,primary_cycle25,True,0,1,same_region_xra_report_in_future_window,20230616events.txt:52,False
gb72-native-v1:20230615_0536_HARP9643_NOAA13331,primary_cycle25,True,0,1,same_region_xra_report_in_future_window,20230616events.txt:52,False
gb72-native-v1:20230615_0712_HARP9643_NOAA13331,primary_cycle25,True,0,1,same_region_xra_report_in_future_window,20230616events.txt:52,False
gb72-native-v1:20230615_0848_HARP9643_NOAA13331,primary_cycle25,True,0,1,same_region_xra_report_in_future_window,20230616events.txt:52,False
gb72-native-v1:20230615_1024_HARP9643_NOAA13331,primary_cycle25,True,0,1,same_region_xra_report_in_future_window,20230616events.txt:52,False
gb72-native-v1:20230615_1200_HARP9643_NOAA13331,primary_cycle25,True,0,1,same_region_xra_report_in_future_window,20230616events.txt:52,False
gb72-native-v1:20230615_1336_HARP9643_NOAA13331,primary_cycle25,True,0,1,same_region_xra_report_in_future_window,20230616events.txt:52,False
gb72-native-v1:20230624_1724_HARP9699_NOAA13340,primary_cycle25,True,0,1,same_region_xra_report_in_future_window,20230626events.txt:64,False
gb72-native-v1:20230624_1900_HARP9699_NOAA13340,primary_cycle25,True,0,1,same_region_xra_report_in_future_window,20230626events.txt:64,False
gb72-native-v1:20230624_2036_HARP9699_NOAA13340,primary_cycle25,True,0,1,same_region_xra_report_in_future_window,20230626events.txt:64,False
gb72-native-v1:20230624_2212_HARP9699_NOAA13340,primary_cycle25,True,0,1,same_region_xra_report_in_future_window,20230626events.txt:64,False
gb72-native-v1:20230624_2348_HARP9699_NOAA13340,primary_cycle25,True,0,1,same_region_xra_report_in_future_window,20230626events.txt:64,False
gb72-native-v1:20230625_0124_HARP9699_NOAA13340,primary_cycle25,True,0,1,same_region_xra_report_in_future_window,20230626events.txt:64,False
gb72-native-v1:20230625_0300_HARP9699_NOAA13340,primary_cycle25,True,0,1,same_region_xra_report_in_future_window,20230626events.txt:64,False
gb72-native-v1:20230625_0436_HARP9699_NOAA13340,primary_cycle25,True,0,1,same_region_xra_report_in_future_window,20230626events.txt:64,False
gb72-native-v1:20230625_0612_HARP9699_NOAA13340,primary_cycle25,True,0,1,same_region_xra_report_in_future_window,20230626events.txt:64,False
gb72-native-v1:20230625_0748_HARP9699_NOAA13340,primary_cycle25,True,0,1,same_region_xra_report_in_future_window,20230626events.txt:64,False
gb72-native-v1:20230625_0924_HARP9699_NOAA13340,primary_cycle25,True,0,1,same_region_xra_report_in_future_window,20230626events.txt:64,False
gb72-native-v1:20230625_1100_HARP9699_NOAA13340,primary_cycle25,True,0,1,same_region_xra_report_in_future_window,20230626events.txt:64,False
gb72-native-v1:20230625_1236_HARP9699_NOAA13340,primary_cycle25,True,0,1,same_region_xra_report_in_future_window,20230626events.txt:64,False
gb72-native-v1:20230625_1412_HARP9699_NOAA13340,primary_cycle25,True,0,1,same_region_xra_report_in_future_window,20230626events.txt:64,False
gb72-native-v1:20230625_1548_HARP9699_NOAA13340,primary_cycle25,True,0,1,same_region_xra_report_in_future_window,20230626events.txt:64;20230627events.txt:66,False
gb72-native-v1:20230625_1724_HARP9699_NOAA13340,primary_cycle25,True,0,1,same_region_xra_report_in_future_window,20230626events.txt:64;20230627events.txt:66,False
gb72-native-v1:20230625_1900_HARP9699_NOAA13340,primary_cycle25,True,0,1,same_region_xra_report_in_future_window,20230626events.txt:64;20230627events.txt:66,False
gb72-native-v1:20230625_2036_HARP9699_NOAA13340,primary_cycle25,True,0,1,same_region_xra_report_in_future_window,20230626events.txt:64;20230627events.txt:66,False
gb72-native-v1:20230625_2212_HARP9699_NOAA13340,primary_cycle25,True,0,1,same_region_xra_report_in_future_window,20230626events.txt:64;20230627events.txt:66,False
gb72-native-v1:20230625_2348_HARP9699_NOAA13340,primary_cycle25,True,0,1,same_region_xra_report_in_future_window,20230626events.txt:64;20230627events.txt:66,False
gb72-native-v1:20230626_0124_HARP9699_NOAA13340,primary_cycle25,True,0,1,same_region_xra_report_in_future_window,20230626events.txt:64;20230627events.txt:66,False
gb72-native-v1:20230626_0300_HARP9699_NOAA13340,primary_cycle25,True,0,1,same_region_xra_report_in_future_window,20230626events.txt:64;20230627events.txt:66,False
gb72-native-v1:20230626_0436_HARP9699_NOAA13340,primary_cycle25,True,0,1,same_region_xra_report_in_future_window,20230626events.txt:64;20230627events.txt:66,False
gb72-native-v1:20230626_0612_HARP9699_NOAA13340,primary_cycle25,True,0,1,same_region_xra_report_in_future_window,20230626events.txt:64;20230627events.txt:66,False
gb72-native-v1:20230626_0748_HARP9699_NOAA13340,primary_cycle25,True,0,1,same_region_xra_report_in_future_window,20230626events.txt:64;20230627events.txt:66,False
gb72-native-v1:20230710_0636_HARP9762_NOAA13361,primary_cycle25,True,0,1,same_region_xra_report_in_future_window,20230712events.txt:38,False
gb72-native-v1:20230710_0812_HARP9762_NOAA13361,primary_cycle25,True,0,1,same_region_xra_report_in_future_window,20230712events.txt:38,False
gb72-native-v1:20230710_0948_HARP9762_NOAA13361,primary_cycle25,True,0,1,same_region_xra_report_in_future_window,20230712events.txt:38,False
gb72-native-v1:20230710_1124_HARP9762_NOAA13361,primary_cycle25,True,0,1,same_region_xra_report_in_future_window,20230712events.txt:38,False
gb72-native-v1:20230710_1300_HARP9762_NOAA13361,not_in_matched_inputs,False,0,1,same_region_xra_report_in_future_window,20230712events.txt:38,False
gb72-native-v1:20230710_1436_HARP9762_NOAA13361,not_in_matched_inputs,False,0,1,same_region_xra_report_in_future_window,20230712events.txt:38,False
gb72-native-v1:20230720_0524_HARP9812_NOAA13373,primary_cycle25,True,0,1,same_region_xra_report_in_future_window,20230722events.txt:33,False
gb72-native-v1:20230720_0700_HARP9812_NOAA13373,primary_cycle25,True,0,1,same_region_xra_report_in_future_window,20230722events.txt:33,False
gb72-native-v1:20230720_0900_HARP9812_NOAA13373,not_in_matched_inputs,False,0,1,same_region_xra_report_in_future_window,20230722events.txt:33,False
gb72-native-v1:20230720_1036_HARP9812_NOAA13373,not_in_matched_inputs,False,0,1,same_region_xra_report_in_future_window,20230722events.txt:33,False
gb72-native-v1:20230720_1212_HARP9812_NOAA13373,not_in_matched_inputs,False,0,1,same_region_xra_report_in_future_window,20230722events.txt:33,False
gb72-native-v1:20230720_1348_HARP9812_NOAA13373,primary_cycle25,True,0,1,same_region_xra_report_in_future_window,20230722events.txt:33,False
gb72-native-v1:20230720_1524_HARP9812_NOAA13373,primary_cycle25,True,0,1,same_region_xra_report_in_future_window,20230722events.txt:33,False
gb72-native-v1:20230720_1700_HARP9812_NOAA13373,primary_cycle25,True,0,1,same_region_xra_report_in_future_window,20230722events.txt:33,False
gb72-native-v1:20230720_1836_HARP9812_NOAA13373,primary_cycle25,True,0,1,same_region_xra_report_in_future_window,20230722events.txt:33,False
gb72-native-v1:20230720_2012_HARP9812_NOAA13373,primary_cycle25,True,0,1,same_region_xra_report_in_future_window,20230722events.txt:33,False
gb72-native-v1:20230720_2148_HARP9812_NOAA13373,primary_cycle25,True,0,1,same_region_xra_report_in_future_window,20230722events.txt:33,False
gb72-native-v1:20230720_2324_HARP9812_NOAA13373,primary_cycle25,True,0,1,same_region_xra_report_in_future_window,20230722events.txt:33,False
gb72-native-v1:20230721_0100_HARP9812_NOAA13373,primary_cycle25,True,0,1,same_region_xra_report_in_future_window,20230722events.txt:33,False
gb72-native-v1:20230721_0236_HARP9812_NOAA13373,primary_cycle25,True,0,1,same_region_xra_report_in_future_window,20230722events.txt:33,False
gb72-native-v1:20230721_0412_HARP9812_NOAA13373,primary_cycle25,True,0,1,same_region_xra_report_in_future_window,20230722events.txt:33,False
gb72-native-v1:20230721_0548_HARP9812_NOAA13373,primary_cycle25,True,0,1,same_region_xra_report_in_future_window,20230722events.txt:33,False
gb72-native-v1:20230721_0912_HARP9812_NOAA13373,not_in_matched_inputs,False,0,1,same_region_xra_report_in_future_window,20230722events.txt:33,False
gb72-native-v1:20230721_1100_HARP9812_NOAA13373,not_in_matched_inputs,False,0,1,same_region_xra_report_in_future_window,20230722events.txt:33,False
gb72-native-v1:20230721_1236_HARP9812_NOAA13373,not_in_matched_inputs,False,0,1,same_region_xra_report_in_future_window,20230722events.txt:33,False
gb72-native-v1:20230721_1412_HARP9812_NOAA13373,not_in_matched_inputs,False,0,1,same_region_xra_report_in_future_window,20230722events.txt:33,False
gb72-native-v1:20230721_1548_HARP9812_NOAA13373,primary_cycle25,True,0,1,same_region_xra_report_in_future_window,20230722events.txt:33,False
gb72-native-v1:20230721_1724_HARP9812_NOAA13373,primary_cycle25,True,0,1,same_region_xra_report_in_future_window,20230722events.txt:33,False
gb72-native-v1:20230721_1900_HARP9812_NOAA13373,primary_cycle25,True,0,1,same_region_xra_report_in_future_window,20230722events.txt:33,False
gb72-native-v1:20230721_2036_HARP9812_NOAA13373,primary_cycle25,True,0,1,same_region_xra_report_in_future_window,20230722events.txt:33,False
gb72-native-v1:20230721_2212_HARP9812_NOAA13373,primary_cycle25,True,0,1,same_region_xra_report_in_future_window,20230722events.txt:33,False
gb72-native-v1:20230721_2348_HARP9812_NOAA13373,primary_cycle25,True,0,1,same_region_xra_report_in_future_window,20230722events.txt:33,False
gb72-native-v1:20230722_0124_HARP9812_NOAA13373,primary_cycle25,True,0,1,same_region_xra_report_in_future_window,20230722events.txt:33,False
gb72-native-v1:20230722_0300_HARP9812_NOAA13373,primary_cycle25,True,0,1,same_region_xra_report_in_future_window,20230722events.txt:33,False
gb72-native-v1:20230723_0236_HARP9822_NOAA13376,primary_cycle25,True,0,1,same_region_xra_report_in_future_window,20230725events.txt:21,False
gb72-native-v1:20230723_0412_HARP9822_NOAA13376,primary_cycle25,True,0,1,same_region_xra_report_in_future_window,20230725events.txt:21,False
gb72-native-v1:20230723_0548_HARP9822_NOAA13376,primary_cycle25,True,0,1,same_region_xra_report_in_future_window,20230725events.txt:21,False
gb72-native-v1:20230723_0936_HARP9822_NOAA13376,not_in_matched_inputs,False,0,1,same_region_xra_report_in_future_window,20230725events.txt:21,False
gb72-native-v1:20230723_1112_HARP9822_NOAA13376,not_in_matched_inputs,False,0,1,same_region_xra_report_in_future_window,20230725events.txt:21,False
gb72-native-v1:20230723_1248_HARP9822_NOAA13376,not_in_matched_inputs,False,0,1,same_region_xra_report_in_future_window,20230725events.txt:21,False
gb72-native-v1:20230723_1424_HARP9822_NOAA13376,not_in_matched_inputs,False,0,1,same_region_xra_report_in_future_window,20230725events.txt:21,False
gb72-native-v1:20230723_1600_HARP9822_NOAA13376,primary_cycle25,True,0,1,same_region_xra_report_in_future_window,20230725events.txt:21,False
gb72-native-v1:20230723_1736_HARP9822_NOAA13376,primary_cycle25,True,0,1,same_region_xra_report_in_future_window,20230725events.txt:21,False
gb72-native-v1:20230730_0300_HARP9857_NOAA13380,primary_cycle25,True,0,1,same_region_xra_report_in_future_window,20230801events.txt:22;20230801events.txt:25,False
gb72-native-v1:20230820_2236_HARP9947_NOAA13405,primary_cycle25,True,0,1,same_region_xra_report_in_future_window,20230822events.txt:58,False
gb72-native-v1:20230821_0012_HARP9947_NOAA13405,primary_cycle25,True,0,1,same_region_xra_report_in_future_window,20230822events.txt:58,False
gb72-native-v1:20230821_0148_HARP9947_NOAA13405,primary_cycle25,True,0,1,same_region_xra_report_in_future_window,20230822events.txt:58,False
gb72-native-v1:20230821_0324_HARP9947_NOAA13405,primary_cycle25,True,0,1,same_region_xra_report_in_future_window,20230822events.txt:58,False
gb72-native-v1:20230821_0500_HARP9947_NOAA13405,primary_cycle25,True,0,1,same_region_xra_report_in_future_window,20230822events.txt:58,False
gb72-native-v1:20230821_0636_HARP9947_NOAA13405,primary_cycle25,True,0,1,same_region_xra_report_in_future_window,20230822events.txt:58,False
gb72-native-v1:20230821_0812_HARP9947_NOAA13405,primary_cycle25,True,0,1,same_region_xra_report_in_future_window,20230822events.txt:58,False
gb72-native-v1:20230821_0948_HARP9947_NOAA13405,primary_cycle25,True,0,1,same_region_xra_report_in_future_window,20230822events.txt:58,False
gb72-native-v1:20230821_1124_HARP9947_NOAA13405,primary_cycle25,True,0,1,same_region_xra_report_in_future_window,20230822events.txt:58,False
gb72-native-v1:20230821_1300_HARP9947_NOAA13405,primary_cycle25,True,0,1,same_region_xra_report_in_future_window,20230822events.txt:58,False
gb72-native-v1:20230821_1436_HARP9947_NOAA13405,primary_cycle25,True,0,1,same_region_xra_report_in_future_window,20230822events.txt:58,False
gb72-native-v1:20230821_1612_HARP9947_NOAA13405,primary_cycle25,True,0,1,same_region_xra_report_in_future_window,20230822events.txt:58,False
gb72-native-v1:20230821_1748_HARP9947_NOAA13405,primary_cycle25,True,0,1,same_region_xra_report_in_future_window,20230822events.txt:58,False
gb72-native-v1:20230821_1924_HARP9947_NOAA13405,primary_cycle25,True,0,1,same_region_xra_report_in_future_window,20230822events.txt:58,False
gb72-native-v1:20230821_2100_HARP9947_NOAA13405,primary_cycle25,True,0,1,same_region_xra_report_in_future_window,20230822events.txt:58,False
gb72-native-v1:20230821_2236_HARP9947_NOAA13405,primary_cycle25,True,0,1,same_region_xra_report_in_future_window,20230822events.txt:58,False
gb72-native-v1:20230822_0012_HARP9947_NOAA13405,primary_cycle25,True,0,1,same_region_xra_report_in_future_window,20230822events.txt:58,False
gb72-native-v1:20230822_0148_HARP9947_NOAA13405,primary_cycle25,True,0,1,same_region_xra_report_in_future_window,20230822events.txt:58,False
gb72-native-v1:20230822_0324_HARP9947_NOAA13405,primary_cycle25,True,0,1,same_region_xra_report_in_future_window,20230822events.txt:58,False
gb72-native-v1:20230822_0500_HARP9947_NOAA13405,primary_cycle25,True,0,1,same_region_xra_report_in_future_window,20230822events.txt:58,False
gb72-native-v1:20230822_0636_HARP9947_NOAA13405,primary_cycle25,True,0,1,same_region_xra_report_in_future_window,20230822events.txt:58,False
gb72-native-v1:20230822_0812_HARP9947_NOAA13405,primary_cycle25,True,0,1,same_region_xra_report_in_future_window,20230822events.txt:58,False
gb72-native-v1:20230822_0948_HARP9947_NOAA13405,primary_cycle25,True,0,1,same_region_xra_report_in_future_window,20230822events.txt:58,False
gb72-native-v1:20230822_1124_HARP9947_NOAA13405,primary_cycle25,True,0,1,same_region_xra_report_in_future_window,20230822events.txt:58,False
gb72-native-v1:20230822_1300_HARP9947_NOAA13405,primary_cycle25,True,0,1,same_region_xra_report_in_future_window,20230822events.txt:58,False
gb72-native-v1:20230822_1436_HARP9947_NOAA13405,primary_cycle25,True,0,1,same_region_xra_report_in_future_window,20230822events.txt:58,False
gb72-native-v1:20230822_1612_HARP9947_NOAA13405,primary_cycle25,True,0,1,same_region_xra_report_in_future_window,20230822events.txt:58,False
gb72-native-v1:20230822_1748_HARP9947_NOAA13405,primary_cycle25,True,0,1,same_region_xra_report_in_future_window,20230822events.txt:58,False
gb72-native-v1:20230822_2000_HARP9947_NOAA13405,not_in_matched_inputs,False,0,1,same_region_xra_report_in_future_window,20230822events.txt:58,False
gb72-native-v1:20230822_2136_HARP9947_NOAA13405,not_in_matched_inputs,False,0,1,same_region_xra_report_in_future_window,20230822events.txt:58,False
gb72-native-v1:20230913_1012_HARP10078_NOAA13429,not_in_matched_inputs,False,0,1,same_region_xra_report_in_future_window,20230914events.txt:16;20230914events.txt:36;20230914events.txt:41,False
gb72-native-v1:20230913_1148_HARP10078_NOAA13429,not_in_matched_inputs,False,0,1,same_region_xra_report_in_future_window,20230914events.txt:16;20230914events.txt:36;20230914events.txt:41,False
gb72-native-v1:20230913_1324_HARP10078_NOAA13429,not_in_matched_inputs,False,0,1,same_region_xra_report_in_future_window,20230914events.txt:16;20230914events.txt:36;20230914events.txt:41,False
gb72-native-v1:20230913_1500_HARP10078_NOAA13429,not_in_matched_inputs,False,0,1,same_region_xra_report_in_future_window,20230914events.txt:16;20230914events.txt:36;20230914events.txt:41,False
gb72-native-v1:20230913_1636_HARP10078_NOAA13429,not_in_matched_inputs,False,0,1,same_region_xra_report_in_future_window,20230914events.txt:16;20230914events.txt:36;20230914events.txt:41,False
gb72-native-v1:20230913_1812_HARP10078_NOAA13429,not_in_matched_inputs,False,0,1,same_region_xra_report_in_future_window,20230914events.txt:16;20230914events.txt:36;20230914events.txt:41,False
gb72-native-v1:20230913_2012_HARP10078_NOAA13429,not_in_matched_inputs,False,0,1,same_region_xra_report_in_future_window,20230914events.txt:16;20230914events.txt:36;20230914events.txt:41,False
gb72-native-v1:20230913_2148_HARP10078_NOAA13429,not_in_matched_inputs,False,0,1,same_region_xra_report_in_future_window,20230914events.txt:16;20230914events.txt:36;20230914events.txt:41,False
gb72-native-v1:20230913_2324_HARP10078_NOAA13429,not_in_matched_inputs,False,0,1,same_region_xra_report_in_future_window,20230914events.txt:16;20230914events.txt:36;20230914events.txt:41;20230915events.txt:86,False
gb72-native-v1:20230914_0100_HARP10078_NOAA13429,primary_cycle25,True,0,1,same_region_xra_report_in_future_window,20230914events.txt:16;20230914events.txt:36;20230914events.txt:41;20230915events.txt:86;20230916events.txt:18,False
gb72-native-v1:20230914_0236_HARP10078_NOAA13429,primary_cycle25,True,0,1,same_region_xra_report_in_future_window,20230914events.txt:16;20230914events.txt:36;20230914events.txt:41;20230915events.txt:86;20230916events.txt:18,False
gb72-native-v1:20230914_0412_HARP10078_NOAA13429,primary_cycle25,True,0,1,same_region_xra_report_in_future_window,20230914events.txt:16;20230914events.txt:36;20230914events.txt:41;20230915events.txt:86;20230916events.txt:18,False
gb72-native-v1:20230920_1612_HARP10114_NOAA13443,primary_cycle25,True,0,1,same_region_xra_report_in_future_window,20230922events.txt:126,False
gb72-native-v1:20230920_1748_HARP10114_NOAA13443,primary_cycle25,True,0,1,same_region_xra_report_in_future_window,20230922events.txt:126;20230922events.txt:135,False
gb72-native-v1:20230920_1936_HARP10114_NOAA13443,not_in_matched_inputs,False,0,1,same_region_xra_report_in_future_window,20230922events.txt:126;20230922events.txt:135,False
gb72-native-v1:20230920_2112_HARP10114_NOAA13443,not_in_matched_inputs,False,0,1,same_region_xra_report_in_future_window,20230922events.txt:126;20230922events.txt:135,False
gb72-native-v1:20230920_2200_HARP10115_NOAA13435,not_in_matched_inputs,False,0,1,same_region_xra_report_in_future_window,20230921events.txt:40;20230922events.txt:27,False
gb72-native-v1:20230920_2248_HARP10114_NOAA13443,not_in_matched_inputs,False,0,1,same_region_xra_report_in_future_window,20230922events.txt:126;20230922events.txt:135;20230922events.txt:147,False
gb72-native-v1:20230920_2336_HARP10115_NOAA13435,not_in_matched_inputs,False,0,1,same_region_xra_report_in_future_window,20230921events.txt:40;20230922events.txt:27,False
gb72-native-v1:20230921_0024_HARP10114_NOAA13443,primary_cycle25,True,0,1,same_region_xra_report_in_future_window,20230922events.txt:126;20230922events.txt:135;20230922events.txt:147,False
gb72-native-v1:20230921_0112_HARP10115_NOAA13435,not_in_matched_inputs,False,0,1,same_region_xra_report_in_future_window,20230921events.txt:40;20230922events.txt:27,False
gb72-native-v1:20230921_0200_HARP10114_NOAA13443,primary_cycle25,True,0,1,same_region_xra_report_in_future_window,20230922events.txt:126;20230922events.txt:135;20230922events.txt:147,False
gb72-native-v1:20230921_0248_HARP10115_NOAA13435,primary_cycle25,True,0,1,same_region_xra_report_in_future_window,20230921events.txt:40;20230922events.txt:27,False
gb72-native-v1:20230921_0336_HARP10114_NOAA13443,primary_cycle25,True,0,1,same_region_xra_report_in_future_window,20230922events.txt:126;20230922events.txt:135;20230922events.txt:147,False
gb72-native-v1:20230921_0424_HARP10115_NOAA13435,primary_cycle25,True,0,1,same_region_xra_report_in_future_window,20230921events.txt:40;20230922events.txt:27,False
gb72-native-v1:20230921_0512_HARP10114_NOAA13443,primary_cycle25,True,0,1,same_region_xra_report_in_future_window,20230922events.txt:126;20230922events.txt:135;20230922events.txt:147,False
gb72-native-v1:20230921_0600_HARP10115_NOAA13435,primary_cycle25,True,0,1,same_region_xra_report_in_future_window,20230921events.txt:40;20230922events.txt:27,False
gb72-native-v1:20230921_0648_HARP10114_NOAA13443,primary_cycle25,True,0,1,same_region_xra_report_in_future_window,20230922events.txt:126;20230922events.txt:135;20230922events.txt:147,False
gb72-native-v1:20230921_0736_HARP10115_NOAA13435,not_in_matched_inputs,False,0,1,same_region_xra_report_in_future_window,20230921events.txt:40;20230922events.txt:27,False
gb72-native-v1:20230921_0824_HARP10114_NOAA13443,primary_cycle25,True,0,1,same_region_xra_report_in_future_window,20230922events.txt:126;20230922events.txt:135;20230922events.txt:147,False
gb72-native-v1:20230921_0936_HARP10115_NOAA13435,not_in_matched_inputs,False,0,1,same_region_xra_report_in_future_window,20230921events.txt:40;20230922events.txt:27,False
gb72-native-v1:20230921_1024_HARP10114_NOAA13443,not_in_matched_inputs,False,0,1,same_region_xra_report_in_future_window,20230922events.txt:126;20230922events.txt:135;20230922events.txt:147,False
gb72-native-v1:20230921_1112_HARP10115_NOAA13435,not_in_matched_inputs,False,0,1,same_region_xra_report_in_future_window,20230921events.txt:40;20230922events.txt:27,False
gb72-native-v1:20230921_1200_HARP10114_NOAA13443,not_in_matched_inputs,False,0,1,same_region_xra_report_in_future_window,20230922events.txt:126;20230922events.txt:135;20230922events.txt:147,False
gb72-native-v1:20230921_1248_HARP10115_NOAA13435,not_in_matched_inputs,False,0,1,same_region_xra_report_in_future_window,20230922events.txt:27,False
gb72-native-v1:20230921_1336_HARP10114_NOAA13443,not_in_matched_inputs,False,0,1,same_region_xra_report_in_future_window,20230922events.txt:126;20230922events.txt:135;20230922events.txt:147,False
gb72-native-v1:20230921_1424_HARP10115_NOAA13435,not_in_matched_inputs,False,0,1,same_region_xra_report_in_future_window,20230922events.txt:27,False
gb72-native-v1:20230921_1512_HARP10114_NOAA13443,primary_cycle25,True,0,1,same_region_xra_report_in_future_window,20230922events.txt:126;20230922events.txt:135;20230922events.txt:147,False
gb72-native-v1:20230921_1600_HARP10115_NOAA13435,primary_cycle25,True,0,1,same_region_xra_report_in_future_window,20230922events.txt:27,False
gb72-native-v1:20230921_1648_HARP10114_NOAA13443,primary_cycle25,True,0,1,same_region_xra_report_in_future_window,20230922events.txt:126;20230922events.txt:135;20230922events.txt:147,False
gb72-native-v1:20230921_1736_HARP10115_NOAA13435,primary_cycle25,True,0,1,same_region_xra_report_in_future_window,20230922events.txt:27,False
gb72-native-v1:20230921_1824_HARP10114_NOAA13443,primary_cycle25,True,0,1,same_region_xra_report_in_future_window,20230922events.txt:126;20230922events.txt:135;20230922events.txt:147,False
gb72-native-v1:20230921_1912_HARP10115_NOAA13435,primary_cycle25,True,0,1,same_region_xra_report_in_future_window,20230922events.txt:27,False
gb72-native-v1:20230921_2000_HARP10114_NOAA13443,primary_cycle25,True,0,1,same_region_xra_report_in_future_window,20230922events.txt:126;20230922events.txt:135;20230922events.txt:147,False
gb72-native-v1:20230921_2048_HARP10115_NOAA13435,primary_cycle25,True,0,1,same_region_xra_report_in_future_window,20230922events.txt:27,False
gb72-native-v1:20230921_2136_HARP10114_NOAA13443,primary_cycle25,True,0,1,same_region_xra_report_in_future_window,20230922events.txt:126;20230922events.txt:135;20230922events.txt:147,False
gb72-native-v1:20230921_2224_HARP10115_NOAA13435,primary_cycle25,True,0,1,same_region_xra_report_in_future_window,20230922events.txt:27,False
gb72-native-v1:20230921_2312_HARP10114_NOAA13443,primary_cycle25,True,0,1,same_region_xra_report_in_future_window,20230922events.txt:126;20230922events.txt:135;20230922events.txt:147,False
gb72-native-v1:20230922_0000_HARP10115_NOAA13435,primary_cycle25,True,0,1,same_region_xra_report_in_future_window,20230922events.txt:27,False
gb72-native-v1:20230922_0048_HARP10114_NOAA13443,primary_cycle25,True,0,1,same_region_xra_report_in_future_window,20230922events.txt:126;20230922events.txt:135;20230922events.txt:147,False
gb72-native-v1:20230922_0136_HARP10115_NOAA13435,primary_cycle25,True,0,1,same_region_xra_report_in_future_window,20230922events.txt:27,False
gb72-native-v1:20230922_0224_HARP10114_NOAA13443,primary_cycle25,True,0,1,same_region_xra_report_in_future_window,20230922events.txt:126;20230922events.txt:135;20230922events.txt:147,False
gb72-native-v1:20230922_0400_HARP10114_NOAA13443,primary_cycle25,True,0,1,same_region_xra_report_in_future_window,20230922events.txt:126;20230922events.txt:135;20230922events.txt:147,False
gb72-native-v1:20230922_0536_HARP10114_NOAA13443,primary_cycle25,True,0,1,same_region_xra_report_in_future_window,20230922events.txt:126;20230922events.txt:135;20230922events.txt:147,False
gb72-native-v1:20230922_0712_HARP10114_NOAA13443,primary_cycle25,True,0,1,same_region_xra_report_in_future_window,20230922events.txt:126;20230922events.txt:135;20230922events.txt:147,False
gb72-native-v1:20231008_1248_HARP10180_NOAA13451,primary_cycle25,True,0,1,same_region_xra_report_in_future_window,20231010events.txt:32,False
gb72-native-v1:20231008_1424_HARP10180_NOAA13451,primary_cycle25,True,0,1,same_region_xra_report_in_future_window,20231010events.txt:32,False
gb72-native-v1:20231008_1600_HARP10180_NOAA13451,primary_cycle25,True,0,1,same_region_xra_report_in_future_window,20231010events.txt:32,False
gb72-native-v1:20231031_1300_HARP10312_NOAA13474,primary_cycle25,True,0,1,same_region_xra_report_in_future_window,20231102events.txt:55,False
gb72-native-v1:20231031_1436_HARP10312_NOAA13474,primary_cycle25,True,0,1,same_region_xra_report_in_future_window,20231102events.txt:55,False
gb72-native-v1:20231031_1612_HARP10312_NOAA13474,primary_cycle25,True,0,1,same_region_xra_report_in_future_window,20231102events.txt:55,False
gb72-native-v1:20231031_1748_HARP10312_NOAA13474,primary_cycle25,True,0,1,same_region_xra_report_in_future_window,20231102events.txt:55,False
gb72-native-v1:20231031_1924_HARP10312_NOAA13474,primary_cycle25,True,0,1,same_region_xra_report_in_future_window,20231102events.txt:55,False
gb72-native-v1:20231031_2100_HARP10312_NOAA13474,primary_cycle25,True,0,1,same_region_xra_report_in_future_window,20231102events.txt:55,False
gb72-native-v1:20231031_2236_HARP10312_NOAA13474,not_in_matched_inputs,False,0,1,same_region_xra_report_in_future_window,20231102events.txt:55,False
gb72-native-v1:20231101_0012_HARP10312_NOAA13474,not_in_matched_inputs,False,0,1,same_region_xra_report_in_future_window,20231102events.txt:55,False
gb72-native-v1:20231101_0148_HARP10312_NOAA13474,not_in_matched_inputs,False,0,1,same_region_xra_report_in_future_window,20231102events.txt:55,False
gb72-native-v1:20231101_0324_HARP10312_NOAA13474,primary_cycle25,True,0,1,same_region_xra_report_in_future_window,20231102events.txt:55,False
gb72-native-v1:20231101_0500_HARP10312_NOAA13474,primary_cycle25,True,0,1,same_region_xra_report_in_future_window,20231102events.txt:55,False
gb72-native-v1:20231101_0636_HARP10312_NOAA13474,primary_cycle25,True,0,1,same_region_xra_report_in_future_window,20231102events.txt:55,False
gb72-native-v1:20231101_0812_HARP10312_NOAA13474,primary_cycle25,True,0,1,same_region_xra_report_in_future_window,20231102events.txt:55,False
gb72-native-v1:20231101_0948_HARP10312_NOAA13474,primary_cycle25,True,0,1,same_region_xra_report_in_future_window,20231102events.txt:55,False
gb72-native-v1:20231101_1124_HARP10312_NOAA13474,primary_cycle25,True,0,1,same_region_xra_report_in_future_window,20231102events.txt:55,False
gb72-native-v1:20231101_1300_HARP10312_NOAA13474,primary_cycle25,True,0,1,same_region_xra_report_in_future_window,20231102events.txt:55,False
gb72-native-v1:20231101_1436_HARP10312_NOAA13474,primary_cycle25,True,0,1,same_region_xra_report_in_future_window,20231102events.txt:55,False
gb72-native-v1:20231101_1612_HARP10312_NOAA13474,primary_cycle25,True,0,1,same_region_xra_report_in_future_window,20231102events.txt:55,False
gb72-native-v1:20231101_1748_HARP10312_NOAA13474,primary_cycle25,True,0,1,same_region_xra_report_in_future_window,20231102events.txt:55,False
gb72-native-v1:20231101_1936_HARP10312_NOAA13474,not_in_matched_inputs,False,0,1,same_region_xra_report_in_future_window,20231102events.txt:55,False
gb72-native-v1:20231101_2112_HARP10312_NOAA13474,not_in_matched_inputs,False,0,1,same_region_xra_report_in_future_window,20231102events.txt:55,False
gb72-native-v1:20231101_2248_HARP10312_NOAA13474,not_in_matched_inputs,False,0,1,same_region_xra_report_in_future_window,20231102events.txt:55,False
gb72-native-v1:20231102_0024_HARP10312_NOAA13474,primary_cycle25,True,0,1,same_region_xra_report_in_future_window,20231102events.txt:55,False
gb72-native-v1:20231102_0200_HARP10312_NOAA13474,primary_cycle25,True,0,1,same_region_xra_report_in_future_window,20231102events.txt:55,False
gb72-native-v1:20231102_0336_HARP10312_NOAA13474,primary_cycle25,True,0,1,same_region_xra_report_in_future_window,20231102events.txt:55,False
gb72-native-v1:20231109_1712_HARP10346_NOAA13477,primary_cycle25,True,0,1,same_region_xra_report_in_future_window,20231111events.txt:62,False
gb72-native-v1:20231109_1848_HARP10346_NOAA13477,primary_cycle25,True,0,1,same_region_xra_report_in_future_window,20231111events.txt:62,False
gb72-native-v1:20231109_2024_HARP10346_NOAA13477,primary_cycle25,True,0,1,same_region_xra_report_in_future_window,20231111events.txt:62,False
gb72-native-v1:20231109_2200_HARP10346_NOAA13477,primary_cycle25,True,0,1,same_region_xra_report_in_future_window,20231111events.txt:62,False
gb72-native-v1:20231109_2336_HARP10346_NOAA13477,primary_cycle25,True,0,1,same_region_xra_report_in_future_window,20231111events.txt:62,False
gb72-native-v1:20231110_0112_HARP10346_NOAA13477,not_in_matched_inputs,False,0,1,same_region_xra_report_in_future_window,20231111events.txt:62,False
gb72-native-v1:20231110_0248_HARP10346_NOAA13477,not_in_matched_inputs,False,0,1,same_region_xra_report_in_future_window,20231111events.txt:62,False
gb72-native-v1:20231110_0424_HARP10346_NOAA13477,not_in_matched_inputs,False,0,1,same_region_xra_report_in_future_window,20231111events.txt:62,False
gb72-native-v1:20231110_0600_HARP10346_NOAA13477,primary_cycle25,True,0,1,same_region_xra_report_in_future_window,20231111events.txt:62,False
gb72-native-v1:20231110_0736_HARP10346_NOAA13477,not_in_matched_inputs,False,0,1,same_region_xra_report_in_future_window,20231111events.txt:62,False
gb72-native-v1:20231110_0912_HARP10346_NOAA13477,not_in_matched_inputs,False,0,1,same_region_xra_report_in_future_window,20231111events.txt:62,False
gb72-native-v1:20231110_1048_HARP10346_NOAA13477,not_in_matched_inputs,False,0,1,same_region_xra_report_in_future_window,20231111events.txt:62,False
gb72-native-v1:20231110_1224_HARP10346_NOAA13477,primary_cycle25,True,0,1,same_region_xra_report_in_future_window,20231111events.txt:62,False
gb72-native-v1:20231110_1400_HARP10346_NOAA13477,primary_cycle25,True,0,1,same_region_xra_report_in_future_window,20231111events.txt:62,False
gb72-native-v1:20231110_1536_HARP10346_NOAA13477,primary_cycle25,True,0,1,same_region_xra_report_in_future_window,20231111events.txt:62,False
gb72-native-v1:20231110_1712_HARP10346_NOAA13477,primary_cycle25,True,0,1,same_region_xra_report_in_future_window,20231111events.txt:62,False
gb72-native-v1:20231110_1848_HARP10346_NOAA13477,primary_cycle25,True,0,1,same_region_xra_report_in_future_window,20231111events.txt:62,False
gb72-native-v1:20231126_1912_HARP10430_NOAA13500,not_in_matched_inputs,False,0,1,same_region_xra_report_in_future_window,20231128events.txt:67,False
gb72-native-v1:20231126_2048_HARP10430_NOAA13500,primary_cycle25,True,0,1,same_region_xra_report_in_future_window,20231128events.txt:67;20231128events.txt:72,False
gb72-native-v1:20231126_2224_HARP10430_NOAA13500,primary_cycle25,True,0,1,same_region_xra_report_in_future_window,20231128events.txt:67;20231128events.txt:72,False
gb72-native-v1:20231127_0000_HARP10430_NOAA13500,primary_cycle25,True,0,1,same_region_xra_report_in_future_window,20231128events.txt:67;20231128events.txt:72,False
gb72-native-v1:20231127_0136_HARP10430_NOAA13500,primary_cycle25,True,0,1,same_region_xra_report_in_future_window,20231128events.txt:67;20231128events.txt:72,False
gb72-native-v1:20231127_0312_HARP10430_NOAA13500,primary_cycle25,True,0,1,same_region_xra_report_in_future_window,20231128events.txt:67;20231128events.txt:72,False
gb72-native-v1:20231127_0448_HARP10430_NOAA13500,primary_cycle25,True,0,1,same_region_xra_report_in_future_window,20231128events.txt:67;20231128events.txt:72,False
gb72-native-v1:20231127_0624_HARP10430_NOAA13500,primary_cycle25,True,0,1,same_region_xra_report_in_future_window,20231128events.txt:67;20231128events.txt:72,False
gb72-native-v1:20231127_0800_HARP10430_NOAA13500,primary_cycle25,True,0,1,same_region_xra_report_in_future_window,20231128events.txt:67;20231128events.txt:72,False
gb72-native-v1:20231127_0936_HARP10430_NOAA13500,primary_cycle25,True,0,1,same_region_xra_report_in_future_window,20231128events.txt:67;20231128events.txt:72,False
gb72-native-v1:20231127_1112_HARP10430_NOAA13500,primary_cycle25,True,0,1,same_region_xra_report_in_future_window,20231128events.txt:67;20231128events.txt:72,False
gb72-native-v1:20231127_1248_HARP10430_NOAA13500,primary_cycle25,True,0,1,same_region_xra_report_in_future_window,20231128events.txt:67;20231128events.txt:72,False
gb72-native-v1:20231127_1424_HARP10430_NOAA13500,primary_cycle25,True,0,1,same_region_xra_report_in_future_window,20231128events.txt:67;20231128events.txt:72,False
gb72-native-v1:20231127_1600_HARP10430_NOAA13500,primary_cycle25,True,0,1,same_region_xra_report_in_future_window,20231128events.txt:67;20231128events.txt:72,False
gb72-native-v1:20231127_1736_HARP10430_NOAA13500,primary_cycle25,True,0,1,same_region_xra_report_in_future_window,20231128events.txt:67;20231128events.txt:72,False
gb72-native-v1:20231127_1912_HARP10430_NOAA13500,primary_cycle25,True,0,1,same_region_xra_report_in_future_window,20231128events.txt:67;20231128events.txt:72,False
gb72-native-v1:20231127_2048_HARP10430_NOAA13500,not_in_matched_inputs,False,0,1,same_region_xra_report_in_future_window,20231128events.txt:67;20231128events.txt:72,False
gb72-native-v1:20231127_2224_HARP10430_NOAA13500,not_in_matched_inputs,False,0,1,same_region_xra_report_in_future_window,20231128events.txt:67;20231128events.txt:72,False
gb72-native-v1:20231128_0000_HARP10430_NOAA13500,not_in_matched_inputs,False,0,1,same_region_xra_report_in_future_window,20231128events.txt:67;20231128events.txt:72,False
gb72-native-v1:20231128_0136_HARP10430_NOAA13500,primary_cycle25,True,0,1,same_region_xra_report_in_future_window,20231128events.txt:67;20231128events.txt:72,False
gb72-native-v1:20231128_0312_HARP10430_NOAA13500,primary_cycle25,True,0,1,same_region_xra_report_in_future_window,20231128events.txt:67;20231128events.txt:72,False
gb72-native-v1:20231128_0448_HARP10430_NOAA13500,primary_cycle25,True,0,1,same_region_xra_report_in_future_window,20231128events.txt:67;20231128events.txt:72,False
gb72-native-v1:20231128_0624_HARP10430_NOAA13500,primary_cycle25,True,0,1,same_region_xra_report_in_future_window,20231128events.txt:67;20231128events.txt:72,False
gb72-native-v1:20231128_0800_HARP10430_NOAA13500,primary_cycle25,True,0,1,same_region_xra_report_in_future_window,20231128events.txt:67;20231128events.txt:72,False
gb72-native-v1:20231128_0936_HARP10430_NOAA13500,primary_cycle25,True,0,1,same_region_xra_report_in_future_window,20231128events.txt:67;20231128events.txt:72,False
gb72-native-v1:20231128_1112_HARP10430_NOAA13500,primary_cycle25,True,0,1,same_region_xra_report_in_future_window,20231128events.txt:67;20231128events.txt:72,False
gb72-native-v1:20231128_1248_HARP10430_NOAA13500,primary_cycle25,True,0,1,same_region_xra_report_in_future_window,20231128events.txt:67;20231128events.txt:72,False
gb72-native-v1:20231128_1424_HARP10430_NOAA13500,primary_cycle25,True,0,1,same_region_xra_report_in_future_window,20231128events.txt:67;20231128events.txt:72,False
gb72-native-v1:20231128_1600_HARP10430_NOAA13500,not_in_matched_inputs,False,0,1,same_region_xra_report_in_future_window,20231128events.txt:67;20231128events.txt:72,False
gb72-native-v1:20231128_1736_HARP10430_NOAA13500,not_in_matched_inputs,False,0,1,same_region_xra_report_in_future_window,20231128events.txt:67;20231128events.txt:72,False
gb72-native-v1:20231128_1924_HARP10430_NOAA13500,not_in_matched_inputs,False,0,1,same_region_xra_report_in_future_window,20231128events.txt:72,False
gb72-native-v1:20231129_2136_HARP10430_NOAA13500,primary_cycle25,True,0,1,same_region_xra_report_in_future_window,20231201events.txt:47,False
gb72-native-v1:20231129_2312_HARP10430_NOAA13500,primary_cycle25,True,0,1,same_region_xra_report_in_future_window,20231201events.txt:47,False
gb72-native-v1:20231130_0048_HARP10430_NOAA13500,primary_cycle25,True,0,1,same_region_xra_report_in_future_window,20231201events.txt:47,False
gb72-native-v1:20231130_0224_HARP10430_NOAA13500,primary_cycle25,True,0,1,same_region_xra_report_in_future_window,20231201events.txt:47,False
gb72-native-v1:20231130_0400_HARP10430_NOAA13500,primary_cycle25,True,0,1,same_region_xra_report_in_future_window,20231201events.txt:47,False
gb72-native-v1:20231130_0536_HARP10430_NOAA13500,primary_cycle25,True,0,1,same_region_xra_report_in_future_window,20231201events.txt:47,False
gb72-native-v1:20231130_0712_HARP10430_NOAA13500,primary_cycle25,True,0,1,same_region_xra_report_in_future_window,20231201events.txt:47,False
gb72-native-v1:20231130_0848_HARP10430_NOAA13500,primary_cycle25,True,0,1,same_region_xra_report_in_future_window,20231201events.txt:47,False
gb72-native-v1:20231130_1024_HARP10430_NOAA13500,primary_cycle25,True,0,1,same_region_xra_report_in_future_window,20231201events.txt:47,False
gb72-native-v1:20231130_1200_HARP10430_NOAA13500,primary_cycle25,True,0,1,same_region_xra_report_in_future_window,20231201events.txt:47,False
gb72-native-v1:20231130_1336_HARP10430_NOAA13500,primary_cycle25,True,0,1,same_region_xra_report_in_future_window,20231201events.txt:47,False
gb72-native-v1:20231130_1512_HARP10430_NOAA13500,primary_cycle25,True,0,1,same_region_xra_report_in_future_window,20231201events.txt:47,False
gb72-native-v1:20231130_1648_HARP10430_NOAA13500,primary_cycle25,True,0,1,same_region_xra_report_in_future_window,20231201events.txt:47,False
gb72-native-v1:20231130_1824_HARP10430_NOAA13500,primary_cycle25,True,0,1,same_region_xra_report_in_future_window,20231201events.txt:47,False
gb72-native-v1:20231130_2000_HARP10430_NOAA13500,primary_cycle25,True,0,1,same_region_xra_report_in_future_window,20231201events.txt:47,False
gb72-native-v1:20231130_2136_HARP10430_NOAA13500,primary_cycle25,True,0,1,same_region_xra_report_in_future_window,20231201events.txt:47,False
gb72-native-v1:20231130_2312_HARP10430_NOAA13500,primary_cycle25,True,0,1,same_region_xra_report_in_future_window,20231201events.txt:47,False
gb72-native-v1:20231201_0048_HARP10430_NOAA13500,primary_cycle25,True,0,1,same_region_xra_report_in_future_window,20231201events.txt:47,False
gb72-native-v1:20231201_0224_HARP10430_NOAA13500,primary_cycle25,True,0,1,same_region_xra_report_in_future_window,20231201events.txt:47,False
gb72-native-v1:20231222_1236_HARP10527_NOAA13529,primary_cycle25,True,0,1,same_region_xra_report_in_future_window,20231224events.txt:54,False
gb72-native-v1:20231222_1412_HARP10527_NOAA13529,primary_cycle25,True,0,1,same_region_xra_report_in_future_window,20231224events.txt:54,False
gb72-native-v1:20231222_1548_HARP10527_NOAA13529,primary_cycle25,True,0,1,same_region_xra_report_in_future_window,20231224events.txt:54,False
gb72-native-v1:20231222_1724_HARP10527_NOAA13529,primary_cycle25,True,0,1,same_region_xra_report_in_future_window,20231224events.txt:54;20231224events.txt:65,False
gb72-native-v1:20231222_1900_HARP10527_NOAA13529,primary_cycle25,True,0,1,same_region_xra_report_in_future_window,20231224events.txt:54;20231224events.txt:65,False
gb72-native-v1:20231222_2036_HARP10527_NOAA13529,primary_cycle25,True,0,1,same_region_xra_report_in_future_window,20231224events.txt:54;20231224events.txt:65,False
gb72-native-v1:20231222_2212_HARP10527_NOAA13529,primary_cycle25,True,0,1,same_region_xra_report_in_future_window,20231224events.txt:54;20231224events.txt:65,False
gb72-native-v1:20231222_2348_HARP10527_NOAA13529,primary_cycle25,True,0,1,same_region_xra_report_in_future_window,20231224events.txt:54;20231224events.txt:65,False
gb72-native-v1:20231223_0124_HARP10527_NOAA13529,primary_cycle25,True,0,1,same_region_xra_report_in_future_window,20231224events.txt:54;20231224events.txt:65,False
gb72-native-v1:20231223_0300_HARP10527_NOAA13529,primary_cycle25,True,0,1,same_region_xra_report_in_future_window,20231224events.txt:54;20231224events.txt:65,False
gb72-native-v1:20231223_0448_HARP10527_NOAA13529,not_in_matched_inputs,False,0,1,same_region_xra_report_in_future_window,20231224events.txt:54;20231224events.txt:65,False
gb72-native-v1:20231223_0624_HARP10527_NOAA13529,not_in_matched_inputs,False,0,1,same_region_xra_report_in_future_window,20231224events.txt:54;20231224events.txt:65,False
gb72-native-v1:20231223_0800_HARP10527_NOAA13529,not_in_matched_inputs,False,0,1,same_region_xra_report_in_future_window,20231224events.txt:54;20231224events.txt:65,False
gb72-native-v1:20231223_0936_HARP10527_NOAA13529,not_in_matched_inputs,False,0,1,same_region_xra_report_in_future_window,20231224events.txt:54;20231224events.txt:65,False
gb72-native-v1:20231223_1112_HARP10527_NOAA13529,not_in_matched_inputs,False,0,1,same_region_xra_report_in_future_window,20231224events.txt:54;20231224events.txt:65,False
gb72-native-v1:20231223_1248_HARP10527_NOAA13529,primary_cycle25,True,0,1,same_region_xra_report_in_future_window,20231224events.txt:54;20231224events.txt:65,False
gb72-native-v1:20231223_1424_HARP10527_NOAA13529,primary_cycle25,True,0,1,same_region_xra_report_in_future_window,20231224events.txt:54;20231224events.txt:65,False
gb72-native-v1:20231223_1600_HARP10527_NOAA13529,not_in_matched_inputs,False,0,1,same_region_xra_report_in_future_window,20231224events.txt:54;20231224events.txt:65,False
gb72-native-v1:20231223_1736_HARP10527_NOAA13529,not_in_matched_inputs,False,0,1,same_region_xra_report_in_future_window,20231224events.txt:54;20231224events.txt:65,False
gb72-native-v1:20231223_1912_HARP10527_NOAA13529,not_in_matched_inputs,False,0,1,same_region_xra_report_in_future_window,20231224events.txt:54;20231224events.txt:65,False
gb72-native-v1:20231223_2048_HARP10527_NOAA13529,not_in_matched_inputs,False,0,1,same_region_xra_report_in_future_window,20231224events.txt:54;20231224events.txt:65,False
gb72-native-v1:20231223_2224_HARP10527_NOAA13529,not_in_matched_inputs,False,0,1,same_region_xra_report_in_future_window,20231224events.txt:54;20231224events.txt:65,False
gb72-native-v1:20231224_0000_HARP10527_NOAA13529,not_in_matched_inputs,False,0,1,same_region_xra_report_in_future_window,20231224events.txt:54;20231224events.txt:65,False
gb72-native-v1:20231224_0136_HARP10527_NOAA13529,not_in_matched_inputs,False,0,1,same_region_xra_report_in_future_window,20231224events.txt:54;20231224events.txt:65,False
gb72-native-v1:20231224_0312_HARP10527_NOAA13529,not_in_matched_inputs,False,0,1,same_region_xra_report_in_future_window,20231224events.txt:54;20231224events.txt:65,False
gb72-native-v1:20231224_0448_HARP10527_NOAA13529,not_in_matched_inputs,False,0,1,same_region_xra_report_in_future_window,20231224events.txt:54;20231224events.txt:65,False
gb72-native-v1:20231224_0624_HARP10527_NOAA13529,not_in_matched_inputs,False,0,1,same_region_xra_report_in_future_window,20231224events.txt:54;20231224events.txt:65,False
gb72-native-v1:20231224_0800_HARP10527_NOAA13529,not_in_matched_inputs,False,0,1,same_region_xra_report_in_future_window,20231224events.txt:54;20231224events.txt:65,False
gb72-native-v1:20231224_0936_HARP10527_NOAA13529,not_in_matched_inputs,False,0,1,same_region_xra_report_in_future_window,20231224events.txt:54;20231224events.txt:65,False
gb72-native-v1:20231224_1112_HARP10527_NOAA13529,not_in_matched_inputs,False,0,1,same_region_xra_report_in_future_window,20231224events.txt:65,False
gb72-native-v1:20231224_1248_HARP10527_NOAA13529,not_in_matched_inputs,False,0,1,same_region_xra_report_in_future_window,20231224events.txt:65,False
gb72-native-v1:20231224_1424_HARP10527_NOAA13529,not_in_matched_inputs,False,0,1,same_region_xra_report_in_future_window,20231224events.txt:65,False
gb72-native-v1:20231224_1600_HARP10527_NOAA13529,not_in_matched_inputs,False,0,1,same_region_xra_report_in_future_window,20231224events.txt:65,False
gb72-native-v1:20240814_1412_HARP11689_NOAA13784,primary_cycle25,True,0,1,xra_and_optical_region_in_same_swpc_day_event_bin,20240814events.txt:101;20240814events.txt:102,False
