role,model,method,alpha,selected_on_policy,month,cases,nonflare_cases,flare_cases,covered,coverage,mean_set_size,singleton_cases,singleton_fraction,singleton_error,nonflare_covered,nonflare_coverage,flare_covered,flare_coverage,empty_count,empty_fraction,nonflare_only_count,nonflare_only_fraction,flare_only_count,flare_only_fraction,both_count,both_fraction,flare_singleton_nonflare_count,flare_singleton_nonflare_rate,support_guard_fraction
retrospective_cycle25,gru,fixed_2015,0.1,False,2021-01,142,142,0,142,1.0,1.0,142,1.0,0.0,142,1.0,0,,0,0.0,142,1.0,0,0.0,0,0.0,0,,0.0
retrospective_cycle25,gru,fixed_2015,0.1,False,2021-02,137,137,0,137,1.0,1.0437956204379562,131,0.9562043795620438,0.0,137,1.0,0,,0,0.0,131,0.9562043795620438,0,0.0,6,0.043795620437956206,0,,0.0
retrospective_cycle25,gru,fixed_2015,0.1,False,2021-03,390,390,0,390,1.0,1.0,390,1.0,0.0,390,1.0,0,,0,0.0,390,1.0,0,0.0,0,0.0,0,,0.0
retrospective_cycle25,gru,fixed_2015,0.1,False,2021-04,212,208,4,174,0.8207547169811321,1.0377358490566038,204,0.9622641509433962,0.18627450980392157,174,0.8365384615384616,0,0.0,0,0.0,170,0.8018867924528302,34,0.16037735849056603,8,0.03773584905660377,4,1.0,0.0
retrospective_cycle25,gru,fixed_2015,0.1,False,2021-05,247,230,17,221,0.8947368421052632,1.048582995951417,235,0.951417004048583,0.11063829787234042,210,0.9130434782608695,11,0.6470588235294118,0,0.0,206,0.8340080971659919,29,0.11740890688259109,12,0.048582995951417005,6,0.35294117647058826,0.0
retrospective_cycle25,gru,fixed_2015,0.1,False,2021-06,270,270,0,244,0.9037037037037037,1.0185185185185186,265,0.9814814814814815,0.09811320754716982,244,0.9037037037037037,0,,0,0.0,239,0.8851851851851852,26,0.0962962962962963,5,0.018518518518518517,0,,0.0
retrospective_cycle25,gru,fixed_2015,0.1,False,2021-07,572,572,0,540,0.9440559440559441,1.0,572,1.0,0.055944055944055944,540,0.9440559440559441,0,,0,0.0,540,0.9440559440559441,32,0.055944055944055944,0,0.0,0,,0.0
retrospective_cycle25,gru,fixed_2015,0.1,False,2021-08,343,313,30,308,0.8979591836734694,1.0,343,1.0,0.10204081632653061,278,0.8881789137380192,30,1.0,0,0.0,278,0.8104956268221575,65,0.18950437317784258,0,0.0,0,0.0,0.0
retrospective_cycle25,gru,fixed_2015,0.1,False,2021-09,521,519,2,437,0.8387715930902111,1.0595009596928984,490,0.9404990403071017,0.17142857142857143,435,0.838150289017341,2,1.0,0,0.0,404,0.7754318618042226,86,0.16506717850287908,31,0.05950095969289827,0,0.0,0.0
retrospective_cycle25,gru,fixed_2015,0.1,False,2021-10,289,212,77,275,0.9515570934256056,1.0242214532871972,282,0.9757785467128027,0.04964539007092199,199,0.9386792452830188,76,0.987012987012987,0,0.0,196,0.6782006920415224,86,0.2975778546712803,7,0.02422145328719723,1,0.012987012987012988,0.0
retrospective_cycle25,gru,fixed_2015,0.1,False,2021-11,381,365,16,365,0.958005249343832,1.0183727034120735,374,0.9816272965879265,0.0427807486631016,349,0.9561643835616438,16,1.0,0,0.0,342,0.8976377952755905,32,0.08398950131233596,7,0.01837270341207349,0,0.0,0.0
retrospective_cycle25,gru,fixed_2015,0.1,False,2021-12,847,805,42,745,0.8795749704840614,1.0283353010625738,823,0.9716646989374262,0.12393681652490887,721,0.8956521739130435,24,0.5714285714285714,0,0.0,726,0.8571428571428571,97,0.11452184179456906,24,0.02833530106257379,18,0.42857142857142855,0.0
retrospective_cycle25,gru,fixed_2015,0.1,False,2022-01,542,521,21,479,0.8837638376383764,1.0202952029520296,531,0.9797047970479705,0.11864406779661017,458,0.8790786948176583,21,1.0,0,0.0,447,0.8247232472324724,84,0.15498154981549817,11,0.02029520295202952,0,0.0,0.0
retrospective_cycle25,gru,fixed_2015,0.1,False,2022-02,431,425,6,395,0.9164733178654292,1.013921113689095,425,0.9860788863109049,0.08470588235294117,395,0.9294117647058824,0,0.0,0,0.0,395,0.9164733178654292,30,0.06960556844547564,6,0.013921113689095127,6,1.0,0.0
retrospective_cycle25,gru,fixed_2015,0.1,False,2022-03,872,736,136,751,0.8612385321100917,1.0160550458715596,858,0.9839449541284404,0.14102564102564102,684,0.9293478260869565,67,0.49264705882352944,0,0.0,747,0.856651376146789,111,0.12729357798165136,14,0.016055045871559634,69,0.5073529411764706,0.0
retrospective_cycle25,gru,fixed_2015,0.1,False,2022-04,548,506,42,472,0.8613138686131386,1.0255474452554745,534,0.9744525547445255,0.14232209737827714,431,0.8517786561264822,41,0.9761904761904762,0,0.0,426,0.7773722627737226,108,0.19708029197080293,14,0.025547445255474453,1,0.023809523809523808,0.0
retrospective_cycle25,gru,fixed_2015,0.1,False,2022-05,831,724,107,676,0.8134777376654633,1.0072202166064983,825,0.9927797833935018,0.18787878787878787,634,0.8756906077348067,42,0.3925233644859813,0,0.0,695,0.8363417569193743,130,0.15643802647412755,6,0.007220216606498195,65,0.6074766355140186,0.0
retrospective_cycle25,gru,fixed_2015,0.1,False,2022-06,582,540,42,494,0.8487972508591065,1.0463917525773196,555,0.9536082474226805,0.15855855855855855,463,0.8574074074074074,31,0.7380952380952381,0,0.0,448,0.7697594501718213,107,0.18384879725085912,27,0.04639175257731959,11,0.2619047619047619,0.0
retrospective_cycle25,gru,fixed_2015,0.1,False,2022-07,829,801,28,726,0.8757539203860072,1.034981905910736,800,0.9650180940892642,0.12875,704,0.8789013732833958,22,0.7857142857142857,0,0.0,689,0.8311218335343787,111,0.1338962605548854,29,0.03498190591073583,6,0.21428571428571427,0.0
retrospective_cycle25,gru,fixed_2015,0.1,False,2022-08,519,457,62,415,0.7996146435452793,1.0154142581888246,511,0.9845857418111753,0.2035225048923679,389,0.8512035010940919,26,0.41935483870967744,0,0.0,419,0.8073217726396917,92,0.17726396917148363,8,0.015414258188824663,36,0.5806451612903226,0.0
retrospective_cycle25,gru,fixed_2015,0.1,False,2022-09,534,470,64,430,0.8052434456928839,1.054307116104869,505,0.9456928838951311,0.20594059405940593,392,0.8340425531914893,38,0.59375,0,0.0,393,0.7359550561797753,112,0.20973782771535582,29,0.054307116104868915,26,0.40625,0.0
retrospective_cycle25,gru,fixed_2015,0.1,False,2022-10,598,551,47,552,0.9230769230769231,1.0234113712374582,584,0.9765886287625418,0.07876712328767123,507,0.9201451905626135,45,0.9574468085106383,0,0.0,499,0.8344481605351171,85,0.14214046822742474,14,0.023411371237458192,2,0.0425531914893617,0.0
retrospective_cycle25,gru,fixed_2015,0.1,False,2022-11,608,565,43,510,0.8388157894736842,1.011513157894737,601,0.9884868421052632,0.16306156405990016,497,0.879646017699115,13,0.3023255813953488,0,0.0,520,0.8552631578947368,81,0.13322368421052633,7,0.011513157894736841,30,0.6976744186046512,0.0
retrospective_cycle25,gru,fixed_2015,0.1,False,2022-12,745,636,109,523,0.702013422818792,1.0483221476510067,709,0.9516778523489933,0.3131170662905501,470,0.7389937106918238,53,0.48623853211009177,0,0.0,505,0.6778523489932886,204,0.2738255033557047,36,0.04832214765100671,56,0.5137614678899083,0.0
retrospective_cycle25,gru,fixed_2015,0.1,False,2023-01,717,630,87,553,0.7712691771269177,1.0529986052998606,679,0.9470013947001394,0.24153166421207659,467,0.7412698412698413,86,0.9885057471264368,0,0.0,433,0.603905160390516,246,0.34309623430962344,38,0.05299860529986053,1,0.011494252873563218,0.0
retrospective_cycle25,gru,fixed_2015,0.1,False,2023-02,648,565,83,492,0.7592592592592593,1.0308641975308641,628,0.9691358024691358,0.2484076433121019,436,0.7716814159292036,56,0.6746987951807228,0,0.0,449,0.6929012345679012,179,0.2762345679012346,20,0.030864197530864196,27,0.3253012048192771,0.0
retrospective_cycle25,gru,fixed_2015,0.1,False,2023-03,889,764,125,712,0.8008998875140607,1.046119235095613,848,0.953880764904387,0.20872641509433962,659,0.862565445026178,53,0.424,0,0.0,691,0.7772778402699663,157,0.1766029246344207,41,0.04611923509561305,72,0.576,0.0
retrospective_cycle25,gru,fixed_2015,0.1,False,2023-04,832,828,4,682,0.8197115384615384,1.0444711538461537,795,0.9555288461538461,0.18867924528301888,678,0.8188405797101449,4,1.0,0,0.0,641,0.7704326923076923,154,0.18509615384615385,37,0.04447115384615385,0,0.0,0.0
retrospective_cycle25,gru,fixed_2015,0.1,False,2023-05,713,532,181,491,0.6886395511921458,1.0280504908835906,693,0.9719495091164095,0.3203463203463203,389,0.731203007518797,102,0.56353591160221,0,0.0,453,0.635343618513324,240,0.33660589060308554,20,0.028050490883590462,79,0.43646408839779005,0.0
retrospective_cycle25,gru,fixed_2015,0.1,False,2023-06,1013,934,79,811,0.8005923000987167,1.031589338598223,981,0.9684106614017769,0.20591233435270132,771,0.8254817987152034,40,0.5063291139240507,0,0.0,784,0.773938795656466,197,0.19447186574531095,32,0.0315893385982231,39,0.4936708860759494,0.0
retrospective_cycle25,gru,fixed_2015,0.1,False,2023-07,627,458,169,504,0.8038277511961722,1.0685805422647527,584,0.9314194577352473,0.2106164383561644,379,0.8275109170305677,125,0.7396449704142012,0,0.0,391,0.6236044657097288,193,0.3078149920255183,43,0.0685805422647528,44,0.2603550295857988,0.0
retrospective_cycle25,gru,fixed_2015,0.1,False,2023-08,695,629,66,524,0.753956834532374,1.0345323741007195,671,0.9654676258992806,0.2548435171385991,498,0.7917329093799682,26,0.3939393939393939,0,0.0,516,0.7424460431654676,155,0.22302158273381295,24,0.034532374100719423,40,0.6060606060606061,0.0
retrospective_cycle25,gru,fixed_2015,0.1,False,2023-09,922,806,116,739,0.8015184381778742,1.0260303687635575,898,0.9739696312364425,0.20378619153674832,647,0.8027295285359801,92,0.7931034482758621,0,0.0,649,0.7039045553145337,249,0.27006507592190887,24,0.026030368763557483,24,0.20689655172413793,0.0
retrospective_cycle25,gru,fixed_2015,0.1,False,2023-10,746,705,41,622,0.8337801608579088,1.0281501340482573,725,0.9718498659517426,0.17103448275862068,581,0.8241134751773049,41,1.0,0,0.0,560,0.7506702412868632,165,0.22117962466487937,21,0.028150134048257374,0,0.0,0.0
retrospective_cycle25,gru,fixed_2015,0.1,False,2023-11,822,742,80,689,0.8381995133819952,1.0523114355231145,779,0.9476885644768857,0.17073170731707318,609,0.8207547169811321,80,1.0,0,0.0,571,0.694647201946472,208,0.25304136253041365,43,0.052311435523114354,0,0.0,0.0
retrospective_cycle25,gru,fixed_2015,0.1,False,2023-12,587,544,43,436,0.7427597955706985,1.0528109028960817,556,0.9471890971039182,0.2715827338129496,426,0.7830882352941176,10,0.23255813953488372,0,0.0,430,0.7325383304940375,126,0.21465076660988075,31,0.05281090289608177,33,0.7674418604651163,0.0
retrospective_cycle25,gru,fixed_2015,0.1,False,2024-01,634,612,22,531,0.8375394321766562,1.028391167192429,616,0.9716088328075709,0.1672077922077922,509,0.8316993464052288,22,1.0,0,0.0,493,0.777602523659306,123,0.19400630914826497,18,0.028391167192429023,0,0.0,0.0
retrospective_cycle25,gru,fixed_2015,0.1,False,2024-02,714,567,147,615,0.8613445378151261,1.0322128851540617,691,0.9677871148459384,0.14327062228654125,500,0.8818342151675485,115,0.782312925170068,0,0.0,516,0.7226890756302521,175,0.24509803921568626,23,0.03221288515406162,32,0.21768707482993196,0.0
retrospective_cycle25,gru,fixed_2015,0.1,False,2024-03,646,537,109,626,0.9690402476780186,1.0356037151702786,623,0.9643962848297214,0.03210272873194221,525,0.9776536312849162,101,0.926605504587156,0,0.0,517,0.8003095975232198,106,0.16408668730650156,23,0.03560371517027864,8,0.07339449541284404,0.0
retrospective_cycle25,gru,fixed_2015,0.1,False,2024-04,644,569,75,594,0.922360248447205,1.0232919254658386,629,0.9767080745341615,0.0794912559618442,550,0.9666080843585237,44,0.5866666666666667,0,0.0,578,0.8975155279503105,51,0.07919254658385093,15,0.023291925465838508,31,0.41333333333333333,0.0
retrospective_cycle25,gru,fixed_2015,0.1,False,2024-05,504,470,34,412,0.8174603174603174,1.0416666666666667,483,0.9583333333333334,0.19047619047619047,378,0.8042553191489362,34,1.0,0,0.0,357,0.7083333333333334,126,0.25,21,0.041666666666666664,0,0.0,0.0
retrospective_cycle25,gru,fixed_2015,0.1,False,2024-06,954,783,171,750,0.7861635220125787,1.0628930817610063,894,0.9371069182389937,0.22818791946308725,592,0.756066411238825,158,0.9239766081871345,0,0.0,552,0.5786163522012578,342,0.3584905660377358,60,0.06289308176100629,13,0.07602339181286549,0.0
retrospective_cycle25,gru,fixed_2015,0.1,False,2024-07,461,296,165,330,0.7158351409978309,1.0130151843817787,455,0.9869848156182213,0.2879120879120879,205,0.6925675675675675,125,0.7575757575757576,0,0.0,239,0.5184381778741866,216,0.4685466377440347,6,0.013015184381778741,40,0.24242424242424243,0.0
retrospective_cycle25,gru,fixed_2015,0.1,False,2024-08,709,535,174,521,0.7348377997179125,1.0606488011283497,666,0.9393511988716502,0.2822822822822823,352,0.6579439252336449,169,0.9712643678160919,0,0.0,324,0.45698166431593795,342,0.4823695345557123,43,0.06064880112834979,5,0.028735632183908046,0.0
retrospective_cycle25,gru,fixed_2015,0.1,False,2024-09,550,495,55,391,0.7109090909090909,1.06,517,0.94,0.30754352030947774,344,0.694949494949495,47,0.8545454545454545,0,0.0,324,0.5890909090909091,193,0.3509090909090909,33,0.06,8,0.14545454545454545,0.0
retrospective_cycle25,gru,fixed_2015,0.1,False,2024-10,545,408,137,372,0.6825688073394496,1.0220183486238532,533,0.9779816513761468,0.324577861163227,251,0.6151960784313726,121,0.8832116788321168,0,0.0,260,0.47706422018348627,273,0.5009174311926605,12,0.022018348623853212,16,0.11678832116788321,0.0
retrospective_cycle25,gru,fixed_2015,0.1,False,2024-11,345,229,116,248,0.7188405797101449,1.0,345,1.0,0.2811594202898551,136,0.5938864628820961,112,0.9655172413793104,0,0.0,140,0.4057971014492754,205,0.5942028985507246,0,0.0,4,0.034482758620689655,0.0
retrospective_cycle25,gru,fixed_2015,0.1,False,2024-12,366,312,54,292,0.7978142076502732,1.0573770491803278,345,0.9426229508196722,0.2144927536231884,261,0.8365384615384616,31,0.5740740740740741,0,0.0,270,0.7377049180327869,75,0.20491803278688525,21,0.05737704918032787,23,0.42592592592592593,0.0
retrospective_cycle25,gru,fixed_2015,0.1,False,2025-01,701,651,50,606,0.8644793152639088,1.0485021398002854,667,0.9514978601997147,0.1424287856071964,559,0.858678955453149,47,0.94,0,0.0,528,0.7532097004279601,139,0.19828815977175462,34,0.04850213980028531,3,0.06,0.0
retrospective_cycle25,gru,fixed_2015,0.1,False,2025-02,517,469,48,399,0.7717601547388782,1.0483558994197293,492,0.9516441005802708,0.23983739837398374,354,0.7547974413646056,45,0.9375,0,0.0,333,0.6441005802707931,159,0.30754352030947774,25,0.048355899419729204,3,0.0625,0.0
retrospective_cycle25,gru,fixed_2015,0.1,False,2025-03,781,732,49,600,0.7682458386683739,1.025608194622279,761,0.9743918053777209,0.2378449408672799,566,0.773224043715847,34,0.6938775510204082,0,0.0,569,0.7285531370038413,192,0.24583866837387963,20,0.02560819462227913,15,0.30612244897959184,0.0
retrospective_cycle25,gru,fixed_2015,0.1,False,2025-04,841,764,77,747,0.8882282996432818,1.055885850178359,794,0.9441141498216409,0.11838790931989925,709,0.9280104712041884,38,0.4935064935064935,0,0.0,715,0.8501783590963139,79,0.093935790725327,47,0.0558858501783591,39,0.5064935064935064,0.0
retrospective_cycle25,gru,fixed_2015,0.1,False,2025-05,840,750,90,716,0.8523809523809524,1.025,819,0.975,0.1514041514041514,658,0.8773333333333333,58,0.6444444444444445,0,0.0,684,0.8142857142857143,135,0.16071428571428573,21,0.025,32,0.35555555555555557,0.0
retrospective_cycle25,gru,fixed_2015,0.1,False,2025-06,599,546,53,465,0.7762938230383973,1.0283806343906512,582,0.9716193656093489,0.23024054982817868,412,0.7545787545787546,53,1.0,0,0.0,401,0.669449081803005,181,0.3021702838063439,17,0.028380634390651086,0,0.0,0.0
retrospective_cycle25,gru,fixed_2015,0.1,False,2025-07,527,527,0,472,0.8956356736242884,1.0417457305502846,505,0.9582542694497154,0.10891089108910891,472,0.8956356736242884,0,,0,0.0,450,0.8538899430740038,55,0.10436432637571158,22,0.04174573055028463,0,,0.0
retrospective_cycle25,gru,fixed_2015,0.1,False,2025-08,424,413,11,326,0.7688679245283019,1.0495283018867925,403,0.9504716981132075,0.24317617866004962,322,0.7796610169491526,4,0.36363636363636365,0,0.0,309,0.7287735849056604,94,0.22169811320754718,21,0.049528301886792456,7,0.6363636363636364,0.0
retrospective_cycle25,gru,fixed_2015,0.1,False,2025-09,604,497,107,499,0.8261589403973509,1.0711920529801324,561,0.9288079470198676,0.18716577540106952,426,0.8571428571428571,73,0.6822429906542056,0,0.0,432,0.7152317880794702,129,0.21357615894039736,43,0.07119205298013245,34,0.3177570093457944,0.0
retrospective_cycle25,gru,fixed_2015,0.1,False,2025-10,837,754,83,776,0.927120669056153,1.014336917562724,825,0.985663082437276,0.07393939393939394,706,0.9363395225464191,70,0.8433734939759037,0,0.0,712,0.8506571087216248,113,0.13500597371565112,12,0.014336917562724014,13,0.1566265060240964,0.0
retrospective_cycle25,gru,fixed_2015,0.1,False,2025-11,414,414,0,341,0.8236714975845411,1.038647342995169,398,0.961352657004831,0.18341708542713567,341,0.8236714975845411,0,,0,0.0,325,0.785024154589372,73,0.17632850241545894,16,0.03864734299516908,0,,0.0
retrospective_cycle25,gru,fixed_2015,0.1,False,2025-12,488,424,64,436,0.8934426229508197,1.0368852459016393,470,0.9631147540983607,0.11063829787234042,372,0.8773584905660378,64,1.0,0,0.0,355,0.7274590163934426,115,0.23565573770491804,18,0.036885245901639344,0,0.0,0.0
retrospective_cycle25,gru,rolling_90d,0.1,False,2021-01,142,142,0,142,1.0,2.0,0,0.0,,142,1.0,0,,0,0.0,0,0.0,0,0.0,142,1.0,0,,1.0
retrospective_cycle25,gru,rolling_90d,0.1,False,2021-02,137,137,0,98,0.7153284671532847,1.7153284671532847,39,0.2846715328467153,1.0,98,0.7153284671532847,0,,0,0.0,0,0.0,39,0.2846715328467153,98,0.7153284671532847,0,,1.0
retrospective_cycle25,gru,rolling_90d,0.1,False,2021-03,390,390,0,390,1.0,2.0,0,0.0,,390,1.0,0,,0,0.0,0,0.0,0,0.0,390,1.0,0,,1.0
retrospective_cycle25,gru,rolling_90d,0.1,False,2021-04,212,208,4,128,0.6037735849056604,1.5896226415094339,87,0.41037735849056606,0.9655172413793104,124,0.5961538461538461,4,1.0,0,0.0,0,0.0,87,0.41037735849056606,125,0.589622641509434,0,0.0,1.0
retrospective_cycle25,gru,rolling_90d,0.1,False,2021-05,247,230,17,207,0.8380566801619433,1.785425101214575,53,0.2145748987854251,0.7547169811320755,190,0.8260869565217391,17,1.0,0,0.0,0,0.0,53,0.2145748987854251,194,0.7854251012145749,0,0.0,1.0
retrospective_cycle25,gru,rolling_90d,0.1,False,2021-06,270,270,0,238,0.8814814814814815,1.8814814814814815,32,0.11851851851851852,1.0,238,0.8814814814814815,0,,0,0.0,0,0.0,32,0.11851851851851852,238,0.8814814814814815,0,,1.0
retrospective_cycle25,gru,rolling_90d,0.1,False,2021-07,572,572,0,540,0.9440559440559441,1.944055944055944,32,0.055944055944055944,1.0,540,0.9440559440559441,0,,0,0.0,0,0.0,32,0.055944055944055944,540,0.9440559440559441,0,,1.0
retrospective_cycle25,gru,rolling_90d,0.1,False,2021-08,343,313,30,298,0.8688046647230321,1.78134110787172,75,0.21865889212827988,0.6,268,0.8562300319488818,30,1.0,0,0.0,0,0.0,75,0.21865889212827988,268,0.7813411078717201,0,0.0,1.0
retrospective_cycle25,gru,rolling_90d,0.1,False,2021-09,521,519,2,376,0.7216890595009597,1.7197696737044146,146,0.2802303262955854,0.9931506849315068,374,0.720616570327553,2,1.0,0,0.0,0,0.0,146,0.2802303262955854,375,0.7197696737044146,0,0.0,1.0
retrospective_cycle25,gru,rolling_90d,0.1,False,2021-10,289,212,77,275,0.9515570934256056,1.7647058823529411,68,0.23529411764705882,0.20588235294117646,198,0.9339622641509434,77,1.0,0,0.0,0,0.0,68,0.23529411764705882,221,0.7647058823529411,0,0.0,1.0
retrospective_cycle25,gru,rolling_90d,0.1,False,2021-11,381,365,16,381,1.0,1.2598425196850394,282,0.7401574803149606,0.0,365,1.0,16,1.0,0,0.0,282,0.7401574803149606,0,0.0,99,0.25984251968503935,0,0.0,0.25984251968503935
retrospective_cycle25,gru,rolling_90d,0.1,False,2021-12,847,805,42,740,0.8736717827626919,1.8358913813459268,139,0.1641086186540732,0.7697841726618705,698,0.867080745341615,42,1.0,0,0.0,0,0.0,139,0.1641086186540732,708,0.8358913813459268,0,0.0,1.0
retrospective_cycle25,gru,rolling_90d,0.1,False,2022-01,542,521,21,470,0.8671586715867159,1.8284132841328413,93,0.17158671586715868,0.7741935483870968,449,0.8618042226487524,21,1.0,0,0.0,0,0.0,93,0.17158671586715868,449,0.8284132841328413,0,0.0,1.0
retrospective_cycle25,gru,rolling_90d,0.1,False,2022-02,431,425,6,397,0.9211136890951276,1.9211136890951277,34,0.07888631090487239,1.0,391,0.92,6,1.0,0,0.0,0,0.0,34,0.07888631090487239,397,0.9211136890951276,0,0.0,1.0
retrospective_cycle25,gru,rolling_90d,0.1,False,2022-03,872,736,136,790,0.9059633027522935,1.4185779816513762,507,0.5814220183486238,0.16173570019723865,689,0.936141304347826,101,0.7426470588235294,0,0.0,404,0.463302752293578,103,0.11811926605504587,365,0.41857798165137616,35,0.25735294117647056,0.41857798165137616
retrospective_cycle25,gru,rolling_90d,0.1,False,2022-04,548,506,42,469,0.8558394160583942,1.1496350364963503,466,0.8503649635036497,0.16952789699570817,427,0.8438735177865613,42,1.0,0,0.0,347,0.6332116788321168,119,0.21715328467153286,82,0.14963503649635038,0,0.0,0.0
retrospective_cycle25,gru,rolling_90d,0.1,False,2022-05,831,724,107,705,0.8483754512635379,1.2141997593261131,653,0.7858002406738869,0.19295558958652373,627,0.8660220994475138,78,0.7289719626168224,0,0.0,514,0.618531889290012,139,0.16726835138387486,178,0.21419975932611313,29,0.27102803738317754,0.0
retrospective_cycle25,gru,rolling_90d,0.1,False,2022-06,582,540,42,515,0.8848797250859106,1.4398625429553265,326,0.5601374570446735,0.20552147239263804,473,0.8759259259259259,42,1.0,0,0.0,229,0.39347079037800686,97,0.16666666666666666,256,0.43986254295532645,0,0.0,0.0
retrospective_cycle25,gru,rolling_90d,0.1,False,2022-07,829,801,28,743,0.8962605548854041,1.531966224366707,388,0.4680337756332931,0.22164948453608246,715,0.8926342072409488,28,1.0,0,0.0,291,0.35102533172496986,97,0.11700844390832328,441,0.5319662243667069,0,0.0,0.0
retrospective_cycle25,gru,rolling_90d,0.1,False,2022-08,519,457,62,466,0.8978805394990366,1.556840077071291,230,0.44315992292870904,0.23043478260869565,407,0.8905908096280087,59,0.9516129032258065,0,0.0,158,0.3044315992292871,72,0.13872832369942195,289,0.5568400770712909,3,0.04838709677419355,0.3159922928709056
retrospective_cycle25,gru,rolling_90d,0.1,False,2022-09,534,470,64,482,0.9026217228464419,1.8202247191011236,96,0.1797752808988764,0.5416666666666666,418,0.8893617021276595,64,1.0,0,0.0,12,0.02247191011235955,84,0.15730337078651685,438,0.8202247191011236,0,0.0,0.16853932584269662
retrospective_cycle25,gru,rolling_90d,0.1,False,2022-10,598,551,47,571,0.9548494983277592,1.7692307692307692,138,0.23076923076923078,0.1956521739130435,524,0.9509981851179673,47,1.0,0,0.0,78,0.13043478260869565,60,0.10033444816053512,460,0.7692307692307693,0,0.0,0.0
retrospective_cycle25,gru,rolling_90d,0.1,False,2022-11,608,565,43,545,0.8963815789473685,1.730263157894737,164,0.26973684210526316,0.38414634146341464,502,0.8884955752212389,43,1.0,0,0.0,88,0.14473684210526316,76,0.125,444,0.7302631578947368,0,0.0,0.19572368421052633
retrospective_cycle25,gru,rolling_90d,0.1,False,2022-12,745,636,109,599,0.8040268456375839,1.4442953020134228,414,0.5557046979865772,0.3526570048309179,498,0.7830188679245284,101,0.926605504587156,0,0.0,255,0.3422818791946309,159,0.2134228187919463,331,0.4442953020134228,8,0.07339449541284404,0.07651006711409396
retrospective_cycle25,gru,rolling_90d,0.1,False,2023-01,717,630,87,606,0.8451882845188284,1.4951185495118549,362,0.504881450488145,0.30662983425414364,519,0.8238095238095238,87,1.0,0,0.0,186,0.2594142259414226,176,0.24546722454672246,355,0.49511854951185497,0,0.0,0.0
retrospective_cycle25,gru,rolling_90d,0.1,False,2023-02,648,565,83,571,0.8811728395061729,1.396604938271605,391,0.6033950617283951,0.1969309462915601,495,0.8761061946902655,76,0.9156626506024096,0,0.0,284,0.4382716049382716,107,0.16512345679012347,257,0.3966049382716049,7,0.08433734939759036,0.0
retrospective_cycle25,gru,rolling_90d,0.1,False,2023-03,889,764,125,779,0.876265466816648,1.4960629921259843,448,0.5039370078740157,0.24553571428571427,716,0.93717277486911,63,0.504,0,0.0,359,0.40382452193475815,89,0.10011248593925759,441,0.49606299212598426,62,0.496,0.0
retrospective_cycle25,gru,rolling_90d,0.1,False,2023-04,832,828,4,769,0.9242788461538461,1.5408653846153846,382,0.45913461538461536,0.1649214659685864,765,0.9239130434782609,4,1.0,0,0.0,319,0.38341346153846156,63,0.07572115384615384,450,0.5408653846153846,0,0.0,0.0
retrospective_cycle25,gru,rolling_90d,0.1,False,2023-05,713,532,181,593,0.8316970546984572,1.582047685834502,298,0.4179523141654979,0.40268456375838924,435,0.8176691729323309,158,0.8729281767955801,0,0.0,131,0.18373071528751753,167,0.23422159887798036,415,0.5820476858345021,23,0.1270718232044199,0.0
retrospective_cycle25,gru,rolling_90d,0.1,False,2023-06,1013,934,79,907,0.8953603158933859,1.6870681145113524,317,0.3129318854886476,0.334384858044164,830,0.8886509635974305,77,0.9746835443037974,0,0.0,193,0.19052319842053306,124,0.12240868706811452,696,0.6870681145113524,2,0.02531645569620253,0.0
retrospective_cycle25,gru,rolling_90d,0.1,False,2023-07,627,458,169,604,0.9633173843700159,1.7639553429027113,148,0.23604465709728867,0.1554054054054054,435,0.9497816593886463,169,1.0,0,0.0,59,0.09409888357256778,89,0.1419457735247209,479,0.7639553429027113,0,0.0,0.0
retrospective_cycle25,gru,rolling_90d,0.1,False,2023-08,695,629,66,638,0.9179856115107914,1.4661870503597123,371,0.5338129496402878,0.15363881401617252,576,0.9157392686804452,62,0.9393939393939394,0,0.0,307,0.441726618705036,64,0.0920863309352518,324,0.46618705035971225,4,0.06060606060606061,0.0
retrospective_cycle25,gru,rolling_90d,0.1,False,2023-09,922,806,116,814,0.8828633405639913,1.3091106290672452,637,0.6908893709327549,0.1695447409733124,715,0.8870967741935484,99,0.853448275862069,0,0.0,465,0.5043383947939263,172,0.18655097613882862,285,0.3091106290672451,17,0.14655172413793102,0.0
retrospective_cycle25,gru,rolling_90d,0.1,False,2023-10,746,705,41,690,0.9249329758713136,1.4436997319034852,415,0.5563002680965148,0.13493975903614458,649,0.9205673758865248,41,1.0,0,0.0,320,0.4289544235924933,95,0.12734584450402145,331,0.4436997319034853,0,0.0,0.0
retrospective_cycle25,gru,rolling_90d,0.1,False,2023-11,822,742,80,743,0.9038929440389294,1.2725060827250607,598,0.7274939172749392,0.13210702341137123,663,0.8935309973045822,80,1.0,0,0.0,449,0.5462287104622872,149,0.18126520681265207,224,0.2725060827250608,0,0.0,0.0
retrospective_cycle25,gru,rolling_90d,0.1,False,2023-12,587,544,43,522,0.889267461669506,1.272572402044293,427,0.727427597955707,0.1522248243559719,489,0.8988970588235294,33,0.7674418604651163,0,0.0,370,0.6303236797274276,57,0.09710391822827939,160,0.272572402044293,10,0.23255813953488372,0.02555366269165247
retrospective_cycle25,gru,rolling_90d,0.1,False,2024-01,634,612,22,566,0.8927444794952681,1.162460567823344,531,0.8375394321766562,0.128060263653484,544,0.8888888888888888,22,1.0,0,0.0,445,0.7018927444794952,86,0.13564668769716087,103,0.16246056782334384,0,0.0,0.0
retrospective_cycle25,gru,rolling_90d,0.1,False,2024-02,714,567,147,672,0.9411764705882353,1.2142857142857142,561,0.7857142857142857,0.0748663101604278,534,0.9417989417989417,138,0.9387755102040817,0,0.0,432,0.6050420168067226,129,0.18067226890756302,153,0.21428571428571427,9,0.061224489795918366,0.0
retrospective_cycle25,gru,rolling_90d,0.1,False,2024-03,646,537,109,640,0.9907120743034056,1.1222910216718267,567,0.8777089783281734,0.010582010582010581,531,0.9888268156424581,109,1.0,0,0.0,471,0.7291021671826625,96,0.14860681114551083,79,0.12229102167182662,0,0.0,0.0
retrospective_cycle25,gru,rolling_90d,0.1,False,2024-04,644,569,75,590,0.9161490683229814,1.0232919254658386,629,0.9767080745341615,0.08585055643879173,541,0.9507908611599297,49,0.6533333333333333,0,0.0,556,0.8633540372670807,73,0.11335403726708075,15,0.023291925465838508,26,0.3466666666666667,0.0
retrospective_cycle25,gru,rolling_90d,0.1,False,2024-05,504,470,34,381,0.7559523809523809,1.0734126984126984,467,0.9265873015873016,0.2633832976445396,347,0.7382978723404255,34,1.0,0,0.0,310,0.6150793650793651,157,0.3115079365079365,37,0.07341269841269842,0,0.0,0.0
retrospective_cycle25,gru,rolling_90d,0.1,False,2024-06,954,783,171,811,0.850104821802935,1.2316561844863732,733,0.7683438155136268,0.19508867667121418,642,0.8199233716475096,169,0.9883040935672515,0,0.0,440,0.4612159329140461,293,0.30712788259958074,221,0.23165618448637318,2,0.011695906432748537,0.0
retrospective_cycle25,gru,rolling_90d,0.1,False,2024-07,461,296,165,353,0.7657266811279827,1.1279826464208242,402,0.8720173535791758,0.26865671641791045,228,0.7702702702702703,125,0.7575757575757576,0,0.0,219,0.4750542299349241,183,0.3969631236442516,59,0.1279826464208243,40,0.24242424242424243,0.0
retrospective_cycle25,gru,rolling_90d,0.1,False,2024-08,709,535,174,566,0.7983074753173484,1.1946403385049364,571,0.8053596614950634,0.2504378283712785,396,0.7401869158878505,170,0.9770114942528736,0,0.0,275,0.38787023977433005,296,0.41748942172073344,138,0.19464033850493653,4,0.022988505747126436,0.0
retrospective_cycle25,gru,rolling_90d,0.1,False,2024-09,550,495,55,465,0.8454545454545455,1.2745454545454546,399,0.7254545454545455,0.21303258145363407,416,0.8404040404040404,49,0.8909090909090909,0,0.0,291,0.5290909090909091,108,0.19636363636363635,151,0.27454545454545454,6,0.10909090909090909,0.0
retrospective_cycle25,gru,rolling_90d,0.1,False,2024-10,545,408,137,504,0.9247706422018349,1.4238532110091744,314,0.5761467889908257,0.1305732484076433,382,0.9362745098039216,122,0.8905109489051095,0,0.0,263,0.48256880733944957,51,0.09357798165137615,231,0.42385321100917434,15,0.10948905109489052,0.0
retrospective_cycle25,gru,rolling_90d,0.1,False,2024-11,345,229,116,300,0.8695652173913043,1.228985507246377,266,0.7710144927536232,0.16917293233082706,188,0.8209606986899564,112,0.9655172413793104,0,0.0,140,0.4057971014492754,126,0.3652173913043478,79,0.2289855072463768,4,0.034482758620689655,0.0
retrospective_cycle25,gru,rolling_90d,0.1,False,2024-12,366,312,54,314,0.8579234972677595,1.2076502732240437,290,0.7923497267759563,0.1793103448275862,284,0.9102564102564102,30,0.5555555555555556,0,0.0,261,0.7131147540983607,29,0.07923497267759563,76,0.20765027322404372,24,0.4444444444444444,0.0
retrospective_cycle25,gru,rolling_90d,0.1,False,2025-01,701,651,50,698,0.9957203994293866,1.2838801711840229,502,0.7161198288159771,0.00597609561752988,651,1.0,47,0.94,0,0.0,481,0.6861626248216833,21,0.029957203994293864,199,0.2838801711840228,3,0.06,0.0
retrospective_cycle25,gru,rolling_90d,0.1,False,2025-02,517,469,48,424,0.8201160541586073,1.1315280464216635,449,0.8684719535783365,0.2071269487750557,378,0.8059701492537313,46,0.9583333333333334,0,0.0,326,0.6305609284332688,123,0.2379110251450677,68,0.13152804642166344,2,0.041666666666666664,0.0
retrospective_cycle25,gru,rolling_90d,0.1,False,2025-03,781,732,49,661,0.8463508322663252,1.145966709346991,667,0.8540332906530089,0.17991004497751126,621,0.8483606557377049,40,0.8163265306122449,0,0.0,544,0.6965428937259923,123,0.15749039692701663,114,0.14596670934699105,9,0.1836734693877551,0.0
retrospective_cycle25,gru,rolling_90d,0.1,False,2025-04,841,764,77,801,0.9524375743162902,1.1664684898929845,701,0.8335315101070154,0.05706134094151213,744,0.9738219895287958,57,0.7402597402597403,0,0.0,663,0.7883472057074911,38,0.04518430439952437,140,0.16646848989298454,20,0.2597402597402597,0.0
retrospective_cycle25,gru,rolling_90d,0.1,False,2025-05,840,750,90,794,0.9452380952380952,1.1666666666666667,700,0.8333333333333334,0.06571428571428571,715,0.9533333333333334,79,0.8777777777777778,0,0.0,637,0.7583333333333333,63,0.075,140,0.16666666666666666,11,0.12222222222222222,0.0
retrospective_cycle25,gru,rolling_90d,0.1,False,2025-06,599,546,53,481,0.8030050083472454,1.1101836393989983,533,0.8898163606010017,0.22138836772983114,428,0.7838827838827839,53,1.0,0,0.0,380,0.6343906510851419,153,0.25542570951585974,66,0.11018363939899833,0,0.0,0.0
retrospective_cycle25,gru,rolling_90d,0.1,False,2025-07,527,527,0,491,0.9316888045540797,1.333965844402277,351,0.6660341555977229,0.10256410256410256,491,0.9316888045540797,0,,0,0.0,315,0.5977229601518027,36,0.0683111954459203,176,0.33396584440227706,0,,0.17647058823529413
retrospective_cycle25,gru,rolling_90d,0.1,False,2025-08,424,413,11,355,0.8372641509433962,1.8372641509433962,69,0.16273584905660377,1.0,344,0.8329297820823245,11,1.0,0,0.0,0,0.0,69,0.16273584905660377,355,0.8372641509433962,0,0.0,1.0
retrospective_cycle25,gru,rolling_90d,0.1,False,2025-09,604,497,107,583,0.9652317880794702,1.8824503311258278,71,0.11754966887417219,0.29577464788732394,476,0.9577464788732394,107,1.0,0,0.0,43,0.07119205298013245,28,0.046357615894039736,533,0.8824503311258278,0,0.0,0.9288079470198676
retrospective_cycle25,gru,rolling_90d,0.1,False,2025-10,837,754,83,790,0.9438470728793309,1.162485065710872,701,0.8375149342891278,0.06704707560627675,717,0.9509283819628647,73,0.8795180722891566,0,0.0,604,0.7216248506571087,97,0.11589008363201912,136,0.16248506571087215,10,0.12048192771084337,0.0
retrospective_cycle25,gru,rolling_90d,0.1,False,2025-11,414,414,0,353,0.8526570048309179,1.2342995169082125,317,0.7657004830917874,0.19242902208201892,353,0.8526570048309179,0,,0,0.0,256,0.6183574879227053,61,0.1473429951690821,97,0.23429951690821257,0,,0.0
retrospective_cycle25,gru,rolling_90d,0.1,False,2025-12,488,424,64,439,0.8995901639344263,1.1475409836065573,416,0.8524590163934426,0.11778846153846154,375,0.8844339622641509,64,1.0,0,0.0,304,0.6229508196721312,112,0.22950819672131148,72,0.14754098360655737,0,0.0,0.0
retrospective_cycle25,gru,rolling_180d,0.1,True,2021-01,142,142,0,142,1.0,2.0,0,0.0,,142,1.0,0,,0,0.0,0,0.0,0,0.0,142,1.0,0,,1.0
retrospective_cycle25,gru,rolling_180d,0.1,True,2021-02,137,137,0,98,0.7153284671532847,1.7153284671532847,39,0.2846715328467153,1.0,98,0.7153284671532847,0,,0,0.0,0,0.0,39,0.2846715328467153,98,0.7153284671532847,0,,1.0
retrospective_cycle25,gru,rolling_180d,0.1,True,2021-03,390,390,0,390,1.0,2.0,0,0.0,,390,1.0,0,,0,0.0,0,0.0,0,0.0,390,1.0,0,,1.0
retrospective_cycle25,gru,rolling_180d,0.1,True,2021-04,212,208,4,126,0.5943396226415094,1.5754716981132075,90,0.42452830188679247,0.9555555555555556,122,0.5865384615384616,4,1.0,0,0.0,0,0.0,90,0.42452830188679247,122,0.5754716981132075,0,0.0,1.0
retrospective_cycle25,gru,rolling_180d,0.1,True,2021-05,247,230,17,208,0.8421052631578947,1.7813765182186234,54,0.21862348178137653,0.7222222222222222,191,0.8304347826086956,17,1.0,0,0.0,0,0.0,54,0.21862348178137653,193,0.7813765182186235,0,0.0,1.0
retrospective_cycle25,gru,rolling_180d,0.1,True,2021-06,270,270,0,234,0.8666666666666667,1.8666666666666667,36,0.13333333333333333,1.0,234,0.8666666666666667,0,,0,0.0,0,0.0,36,0.13333333333333333,234,0.8666666666666667,0,,1.0
retrospective_cycle25,gru,rolling_180d,0.1,True,2021-07,572,572,0,540,0.9440559440559441,1.944055944055944,32,0.055944055944055944,1.0,540,0.9440559440559441,0,,0,0.0,0,0.0,32,0.055944055944055944,540,0.9440559440559441,0,,1.0
retrospective_cycle25,gru,rolling_180d,0.1,True,2021-08,343,313,30,299,0.8717201166180758,1.784256559766764,74,0.21574344023323616,0.5945945945945946,269,0.8594249201277955,30,1.0,0,0.0,0,0.0,74,0.21574344023323616,269,0.7842565597667639,0,0.0,1.0
retrospective_cycle25,gru,rolling_180d,0.1,True,2021-09,521,519,2,392,0.7523992322456814,1.748560460652591,131,0.2514395393474088,0.9847328244274809,390,0.7514450867052023,2,1.0,0,0.0,0,0.0,131,0.2514395393474088,390,0.7485604606525912,0,0.0,1.0
retrospective_cycle25,gru,rolling_180d,0.1,True,2021-10,289,212,77,276,0.9550173010380623,1.7024221453287198,86,0.2975778546712803,0.1511627906976744,199,0.9386792452830188,77,1.0,0,0.0,0,0.0,86,0.2975778546712803,203,0.7024221453287197,0,0.0,0.9619377162629758
retrospective_cycle25,gru,rolling_180d,0.1,True,2021-11,381,365,16,364,0.9553805774278216,0.9816272965879265,374,0.9816272965879265,0.026737967914438502,348,0.9534246575342465,16,1.0,7,0.01837270341207349,348,0.9133858267716536,26,0.06824146981627296,0,0.0,0,0.0,0.0
retrospective_cycle25,gru,rolling_180d,0.1,True,2021-12,847,805,42,727,0.8583234946871311,0.974025974025974,825,0.974025974025974,0.11878787878787879,717,0.8906832298136645,10,0.23809523809523808,22,0.025974025974025976,746,0.8807556080283353,79,0.09327036599763873,0,0.0,29,0.6904761904761905,0.0
retrospective_cycle25,gru,rolling_180d,0.1,True,2022-01,542,521,21,476,0.8782287822878229,1.0258302583025831,528,0.974169741697417,0.125,455,0.8733205374280231,21,1.0,0,0.0,441,0.8136531365313653,87,0.16051660516605165,14,0.025830258302583026,0,0.0,0.0
retrospective_cycle25,gru,rolling_180d,0.1,True,2022-02,431,425,6,400,0.9280742459396751,1.0348027842227379,416,0.9651972157772621,0.07451923076923077,400,0.9411764705882353,0,0.0,0,0.0,391,0.9071925754060325,25,0.058004640371229696,15,0.03480278422273782,6,1.0,0.0
retrospective_cycle25,gru,rolling_180d,0.1,True,2022-03,872,736,136,762,0.8738532110091743,1.0538990825688073,825,0.9461009174311926,0.13333333333333333,686,0.9320652173913043,76,0.5588235294117647,0,0.0,716,0.8211009174311926,109,0.125,47,0.05389908256880734,60,0.4411764705882353,0.0
retrospective_cycle25,gru,rolling_180d,0.1,True,2022-04,548,506,42,469,0.8558394160583942,1.0894160583941606,499,0.9105839416058394,0.15831663326653306,427,0.8438735177865613,42,1.0,0,0.0,381,0.6952554744525548,118,0.21532846715328466,49,0.08941605839416059,0,0.0,0.0
retrospective_cycle25,gru,rolling_180d,0.1,True,2022-05,831,724,107,705,0.8483754512635379,1.1805054151624548,681,0.8194945848375451,0.18502202643171806,630,0.8701657458563536,75,0.7009345794392523,0,0.0,546,0.6570397111913358,135,0.1624548736462094,150,0.18050541516245489,32,0.29906542056074764,0.0
retrospective_cycle25,gru,rolling_180d,0.1,True,2022-06,582,540,42,513,0.8814432989690721,1.3762886597938144,363,0.6237113402061856,0.19008264462809918,471,0.8722222222222222,42,1.0,0,0.0,264,0.4536082474226804,99,0.17010309278350516,219,0.37628865979381443,0,0.0,0.0
retrospective_cycle25,gru,rolling_180d,0.1,True,2022-07,829,801,28,734,0.8854041013268998,1.4125452352231604,487,0.5874547647768396,0.19507186858316222,706,0.8813982521847691,28,1.0,0,0.0,378,0.4559710494571773,109,0.13148371531966224,342,0.41254523522316044,0,0.0,0.0
retrospective_cycle25,gru,rolling_180d,0.1,True,2022-08,519,457,62,437,0.8420038535645472,1.416184971098266,303,0.5838150289017341,0.2706270627062706,400,0.87527352297593,37,0.5967741935483871,0,0.0,223,0.4296724470134875,80,0.15414258188824662,216,0.4161849710982659,25,0.4032258064516129,0.0
retrospective_cycle25,gru,rolling_180d,0.1,True,2022-09,534,470,64,501,0.9382022471910112,1.7397003745318351,139,0.2602996254681648,0.23741007194244604,437,0.9297872340425531,64,1.0,0,0.0,75,0.1404494382022472,64,0.1198501872659176,395,0.7397003745318352,0,0.0,0.0
retrospective_cycle25,gru,rolling_180d,0.1,True,2022-10,598,551,47,571,0.9548494983277592,1.6588628762541806,204,0.3411371237458194,0.1323529411764706,524,0.9509981851179673,47,1.0,0,0.0,143,0.2391304347826087,61,0.1020066889632107,394,0.6588628762541806,0,0.0,0.0
retrospective_cycle25,gru,rolling_180d,0.1,True,2022-11,608,565,43,544,0.8947368421052632,1.5855263157894737,252,0.4144736842105263,0.25396825396825395,506,0.8955752212389381,38,0.8837209302325582,0,0.0,180,0.29605263157894735,72,0.11842105263157894,356,0.5855263157894737,5,0.11627906976744186,0.0
retrospective_cycle25,gru,rolling_180d,0.1,True,2022-12,745,636,109,615,0.825503355704698,1.6335570469798657,273,0.36644295302013424,0.47619047619047616,508,0.7987421383647799,107,0.981651376146789,0,0.0,121,0.16241610738255033,152,0.2040268456375839,472,0.6335570469798658,2,0.01834862385321101,0.0
retrospective_cycle25,gru,rolling_180d,0.1,True,2023-01,717,630,87,590,0.8228730822873083,1.511854951185495,350,0.4881450488145049,0.3628571428571429,503,0.7984126984126985,87,1.0,0,0.0,155,0.21617852161785217,195,0.2719665271966527,367,0.5118549511854951,0,0.0,0.0
retrospective_cycle25,gru,rolling_180d,0.1,True,2023-02,648,565,83,549,0.8472222222222222,1.3811728395061729,401,0.6188271604938271,0.24688279301745636,482,0.8530973451327434,67,0.8072289156626506,0,0.0,275,0.4243827160493827,126,0.19444444444444445,247,0.38117283950617287,16,0.1927710843373494,0.0
retrospective_cycle25,gru,rolling_180d,0.1,True,2023-03,889,764,125,771,0.8672665916760405,1.4083239595050618,526,0.5916760404949382,0.22433460076045628,706,0.9240837696335078,65,0.52,0,0.0,420,0.47244094488188976,106,0.11923509561304838,363,0.40832395950506184,60,0.48,0.0
retrospective_cycle25,gru,rolling_180d,0.1,True,2023-04,832,828,4,764,0.9182692307692307,1.3641826923076923,529,0.6358173076923077,0.1285444234404537,760,0.9178743961352657,4,1.0,0,0.0,461,0.5540865384615384,68,0.08173076923076923,303,0.3641826923076923,0,0.0,0.0
retrospective_cycle25,gru,rolling_180d,0.1,True,2023-05,713,532,181,590,0.8274894810659187,1.4431977559607294,397,0.5568022440392707,0.30982367758186397,448,0.8421052631578947,142,0.7845303867403315,0,0.0,243,0.34081346423562414,154,0.21598877980364656,316,0.4431977559607293,39,0.2154696132596685,0.0
retrospective_cycle25,gru,rolling_180d,0.1,True,2023-06,1013,934,79,908,0.8963474827245804,1.6564659427443238,348,0.3435340572556762,0.3017241379310345,832,0.8907922912205567,76,0.9620253164556962,0,0.0,227,0.2240868706811451,121,0.1194471865745311,665,0.6564659427443238,3,0.0379746835443038,0.0
retrospective_cycle25,gru,rolling_180d,0.1,True,2023-07,627,458,169,589,0.9393939393939394,1.7097288676236044,182,0.2902711323763955,0.2087912087912088,420,0.9170305676855895,169,1.0,0,0.0,71,0.11323763955342903,111,0.17703349282296652,445,0.7097288676236044,0,0.0,0.0
retrospective_cycle25,gru,rolling_180d,0.1,True,2023-08,695,629,66,644,0.9266187050359712,1.6647482014388488,233,0.33525179856115106,0.21888412017167383,578,0.918918918918919,66,1.0,0,0.0,167,0.24028776978417266,66,0.09496402877697842,462,0.6647482014388489,0,0.0,0.0
retrospective_cycle25,gru,rolling_180d,0.1,True,2023-09,922,806,116,828,0.8980477223427332,1.4934924078091105,467,0.5065075921908894,0.2012847965738758,723,0.8970223325062034,105,0.9051724137931034,0,0.0,318,0.34490238611713664,149,0.1616052060737527,455,0.49349240780911063,11,0.09482758620689655,0.0
retrospective_cycle25,gru,rolling_180d,0.1,True,2023-10,746,705,41,703,0.9423592493297587,1.7010723860589811,223,0.29892761394101874,0.19282511210762332,662,0.9390070921985816,41,1.0,0,0.0,146,0.19571045576407506,77,0.1032171581769437,523,0.7010723860589813,0,0.0,0.0
retrospective_cycle25,gru,rolling_180d,0.1,True,2023-11,822,742,80,744,0.9051094890510949,1.3333333333333333,548,0.6666666666666666,0.14233576642335766,664,0.894878706199461,80,1.0,0,0.0,402,0.48905109489051096,146,0.17761557177615572,274,0.3333333333333333,0,0.0,0.0
retrospective_cycle25,gru,rolling_180d,0.1,True,2023-12,587,544,43,523,0.8909710391822828,1.3679727427597956,371,0.6320272572402045,0.1725067385444744,488,0.8970588235294118,35,0.813953488372093,0,0.0,313,0.5332197614991482,58,0.09880749574105621,216,0.3679727427597956,8,0.18604651162790697,0.0
retrospective_cycle25,gru,rolling_180d,0.1,True,2024-01,634,612,22,574,0.9053627760252366,1.279179810725552,457,0.7208201892744479,0.13129102844638948,552,0.9019607843137255,22,1.0,0,0.0,379,0.5977917981072555,78,0.12302839116719243,177,0.27917981072555204,0,0.0,0.0
retrospective_cycle25,gru,rolling_180d,0.1,True,2024-02,714,567,147,674,0.9439775910364145,1.2591036414565826,529,0.7408963585434174,0.07561436672967864,533,0.9400352733686067,141,0.9591836734693877,0,0.0,399,0.5588235294117647,130,0.18207282913165265,185,0.25910364145658266,6,0.04081632653061224,0.0
retrospective_cycle25,gru,rolling_180d,0.1,True,2024-03,646,537,109,642,0.9938080495356038,1.1362229102167183,558,0.8637770897832817,0.007168458781362007,533,0.9925512104283054,109,1.0,0,0.0,470,0.7275541795665634,88,0.13622291021671826,88,0.13622291021671826,0,0.0,0.0
retrospective_cycle25,gru,rolling_180d,0.1,True,2024-04,644,569,75,615,0.9549689440993789,1.1024844720496894,578,0.8975155279503105,0.050173010380622836,559,0.9824253075571178,56,0.7466666666666667,0,0.0,542,0.8416149068322981,36,0.055900621118012424,66,0.10248447204968944,19,0.25333333333333335,0.0
retrospective_cycle25,gru,rolling_180d,0.1,True,2024-05,504,470,34,432,0.8571428571428571,1.2142857142857142,396,0.7857142857142857,0.18181818181818182,398,0.8468085106382979,34,1.0,0,0.0,290,0.5753968253968254,106,0.21031746031746032,108,0.21428571428571427,0,0.0,0.0
retrospective_cycle25,gru,rolling_180d,0.1,True,2024-06,954,783,171,825,0.8647798742138365,1.2882599580712788,679,0.7117400419287212,0.18998527245949925,656,0.8378033205619413,169,0.9883040935672515,0,0.0,403,0.4224318658280922,276,0.2893081761006289,275,0.2882599580712788,2,0.011695906432748537,0.0
retrospective_cycle25,gru,rolling_180d,0.1,True,2024-07,461,296,165,344,0.7462039045553145,1.1019522776572668,414,0.8980477223427332,0.2826086956521739,216,0.7297297297297297,128,0.7757575757575758,0,0.0,213,0.46203904555314534,201,0.4360086767895879,47,0.1019522776572668,37,0.22424242424242424,0.0
retrospective_cycle25,gru,rolling_180d,0.1,True,2024-08,709,535,174,555,0.7827926657263752,1.1904090267983074,574,0.8095909732016925,0.2682926829268293,382,0.7140186915887851,173,0.9942528735632183,0,0.0,263,0.3709449929478138,311,0.4386459802538787,135,0.19040902679830748,1,0.005747126436781609,0.0
retrospective_cycle25,gru,rolling_180d,0.1,True,2024-09,550,495,55,438,0.7963636363636364,1.24,418,0.76,0.2679425837320574,390,0.7878787878787878,48,0.8727272727272727,0,0.0,282,0.5127272727272727,136,0.24727272727272728,132,0.24,7,0.12727272727272726,0.0
retrospective_cycle25,gru,rolling_180d,0.1,True,2024-10,545,408,137,461,0.8458715596330275,1.2660550458715596,400,0.7339449541284404,0.21,338,0.8284313725490197,123,0.8978102189781022,0,0.0,255,0.46788990825688076,145,0.26605504587155965,145,0.26605504587155965,14,0.10218978102189781,0.0
retrospective_cycle25,gru,rolling_180d,0.1,True,2024-11,345,229,116,272,0.7884057971014493,1.0753623188405796,319,0.9246376811594202,0.22884012539184953,160,0.6986899563318777,112,0.9655172413793104,0,0.0,140,0.4057971014492754,179,0.518840579710145,26,0.07536231884057971,4,0.034482758620689655,0.0
retrospective_cycle25,gru,rolling_180d,0.1,True,2024-12,366,312,54,325,0.8879781420765027,1.2404371584699454,278,0.7595628415300546,0.1474820143884892,284,0.9102564102564102,41,0.7592592592592593,0,0.0,250,0.6830601092896175,28,0.07650273224043716,88,0.24043715846994534,13,0.24074074074074073,0.0
retrospective_cycle25,gru,rolling_180d,0.1,True,2025-01,701,651,50,698,0.9957203994293866,1.3024251069900143,489,0.6975748930099858,0.006134969325153374,651,1.0,47,0.94,0,0.0,468,0.6676176890156919,21,0.029957203994293864,212,0.3024251069900143,3,0.06,0.0
retrospective_cycle25,gru,rolling_180d,0.1,True,2025-02,517,469,48,486,0.9400386847195358,1.2669245647969052,379,0.7330754352030948,0.08179419525065963,441,0.9402985074626866,45,0.9375,0,0.0,328,0.6344294003868471,51,0.09864603481624758,138,0.26692456479690524,3,0.0625,0.0
retrospective_cycle25,gru,rolling_180d,0.1,True,2025-03,781,732,49,753,0.9641485275288092,1.265044814340589,574,0.734955185659411,0.04878048780487805,708,0.9672131147540983,45,0.9183673469387755,0,0.0,541,0.6927016645326505,33,0.04225352112676056,207,0.26504481434058896,4,0.08163265306122448,0.0
retrospective_cycle25,gru,rolling_180d,0.1,True,2025-04,841,764,77,811,0.9643281807372176,1.1807372175980975,689,0.8192627824019025,0.04354136429608128,755,0.9882198952879581,56,0.7272727272727273,0,0.0,666,0.7919143876337693,23,0.027348394768133173,152,0.1807372175980975,21,0.2727272727272727,0.0
retrospective_cycle25,gru,rolling_180d,0.1,True,2025-05,840,750,90,795,0.9464285714285714,1.1654761904761906,701,0.8345238095238096,0.06419400855920114,717,0.956,78,0.8666666666666667,0,0.0,640,0.7619047619047619,61,0.07261904761904762,139,0.16547619047619047,12,0.13333333333333333,0.0
retrospective_cycle25,gru,rolling_180d,0.1,True,2025-06,599,546,53,509,0.8497495826377296,1.1569282136894825,505,0.8430717863105175,0.1782178217821782,456,0.8351648351648352,53,1.0,0,0.0,384,0.6410684474123539,121,0.2020033388981636,94,0.15692821368948248,0,0.0,0.0
retrospective_cycle25,gru,rolling_180d,0.1,True,2025-07,527,527,0,494,0.937381404174573,1.1631878557874762,441,0.8368121442125237,0.07482993197278912,494,0.937381404174573,0,,0,0.0,408,0.7741935483870968,33,0.06261859582542695,86,0.16318785578747627,0,,0.0
retrospective_cycle25,gru,rolling_180d,0.1,True,2025-08,424,413,11,355,0.8372641509433962,1.2122641509433962,334,0.7877358490566038,0.20658682634730538,344,0.8329297820823245,11,1.0,0,0.0,265,0.625,69,0.16273584905660377,90,0.21226415094339623,0,0.0,0.0
retrospective_cycle25,gru,rolling_180d,0.1,True,2025-09,604,497,107,557,0.9221854304635762,1.3162251655629138,413,0.6837748344370861,0.11380145278450363,463,0.93158953722334,94,0.8785046728971962,0,0.0,354,0.5860927152317881,59,0.09768211920529801,191,0.3162251655629139,13,0.12149532710280374,0.0
retrospective_cycle25,gru,rolling_180d,0.1,True,2025-10,837,754,83,787,0.94026284348865,1.125448028673835,732,0.8745519713261649,0.06830601092896176,714,0.946949602122016,73,0.8795180722891566,0,0.0,632,0.7550776583034647,100,0.11947431302270012,105,0.12544802867383512,10,0.12048192771084337,0.0
retrospective_cycle25,gru,rolling_180d,0.1,True,2025-11,414,414,0,360,0.8695652173913043,1.1545893719806763,350,0.8454106280193237,0.15428571428571428,360,0.8695652173913043,0,,0,0.0,296,0.714975845410628,54,0.13043478260869565,64,0.15458937198067632,0,,0.0
retrospective_cycle25,gru,rolling_180d,0.1,True,2025-12,488,424,64,448,0.9180327868852459,1.1270491803278688,426,0.8729508196721312,0.09389671361502347,384,0.9056603773584906,64,1.0,0,0.0,336,0.6885245901639344,90,0.18442622950819673,62,0.12704918032786885,0,0.0,0.0
retrospective_cycle25,gru,rolling_365d,0.1,False,2021-01,142,142,0,142,1.0,2.0,0,0.0,,142,1.0,0,,0,0.0,0,0.0,0,0.0,142,1.0,0,,1.0
retrospective_cycle25,gru,rolling_365d,0.1,False,2021-02,137,137,0,98,0.7153284671532847,1.7153284671532847,39,0.2846715328467153,1.0,98,0.7153284671532847,0,,0,0.0,0,0.0,39,0.2846715328467153,98,0.7153284671532847,0,,1.0
retrospective_cycle25,gru,rolling_365d,0.1,False,2021-03,390,390,0,390,1.0,2.0,0,0.0,,390,1.0,0,,0,0.0,0,0.0,0,0.0,390,1.0,0,,1.0
retrospective_cycle25,gru,rolling_365d,0.1,False,2021-04,212,208,4,126,0.5943396226415094,1.5754716981132075,90,0.42452830188679247,0.9555555555555556,122,0.5865384615384616,4,1.0,0,0.0,0,0.0,90,0.42452830188679247,122,0.5754716981132075,0,0.0,1.0
retrospective_cycle25,gru,rolling_365d,0.1,False,2021-05,247,230,17,208,0.8421052631578947,1.7813765182186234,54,0.21862348178137653,0.7222222222222222,191,0.8304347826086956,17,1.0,0,0.0,0,0.0,54,0.21862348178137653,193,0.7813765182186235,0,0.0,1.0
retrospective_cycle25,gru,rolling_365d,0.1,False,2021-06,270,270,0,234,0.8666666666666667,1.8666666666666667,36,0.13333333333333333,1.0,234,0.8666666666666667,0,,0,0.0,0,0.0,36,0.13333333333333333,234,0.8666666666666667,0,,1.0
retrospective_cycle25,gru,rolling_365d,0.1,False,2021-07,572,572,0,540,0.9440559440559441,1.944055944055944,32,0.055944055944055944,1.0,540,0.9440559440559441,0,,0,0.0,0,0.0,32,0.055944055944055944,540,0.9440559440559441,0,,1.0
retrospective_cycle25,gru,rolling_365d,0.1,False,2021-08,343,313,30,300,0.8746355685131195,1.7871720116618075,73,0.21282798833819241,0.589041095890411,270,0.8626198083067093,30,1.0,0,0.0,0,0.0,73,0.21282798833819241,270,0.7871720116618076,0,0.0,1.0
retrospective_cycle25,gru,rolling_365d,0.1,False,2021-09,521,519,2,377,0.7236084452975048,1.7197696737044146,146,0.2802303262955854,0.9863013698630136,375,0.7225433526011561,2,1.0,0,0.0,0,0.0,146,0.2802303262955854,375,0.7197696737044146,0,0.0,1.0
retrospective_cycle25,gru,rolling_365d,0.1,False,2021-10,289,212,77,272,0.9411764705882353,1.4186851211072664,168,0.5813148788927336,0.10119047619047619,195,0.9198113207547169,77,1.0,0,0.0,76,0.2629757785467128,92,0.31833910034602075,121,0.4186851211072664,0,0.0,0.5086505190311419
retrospective_cycle25,gru,rolling_365d,0.1,False,2021-11,381,365,16,357,0.937007874015748,0.994750656167979,379,0.994750656167979,0.05804749340369393,341,0.9342465753424658,16,1.0,2,0.005249343832020997,341,0.89501312335958,38,0.09973753280839895,0,0.0,0,0.0,0.0
retrospective_cycle25,gru,rolling_365d,0.1,False,2021-12,847,805,42,725,0.8559622195985832,0.987012987012987,836,0.987012987012987,0.13277511961722488,703,0.8732919254658386,22,0.5238095238095238,11,0.012987012987012988,721,0.8512396694214877,115,0.1357733175914994,0,0.0,18,0.42857142857142855,0.0
retrospective_cycle25,gru,rolling_365d,0.1,False,2022-01,542,521,21,470,0.8671586715867159,1.0276752767527675,527,0.9723247232472325,0.1366223908918406,449,0.8618042226487524,21,1.0,0,0.0,434,0.8007380073800738,93,0.17158671586715868,15,0.027675276752767528,0,0.0,0.0
retrospective_cycle25,gru,rolling_365d,0.1,False,2022-02,431,425,6,393,0.9118329466357309,1.025522041763341,420,0.974477958236659,0.09047619047619047,393,0.9247058823529412,0,0.0,0,0.0,388,0.9002320185614849,32,0.07424593967517401,11,0.025522041763341066,6,1.0,0.0
retrospective_cycle25,gru,rolling_365d,0.1,False,2022-03,872,736,136,761,0.8727064220183486,1.05848623853211,821,0.9415137614678899,0.13520097442143728,683,0.9279891304347826,78,0.5735294117647058,0,0.0,708,0.8119266055045872,113,0.12958715596330275,51,0.058486238532110095,58,0.4264705882352941,0.0
retrospective_cycle25,gru,rolling_365d,0.1,False,2022-04,548,506,42,473,0.8631386861313869,1.0784671532846715,505,0.9215328467153284,0.1485148514851485,431,0.8517786561264822,42,1.0,0,0.0,397,0.7244525547445255,108,0.19708029197080293,43,0.07846715328467153,0,0.0,0.0
retrospective_cycle25,gru,rolling_365d,0.1,False,2022-05,831,724,107,701,0.8435619735258725,1.1287605294825511,724,0.8712394705174489,0.17955801104972377,631,0.8715469613259669,70,0.6542056074766355,0,0.0,591,0.7111913357400722,133,0.16004813477737664,107,0.12876052948255115,37,0.34579439252336447,0.0
retrospective_cycle25,gru,rolling_365d,0.1,False,2022-06,582,540,42,506,0.8694158075601375,1.3213058419243986,395,0.6786941580756014,0.19240506329113924,464,0.8592592592592593,42,1.0,0,0.0,289,0.4965635738831615,106,0.18213058419243985,187,0.32130584192439865,0,0.0,0.0
retrospective_cycle25,gru,rolling_365d,0.1,False,2022-07,829,801,28,732,0.8829915560916767,1.3546441495778045,535,0.6453558504221955,0.18130841121495328,704,0.8789013732833958,28,1.0,0,0.0,422,0.5090470446320868,113,0.13630880579010857,294,0.3546441495778046,0,0.0,0.0
retrospective_cycle25,gru,rolling_365d,0.1,False,2022-08,519,457,62,433,0.8342967244701349,1.3737957610789981,325,0.626204238921002,0.26461538461538464,397,0.8687089715536105,36,0.5806451612903226,0,0.0,242,0.4662813102119461,83,0.1599229287090559,194,0.3737957610789981,26,0.41935483870967744,0.0
retrospective_cycle25,gru,rolling_365d,0.1,False,2022-09,534,470,64,464,0.8689138576779026,1.6086142322097379,209,0.3913857677902622,0.3349282296650718,400,0.851063829787234,64,1.0,0,0.0,106,0.19850187265917604,103,0.19288389513108614,325,0.6086142322097379,0,0.0,0.0
retrospective_cycle25,gru,rolling_365d,0.1,False,2022-10,598,551,47,567,0.9481605351170569,1.4581939799331103,324,0.5418060200668896,0.09567901234567901,520,0.9437386569872959,47,1.0,0,0.0,256,0.4280936454849498,68,0.11371237458193979,274,0.45819397993311034,0,0.0,0.0
retrospective_cycle25,gru,rolling_365d,0.1,False,2022-11,608,565,43,537,0.8832236842105263,1.356907894736842,391,0.6430921052631579,0.1815856777493606,502,0.8884955752212389,35,0.813953488372093,0,0.0,315,0.5180921052631579,76,0.125,217,0.3569078947368421,8,0.18604651162790697,0.0
retrospective_cycle25,gru,rolling_365d,0.1,False,2022-12,745,636,109,599,0.8040268456375839,1.4604026845637583,402,0.5395973154362416,0.36318407960199006,496,0.779874213836478,103,0.944954128440367,0,0.0,230,0.3087248322147651,172,0.23087248322147652,343,0.4604026845637584,6,0.05504587155963303,0.0
retrospective_cycle25,gru,rolling_365d,0.1,False,2023-01,717,630,87,580,0.8089260808926081,1.4825662482566249,371,0.5174337517433751,0.3692722371967655,493,0.7825396825396825,87,1.0,0,0.0,159,0.2217573221757322,212,0.29567642956764295,346,0.4825662482566248,0,0.0,0.0
retrospective_cycle25,gru,rolling_365d,0.1,False,2023-02,648,565,83,540,0.8333333333333334,1.3688271604938271,409,0.6311728395061729,0.26405867970660146,462,0.8176991150442477,78,0.9397590361445783,0,0.0,262,0.404320987654321,147,0.22685185185185186,239,0.36882716049382713,5,0.060240963855421686,0.0
retrospective_cycle25,gru,rolling_365d,0.1,False,2023-03,889,764,125,775,0.8717660292463442,1.4420697412823398,496,0.5579302587176603,0.22983870967741934,700,0.9162303664921466,75,0.6,0,0.0,381,0.42857142857142855,115,0.12935883014623173,393,0.4420697412823397,50,0.4,0.0
retrospective_cycle25,gru,rolling_365d,0.1,False,2023-04,832,828,4,760,0.9134615384615384,1.3629807692307692,530,0.6370192307692307,0.13584905660377358,756,0.9130434782608695,4,1.0,0,0.0,458,0.5504807692307693,72,0.08653846153846154,302,0.3629807692307692,0,0.0,0.0
retrospective_cycle25,gru,rolling_365d,0.1,False,2023-05,713,532,181,579,0.8120617110799438,1.423562412342216,411,0.576437587657784,0.3260340632603406,436,0.8195488721804511,143,0.7900552486187845,0,0.0,242,0.3394109396914446,169,0.2370266479663394,302,0.423562412342216,38,0.20994475138121546,0.0
retrospective_cycle25,gru,rolling_365d,0.1,False,2023-06,1013,934,79,894,0.8825271470878578,1.6307996051332676,374,0.36920039486673245,0.3181818181818182,818,0.8758029978586723,76,0.9620253164556962,0,0.0,237,0.23395853899308983,137,0.13524185587364265,639,0.6307996051332675,3,0.0379746835443038,0.0
retrospective_cycle25,gru,rolling_365d,0.1,False,2023-07,627,458,169,581,0.9266347687400319,1.6586921850079746,214,0.3413078149920255,0.21495327102803738,412,0.8995633187772926,169,1.0,0,0.0,88,0.14035087719298245,126,0.20095693779904306,413,0.6586921850079744,0,0.0,0.0
retrospective_cycle25,gru,rolling_365d,0.1,False,2023-08,695,629,66,640,0.920863309352518,1.6014388489208633,277,0.3985611510791367,0.19855595667870035,574,0.9125596184419714,66,1.0,0,0.0,206,0.29640287769784174,71,0.10215827338129496,418,0.6014388489208633,0,0.0,0.0
retrospective_cycle25,gru,rolling_365d,0.1,False,2023-09,922,806,116,832,0.9023861171366594,1.4945770065075923,466,0.5054229934924078,0.19313304721030042,727,0.901985111662531,105,0.9051724137931034,0,0.0,318,0.34490238611713664,148,0.16052060737527116,456,0.4945770065075922,11,0.09482758620689655,0.0
retrospective_cycle25,gru,rolling_365d,0.1,False,2023-10,746,705,41,698,0.935656836461126,1.7211796246648794,208,0.27882037533512066,0.23076923076923078,657,0.9319148936170213,41,1.0,0,0.0,123,0.1648793565683646,85,0.11394101876675604,538,0.7211796246648794,0,0.0,0.0
retrospective_cycle25,gru,rolling_365d,0.1,False,2023-11,822,742,80,758,0.9221411192214112,1.4841849148418491,424,0.5158150851581509,0.1509433962264151,678,0.9137466307277629,80,1.0,0,0.0,297,0.3613138686131387,127,0.15450121654501217,398,0.48418491484184917,0,0.0,0.0
retrospective_cycle25,gru,rolling_365d,0.1,False,2023-12,587,544,43,536,0.9131175468483816,1.5383304940374787,271,0.4616695059625213,0.1881918819188192,493,0.90625,43,1.0,0,0.0,218,0.37137989778534924,53,0.09028960817717206,316,0.5383304940374787,0,0.0,0.0
retrospective_cycle25,gru,rolling_365d,0.1,False,2024-01,634,612,22,586,0.9242902208201893,1.5630914826498423,277,0.43690851735015773,0.17328519855595667,564,0.9215686274509803,22,1.0,0,0.0,211,0.33280757097791797,66,0.10410094637223975,357,0.5630914826498423,0,0.0,0.0
retrospective_cycle25,gru,rolling_365d,0.1,False,2024-02,714,567,147,682,0.9551820728291317,1.5070028011204482,352,0.49299719887955185,0.09090909090909091,536,0.9453262786596119,146,0.9931972789115646,0,0.0,225,0.31512605042016806,127,0.17787114845938376,362,0.5070028011204482,1,0.006802721088435374,0.0
retrospective_cycle25,gru,rolling_365d,0.1,False,2024-03,646,537,109,642,0.9938080495356038,1.2476780185758514,486,0.7523219814241486,0.00823045267489712,533,0.9925512104283054,109,1.0,0,0.0,400,0.6191950464396285,86,0.13312693498452013,160,0.2476780185758514,0,0.0,0.0
retrospective_cycle25,gru,rolling_365d,0.1,False,2024-04,644,569,75,632,0.9813664596273292,1.2686335403726707,471,0.7313664596273292,0.025477707006369428,563,0.9894551845342706,69,0.92,0,0.0,450,0.6987577639751553,21,0.03260869565217391,173,0.2686335403726708,6,0.08,0.0
retrospective_cycle25,gru,rolling_365d,0.1,False,2024-05,504,470,34,451,0.8948412698412699,1.3392857142857142,333,0.6607142857142857,0.15915915915915915,417,0.8872340425531915,34,1.0,0,0.0,246,0.4880952380952381,87,0.17261904761904762,171,0.3392857142857143,0,0.0,0.0
retrospective_cycle25,gru,rolling_365d,0.1,False,2024-06,954,783,171,893,0.9360587002096437,1.419287211740042,554,0.5807127882599581,0.11010830324909747,722,0.9220945083014048,171,1.0,0,0.0,355,0.3721174004192872,199,0.20859538784067086,400,0.4192872117400419,0,0.0,0.0
retrospective_cycle25,gru,rolling_365d,0.1,False,2024-07,461,296,165,369,0.8004338394793926,1.229934924078091,355,0.7700650759219089,0.2591549295774648,233,0.7871621621621622,136,0.8242424242424242,0,0.0,177,0.3839479392624729,178,0.38611713665943603,106,0.2299349240780911,29,0.17575757575757575,0.0
retrospective_cycle25,gru,rolling_365d,0.1,False,2024-08,709,535,174,567,0.7997179125528914,1.304654442877292,493,0.6953455571227081,0.2880324543610548,393,0.7345794392523365,174,1.0,0,0.0,194,0.2736248236953456,299,0.4217207334273625,216,0.304654442877292,0,0.0,0.0
retrospective_cycle25,gru,rolling_365d,0.1,False,2024-09,550,495,55,435,0.7909090909090909,1.26,407,0.74,0.28255528255528256,386,0.7797979797979798,49,0.8909090909090909,0,0.0,265,0.4818181818181818,142,0.2581818181818182,143,0.26,6,0.10909090909090909,0.0
retrospective_cycle25,gru,rolling_365d,0.1,False,2024-10,545,408,137,421,0.7724770642201835,1.1743119266055047,450,0.8256880733944955,0.27555555555555555,296,0.7254901960784313,125,0.9124087591240876,0,0.0,242,0.44403669724770645,208,0.381651376146789,95,0.1743119266055046,12,0.08759124087591241,0.0
retrospective_cycle25,gru,rolling_365d,0.1,False,2024-11,345,229,116,257,0.744927536231884,1.055072463768116,326,0.9449275362318841,0.26993865030674846,144,0.62882096069869,113,0.9741379310344828,0,0.0,129,0.3739130434782609,197,0.5710144927536231,19,0.05507246376811594,3,0.02586206896551724,0.0
retrospective_cycle25,gru,rolling_365d,0.1,False,2024-12,366,312,54,327,0.8934426229508197,1.2240437158469946,284,0.7759562841530054,0.13732394366197184,282,0.9038461538461539,45,0.8333333333333334,0,0.0,243,0.6639344262295082,41,0.11202185792349727,82,0.22404371584699453,9,0.16666666666666666,0.0
retrospective_cycle25,gru,rolling_365d,0.1,False,2025-01,701,651,50,678,0.9671897289586305,1.2353780313837375,536,0.7646219686162625,0.04291044776119403,630,0.967741935483871,48,0.96,0,0.0,477,0.6804564907275321,59,0.08416547788873038,165,0.23537803138373753,2,0.04,0.0
retrospective_cycle25,gru,rolling_365d,0.1,False,2025-02,517,469,48,458,0.8858800773694391,1.2050290135396517,411,0.7949709864603481,0.1435523114355231,412,0.8784648187633263,46,0.9583333333333334,0,0.0,327,0.632495164410058,84,0.16247582205029013,106,0.20502901353965183,2,0.041666666666666664,0.0
retrospective_cycle25,gru,rolling_365d,0.1,False,2025-03,781,732,49,729,0.9334186939820742,1.235595390524968,597,0.764404609475032,0.08710217755443886,684,0.9344262295081968,45,0.9183673469387755,0,0.0,538,0.6888604353393086,59,0.07554417413572344,184,0.235595390524968,4,0.08163265306122448,0.0
retrospective_cycle25,gru,rolling_365d,0.1,False,2025-04,841,764,77,806,0.9583828775267539,1.183115338882283,687,0.816884661117717,0.050946142649199416,755,0.9882198952879581,51,0.6623376623376623,0,0.0,663,0.7883472057074911,24,0.028537455410225922,154,0.18311533888228299,26,0.33766233766233766,0.0
retrospective_cycle25,gru,rolling_365d,0.1,False,2025-05,840,750,90,791,0.9416666666666667,1.1523809523809523,712,0.8476190476190476,0.06882022471910113,718,0.9573333333333334,73,0.8111111111111111,0,0.0,653,0.7773809523809524,59,0.07023809523809524,128,0.1523809523809524,17,0.18888888888888888,0.0
retrospective_cycle25,gru,rolling_365d,0.1,False,2025-06,599,546,53,540,0.9015025041736227,1.2220367278797997,466,0.7779632721202003,0.12660944206008584,487,0.891941391941392,53,1.0,0,0.0,390,0.6510851419031719,76,0.12687813021702837,133,0.22203672787979967,0,0.0,0.0
retrospective_cycle25,gru,rolling_365d,0.1,False,2025-07,527,527,0,505,0.9582542694497154,1.1669829222011385,439,0.8330170777988615,0.05011389521640091,505,0.9582542694497154,0,,0,0.0,417,0.7912713472485768,22,0.04174573055028463,88,0.16698292220113853,0,,0.0
retrospective_cycle25,gru,rolling_365d,0.1,False,2025-08,424,413,11,362,0.8537735849056604,1.2146226415094339,333,0.785377358490566,0.18618618618618618,352,0.8523002421307506,10,0.9090909090909091,0,0.0,272,0.6415094339622641,61,0.14386792452830188,91,0.21462264150943397,1,0.09090909090909091,0.0
retrospective_cycle25,gru,rolling_365d,0.1,False,2025-09,604,497,107,568,0.9403973509933775,1.3625827814569536,385,0.6374172185430463,0.09350649350649351,475,0.9557344064386318,93,0.8691588785046729,0,0.0,361,0.597682119205298,24,0.039735099337748346,219,0.36258278145695366,14,0.1308411214953271,0.0
retrospective_cycle25,gru,rolling_365d,0.1,False,2025-10,837,754,83,796,0.951015531660693,1.102747909199522,751,0.8972520908004779,0.05459387483355526,724,0.9602122015915119,72,0.8674698795180723,0,0.0,671,0.8016726403823178,80,0.0955794504181601,86,0.1027479091995221,11,0.13253012048192772,0.0
retrospective_cycle25,gru,rolling_365d,0.1,False,2025-11,414,414,0,361,0.8719806763285024,1.1473429951690821,353,0.8526570048309179,0.1501416430594901,361,0.8719806763285024,0,,0,0.0,300,0.7246376811594203,53,0.1280193236714976,61,0.1473429951690821,0,,0.0
retrospective_cycle25,gru,rolling_365d,0.1,False,2025-12,488,424,64,455,0.9323770491803278,1.1372950819672132,421,0.8627049180327869,0.07838479809976247,391,0.9221698113207547,64,1.0,0,0.0,337,0.6905737704918032,84,0.1721311475409836,67,0.13729508196721313,0,0.0,0.0
retrospective_cycle25,gru,fixed_2015,0.05,False,2021-01,142,142,0,142,1.0,1.1690140845070423,118,0.8309859154929577,0.0,142,1.0,0,,0,0.0,118,0.8309859154929577,0,0.0,24,0.16901408450704225,0,,0.0
retrospective_cycle25,gru,fixed_2015,0.05,False,2021-02,137,137,0,137,1.0,1.4452554744525548,76,0.5547445255474452,0.0,137,1.0,0,,0,0.0,76,0.5547445255474452,0,0.0,61,0.44525547445255476,0,,0.0
retrospective_cycle25,gru,fixed_2015,0.05,False,2021-03,390,390,0,390,1.0,1.0256410256410255,380,0.9743589743589743,0.0,390,1.0,0,,0,0.0,380,0.9743589743589743,0,0.0,10,0.02564102564102564,0,,0.0
retrospective_cycle25,gru,fixed_2015,0.05,False,2021-04,212,208,4,202,0.9528301886792453,1.5377358490566038,98,0.46226415094339623,0.10204081632653061,198,0.9519230769230769,4,1.0,0,0.0,88,0.41509433962264153,10,0.04716981132075472,114,0.5377358490566038,0,0.0,0.0
retrospective_cycle25,gru,fixed_2015,0.05,False,2021-05,247,230,17,247,1.0,1.3967611336032388,149,0.6032388663967612,0.0,230,1.0,17,1.0,0,0.0,147,0.5951417004048583,2,0.008097165991902834,98,0.3967611336032389,0,0.0,0.0
retrospective_cycle25,gru,fixed_2015,0.05,False,2021-06,270,270,0,245,0.9074074074074074,1.3888888888888888,165,0.6111111111111112,0.15151515151515152,245,0.9074074074074074,0,,0,0.0,140,0.5185185185185185,25,0.09259259259259259,105,0.3888888888888889,0,,0.0
retrospective_cycle25,gru,fixed_2015,0.05,False,2021-07,572,572,0,540,0.9440559440559441,1.1748251748251748,472,0.8251748251748252,0.06779661016949153,540,0.9440559440559441,0,,0,0.0,440,0.7692307692307693,32,0.055944055944055944,100,0.17482517482517482,0,,0.0
retrospective_cycle25,gru,fixed_2015,0.05,False,2021-08,343,313,30,310,0.9037900874635568,1.1166180758017492,303,0.8833819241982507,0.10891089108910891,280,0.8945686900958466,30,1.0,0,0.0,240,0.6997084548104956,63,0.1836734693877551,40,0.11661807580174927,0,0.0,0.0
retrospective_cycle25,gru,fixed_2015,0.05,False,2021-09,521,519,2,465,0.8925143953934741,1.4049904030710172,310,0.5950095969289827,0.18064516129032257,463,0.8921001926782274,2,1.0,0,0.0,254,0.4875239923224568,56,0.10748560460652591,211,0.4049904030710173,0,0.0,0.0
retrospective_cycle25,gru,fixed_2015,0.05,False,2021-10,289,212,77,280,0.9688581314878892,1.453287197231834,158,0.5467128027681661,0.056962025316455694,203,0.9575471698113207,77,1.0,0,0.0,105,0.3633217993079585,53,0.18339100346020762,131,0.4532871972318339,0,0.0,0.0
retrospective_cycle25,gru,fixed_2015,0.05,False,2021-11,381,365,16,381,1.0,1.3175853018372703,260,0.6824146981627297,0.0,365,1.0,16,1.0,0,0.0,260,0.6824146981627297,0,0.0,121,0.31758530183727035,0,0.0,0.0
retrospective_cycle25,gru,fixed_2015,0.05,False,2021-12,847,805,42,810,0.9563164108618654,1.256198347107438,630,0.743801652892562,0.05873015873015873,768,0.9540372670807453,42,1.0,0,0.0,586,0.69185360094451,44,0.05194805194805195,217,0.256198347107438,0,0.0,0.0
retrospective_cycle25,gru,fixed_2015,0.05,False,2022-01,542,521,21,506,0.933579335793358,1.2767527675276753,392,0.7232472324723247,0.09183673469387756,485,0.9309021113243762,21,1.0,0,0.0,335,0.6180811808118081,57,0.10516605166051661,150,0.2767527675276753,0,0.0,0.0
retrospective_cycle25,gru,fixed_2015,0.05,False,2022-02,431,425,6,428,0.9930394431554525,1.3480278422273781,281,0.6519721577726219,0.010676156583629894,424,0.9976470588235294,4,0.6666666666666666,0,0.0,280,0.6496519721577726,1,0.002320185614849188,150,0.3480278422273782,2,0.3333333333333333,0.0
retrospective_cycle25,gru,fixed_2015,0.05,False,2022-03,872,736,136,831,0.9529816513761468,1.2694954128440368,637,0.7305045871559633,0.06436420722135008,715,0.9714673913043478,116,0.8529411764705882,0,0.0,570,0.6536697247706422,67,0.0768348623853211,235,0.2694954128440367,20,0.14705882352941177,0.0
retrospective_cycle25,gru,fixed_2015,0.05,False,2022-04,548,506,42,506,0.9233576642335767,1.2244525547445255,425,0.7755474452554745,0.0988235294117647,464,0.9169960474308301,42,1.0,0,0.0,368,0.6715328467153284,57,0.10401459854014598,123,0.22445255474452555,0,0.0,0.0
retrospective_cycle25,gru,fixed_2015,0.05,False,2022-05,831,724,107,720,0.8664259927797834,1.197352587244284,667,0.802647412755716,0.1664167916041979,647,0.893646408839779,73,0.6822429906542056,0,0.0,559,0.6726835138387485,108,0.1299638989169675,164,0.197352587244284,34,0.3177570093457944,0.0
retrospective_cycle25,gru,fixed_2015,0.05,False,2022-06,582,540,42,529,0.9089347079037801,1.3402061855670102,384,0.6597938144329897,0.13802083333333334,487,0.9018518518518519,42,1.0,0,0.0,302,0.5189003436426117,82,0.140893470790378,198,0.3402061855670103,0,0.0,0.0
retrospective_cycle25,gru,fixed_2015,0.05,False,2022-07,829,801,28,771,0.9300361881785284,1.4004825090470445,497,0.5995174909529554,0.11670020120724346,743,0.9275905118601748,28,1.0,0,0.0,432,0.5211097708082026,65,0.07840772014475271,332,0.40048250904704463,0,0.0,0.0
retrospective_cycle25,gru,fixed_2015,0.05,False,2022-08,519,457,62,458,0.882466281310212,1.416184971098266,303,0.5838150289017341,0.20132013201320131,422,0.9234135667396062,36,0.5806451612903226,0,0.0,246,0.47398843930635837,57,0.10982658959537572,216,0.4161849710982659,26,0.41935483870967744,0.0
retrospective_cycle25,gru,fixed_2015,0.05,False,2022-09,534,470,64,516,0.9662921348314607,1.6704119850187267,176,0.3295880149812734,0.10227272727272728,452,0.9617021276595744,64,1.0,0,0.0,135,0.25280898876404495,41,0.07677902621722846,358,0.6704119850187266,0,0.0,0.0
retrospective_cycle25,gru,fixed_2015,0.05,False,2022-10,598,551,47,575,0.9615384615384616,1.4364548494983278,337,0.5635451505016722,0.06824925816023739,528,0.9582577132486388,47,1.0,0,0.0,284,0.47491638795986624,53,0.08862876254180602,261,0.43645484949832775,0,0.0,0.0
retrospective_cycle25,gru,fixed_2015,0.05,False,2022-11,608,565,43,552,0.9078947368421053,1.3223684210526316,412,0.6776315789473685,0.13592233009708737,524,0.9274336283185841,28,0.6511627906976745,0,0.0,363,0.5970394736842105,49,0.0805921052631579,196,0.3223684210526316,15,0.3488372093023256,0.0
retrospective_cycle25,gru,fixed_2015,0.05,False,2022-12,745,636,109,642,0.8617449664429531,1.4738255033557046,392,0.5261744966442953,0.2627551020408163,541,0.85062893081761,101,0.926605504587156,0,0.0,279,0.374496644295302,113,0.15167785234899328,353,0.4738255033557047,8,0.07339449541284404,0.0
retrospective_cycle25,gru,fixed_2015,0.05,False,2023-01,717,630,87,612,0.8535564853556485,1.502092050209205,357,0.497907949790795,0.29411764705882354,525,0.8333333333333334,87,1.0,0,0.0,191,0.26638772663877264,166,0.2315202231520223,360,0.502092050209205,0,0.0,0.0
retrospective_cycle25,gru,fixed_2015,0.05,False,2023-02,648,565,83,558,0.8611111111111112,1.3657407407407407,411,0.6342592592592593,0.21897810218978103,482,0.8530973451327434,76,0.9156626506024096,0,0.0,285,0.4398148148148148,126,0.19444444444444445,237,0.36574074074074076,7,0.08433734939759036,0.0
retrospective_cycle25,gru,fixed_2015,0.05,False,2023-03,889,764,125,774,0.8706411698537683,1.2643419572553432,654,0.735658042744657,0.17584097859327216,706,0.9240837696335078,68,0.544,0,0.0,547,0.6152980877390326,107,0.1203599550056243,235,0.2643419572553431,57,0.456,0.0
retrospective_cycle25,gru,fixed_2015,0.05,False,2023-04,832,828,4,763,0.9170673076923077,1.3028846153846154,580,0.6971153846153846,0.11896551724137931,759,0.9166666666666666,4,1.0,0,0.0,511,0.6141826923076923,69,0.0829326923076923,252,0.30288461538461536,0,0.0,0.0
retrospective_cycle25,gru,fixed_2015,0.05,False,2023-05,713,532,181,570,0.7994389901823282,1.2945301542777,503,0.7054698457223001,0.28429423459244535,441,0.8289473684210527,129,0.712707182320442,0,0.0,339,0.47545582047685836,164,0.2300140252454418,210,0.29453015427769985,52,0.287292817679558,0.0
retrospective_cycle25,gru,fixed_2015,0.05,False,2023-06,1013,934,79,881,0.8696939782823297,1.420533070088845,587,0.579466929911155,0.22487223168654175,818,0.8758029978586723,63,0.7974683544303798,0,0.0,450,0.4442250740375123,137,0.13524185587364265,426,0.420533070088845,16,0.20253164556962025,0.0
retrospective_cycle25,gru,fixed_2015,0.05,False,2023-07,627,458,169,579,0.9234449760765551,1.5374800637958532,290,0.4625199362041467,0.16551724137931034,411,0.8973799126637555,168,0.9940828402366864,0,0.0,161,0.2567783094098884,129,0.20574162679425836,337,0.5374800637958532,1,0.005917159763313609,0.0
retrospective_cycle25,gru,fixed_2015,0.05,False,2023-08,695,629,66,629,0.9050359712230216,1.4330935251798562,394,0.5669064748201439,0.16751269035532995,567,0.9014308426073132,62,0.9393939393939394,0,0.0,316,0.4546762589928058,78,0.11223021582733812,301,0.4330935251798561,4,0.06060606060606061,0.0
retrospective_cycle25,gru,fixed_2015,0.05,False,2023-09,922,806,116,822,0.8915401301518439,1.3622559652928417,588,0.6377440347071583,0.17006802721088435,717,0.8895781637717122,105,0.9051724137931034,0,0.0,425,0.4609544468546638,163,0.17678958785249457,334,0.36225596529284165,11,0.09482758620689655,0.0
retrospective_cycle25,gru,fixed_2015,0.05,False,2023-10,746,705,41,680,0.9115281501340483,1.4852546916890081,384,0.514745308310992,0.171875,639,0.9063829787234042,41,1.0,0,0.0,279,0.3739946380697051,105,0.14075067024128687,362,0.48525469168900803,0,0.0,0.0
retrospective_cycle25,gru,fixed_2015,0.05,False,2023-11,822,742,80,743,0.9038929440389294,1.2956204379562044,579,0.7043795620437956,0.13644214162348878,663,0.8935309973045822,80,1.0,0,0.0,431,0.524330900243309,148,0.18004866180048662,243,0.2956204379562044,0,0.0,0.0
retrospective_cycle25,gru,fixed_2015,0.05,False,2023-12,587,544,43,526,0.8960817717206133,1.4293015332197614,335,0.5706984667802385,0.18208955223880596,483,0.8878676470588235,43,1.0,0,0.0,272,0.46337308347529815,63,0.10732538330494037,252,0.4293015332197615,0,0.0,0.0
retrospective_cycle25,gru,fixed_2015,0.05,False,2024-01,634,612,22,574,0.9053627760252366,1.3470031545741326,414,0.6529968454258676,0.14492753623188406,552,0.9019607843137255,22,1.0,0,0.0,336,0.5299684542586751,78,0.12302839116719243,220,0.3470031545741325,0,0.0,0.0
retrospective_cycle25,gru,fixed_2015,0.05,False,2024-02,714,567,147,676,0.9467787114845938,1.3599439775910365,457,0.6400560224089635,0.08315098468271334,533,0.9400352733686067,143,0.9727891156462585,0,0.0,326,0.4565826330532213,131,0.18347338935574228,257,0.3599439775910364,4,0.027210884353741496,0.0
retrospective_cycle25,gru,fixed_2015,0.05,False,2024-03,646,537,109,642,0.9938080495356038,1.2182662538699691,505,0.781733746130031,0.007920792079207921,533,0.9925512104283054,109,1.0,0,0.0,419,0.6486068111455109,86,0.13312693498452013,141,0.21826625386996903,0,0.0,0.0
retrospective_cycle25,gru,fixed_2015,0.05,False,2024-04,644,569,75,635,0.9860248447204969,1.3400621118012421,425,0.6599378881987578,0.021176470588235293,563,0.9894551845342706,72,0.96,0,0.0,404,0.6273291925465838,21,0.03260869565217391,219,0.34006211180124224,3,0.04,0.0
retrospective_cycle25,gru,fixed_2015,0.05,False,2024-05,504,470,34,458,0.9087301587301587,1.4761904761904763,264,0.5238095238095238,0.17424242424242425,424,0.902127659574468,34,1.0,0,0.0,184,0.36507936507936506,80,0.15873015873015872,240,0.47619047619047616,0,0.0,0.0
retrospective_cycle25,gru,fixed_2015,0.05,False,2024-06,954,783,171,908,0.9517819706498952,1.529350104821803,449,0.47064989517819705,0.10244988864142539,737,0.9412515964240102,171,1.0,0,0.0,268,0.2809224318658281,181,0.18972746331236898,505,0.5293501048218029,0,0.0,0.0
retrospective_cycle25,gru,fixed_2015,0.05,False,2024-07,461,296,165,397,0.8611713665943601,1.3796095444685466,286,0.6203904555314533,0.22377622377622378,255,0.8614864864864865,142,0.8606060606060606,0,0.0,144,0.3123644251626898,142,0.3080260303687636,175,0.3796095444685466,23,0.1393939393939394,0.0
retrospective_cycle25,gru,fixed_2015,0.05,False,2024-08,709,535,174,571,0.8053596614950634,1.385049365303244,436,0.614950634696756,0.3165137614678899,397,0.7420560747663552,174,1.0,0,0.0,143,0.2016925246826516,293,0.4132581100141044,273,0.385049365303244,0,0.0,0.0
retrospective_cycle25,gru,fixed_2015,0.05,False,2024-09,550,495,55,441,0.8018181818181818,1.3527272727272728,356,0.6472727272727272,0.3061797752808989,386,0.7797979797979798,55,1.0,0,0.0,214,0.3890909090909091,142,0.2581818181818182,194,0.3527272727272727,0,0.0,0.0
retrospective_cycle25,gru,fixed_2015,0.05,False,2024-10,545,408,137,421,0.7724770642201835,1.2201834862385321,425,0.7798165137614679,0.2917647058823529,296,0.7254901960784313,125,0.9124087591240876,0,0.0,218,0.4,207,0.3798165137614679,120,0.22018348623853212,12,0.08759124087591241,0.0
retrospective_cycle25,gru,fixed_2015,0.05,False,2024-11,345,229,116,252,0.7304347826086957,1.1188405797101448,304,0.881159420289855,0.3059210526315789,139,0.6069868995633187,113,0.9741379310344828,0,0.0,102,0.2956521739130435,202,0.5855072463768116,41,0.11884057971014493,3,0.02586206896551724,0.0
retrospective_cycle25,gru,fixed_2015,0.05,False,2024-12,366,312,54,328,0.8961748633879781,1.3169398907103824,250,0.6830601092896175,0.152,279,0.8942307692307693,49,0.9074074074074074,0,0.0,202,0.5519125683060109,48,0.13114754098360656,116,0.31693989071038253,5,0.09259259259259259,0.0
retrospective_cycle25,gru,fixed_2015,0.05,False,2025-01,701,651,50,667,0.9514978601997147,1.398002853067047,422,0.6019971469329529,0.08056872037914692,617,0.9477726574500768,50,1.0,0,0.0,342,0.48787446504992865,80,0.11412268188302425,279,0.3980028530670471,0,0.0,0.0
retrospective_cycle25,gru,fixed_2015,0.05,False,2025-02,517,469,48,446,0.8626692456479691,1.321083172147002,351,0.6789168278529981,0.2022792022792023,398,0.8486140724946695,48,1.0,0,0.0,249,0.4816247582205029,102,0.19729206963249515,166,0.32108317214700194,0,0.0,0.0
retrospective_cycle25,gru,fixed_2015,0.05,False,2025-03,781,732,49,662,0.8476312419974392,1.293213828425096,552,0.706786171574904,0.21557971014492755,613,0.837431693989071,49,1.0,0,0.0,421,0.5390524967989757,131,0.1677336747759283,229,0.293213828425096,0,0.0,0.0
retrospective_cycle25,gru,fixed_2015,0.05,False,2025-04,841,764,77,802,0.9536266349583828,1.469678953626635,446,0.5303210463733651,0.08744394618834081,730,0.9554973821989529,72,0.935064935064935,0,0.0,392,0.4661117717003567,54,0.06420927467300833,395,0.469678953626635,5,0.06493506493506493,0.0
retrospective_cycle25,gru,fixed_2015,0.05,False,2025-05,840,750,90,807,0.9607142857142857,1.286904761904762,599,0.7130952380952381,0.05509181969949917,717,0.956,90,1.0,0,0.0,538,0.6404761904761904,61,0.07261904761904762,241,0.2869047619047619,0,0.0,0.0
retrospective_cycle25,gru,fixed_2015,0.05,False,2025-06,599,546,53,526,0.8781302170283807,1.4641068447412353,321,0.5358931552587646,0.22741433021806853,473,0.8663003663003663,53,1.0,0,0.0,226,0.3772954924874791,95,0.15859766277128548,278,0.46410684474123537,0,0.0,0.0
retrospective_cycle25,gru,fixed_2015,0.05,False,2025-07,527,527,0,496,0.9411764705882353,1.4345351043643264,298,0.5654648956356736,0.1040268456375839,496,0.9411764705882353,0,,0,0.0,267,0.5066413662239089,31,0.058823529411764705,229,0.43453510436432635,0,,0.0
retrospective_cycle25,gru,fixed_2015,0.05,False,2025-08,424,413,11,355,0.8372641509433962,1.4410377358490567,237,0.5589622641509434,0.2911392405063291,344,0.8329297820823245,11,1.0,0,0.0,168,0.39622641509433965,69,0.16273584905660377,187,0.4410377358490566,0,0.0,0.0
retrospective_cycle25,gru,fixed_2015,0.05,False,2025-09,604,497,107,576,0.9536423841059603,1.4536423841059603,330,0.5463576158940397,0.08484848484848485,471,0.9476861167002012,105,0.9813084112149533,0,0.0,291,0.4817880794701987,39,0.06456953642384106,274,0.45364238410596025,2,0.018691588785046728,0.0
retrospective_cycle25,gru,fixed_2015,0.05,False,2025-10,837,754,83,795,0.9498207885304659,1.2951015531660692,590,0.7048984468339307,0.0711864406779661,720,0.9549071618037135,75,0.9036144578313253,0,0.0,499,0.5961768219832736,91,0.1087216248506571,247,0.2951015531660693,8,0.0963855421686747,0.0
retrospective_cycle25,gru,fixed_2015,0.05,False,2025-11,414,414,0,364,0.8792270531400966,1.3091787439613527,286,0.6908212560386473,0.17482517482517482,364,0.8792270531400966,0,,0,0.0,236,0.5700483091787439,50,0.12077294685990338,128,0.30917874396135264,0,,0.0
retrospective_cycle25,gru,fixed_2015,0.05,False,2025-12,488,424,64,456,0.9344262295081968,1.4323770491803278,277,0.5676229508196722,0.11552346570397112,392,0.9245283018867925,64,1.0,0,0.0,202,0.4139344262295082,75,0.15368852459016394,211,0.4323770491803279,0,0.0,0.0
retrospective_cycle25,gru,rolling_90d,0.05,False,2021-01,142,142,0,142,1.0,2.0,0,0.0,,142,1.0,0,,0,0.0,0,0.0,0,0.0,142,1.0,0,,1.0
retrospective_cycle25,gru,rolling_90d,0.05,False,2021-02,137,137,0,107,0.781021897810219,1.781021897810219,30,0.21897810218978103,1.0,107,0.781021897810219,0,,0,0.0,0,0.0,30,0.21897810218978103,107,0.781021897810219,0,,1.0
retrospective_cycle25,gru,rolling_90d,0.05,False,2021-03,390,390,0,390,1.0,2.0,0,0.0,,390,1.0,0,,0,0.0,0,0.0,0,0.0,390,1.0,0,,1.0
retrospective_cycle25,gru,rolling_90d,0.05,False,2021-04,212,208,4,162,0.7641509433962265,1.7641509433962264,50,0.2358490566037736,1.0,158,0.7596153846153846,4,1.0,0,0.0,0,0.0,50,0.2358490566037736,162,0.7641509433962265,0,0.0,1.0
retrospective_cycle25,gru,rolling_90d,0.05,False,2021-05,247,230,17,227,0.9190283400809717,1.8825910931174088,29,0.11740890688259109,0.6896551724137931,210,0.9130434782608695,17,1.0,0,0.0,0,0.0,29,0.11740890688259109,218,0.8825910931174089,0,0.0,1.0
retrospective_cycle25,gru,rolling_90d,0.05,False,2021-06,270,270,0,245,0.9074074074074074,1.9074074074074074,25,0.09259259259259259,1.0,245,0.9074074074074074,0,,0,0.0,0,0.0,25,0.09259259259259259,245,0.9074074074074074,0,,1.0
retrospective_cycle25,gru,rolling_90d,0.05,False,2021-07,572,572,0,540,0.9440559440559441,1.944055944055944,32,0.055944055944055944,1.0,540,0.9440559440559441,0,,0,0.0,0,0.0,32,0.055944055944055944,540,0.9440559440559441,0,,1.0
retrospective_cycle25,gru,rolling_90d,0.05,False,2021-08,343,313,30,323,0.9416909620991254,1.868804664723032,45,0.13119533527696792,0.4444444444444444,293,0.9361022364217252,30,1.0,0,0.0,0,0.0,45,0.13119533527696792,298,0.8688046647230321,0,0.0,1.0
retrospective_cycle25,gru,rolling_90d,0.05,False,2021-09,521,519,2,514,0.9865642994241842,1.9865642994241843,7,0.013435700575815739,1.0,512,0.9865125240847784,2,1.0,0,0.0,0,0.0,7,0.013435700575815739,514,0.9865642994241842,0,0.0,1.0
retrospective_cycle25,gru,rolling_90d,0.05,False,2021-10,289,212,77,286,0.9896193771626297,1.8754325259515572,36,0.1245674740484429,0.08333333333333333,209,0.9858490566037735,77,1.0,0,0.0,0,0.0,36,0.1245674740484429,253,0.8754325259515571,0,0.0,1.0
retrospective_cycle25,gru,rolling_90d,0.05,False,2021-11,381,365,16,381,1.0,1.2598425196850394,282,0.7401574803149606,0.0,365,1.0,16,1.0,0,0.0,282,0.7401574803149606,0,0.0,99,0.25984251968503935,0,0.0,0.25984251968503935
retrospective_cycle25,gru,rolling_90d,0.05,False,2021-12,847,805,42,776,0.9161747343565525,1.9043683589138134,81,0.09563164108618655,0.8765432098765432,734,0.9118012422360249,42,1.0,0,0.0,0,0.0,81,0.09563164108618655,766,0.9043683589138135,0,0.0,1.0
retrospective_cycle25,gru,rolling_90d,0.05,False,2022-01,542,521,21,498,0.9188191881918819,1.8800738007380073,65,0.11992619926199262,0.676923076923077,477,0.9155470249520153,21,1.0,0,0.0,0,0.0,65,0.11992619926199262,477,0.8800738007380073,0,0.0,1.0
retrospective_cycle25,gru,rolling_90d,0.05,False,2022-02,431,425,6,428,0.9930394431554525,1.9930394431554523,3,0.0069605568445475635,1.0,422,0.9929411764705882,6,1.0,0,0.0,0,0.0,3,0.0069605568445475635,428,0.9930394431554525,0,0.0,1.0
retrospective_cycle25,gru,rolling_90d,0.05,False,2022-03,872,736,136,830,0.9518348623853211,1.5137614678899083,424,0.48623853211009177,0.09905660377358491,715,0.9714673913043478,115,0.8455882352941176,0,0.0,357,0.40940366972477066,67,0.0768348623853211,448,0.5137614678899083,21,0.15441176470588236,0.41857798165137616
retrospective_cycle25,gru,rolling_90d,0.05,False,2022-04,548,506,42,495,0.9032846715328468,1.2864963503649636,391,0.7135036496350365,0.13554987212276215,453,0.8952569169960475,42,1.0,0,0.0,320,0.583941605839416,71,0.12956204379562045,157,0.2864963503649635,0,0.0,0.0
retrospective_cycle25,gru,rolling_90d,0.05,False,2022-05,831,724,107,730,0.8784596871239471,1.3790613718411553,516,0.6209386281588448,0.19573643410852712,644,0.8895027624309392,86,0.8037383177570093,0,0.0,405,0.48736462093862815,111,0.13357400722021662,315,0.37906137184115524,21,0.19626168224299065,0.0
retrospective_cycle25,gru,rolling_90d,0.05,False,2022-06,582,540,42,564,0.9690721649484536,1.7646048109965635,137,0.23539518900343642,0.13138686131386862,522,0.9666666666666667,42,1.0,0,0.0,92,0.15807560137457044,45,0.07731958762886598,445,0.7646048109965635,0,0.0,0.0
retrospective_cycle25,gru,rolling_90d,0.05,False,2022-07,829,801,28,786,0.9481302774427021,1.773220747889023,188,0.22677925211097708,0.22872340425531915,758,0.9463171036204744,28,1.0,0,0.0,143,0.17249698431845598,45,0.054282267792521106,641,0.773220747889023,0,0.0,0.0
retrospective_cycle25,gru,rolling_90d,0.05,False,2022-08,519,457,62,506,0.9749518304431599,1.699421965317919,156,0.30057803468208094,0.08333333333333333,447,0.9781181619256017,59,0.9516129032258065,0,0.0,127,0.24470134874759153,29,0.055876685934489405,363,0.6994219653179191,3,0.04838709677419355,0.3159922928709056
retrospective_cycle25,gru,rolling_90d,0.05,False,2022-09,534,470,64,529,0.9906367041198502,1.953183520599251,25,0.04681647940074907,0.2,465,0.9893617021276596,64,1.0,0,0.0,10,0.018726591760299626,15,0.028089887640449437,509,0.9531835205992509,0,0.0,0.16853932584269662
retrospective_cycle25,gru,rolling_90d,0.05,False,2022-10,598,551,47,575,0.9615384615384616,1.8227424749163879,106,0.17725752508361203,0.2169811320754717,528,0.9582577132486388,47,1.0,0,0.0,60,0.10033444816053512,46,0.07692307692307693,492,0.822742474916388,0,0.0,0.0
retrospective_cycle25,gru,rolling_90d,0.05,False,2022-11,608,565,43,564,0.9276315789473685,1.8355263157894737,100,0.16447368421052633,0.44,521,0.9221238938053097,43,1.0,0,0.0,44,0.07236842105263158,56,0.09210526315789473,508,0.8355263157894737,0,0.0,0.19572368421052633
retrospective_cycle25,gru,rolling_90d,0.05,False,2022-12,745,636,109,669,0.897986577181208,1.67248322147651,244,0.3275167785234899,0.3114754098360656,566,0.889937106918239,103,0.944954128440367,0,0.0,164,0.22013422818791947,80,0.10738255033557047,501,0.6724832214765101,6,0.05504587155963303,0.07651006711409396
retrospective_cycle25,gru,rolling_90d,0.05,False,2023-01,717,630,87,665,0.9274755927475593,1.6736401673640167,234,0.3263598326359833,0.2222222222222222,578,0.9174603174603174,87,1.0,0,0.0,141,0.19665271966527198,93,0.1297071129707113,483,0.6736401673640168,0,0.0,0.0
retrospective_cycle25,gru,rolling_90d,0.05,False,2023-02,648,565,83,584,0.9012345679012346,1.462962962962963,348,0.5370370370370371,0.1839080459770115,503,0.8902654867256637,81,0.9759036144578314,0,0.0,251,0.3873456790123457,97,0.14969135802469136,300,0.46296296296296297,2,0.024096385542168676,0.0
retrospective_cycle25,gru,rolling_90d,0.05,False,2023-03,889,764,125,812,0.9133858267716536,1.7367829021372327,234,0.26321709786276715,0.32905982905982906,741,0.9698952879581152,71,0.568,0,0.0,202,0.22722159730033745,32,0.0359955005624297,655,0.7367829021372329,54,0.432,0.0
retrospective_cycle25,gru,rolling_90d,0.05,False,2023-04,832,828,4,788,0.9471153846153846,1.8990384615384615,84,0.10096153846153846,0.5238095238095238,784,0.9468599033816425,4,1.0,0,0.0,40,0.04807692307692308,44,0.052884615384615384,748,0.8990384615384616,0,0.0,0.0
retrospective_cycle25,gru,rolling_90d,0.05,False,2023-05,713,532,181,667,0.9354838709677419,1.8078541374474053,137,0.19214586255259467,0.3357664233576642,486,0.9135338345864662,181,1.0,0,0.0,32,0.04488078541374474,105,0.14726507713884993,576,0.8078541374474053,0,0.0,0.0
retrospective_cycle25,gru,rolling_90d,0.05,False,2023-06,1013,934,79,923,0.9111549851924975,1.7482724580454096,255,0.25172754195459035,0.35294117647058826,845,0.9047109207708779,78,0.9873417721518988,0,0.0,165,0.16288252714708787,90,0.08884501480750247,758,0.7482724580454096,1,0.012658227848101266,0.0
retrospective_cycle25,gru,rolling_90d,0.05,False,2023-07,627,458,169,624,0.9952153110047847,1.8740031897926634,79,0.12599681020733652,0.0379746835443038,455,0.9934497816593887,169,1.0,0,0.0,47,0.07496012759170653,32,0.051036682615629984,548,0.8740031897926634,0,0.0,0.0
retrospective_cycle25,gru,rolling_90d,0.05,False,2023-08,695,629,66,695,1.0,1.6561151079136691,239,0.34388489208633094,0.0,629,1.0,66,1.0,0,0.0,239,0.34388489208633094,0,0.0,456,0.6561151079136691,0,0.0,0.0
retrospective_cycle25,gru,rolling_90d,0.05,False,2023-09,922,806,116,874,0.9479392624728851,1.445770065075922,511,0.5542299349240781,0.09393346379647749,772,0.9578163771712159,102,0.8793103448275862,0,0.0,439,0.4761388286334056,72,0.07809110629067245,411,0.44577006507592193,14,0.1206896551724138,0.0
retrospective_cycle25,gru,rolling_90d,0.05,False,2023-10,746,705,41,714,0.9571045576407506,1.5991957104557641,299,0.4008042895442359,0.10702341137123746,673,0.9546099290780142,41,1.0,0,0.0,238,0.3190348525469169,61,0.08176943699731903,447,0.599195710455764,0,0.0,0.0
retrospective_cycle25,gru,rolling_90d,0.05,False,2023-11,822,742,80,782,0.9513381995133819,1.5571776155717763,364,0.44282238442822386,0.10989010989010989,702,0.9460916442048517,80,1.0,0,0.0,262,0.31873479318734793,102,0.12408759124087591,458,0.5571776155717761,0,0.0,0.0
retrospective_cycle25,gru,rolling_90d,0.05,False,2023-12,587,544,43,549,0.9352640545144804,1.584327086882453,244,0.41567291311754684,0.1557377049180328,509,0.9356617647058824,40,0.9302325581395349,0,0.0,207,0.3526405451448041,37,0.06303236797274275,343,0.5843270868824532,3,0.06976744186046512,0.02555366269165247
retrospective_cycle25,gru,rolling_90d,0.05,False,2024-01,634,612,22,602,0.9495268138801262,1.3201892744479495,431,0.6798107255520505,0.07424593967517401,580,0.9477124183006536,22,1.0,0,0.0,381,0.6009463722397477,50,0.07886435331230283,203,0.32018927444794953,0,0.0,0.0
retrospective_cycle25,gru,rolling_90d,0.05,False,2024-02,714,567,147,681,0.9537815126050421,1.3235294117647058,483,0.6764705882352942,0.06832298136645963,540,0.9523809523809523,141,0.9591836734693877,0,0.0,368,0.5154061624649859,115,0.16106442577030813,231,0.3235294117647059,6,0.04081632653061224,0.0
retrospective_cycle25,gru,rolling_90d,0.05,False,2024-03,646,537,109,645,0.9984520123839009,1.1842105263157894,527,0.8157894736842105,0.0018975332068311196,536,0.9981378026070763,109,1.0,0,0.0,447,0.6919504643962848,80,0.1238390092879257,119,0.18421052631578946,0,0.0,0.0
retrospective_cycle25,gru,rolling_90d,0.05,False,2024-04,644,569,75,614,0.953416149068323,1.1350931677018634,557,0.8649068322981367,0.05385996409335727,557,0.9789103690685413,57,0.76,0,0.0,517,0.8027950310559007,40,0.062111801242236024,87,0.13509316770186336,18,0.24,0.0
retrospective_cycle25,gru,rolling_90d,0.05,False,2024-05,504,470,34,445,0.8829365079365079,1.2996031746031746,353,0.7003968253968254,0.1671388101983003,411,0.874468085106383,34,1.0,0,0.0,260,0.5158730158730159,93,0.18452380952380953,151,0.2996031746031746,0,0.0,0.0
retrospective_cycle25,gru,rolling_90d,0.05,False,2024-06,954,783,171,891,0.9339622641509434,1.4580712788259957,517,0.5419287211740041,0.1218568665377176,720,0.9195402298850575,171,1.0,0,0.0,320,0.33542976939203356,197,0.20649895178197064,437,0.4580712788259958,0,0.0,0.0
retrospective_cycle25,gru,rolling_90d,0.05,False,2024-07,461,296,165,400,0.8676789587852495,1.3752711496746204,288,0.6247288503253796,0.21180555555555555,272,0.918918918918919,128,0.7757575757575758,0,0.0,179,0.3882863340563991,109,0.23644251626898047,173,0.3752711496746204,37,0.22424242424242424,0.0
retrospective_cycle25,gru,rolling_90d,0.05,False,2024-08,709,535,174,589,0.8307475317348378,1.4231311706629055,409,0.5768688293370945,0.293398533007335,415,0.7757009345794392,174,1.0,0,0.0,143,0.2016925246826516,266,0.3751763046544429,300,0.4231311706629055,0,0.0,0.0
retrospective_cycle25,gru,rolling_90d,0.05,False,2024-09,550,495,55,504,0.9163636363636364,1.52,264,0.48,0.17424242424242425,449,0.907070707070707,55,1.0,0,0.0,205,0.37272727272727274,59,0.10727272727272727,286,0.52,0,0.0,0.0
retrospective_cycle25,gru,rolling_90d,0.05,False,2024-10,545,408,137,530,0.9724770642201835,1.5541284403669724,243,0.44587155963302755,0.06172839506172839,405,0.9926470588235294,125,0.9124087591240876,0,0.0,237,0.43486238532110094,6,0.011009174311926606,302,0.5541284403669725,12,0.08759124087591241,0.0
retrospective_cycle25,gru,rolling_90d,0.05,False,2024-11,345,229,116,325,0.9420289855072463,1.4782608695652173,180,0.5217391304347826,0.1111111111111111,212,0.925764192139738,113,0.9741379310344828,0,0.0,100,0.2898550724637681,80,0.2318840579710145,165,0.4782608695652174,3,0.02586206896551724,0.0
retrospective_cycle25,gru,rolling_90d,0.05,False,2024-12,366,312,54,335,0.9153005464480874,1.4043715846994536,218,0.5956284153005464,0.14220183486238533,286,0.9166666666666666,49,0.9074074074074074,0,0.0,192,0.5245901639344263,26,0.07103825136612021,148,0.40437158469945356,5,0.09259259259259259,0.0
retrospective_cycle25,gru,rolling_90d,0.05,False,2025-01,701,651,50,701,1.0,1.5249643366619114,333,0.47503566333808844,0.0,651,1.0,50,1.0,0,0.0,327,0.4664764621968616,6,0.008559201141226819,368,0.5249643366619116,0,0.0,0.0
retrospective_cycle25,gru,rolling_90d,0.05,False,2025-02,517,469,48,488,0.9439071566731141,1.4642166344294003,277,0.5357833655705996,0.10469314079422383,440,0.9381663113006397,48,1.0,0,0.0,225,0.43520309477756286,52,0.10058027079303675,240,0.46421663442940037,0,0.0,0.0
retrospective_cycle25,gru,rolling_90d,0.05,False,2025-03,781,732,49,754,0.9654289372599232,1.3405889884763125,515,0.6594110115236875,0.05242718446601942,709,0.9685792349726776,45,0.9183673469387755,0,0.0,485,0.6209987195902689,30,0.03841229193341869,266,0.3405889884763124,4,0.08163265306122448,0.0
retrospective_cycle25,gru,rolling_90d,0.05,False,2025-04,841,764,77,814,0.9678953626634959,1.2235434007134365,653,0.7764565992865636,0.04134762633996937,757,0.9908376963350786,57,0.7402597402597403,0,0.0,635,0.7550535077288941,18,0.02140309155766944,188,0.2235434007134364,20,0.2597402597402597,0.0
retrospective_cycle25,gru,rolling_90d,0.05,False,2025-05,840,750,90,807,0.9607142857142857,1.2797619047619047,605,0.7202380952380952,0.05454545454545454,718,0.9573333333333334,89,0.9888888888888889,0,0.0,546,0.65,59,0.07023809523809524,235,0.27976190476190477,1,0.011111111111111112,0.0
retrospective_cycle25,gru,rolling_90d,0.05,False,2025-06,599,546,53,535,0.8931552587646077,1.4273789649415694,343,0.5726210350584308,0.18658892128279883,482,0.8827838827838828,53,1.0,0,0.0,259,0.4323873121869783,84,0.14023372287145242,256,0.4273789649415693,0,0.0,0.0
retrospective_cycle25,gru,rolling_90d,0.05,False,2025-07,527,527,0,505,0.9582542694497154,1.5445920303605314,240,0.45540796963946867,0.09166666666666666,505,0.9582542694497154,0,,0,0.0,218,0.41366223908918404,22,0.04174573055028463,287,0.5445920303605313,0,,0.17647058823529413
retrospective_cycle25,gru,rolling_90d,0.05,False,2025-08,424,413,11,383,0.9033018867924528,1.903301886792453,41,0.09669811320754718,1.0,372,0.9007263922518159,11,1.0,0,0.0,0,0.0,41,0.09669811320754718,383,0.9033018867924528,0,0.0,1.0
retrospective_cycle25,gru,rolling_90d,0.05,False,2025-09,604,497,107,604,1.0,1.9288079470198676,43,0.07119205298013245,0.0,497,1.0,107,1.0,0,0.0,43,0.07119205298013245,0,0.0,561,0.9288079470198676,0,0.0,0.9288079470198676
retrospective_cycle25,gru,rolling_90d,0.05,False,2025-10,837,754,83,822,0.982078853046595,1.3679808841099164,529,0.6320191158900836,0.02835538752362949,749,0.993368700265252,73,0.8795180722891566,0,0.0,499,0.5961768219832736,30,0.035842293906810034,308,0.36798088410991636,10,0.12048192771084337,0.0
retrospective_cycle25,gru,rolling_90d,0.05,False,2025-11,414,414,0,371,0.8961352657004831,1.3381642512077294,274,0.6618357487922706,0.15693430656934307,371,0.8961352657004831,0,,0,0.0,231,0.5579710144927537,43,0.10386473429951691,140,0.33816425120772947,0,,0.0
retrospective_cycle25,gru,rolling_90d,0.05,False,2025-12,488,424,64,456,0.9344262295081968,1.5163934426229508,236,0.48360655737704916,0.13559322033898305,392,0.9245283018867925,64,1.0,0,0.0,177,0.36270491803278687,59,0.12090163934426229,252,0.5163934426229508,0,0.0,0.0
retrospective_cycle25,gru,rolling_180d,0.05,True,2021-01,142,142,0,142,1.0,2.0,0,0.0,,142,1.0,0,,0,0.0,0,0.0,0,0.0,142,1.0,0,,1.0
retrospective_cycle25,gru,rolling_180d,0.05,True,2021-02,137,137,0,107,0.781021897810219,1.781021897810219,30,0.21897810218978103,1.0,107,0.781021897810219,0,,0,0.0,0,0.0,30,0.21897810218978103,107,0.781021897810219,0,,1.0
retrospective_cycle25,gru,rolling_180d,0.05,True,2021-03,390,390,0,390,1.0,2.0,0,0.0,,390,1.0,0,,0,0.0,0,0.0,0,0.0,390,1.0,0,,1.0
retrospective_cycle25,gru,rolling_180d,0.05,True,2021-04,212,208,4,162,0.7641509433962265,1.7641509433962264,50,0.2358490566037736,1.0,158,0.7596153846153846,4,1.0,0,0.0,0,0.0,50,0.2358490566037736,162,0.7641509433962265,0,0.0,1.0
retrospective_cycle25,gru,rolling_180d,0.05,True,2021-05,247,230,17,222,0.8987854251012146,1.8582995951417005,35,0.1417004048582996,0.7142857142857143,205,0.8913043478260869,17,1.0,0,0.0,0,0.0,35,0.1417004048582996,212,0.8582995951417004,0,0.0,1.0
retrospective_cycle25,gru,rolling_180d,0.05,True,2021-06,270,270,0,244,0.9037037037037037,1.9037037037037037,26,0.0962962962962963,1.0,244,0.9037037037037037,0,,0,0.0,0,0.0,26,0.0962962962962963,244,0.9037037037037037,0,,1.0
retrospective_cycle25,gru,rolling_180d,0.05,True,2021-07,572,572,0,540,0.9440559440559441,1.944055944055944,32,0.055944055944055944,1.0,540,0.9440559440559441,0,,0,0.0,0,0.0,32,0.055944055944055944,540,0.9440559440559441,0,,1.0
retrospective_cycle25,gru,rolling_180d,0.05,True,2021-08,343,313,30,308,0.8979591836734694,1.8104956268221575,65,0.18950437317784258,0.5384615384615384,278,0.8881789137380192,30,1.0,0,0.0,0,0.0,65,0.18950437317784258,278,0.8104956268221575,0,0.0,1.0
retrospective_cycle25,gru,rolling_180d,0.05,True,2021-09,521,519,2,473,0.9078694817658349,1.907869481765835,48,0.09213051823416507,1.0,471,0.9075144508670521,2,1.0,0,0.0,0,0.0,48,0.09213051823416507,473,0.9078694817658349,0,0.0,1.0
retrospective_cycle25,gru,rolling_180d,0.05,True,2021-10,289,212,77,286,0.9896193771626297,1.8754325259515572,36,0.1245674740484429,0.08333333333333333,209,0.9858490566037735,77,1.0,0,0.0,0,0.0,36,0.1245674740484429,253,0.8754325259515571,0,0.0,0.9619377162629758
retrospective_cycle25,gru,rolling_180d,0.05,True,2021-11,381,365,16,381,1.0,1.110236220472441,339,0.889763779527559,0.0,365,1.0,16,1.0,0,0.0,339,0.889763779527559,0,0.0,42,0.11023622047244094,0,0.0,0.0
retrospective_cycle25,gru,rolling_180d,0.05,True,2021-12,847,805,42,787,0.9291617473435655,1.063754427390791,793,0.9362455726092089,0.07566204287515763,777,0.9652173913043478,10,0.23809523809523808,0,0.0,761,0.898465171192444,32,0.03778040141676505,54,0.06375442739079103,32,0.7619047619047619,0.0
retrospective_cycle25,gru,rolling_180d,0.05,True,2022-01,542,521,21,508,0.9372693726937269,1.1107011070110702,482,0.8892988929889298,0.07053941908713693,487,0.9347408829174664,21,1.0,0,0.0,427,0.7878228782287823,55,0.1014760147601476,60,0.11070110701107011,0,0.0,0.0
retrospective_cycle25,gru,rolling_180d,0.05,True,2022-02,431,425,6,424,0.9837587006960556,1.1160092807424593,381,0.8839907192575406,0.01837270341207349,424,0.9976470588235294,0,0.0,0,0.0,380,0.8816705336426914,1,0.002320185614849188,50,0.11600928074245939,6,1.0,0.0
retrospective_cycle25,gru,rolling_180d,0.05,True,2022-03,872,736,136,807,0.9254587155963303,1.1559633027522935,736,0.8440366972477065,0.08831521739130435,715,0.9714673913043478,92,0.6764705882352942,0,0.0,668,0.7660550458715596,68,0.0779816513761468,136,0.1559633027522936,44,0.3235294117647059,0.0
retrospective_cycle25,gru,rolling_180d,0.05,True,2022-04,548,506,42,495,0.9032846715328468,1.2536496350364963,409,0.7463503649635036,0.1295843520782396,453,0.8952569169960475,42,1.0,0,0.0,338,0.6167883211678832,71,0.12956204379562045,139,0.25364963503649635,0,0.0,0.0
retrospective_cycle25,gru,rolling_180d,0.05,True,2022-05,831,724,107,731,0.8796630565583634,1.3357400722021662,552,0.6642599277978339,0.18115942028985507,646,0.8922651933701657,85,0.794392523364486,0,0.0,443,0.53309265944645,109,0.13116726835138387,279,0.33574007220216606,22,0.205607476635514,0.0
retrospective_cycle25,gru,rolling_180d,0.05,True,2022-06,582,540,42,540,0.9278350515463918,1.604810996563574,230,0.3951890034364261,0.1826086956521739,498,0.9222222222222223,42,1.0,0,0.0,159,0.27319587628865977,71,0.12199312714776632,352,0.6048109965635738,0,0.0,0.0
retrospective_cycle25,gru,rolling_180d,0.05,True,2022-07,829,801,28,777,0.9372738238841978,1.5995174909529555,332,0.40048250904704463,0.1566265060240964,749,0.9350811485642946,28,1.0,0,0.0,277,0.3341375150784077,55,0.06634499396863691,497,0.5995174909529554,0,0.0,0.0
retrospective_cycle25,gru,rolling_180d,0.05,True,2022-08,519,457,62,483,0.930635838150289,1.605009633911368,205,0.394990366088632,0.17560975609756097,445,0.973741794310722,38,0.6129032258064516,0,0.0,173,0.3333333333333333,32,0.06165703275529865,314,0.605009633911368,24,0.3870967741935484,0.0
retrospective_cycle25,gru,rolling_180d,0.05,True,2022-09,534,470,64,529,0.9906367041198502,1.9550561797752808,24,0.0449438202247191,0.20833333333333334,465,0.9893617021276596,64,1.0,0,0.0,12,0.02247191011235955,12,0.02247191011235955,510,0.9550561797752809,0,0.0,0.0
retrospective_cycle25,gru,rolling_180d,0.05,True,2022-10,598,551,47,576,0.9632107023411371,1.8010033444816054,119,0.19899665551839466,0.18487394957983194,529,0.9600725952813067,47,1.0,0,0.0,76,0.12709030100334448,43,0.07190635451505016,479,0.8010033444816054,0,0.0,0.0
retrospective_cycle25,gru,rolling_180d,0.05,True,2022-11,608,565,43,576,0.9473684210526315,1.8092105263157894,116,0.19078947368421054,0.27586206896551724,533,0.9433628318584071,43,1.0,0,0.0,77,0.12664473684210525,39,0.06414473684210527,492,0.8092105263157895,0,0.0,0.0
retrospective_cycle25,gru,rolling_180d,0.05,True,2022-12,745,636,109,681,0.9140939597315436,1.8429530201342281,117,0.15704697986577182,0.5470085470085471,572,0.89937106918239,109,1.0,0,0.0,41,0.05503355704697987,76,0.10201342281879194,628,0.8429530201342282,0,0.0,0.0
retrospective_cycle25,gru,rolling_180d,0.05,True,2023-01,717,630,87,639,0.891213389121339,1.7461645746164574,182,0.25383542538354253,0.42857142857142855,552,0.8761904761904762,87,1.0,0,0.0,60,0.08368200836820083,122,0.1701534170153417,535,0.7461645746164575,0,0.0,0.0
retrospective_cycle25,gru,rolling_180d,0.05,True,2023-02,648,565,83,576,0.8888888888888888,1.5447530864197532,295,0.45524691358024694,0.2440677966101695,500,0.8849557522123894,76,0.9156626506024096,0,0.0,195,0.30092592592592593,100,0.15432098765432098,353,0.5447530864197531,7,0.08433734939759036,0.0
retrospective_cycle25,gru,rolling_180d,0.05,True,2023-03,889,764,125,803,0.9032620922384702,1.608548931383577,348,0.3914510686164229,0.2471264367816092,729,0.9541884816753927,74,0.592,0,0.0,284,0.3194600674915636,64,0.0719910011248594,541,0.608548931383577,51,0.408,0.0
retrospective_cycle25,gru,rolling_180d,0.05,True,2023-04,832,828,4,783,0.9411057692307693,1.5625,364,0.4375,0.1346153846153846,779,0.9408212560386473,4,1.0,0,0.0,315,0.3786057692307692,49,0.05889423076923077,468,0.5625,0,0.0,0.0
retrospective_cycle25,gru,rolling_180d,0.05,True,2023-05,713,532,181,629,0.8821879382889201,1.6311360448807855,263,0.3688639551192146,0.3193916349809886,471,0.8853383458646616,158,0.8729281767955801,0,0.0,135,0.18934081346423562,128,0.17952314165497896,450,0.6311360448807855,23,0.1270718232044199,0.0
retrospective_cycle25,gru,rolling_180d,0.05,True,2023-06,1013,934,79,920,0.9081934846989141,1.7393879565646595,264,0.26061204343534056,0.3522727272727273,842,0.9014989293361885,78,0.9873417721518988,0,0.0,165,0.16288252714708787,99,0.09772951628825272,749,0.7393879565646594,1,0.012658227848101266,0.0
retrospective_cycle25,gru,rolling_180d,0.05,True,2023-07,627,458,169,620,0.988835725677831,1.8516746411483254,93,0.14832535885167464,0.07526881720430108,451,0.9847161572052402,169,1.0,0,0.0,45,0.07177033492822966,48,0.07655502392344497,534,0.8516746411483254,0,0.0,0.0
retrospective_cycle25,gru,rolling_180d,0.05,True,2023-08,695,629,66,695,1.0,1.8316546762589927,117,0.1683453237410072,0.0,629,1.0,66,1.0,0,0.0,117,0.1683453237410072,0,0.0,578,0.8316546762589928,0,0.0,0.0
retrospective_cycle25,gru,rolling_180d,0.05,True,2023-09,922,806,116,904,0.9804772234273319,1.7733188720173536,209,0.22668112798264642,0.0861244019138756,788,0.9776674937965261,116,1.0,0,0.0,180,0.19522776572668113,29,0.031453362255965296,713,0.7733188720173536,0,0.0,0.0
retrospective_cycle25,gru,rolling_180d,0.05,True,2023-10,746,705,41,746,1.0,1.8914209115281502,81,0.10857908847184987,0.0,705,1.0,41,1.0,0,0.0,64,0.08579088471849866,17,0.022788203753351208,665,0.8914209115281502,0,0.0,0.0
retrospective_cycle25,gru,rolling_180d,0.05,True,2023-11,822,742,80,801,0.9744525547445255,1.5304136253041363,386,0.46958637469586373,0.054404145077720206,721,0.9716981132075472,80,1.0,0,0.0,308,0.3746958637469586,78,0.0948905109489051,436,0.5304136253041363,0,0.0,0.0
retrospective_cycle25,gru,rolling_180d,0.05,True,2023-12,587,544,43,553,0.9420783645655877,1.453151618398637,321,0.5468483816013628,0.1059190031152648,511,0.9393382352941176,42,0.9767441860465116,0,0.0,286,0.48722316865417375,35,0.059625212947189095,266,0.45315161839863716,1,0.023255813953488372,0.0
retrospective_cycle25,gru,rolling_180d,0.05,True,2024-01,634,612,22,603,0.9511041009463722,1.3675078864353312,401,0.6324921135646687,0.0773067331670823,581,0.9493464052287581,22,1.0,0,0.0,352,0.555205047318612,49,0.07728706624605679,233,0.3675078864353312,0,0.0,0.0
retrospective_cycle25,gru,rolling_180d,0.05,True,2024-02,714,567,147,682,0.9551820728291317,1.350140056022409,464,0.6498599439775911,0.06896551724137931,540,0.9523809523809523,142,0.9659863945578231,0,0.0,348,0.48739495798319327,116,0.16246498599439776,250,0.35014005602240894,5,0.034013605442176874,0.0
retrospective_cycle25,gru,rolling_180d,0.05,True,2024-03,646,537,109,646,1.0,1.1981424148606812,518,0.8018575851393189,0.0,537,1.0,109,1.0,0,0.0,443,0.6857585139318886,75,0.11609907120743033,128,0.19814241486068113,0,0.0,0.0
retrospective_cycle25,gru,rolling_180d,0.05,True,2024-04,644,569,75,622,0.9658385093167702,1.184782608695652,525,0.8152173913043478,0.0419047619047619,564,0.9912126537785588,58,0.7733333333333333,0,0.0,508,0.7888198757763976,17,0.026397515527950312,119,0.18478260869565216,17,0.22666666666666666,0.0
retrospective_cycle25,gru,rolling_180d,0.05,True,2024-05,504,470,34,471,0.9345238095238095,1.375,315,0.625,0.10476190476190476,437,0.9297872340425531,34,1.0,0,0.0,248,0.49206349206349204,67,0.13293650793650794,189,0.375,0,0.0,0.0
retrospective_cycle25,gru,rolling_180d,0.05,True,2024-06,954,783,171,914,0.9580712788259959,1.4622641509433962,513,0.5377358490566038,0.07797270955165692,743,0.9489144316730523,171,1.0,0,0.0,341,0.35744234800838576,172,0.18029350104821804,441,0.46226415094339623,0,0.0,0.0
retrospective_cycle25,gru,rolling_180d,0.05,True,2024-07,461,296,165,392,0.8503253796095445,1.3275488069414316,310,0.6724511930585684,0.22258064516129034,253,0.8547297297297297,139,0.8424242424242424,0,0.0,173,0.3752711496746204,137,0.29718004338394793,151,0.3275488069414317,26,0.15757575757575756,0.0
retrospective_cycle25,gru,rolling_180d,0.05,True,2024-08,709,535,174,581,0.8194640338504936,1.379407616361072,440,0.6205923836389281,0.2909090909090909,407,0.7607476635514019,174,1.0,0,0.0,162,0.22849083215796898,278,0.3921015514809591,269,0.37940761636107195,0,0.0,0.0
retrospective_cycle25,gru,rolling_180d,0.05,True,2024-09,550,495,55,474,0.8618181818181818,1.4054545454545455,327,0.5945454545454546,0.2324159021406728,420,0.8484848484848485,54,0.9818181818181818,0,0.0,223,0.40545454545454546,104,0.1890909090909091,223,0.40545454545454546,1,0.01818181818181818,0.0
retrospective_cycle25,gru,rolling_180d,0.05,True,2024-10,545,408,137,517,0.9486238532110092,1.5137614678899083,265,0.48623853211009177,0.10566037735849057,392,0.9607843137254902,125,0.9124087591240876,0,0.0,225,0.41284403669724773,40,0.07339449541284404,280,0.5137614678899083,12,0.08759124087591241,0.0
retrospective_cycle25,gru,rolling_180d,0.05,True,2024-11,345,229,116,306,0.8869565217391304,1.373913043478261,216,0.6260869565217392,0.18055555555555555,193,0.8427947598253275,113,0.9741379310344828,0,0.0,103,0.2985507246376812,113,0.32753623188405795,129,0.3739130434782609,3,0.02586206896551724,0.0
retrospective_cycle25,gru,rolling_180d,0.05,True,2024-12,366,312,54,337,0.9207650273224044,1.401639344262295,219,0.5983606557377049,0.1324200913242009,288,0.9230769230769231,49,0.9074074074074074,0,0.0,195,0.5327868852459017,24,0.06557377049180328,147,0.4016393442622951,5,0.09259259259259259,0.0
retrospective_cycle25,gru,rolling_180d,0.05,True,2025-01,701,651,50,699,0.9971469329529244,1.4365192582025677,395,0.5634807417974322,0.005063291139240506,651,1.0,48,0.96,0,0.0,389,0.5549215406562055,6,0.008559201141226819,306,0.43651925820256776,2,0.04,0.0
retrospective_cycle25,gru,rolling_180d,0.05,True,2025-02,517,469,48,497,0.9613152804642167,1.435203094777563,292,0.5647969052224371,0.0684931506849315,449,0.9573560767590619,48,1.0,0,0.0,260,0.5029013539651838,32,0.061895551257253385,225,0.43520309477756286,0,0.0,0.0
retrospective_cycle25,gru,rolling_180d,0.05,True,2025-03,781,732,49,781,1.0,1.439180537772087,438,0.5608194622279129,0.0,732,1.0,49,1.0,0,0.0,438,0.5608194622279129,0,0.0,343,0.43918053777208704,0,0.0,0.0
retrospective_cycle25,gru,rolling_180d,0.05,True,2025-04,841,764,77,830,0.9869203329369798,1.3686087990487514,531,0.6313912009512486,0.02071563088512241,764,1.0,66,0.8571428571428571,0,0.0,531,0.6313912009512486,0,0.0,310,0.3686087990487515,11,0.14285714285714285,0.0
retrospective_cycle25,gru,rolling_180d,0.05,True,2025-05,840,750,90,813,0.9678571428571429,1.2845238095238096,601,0.7154761904761905,0.04492512479201331,724,0.9653333333333334,89,0.9888888888888889,0,0.0,548,0.6523809523809524,53,0.0630952380952381,239,0.2845238095238095,1,0.011111111111111112,0.0
retrospective_cycle25,gru,rolling_180d,0.05,True,2025-06,599,546,53,545,0.9098497495826378,1.3656093489148582,380,0.6343906510851419,0.14210526315789473,492,0.9010989010989011,53,1.0,0,0.0,310,0.5175292153589316,70,0.11686143572621036,219,0.3656093489148581,0,0.0,0.0
retrospective_cycle25,gru,rolling_180d,0.05,True,2025-07,527,527,0,506,0.9601518026565465,1.2770398481973435,381,0.7229601518026565,0.05511811023622047,506,0.9601518026565465,0,,0,0.0,360,0.683111954459203,21,0.03984819734345351,146,0.27703984819734345,0,,0.0
retrospective_cycle25,gru,rolling_180d,0.05,True,2025-08,424,413,11,364,0.8584905660377359,1.3231132075471699,287,0.6768867924528302,0.20905923344947736,353,0.8547215496368039,11,1.0,0,0.0,227,0.535377358490566,60,0.14150943396226415,137,0.3231132075471698,0,0.0,0.0
retrospective_cycle25,gru,rolling_180d,0.05,True,2025-09,604,497,107,584,0.9668874172185431,1.4470198675496688,334,0.5529801324503312,0.059880239520958084,481,0.9678068410462777,103,0.9626168224299065,0,0.0,318,0.5264900662251656,16,0.026490066225165563,270,0.4470198675496689,4,0.037383177570093455,0.0
retrospective_cycle25,gru,rolling_180d,0.05,True,2025-10,837,754,83,812,0.970131421744325,1.2664277180406214,614,0.7335722819593787,0.04071661237785016,738,0.9787798408488063,74,0.891566265060241,0,0.0,566,0.6762246117084827,48,0.05734767025089606,223,0.26642771804062126,9,0.10843373493975904,0.0
retrospective_cycle25,gru,rolling_180d,0.05,True,2025-11,414,414,0,371,0.8961352657004831,1.289855072463768,294,0.7101449275362319,0.14625850340136054,371,0.8961352657004831,0,,0,0.0,251,0.606280193236715,43,0.10386473429951691,120,0.2898550724637681,0,,0.0
retrospective_cycle25,gru,rolling_180d,0.05,True,2025-12,488,424,64,457,0.9364754098360656,1.4262295081967213,280,0.5737704918032787,0.11071428571428571,393,0.9268867924528302,64,1.0,0,0.0,234,0.47950819672131145,46,0.0942622950819672,208,0.4262295081967213,0,0.0,0.0
retrospective_cycle25,gru,rolling_365d,0.05,False,2021-01,142,142,0,142,1.0,2.0,0,0.0,,142,1.0,0,,0,0.0,0,0.0,0,0.0,142,1.0,0,,1.0
retrospective_cycle25,gru,rolling_365d,0.05,False,2021-02,137,137,0,107,0.781021897810219,1.781021897810219,30,0.21897810218978103,1.0,107,0.781021897810219,0,,0,0.0,0,0.0,30,0.21897810218978103,107,0.781021897810219,0,,1.0
retrospective_cycle25,gru,rolling_365d,0.05,False,2021-03,390,390,0,390,1.0,2.0,0,0.0,,390,1.0,0,,0,0.0,0,0.0,0,0.0,390,1.0,0,,1.0
retrospective_cycle25,gru,rolling_365d,0.05,False,2021-04,212,208,4,162,0.7641509433962265,1.7641509433962264,50,0.2358490566037736,1.0,158,0.7596153846153846,4,1.0,0,0.0,0,0.0,50,0.2358490566037736,162,0.7641509433962265,0,0.0,1.0
retrospective_cycle25,gru,rolling_365d,0.05,False,2021-05,247,230,17,222,0.8987854251012146,1.8582995951417005,35,0.1417004048582996,0.7142857142857143,205,0.8913043478260869,17,1.0,0,0.0,0,0.0,35,0.1417004048582996,212,0.8582995951417004,0,0.0,1.0
retrospective_cycle25,gru,rolling_365d,0.05,False,2021-06,270,270,0,244,0.9037037037037037,1.9037037037037037,26,0.0962962962962963,1.0,244,0.9037037037037037,0,,0,0.0,0,0.0,26,0.0962962962962963,244,0.9037037037037037,0,,1.0
retrospective_cycle25,gru,rolling_365d,0.05,False,2021-07,572,572,0,540,0.9440559440559441,1.944055944055944,32,0.055944055944055944,1.0,540,0.9440559440559441,0,,0,0.0,0,0.0,32,0.055944055944055944,540,0.9440559440559441,0,,1.0
retrospective_cycle25,gru,rolling_365d,0.05,False,2021-08,343,313,30,308,0.8979591836734694,1.8104956268221575,65,0.18950437317784258,0.5384615384615384,278,0.8881789137380192,30,1.0,0,0.0,0,0.0,65,0.18950437317784258,278,0.8104956268221575,0,0.0,1.0
retrospective_cycle25,gru,rolling_365d,0.05,False,2021-09,521,519,2,460,0.8829174664107485,1.8829174664107486,61,0.11708253358925144,1.0,458,0.882466281310212,2,1.0,0,0.0,0,0.0,61,0.11708253358925144,460,0.8829174664107485,0,0.0,1.0
retrospective_cycle25,gru,rolling_365d,0.05,False,2021-10,289,212,77,282,0.9757785467128027,1.5813148788927336,121,0.4186851211072664,0.05785123966942149,205,0.9669811320754716,77,1.0,0,0.0,73,0.25259515570934254,48,0.16608996539792387,168,0.5813148788927336,0,0.0,0.5086505190311419
retrospective_cycle25,gru,rolling_365d,0.05,False,2021-11,381,365,16,381,1.0,1.1758530183727034,314,0.8241469816272966,0.0,365,1.0,16,1.0,0,0.0,314,0.8241469816272966,0,0.0,67,0.17585301837270342,0,0.0,0.0
retrospective_cycle25,gru,rolling_365d,0.05,False,2021-12,847,805,42,796,0.9397874852420307,1.12987012987013,737,0.8701298701298701,0.06919945725915876,761,0.9453416149068323,35,0.8333333333333334,0,0.0,684,0.807556080283353,53,0.06257378984651712,110,0.12987012987012986,7,0.16666666666666666,0.0
retrospective_cycle25,gru,rolling_365d,0.05,False,2022-01,542,521,21,506,0.933579335793358,1.118081180811808,478,0.8819188191881919,0.07531380753138076,485,0.9309021113243762,21,1.0,0,0.0,421,0.7767527675276753,57,0.10516605166051661,64,0.11808118081180811,0,0.0,0.0
retrospective_cycle25,gru,rolling_365d,0.05,False,2022-02,431,425,6,424,0.9837587006960556,1.148491879350348,367,0.851508120649652,0.01907356948228883,424,0.9976470588235294,0,0.0,0,0.0,366,0.8491879350348028,1,0.002320185614849188,64,0.14849187935034802,6,1.0,0.0
retrospective_cycle25,gru,rolling_365d,0.05,False,2022-03,872,736,136,808,0.926605504587156,1.173165137614679,721,0.8268348623853211,0.08876560332871013,715,0.9714673913043478,93,0.6838235294117647,0,0.0,654,0.75,67,0.0768348623853211,151,0.1731651376146789,43,0.3161764705882353,0.0
retrospective_cycle25,gru,rolling_365d,0.05,False,2022-04,548,506,42,509,0.9288321167883211,1.2645985401459854,403,0.7354014598540146,0.0967741935483871,467,0.9229249011857708,42,1.0,0,0.0,350,0.6386861313868614,53,0.09671532846715329,145,0.2645985401459854,0,0.0,0.0
retrospective_cycle25,gru,rolling_365d,0.05,False,2022-05,831,724,107,730,0.8784596871239471,1.269554753309266,607,0.7304452466907341,0.16639209225700163,650,0.8977900552486188,80,0.7476635514018691,0,0.0,502,0.6040914560770156,105,0.1263537906137184,224,0.2695547533092659,27,0.2523364485981308,0.0
retrospective_cycle25,gru,rolling_365d,0.05,False,2022-06,582,540,42,545,0.936426116838488,1.5154639175257731,282,0.4845360824742268,0.13120567375886524,503,0.9314814814814815,42,1.0,0,0.0,217,0.37285223367697595,65,0.11168384879725086,300,0.5154639175257731,0,0.0,0.0
retrospective_cycle25,gru,rolling_365d,0.05,False,2022-07,829,801,28,774,0.9336550060313631,1.505428226779252,410,0.4945717732207479,0.13414634146341464,746,0.9313358302122348,28,1.0,0,0.0,352,0.42460796139927626,58,0.06996381182147166,419,0.5054282267792521,0,0.0,0.0
retrospective_cycle25,gru,rolling_365d,0.05,False,2022-08,519,457,62,477,0.9190751445086706,1.5394990366088632,239,0.4605009633911368,0.17573221757322174,440,0.962800875273523,37,0.5967741935483871,0,0.0,202,0.3892100192678227,37,0.07129094412331406,280,0.5394990366088632,25,0.4032258064516129,0.0
retrospective_cycle25,gru,rolling_365d,0.05,False,2022-09,534,470,64,525,0.9831460674157303,1.904494382022472,51,0.09550561797752809,0.17647058823529413,461,0.9808510638297873,64,1.0,0,0.0,26,0.04868913857677903,25,0.04681647940074907,483,0.9044943820224719,0,0.0,0.0
retrospective_cycle25,gru,rolling_365d,0.05,False,2022-10,598,551,47,576,0.9632107023411371,1.7408026755852843,155,0.2591973244147157,0.14193548387096774,529,0.9600725952813067,47,1.0,0,0.0,105,0.17558528428093645,50,0.08361204013377926,443,0.7408026755852842,0,0.0,0.0
retrospective_cycle25,gru,rolling_365d,0.05,False,2022-11,608,565,43,578,0.9506578947368421,1.7467105263157894,154,0.2532894736842105,0.19480519480519481,535,0.9469026548672567,43,1.0,0,0.0,116,0.19078947368421054,38,0.0625,454,0.7467105263157895,0,0.0,0.0
retrospective_cycle25,gru,rolling_365d,0.05,False,2022-12,745,636,109,677,0.9087248322147651,1.814765100671141,138,0.18523489932885906,0.4927536231884058,568,0.8930817610062893,109,1.0,0,0.0,57,0.07651006711409396,81,0.1087248322147651,607,0.8147651006711409,0,0.0,0.0
retrospective_cycle25,gru,rolling_365d,0.05,False,2023-01,717,630,87,647,0.902370990237099,1.711297071129707,207,0.28870292887029286,0.33816425120772947,560,0.8888888888888888,87,1.0,0,0.0,90,0.12552301255230125,117,0.16317991631799164,510,0.7112970711297071,0,0.0,0.0
retrospective_cycle25,gru,rolling_365d,0.05,False,2023-02,648,565,83,581,0.8966049382716049,1.5632716049382716,283,0.4367283950617284,0.23674911660777384,500,0.8849557522123894,81,0.9759036144578314,0,0.0,183,0.2824074074074074,100,0.15432098765432098,365,0.5632716049382716,2,0.024096385542168676,0.0
retrospective_cycle25,gru,rolling_365d,0.05,False,2023-03,889,764,125,821,0.9235095613048369,1.7007874015748032,266,0.2992125984251969,0.2556390977443609,724,0.9476439790575916,97,0.776,0,0.0,192,0.21597300337457817,74,0.08323959505061868,623,0.7007874015748031,28,0.224,0.0
retrospective_cycle25,gru,rolling_365d,0.05,False,2023-04,832,828,4,780,0.9375,1.6742788461538463,271,0.32572115384615385,0.1918819188191882,776,0.9371980676328503,4,1.0,0,0.0,219,0.26322115384615385,52,0.0625,561,0.6742788461538461,0,0.0,0.0
retrospective_cycle25,gru,rolling_365d,0.05,False,2023-05,713,532,181,633,0.8877980364656382,1.664796633941094,239,0.33520336605890605,0.33472803347280333,464,0.8721804511278195,169,0.9337016574585635,0,0.0,104,0.1458625525946704,135,0.18934081346423562,474,0.664796633941094,12,0.06629834254143646,0.0
retrospective_cycle25,gru,rolling_365d,0.05,False,2023-06,1013,934,79,914,0.9022704837117473,1.7285291214215202,275,0.2714708785784798,0.36,836,0.8950749464668094,78,0.9873417721518988,0,0.0,162,0.15992102665350444,113,0.11154985192497532,738,0.7285291214215203,1,0.012658227848101266,0.0
retrospective_cycle25,gru,rolling_365d,0.05,False,2023-07,627,458,169,614,0.9792663476874003,1.79585326953748,128,0.20414673046251994,0.1015625,445,0.9716157205240175,169,1.0,0,0.0,45,0.07177033492822966,83,0.13237639553429026,499,0.79585326953748,0,0.0,0.0
retrospective_cycle25,gru,rolling_365d,0.05,False,2023-08,695,629,66,695,1.0,1.8258992805755396,121,0.17410071942446043,0.0,629,1.0,66,1.0,0,0.0,117,0.1683453237410072,4,0.0057553956834532375,574,0.8258992805755395,0,0.0,0.0
retrospective_cycle25,gru,rolling_365d,0.05,False,2023-09,922,806,116,900,0.9761388286334056,1.7331887201735359,246,0.2668112798264642,0.08943089430894309,786,0.9751861042183623,114,0.9827586206896551,0,0.0,200,0.21691973969631237,46,0.049891540130151846,676,0.7331887201735358,2,0.017241379310344827,0.0
retrospective_cycle25,gru,rolling_365d,0.05,False,2023-10,746,705,41,734,0.9839142091152815,1.8726541554959786,95,0.12734584450402145,0.12631578947368421,693,0.9829787234042553,41,1.0,0,0.0,64,0.08579088471849866,31,0.04155495978552279,651,0.8726541554959786,0,0.0,0.0
retrospective_cycle25,gru,rolling_365d,0.05,False,2023-11,822,742,80,811,0.98661800486618,1.7019464720194648,245,0.2980535279805353,0.044897959183673466,731,0.9851752021563343,80,1.0,0,0.0,177,0.21532846715328466,68,0.0827250608272506,577,0.7019464720194647,0,0.0,0.0
retrospective_cycle25,gru,rolling_365d,0.05,False,2023-12,587,544,43,568,0.9676320272572402,1.7427597955706984,151,0.2572402044293015,0.12582781456953643,525,0.9650735294117647,43,1.0,0,0.0,130,0.22146507666098808,21,0.03577512776831346,436,0.7427597955706985,0,0.0,0.0
retrospective_cycle25,gru,rolling_365d,0.05,False,2024-01,634,612,22,615,0.9700315457413249,1.7444794952681388,162,0.2555205047318612,0.11728395061728394,593,0.9689542483660131,22,1.0,0,0.0,125,0.1971608832807571,37,0.0583596214511041,472,0.7444794952681388,0,0.0,0.0
retrospective_cycle25,gru,rolling_365d,0.05,False,2024-02,714,567,147,687,0.9621848739495799,1.6722689075630253,234,0.3277310924369748,0.11538461538461539,540,0.9523809523809523,147,1.0,0,0.0,133,0.18627450980392157,101,0.14145658263305322,480,0.6722689075630253,0,0.0,0.0
retrospective_cycle25,gru,rolling_365d,0.05,False,2024-03,646,537,109,646,1.0,1.5541795665634675,288,0.4458204334365325,0.0,537,1.0,109,1.0,0,0.0,219,0.33900928792569657,69,0.10681114551083591,358,0.5541795665634675,0,0.0,0.0
retrospective_cycle25,gru,rolling_365d,0.05,False,2024-04,644,569,75,643,0.9984472049689441,1.6211180124223603,244,0.37888198757763975,0.004098360655737705,568,0.9982425307557118,75,1.0,0,0.0,232,0.36024844720496896,12,0.018633540372670808,400,0.6211180124223602,0,0.0,0.0
retrospective_cycle25,gru,rolling_365d,0.05,False,2024-05,504,470,34,475,0.9424603174603174,1.5337301587301588,235,0.4662698412698413,0.12340425531914893,441,0.9382978723404255,34,1.0,0,0.0,172,0.3412698412698413,63,0.125,269,0.5337301587301587,0,0.0,0.0
retrospective_cycle25,gru,rolling_365d,0.05,False,2024-06,954,783,171,936,0.9811320754716981,1.550314465408805,429,0.449685534591195,0.04195804195804196,765,0.9770114942528736,171,1.0,0,0.0,286,0.29979035639413,143,0.149895178197065,525,0.550314465408805,0,0.0,0.0
retrospective_cycle25,gru,rolling_365d,0.05,False,2024-07,461,296,165,416,0.9023861171366594,1.472885032537961,243,0.527114967462039,0.18518518518518517,274,0.9256756756756757,142,0.8606060606060606,0,0.0,152,0.3297180043383948,91,0.19739696312364424,218,0.47288503253796094,23,0.1393939393939394,0.0
retrospective_cycle25,gru,rolling_365d,0.05,False,2024-08,709,535,174,591,0.8335684062059239,1.4090267983074753,419,0.5909732016925247,0.28162291169451076,417,0.7794392523364486,174,1.0,0,0.0,155,0.21861777150916784,264,0.3723554301833568,290,0.4090267983074753,0,0.0,0.0
retrospective_cycle25,gru,rolling_365d,0.05,False,2024-09,550,495,55,455,0.8272727272727273,1.36,352,0.64,0.26988636363636365,401,0.8101010101010101,54,0.9818181818181818,0,0.0,228,0.41454545454545455,124,0.22545454545454546,198,0.36,1,0.01818181818181818,0.0
retrospective_cycle25,gru,rolling_365d,0.05,False,2024-10,545,408,137,494,0.9064220183486239,1.418348623853211,317,0.581651376146789,0.1608832807570978,369,0.9044117647058824,125,0.9124087591240876,0,0.0,223,0.4091743119266055,94,0.1724770642201835,228,0.41834862385321103,12,0.08759124087591241,0.0
retrospective_cycle25,gru,rolling_365d,0.05,False,2024-11,345,229,116,284,0.8231884057971014,1.228985507246377,266,0.7710144927536232,0.22932330827067668,171,0.7467248908296943,113,0.9741379310344828,0,0.0,103,0.2985507246376812,163,0.47246376811594204,79,0.2289855072463768,3,0.02586206896551724,0.0
retrospective_cycle25,gru,rolling_365d,0.05,False,2024-12,366,312,54,331,0.9043715846994536,1.314207650273224,251,0.6857923497267759,0.1394422310756972,284,0.9102564102564102,47,0.8703703703703703,0,0.0,221,0.6038251366120219,30,0.08196721311475409,115,0.31420765027322406,7,0.12962962962962962,0.0
retrospective_cycle25,gru,rolling_365d,0.05,False,2025-01,701,651,50,701,1.0,1.4265335235378032,402,0.5734664764621968,0.0,651,1.0,50,1.0,0,0.0,376,0.536376604850214,26,0.037089871611982884,299,0.42653352353780316,0,0.0,0.0
retrospective_cycle25,gru,rolling_365d,0.05,False,2025-02,517,469,48,495,0.9574468085106383,1.367504835589942,327,0.632495164410058,0.0672782874617737,447,0.9530916844349681,48,1.0,0,0.0,292,0.5647969052224371,35,0.06769825918762089,190,0.36750483558994196,0,0.0,0.0
retrospective_cycle25,gru,rolling_365d,0.05,False,2025-03,781,732,49,781,1.0,1.4148527528809218,457,0.5851472471190781,0.0,732,1.0,49,1.0,0,0.0,456,0.5838668373879642,1,0.0012804097311139564,324,0.4148527528809219,0,0.0,0.0
retrospective_cycle25,gru,rolling_365d,0.05,False,2025-04,841,764,77,830,0.9869203329369798,1.4066587395957193,499,0.5933412604042806,0.022044088176352707,764,1.0,66,0.8571428571428571,0,0.0,499,0.5933412604042806,0,0.0,342,0.40665873959571935,11,0.14285714285714285,0.0
retrospective_cycle25,gru,rolling_365d,0.05,False,2025-05,840,750,90,829,0.986904761904762,1.2952380952380953,592,0.7047619047619048,0.018581081081081082,740,0.9866666666666667,89,0.9888888888888889,0,0.0,560,0.6666666666666666,32,0.0380952380952381,248,0.29523809523809524,1,0.011111111111111112,0.0
retrospective_cycle25,gru,rolling_365d,0.05,False,2025-06,599,546,53,571,0.9532554257095158,1.5141903171953255,291,0.48580968280467446,0.09621993127147767,518,0.9487179487179487,53,1.0,0,0.0,252,0.42070116861435725,39,0.0651085141903172,308,0.5141903171953256,0,0.0,0.0
retrospective_cycle25,gru,rolling_365d,0.05,False,2025-07,527,527,0,515,0.9772296015180265,1.3776091081593929,328,0.6223908918406073,0.036585365853658534,515,0.9772296015180265,0,,0,0.0,316,0.5996204933586338,12,0.022770398481973434,199,0.3776091081593928,0,,0.0
retrospective_cycle25,gru,rolling_365d,0.05,False,2025-08,424,413,11,381,0.8985849056603774,1.3632075471698113,270,0.6367924528301887,0.15925925925925927,370,0.8958837772397095,11,1.0,0,0.0,227,0.535377358490566,43,0.10141509433962265,154,0.3632075471698113,0,0.0,0.0
retrospective_cycle25,gru,rolling_365d,0.05,False,2025-09,604,497,107,601,0.9950331125827815,1.4817880794701987,313,0.5182119205298014,0.009584664536741214,497,1.0,104,0.9719626168224299,0,0.0,313,0.5182119205298014,0,0.0,291,0.4817880794701987,3,0.028037383177570093,0.0
retrospective_cycle25,gru,rolling_365d,0.05,False,2025-10,837,754,83,823,0.983273596176822,1.2974910394265233,588,0.7025089605734767,0.023809523809523808,749,0.993368700265252,74,0.891566265060241,0,0.0,559,0.6678614097968937,29,0.03464755077658303,249,0.2974910394265233,9,0.10843373493975904,0.0
retrospective_cycle25,gru,rolling_365d,0.05,False,2025-11,414,414,0,370,0.893719806763285,1.3067632850241546,287,0.6932367149758454,0.15331010452961671,370,0.893719806763285,0,,0,0.0,243,0.5869565217391305,44,0.10628019323671498,127,0.30676328502415456,0,,0.0
retrospective_cycle25,gru,rolling_365d,0.05,False,2025-12,488,424,64,456,0.9344262295081968,1.3565573770491803,314,0.6434426229508197,0.10191082802547771,392,0.9245283018867925,64,1.0,0,0.0,256,0.5245901639344263,58,0.11885245901639344,174,0.35655737704918034,0,0.0,0.0
retrospective_cycle25,logistic,fixed_2015,0.1,False,2021-01,142,142,0,142,1.0,1.0,142,1.0,0.0,142,1.0,0,,0,0.0,142,1.0,0,0.0,0,0.0,0,,0.0
retrospective_cycle25,logistic,fixed_2015,0.1,False,2021-02,137,137,0,133,0.9708029197080292,1.0802919708029197,126,0.9197080291970803,0.031746031746031744,133,0.9708029197080292,0,,0,0.0,122,0.8905109489051095,4,0.029197080291970802,11,0.08029197080291971,0,,0.0
retrospective_cycle25,logistic,fixed_2015,0.1,False,2021-03,390,390,0,390,1.0,1.0,390,1.0,0.0,390,1.0,0,,0,0.0,390,1.0,0,0.0,0,0.0,0,,0.0
retrospective_cycle25,logistic,fixed_2015,0.1,False,2021-04,212,208,4,178,0.839622641509434,1.0471698113207548,202,0.9528301886792453,0.16831683168316833,178,0.8557692307692307,0,0.0,0,0.0,172,0.8113207547169812,30,0.14150943396226415,10,0.04716981132075472,4,1.0,0.0
retrospective_cycle25,logistic,fixed_2015,0.1,False,2021-05,247,230,17,237,0.9595141700404858,1.0769230769230769,228,0.9230769230769231,0.043859649122807015,226,0.9826086956521739,11,0.6470588235294118,0,0.0,215,0.8704453441295547,13,0.05263157894736842,19,0.07692307692307693,6,0.35294117647058826,0.0
retrospective_cycle25,logistic,fixed_2015,0.1,False,2021-06,270,270,0,245,0.9074074074074074,1.0148148148148148,266,0.9851851851851852,0.09398496240601503,245,0.9074074074074074,0,,0,0.0,241,0.8925925925925926,25,0.09259259259259259,4,0.014814814814814815,0,,0.0
retrospective_cycle25,logistic,fixed_2015,0.1,False,2021-07,572,572,0,540,0.9440559440559441,1.0052447552447552,569,0.9947552447552448,0.056239015817223195,540,0.9440559440559441,0,,0,0.0,537,0.9388111888111889,32,0.055944055944055944,3,0.005244755244755245,0,,0.0
retrospective_cycle25,logistic,fixed_2015,0.1,False,2021-08,343,313,30,308,0.8979591836734694,1.0,343,1.0,0.10204081632653061,278,0.8881789137380192,30,1.0,0,0.0,278,0.8104956268221575,65,0.18950437317784258,0,0.0,0,0.0,0.0
retrospective_cycle25,logistic,fixed_2015,0.1,False,2021-09,521,519,2,438,0.8406909788867563,1.0671785028790788,486,0.9328214971209213,0.17078189300411523,436,0.8400770712909441,2,1.0,0,0.0,401,0.7696737044145874,85,0.16314779270633398,35,0.0671785028790787,0,0.0,0.0
retrospective_cycle25,logistic,fixed_2015,0.1,False,2021-10,289,212,77,276,0.9550173010380623,1.0311418685121108,280,0.9688581314878892,0.04642857142857143,199,0.9386792452830188,77,1.0,0,0.0,194,0.671280276816609,86,0.2975778546712803,9,0.031141868512110725,0,0.0,0.0
retrospective_cycle25,logistic,fixed_2015,0.1,False,2021-11,381,365,16,369,0.968503937007874,1.0393700787401574,366,0.9606299212598425,0.03278688524590164,353,0.9671232876712329,16,1.0,0,0.0,338,0.8871391076115486,28,0.07349081364829396,15,0.03937007874015748,0,0.0,0.0
retrospective_cycle25,logistic,fixed_2015,0.1,False,2021-12,847,805,42,743,0.8772136953955135,1.0330578512396693,819,0.9669421487603306,0.12698412698412698,722,0.8968944099378882,21,0.5,0,0.0,723,0.8536009445100354,96,0.11334120425029516,28,0.03305785123966942,21,0.5,0.0
retrospective_cycle25,logistic,fixed_2015,0.1,False,2022-01,542,521,21,484,0.8929889298892989,1.0350553505535056,523,0.9649446494464945,0.11089866156787763,463,0.8886756238003839,21,1.0,0,0.0,444,0.8191881918819188,79,0.14575645756457564,19,0.03505535055350553,0,0.0,0.0
retrospective_cycle25,logistic,fixed_2015,0.1,False,2022-02,431,425,6,399,0.925754060324826,1.023201856148492,421,0.9767981438515081,0.07600950118764846,399,0.9388235294117647,0,0.0,0,0.0,395,0.9164733178654292,26,0.060324825986078884,10,0.02320185614849188,6,1.0,0.0
retrospective_cycle25,logistic,fixed_2015,0.1,False,2022-03,872,736,136,756,0.8669724770642202,1.026376146788991,849,0.9736238532110092,0.13663133097762073,688,0.9347826086956522,68,0.5,0,0.0,742,0.8509174311926605,107,0.12270642201834862,23,0.026376146788990827,68,0.5,0.0
retrospective_cycle25,logistic,fixed_2015,0.1,False,2022-04,548,506,42,473,0.8631386861313869,1.031021897810219,531,0.968978102189781,0.14124293785310735,432,0.8537549407114624,41,0.9761904761904762,0,0.0,425,0.7755474452554745,106,0.19343065693430658,17,0.03102189781021898,1,0.023809523809523808,0.0
retrospective_cycle25,logistic,fixed_2015,0.1,False,2022-05,831,724,107,680,0.8182912154031288,1.0120336943441637,821,0.9879663056558363,0.18392204628501826,636,0.8784530386740331,44,0.411214953271028,0,0.0,692,0.8327316486161251,129,0.1552346570397112,10,0.012033694344163659,63,0.5887850467289719,0.0
retrospective_cycle25,logistic,fixed_2015,0.1,False,2022-06,582,540,42,497,0.8539518900343642,1.0670103092783505,543,0.9329896907216495,0.15653775322283608,465,0.8611111111111112,32,0.7619047619047619,0,0.0,437,0.7508591065292096,106,0.18213058419243985,39,0.06701030927835051,10,0.23809523809523808,0.0
retrospective_cycle25,logistic,fixed_2015,0.1,False,2022-07,829,801,28,725,0.8745476477683957,1.0554885404101326,783,0.9445114595898673,0.13282247765006386,704,0.8789013732833958,21,0.75,0,0.0,673,0.8118214716525934,110,0.13268998793727382,46,0.05548854041013269,7,0.25,0.0
retrospective_cycle25,logistic,fixed_2015,0.1,False,2022-08,519,457,62,425,0.8188824662813102,1.0327552986512525,502,0.9672447013487476,0.18725099601593626,398,0.8708971553610503,27,0.43548387096774194,0,0.0,419,0.8073217726396917,83,0.1599229287090559,17,0.03275529865125241,35,0.5645161290322581,0.0
retrospective_cycle25,logistic,fixed_2015,0.1,False,2022-09,534,470,64,416,0.7790262172284644,1.097378277153558,482,0.9026217228464419,0.24481327800829875,376,0.8,40,0.625,0,0.0,353,0.6610486891385767,129,0.24157303370786518,52,0.09737827715355805,24,0.375,0.0
retrospective_cycle25,logistic,fixed_2015,0.1,False,2022-10,598,551,47,552,0.9230769230769231,1.0501672240802675,568,0.9498327759197325,0.08098591549295775,506,0.9183303085299456,46,0.9787234042553191,0,0.0,484,0.8093645484949833,84,0.14046822742474915,30,0.05016722408026756,1,0.02127659574468085,0.0
retrospective_cycle25,logistic,fixed_2015,0.1,False,2022-11,608,565,43,513,0.84375,1.0213815789473684,595,0.9786184210526315,0.15966386554621848,497,0.879646017699115,16,0.37209302325581395,0,0.0,514,0.8453947368421053,81,0.13322368421052633,13,0.02138157894736842,27,0.627906976744186,0.0
retrospective_cycle25,logistic,fixed_2015,0.1,False,2022-12,745,636,109,525,0.7046979865771812,1.0657718120805368,696,0.934228187919463,0.3160919540229885,471,0.7405660377358491,54,0.4954128440366973,0,0.0,494,0.6630872483221476,202,0.27114093959731544,49,0.06577181208053691,55,0.5045871559633027,0.0
retrospective_cycle25,logistic,fixed_2015,0.1,False,2023-01,717,630,87,564,0.7866108786610879,1.0878661087866108,654,0.9121338912133892,0.23394495412844038,477,0.7571428571428571,87,1.0,0,0.0,418,0.5829846582984658,236,0.3291492329149233,63,0.08786610878661087,0,0.0,0.0
retrospective_cycle25,logistic,fixed_2015,0.1,False,2023-02,648,565,83,500,0.7716049382716049,1.0524691358024691,614,0.9475308641975309,0.24104234527687296,442,0.7823008849557522,58,0.6987951807228916,0,0.0,437,0.6743827160493827,177,0.27314814814814814,34,0.05246913580246913,25,0.30120481927710846,0.0
retrospective_cycle25,logistic,fixed_2015,0.1,False,2023-03,889,764,125,711,0.7997750281214848,1.0551181102362204,840,0.9448818897637795,0.2119047619047619,653,0.8547120418848168,58,0.464,0,0.0,677,0.7615298087739033,163,0.18335208098987626,49,0.05511811023622047,67,0.536,0.0
retrospective_cycle25,logistic,fixed_2015,0.1,False,2023-04,832,828,4,674,0.8100961538461539,1.0480769230769231,792,0.9519230769230769,0.1994949494949495,670,0.8091787439613527,4,1.0,0,0.0,630,0.7572115384615384,162,0.19471153846153846,40,0.04807692307692308,0,0.0,0.0
retrospective_cycle25,logistic,fixed_2015,0.1,False,2023-05,713,532,181,487,0.6830294530154277,1.0336605890603086,689,0.9663394109396914,0.32801161103047893,385,0.7236842105263158,102,0.56353591160221,0,0.0,447,0.6269284712482468,242,0.3394109396914446,24,0.033660589060308554,79,0.43646408839779005,0.0
retrospective_cycle25,logistic,fixed_2015,0.1,False,2023-06,1013,934,79,813,0.8025666337611056,1.0394866732477788,973,0.9605133267522211,0.20554984583761562,775,0.8297644539614561,38,0.4810126582278481,0,0.0,784,0.773938795656466,189,0.18657453109575517,40,0.039486673247778874,41,0.5189873417721519,0.0
retrospective_cycle25,logistic,fixed_2015,0.1,False,2023-07,627,458,169,507,0.8086124401913876,1.0956937799043063,567,0.9043062200956937,0.21164021164021163,382,0.834061135371179,125,0.7396449704142012,0,0.0,379,0.6044657097288676,188,0.29984051036682613,60,0.09569377990430622,44,0.2603550295857988,0.0
retrospective_cycle25,logistic,fixed_2015,0.1,False,2023-08,695,629,66,529,0.7611510791366907,1.0489208633093525,661,0.9510791366906475,0.25113464447806355,503,0.7996820349761526,26,0.3939393939393939,0,0.0,511,0.7352517985611511,150,0.2158273381294964,34,0.04892086330935252,40,0.6060606060606061,0.0
retrospective_cycle25,logistic,fixed_2015,0.1,False,2023-09,922,806,116,747,0.8101952277657267,1.0509761388286334,875,0.9490238611713666,0.2,655,0.8126550868486352,92,0.7931034482758621,0,0.0,635,0.6887201735357917,240,0.2603036876355748,47,0.0509761388286334,24,0.20689655172413793,0.0
retrospective_cycle25,logistic,fixed_2015,0.1,False,2023-10,746,705,41,625,0.8378016085790885,1.03485254691689,720,0.9651474530831099,0.16805555555555557,584,0.8283687943262411,41,1.0,0,0.0,558,0.7479892761394102,162,0.21715817694369974,26,0.03485254691689008,0,0.0,0.0
retrospective_cycle25,logistic,fixed_2015,0.1,False,2023-11,822,742,80,687,0.8357664233576643,1.0705596107055961,764,0.9294403892944039,0.17670157068062828,607,0.8180592991913747,80,1.0,0,0.0,553,0.6727493917274939,211,0.25669099756691,58,0.0705596107055961,0,0.0,0.0
retrospective_cycle25,logistic,fixed_2015,0.1,False,2023-12,587,544,43,446,0.7597955706984668,1.0630323679727427,550,0.9369676320272572,0.25636363636363635,436,0.8014705882352942,10,0.23255813953488372,0,0.0,435,0.7410562180579217,115,0.19591141396933562,37,0.06303236797274275,33,0.7674418604651163,0.0
retrospective_cycle25,logistic,fixed_2015,0.1,False,2024-01,634,612,22,525,0.8280757097791798,1.028391167192429,616,0.9716088328075709,0.17694805194805194,503,0.8218954248366013,22,1.0,0,0.0,488,0.7697160883280757,128,0.20189274447949526,18,0.028391167192429023,0,0.0,0.0
retrospective_cycle25,logistic,fixed_2015,0.1,False,2024-02,714,567,147,615,0.8613445378151261,1.0280112044817926,694,0.9719887955182073,0.14265129682997119,502,0.8853615520282186,113,0.7687074829931972,0,0.0,522,0.7310924369747899,172,0.24089635854341737,20,0.028011204481792718,34,0.23129251700680273,0.0
retrospective_cycle25,logistic,fixed_2015,0.1,False,2024-03,646,537,109,631,0.9767801857585139,1.043343653250774,618,0.9566563467492261,0.024271844660194174,527,0.9813780260707635,104,0.9541284403669725,0,0.0,512,0.7925696594427245,106,0.16408668730650156,28,0.043343653250773995,5,0.045871559633027525,0.0
retrospective_cycle25,logistic,fixed_2015,0.1,False,2024-04,644,569,75,588,0.9130434782608695,1.0372670807453417,620,0.9627329192546584,0.09032258064516129,547,0.961335676625659,41,0.5466666666666666,0,0.0,572,0.8881987577639752,48,0.07453416149068323,24,0.037267080745341616,34,0.4533333333333333,0.0
retrospective_cycle25,logistic,fixed_2015,0.1,False,2024-05,504,470,34,412,0.8174603174603174,1.0634920634920635,472,0.9365079365079365,0.19491525423728814,378,0.8042553191489362,34,1.0,0,0.0,346,0.6865079365079365,126,0.25,32,0.06349206349206349,0,0.0,0.0
retrospective_cycle25,logistic,fixed_2015,0.1,False,2024-06,954,783,171,770,0.8071278825995807,1.0817610062893082,876,0.9182389937106918,0.2100456621004566,611,0.7803320561941252,159,0.9298245614035088,0,0.0,551,0.5775681341719078,325,0.34067085953878407,78,0.08176100628930817,12,0.07017543859649122,0.0
retrospective_cycle25,logistic,fixed_2015,0.1,False,2024-07,461,296,165,325,0.7049891540130152,1.0238611713665944,450,0.9761388286334056,0.3022222222222222,200,0.6756756756756757,125,0.7575757575757576,0,0.0,230,0.49891540130151846,220,0.4772234273318872,11,0.02386117136659436,40,0.24242424242424243,0.0
retrospective_cycle25,logistic,fixed_2015,0.1,False,2024-08,709,535,174,523,0.7376586741889986,1.0691114245416078,660,0.9308885754583921,0.2818181818181818,354,0.6616822429906543,169,0.9712643678160919,0,0.0,320,0.4513399153737659,340,0.4795486600846262,49,0.0691114245416079,5,0.028735632183908046,0.0
retrospective_cycle25,logistic,fixed_2015,0.1,False,2024-09,550,495,55,385,0.7,1.0818181818181818,505,0.9181818181818182,0.32673267326732675,338,0.6828282828282828,47,0.8545454545454545,0,0.0,310,0.5636363636363636,195,0.35454545454545455,45,0.08181818181818182,8,0.14545454545454545,0.0
retrospective_cycle25,logistic,fixed_2015,0.1,False,2024-10,545,408,137,374,0.6862385321100918,1.036697247706422,525,0.963302752293578,0.32571428571428573,254,0.6225490196078431,120,0.8759124087591241,0,0.0,257,0.47155963302752296,268,0.4917431192660551,20,0.03669724770642202,17,0.12408759124087591,0.0
retrospective_cycle25,logistic,fixed_2015,0.1,False,2024-11,345,229,116,248,0.7188405797101449,1.0,345,1.0,0.2811594202898551,136,0.5938864628820961,112,0.9655172413793104,0,0.0,140,0.4057971014492754,205,0.5942028985507246,0,0.0,4,0.034482758620689655,0.0
retrospective_cycle25,logistic,fixed_2015,0.1,False,2024-12,366,312,54,302,0.825136612021858,1.0956284153005464,331,0.9043715846994536,0.1933534743202417,265,0.8493589743589743,37,0.6851851851851852,0,0.0,257,0.7021857923497268,74,0.20218579234972678,35,0.09562841530054644,17,0.3148148148148148,0.0
retrospective_cycle25,logistic,fixed_2015,0.1,False,2025-01,701,651,50,610,0.8701854493580599,1.0641940085592012,656,0.9358059914407989,0.13871951219512196,561,0.8617511520737328,49,0.98,0,0.0,518,0.738944365192582,138,0.19686162624821682,45,0.06419400855920114,1,0.02,0.0
retrospective_cycle25,logistic,fixed_2015,0.1,False,2025-02,517,469,48,393,0.7601547388781431,1.04642166344294,493,0.9535783365570599,0.2515212981744422,345,0.7356076759061834,48,1.0,0,0.0,323,0.6247582205029013,170,0.3288201160541586,24,0.04642166344294004,0,0.0,0.0
retrospective_cycle25,logistic,fixed_2015,0.1,False,2025-03,781,732,49,598,0.765685019206146,1.0396927016645328,750,0.9603072983354674,0.244,565,0.7718579234972678,33,0.673469387755102,0,0.0,561,0.7183098591549296,189,0.24199743918053776,31,0.03969270166453265,16,0.32653061224489793,0.0
retrospective_cycle25,logistic,fixed_2015,0.1,False,2025-04,841,764,77,725,0.8620689655172413,1.0725326991676576,780,0.9274673008323424,0.14871794871794872,693,0.9070680628272252,32,0.4155844155844156,0,0.0,680,0.8085612366230678,100,0.11890606420927467,61,0.07253269916765755,45,0.5844155844155844,0.0
retrospective_cycle25,logistic,fixed_2015,0.1,False,2025-05,840,750,90,723,0.8607142857142858,1.0380952380952382,808,0.9619047619047619,0.1448019801980198,665,0.8866666666666667,58,0.6444444444444445,0,0.0,681,0.8107142857142857,127,0.15119047619047618,32,0.0380952380952381,32,0.35555555555555557,0.0
retrospective_cycle25,logistic,fixed_2015,0.1,False,2025-06,599,546,53,458,0.7646076794657763,1.0484140233722872,570,0.9515859766277128,0.24736842105263157,407,0.7454212454212454,51,0.9622641509433962,0,0.0,388,0.6477462437395659,182,0.3038397328881469,29,0.048414023372287146,2,0.03773584905660377,0.0
retrospective_cycle25,logistic,fixed_2015,0.1,False,2025-07,527,527,0,464,0.8804554079696395,1.045540796963947,503,0.9544592030360531,0.12524850894632206,464,0.8804554079696395,0,,0,0.0,440,0.8349146110056926,63,0.11954459203036052,24,0.04554079696394687,0,,0.0
retrospective_cycle25,logistic,fixed_2015,0.1,False,2025-08,424,413,11,326,0.7688679245283019,1.1037735849056605,380,0.8962264150943396,0.2578947368421053,322,0.7796610169491526,4,0.36363636363636365,0,0.0,287,0.6768867924528302,93,0.21933962264150944,44,0.10377358490566038,7,0.6363636363636364,0.0
retrospective_cycle25,logistic,fixed_2015,0.1,False,2025-09,604,497,107,513,0.8493377483443708,1.1076158940397351,539,0.8923841059602649,0.16883116883116883,437,0.8792756539235412,76,0.7102803738317757,0,0.0,428,0.7086092715231788,111,0.1837748344370861,65,0.1076158940397351,31,0.2897196261682243,0.0
retrospective_cycle25,logistic,fixed_2015,0.1,False,2025-10,837,754,83,769,0.918757467144564,1.021505376344086,819,0.978494623655914,0.08302808302808302,701,0.9297082228116711,68,0.8192771084337349,0,0.0,701,0.8375149342891278,118,0.14097968936678615,18,0.021505376344086023,15,0.18072289156626506,0.0
retrospective_cycle25,logistic,fixed_2015,0.1,False,2025-11,414,414,0,347,0.8381642512077294,1.0579710144927537,390,0.9420289855072463,0.1717948717948718,347,0.8381642512077294,0,,0,0.0,323,0.7801932367149759,67,0.16183574879227053,24,0.057971014492753624,0,,0.0
retrospective_cycle25,logistic,fixed_2015,0.1,False,2025-12,488,424,64,419,0.8586065573770492,1.0327868852459017,472,0.9672131147540983,0.1461864406779661,355,0.8372641509433962,64,1.0,0,0.0,340,0.6967213114754098,132,0.27049180327868855,16,0.03278688524590164,0,0.0,0.0
retrospective_cycle25,logistic,rolling_90d,0.1,False,2021-01,142,142,0,142,1.0,2.0,0,0.0,,142,1.0,0,,0,0.0,0,0.0,0,0.0,142,1.0,0,,1.0
retrospective_cycle25,logistic,rolling_90d,0.1,False,2021-02,137,137,0,92,0.6715328467153284,1.6715328467153285,45,0.3284671532846715,1.0,92,0.6715328467153284,0,,0,0.0,0,0.0,45,0.3284671532846715,92,0.6715328467153284,0,,1.0
retrospective_cycle25,logistic,rolling_90d,0.1,False,2021-03,390,390,0,390,1.0,2.0,0,0.0,,390,1.0,0,,0,0.0,0,0.0,0,0.0,390,1.0,0,,1.0
retrospective_cycle25,logistic,rolling_90d,0.1,False,2021-04,212,208,4,136,0.6415094339622641,1.6367924528301887,77,0.3632075471698113,0.987012987012987,132,0.6346153846153846,4,1.0,0,0.0,0,0.0,77,0.3632075471698113,135,0.6367924528301887,0,0.0,1.0
retrospective_cycle25,logistic,rolling_90d,0.1,False,2021-05,247,230,17,214,0.8663967611336032,1.8178137651821862,45,0.18218623481781376,0.7333333333333333,197,0.8565217391304348,17,1.0,0,0.0,0,0.0,45,0.18218623481781376,202,0.8178137651821862,0,0.0,1.0
retrospective_cycle25,logistic,rolling_90d,0.1,False,2021-06,270,270,0,238,0.8814814814814815,1.8814814814814815,32,0.11851851851851852,1.0,238,0.8814814814814815,0,,0,0.0,0,0.0,32,0.11851851851851852,238,0.8814814814814815,0,,1.0
retrospective_cycle25,logistic,rolling_90d,0.1,False,2021-07,572,572,0,540,0.9440559440559441,1.944055944055944,32,0.055944055944055944,1.0,540,0.9440559440559441,0,,0,0.0,0,0.0,32,0.055944055944055944,540,0.9440559440559441,0,,1.0
retrospective_cycle25,logistic,rolling_90d,0.1,False,2021-08,343,313,30,299,0.8717201166180758,1.784256559766764,74,0.21574344023323616,0.5945945945945946,269,0.8594249201277955,30,1.0,0,0.0,0,0.0,74,0.21574344023323616,269,0.7842565597667639,0,0.0,1.0
retrospective_cycle25,logistic,rolling_90d,0.1,False,2021-09,521,519,2,390,0.7485604606525912,1.744721689059501,133,0.255278310940499,0.9849624060150376,388,0.7475915221579962,2,1.0,0,0.0,0,0.0,133,0.255278310940499,388,0.744721689059501,0,0.0,1.0
retrospective_cycle25,logistic,rolling_90d,0.1,False,2021-10,289,212,77,276,0.9550173010380623,1.754325259515571,71,0.24567474048442905,0.18309859154929578,199,0.9386792452830188,77,1.0,0,0.0,0,0.0,71,0.24567474048442905,218,0.754325259515571,0,0.0,1.0
retrospective_cycle25,logistic,rolling_90d,0.1,False,2021-11,381,365,16,381,1.0,1.2545931758530184,284,0.7454068241469817,0.0,365,1.0,16,1.0,0,0.0,282,0.7401574803149606,2,0.005249343832020997,97,0.2545931758530184,0,0.0,0.25984251968503935
retrospective_cycle25,logistic,rolling_90d,0.1,False,2021-12,847,805,42,741,0.8748524203069658,1.8417945690672963,134,0.15820543093270367,0.7910447761194029,699,0.8683229813664596,42,1.0,0,0.0,0,0.0,134,0.15820543093270367,713,0.8417945690672963,0,0.0,1.0
retrospective_cycle25,logistic,rolling_90d,0.1,False,2022-01,542,521,21,472,0.8708487084870848,1.8321033210332103,91,0.16789667896678967,0.7692307692307693,451,0.8656429942418427,21,1.0,0,0.0,0,0.0,91,0.16789667896678967,451,0.8321033210332104,0,0.0,1.0
retrospective_cycle25,logistic,rolling_90d,0.1,False,2022-02,431,425,6,401,0.9303944315545244,1.9303944315545243,30,0.06960556844547564,1.0,395,0.9294117647058824,6,1.0,0,0.0,0,0.0,30,0.06960556844547564,401,0.9303944315545244,0,0.0,1.0
retrospective_cycle25,logistic,rolling_90d,0.1,False,2022-03,872,736,136,791,0.9071100917431193,1.4277522935779816,499,0.5722477064220184,0.1623246492985972,687,0.9334239130434783,104,0.7647058823529411,0,0.0,391,0.44839449541284404,108,0.12385321100917432,373,0.42775229357798167,32,0.23529411764705882,0.41857798165137616
retrospective_cycle25,logistic,rolling_90d,0.1,False,2022-04,548,506,42,468,0.8540145985401459,1.1259124087591241,479,0.8740875912408759,0.16701461377870563,426,0.841897233201581,42,1.0,0,0.0,358,0.6532846715328468,121,0.2208029197080292,69,0.1259124087591241,0,0.0,0.0
retrospective_cycle25,logistic,rolling_90d,0.1,False,2022-05,831,724,107,703,0.8459687123947052,1.2442839951865223,628,0.7557160048134778,0.20382165605095542,629,0.8687845303867403,74,0.6915887850467289,0,0.0,490,0.5896510228640193,138,0.16606498194945848,203,0.24428399518652227,33,0.308411214953271,0.0
retrospective_cycle25,logistic,rolling_90d,0.1,False,2022-06,582,540,42,518,0.8900343642611683,1.5584192439862543,257,0.4415807560137457,0.2490272373540856,476,0.8814814814814815,42,1.0,0,0.0,162,0.27835051546391754,95,0.16323024054982818,325,0.5584192439862543,0,0.0,0.0
retrospective_cycle25,logistic,rolling_90d,0.1,False,2022-07,829,801,28,750,0.9047044632086851,1.5621230398069963,363,0.4378769601930036,0.21763085399449036,722,0.9013732833957553,28,1.0,0,0.0,272,0.3281061519903498,91,0.1097708082026538,466,0.5621230398069964,0,0.0,0.0
retrospective_cycle25,logistic,rolling_90d,0.1,False,2022-08,519,457,62,468,0.9017341040462428,1.5317919075144508,243,0.4682080924855491,0.20987654320987653,409,0.8949671772428884,59,0.9516129032258065,0,0.0,171,0.32947976878612717,72,0.13872832369942195,276,0.5317919075144508,3,0.04838709677419355,0.3159922928709056
retrospective_cycle25,logistic,rolling_90d,0.1,False,2022-09,534,470,64,454,0.850187265917603,1.7584269662921348,129,0.24157303370786518,0.6201550387596899,390,0.8297872340425532,64,1.0,0,0.0,15,0.028089887640449437,114,0.21348314606741572,405,0.7584269662921348,0,0.0,0.16853932584269662
retrospective_cycle25,logistic,rolling_90d,0.1,False,2022-10,598,551,47,565,0.9448160535117057,1.7324414715719063,160,0.26755852842809363,0.20625,518,0.9401088929219601,47,1.0,0,0.0,93,0.15551839464882944,67,0.11204013377926421,438,0.7324414715719063,0,0.0,0.0
retrospective_cycle25,logistic,rolling_90d,0.1,False,2022-11,608,565,43,550,0.9046052631578947,1.7236842105263157,168,0.27631578947368424,0.34523809523809523,507,0.8973451327433628,43,1.0,0,0.0,97,0.15953947368421054,71,0.11677631578947369,440,0.7236842105263158,0,0.0,0.19572368421052633
retrospective_cycle25,logistic,rolling_90d,0.1,False,2022-12,745,636,109,627,0.8416107382550335,1.4859060402684563,383,0.5140939597315436,0.30809399477806787,524,0.8238993710691824,103,0.944954128440367,0,0.0,252,0.338255033557047,131,0.17583892617449665,362,0.48590604026845635,6,0.05504587155963303,0.07651006711409396
retrospective_cycle25,logistic,rolling_90d,0.1,False,2023-01,717,630,87,611,0.8521617852161785,1.4672245467224547,382,0.5327754532775453,0.2774869109947644,524,0.8317460317460318,87,1.0,0,0.0,208,0.2900976290097629,174,0.24267782426778242,335,0.46722454672245467,0,0.0,0.0
retrospective_cycle25,logistic,rolling_90d,0.1,False,2023-02,648,565,83,567,0.875,1.3842592592592593,399,0.6157407407407407,0.20300751879699247,495,0.8761061946902655,72,0.8674698795180723,0,0.0,294,0.4537037037037037,105,0.16203703703703703,249,0.38425925925925924,11,0.13253012048192772,0.0
retrospective_cycle25,logistic,rolling_90d,0.1,False,2023-03,889,764,125,782,0.8796400449943758,1.4971878515185602,447,0.5028121484814398,0.23937360178970918,716,0.93717277486911,66,0.528,0,0.0,363,0.40832395950506184,84,0.09448818897637795,442,0.49718785151856015,59,0.472,0.0
retrospective_cycle25,logistic,rolling_90d,0.1,False,2023-04,832,828,4,749,0.9002403846153846,1.4146634615384615,487,0.5853365384615384,0.1704312114989733,745,0.8997584541062802,4,1.0,0,0.0,404,0.4855769230769231,83,0.09975961538461539,345,0.41466346153846156,0,0.0,0.0
retrospective_cycle25,logistic,rolling_90d,0.1,False,2023-05,713,532,181,599,0.8401122019635343,1.5385694249649369,329,0.46143057503506313,0.3465045592705167,438,0.8233082706766918,161,0.8895027624309392,0,0.0,165,0.2314165497896213,164,0.2300140252454418,384,0.5385694249649369,20,0.11049723756906077,0.0
retrospective_cycle25,logistic,rolling_90d,0.1,False,2023-06,1013,934,79,905,0.8933859822309971,1.6475814412635736,357,0.35241855873642647,0.3025210084033613,831,0.8897216274089935,74,0.9367088607594937,0,0.0,233,0.23000987166831194,124,0.12240868706811452,656,0.6475814412635735,5,0.06329113924050633,0.0
retrospective_cycle25,logistic,rolling_90d,0.1,False,2023-07,627,458,169,582,0.9282296650717703,1.696969696969697,190,0.30303030303030304,0.23684210526315788,413,0.9017467248908297,169,1.0,0,0.0,88,0.14035087719298245,102,0.16267942583732056,437,0.696969696969697,0,0.0,0.0
retrospective_cycle25,logistic,rolling_90d,0.1,False,2023-08,695,629,66,655,0.9424460431654677,1.5035971223021583,345,0.49640287769784175,0.11594202898550725,591,0.9395866454689984,64,0.9696969696969697,0,0.0,301,0.4330935251798561,44,0.06330935251798561,350,0.5035971223021583,2,0.030303030303030304,0.0
retrospective_cycle25,logistic,rolling_90d,0.1,False,2023-09,922,806,116,809,0.8774403470715835,1.297180043383948,648,0.702819956616052,0.1743827160493827,710,0.8808933002481389,99,0.853448275862069,0,0.0,471,0.5108459869848156,177,0.19197396963123645,274,0.29718004338394793,17,0.14655172413793102,0.0
retrospective_cycle25,logistic,rolling_90d,0.1,False,2023-10,746,705,41,688,0.9222520107238605,1.3699731903485255,470,0.6300268096514745,0.12340425531914893,647,0.9177304964539007,41,1.0,0,0.0,371,0.4973190348525469,99,0.13270777479892762,276,0.3699731903485255,0,0.0,0.0
retrospective_cycle25,logistic,rolling_90d,0.1,False,2023-11,822,742,80,737,0.8965936739659367,1.2603406326034063,608,0.7396593673965937,0.13980263157894737,657,0.8854447439353099,80,1.0,0,0.0,452,0.5498783454987834,156,0.1897810218978102,214,0.26034063260340634,0,0.0,0.0
retrospective_cycle25,logistic,rolling_90d,0.1,False,2023-12,587,544,43,533,0.9080068143100511,1.2657580919931857,431,0.7342419080068143,0.12529002320185614,500,0.9191176470588235,33,0.7674418604651163,0,0.0,385,0.65587734241908,46,0.07836456558773425,156,0.2657580919931857,10,0.23255813953488372,0.02555366269165247
retrospective_cycle25,logistic,rolling_90d,0.1,False,2024-01,634,612,22,561,0.8848580441640379,1.1735015772870663,524,0.8264984227129337,0.13931297709923665,539,0.880718954248366,22,1.0,0,0.0,433,0.6829652996845426,91,0.14353312302839116,110,0.17350157728706625,0,0.0,0.0
retrospective_cycle25,logistic,rolling_90d,0.1,False,2024-02,714,567,147,675,0.9453781512605042,1.2366946778711485,545,0.7633053221288515,0.07155963302752294,535,0.9435626102292769,140,0.9523809523809523,0,0.0,422,0.5910364145658263,123,0.1722689075630252,169,0.23669467787114845,7,0.047619047619047616,0.0
retrospective_cycle25,logistic,rolling_90d,0.1,False,2024-03,646,537,109,639,0.9891640866873065,1.1269349845201238,564,0.8730650154798761,0.012411347517730497,530,0.9869646182495344,109,1.0,0,0.0,466,0.7213622291021672,98,0.15170278637770898,82,0.12693498452012383,0,0.0,0.0
retrospective_cycle25,logistic,rolling_90d,0.1,False,2024-04,644,569,75,583,0.90527950310559,1.0077639751552796,639,0.9922360248447205,0.09546165884194054,538,0.945518453427065,45,0.6,0,0.0,563,0.8742236024844721,76,0.11801242236024845,5,0.007763975155279503,30,0.4,0.0
retrospective_cycle25,logistic,rolling_90d,0.1,False,2024-05,504,470,34,379,0.751984126984127,1.0734126984126984,467,0.9265873015873016,0.2676659528907923,345,0.7340425531914894,34,1.0,0,0.0,308,0.6111111111111112,159,0.31547619047619047,37,0.07341269841269842,0,0.0,0.0
retrospective_cycle25,logistic,rolling_90d,0.1,False,2024-06,954,783,171,822,0.8616352201257862,1.2421383647798743,723,0.7578616352201258,0.1825726141078838,653,0.8339719029374202,169,0.9883040935672515,0,0.0,447,0.46855345911949686,276,0.2893081761006289,231,0.24213836477987422,2,0.011695906432748537,0.0
retrospective_cycle25,logistic,rolling_90d,0.1,False,2024-07,461,296,165,354,0.7678958785249458,1.1822125813449025,377,0.8177874186550976,0.2838196286472148,229,0.7736486486486487,125,0.7575757575757576,0,0.0,207,0.4490238611713666,170,0.368763557483731,84,0.1822125813449024,40,0.24242424242424243,0.0
retrospective_cycle25,logistic,rolling_90d,0.1,False,2024-08,709,535,174,572,0.8067700987306065,1.2016925246826515,566,0.7983074753173484,0.2420494699646643,401,0.7495327102803738,171,0.9827586206896551,0,0.0,276,0.38928067700987307,290,0.4090267983074753,143,0.2016925246826516,3,0.017241379310344827,0.0
retrospective_cycle25,logistic,rolling_90d,0.1,False,2024-09,550,495,55,458,0.8327272727272728,1.2763636363636364,398,0.7236363636363636,0.23115577889447236,410,0.8282828282828283,48,0.8727272727272727,0,0.0,286,0.52,112,0.20363636363636364,152,0.27636363636363637,7,0.12727272727272726,0.0
retrospective_cycle25,logistic,rolling_90d,0.1,False,2024-10,545,408,137,515,0.944954128440367,1.4807339449541284,283,0.5192660550458715,0.10600706713780919,392,0.9607843137254902,123,0.8978102189781022,0,0.0,260,0.47706422018348627,23,0.04220183486238532,262,0.48073394495412847,14,0.10218978102189781,0.0
retrospective_cycle25,logistic,rolling_90d,0.1,False,2024-11,345,229,116,303,0.8782608695652174,1.2550724637681159,257,0.744927536231884,0.16342412451361868,191,0.834061135371179,112,0.9655172413793104,0,0.0,140,0.4057971014492754,117,0.3391304347826087,88,0.25507246376811593,4,0.034482758620689655,0.0
retrospective_cycle25,logistic,rolling_90d,0.1,False,2024-12,366,312,54,319,0.8715846994535519,1.2076502732240437,290,0.7923497267759563,0.16206896551724137,284,0.9102564102564102,35,0.6481481481481481,0,0.0,256,0.6994535519125683,34,0.09289617486338798,76,0.20765027322404372,19,0.35185185185185186,0.0
retrospective_cycle25,logistic,rolling_90d,0.1,False,2025-01,701,651,50,700,0.9985734664764622,1.253922967189729,523,0.746077032810271,0.0019120458891013384,651,1.0,49,0.98,0,0.0,507,0.7232524964336662,16,0.02282453637660485,178,0.25392296718972895,1,0.02,0.0
retrospective_cycle25,logistic,rolling_90d,0.1,False,2025-02,517,469,48,428,0.8278529980657641,1.1411992263056092,444,0.8588007736943907,0.20045045045045046,380,0.8102345415778252,48,1.0,0,0.0,317,0.6131528046421664,127,0.24564796905222436,73,0.14119922630560927,0,0.0,0.0
retrospective_cycle25,logistic,rolling_90d,0.1,False,2025-03,781,732,49,639,0.8181818181818182,1.0934699103713188,708,0.9065300896286812,0.20056497175141244,623,0.8510928961748634,16,0.32653061224489793,0,0.0,587,0.7516005121638925,121,0.15492957746478872,73,0.09346991037131883,33,0.673469387755102,0.0
retrospective_cycle25,logistic,rolling_90d,0.1,False,2025-04,841,764,77,795,0.9453032104637337,1.1938168846611177,678,0.8061831153388823,0.06784660766961652,743,0.9725130890052356,52,0.6753246753246753,0,0.0,638,0.7586206896551724,40,0.04756242568370987,163,0.1938168846611177,25,0.3246753246753247,0.0
retrospective_cycle25,logistic,rolling_90d,0.1,False,2025-05,840,750,90,802,0.9547619047619048,1.1833333333333333,686,0.8166666666666667,0.05539358600583091,714,0.952,88,0.9777777777777777,0,0.0,622,0.7404761904761905,64,0.0761904761904762,154,0.18333333333333332,2,0.022222222222222223,0.0
retrospective_cycle25,logistic,rolling_90d,0.1,False,2025-06,599,546,53,487,0.8130217028380634,1.1702838063439065,497,0.8297161936560935,0.22535211267605634,434,0.7948717948717948,53,1.0,0,0.0,355,0.5926544240400667,142,0.2370617696160267,102,0.17028380634390652,0,0.0,0.0
retrospective_cycle25,logistic,rolling_90d,0.1,False,2025-07,527,527,0,474,0.8994307400379506,1.3092979127134725,364,0.6907020872865275,0.14560439560439561,474,0.8994307400379506,0,,0,0.0,311,0.5901328273244781,53,0.10056925996204934,163,0.3092979127134725,0,,0.17647058823529413
retrospective_cycle25,logistic,rolling_90d,0.1,False,2025-08,424,413,11,353,0.8325471698113207,1.8325471698113207,71,0.16745283018867924,1.0,342,0.8280871670702179,11,1.0,0,0.0,0,0.0,71,0.16745283018867924,353,0.8325471698113207,0,0.0,1.0
retrospective_cycle25,logistic,rolling_90d,0.1,False,2025-09,604,497,107,584,0.9668874172185431,1.8824503311258278,71,0.11754966887417219,0.28169014084507044,477,0.959758551307847,107,1.0,0,0.0,43,0.07119205298013245,28,0.046357615894039736,533,0.8824503311258278,0,0.0,0.9288079470198676
retrospective_cycle25,logistic,rolling_90d,0.1,False,2025-10,837,754,83,794,0.948626045400239,1.1636798088410991,700,0.8363201911589009,0.06142857142857143,722,0.9575596816976127,72,0.8674698795180723,0,0.0,612,0.7311827956989247,88,0.10513739545997611,137,0.16367980884109917,11,0.13253012048192772,0.0
retrospective_cycle25,logistic,rolling_90d,0.1,False,2025-11,414,414,0,354,0.855072463768116,1.183574879227053,338,0.8164251207729468,0.17751479289940827,354,0.855072463768116,0,,0,0.0,278,0.6714975845410628,60,0.14492753623188406,76,0.18357487922705315,0,,0.0
retrospective_cycle25,logistic,rolling_90d,0.1,False,2025-12,488,424,64,422,0.8647540983606558,1.096311475409836,441,0.9036885245901639,0.14965986394557823,358,0.8443396226415094,64,1.0,0,0.0,312,0.639344262295082,129,0.26434426229508196,47,0.09631147540983606,0,0.0,0.0
retrospective_cycle25,logistic,rolling_180d,0.1,True,2021-01,142,142,0,142,1.0,2.0,0,0.0,,142,1.0,0,,0,0.0,0,0.0,0,0.0,142,1.0,0,,1.0
retrospective_cycle25,logistic,rolling_180d,0.1,True,2021-02,137,137,0,92,0.6715328467153284,1.6715328467153285,45,0.3284671532846715,1.0,92,0.6715328467153284,0,,0,0.0,0,0.0,45,0.3284671532846715,92,0.6715328467153284,0,,1.0
retrospective_cycle25,logistic,rolling_180d,0.1,True,2021-03,390,390,0,390,1.0,2.0,0,0.0,,390,1.0,0,,0,0.0,0,0.0,0,0.0,390,1.0,0,,1.0
retrospective_cycle25,logistic,rolling_180d,0.1,True,2021-04,212,208,4,136,0.6415094339622641,1.6320754716981132,78,0.36792452830188677,0.9743589743589743,132,0.6346153846153846,4,1.0,0,0.0,0,0.0,78,0.36792452830188677,134,0.6320754716981132,0,0.0,1.0
retrospective_cycle25,logistic,rolling_180d,0.1,True,2021-05,247,230,17,210,0.8502024291497976,1.7935222672064777,51,0.20647773279352227,0.7254901960784313,193,0.8391304347826087,17,1.0,0,0.0,0,0.0,51,0.20647773279352227,196,0.7935222672064778,0,0.0,1.0
retrospective_cycle25,logistic,rolling_180d,0.1,True,2021-06,270,270,0,237,0.8777777777777778,1.8777777777777778,33,0.12222222222222222,1.0,237,0.8777777777777778,0,,0,0.0,0,0.0,33,0.12222222222222222,237,0.8777777777777778,0,,1.0
retrospective_cycle25,logistic,rolling_180d,0.1,True,2021-07,572,572,0,535,0.9353146853146853,1.9353146853146854,37,0.06468531468531469,1.0,535,0.9353146853146853,0,,0,0.0,0,0.0,37,0.06468531468531469,535,0.9353146853146853,0,,1.0
retrospective_cycle25,logistic,rolling_180d,0.1,True,2021-08,343,313,30,301,0.8775510204081632,1.7900874635568513,72,0.2099125364431487,0.5833333333333334,271,0.865814696485623,30,1.0,0,0.0,0,0.0,72,0.2099125364431487,271,0.7900874635568513,0,0.0,1.0
retrospective_cycle25,logistic,rolling_180d,0.1,True,2021-09,521,519,2,391,0.7504798464491362,1.7466410748560461,132,0.2533589251439539,0.9848484848484849,389,0.7495183044315993,2,1.0,0,0.0,0,0.0,132,0.2533589251439539,389,0.746641074856046,0,0.0,1.0
retrospective_cycle25,logistic,rolling_180d,0.1,True,2021-10,289,212,77,276,0.9550173010380623,1.6920415224913494,89,0.3079584775086505,0.14606741573033707,199,0.9386792452830188,77,1.0,0,0.0,0,0.0,89,0.3079584775086505,200,0.6920415224913494,0,0.0,0.9619377162629758
retrospective_cycle25,logistic,rolling_180d,0.1,True,2021-11,381,365,16,360,0.9448818897637795,0.9763779527559056,372,0.9763779527559056,0.03225806451612903,344,0.9424657534246575,16,1.0,9,0.023622047244094488,344,0.9028871391076115,28,0.07349081364829396,0,0.0,0,0.0,0.0
retrospective_cycle25,logistic,rolling_180d,0.1,True,2021-12,847,805,42,722,0.8524203069657615,0.9775678866587958,828,0.9775678866587958,0.1280193236714976,711,0.8832298136645963,11,0.2619047619047619,19,0.02243211334120425,740,0.8736717827626919,88,0.1038961038961039,0,0.0,29,0.6904761904761905,0.0
retrospective_cycle25,logistic,rolling_180d,0.1,True,2022-01,542,521,21,474,0.8745387453874539,1.0258302583025831,528,0.974169741697417,0.12878787878787878,453,0.8694817658349329,21,1.0,0,0.0,439,0.8099630996309963,89,0.16420664206642066,14,0.025830258302583026,0,0.0,0.0
retrospective_cycle25,logistic,rolling_180d,0.1,True,2022-02,431,425,6,402,0.9327146171693735,1.037122969837587,415,0.962877030162413,0.06987951807228916,402,0.9458823529411765,0,0.0,0,0.0,392,0.9095127610208816,23,0.05336426914153132,16,0.037122969837587005,6,1.0,0.0
retrospective_cycle25,logistic,rolling_180d,0.1,True,2022-03,872,736,136,768,0.8807339449541285,1.0894495412844036,794,0.9105504587155964,0.1309823677581864,686,0.9320652173913043,82,0.6029411764705882,0,0.0,684,0.7844036697247706,110,0.12614678899082568,78,0.08944954128440367,54,0.39705882352941174,0.0
retrospective_cycle25,logistic,rolling_180d,0.1,True,2022-04,548,506,42,469,0.8558394160583942,1.0875912408759123,500,0.9124087591240876,0.158,427,0.8438735177865613,42,1.0,0,0.0,382,0.6970802919708029,118,0.21532846715328466,48,0.08759124087591241,0,0.0,0.0
retrospective_cycle25,logistic,rolling_180d,0.1,True,2022-05,831,724,107,706,0.8495788206979543,1.1925391095066185,671,0.8074608904933814,0.18628912071535023,633,0.8743093922651933,73,0.6822429906542056,0,0.0,538,0.6474127557160048,133,0.16004813477737664,160,0.19253910950661854,34,0.3177570093457944,0.0
retrospective_cycle25,logistic,rolling_180d,0.1,True,2022-06,582,540,42,513,0.8814432989690721,1.3900343642611683,355,0.6099656357388317,0.19436619718309858,471,0.8722222222222222,42,1.0,0,0.0,255,0.4381443298969072,100,0.1718213058419244,227,0.3900343642611684,0,0.0,0.0
retrospective_cycle25,logistic,rolling_180d,0.1,True,2022-07,829,801,28,731,0.8817852834740652,1.4318455971049457,471,0.5681544028950543,0.208067940552017,703,0.8776529338327091,28,1.0,0,0.0,359,0.4330518697225573,112,0.13510253317249699,358,0.43184559710494574,0,0.0,0.0
retrospective_cycle25,logistic,rolling_180d,0.1,True,2022-08,519,457,62,443,0.8535645472061657,1.4277456647398843,297,0.5722543352601156,0.2558922558922559,406,0.888402625820569,37,0.5967741935483871,0,0.0,222,0.4277456647398844,75,0.14450867052023122,222,0.4277456647398844,25,0.4032258064516129,0.0
retrospective_cycle25,logistic,rolling_180d,0.1,True,2022-09,534,470,64,466,0.8726591760299626,1.6872659176029963,167,0.31273408239700373,0.40718562874251496,402,0.8553191489361702,64,1.0,0,0.0,67,0.1254681647940075,100,0.18726591760299627,367,0.6872659176029963,0,0.0,0.0
retrospective_cycle25,logistic,rolling_180d,0.1,True,2022-10,598,551,47,568,0.9498327759197325,1.6421404682274248,214,0.35785953177257523,0.14018691588785046,521,0.9455535390199638,47,1.0,0,0.0,150,0.2508361204013378,64,0.10702341137123746,384,0.6421404682274248,0,0.0,0.0
retrospective_cycle25,logistic,rolling_180d,0.1,True,2022-11,608,565,43,547,0.899671052631579,1.5526315789473684,272,0.4473684210526316,0.22426470588235295,510,0.9026548672566371,37,0.8604651162790697,0,0.0,204,0.3355263157894737,68,0.1118421052631579,336,0.5526315789473685,6,0.13953488372093023,0.0
retrospective_cycle25,logistic,rolling_180d,0.1,True,2022-12,745,636,109,623,0.836241610738255,1.6335570469798657,273,0.36644295302013424,0.4468864468864469,518,0.8144654088050315,105,0.963302752293578,0,0.0,129,0.17315436241610738,144,0.19328859060402684,472,0.6335570469798658,4,0.03669724770642202,0.0
retrospective_cycle25,logistic,rolling_180d,0.1,True,2023-01,717,630,87,597,0.8326359832635983,1.5188284518828452,345,0.4811715481171548,0.34782608695652173,510,0.8095238095238095,87,1.0,0,0.0,155,0.21617852161785217,190,0.2649930264993027,372,0.5188284518828452,0,0.0,0.0
retrospective_cycle25,logistic,rolling_180d,0.1,True,2023-02,648,565,83,548,0.845679012345679,1.375,405,0.625,0.24691358024691357,484,0.856637168141593,64,0.7710843373493976,0,0.0,279,0.4305555555555556,126,0.19444444444444445,243,0.375,19,0.2289156626506024,0.0
retrospective_cycle25,logistic,rolling_180d,0.1,True,2023-03,889,764,125,775,0.8717660292463442,1.3858267716535433,546,0.6141732283464567,0.2087912087912088,709,0.9280104712041884,66,0.528,0,0.0,442,0.49718785151856015,104,0.11698537682789652,343,0.3858267716535433,59,0.472,0.0
retrospective_cycle25,logistic,rolling_180d,0.1,True,2023-04,832,828,4,757,0.9098557692307693,1.3401442307692308,549,0.6598557692307693,0.1366120218579235,753,0.9094202898550725,4,1.0,0,0.0,474,0.5697115384615384,75,0.09014423076923077,283,0.3401442307692308,0,0.0,0.0
retrospective_cycle25,logistic,rolling_180d,0.1,True,2023-05,713,532,181,589,0.8260869565217391,1.4165497896213184,416,0.5834502103786816,0.2980769230769231,452,0.849624060150376,137,0.7569060773480663,0,0.0,267,0.3744740532959327,149,0.20897615708274894,297,0.4165497896213184,44,0.2430939226519337,0.0
retrospective_cycle25,logistic,rolling_180d,0.1,True,2023-06,1013,934,79,905,0.8933859822309971,1.6288252714708786,376,0.3711747285291214,0.2872340425531915,831,0.8897216274089935,74,0.9367088607594937,0,0.0,252,0.24876604146100692,124,0.12240868706811452,637,0.6288252714708786,5,0.06329113924050633,0.0
retrospective_cycle25,logistic,rolling_180d,0.1,True,2023-07,627,458,169,579,0.9234449760765551,1.6618819776714513,212,0.33811802232854865,0.22641509433962265,410,0.8951965065502183,169,1.0,0,0.0,94,0.14992025518341306,118,0.18819776714513556,415,0.6618819776714514,0,0.0,0.0
retrospective_cycle25,logistic,rolling_180d,0.1,True,2023-08,695,629,66,664,0.9553956834532374,1.6316546762589927,256,0.3683453237410072,0.12109375,598,0.9507154213036566,66,1.0,0,0.0,211,0.3035971223021583,45,0.06474820143884892,439,0.6316546762589929,0,0.0,0.0
retrospective_cycle25,logistic,rolling_180d,0.1,True,2023-09,922,806,116,821,0.8904555314533622,1.4761388286334056,483,0.5238611713665944,0.20910973084886128,716,0.8883374689826302,105,0.9051724137931034,0,0.0,319,0.34598698481561824,164,0.17787418655097614,439,0.4761388286334056,11,0.09482758620689655,0.0
retrospective_cycle25,logistic,rolling_180d,0.1,True,2023-10,746,705,41,694,0.9302949061662198,1.6970509383378016,226,0.30294906166219837,0.23008849557522124,653,0.926241134751773,41,1.0,0,0.0,136,0.18230563002680966,90,0.12064343163538874,520,0.6970509383378016,0,0.0,0.0
retrospective_cycle25,logistic,rolling_180d,0.1,True,2023-11,822,742,80,738,0.8978102189781022,1.3369829683698298,545,0.6630170316301703,0.15412844036697249,658,0.8867924528301887,80,1.0,0,0.0,394,0.4793187347931874,151,0.18369829683698297,277,0.33698296836982966,0,0.0,0.0
retrospective_cycle25,logistic,rolling_180d,0.1,True,2023-12,587,544,43,533,0.9080068143100511,1.385008517887564,361,0.6149914821124361,0.14958448753462603,498,0.9154411764705882,35,0.813953488372093,0,0.0,313,0.5332197614991482,48,0.0817717206132879,226,0.3850085178875639,8,0.18604651162790697,0.0
retrospective_cycle25,logistic,rolling_180d,0.1,True,2024-01,634,612,22,566,0.8927444794952681,1.2665615141955835,465,0.7334384858044164,0.14623655913978495,544,0.8888888888888888,22,1.0,0,0.0,379,0.5977917981072555,86,0.13564668769716087,169,0.2665615141955836,0,0.0,0.0
retrospective_cycle25,logistic,rolling_180d,0.1,True,2024-02,714,567,147,678,0.9495798319327731,1.273109243697479,519,0.726890756302521,0.06936416184971098,537,0.9470899470899471,141,0.9591836734693877,0,0.0,397,0.5560224089635855,122,0.17086834733893558,195,0.27310924369747897,6,0.04081632653061224,0.0
retrospective_cycle25,logistic,rolling_180d,0.1,True,2024-03,646,537,109,640,0.9907120743034056,1.1408668730650156,555,0.8591331269349846,0.010810810810810811,531,0.9888268156424581,109,1.0,0,0.0,466,0.7213622291021672,89,0.13777089783281735,91,0.14086687306501547,0,0.0,0.0
retrospective_cycle25,logistic,rolling_180d,0.1,True,2024-04,644,569,75,609,0.9456521739130435,1.1164596273291925,569,0.8835403726708074,0.061511423550087874,553,0.9718804920913884,56,0.7466666666666667,0,0.0,530,0.8229813664596274,39,0.06055900621118013,75,0.11645962732919254,19,0.25333333333333335,0.0
retrospective_cycle25,logistic,rolling_180d,0.1,True,2024-05,504,470,34,434,0.8611111111111112,1.2361111111111112,385,0.7638888888888888,0.18181818181818182,400,0.851063829787234,34,1.0,0,0.0,281,0.5575396825396826,104,0.20634920634920634,119,0.2361111111111111,0,0.0,0.0
retrospective_cycle25,logistic,rolling_180d,0.1,True,2024-06,954,783,171,827,0.8668763102725366,1.2882599580712788,679,0.7117400419287212,0.187039764359352,657,0.8390804597701149,170,0.9941520467836257,0,0.0,411,0.4308176100628931,268,0.2809224318658281,275,0.2882599580712788,1,0.005847953216374269,0.0
retrospective_cycle25,logistic,rolling_180d,0.1,True,2024-07,461,296,165,342,0.7418655097613883,1.123644251626898,404,0.8763557483731019,0.29455445544554454,213,0.7195945945945946,129,0.7818181818181819,0,0.0,203,0.4403470715835141,201,0.4360086767895879,57,0.12364425162689804,36,0.21818181818181817,0.0
retrospective_cycle25,logistic,rolling_180d,0.1,True,2024-08,709,535,174,560,0.7898448519040903,1.1932299012693934,572,0.8067700987306065,0.26048951048951047,387,0.7233644859813084,173,0.9942528735632183,0,0.0,265,0.37376586741889983,307,0.4330042313117066,137,0.19322990126939352,1,0.005747126436781609,0.0
retrospective_cycle25,logistic,rolling_180d,0.1,True,2024-09,550,495,55,440,0.8,1.2618181818181817,406,0.7381818181818182,0.270935960591133,392,0.7919191919191919,48,0.8727272727272727,0,0.0,272,0.49454545454545457,134,0.24363636363636362,144,0.26181818181818184,7,0.12727272727272726,0.0
retrospective_cycle25,logistic,rolling_180d,0.1,True,2024-10,545,408,137,457,0.8385321100917431,1.2954128440366972,384,0.7045871559633028,0.22916666666666666,333,0.8161764705882353,124,0.9051094890510949,0,0.0,251,0.46055045871559636,133,0.24403669724770644,161,0.29541284403669726,13,0.0948905109489051,0.0
retrospective_cycle25,logistic,rolling_180d,0.1,True,2024-11,345,229,116,271,0.7855072463768116,1.0782608695652174,318,0.9217391304347826,0.23270440251572327,159,0.6943231441048034,112,0.9655172413793104,0,0.0,140,0.4057971014492754,178,0.5159420289855072,27,0.0782608695652174,4,0.034482758620689655,0.0
retrospective_cycle25,logistic,rolling_180d,0.1,True,2024-12,366,312,54,326,0.8907103825136612,1.2322404371584699,281,0.76775956284153,0.1423487544483986,284,0.9102564102564102,42,0.7777777777777778,0,0.0,248,0.6775956284153005,33,0.09016393442622951,85,0.23224043715846995,12,0.2222222222222222,0.0
retrospective_cycle25,logistic,rolling_180d,0.1,True,2025-01,701,651,50,700,0.9985734664764622,1.2995720399429387,491,0.7004279600570613,0.002036659877800407,651,1.0,49,0.98,0,0.0,478,0.68188302425107,13,0.018544935805991442,210,0.2995720399429387,1,0.02,0.0
retrospective_cycle25,logistic,rolling_180d,0.1,True,2025-02,517,469,48,482,0.9323017408123792,1.2746615087040618,375,0.7253384912959381,0.09333333333333334,434,0.9253731343283582,48,1.0,0,0.0,319,0.6170212765957447,56,0.10831721470019343,142,0.2746615087040619,0,0.0,0.0
retrospective_cycle25,logistic,rolling_180d,0.1,True,2025-03,781,732,49,735,0.941101152368758,1.2304737516005122,601,0.7695262483994878,0.07653910149750416,698,0.953551912568306,37,0.7551020408163265,0,0.0,555,0.7106274007682458,46,0.058898847631242,180,0.23047375160051217,12,0.24489795918367346,0.0
retrospective_cycle25,logistic,rolling_180d,0.1,True,2025-04,841,764,77,796,0.9464922711058263,1.1985731272294886,674,0.8014268727705113,0.06676557863501484,755,0.9882198952879581,41,0.5324675324675324,0,0.0,653,0.7764565992865636,21,0.02497027348394768,167,0.1985731272294887,36,0.4675324675324675,0.0
retrospective_cycle25,logistic,rolling_180d,0.1,True,2025-05,840,750,90,801,0.9535714285714286,1.1690476190476191,698,0.830952380952381,0.055873925501432664,714,0.952,87,0.9666666666666667,0,0.0,634,0.7547619047619047,64,0.0761904761904762,142,0.16904761904761906,3,0.03333333333333333,0.0
retrospective_cycle25,logistic,rolling_180d,0.1,True,2025-06,599,546,53,506,0.8447412353923205,1.1953255425709517,482,0.8046744574290484,0.19294605809128632,453,0.8296703296703297,53,1.0,0,0.0,362,0.6043405676126878,120,0.2003338898163606,117,0.19532554257095158,0,0.0,0.0
retrospective_cycle25,logistic,rolling_180d,0.1,True,2025-07,527,527,0,490,0.9297912713472486,1.1707779886148009,437,0.8292220113851992,0.08466819221967964,490,0.9297912713472486,0,,0,0.0,400,0.7590132827324478,37,0.07020872865275142,90,0.17077798861480076,0,,0.0
retrospective_cycle25,logistic,rolling_180d,0.1,True,2025-08,424,413,11,354,0.8349056603773585,1.2570754716981132,315,0.7429245283018868,0.2222222222222222,343,0.8305084745762712,11,1.0,0,0.0,245,0.5778301886792453,70,0.1650943396226415,109,0.25707547169811323,0,0.0,0.0
retrospective_cycle25,logistic,rolling_180d,0.1,True,2025-09,604,497,107,560,0.9271523178807947,1.3278145695364238,406,0.6721854304635762,0.10837438423645321,467,0.9396378269617707,93,0.8691588785046729,0,0.0,360,0.5960264900662252,46,0.076158940397351,198,0.32781456953642385,14,0.1308411214953271,0.0
retrospective_cycle25,logistic,rolling_180d,0.1,True,2025-10,837,754,83,786,0.9390681003584229,1.1003584229390682,753,0.899641577060932,0.06772908366533864,714,0.946949602122016,72,0.8674698795180723,0,0.0,655,0.7825567502986858,98,0.11708482676224612,84,0.1003584229390681,11,0.13253012048192772,0.0
retrospective_cycle25,logistic,rolling_180d,0.1,True,2025-11,414,414,0,359,0.8671497584541062,1.1231884057971016,363,0.8768115942028986,0.15151515151515152,359,0.8671497584541062,0,,0,0.0,308,0.7439613526570048,55,0.13285024154589373,51,0.12318840579710146,0,,0.0
retrospective_cycle25,logistic,rolling_180d,0.1,True,2025-12,488,424,64,448,0.9180327868852459,1.1905737704918034,395,0.8094262295081968,0.10126582278481013,384,0.9056603773584906,64,1.0,0,0.0,322,0.6598360655737705,73,0.14959016393442623,93,0.19057377049180327,0,0.0,0.0
retrospective_cycle25,logistic,rolling_365d,0.1,False,2021-01,142,142,0,142,1.0,2.0,0,0.0,,142,1.0,0,,0,0.0,0,0.0,0,0.0,142,1.0,0,,1.0
retrospective_cycle25,logistic,rolling_365d,0.1,False,2021-02,137,137,0,92,0.6715328467153284,1.6715328467153285,45,0.3284671532846715,1.0,92,0.6715328467153284,0,,0,0.0,0,0.0,45,0.3284671532846715,92,0.6715328467153284,0,,1.0
retrospective_cycle25,logistic,rolling_365d,0.1,False,2021-03,390,390,0,390,1.0,2.0,0,0.0,,390,1.0,0,,0,0.0,0,0.0,0,0.0,390,1.0,0,,1.0
retrospective_cycle25,logistic,rolling_365d,0.1,False,2021-04,212,208,4,136,0.6415094339622641,1.6320754716981132,78,0.36792452830188677,0.9743589743589743,132,0.6346153846153846,4,1.0,0,0.0,0,0.0,78,0.36792452830188677,134,0.6320754716981132,0,0.0,1.0
retrospective_cycle25,logistic,rolling_365d,0.1,False,2021-05,247,230,17,210,0.8502024291497976,1.7935222672064777,51,0.20647773279352227,0.7254901960784313,193,0.8391304347826087,17,1.0,0,0.0,0,0.0,51,0.20647773279352227,196,0.7935222672064778,0,0.0,1.0
retrospective_cycle25,logistic,rolling_365d,0.1,False,2021-06,270,270,0,237,0.8777777777777778,1.8777777777777778,33,0.12222222222222222,1.0,237,0.8777777777777778,0,,0,0.0,0,0.0,33,0.12222222222222222,237,0.8777777777777778,0,,1.0
retrospective_cycle25,logistic,rolling_365d,0.1,False,2021-07,572,572,0,532,0.9300699300699301,1.93006993006993,40,0.06993006993006994,1.0,532,0.9300699300699301,0,,0,0.0,0,0.0,40,0.06993006993006994,532,0.9300699300699301,0,,1.0
retrospective_cycle25,logistic,rolling_365d,0.1,False,2021-08,343,313,30,304,0.8862973760932945,1.7988338192419826,69,0.20116618075801748,0.5652173913043478,274,0.8753993610223643,30,1.0,0,0.0,0,0.0,69,0.20116618075801748,274,0.7988338192419825,0,0.0,1.0
retrospective_cycle25,logistic,rolling_365d,0.1,False,2021-09,521,519,2,385,0.7389635316698656,1.7351247600767754,138,0.2648752399232246,0.9855072463768116,383,0.7379576107899807,2,1.0,0,0.0,0,0.0,138,0.2648752399232246,383,0.7351247600767754,0,0.0,1.0
retrospective_cycle25,logistic,rolling_365d,0.1,False,2021-10,289,212,77,272,0.9411764705882353,1.4152249134948096,169,0.5847750865051903,0.10059171597633136,195,0.9198113207547169,77,1.0,0,0.0,75,0.25951557093425603,94,0.32525951557093424,120,0.41522491349480967,0,0.0,0.5086505190311419
retrospective_cycle25,logistic,rolling_365d,0.1,False,2021-11,381,365,16,354,0.9291338582677166,0.984251968503937,375,0.984251968503937,0.056,338,0.9260273972602739,16,1.0,6,0.015748031496062992,338,0.8871391076115486,37,0.09711286089238845,0,0.0,0,0.0,0.0
retrospective_cycle25,logistic,rolling_365d,0.1,False,2021-12,847,805,42,714,0.8429752066115702,0.9763872491145218,827,0.9763872491145218,0.13663845223700122,701,0.8708074534161491,13,0.30952380952380953,20,0.023612750885478158,722,0.8524203069657615,105,0.12396694214876033,0,0.0,21,0.5,0.0
retrospective_cycle25,logistic,rolling_365d,0.1,False,2022-01,542,521,21,469,0.8653136531365314,1.040590405904059,520,0.959409594095941,0.14038461538461539,448,0.8598848368522073,21,1.0,0,0.0,426,0.7859778597785978,94,0.17343173431734318,22,0.04059040590405904,0,0.0,0.0
retrospective_cycle25,logistic,rolling_365d,0.1,False,2022-02,431,425,6,394,0.91415313225058,1.0348027842227379,416,0.9651972157772621,0.0889423076923077,394,0.9270588235294117,0,0.0,0,0.0,385,0.8932714617169374,31,0.07192575406032482,15,0.03480278422273782,6,1.0,0.0
retrospective_cycle25,logistic,rolling_365d,0.1,False,2022-03,872,736,136,761,0.8727064220183486,1.0779816513761469,804,0.9220183486238532,0.13805970149253732,679,0.9225543478260869,82,0.6029411764705882,0,0.0,682,0.7821100917431193,122,0.13990825688073394,68,0.0779816513761468,54,0.39705882352941174,0.0
retrospective_cycle25,logistic,rolling_365d,0.1,False,2022-04,548,506,42,472,0.8613138686131386,1.0656934306569343,512,0.9343065693430657,0.1484375,430,0.849802371541502,42,1.0,0,0.0,397,0.7244525547445255,115,0.20985401459854014,36,0.06569343065693431,0,0.0,0.0
retrospective_cycle25,logistic,rolling_365d,0.1,False,2022-05,831,724,107,704,0.8471720818291215,1.117930204572804,733,0.8820697954271961,0.17326057298772168,633,0.8743093922651933,71,0.6635514018691588,0,0.0,600,0.7220216606498195,133,0.16004813477737664,98,0.11793020457280386,36,0.3364485981308411,0.0
retrospective_cycle25,logistic,rolling_365d,0.1,False,2022-06,582,540,42,501,0.8608247422680413,1.3109965635738832,401,0.6890034364261168,0.20199501246882792,459,0.85,42,1.0,0,0.0,289,0.4965635738831615,112,0.19243986254295534,181,0.31099656357388317,0,0.0,0.0
retrospective_cycle25,logistic,rolling_365d,0.1,False,2022-07,829,801,28,727,0.8769601930036188,1.3462002412545235,542,0.6537997587454765,0.1881918819188192,699,0.8726591760299626,28,1.0,0,0.0,424,0.51145958986731,118,0.14234016887816647,287,0.34620024125452353,0,0.0,0.0
retrospective_cycle25,logistic,rolling_365d,0.1,False,2022-08,519,457,62,436,0.8400770712909441,1.3737957610789981,325,0.626204238921002,0.2553846153846154,400,0.87527352297593,36,0.5806451612903226,0,0.0,244,0.4701348747591522,81,0.15606936416184972,194,0.3737957610789981,26,0.41935483870967744,0.0
retrospective_cycle25,logistic,rolling_365d,0.1,False,2022-09,534,470,64,447,0.8370786516853933,1.5674157303370786,231,0.43258426966292135,0.37662337662337664,383,0.8148936170212766,64,1.0,0,0.0,110,0.20599250936329588,121,0.22659176029962547,303,0.5674157303370787,0,0.0,0.0
retrospective_cycle25,logistic,rolling_365d,0.1,False,2022-10,598,551,47,561,0.9381270903010034,1.451505016722408,328,0.5484949832775919,0.11280487804878049,514,0.9328493647912885,47,1.0,0,0.0,254,0.42474916387959866,74,0.12374581939799331,270,0.451505016722408,0,0.0,0.0
retrospective_cycle25,logistic,rolling_365d,0.1,False,2022-11,608,565,43,539,0.8865131578947368,1.350328947368421,395,0.649671052631579,0.17468354430379746,503,0.8902654867256637,36,0.8372093023255814,0,0.0,320,0.5263157894736842,75,0.12335526315789473,213,0.3503289473684211,7,0.16279069767441862,0.0
retrospective_cycle25,logistic,rolling_365d,0.1,False,2022-12,745,636,109,606,0.8134228187919463,1.47248322147651,393,0.5275167785234899,0.35368956743002544,502,0.789308176100629,104,0.9541284403669725,0,0.0,230,0.3087248322147651,163,0.21879194630872484,352,0.47248322147651006,5,0.045871559633027525,0.0
retrospective_cycle25,logistic,rolling_365d,0.1,False,2023-01,717,630,87,586,0.8172942817294282,1.4909344490934449,365,0.5090655509065551,0.3589041095890411,499,0.792063492063492,87,1.0,0,0.0,158,0.2203626220362622,207,0.28870292887029286,352,0.4909344490934449,0,0.0,0.0
retrospective_cycle25,logistic,rolling_365d,0.1,False,2023-02,648,565,83,543,0.8379629629629629,1.3657407407407407,411,0.6342592592592593,0.25547445255474455,466,0.8247787610619469,77,0.927710843373494,0,0.0,263,0.4058641975308642,148,0.22839506172839505,237,0.36574074074074076,6,0.07228915662650602,0.0
retrospective_cycle25,logistic,rolling_365d,0.1,False,2023-03,889,764,125,784,0.8818897637795275,1.452193475815523,487,0.547806524184477,0.21560574948665298,705,0.9227748691099477,79,0.632,0,0.0,378,0.4251968503937008,109,0.12260967379077616,402,0.45219347581552305,46,0.368,0.0
retrospective_cycle25,logistic,rolling_365d,0.1,False,2023-04,832,828,4,742,0.8918269230769231,1.3353365384615385,553,0.6646634615384616,0.162748643761302,738,0.8913043478260869,4,1.0,0,0.0,463,0.5564903846153846,90,0.10817307692307693,279,0.33533653846153844,0,0.0,0.0
retrospective_cycle25,logistic,rolling_365d,0.1,False,2023-05,713,532,181,570,0.7994389901823282,1.3870967741935485,437,0.6129032258064516,0.32723112128146453,434,0.8157894736842105,136,0.7513812154696132,0,0.0,267,0.3744740532959327,170,0.23842917251051893,276,0.3870967741935484,45,0.24861878453038674,0.0
retrospective_cycle25,logistic,rolling_365d,0.1,False,2023-06,1013,934,79,903,0.8914116485686081,1.6011846001974335,404,0.39881539980256664,0.2722772277227723,829,0.8875802997858673,74,0.9367088607594937,0,0.0,278,0.2744323790720632,126,0.12438302073050346,609,0.6011846001974334,5,0.06329113924050633,0.0
retrospective_cycle25,logistic,rolling_365d,0.1,False,2023-07,627,458,169,573,0.9138755980861244,1.6188197767145136,239,0.38118022328548645,0.22594142259414227,404,0.8820960698689956,169,1.0,0,0.0,101,0.16108452950558214,138,0.22009569377990432,388,0.6188197767145136,0,0.0,0.0
retrospective_cycle25,logistic,rolling_365d,0.1,False,2023-08,695,629,66,651,0.9366906474820144,1.5784172661870504,293,0.42158273381294964,0.15017064846416384,585,0.9300476947535771,66,1.0,0,0.0,233,0.33525179856115106,60,0.08633093525179857,402,0.5784172661870504,0,0.0,0.0
retrospective_cycle25,logistic,rolling_365d,0.1,False,2023-09,922,806,116,820,0.8893709327548807,1.4468546637744035,510,0.5531453362255966,0.2,715,0.8870967741935484,105,0.9051724137931034,0,0.0,344,0.37310195227765725,166,0.18004338394793926,412,0.44685466377440347,11,0.09482758620689655,0.0
retrospective_cycle25,logistic,rolling_365d,0.1,False,2023-10,746,705,41,691,0.9262734584450402,1.6729222520107239,244,0.32707774798927614,0.22540983606557377,650,0.9219858156028369,41,1.0,0,0.0,150,0.20107238605898123,94,0.1260053619302949,502,0.6729222520107239,0,0.0,0.0
retrospective_cycle25,logistic,rolling_365d,0.1,False,2023-11,822,742,80,747,0.9087591240875912,1.4233576642335766,474,0.5766423357664233,0.15822784810126583,667,0.898921832884097,80,1.0,0,0.0,335,0.4075425790754258,139,0.16909975669099755,348,0.4233576642335766,0,0.0,0.0
retrospective_cycle25,logistic,rolling_365d,0.1,False,2023-12,587,544,43,543,0.9250425894378195,1.51618398637138,284,0.4838160136286201,0.15492957746478872,500,0.9191176470588235,43,1.0,0,0.0,238,0.40545144804088584,46,0.07836456558773425,303,0.5161839863713799,0,0.0,0.0
retrospective_cycle25,logistic,rolling_365d,0.1,False,2024-01,634,612,22,579,0.9132492113564669,1.5347003154574133,295,0.46529968454258674,0.1864406779661017,557,0.9101307189542484,22,1.0,0,0.0,222,0.3501577287066246,73,0.11514195583596215,339,0.5347003154574133,0,0.0,0.0
retrospective_cycle25,logistic,rolling_365d,0.1,False,2024-02,714,567,147,685,0.9593837535014006,1.464985994397759,382,0.5350140056022409,0.07591623036649214,539,0.9506172839506173,146,0.9931972789115646,0,0.0,262,0.36694677871148457,120,0.16806722689075632,332,0.4649859943977591,1,0.006802721088435374,0.0
retrospective_cycle25,logistic,rolling_365d,0.1,False,2024-03,646,537,109,641,0.9922600619195047,1.2507739938080495,484,0.7492260061919505,0.010330578512396695,532,0.9906890130353817,109,1.0,0,0.0,397,0.6145510835913313,87,0.1346749226006192,162,0.25077399380804954,0,0.0,0.0
retrospective_cycle25,logistic,rolling_365d,0.1,False,2024-04,644,569,75,627,0.9736024844720497,1.2701863354037266,470,0.7298136645962733,0.036170212765957444,558,0.9806678383128296,69,0.92,0,0.0,445,0.6909937888198758,25,0.03881987577639751,174,0.2701863354037267,6,0.08,0.0
retrospective_cycle25,logistic,rolling_365d,0.1,False,2024-05,504,470,34,451,0.8948412698412699,1.3392857142857142,333,0.6607142857142857,0.15915915915915915,417,0.8872340425531915,34,1.0,0,0.0,246,0.4880952380952381,87,0.17261904761904762,171,0.3392857142857143,0,0.0,0.0
retrospective_cycle25,logistic,rolling_365d,0.1,False,2024-06,954,783,171,877,0.9192872117400419,1.3972746331236898,575,0.6027253668763103,0.13391304347826086,706,0.9016602809706258,171,1.0,0,0.0,363,0.3805031446540881,212,0.2222222222222222,379,0.3972746331236897,0,0.0,0.0
retrospective_cycle25,logistic,rolling_365d,0.1,False,2024-07,461,296,165,368,0.7982646420824295,1.245119305856833,348,0.754880694143167,0.2672413793103448,233,0.7871621621621622,135,0.8181818181818182,0,0.0,178,0.38611713665943603,170,0.368763557483731,113,0.24511930585683298,30,0.18181818181818182,0.0
retrospective_cycle25,logistic,rolling_365d,0.1,False,2024-08,709,535,174,570,0.8039492242595204,1.310296191819464,489,0.689703808180536,0.2842535787321063,396,0.7401869158878505,174,1.0,0,0.0,193,0.27221438645980256,296,0.41748942172073344,220,0.31029619181946405,0,0.0,0.0
retrospective_cycle25,logistic,rolling_365d,0.1,False,2024-09,550,495,55,434,0.7890909090909091,1.2872727272727273,392,0.7127272727272728,0.29591836734693877,386,0.7797979797979798,48,0.8727272727272727,0,0.0,252,0.4581818181818182,140,0.2545454545454545,158,0.2872727272727273,7,0.12727272727272726,0.0
retrospective_cycle25,logistic,rolling_365d,0.1,False,2024-10,545,408,137,429,0.7871559633027523,1.2,436,0.8,0.26605504587155965,304,0.7450980392156863,125,0.9124087591240876,0,0.0,242,0.44403669724770645,194,0.3559633027522936,109,0.2,12,0.08759124087591241,0.0
retrospective_cycle25,logistic,rolling_365d,0.1,False,2024-11,345,229,116,256,0.7420289855072464,1.0608695652173914,324,0.9391304347826087,0.27469135802469136,144,0.62882096069869,112,0.9655172413793104,0,0.0,127,0.3681159420289855,197,0.5710144927536231,21,0.06086956521739131,4,0.034482758620689655,0.0
retrospective_cycle25,logistic,rolling_365d,0.1,False,2024-12,366,312,54,329,0.8989071038251366,1.221311475409836,285,0.7786885245901639,0.12982456140350876,282,0.9038461538461539,47,0.8703703703703703,0,0.0,242,0.6612021857923497,43,0.11748633879781421,81,0.22131147540983606,7,0.12962962962962962,0.0
retrospective_cycle25,logistic,rolling_365d,0.1,False,2025-01,701,651,50,678,0.9671897289586305,1.2211126961483594,546,0.7788873038516405,0.04212454212454213,629,0.9662058371735791,49,0.98,0,0.0,483,0.6890156918687589,63,0.0898716119828816,155,0.2211126961483595,1,0.02,0.0
retrospective_cycle25,logistic,rolling_365d,0.1,False,2025-02,517,469,48,467,0.9032882011605415,1.2359767891682785,395,0.7640232108317214,0.12658227848101267,419,0.8933901918976546,48,1.0,0,0.0,317,0.6131528046421664,78,0.15087040618955513,122,0.23597678916827852,0,0.0,0.0
retrospective_cycle25,logistic,rolling_365d,0.1,False,2025-03,781,732,49,716,0.9167733674775929,1.2125480153649169,615,0.7874519846350833,0.10569105691056911,677,0.924863387978142,39,0.7959183673469388,0,0.0,548,0.7016645326504481,67,0.08578745198463508,166,0.21254801536491677,10,0.20408163265306123,0.0
retrospective_cycle25,logistic,rolling_365d,0.1,False,2025-04,841,764,77,794,0.9441141498216409,1.2009512485136742,672,0.7990487514863258,0.06994047619047619,753,0.9856020942408377,41,0.5324675324675324,0,0.0,646,0.7681331747919143,26,0.030915576694411414,169,0.20095124851367419,36,0.4675324675324675,0.0
retrospective_cycle25,logistic,rolling_365d,0.1,False,2025-05,840,750,90,794,0.9452380952380952,1.1547619047619047,710,0.8452380952380952,0.0647887323943662,715,0.9533333333333334,79,0.8777777777777778,0,0.0,649,0.7726190476190476,61,0.07261904761904762,130,0.15476190476190477,11,0.12222222222222222,0.0
retrospective_cycle25,logistic,rolling_365d,0.1,False,2025-06,599,546,53,547,0.9131886477462438,1.2721202003338898,436,0.7278797996661102,0.11926605504587157,494,0.9047619047619048,53,1.0,0,0.0,369,0.6160267111853088,67,0.11185308848080133,163,0.27212020033388984,0,0.0,0.0
retrospective_cycle25,logistic,rolling_365d,0.1,False,2025-07,527,527,0,499,0.9468690702087287,1.1688804554079697,438,0.8311195445920304,0.0639269406392694,499,0.9468690702087287,0,,0,0.0,410,0.777988614800759,28,0.05313092979127135,89,0.16888045540796964,0,,0.0
retrospective_cycle25,logistic,rolling_365d,0.1,False,2025-08,424,413,11,355,0.8372641509433962,1.224056603773585,329,0.7759433962264151,0.20972644376899696,349,0.8450363196125908,6,0.5454545454545454,0,0.0,265,0.625,64,0.1509433962264151,95,0.2240566037735849,5,0.45454545454545453,0.0
retrospective_cycle25,logistic,rolling_365d,0.1,False,2025-09,604,497,107,572,0.9470198675496688,1.349337748344371,393,0.6506622516556292,0.08142493638676845,480,0.96579476861167,92,0.8598130841121495,0,0.0,374,0.6192052980132451,19,0.03145695364238411,211,0.34933774834437087,15,0.14018691588785046,0.0
retrospective_cycle25,logistic,rolling_365d,0.1,False,2025-10,837,754,83,804,0.9605734767025089,1.1123058542413382,743,0.8876941457586619,0.04441453566621804,732,0.9708222811671088,72,0.8674698795180723,0,0.0,673,0.8040621266427718,70,0.08363201911589008,94,0.11230585424133811,11,0.13253012048192772,0.0
retrospective_cycle25,logistic,rolling_365d,0.1,False,2025-11,414,414,0,361,0.8719806763285024,1.1280193236714975,361,0.8719806763285024,0.14681440443213298,361,0.8719806763285024,0,,0,0.0,308,0.7439613526570048,53,0.1280193236714976,53,0.1280193236714976,0,,0.0
retrospective_cycle25,logistic,rolling_365d,0.1,False,2025-12,488,424,64,449,0.9200819672131147,1.1844262295081966,398,0.8155737704918032,0.09798994974874371,385,0.9080188679245284,64,1.0,0,0.0,323,0.6618852459016393,75,0.15368852459016394,90,0.18442622950819673,0,0.0,0.0
retrospective_cycle25,logistic,fixed_2015,0.05,False,2021-01,142,142,0,142,1.0,1.147887323943662,121,0.852112676056338,0.0,142,1.0,0,,0,0.0,121,0.852112676056338,0,0.0,21,0.14788732394366197,0,,0.0
retrospective_cycle25,logistic,fixed_2015,0.05,False,2021-02,137,137,0,137,1.0,1.4306569343065694,78,0.5693430656934306,0.0,137,1.0,0,,0,0.0,78,0.5693430656934306,0,0.0,59,0.4306569343065693,0,,0.0
retrospective_cycle25,logistic,fixed_2015,0.05,False,2021-03,390,390,0,390,1.0,1.0307692307692307,378,0.9692307692307692,0.0,390,1.0,0,,0,0.0,378,0.9692307692307692,0,0.0,12,0.03076923076923077,0,,0.0
retrospective_cycle25,logistic,fixed_2015,0.05,False,2021-04,212,208,4,208,0.9811320754716981,1.5141509433962264,103,0.4858490566037736,0.038834951456310676,204,0.9807692307692307,4,1.0,0,0.0,99,0.4669811320754717,4,0.018867924528301886,109,0.5141509433962265,0,0.0,0.0
retrospective_cycle25,logistic,fixed_2015,0.05,False,2021-05,247,230,17,247,1.0,1.3967611336032388,149,0.6032388663967612,0.0,230,1.0,17,1.0,0,0.0,149,0.6032388663967612,0,0.0,98,0.3967611336032389,0,0.0,0.0
retrospective_cycle25,logistic,fixed_2015,0.05,False,2021-06,270,270,0,245,0.9074074074074074,1.3296296296296297,181,0.6703703703703704,0.13812154696132597,245,0.9074074074074074,0,,0,0.0,156,0.5777777777777777,25,0.09259259259259259,89,0.3296296296296296,0,,0.0
retrospective_cycle25,logistic,fixed_2015,0.05,False,2021-07,572,572,0,540,0.9440559440559441,1.1555944055944056,483,0.8444055944055944,0.06625258799171843,540,0.9440559440559441,0,,0,0.0,451,0.7884615384615384,32,0.055944055944055944,89,0.1555944055944056,0,,0.0
retrospective_cycle25,logistic,fixed_2015,0.05,False,2021-08,343,313,30,311,0.9067055393586005,1.087463556851312,313,0.9125364431486881,0.10223642172523961,281,0.8977635782747604,30,1.0,0,0.0,251,0.7317784256559767,62,0.18075801749271136,30,0.08746355685131195,0,0.0,0.0
retrospective_cycle25,logistic,fixed_2015,0.05,False,2021-09,521,519,2,468,0.8982725527831094,1.3953934740882918,315,0.6046065259117083,0.16825396825396827,466,0.8978805394990366,2,1.0,0,0.0,261,0.5009596928982726,54,0.1036468330134357,206,0.39539347408829173,0,0.0,0.0
retrospective_cycle25,logistic,fixed_2015,0.05,False,2021-10,289,212,77,284,0.9826989619377162,1.4844290657439447,149,0.5155709342560554,0.03355704697986577,207,0.9764150943396226,77,1.0,0,0.0,105,0.3633217993079585,44,0.1522491349480969,140,0.4844290657439446,0,0.0,0.0
retrospective_cycle25,logistic,fixed_2015,0.05,False,2021-11,381,365,16,381,1.0,1.3123359580052494,262,0.6876640419947506,0.0,365,1.0,16,1.0,0,0.0,262,0.6876640419947506,0,0.0,119,0.3123359580052493,0,0.0,0.0
retrospective_cycle25,logistic,fixed_2015,0.05,False,2021-12,847,805,42,810,0.9563164108618654,1.2479338842975207,637,0.7520661157024794,0.058084772370486655,768,0.9540372670807453,42,1.0,0,0.0,593,0.7001180637544274,44,0.05194805194805195,210,0.24793388429752067,0,0.0,0.0
retrospective_cycle25,logistic,fixed_2015,0.05,False,2022-01,542,521,21,510,0.940959409594096,1.3025830258302582,378,0.6974169741697417,0.08465608465608465,489,0.9385796545105566,21,1.0,0,0.0,333,0.6143911439114391,45,0.08302583025830258,164,0.3025830258302583,0,0.0,0.0
retrospective_cycle25,logistic,fixed_2015,0.05,False,2022-02,431,425,6,429,0.9953596287703016,1.3364269141531322,286,0.6635730858468677,0.006993006993006993,424,0.9976470588235294,5,0.8333333333333334,0,0.0,285,0.6612529002320185,1,0.002320185614849188,145,0.33642691415313225,1,0.16666666666666666,0.0
retrospective_cycle25,logistic,fixed_2015,0.05,False,2022-03,872,736,136,828,0.9495412844036697,1.2557339449541285,649,0.7442660550458715,0.06779661016949153,715,0.9714673913043478,113,0.8308823529411765,0,0.0,582,0.6674311926605505,67,0.0768348623853211,223,0.25573394495412843,23,0.16911764705882354,0.0
retrospective_cycle25,logistic,fixed_2015,0.05,False,2022-04,548,506,42,519,0.9470802919708029,1.2281021897810218,423,0.7718978102189781,0.06855791962174941,477,0.9426877470355731,42,1.0,0,0.0,378,0.6897810218978102,45,0.08211678832116788,125,0.2281021897810219,0,0.0,0.0
retrospective_cycle25,logistic,fixed_2015,0.05,False,2022-05,831,724,107,717,0.8628158844765343,1.1793020457280385,682,0.8206979542719615,0.16715542521994134,644,0.8895027624309392,73,0.6822429906542056,0,0.0,570,0.6859205776173285,112,0.13477737665463296,149,0.1793020457280385,34,0.3177570093457944,0.0
retrospective_cycle25,logistic,fixed_2015,0.05,False,2022-06,582,540,42,532,0.9140893470790378,1.3230240549828178,394,0.6769759450171822,0.12690355329949238,490,0.9074074074074074,42,1.0,0,0.0,314,0.5395189003436426,80,0.13745704467353953,188,0.3230240549828179,0,0.0,0.0
retrospective_cycle25,logistic,fixed_2015,0.05,False,2022-07,829,801,28,775,0.9348612786489746,1.3896260554885405,506,0.6103739445114595,0.1067193675889328,747,0.9325842696629213,28,1.0,0,0.0,448,0.5404101326899879,58,0.06996381182147166,323,0.3896260554885404,0,0.0,0.0
retrospective_cycle25,logistic,fixed_2015,0.05,False,2022-08,519,457,62,463,0.8921001926782274,1.420038535645472,301,0.5799614643545279,0.18604651162790697,427,0.9343544857768052,36,0.5806451612903226,0,0.0,248,0.47784200385356457,53,0.10211946050096339,218,0.42003853564547206,26,0.41935483870967744,0.0
retrospective_cycle25,logistic,fixed_2015,0.05,False,2022-09,534,470,64,504,0.9438202247191011,1.6104868913857677,208,0.3895131086142322,0.14423076923076922,440,0.9361702127659575,64,1.0,0,0.0,147,0.2752808988764045,61,0.11423220973782772,326,0.6104868913857678,0,0.0,0.0
retrospective_cycle25,logistic,fixed_2015,0.05,False,2022-10,598,551,47,572,0.9565217391304348,1.4096989966555185,353,0.5903010033444817,0.07365439093484419,525,0.9528130671506352,47,1.0,0,0.0,298,0.4983277591973244,55,0.09197324414715718,245,0.4096989966555184,0,0.0,0.0
retrospective_cycle25,logistic,fixed_2015,0.05,False,2022-11,608,565,43,559,0.9194078947368421,1.3141447368421053,417,0.6858552631578947,0.11750599520383694,531,0.9398230088495575,28,0.6511627906976745,0,0.0,375,0.6167763157894737,42,0.06907894736842106,191,0.31414473684210525,15,0.3488372093023256,0.0
retrospective_cycle25,logistic,fixed_2015,0.05,False,2022-12,745,636,109,633,0.8496644295302014,1.4416107382550336,416,0.5583892617449664,0.2692307692307692,531,0.8349056603773585,102,0.9357798165137615,0,0.0,294,0.3946308724832215,122,0.16375838926174496,329,0.44161073825503355,7,0.06422018348623854,0.0
retrospective_cycle25,logistic,fixed_2015,0.05,False,2023-01,717,630,87,613,0.8549511854951185,1.4574616457461647,389,0.5425383542538355,0.26735218508997427,526,0.834920634920635,87,1.0,0,0.0,222,0.30962343096234307,167,0.23291492329149233,328,0.45746164574616455,0,0.0,0.0
retrospective_cycle25,logistic,fixed_2015,0.05,False,2023-02,648,565,83,553,0.8533950617283951,1.3472222222222223,423,0.6527777777777778,0.22458628841607564,483,0.8548672566371681,70,0.8433734939759037,0,0.0,295,0.45524691358024694,128,0.19753086419753085,225,0.3472222222222222,13,0.1566265060240964,0.0
retrospective_cycle25,logistic,fixed_2015,0.05,False,2023-03,889,764,125,776,0.8728908886389202,1.2722159730033746,647,0.7277840269966255,0.17465224111282843,708,0.9267015706806283,68,0.544,0,0.0,542,0.609673790776153,105,0.11811023622047244,242,0.2722159730033746,57,0.456,0.0
retrospective_cycle25,logistic,fixed_2015,0.05,False,2023-04,832,828,4,749,0.9002403846153846,1.2788461538461537,600,0.7211538461538461,0.13833333333333334,745,0.8997584541062802,4,1.0,0,0.0,517,0.6213942307692307,83,0.09975961538461539,232,0.27884615384615385,0,0.0,0.0
retrospective_cycle25,logistic,fixed_2015,0.05,False,2023-05,713,532,181,563,0.7896213183730715,1.2692847124824684,521,0.7307152875175316,0.28790786948176583,438,0.8233082706766918,125,0.6906077348066298,0,0.0,355,0.49789621318373073,166,0.23281907433380084,192,0.26928471248246844,56,0.30939226519337015,0.0
retrospective_cycle25,logistic,fixed_2015,0.05,False,2023-06,1013,934,79,891,0.8795656465942744,1.399802566633761,608,0.6001974333662389,0.20065789473684212,828,0.8865096359743041,63,0.7974683544303798,0,0.0,481,0.47482724580454094,127,0.12537018756169793,405,0.3998025666337611,16,0.20253164556962025,0.0
retrospective_cycle25,logistic,fixed_2015,0.05,False,2023-07,627,458,169,572,0.9122807017543859,1.503987240829346,311,0.4960127591706539,0.17684887459807075,404,0.8820960698689956,168,0.9940828402366864,0,0.0,172,0.2743221690590112,139,0.22169059011164274,316,0.5039872408293461,1,0.005917159763313609,0.0
retrospective_cycle25,logistic,fixed_2015,0.05,False,2023-08,695,629,66,627,0.902158273381295,1.4230215827338129,401,0.576978417266187,0.16957605985037408,563,0.8950715421303657,64,0.9696969696969697,0,0.0,319,0.4589928057553957,82,0.11798561151079137,294,0.42302158273381296,2,0.030303030303030304,0.0
retrospective_cycle25,logistic,fixed_2015,0.05,False,2023-09,922,806,116,815,0.8839479392624728,1.3329718004338396,615,0.6670281995661606,0.17398373983739837,711,0.8821339950372209,104,0.896551724137931,0,0.0,439,0.4761388286334056,176,0.19088937093275488,307,0.3329718004338395,12,0.10344827586206896,0.0
retrospective_cycle25,logistic,fixed_2015,0.05,False,2023-10,746,705,41,672,0.900804289544236,1.4329758713136729,423,0.5670241286863271,0.17494089834515367,631,0.8950354609929078,41,1.0,0,0.0,308,0.4128686327077748,115,0.15415549597855227,323,0.43297587131367293,0,0.0,0.0
retrospective_cycle25,logistic,fixed_2015,0.05,False,2023-11,822,742,80,734,0.8929440389294404,1.2761557177615572,595,0.7238442822384428,0.14789915966386555,654,0.8814016172506739,80,1.0,0,0.0,436,0.5304136253041363,159,0.19343065693430658,227,0.2761557177615572,0,0.0,0.0
retrospective_cycle25,logistic,fixed_2015,0.05,False,2023-12,587,544,43,534,0.909710391822828,1.4361158432708687,331,0.5638841567291312,0.16012084592145015,491,0.9025735294117647,43,1.0,0,0.0,276,0.47018739352640543,55,0.09369676320272573,256,0.43611584327086883,0,0.0,0.0
retrospective_cycle25,logistic,fixed_2015,0.05,False,2024-01,634,612,22,561,0.8848580441640379,1.3123028391167193,436,0.6876971608832808,0.16743119266055045,539,0.880718954248366,22,1.0,0,0.0,345,0.5441640378548895,91,0.14353312302839116,198,0.31230283911671924,0,0.0,0.0
retrospective_cycle25,logistic,fixed_2015,0.05,False,2024-02,714,567,147,680,0.9523809523809523,1.341736694677871,470,0.6582633053221288,0.07234042553191489,537,0.9470899470899471,143,0.9727891156462585,0,0.0,347,0.48599439775910364,123,0.1722689075630252,244,0.34173669467787116,4,0.027210884353741496,0.0
retrospective_cycle25,logistic,fixed_2015,0.05,False,2024-03,646,537,109,640,0.9907120743034056,1.2012383900928794,516,0.7987616099071208,0.011627906976744186,531,0.9888268156424581,109,1.0,0,0.0,426,0.6594427244582043,90,0.1393188854489164,130,0.20123839009287925,0,0.0,0.0
retrospective_cycle25,logistic,fixed_2015,0.05,False,2024-04,644,569,75,630,0.9782608695652174,1.2981366459627328,452,0.7018633540372671,0.030973451327433628,558,0.9806678383128296,72,0.96,0,0.0,427,0.6630434782608695,25,0.03881987577639751,192,0.2981366459627329,3,0.04,0.0
retrospective_cycle25,logistic,fixed_2015,0.05,False,2024-05,504,470,34,453,0.8988095238095238,1.4226190476190477,291,0.5773809523809523,0.17525773195876287,419,0.8914893617021277,34,1.0,0,0.0,206,0.4087301587301587,85,0.16865079365079366,213,0.4226190476190476,0,0.0,0.0
retrospective_cycle25,logistic,fixed_2015,0.05,False,2024-06,954,783,171,883,0.9255765199161425,1.50104821802935,476,0.4989517819706499,0.14915966386554622,712,0.909323116219668,171,1.0,0,0.0,274,0.28721174004192873,202,0.21174004192872117,478,0.5010482180293501,0,0.0,0.0
retrospective_cycle25,logistic,fixed_2015,0.05,False,2024-07,461,296,165,394,0.8546637744034707,1.3665943600867678,292,0.6334056399132321,0.22945205479452055,253,0.8547297297297297,141,0.8545454545454545,0,0.0,151,0.3275488069414317,141,0.30585683297180044,169,0.3665943600867679,24,0.14545454545454545,0.0
retrospective_cycle25,logistic,fixed_2015,0.05,False,2024-08,709,535,174,571,0.8053596614950634,1.375176304654443,443,0.6248236953455572,0.3115124153498871,397,0.7420560747663552,174,1.0,0,0.0,150,0.21156558533145275,293,0.4132581100141044,266,0.3751763046544429,0,0.0,0.0
retrospective_cycle25,logistic,fixed_2015,0.05,False,2024-09,550,495,55,438,0.7963636363636364,1.3490909090909091,358,0.6509090909090909,0.3128491620111732,383,0.7737373737373737,55,1.0,0,0.0,215,0.39090909090909093,143,0.26,192,0.3490909090909091,0,0.0,0.0
retrospective_cycle25,logistic,fixed_2015,0.05,False,2024-10,545,408,137,427,0.7834862385321101,1.2311926605504586,419,0.7688073394495413,0.28162291169451076,302,0.7401960784313726,125,0.9124087591240876,0,0.0,219,0.4018348623853211,200,0.3669724770642202,126,0.23119266055045873,12,0.08759124087591241,0.0
retrospective_cycle25,logistic,fixed_2015,0.05,False,2024-11,345,229,116,252,0.7304347826086957,1.127536231884058,301,0.8724637681159421,0.3089700996677741,140,0.611353711790393,112,0.9655172413793104,0,0.0,100,0.2898550724637681,201,0.5826086956521739,44,0.12753623188405797,4,0.034482758620689655,0.0
retrospective_cycle25,logistic,fixed_2015,0.05,False,2024-12,366,312,54,329,0.8989071038251366,1.3114754098360655,252,0.6885245901639344,0.14682539682539683,280,0.8974358974358975,49,0.9074074074074074,0,0.0,201,0.5491803278688525,51,0.13934426229508196,114,0.3114754098360656,5,0.09259259259259259,0.0
retrospective_cycle25,logistic,fixed_2015,0.05,False,2025-01,701,651,50,665,0.948644793152639,1.3865905848787448,430,0.6134094151212554,0.08372093023255814,615,0.9447004608294931,50,1.0,0,0.0,348,0.4964336661911555,82,0.11697574893009986,271,0.38659058487874465,0,0.0,0.0
retrospective_cycle25,logistic,fixed_2015,0.05,False,2025-02,517,469,48,441,0.8529980657640233,1.297872340425532,363,0.7021276595744681,0.209366391184573,393,0.837953091684435,48,1.0,0,0.0,251,0.48549323017408125,112,0.21663442940038685,154,0.2978723404255319,0,0.0,0.0
retrospective_cycle25,logistic,fixed_2015,0.05,False,2025-03,781,732,49,663,0.8489116517285531,1.2829705505761844,560,0.7170294494238156,0.21071428571428572,614,0.8387978142076503,49,1.0,0,0.0,430,0.5505761843790012,130,0.16645326504481434,221,0.28297055057618437,0,0.0,0.0
retrospective_cycle25,logistic,fixed_2015,0.05,False,2025-04,841,764,77,794,0.9441141498216409,1.4470868014268727,465,0.5529131985731273,0.1010752688172043,723,0.9463350785340314,71,0.922077922077922,0,0.0,402,0.4780023781212842,63,0.07491082045184304,376,0.4470868014268728,6,0.07792207792207792,0.0
retrospective_cycle25,logistic,fixed_2015,0.05,False,2025-05,840,750,90,803,0.955952380952381,1.2809523809523808,604,0.719047619047619,0.061258278145695365,713,0.9506666666666667,90,1.0,0,0.0,539,0.6416666666666667,65,0.07738095238095238,236,0.28095238095238095,0,0.0,0.0
retrospective_cycle25,logistic,fixed_2015,0.05,False,2025-06,599,546,53,509,0.8497495826377296,1.4373956594323873,337,0.5626043405676127,0.26706231454005935,456,0.8351648351648352,53,1.0,0,0.0,224,0.3739565943238731,113,0.18864774624373956,262,0.4373956594323873,0,0.0,0.0
retrospective_cycle25,logistic,fixed_2015,0.05,False,2025-07,527,527,0,485,0.920303605313093,1.4022770398481974,315,0.5977229601518027,0.13333333333333333,485,0.920303605313093,0,,0,0.0,273,0.5180265654648957,42,0.07969639468690702,212,0.40227703984819735,0,,0.0
retrospective_cycle25,logistic,fixed_2015,0.05,False,2025-08,424,413,11,353,0.8325471698113207,1.419811320754717,246,0.5801886792452831,0.2886178861788618,342,0.8280871670702179,11,1.0,0,0.0,175,0.41273584905660377,71,0.16745283018867924,178,0.419811320754717,0,0.0,0.0
retrospective_cycle25,logistic,fixed_2015,0.05,False,2025-09,604,497,107,575,0.9519867549668874,1.4536423841059603,330,0.5463576158940397,0.08787878787878788,471,0.9476861167002012,104,0.9719626168224299,0,0.0,291,0.4817880794701987,39,0.06456953642384106,274,0.45364238410596025,3,0.028037383177570093,0.0
retrospective_cycle25,logistic,fixed_2015,0.05,False,2025-10,837,754,83,794,0.948626045400239,1.2724014336917562,609,0.7275985663082437,0.07060755336617405,720,0.9549071618037135,74,0.891566265060241,0,0.0,519,0.6200716845878136,90,0.10752688172043011,228,0.2724014336917563,9,0.10843373493975904,0.0
retrospective_cycle25,logistic,fixed_2015,0.05,False,2025-11,414,414,0,361,0.8719806763285024,1.2995169082125604,290,0.7004830917874396,0.18275862068965518,361,0.8719806763285024,0,,0,0.0,237,0.572463768115942,53,0.1280193236714976,124,0.2995169082125604,0,,0.0
retrospective_cycle25,logistic,fixed_2015,0.05,False,2025-12,488,424,64,449,0.9200819672131147,1.401639344262295,292,0.5983606557377049,0.13356164383561644,385,0.9080188679245284,64,1.0,0,0.0,218,0.44672131147540983,74,0.15163934426229508,196,0.4016393442622951,0,0.0,0.0
retrospective_cycle25,logistic,rolling_90d,0.05,False,2021-01,142,142,0,142,1.0,2.0,0,0.0,,142,1.0,0,,0,0.0,0,0.0,0,0.0,142,1.0,0,,1.0
retrospective_cycle25,logistic,rolling_90d,0.05,False,2021-02,137,137,0,103,0.7518248175182481,1.7518248175182483,34,0.24817518248175183,1.0,103,0.7518248175182481,0,,0,0.0,0,0.0,34,0.24817518248175183,103,0.7518248175182481,0,,1.0
retrospective_cycle25,logistic,rolling_90d,0.05,False,2021-03,390,390,0,390,1.0,2.0,0,0.0,,390,1.0,0,,0,0.0,0,0.0,0,0.0,390,1.0,0,,1.0
retrospective_cycle25,logistic,rolling_90d,0.05,False,2021-04,212,208,4,167,0.7877358490566038,1.7877358490566038,45,0.21226415094339623,1.0,163,0.7836538461538461,4,1.0,0,0.0,0,0.0,45,0.21226415094339623,167,0.7877358490566038,0,0.0,1.0
retrospective_cycle25,logistic,rolling_90d,0.05,False,2021-05,247,230,17,238,0.9635627530364372,1.9271255060728745,18,0.0728744939271255,0.5,221,0.9608695652173913,17,1.0,0,0.0,0,0.0,18,0.0728744939271255,229,0.9271255060728745,0,0.0,1.0
retrospective_cycle25,logistic,rolling_90d,0.05,False,2021-06,270,270,0,245,0.9074074074074074,1.9074074074074074,25,0.09259259259259259,1.0,245,0.9074074074074074,0,,0,0.0,0,0.0,25,0.09259259259259259,245,0.9074074074074074,0,,1.0
retrospective_cycle25,logistic,rolling_90d,0.05,False,2021-07,572,572,0,540,0.9440559440559441,1.944055944055944,32,0.055944055944055944,1.0,540,0.9440559440559441,0,,0,0.0,0,0.0,32,0.055944055944055944,540,0.9440559440559441,0,,1.0
retrospective_cycle25,logistic,rolling_90d,0.05,False,2021-08,343,313,30,323,0.9416909620991254,1.8629737609329446,47,0.13702623906705538,0.425531914893617,293,0.9361022364217252,30,1.0,0,0.0,0,0.0,47,0.13702623906705538,296,0.8629737609329446,0,0.0,1.0
retrospective_cycle25,logistic,rolling_90d,0.05,False,2021-09,521,519,2,501,0.9616122840690979,1.961612284069098,20,0.03838771593090211,1.0,499,0.9614643545279383,2,1.0,0,0.0,0,0.0,20,0.03838771593090211,501,0.9616122840690979,0,0.0,1.0
retrospective_cycle25,logistic,rolling_90d,0.05,False,2021-10,289,212,77,286,0.9896193771626297,1.8754325259515572,36,0.1245674740484429,0.08333333333333333,209,0.9858490566037735,77,1.0,0,0.0,0,0.0,36,0.1245674740484429,253,0.8754325259515571,0,0.0,1.0
retrospective_cycle25,logistic,rolling_90d,0.05,False,2021-11,381,365,16,381,1.0,1.2598425196850394,282,0.7401574803149606,0.0,365,1.0,16,1.0,0,0.0,282,0.7401574803149606,0,0.0,99,0.25984251968503935,0,0.0,0.25984251968503935
retrospective_cycle25,logistic,rolling_90d,0.05,False,2021-12,847,805,42,788,0.9303423848878394,1.9173553719008265,70,0.08264462809917356,0.8428571428571429,746,0.9267080745341615,42,1.0,0,0.0,0,0.0,70,0.08264462809917356,777,0.9173553719008265,0,0.0,1.0
retrospective_cycle25,logistic,rolling_90d,0.05,False,2022-01,542,521,21,496,0.915129151291513,1.8763837638376384,67,0.12361623616236163,0.6865671641791045,475,0.9117082533589251,21,1.0,0,0.0,0,0.0,67,0.12361623616236163,475,0.8763837638376384,0,0.0,1.0
retrospective_cycle25,logistic,rolling_90d,0.05,False,2022-02,431,425,6,424,0.9837587006960556,1.9837587006960558,7,0.016241299303944315,1.0,418,0.9835294117647059,6,1.0,0,0.0,0,0.0,7,0.016241299303944315,424,0.9837587006960556,0,0.0,1.0
retrospective_cycle25,logistic,rolling_90d,0.05,False,2022-03,872,736,136,827,0.948394495412844,1.503440366972477,433,0.49655963302752293,0.10392609699769054,715,0.9714673913043478,112,0.8235294117647058,0,0.0,365,0.41857798165137616,68,0.0779816513761468,439,0.5034403669724771,24,0.17647058823529413,0.41857798165137616
retrospective_cycle25,logistic,rolling_90d,0.05,False,2022-04,548,506,42,494,0.9014598540145985,1.2883211678832116,390,0.7116788321167883,0.13846153846153847,452,0.8932806324110671,42,1.0,0,0.0,318,0.5802919708029197,72,0.13138686131386862,158,0.28832116788321166,0,0.0,0.0
retrospective_cycle25,logistic,rolling_90d,0.05,False,2022-05,831,724,107,734,0.8832731648616126,1.3898916967509025,507,0.6101083032490975,0.1913214990138067,644,0.8895027624309392,90,0.8411214953271028,0,0.0,393,0.4729241877256318,114,0.1371841155234657,324,0.3898916967509025,17,0.1588785046728972,0.0
retrospective_cycle25,logistic,rolling_90d,0.05,False,2022-06,582,540,42,563,0.9673539518900344,1.7663230240549828,136,0.23367697594501718,0.13970588235294118,521,0.9648148148148148,42,1.0,0,0.0,88,0.15120274914089346,48,0.08247422680412371,446,0.7663230240549829,0,0.0,0.0
retrospective_cycle25,logistic,rolling_90d,0.05,False,2022-07,829,801,28,790,0.9529553679131484,1.775633293124246,186,0.2243667068757539,0.20967741935483872,762,0.951310861423221,28,1.0,0,0.0,147,0.1773220747889023,39,0.047044632086851626,643,0.7756332931242461,0,0.0,0.0
retrospective_cycle25,logistic,rolling_90d,0.05,False,2022-08,519,457,62,508,0.9788053949903661,1.653179190751445,180,0.3468208092485549,0.06111111111111111,449,0.9824945295404814,59,0.9516129032258065,0,0.0,152,0.2928709055876686,28,0.05394990366088632,339,0.653179190751445,3,0.04838709677419355,0.3159922928709056
retrospective_cycle25,logistic,rolling_90d,0.05,False,2022-09,534,470,64,512,0.9588014981273408,1.8895131086142323,59,0.1104868913857678,0.3728813559322034,448,0.9531914893617022,64,1.0,0,0.0,12,0.02247191011235955,47,0.08801498127340825,475,0.8895131086142322,0,0.0,0.16853932584269662
retrospective_cycle25,logistic,rolling_90d,0.05,False,2022-10,598,551,47,573,0.9581939799331104,1.7792642140468227,132,0.22073578595317725,0.1893939393939394,526,0.9546279491833031,47,1.0,0,0.0,82,0.13712374581939799,50,0.08361204013377926,466,0.7792642140468228,0,0.0,0.0
retrospective_cycle25,logistic,rolling_90d,0.05,False,2022-11,608,565,43,575,0.9457236842105263,1.825657894736842,106,0.17434210526315788,0.3113207547169811,532,0.9415929203539823,43,1.0,0,0.0,65,0.1069078947368421,41,0.06743421052631579,502,0.8256578947368421,0,0.0,0.19572368421052633
retrospective_cycle25,logistic,rolling_90d,0.05,False,2022-12,745,636,109,667,0.8953020134228188,1.676510067114094,241,0.32348993288590605,0.3236514522821577,563,0.8852201257861635,104,0.9541284403669725,0,0.0,158,0.21208053691275167,83,0.11140939597315436,504,0.676510067114094,5,0.045871559633027525,0.07651006711409396
retrospective_cycle25,logistic,rolling_90d,0.05,False,2023-01,717,630,87,656,0.9149232914923291,1.6541143654114365,248,0.3458856345885635,0.24596774193548387,569,0.9031746031746032,87,1.0,0,0.0,142,0.19804741980474197,106,0.14783821478382148,469,0.6541143654114365,0,0.0,0.0
retrospective_cycle25,logistic,rolling_90d,0.05,False,2023-02,648,565,83,589,0.9089506172839507,1.4737654320987654,341,0.5262345679012346,0.17302052785923755,508,0.8991150442477877,81,0.9759036144578314,0,0.0,249,0.38425925925925924,92,0.1419753086419753,307,0.4737654320987654,2,0.024096385542168676,0.0
retrospective_cycle25,logistic,rolling_90d,0.05,False,2023-03,889,764,125,816,0.9178852643419573,1.733408323959505,237,0.26659167604049494,0.3080168776371308,740,0.9685863874345549,76,0.608,0,0.0,205,0.23059617547806524,32,0.0359955005624297,652,0.7334083239595051,49,0.392,0.0
retrospective_cycle25,logistic,rolling_90d,0.05,False,2023-04,832,828,4,787,0.9459134615384616,1.9038461538461537,80,0.09615384615384616,0.5625,783,0.9456521739130435,4,1.0,0,0.0,35,0.042067307692307696,45,0.054086538461538464,752,0.9038461538461539,0,0.0,0.0
retrospective_cycle25,logistic,rolling_90d,0.05,False,2023-05,713,532,181,665,0.9326788218793829,1.8232819074333801,126,0.1767180925666199,0.38095238095238093,489,0.9191729323308271,176,0.9723756906077348,0,0.0,24,0.033660589060308554,102,0.14305750350631136,587,0.82328190743338,5,0.027624309392265192,0.0
retrospective_cycle25,logistic,rolling_90d,0.05,False,2023-06,1013,934,79,911,0.8993089832181639,1.696939782823297,307,0.30306021717670284,0.3322475570032573,837,0.8961456102783726,74,0.9367088607594937,0,0.0,208,0.20533070088845015,99,0.09772951628825272,706,0.6969397828232972,5,0.06329113924050633,0.0
retrospective_cycle25,logistic,rolling_90d,0.05,False,2023-07,627,458,169,624,0.9952153110047847,1.835725677830941,103,0.16427432216905902,0.02912621359223301,455,0.9934497816593887,169,1.0,0,0.0,71,0.11323763955342903,32,0.051036682615629984,524,0.835725677830941,0,0.0,0.0
retrospective_cycle25,logistic,rolling_90d,0.05,False,2023-08,695,629,66,695,1.0,1.6546762589928057,240,0.34532374100719426,0.0,629,1.0,66,1.0,0,0.0,240,0.34532374100719426,0,0.0,455,0.6546762589928058,0,0.0,0.0
retrospective_cycle25,logistic,rolling_90d,0.05,False,2023-09,922,806,116,876,0.9501084598698482,1.4327548806941433,523,0.5672451193058569,0.08795411089866156,775,0.9615384615384616,101,0.8706896551724138,0,0.0,454,0.4924078091106291,69,0.07483731019522777,399,0.43275488069414314,15,0.12931034482758622,0.0
retrospective_cycle25,logistic,rolling_90d,0.05,False,2023-10,746,705,41,714,0.9571045576407506,1.5603217158176943,328,0.43967828418230565,0.0975609756097561,673,0.9546099290780142,41,1.0,0,0.0,267,0.3579088471849866,61,0.08176943699731903,418,0.5603217158176944,0,0.0,0.0
retrospective_cycle25,logistic,rolling_90d,0.05,False,2023-11,822,742,80,787,0.9574209245742092,1.6070559610705597,323,0.3929440389294404,0.10835913312693499,707,0.9528301886792453,80,1.0,0,0.0,226,0.2749391727493917,97,0.11800486618004866,499,0.6070559610705596,0,0.0,0.0
retrospective_cycle25,logistic,rolling_90d,0.05,False,2023-12,587,544,43,562,0.9574105621805792,1.635434412265758,214,0.3645655877342419,0.11682242990654206,522,0.9595588235294118,40,0.9302325581395349,0,0.0,190,0.32367972742759793,24,0.04088586030664395,373,0.6354344122657581,3,0.06976744186046512,0.02555366269165247
retrospective_cycle25,logistic,rolling_90d,0.05,False,2024-01,634,612,22,597,0.9416403785488959,1.3091482649842272,438,0.6908517350157729,0.08447488584474885,575,0.9395424836601307,22,1.0,0,0.0,383,0.6041009463722398,55,0.08675078864353312,196,0.30914826498422715,0,0.0,0.0
retrospective_cycle25,logistic,rolling_90d,0.05,False,2024-02,714,567,147,681,0.9537815126050421,1.30812324929972,494,0.6918767507002801,0.06680161943319839,540,0.9523809523809523,141,0.9591836734693877,0,0.0,381,0.5336134453781513,113,0.15826330532212884,220,0.3081232492997199,6,0.04081632653061224,0.0
retrospective_cycle25,logistic,rolling_90d,0.05,False,2024-03,646,537,109,642,0.9938080495356038,1.173374613003096,534,0.826625386996904,0.00749063670411985,533,0.9925512104283054,109,1.0,0,0.0,451,0.6981424148606811,83,0.12848297213622292,112,0.17337461300309598,0,0.0,0.0
retrospective_cycle25,logistic,rolling_90d,0.05,False,2024-04,644,569,75,611,0.9487577639751553,1.1506211180124224,547,0.8493788819875776,0.0603290676416819,553,0.9718804920913884,58,0.7733333333333333,0,0.0,505,0.7841614906832298,42,0.06521739130434782,97,0.15062111801242237,17,0.22666666666666666,0.0
retrospective_cycle25,logistic,rolling_90d,0.05,False,2024-05,504,470,34,448,0.8888888888888888,1.3095238095238095,348,0.6904761904761905,0.16091954022988506,414,0.8808510638297873,34,1.0,0,0.0,258,0.5119047619047619,90,0.17857142857142858,156,0.30952380952380953,0,0.0,0.0
retrospective_cycle25,logistic,rolling_90d,0.05,False,2024-06,954,783,171,889,0.9318658280922432,1.4559748427672956,519,0.5440251572327044,0.1252408477842004,718,0.9169859514687101,171,1.0,0,0.0,324,0.33962264150943394,195,0.20440251572327045,435,0.4559748427672956,0,0.0,0.0
retrospective_cycle25,logistic,rolling_90d,0.05,False,2024-07,461,296,165,398,0.8633405639913232,1.4164859002169197,269,0.5835140997830802,0.2342007434944238,271,0.9155405405405406,127,0.7696969696969697,0,0.0,177,0.3839479392624729,92,0.19956616052060738,192,0.4164859002169197,38,0.23030303030303031,0.0
retrospective_cycle25,logistic,rolling_90d,0.05,False,2024-08,709,535,174,604,0.8519040902679831,1.4541607898448519,387,0.5458392101551481,0.2713178294573643,430,0.8037383177570093,174,1.0,0,0.0,142,0.2002820874471086,245,0.3455571227080395,322,0.4541607898448519,0,0.0,0.0
retrospective_cycle25,logistic,rolling_90d,0.05,False,2024-09,550,495,55,493,0.8963636363636364,1.529090909090909,259,0.4709090909090909,0.22007722007722008,438,0.8848484848484849,55,1.0,0,0.0,202,0.36727272727272725,57,0.10363636363636364,291,0.5290909090909091,0,0.0,0.0
retrospective_cycle25,logistic,rolling_90d,0.05,False,2024-10,545,408,137,531,0.9743119266055046,1.5669724770642202,236,0.43302752293577984,0.059322033898305086,406,0.9950980392156863,125,0.9124087591240876,0,0.0,234,0.42935779816513764,2,0.003669724770642202,309,0.5669724770642202,12,0.08759124087591241,0.0
retrospective_cycle25,logistic,rolling_90d,0.05,False,2024-11,345,229,116,336,0.9739130434782609,1.565217391304348,150,0.43478260869565216,0.06,224,0.9781659388646288,112,0.9655172413793104,0,0.0,96,0.2782608695652174,54,0.1565217391304348,195,0.5652173913043478,4,0.034482758620689655,0.0
retrospective_cycle25,logistic,rolling_90d,0.05,False,2024-12,366,312,54,338,0.9234972677595629,1.4316939890710383,208,0.5683060109289617,0.1346153846153846,287,0.9198717948717948,51,0.9444444444444444,0,0.0,180,0.4918032786885246,28,0.07650273224043716,158,0.43169398907103823,3,0.05555555555555555,0.0
retrospective_cycle25,logistic,rolling_90d,0.05,False,2025-01,701,651,50,701,1.0,1.5306704707560628,329,0.4693295292439372,0.0,651,1.0,50,1.0,0,0.0,323,0.4607703281027104,6,0.008559201141226819,372,0.5306704707560628,0,0.0,0.0
retrospective_cycle25,logistic,rolling_90d,0.05,False,2025-02,517,469,48,481,0.9303675048355899,1.4564796905222437,281,0.5435203094777563,0.12811387900355872,433,0.9232409381663113,48,1.0,0,0.0,226,0.437137330754352,55,0.10638297872340426,236,0.4564796905222437,0,0.0,0.0
retrospective_cycle25,logistic,rolling_90d,0.05,False,2025-03,781,732,49,737,0.9436619718309859,1.3034571062740077,544,0.6965428937259923,0.08088235294117647,698,0.953551912568306,39,0.7959183673469388,0,0.0,498,0.6376440460947503,46,0.058898847631242,237,0.3034571062740077,10,0.20408163265306123,0.0
retrospective_cycle25,logistic,rolling_90d,0.05,False,2025-04,841,764,77,814,0.9678953626634959,1.2568370986920332,625,0.7431629013079667,0.0432,755,0.9882198952879581,59,0.7662337662337663,0,0.0,606,0.7205707491082045,19,0.022592152199762187,216,0.2568370986920333,18,0.23376623376623376,0.0
retrospective_cycle25,logistic,rolling_90d,0.05,False,2025-05,840,750,90,807,0.9607142857142857,1.2797619047619047,605,0.7202380952380952,0.05454545454545454,717,0.956,90,1.0,0,0.0,546,0.65,59,0.07023809523809524,235,0.27976190476190477,0,0.0,0.0
retrospective_cycle25,logistic,rolling_90d,0.05,False,2025-06,599,546,53,538,0.8981636060100167,1.4123539232053421,352,0.5876460767946577,0.17329545454545456,485,0.8882783882783882,53,1.0,0,0.0,273,0.4557595993322204,79,0.1318864774624374,247,0.41235392320534225,0,0.0,0.0
retrospective_cycle25,logistic,rolling_90d,0.05,False,2025-07,527,527,0,500,0.9487666034155597,1.5028462998102468,262,0.4971537001897533,0.10305343511450382,500,0.9487666034155597,0,,0,0.0,235,0.4459203036053131,27,0.051233396584440226,265,0.5028462998102466,0,,0.17647058823529413
retrospective_cycle25,logistic,rolling_90d,0.05,False,2025-08,424,413,11,370,0.8726415094339622,1.8726415094339623,54,0.12735849056603774,1.0,359,0.8692493946731235,11,1.0,0,0.0,0,0.0,54,0.12735849056603774,370,0.8726415094339622,0,0.0,1.0
retrospective_cycle25,logistic,rolling_90d,0.05,False,2025-09,604,497,107,603,0.9983443708609272,1.9271523178807948,44,0.0728476821192053,0.022727272727272728,496,0.9979879275653923,107,1.0,0,0.0,43,0.07119205298013245,1,0.0016556291390728477,560,0.9271523178807947,0,0.0,0.9288079470198676
retrospective_cycle25,logistic,rolling_90d,0.05,False,2025-10,837,754,83,826,0.986857825567503,1.3990442054958183,503,0.6009557945041816,0.02186878727634195,753,0.9986737400530504,73,0.8795180722891566,0,0.0,483,0.5770609318996416,20,0.023894862604540025,334,0.39904420549581837,10,0.12048192771084337,0.0
retrospective_cycle25,logistic,rolling_90d,0.05,False,2025-11,414,414,0,371,0.8961352657004831,1.3478260869565217,270,0.6521739130434783,0.15925925925925927,371,0.8961352657004831,0,,0,0.0,227,0.5483091787439613,43,0.10386473429951691,144,0.34782608695652173,0,,0.0
retrospective_cycle25,logistic,rolling_90d,0.05,False,2025-12,488,424,64,455,0.9323770491803278,1.5163934426229508,236,0.48360655737704916,0.13983050847457626,391,0.9221698113207547,64,1.0,0,0.0,173,0.35450819672131145,63,0.1290983606557377,252,0.5163934426229508,0,0.0,0.0
retrospective_cycle25,logistic,rolling_180d,0.05,True,2021-01,142,142,0,142,1.0,2.0,0,0.0,,142,1.0,0,,0,0.0,0,0.0,0,0.0,142,1.0,0,,1.0
retrospective_cycle25,logistic,rolling_180d,0.05,True,2021-02,137,137,0,103,0.7518248175182481,1.7518248175182483,34,0.24817518248175183,1.0,103,0.7518248175182481,0,,0,0.0,0,0.0,34,0.24817518248175183,103,0.7518248175182481,0,,1.0
retrospective_cycle25,logistic,rolling_180d,0.05,True,2021-03,390,390,0,390,1.0,2.0,0,0.0,,390,1.0,0,,0,0.0,0,0.0,0,0.0,390,1.0,0,,1.0
retrospective_cycle25,logistic,rolling_180d,0.05,True,2021-04,212,208,4,165,0.7783018867924528,1.778301886792453,47,0.22169811320754718,1.0,161,0.7740384615384616,4,1.0,0,0.0,0,0.0,47,0.22169811320754718,165,0.7783018867924528,0,0.0,1.0
retrospective_cycle25,logistic,rolling_180d,0.05,True,2021-05,247,230,17,236,0.9554655870445344,1.9149797570850202,21,0.08502024291497975,0.5238095238095238,219,0.9521739130434783,17,1.0,0,0.0,0,0.0,21,0.08502024291497975,226,0.9149797570850202,0,0.0,1.0
retrospective_cycle25,logistic,rolling_180d,0.05,True,2021-06,270,270,0,245,0.9074074074074074,1.9074074074074074,25,0.09259259259259259,1.0,245,0.9074074074074074,0,,0,0.0,0,0.0,25,0.09259259259259259,245,0.9074074074074074,0,,1.0
retrospective_cycle25,logistic,rolling_180d,0.05,True,2021-07,572,572,0,540,0.9440559440559441,1.944055944055944,32,0.055944055944055944,1.0,540,0.9440559440559441,0,,0,0.0,0,0.0,32,0.055944055944055944,540,0.9440559440559441,0,,1.0
retrospective_cycle25,logistic,rolling_180d,0.05,True,2021-08,343,313,30,308,0.8979591836734694,1.8104956268221575,65,0.18950437317784258,0.5384615384615384,278,0.8881789137380192,30,1.0,0,0.0,0,0.0,65,0.18950437317784258,278,0.8104956268221575,0,0.0,1.0
retrospective_cycle25,logistic,rolling_180d,0.05,True,2021-09,521,519,2,469,0.9001919385796545,1.9001919385796544,52,0.09980806142034548,1.0,467,0.8998073217726397,2,1.0,0,0.0,0,0.0,52,0.09980806142034548,469,0.9001919385796545,0,0.0,1.0
retrospective_cycle25,logistic,rolling_180d,0.05,True,2021-10,289,212,77,286,0.9896193771626297,1.8754325259515572,36,0.1245674740484429,0.08333333333333333,209,0.9858490566037735,77,1.0,0,0.0,0,0.0,36,0.1245674740484429,253,0.8754325259515571,0,0.0,0.9619377162629758
retrospective_cycle25,logistic,rolling_180d,0.05,True,2021-11,381,365,16,381,1.0,1.10498687664042,341,0.89501312335958,0.0,365,1.0,16,1.0,0,0.0,341,0.89501312335958,0,0.0,40,0.10498687664041995,0,0.0,0.0
retrospective_cycle25,logistic,rolling_180d,0.05,True,2021-12,847,805,42,795,0.9386068476977568,1.0791027154663517,780,0.9208972845336482,0.06666666666666667,783,0.9726708074534162,12,0.2857142857142857,0,0.0,752,0.8878394332939787,28,0.03305785123966942,67,0.07910271546635184,30,0.7142857142857143,0.0
retrospective_cycle25,logistic,rolling_180d,0.05,True,2022-01,542,521,21,509,0.9391143911439115,1.1346863468634687,469,0.8653136531365314,0.07036247334754797,488,0.9366602687140115,21,1.0,0,0.0,424,0.7822878228782287,45,0.08302583025830258,73,0.13468634686346864,0,0.0,0.0
retrospective_cycle25,logistic,rolling_180d,0.05,True,2022-02,431,425,6,424,0.9837587006960556,1.1206496519721578,379,0.8793503480278422,0.018469656992084433,424,0.9976470588235294,0,0.0,0,0.0,378,0.877030162412993,1,0.002320185614849188,52,0.12064965197215777,6,1.0,0.0
retrospective_cycle25,logistic,rolling_180d,0.05,True,2022-03,872,736,136,815,0.9346330275229358,1.1961009174311927,701,0.8038990825688074,0.08131241084165478,715,0.9714673913043478,100,0.7352941176470589,0,0.0,633,0.7259174311926605,68,0.0779816513761468,171,0.19610091743119265,36,0.2647058823529412,0.0
retrospective_cycle25,logistic,rolling_180d,0.05,True,2022-04,548,506,42,489,0.8923357664233577,1.2098540145985401,433,0.7901459854014599,0.13625866050808313,447,0.883399209486166,42,1.0,0,0.0,353,0.6441605839416058,80,0.145985401459854,115,0.20985401459854014,0,0.0,0.0
retrospective_cycle25,logistic,rolling_180d,0.05,True,2022-05,831,724,107,728,0.8760529482551144,1.364620938628159,528,0.6353790613718412,0.19507575757575757,644,0.8895027624309392,84,0.7850467289719626,0,0.0,414,0.4981949458483754,114,0.1371841155234657,303,0.36462093862815886,23,0.21495327102803738,0.0
retrospective_cycle25,logistic,rolling_180d,0.05,True,2022-06,582,540,42,537,0.9226804123711341,1.6769759450171822,188,0.3230240549828179,0.2393617021276596,495,0.9166666666666666,42,1.0,0,0.0,113,0.19415807560137457,75,0.12886597938144329,394,0.6769759450171822,0,0.0,0.0
retrospective_cycle25,logistic,rolling_180d,0.05,True,2022-07,829,801,28,782,0.9433051869722557,1.6441495778045838,295,0.3558504221954162,0.15932203389830507,754,0.9413233458177278,28,1.0,0,0.0,246,0.29674306393244876,49,0.05910735826296743,534,0.6441495778045838,0,0.0,0.0
retrospective_cycle25,logistic,rolling_180d,0.05,True,2022-08,519,457,62,483,0.930635838150289,1.581888246628131,217,0.41811175337186895,0.16589861751152074,444,0.9715536105032823,39,0.6290322580645161,0,0.0,183,0.35260115606936415,34,0.06551059730250482,302,0.581888246628131,23,0.3709677419354839,0.0
retrospective_cycle25,logistic,rolling_180d,0.05,True,2022-09,534,470,64,526,0.9850187265917603,1.9176029962546817,44,0.08239700374531835,0.18181818181818182,462,0.9829787234042553,64,1.0,0,0.0,17,0.031835205992509365,27,0.05056179775280899,490,0.9176029962546817,0,0.0,0.0
retrospective_cycle25,logistic,rolling_180d,0.05,True,2022-10,598,551,47,576,0.9632107023411371,1.785953177257525,128,0.2140468227424749,0.171875,529,0.9600725952813067,47,1.0,0,0.0,85,0.14214046822742474,43,0.07190635451505016,470,0.7859531772575251,0,0.0,0.0
retrospective_cycle25,logistic,rolling_180d,0.05,True,2022-11,608,565,43,579,0.9523026315789473,1.8174342105263157,111,0.1825657894736842,0.26126126126126126,536,0.9486725663716814,43,1.0,0,0.0,75,0.12335526315789473,36,0.05921052631578947,497,0.8174342105263158,0,0.0,0.0
retrospective_cycle25,logistic,rolling_180d,0.05,True,2022-12,745,636,109,677,0.9087248322147651,1.840268456375839,119,0.1597315436241611,0.5714285714285714,568,0.8930817610062893,109,1.0,0,0.0,41,0.05503355704697987,78,0.10469798657718121,626,0.8402684563758389,0,0.0,0.0
retrospective_cycle25,logistic,rolling_180d,0.05,True,2023-01,717,630,87,651,0.9079497907949791,1.7740585774058577,162,0.22594142259414227,0.4074074074074074,564,0.8952380952380953,87,1.0,0,0.0,51,0.07112970711297072,111,0.15481171548117154,555,0.7740585774058577,0,0.0,0.0
retrospective_cycle25,logistic,rolling_180d,0.05,True,2023-02,648,565,83,575,0.8873456790123457,1.5385802469135803,299,0.46141975308641975,0.24414715719063546,500,0.8849557522123894,75,0.9036144578313253,0,0.0,199,0.30709876543209874,100,0.15432098765432098,349,0.5385802469135802,8,0.0963855421686747,0.0
retrospective_cycle25,logistic,rolling_180d,0.05,True,2023-03,889,764,125,807,0.9077615298087739,1.608548931383577,348,0.3914510686164229,0.23563218390804597,730,0.9554973821989529,77,0.616,0,0.0,290,0.3262092238470191,58,0.06524184476940383,541,0.608548931383577,48,0.384,0.0
retrospective_cycle25,logistic,rolling_180d,0.05,True,2023-04,832,828,4,779,0.9362980769230769,1.4639423076923077,446,0.5360576923076923,0.11883408071748879,775,0.9359903381642513,4,1.0,0,0.0,393,0.4723557692307692,53,0.06370192307692307,386,0.4639423076923077,0,0.0,0.0
retrospective_cycle25,logistic,rolling_180d,0.05,True,2023-05,713,532,181,638,0.8948106591865358,1.597475455820477,287,0.40252454417952316,0.2613240418118467,477,0.8966165413533834,161,0.8895027624309392,0,0.0,166,0.23281907433380084,121,0.1697054698457223,426,0.5974754558204769,20,0.11049723756906077,0.0
retrospective_cycle25,logistic,rolling_180d,0.05,True,2023-06,1013,934,79,909,0.8973346495557749,1.6999012833168805,304,0.30009871668311944,0.34210526315789475,835,0.8940042826552462,74,0.9367088607594937,0,0.0,201,0.19842053307008883,103,0.1016781836130306,709,0.6999012833168805,5,0.06329113924050633,0.0
retrospective_cycle25,logistic,rolling_180d,0.05,True,2023-07,627,458,169,619,0.9872408293460925,1.835725677830941,103,0.16427432216905902,0.07766990291262135,450,0.982532751091703,169,1.0,0,0.0,60,0.09569377990430622,43,0.0685805422647528,524,0.835725677830941,0,0.0,0.0
retrospective_cycle25,logistic,rolling_180d,0.05,True,2023-08,695,629,66,695,1.0,1.7654676258992805,163,0.23453237410071942,0.0,629,1.0,66,1.0,0,0.0,163,0.23453237410071942,0,0.0,532,0.7654676258992805,0,0.0,0.0
retrospective_cycle25,logistic,rolling_180d,0.05,True,2023-09,922,806,116,895,0.9707158351409978,1.7093275488069415,268,0.29067245119305857,0.10074626865671642,787,0.9764267990074442,108,0.9310344827586207,0,0.0,230,0.24945770065075923,38,0.04121475054229935,654,0.7093275488069414,8,0.06896551724137931,0.0
retrospective_cycle25,logistic,rolling_180d,0.05,True,2023-10,746,705,41,743,0.9959785522788204,1.8806970509383378,89,0.1193029490616622,0.033707865168539325,702,0.9957446808510638,41,1.0,0,0.0,69,0.09249329758713137,20,0.02680965147453083,657,0.8806970509383378,0,0.0,0.0
retrospective_cycle25,logistic,rolling_180d,0.05,True,2023-11,822,742,80,802,0.975669099756691,1.5450121654501217,374,0.45498783454987834,0.053475935828877004,722,0.9730458221024259,80,1.0,0,0.0,313,0.38077858880778587,61,0.07420924574209246,448,0.5450121654501217,0,0.0,0.0
retrospective_cycle25,logistic,rolling_180d,0.05,True,2023-12,587,544,43,565,0.9625212947189097,1.473594548551959,309,0.5264054514480409,0.07119741100323625,524,0.9632352941176471,41,0.9534883720930233,0,0.0,287,0.4889267461669506,22,0.03747870528109029,278,0.4735945485519591,2,0.046511627906976744,0.0
retrospective_cycle25,logistic,rolling_180d,0.05,True,2024-01,634,612,22,599,0.944794952681388,1.3485804416403786,413,0.6514195583596214,0.0847457627118644,577,0.9428104575163399,22,1.0,0,0.0,360,0.5678233438485805,53,0.083596214511041,221,0.34858044164037855,0,0.0,0.0
retrospective_cycle25,logistic,rolling_180d,0.05,True,2024-02,714,567,147,683,0.9565826330532213,1.341736694677871,470,0.6582633053221288,0.06595744680851064,540,0.9523809523809523,143,0.9727891156462585,0,0.0,358,0.5014005602240896,112,0.1568627450980392,244,0.34173669467787116,4,0.027210884353741496,0.0
retrospective_cycle25,logistic,rolling_180d,0.05,True,2024-03,646,537,109,646,1.0,1.1919504643962848,522,0.8080495356037152,0.0,537,1.0,109,1.0,0,0.0,447,0.6919504643962848,75,0.11609907120743033,124,0.19195046439628483,0,0.0,0.0
retrospective_cycle25,logistic,rolling_180d,0.05,True,2024-04,644,569,75,620,0.9627329192546584,1.1987577639751552,516,0.8012422360248447,0.046511627906976744,560,0.984182776801406,60,0.8,0,0.0,496,0.7701863354037267,20,0.031055900621118012,128,0.19875776397515527,15,0.2,0.0
retrospective_cycle25,logistic,rolling_180d,0.05,True,2024-05,504,470,34,471,0.9345238095238095,1.3611111111111112,322,0.6388888888888888,0.10248447204968944,437,0.9297872340425531,34,1.0,0,0.0,255,0.5059523809523809,67,0.13293650793650794,182,0.3611111111111111,0,0.0,0.0
retrospective_cycle25,logistic,rolling_180d,0.05,True,2024-06,954,783,171,911,0.9549266247379455,1.4570230607966457,518,0.5429769392033543,0.08301158301158301,740,0.9450830140485313,171,1.0,0,0.0,346,0.36268343815513626,172,0.18029350104821804,436,0.4570230607966457,0,0.0,0.0
retrospective_cycle25,logistic,rolling_180d,0.05,True,2024-07,461,296,165,394,0.8546637744034707,1.3752711496746204,288,0.6247288503253796,0.2326388888888889,257,0.8682432432432432,137,0.8303030303030303,0,0.0,174,0.3774403470715835,114,0.2472885032537961,173,0.3752711496746204,28,0.1696969696969697,0.0
retrospective_cycle25,logistic,rolling_180d,0.05,True,2024-08,709,535,174,596,0.840620592383639,1.4047954866008463,422,0.5952045133991537,0.2677725118483412,422,0.788785046728972,174,1.0,0,0.0,164,0.231311706629055,258,0.3638928067700987,287,0.40479548660084624,0,0.0,0.0
retrospective_cycle25,logistic,rolling_180d,0.05,True,2024-09,550,495,55,469,0.8527272727272728,1.4,330,0.6,0.24545454545454545,415,0.8383838383838383,54,0.9818181818181818,0,0.0,225,0.4090909090909091,105,0.19090909090909092,220,0.4,1,0.01818181818181818,0.0
retrospective_cycle25,logistic,rolling_180d,0.05,True,2024-10,545,408,137,520,0.9541284403669725,1.544954128440367,248,0.45504587155963305,0.10080645161290322,395,0.9681372549019608,125,0.9124087591240876,0,0.0,226,0.41467889908256883,22,0.04036697247706422,297,0.544954128440367,12,0.08759124087591241,0.0
retrospective_cycle25,logistic,rolling_180d,0.05,True,2024-11,345,229,116,305,0.8840579710144928,1.3942028985507247,209,0.6057971014492753,0.19138755980861244,193,0.8427947598253275,112,0.9655172413793104,0,0.0,100,0.2898550724637681,109,0.3159420289855073,136,0.39420289855072466,4,0.034482758620689655,0.0
retrospective_cycle25,logistic,rolling_180d,0.05,True,2024-12,366,312,54,340,0.9289617486338798,1.407103825136612,217,0.592896174863388,0.11981566820276497,290,0.9294871794871795,50,0.9259259259259259,0,0.0,195,0.5327868852459017,22,0.060109289617486336,149,0.40710382513661203,4,0.07407407407407407,0.0
retrospective_cycle25,logistic,rolling_180d,0.05,True,2025-01,701,651,50,701,1.0,1.4593437945791725,379,0.5406562054208274,0.0,651,1.0,50,1.0,0,0.0,373,0.5320970042796006,6,0.008559201141226819,322,0.4593437945791726,0,0.0,0.0
retrospective_cycle25,logistic,rolling_180d,0.05,True,2025-02,517,469,48,500,0.9671179883945842,1.4816247582205029,268,0.5183752417794971,0.06343283582089553,452,0.9637526652452025,48,1.0,0,0.0,241,0.4661508704061896,27,0.05222437137330754,249,0.4816247582205029,0,0.0,0.0
retrospective_cycle25,logistic,rolling_180d,0.05,True,2025-03,781,732,49,776,0.9935979513444302,1.4276568501920615,447,0.5723431498079385,0.011185682326621925,727,0.9931693989071039,49,1.0,0,0.0,430,0.5505761843790012,17,0.02176696542893726,334,0.42765685019206146,0,0.0,0.0
retrospective_cycle25,logistic,rolling_180d,0.05,True,2025-04,841,764,77,824,0.9797859690844233,1.3697978596908442,530,0.6302021403091558,0.03207547169811321,763,0.9986910994764397,61,0.7922077922077922,0,0.0,529,0.629013079667063,1,0.0011890606420927466,311,0.3697978596908442,16,0.2077922077922078,0.0
retrospective_cycle25,logistic,rolling_180d,0.05,True,2025-05,840,750,90,822,0.9785714285714285,1.2773809523809523,607,0.7226190476190476,0.029654036243822075,732,0.976,90,1.0,0,0.0,564,0.6714285714285714,43,0.05119047619047619,233,0.2773809523809524,0,0.0,0.0
retrospective_cycle25,logistic,rolling_180d,0.05,True,2025-06,599,546,53,552,0.9215358931552587,1.3756260434056762,374,0.6243739565943238,0.12566844919786097,499,0.9139194139194139,53,1.0,0,0.0,312,0.5208681135225376,62,0.10350584307178631,225,0.3756260434056761,0,0.0,0.0
retrospective_cycle25,logistic,rolling_180d,0.05,True,2025-07,527,527,0,500,0.9487666034155597,1.2485768500948766,396,0.7514231499051234,0.06818181818181818,500,0.9487666034155597,0,,0,0.0,369,0.7001897533206831,27,0.051233396584440226,131,0.24857685009487665,0,,0.0
retrospective_cycle25,logistic,rolling_180d,0.05,True,2025-08,424,413,11,361,0.8514150943396226,1.3066037735849056,294,0.6933962264150944,0.21428571428571427,350,0.847457627118644,11,1.0,0,0.0,231,0.5448113207547169,63,0.14858490566037735,130,0.30660377358490565,0,0.0,0.0
retrospective_cycle25,logistic,rolling_180d,0.05,True,2025-09,604,497,107,590,0.9768211920529801,1.4337748344370862,342,0.5662251655629139,0.04093567251461988,490,0.9859154929577465,100,0.9345794392523364,0,0.0,335,0.554635761589404,7,0.011589403973509934,262,0.4337748344370861,7,0.06542056074766354,0.0
retrospective_cycle25,logistic,rolling_180d,0.05,True,2025-10,837,754,83,820,0.9796893667861409,1.2795698924731183,603,0.7204301075268817,0.028192371475953566,747,0.9907161803713528,73,0.8795180722891566,0,0.0,566,0.6762246117084827,37,0.04420549581839905,234,0.27956989247311825,10,0.12048192771084337,0.0
retrospective_cycle25,logistic,rolling_180d,0.05,True,2025-11,414,414,0,372,0.8985507246376812,1.28743961352657,295,0.7125603864734299,0.1423728813559322,372,0.8985507246376812,0,,0,0.0,253,0.6111111111111112,42,0.10144927536231885,119,0.28743961352657005,0,,0.0
retrospective_cycle25,logistic,rolling_180d,0.05,True,2025-12,488,424,64,457,0.9364754098360656,1.4918032786885247,248,0.5081967213114754,0.125,393,0.9268867924528302,64,1.0,0,0.0,214,0.4385245901639344,34,0.06967213114754098,240,0.4918032786885246,0,0.0,0.0
retrospective_cycle25,logistic,rolling_365d,0.05,False,2021-01,142,142,0,142,1.0,2.0,0,0.0,,142,1.0,0,,0,0.0,0,0.0,0,0.0,142,1.0,0,,1.0
retrospective_cycle25,logistic,rolling_365d,0.05,False,2021-02,137,137,0,103,0.7518248175182481,1.7518248175182483,34,0.24817518248175183,1.0,103,0.7518248175182481,0,,0,0.0,0,0.0,34,0.24817518248175183,103,0.7518248175182481,0,,1.0
retrospective_cycle25,logistic,rolling_365d,0.05,False,2021-03,390,390,0,390,1.0,2.0,0,0.0,,390,1.0,0,,0,0.0,0,0.0,0,0.0,390,1.0,0,,1.0
retrospective_cycle25,logistic,rolling_365d,0.05,False,2021-04,212,208,4,165,0.7783018867924528,1.778301886792453,47,0.22169811320754718,1.0,161,0.7740384615384616,4,1.0,0,0.0,0,0.0,47,0.22169811320754718,165,0.7783018867924528,0,0.0,1.0
retrospective_cycle25,logistic,rolling_365d,0.05,False,2021-05,247,230,17,236,0.9554655870445344,1.9149797570850202,21,0.08502024291497975,0.5238095238095238,219,0.9521739130434783,17,1.0,0,0.0,0,0.0,21,0.08502024291497975,226,0.9149797570850202,0,0.0,1.0
retrospective_cycle25,logistic,rolling_365d,0.05,False,2021-06,270,270,0,245,0.9074074074074074,1.9074074074074074,25,0.09259259259259259,1.0,245,0.9074074074074074,0,,0,0.0,0,0.0,25,0.09259259259259259,245,0.9074074074074074,0,,1.0
retrospective_cycle25,logistic,rolling_365d,0.05,False,2021-07,572,572,0,540,0.9440559440559441,1.944055944055944,32,0.055944055944055944,1.0,540,0.9440559440559441,0,,0,0.0,0,0.0,32,0.055944055944055944,540,0.9440559440559441,0,,1.0
retrospective_cycle25,logistic,rolling_365d,0.05,False,2021-08,343,313,30,308,0.8979591836734694,1.8104956268221575,65,0.18950437317784258,0.5384615384615384,278,0.8881789137380192,30,1.0,0,0.0,0,0.0,65,0.18950437317784258,278,0.8104956268221575,0,0.0,1.0
retrospective_cycle25,logistic,rolling_365d,0.05,False,2021-09,521,519,2,458,0.8790786948176583,1.8752399232245682,65,0.12476007677543186,0.9692307692307692,456,0.8786127167630058,2,1.0,0,0.0,0,0.0,65,0.12476007677543186,456,0.8752399232245681,0,0.0,1.0
retrospective_cycle25,logistic,rolling_365d,0.05,False,2021-10,289,212,77,286,0.9896193771626297,1.602076124567474,115,0.39792387543252594,0.02608695652173913,209,0.9858490566037735,77,1.0,0,0.0,73,0.25259515570934254,42,0.1453287197231834,174,0.6020761245674741,0,0.0,0.5086505190311419
retrospective_cycle25,logistic,rolling_365d,0.05,False,2021-11,381,365,16,381,1.0,1.167979002624672,317,0.8320209973753281,0.0,365,1.0,16,1.0,0,0.0,317,0.8320209973753281,0,0.0,64,0.1679790026246719,0,0.0,0.0
retrospective_cycle25,logistic,rolling_365d,0.05,False,2021-12,847,805,42,798,0.9421487603305785,1.1345926800472255,733,0.8654073199527745,0.06684856753069578,763,0.9478260869565217,35,0.8333333333333334,0,0.0,683,0.8063754427390791,50,0.0590318772136954,114,0.1345926800472255,7,0.16666666666666666,0.0
retrospective_cycle25,logistic,rolling_365d,0.05,False,2022-01,542,521,21,507,0.9354243542435424,1.1476014760147601,462,0.8523985239852399,0.07575757575757576,486,0.9328214971209213,21,1.0,0,0.0,411,0.7583025830258303,51,0.0940959409594096,80,0.14760147601476015,0,0.0,0.0
retrospective_cycle25,logistic,rolling_365d,0.05,False,2022-02,431,425,6,423,0.9814385150812065,1.160092807424594,362,0.839907192575406,0.022099447513812154,423,0.9952941176470588,0,0.0,0,0.0,360,0.8352668213457076,2,0.004640371229698376,69,0.16009280742459397,6,1.0,0.0
retrospective_cycle25,logistic,rolling_365d,0.05,False,2022-03,872,736,136,815,0.9346330275229358,1.194954128440367,702,0.805045871559633,0.0811965811965812,715,0.9714673913043478,100,0.7352941176470589,0,0.0,635,0.7282110091743119,67,0.0768348623853211,170,0.19495412844036697,36,0.2647058823529412,0.0
retrospective_cycle25,logistic,rolling_365d,0.05,False,2022-04,548,506,42,513,0.9361313868613139,1.2408759124087592,416,0.7591240875912408,0.08413461538461539,471,0.9308300395256917,42,1.0,0,0.0,364,0.6642335766423357,52,0.0948905109489051,132,0.24087591240875914,0,0.0,0.0
retrospective_cycle25,logistic,rolling_365d,0.05,False,2022-05,831,724,107,724,0.8712394705174489,1.3044524669073405,578,0.6955475330926595,0.185121107266436,644,0.8895027624309392,80,0.7476635514018691,0,0.0,466,0.5607701564380265,112,0.13477737665463296,253,0.30445246690734057,27,0.2523364485981308,0.0
retrospective_cycle25,logistic,rolling_365d,0.05,False,2022-06,582,540,42,549,0.9432989690721649,1.6529209621993126,202,0.3470790378006873,0.16336633663366337,507,0.9388888888888889,42,1.0,0,0.0,140,0.24054982817869416,62,0.10652920962199312,380,0.6529209621993127,0,0.0,0.0
retrospective_cycle25,logistic,rolling_365d,0.05,False,2022-07,829,801,28,779,0.9396863691194209,1.5898673100120628,340,0.4101326899879373,0.14705882352941177,751,0.9375780274656679,28,1.0,0,0.0,287,0.34620024125452353,53,0.06393244873341375,489,0.5898673100120627,0,0.0,0.0
retrospective_cycle25,logistic,rolling_365d,0.05,False,2022-08,519,457,62,479,0.9229287090558767,1.5375722543352601,240,0.4624277456647399,0.16666666666666666,441,0.9649890590809628,38,0.6129032258064516,0,0.0,202,0.3892100192678227,38,0.07321772639691715,279,0.5375722543352601,24,0.3870967741935484,0.0
retrospective_cycle25,logistic,rolling_365d,0.05,False,2022-09,534,470,64,514,0.9625468164794008,1.8651685393258426,72,0.1348314606741573,0.2777777777777778,450,0.9574468085106383,64,1.0,0,0.0,25,0.04681647940074907,47,0.08801498127340825,462,0.8651685393258427,0,0.0,0.0
retrospective_cycle25,logistic,rolling_365d,0.05,False,2022-10,598,551,47,576,0.9632107023411371,1.7123745819397993,172,0.28762541806020064,0.12790697674418605,529,0.9600725952813067,47,1.0,0,0.0,121,0.20234113712374582,51,0.08528428093645485,426,0.7123745819397993,0,0.0,0.0
retrospective_cycle25,logistic,rolling_365d,0.05,False,2022-11,608,565,43,579,0.9523026315789473,1.769736842105263,140,0.23026315789473684,0.20714285714285716,536,0.9486725663716814,43,1.0,0,0.0,103,0.16940789473684212,37,0.06085526315789474,468,0.7697368421052632,0,0.0,0.0
retrospective_cycle25,logistic,rolling_365d,0.05,False,2022-12,745,636,109,671,0.9006711409395973,1.8093959731543625,142,0.1906040268456376,0.5211267605633803,562,0.8836477987421384,109,1.0,0,0.0,58,0.07785234899328859,84,0.11275167785234899,603,0.8093959731543624,0,0.0,0.0
retrospective_cycle25,logistic,rolling_365d,0.05,False,2023-01,717,630,87,652,0.9093444909344491,1.7322175732217573,192,0.26778242677824265,0.3385416666666667,565,0.8968253968253969,87,1.0,0,0.0,81,0.11297071129707113,111,0.15481171548117154,525,0.7322175732217573,0,0.0,0.0
retrospective_cycle25,logistic,rolling_365d,0.05,False,2023-02,648,565,83,581,0.8966049382716049,1.5401234567901234,298,0.45987654320987653,0.22483221476510068,500,0.8849557522123894,81,0.9759036144578314,0,0.0,198,0.3055555555555556,100,0.15432098765432098,350,0.5401234567901234,2,0.024096385542168676,0.0
retrospective_cycle25,logistic,rolling_365d,0.05,False,2023-03,889,764,125,827,0.9302587176602924,1.7356580427446568,235,0.2643419572553431,0.26382978723404255,725,0.9489528795811518,102,0.816,0,0.0,167,0.18785151856017998,68,0.0764904386951631,654,0.735658042744657,23,0.184,0.0
retrospective_cycle25,logistic,rolling_365d,0.05,False,2023-04,832,828,4,772,0.9278846153846154,1.6850961538461537,262,0.31490384615384615,0.22900763358778625,768,0.927536231884058,4,1.0,0,0.0,202,0.24278846153846154,60,0.07211538461538461,570,0.6850961538461539,0,0.0,0.0
retrospective_cycle25,logistic,rolling_365d,0.05,False,2023-05,713,532,181,647,0.9074333800841514,1.6858345021037868,224,0.3141654978962132,0.29464285714285715,471,0.8853383458646616,176,0.9723756906077348,0,0.0,96,0.13464235624123422,128,0.17952314165497896,489,0.6858345021037868,5,0.027624309392265192,0.0
retrospective_cycle25,logistic,rolling_365d,0.05,False,2023-06,1013,934,79,909,0.8973346495557749,1.7117472852912141,292,0.2882527147087858,0.3561643835616438,833,0.8918629550321199,76,0.9620253164556962,0,0.0,177,0.17472852912142153,115,0.11352418558736427,721,0.7117472852912142,3,0.0379746835443038,0.0
retrospective_cycle25,logistic,rolling_365d,0.05,False,2023-07,627,458,169,599,0.9553429027113237,1.7799043062200957,138,0.22009569377990432,0.2028985507246377,430,0.9388646288209607,169,1.0,0,0.0,49,0.07814992025518341,89,0.1419457735247209,489,0.7799043062200957,0,0.0,0.0
retrospective_cycle25,logistic,rolling_365d,0.05,False,2023-08,695,629,66,691,0.9942446043165467,1.7597122302158272,167,0.24028776978417266,0.023952095808383235,625,0.9936406995230525,66,1.0,0,0.0,161,0.2316546762589928,6,0.008633093525179856,528,0.7597122302158273,0,0.0,0.0
retrospective_cycle25,logistic,rolling_365d,0.05,False,2023-09,922,806,116,887,0.9620390455531453,1.6811279826464207,294,0.3188720173535792,0.11904761904761904,781,0.9689826302729528,106,0.9137931034482759,0,0.0,238,0.25813449023861174,56,0.06073752711496746,628,0.6811279826464208,10,0.08620689655172414,0.0
retrospective_cycle25,logistic,rolling_365d,0.05,False,2023-10,746,705,41,733,0.982573726541555,1.8619302949061662,103,0.1380697050938338,0.1262135922330097,692,0.9815602836879432,41,1.0,0,0.0,71,0.09517426273458444,32,0.04289544235924933,643,0.8619302949061662,0,0.0,0.0
retrospective_cycle25,logistic,rolling_365d,0.05,False,2023-11,822,742,80,806,0.9805352798053528,1.6581508515815084,281,0.3418491484184915,0.05693950177935943,726,0.9784366576819407,80,1.0,0,0.0,222,0.27007299270072993,59,0.07177615571776155,541,0.6581508515815085,0,0.0,0.0
retrospective_cycle25,logistic,rolling_365d,0.05,False,2023-12,587,544,43,569,0.969335604770017,1.68824531516184,183,0.31175468483816016,0.09836065573770492,526,0.9669117647058824,43,1.0,0,0.0,163,0.2776831345826235,20,0.034071550255536626,404,0.6882453151618398,0,0.0,0.0
retrospective_cycle25,logistic,rolling_365d,0.05,False,2024-01,634,612,22,617,0.973186119873817,1.7050473186119874,187,0.2949526813880126,0.09090909090909091,595,0.9722222222222222,22,1.0,0,0.0,152,0.23974763406940064,35,0.055205047318611984,447,0.7050473186119873,0,0.0,0.0
retrospective_cycle25,logistic,rolling_365d,0.05,False,2024-02,714,567,147,687,0.9621848739495799,1.6526610644257702,248,0.3473389355742297,0.10887096774193548,540,0.9523809523809523,147,1.0,0,0.0,140,0.19607843137254902,108,0.15126050420168066,466,0.6526610644257703,0,0.0,0.0
retrospective_cycle25,logistic,rolling_365d,0.05,False,2024-03,646,537,109,646,1.0,1.563467492260062,282,0.43653250773993807,0.0,537,1.0,109,1.0,0,0.0,212,0.3281733746130031,70,0.10835913312693499,364,0.5634674922600619,0,0.0,0.0
retrospective_cycle25,logistic,rolling_365d,0.05,False,2024-04,644,569,75,641,0.9953416149068323,1.5993788819875776,258,0.40062111801242234,0.011627906976744186,566,0.9947275922671354,75,1.0,0,0.0,244,0.37888198757763975,14,0.021739130434782608,386,0.5993788819875776,0,0.0,0.0
retrospective_cycle25,logistic,rolling_365d,0.05,False,2024-05,504,470,34,475,0.9424603174603174,1.501984126984127,251,0.498015873015873,0.11553784860557768,441,0.9382978723404255,34,1.0,0,0.0,188,0.373015873015873,63,0.125,253,0.501984126984127,0,0.0,0.0
retrospective_cycle25,logistic,rolling_365d,0.05,False,2024-06,954,783,171,931,0.9758909853249476,1.5272536687631026,451,0.4727463312368973,0.050997782705099776,760,0.9706257982120051,171,1.0,0,0.0,304,0.31865828092243187,147,0.1540880503144654,503,0.5272536687631028,0,0.0,0.0
retrospective_cycle25,logistic,rolling_365d,0.05,False,2024-07,461,296,165,404,0.8763557483731019,1.4446854663774404,256,0.5553145336225597,0.22265625,265,0.8952702702702703,139,0.8424242424242424,0,0.0,157,0.3405639913232104,99,0.21475054229934923,205,0.44468546637744033,26,0.15757575757575756,0.0
retrospective_cycle25,logistic,rolling_365d,0.05,False,2024-08,709,535,174,602,0.849083215796897,1.4245416078984485,408,0.5754583921015515,0.2622549019607843,428,0.8,174,1.0,0,0.0,161,0.22708039492242596,247,0.34837799717912554,301,0.4245416078984485,0,0.0,0.0
retrospective_cycle25,logistic,rolling_365d,0.05,False,2024-09,550,495,55,455,0.8272727272727273,1.3690909090909091,347,0.6309090909090909,0.2737752161383285,401,0.8101010101010101,54,0.9818181818181818,0,0.0,226,0.4109090909090909,121,0.22,203,0.3690909090909091,1,0.01818181818181818,0.0
retrospective_cycle25,logistic,rolling_365d,0.05,False,2024-10,545,408,137,481,0.8825688073394495,1.4220183486238531,315,0.5779816513761468,0.20317460317460317,356,0.8725490196078431,125,0.9124087591240876,0,0.0,222,0.4073394495412844,93,0.1706422018348624,230,0.42201834862385323,12,0.08759124087591241,0.0
retrospective_cycle25,logistic,rolling_365d,0.05,False,2024-11,345,229,116,284,0.8231884057971014,1.2550724637681159,257,0.744927536231884,0.23735408560311283,172,0.7510917030567685,112,0.9655172413793104,0,0.0,102,0.2956521739130435,155,0.4492753623188406,88,0.25507246376811593,4,0.034482758620689655,0.0
retrospective_cycle25,logistic,rolling_365d,0.05,False,2024-12,366,312,54,332,0.907103825136612,1.3333333333333333,244,0.6666666666666666,0.13934426229508196,284,0.9102564102564102,48,0.8888888888888888,0,0.0,210,0.5737704918032787,34,0.09289617486338798,122,0.3333333333333333,6,0.1111111111111111,0.0
retrospective_cycle25,logistic,rolling_365d,0.05,False,2025-01,701,651,50,701,1.0,1.4336661911554922,397,0.5663338088445078,0.0,651,1.0,50,1.0,0,0.0,378,0.5392296718972895,19,0.02710413694721826,304,0.43366619115549215,0,0.0,0.0
retrospective_cycle25,logistic,rolling_365d,0.05,False,2025-02,517,469,48,489,0.9458413926499033,1.3636363636363635,329,0.6363636363636364,0.0851063829787234,441,0.9402985074626866,48,1.0,0,0.0,288,0.5570599613152805,41,0.07930367504835589,188,0.36363636363636365,0,0.0,0.0
retrospective_cycle25,logistic,rolling_365d,0.05,False,2025-03,781,732,49,775,0.9923175416133163,1.3943661971830985,473,0.6056338028169014,0.012684989429175475,726,0.9918032786885246,49,1.0,0,0.0,455,0.5825864276568502,18,0.023047375160051217,308,0.39436619718309857,0,0.0,0.0
retrospective_cycle25,logistic,rolling_365d,0.05,False,2025-04,841,764,77,829,0.985731272294887,1.404280618311534,501,0.5957193816884662,0.023952095808383235,763,0.9986910994764397,66,0.8571428571428571,0,0.0,500,0.5945303210463734,1,0.0011890606420927466,340,0.4042806183115339,11,0.14285714285714285,0.0
retrospective_cycle25,logistic,rolling_365d,0.05,False,2025-05,840,750,90,839,0.9988095238095238,1.3166666666666667,574,0.6833333333333333,0.0017421602787456446,749,0.9986666666666667,90,1.0,0,0.0,554,0.6595238095238095,20,0.023809523809523808,266,0.31666666666666665,0,0.0,0.0
retrospective_cycle25,logistic,rolling_365d,0.05,False,2025-06,599,546,53,579,0.9666110183639399,1.5409015025041737,275,0.4590984974958264,0.07272727272727272,526,0.9633699633699634,53,1.0,0,0.0,246,0.41068447412353926,29,0.048414023372287146,324,0.5409015025041736,0,0.0,0.0
retrospective_cycle25,logistic,rolling_365d,0.05,False,2025-07,527,527,0,515,0.9772296015180265,1.3700189753320684,332,0.6299810246679317,0.03614457831325301,515,0.9772296015180265,0,,0,0.0,320,0.6072106261859582,12,0.022770398481973434,195,0.3700189753320683,0,,0.0
retrospective_cycle25,logistic,rolling_365d,0.05,False,2025-08,424,413,11,377,0.8891509433962265,1.346698113207547,277,0.6533018867924528,0.16967509025270758,366,0.8861985472154964,11,1.0,0,0.0,230,0.5424528301886793,47,0.11084905660377359,147,0.3466981132075472,0,0.0,0.0
retrospective_cycle25,logistic,rolling_365d,0.05,False,2025-09,604,497,107,598,0.9900662251655629,1.4619205298013245,325,0.5380794701986755,0.018461538461538463,496,0.9979879275653923,102,0.9532710280373832,0,0.0,324,0.5364238410596026,1,0.0016556291390728477,279,0.46192052980132453,5,0.04672897196261682,0.0
retrospective_cycle25,logistic,rolling_365d,0.05,False,2025-10,837,754,83,826,0.986857825567503,1.2939068100358424,591,0.7060931899641577,0.018612521150592216,753,0.9986737400530504,73,0.8795180722891566,0,0.0,571,0.6821983273596177,20,0.023894862604540025,246,0.2939068100358423,10,0.12048192771084337,0.0
retrospective_cycle25,logistic,rolling_365d,0.05,False,2025-11,414,414,0,371,0.8961352657004831,1.2971014492753623,291,0.7028985507246377,0.14776632302405499,371,0.8961352657004831,0,,0,0.0,248,0.5990338164251208,43,0.10386473429951691,123,0.2971014492753623,0,,0.0
retrospective_cycle25,logistic,rolling_365d,0.05,False,2025-12,488,424,64,457,0.9364754098360656,1.319672131147541,332,0.680327868852459,0.09337349397590361,393,0.9268867924528302,64,1.0,0,0.0,286,0.5860655737704918,46,0.0942622950819672,156,0.319672131147541,0,0.0,0.0
supplementary_2026,gru,fixed_2015,0.1,False,2026-01,454,453,1,372,0.8193832599118943,1.02863436123348,441,0.9713656387665198,0.18594104308390022,371,0.8189845474613686,1,1.0,0,0.0,358,0.788546255506608,83,0.1828193832599119,13,0.028634361233480177,0,0.0,0.0
supplementary_2026,gru,fixed_2015,0.1,False,2026-02,446,340,106,364,0.8161434977578476,1.0112107623318385,441,0.9887892376681614,0.18594104308390022,314,0.9235294117647059,50,0.4716981132075472,0,0.0,367,0.8228699551569507,74,0.16591928251121077,5,0.011210762331838564,56,0.5283018867924528,0.0
supplementary_2026,gru,fixed_2015,0.1,False,2026-03,697,652,45,642,0.921090387374462,1.0086083213773314,691,0.9913916786226685,0.07959479015918958,613,0.9401840490797546,29,0.6444444444444445,0,0.0,626,0.8981348637015782,65,0.09325681492109039,6,0.00860832137733142,16,0.35555555555555557,0.0
supplementary_2026,gru,fixed_2015,0.1,False,2026-04,1884,1673,211,1625,0.8625265392781316,1.0307855626326965,1826,0.9692144373673036,0.14184008762322015,1534,0.9169157202630006,91,0.4312796208530806,0,0.0,1611,0.8550955414012739,215,0.11411889596602973,58,0.03078556263269639,120,0.5687203791469194,0.0
supplementary_2026,gru,fixed_2015,0.1,False,2026-05,2431,2226,205,2122,0.8728918140682846,1.02303578774167,2375,0.9769642122583299,0.13010526315789472,2118,0.9514824797843666,4,0.01951219512195122,0,0.0,2266,0.9321266968325792,109,0.04483751542575072,56,0.023035787741670095,201,0.9804878048780488,0.0
supplementary_2026,gru,fixed_2015,0.1,False,2026-06,2975,2783,192,2613,0.8783193277310924,1.024873949579832,2901,0.9751260504201681,0.12478455704929335,2509,0.9015450952209846,104,0.5416666666666666,0,0.0,2533,0.8514285714285714,368,0.12369747899159664,74,0.024873949579831932,88,0.4583333333333333,0.0
supplementary_2026,gru,fixed_2015,0.1,False,2026-07,1059,827,232,936,0.8838526912181303,1.0254957507082152,1032,0.9745042492917847,0.11918604651162791,783,0.9467956469165659,153,0.6594827586206896,0,0.0,846,0.7988668555240793,186,0.17563739376770537,27,0.025495750708215296,79,0.34051724137931033,0.0
supplementary_2026,gru,fixed_2015,0.1,False,2026-08,1172,1172,0,1039,0.886518771331058,1.014505119453925,1155,0.985494880546075,0.11515151515151516,1039,0.886518771331058,0,,0,0.0,1022,0.8720136518771331,133,0.11348122866894197,17,0.014505119453924915,0,,0.0
supplementary_2026,gru,rolling_90d,0.1,False,2026-01,454,453,1,376,0.8281938325991189,1.8259911894273129,79,0.17400881057268722,0.9873417721518988,375,0.8278145695364238,1,1.0,0,0.0,0,0.0,79,0.17400881057268722,375,0.8259911894273128,0,0.0,1.0
supplementary_2026,gru,rolling_90d,0.1,False,2026-02,446,340,106,429,0.9618834080717489,1.4237668161434978,257,0.5762331838565022,0.06614785992217899,323,0.95,106,1.0,0,0.0,208,0.4663677130044843,49,0.10986547085201794,189,0.42376681614349776,0,0.0,0.3923766816143498
supplementary_2026,gru,rolling_90d,0.1,False,2026-03,697,652,45,663,0.9512195121951219,1.345767575322812,456,0.6542324246771879,0.07456140350877193,621,0.9524539877300614,42,0.9333333333333333,0,0.0,399,0.5724533715925395,57,0.08177905308464849,241,0.34576757532281205,3,0.06666666666666667,0.0
supplementary_2026,gru,rolling_90d,0.1,False,2026-04,1884,1673,211,1609,0.8540339702760085,1.1587048832271762,1585,0.8412951167728238,0.17350157728706625,1469,0.8780633592349073,140,0.6635071090047393,0,0.0,1284,0.6815286624203821,301,0.1597664543524416,299,0.1587048832271762,71,0.33649289099526064,0.0
supplementary_2026,gru,rolling_90d,0.1,False,2026-05,2431,2226,205,2177,0.895516248457425,1.5183052241875772,1171,0.48169477581242287,0.21690862510674638,2025,0.9097035040431267,152,0.7414634146341463,0,0.0,962,0.39572192513368987,209,0.08597285067873303,1260,0.5183052241875771,53,0.25853658536585367,0.0
supplementary_2026,gru,rolling_90d,0.1,False,2026-06,2975,2783,192,2608,0.8766386554621849,1.4857142857142858,1530,0.5142857142857142,0.23986928104575164,2422,0.8702838663312972,186,0.96875,0,0.0,1060,0.3563025210084034,470,0.15798319327731092,1445,0.4857142857142857,6,0.03125,0.0
supplementary_2026,gru,rolling_90d,0.1,False,2026-07,1059,827,232,990,0.9348441926345609,1.5146364494806421,514,0.48536355051935787,0.13424124513618677,768,0.9286577992744861,222,0.9568965517241379,0,0.0,303,0.28611898016997167,211,0.19924457034938622,545,0.5146364494806421,10,0.04310344827586207,0.0
supplementary_2026,gru,rolling_90d,0.1,False,2026-08,1172,1172,0,1020,0.8703071672354948,1.3882252559726962,717,0.6117747440273038,0.21199442119944212,1020,0.8703071672354948,0,,0,0.0,565,0.48208191126279865,152,0.1296928327645051,455,0.38822525597269625,0,,0.0
supplementary_2026,gru,rolling_180d,0.1,True,2026-01,454,453,1,382,0.8414096916299559,1.1101321585903083,404,0.8898678414096917,0.1782178217821782,381,0.8410596026490066,1,1.0,0,0.0,331,0.7290748898678414,73,0.16079295154185022,50,0.11013215859030837,0,0.0,0.0
supplementary_2026,gru,rolling_180d,0.1,True,2026-02,446,340,106,397,0.8901345291479821,1.100896860986547,401,0.899103139013453,0.12219451371571072,323,0.95,74,0.6981132075471698,0,0.0,337,0.7556053811659192,64,0.14349775784753363,45,0.10089686098654709,32,0.3018867924528302,0.0
supplementary_2026,gru,rolling_180d,0.1,True,2026-03,697,652,45,651,0.9340028694404591,1.296987087517934,490,0.703012912482066,0.09387755102040816,614,0.941717791411043,37,0.8222222222222222,0,0.0,426,0.6111908177905309,64,0.09182209469153516,207,0.296987087517934,8,0.17777777777777778,0.0
supplementary_2026,gru,rolling_180d,0.1,True,2026-04,1884,1673,211,1662,0.8821656050955414,1.1847133757961783,1536,0.8152866242038217,0.14453125,1524,0.9109384339509863,138,0.6540284360189573,0,0.0,1308,0.6942675159235668,228,0.12101910828025478,348,0.18471337579617833,73,0.3459715639810427,0.0
supplementary_2026,gru,rolling_180d,0.1,True,2026-05,2431,2226,205,2206,0.9074454956807898,1.4734677087618264,1280,0.5265322912381736,0.17578125,2084,0.9362084456424079,122,0.5951219512195122,0,0.0,1137,0.46770876182640886,143,0.058823529411764705,1151,0.4734677087618264,83,0.40487804878048783,0.0
supplementary_2026,gru,rolling_180d,0.1,True,2026-06,2975,2783,192,2631,0.8843697478991597,1.4642016806722689,1594,0.5357983193277311,0.21580928481806774,2448,0.8796263025512038,183,0.953125,0,0.0,1153,0.387563025210084,441,0.14823529411764705,1381,0.4642016806722689,9,0.046875,0.0
supplementary_2026,gru,rolling_180d,0.1,True,2026-07,1059,827,232,986,0.931067044381492,1.4872521246458923,543,0.5127478753541076,0.13443830570902393,764,0.9238210399032648,222,0.9568965517241379,0,0.0,329,0.31067044381491976,214,0.20207743153918792,516,0.48725212464589235,10,0.04310344827586207,0.0
supplementary_2026,gru,rolling_180d,0.1,True,2026-08,1172,1172,0,1020,0.8703071672354948,1.3924914675767919,712,0.6075085324232082,0.21348314606741572,1020,0.8703071672354948,0,,0,0.0,560,0.4778156996587031,152,0.1296928327645051,460,0.3924914675767918,0,,0.0
supplementary_2026,gru,rolling_365d,0.1,False,2026-01,454,453,1,384,0.8458149779735683,1.1211453744493391,399,0.8788546255506607,0.17543859649122806,383,0.8454746136865342,1,1.0,0,0.0,328,0.7224669603524229,71,0.15638766519823788,55,0.1211453744493392,0,0.0,0.0
supplementary_2026,gru,rolling_365d,0.1,False,2026-02,446,340,106,392,0.8789237668161435,1.0852017937219731,408,0.9147982062780269,0.1323529411764706,323,0.95,69,0.6509433962264151,0,0.0,345,0.773542600896861,63,0.1412556053811659,38,0.08520179372197309,37,0.3490566037735849,0.0
supplementary_2026,gru,rolling_365d,0.1,False,2026-03,697,652,45,663,0.9512195121951219,1.2166427546628407,546,0.7833572453371592,0.06227106227106227,629,0.9647239263803681,34,0.7555555555555555,0,0.0,497,0.7130559540889526,49,0.0703012912482066,151,0.21664275466284075,11,0.24444444444444444,0.0
supplementary_2026,gru,rolling_365d,0.1,False,2026-04,1884,1673,211,1702,0.9033970276008493,1.1778131634819533,1549,0.8221868365180467,0.11749515816655907,1572,0.9396294082486552,130,0.6161137440758294,0,0.0,1381,0.7330148619957537,168,0.08917197452229299,335,0.17781316348195328,81,0.38388625592417064,0.0
supplementary_2026,gru,rolling_365d,0.1,False,2026-05,2431,2226,205,2244,0.9230769230769231,1.4286301933360757,1389,0.5713698066639243,0.13462922966162708,2145,0.9636118598382749,99,0.48292682926829267,0,0.0,1308,0.5380501851090086,81,0.03331962155491567,1042,0.4286301933360757,106,0.5170731707317073,0.0
supplementary_2026,gru,rolling_365d,0.1,False,2026-06,2975,2783,192,2691,0.9045378151260505,1.466890756302521,1586,0.533109243697479,0.17906683480453972,2511,0.9022637441609773,180,0.9375,0,0.0,1221,0.41042016806722686,365,0.1226890756302521,1389,0.466890756302521,12,0.0625,0.0
supplementary_2026,gru,rolling_365d,0.1,False,2026-07,1059,827,232,1000,0.9442870632672332,1.4759206798866855,555,0.5240793201133145,0.1063063063063063,778,0.9407496977025392,222,0.9568965517241379,0,0.0,360,0.33994334277620397,195,0.18413597733711048,504,0.47592067988668557,10,0.04310344827586207,0.0
supplementary_2026,gru,rolling_365d,0.1,False,2026-08,1172,1172,0,1031,0.8796928327645052,1.3745733788395904,733,0.6254266211604096,0.19236016371077763,1031,0.8796928327645052,0,,0,0.0,592,0.5051194539249146,141,0.12030716723549488,439,0.37457337883959047,0,,0.0
supplementary_2026,gru,fixed_2015,0.05,False,2026-01,454,453,1,387,0.8524229074889867,1.2114537444933922,358,0.788546255506608,0.1871508379888268,386,0.8520971302428256,1,1.0,0,0.0,290,0.6387665198237885,68,0.14977973568281938,96,0.21145374449339208,0,0.0,0.0
supplementary_2026,gru,fixed_2015,0.05,False,2026-02,446,340,106,420,0.9417040358744395,1.2331838565022422,342,0.7668161434977578,0.07602339181286549,323,0.95,97,0.9150943396226415,0,0.0,280,0.6278026905829597,62,0.13901345291479822,104,0.23318385650224216,9,0.08490566037735849,0.0
supplementary_2026,gru,fixed_2015,0.05,False,2026-03,697,652,45,685,0.9827833572453372,1.4505021520803443,383,0.5494978479196556,0.031331592689295036,640,0.9815950920245399,45,1.0,0,0.0,352,0.5050215208034433,31,0.04447632711621234,314,0.45050215208034433,0,0.0,0.0
supplementary_2026,gru,fixed_2015,0.05,False,2026-04,1884,1673,211,1773,0.9410828025477707,1.2722929936305734,1371,0.7277070063694268,0.08096280087527352,1613,0.9641362821279139,160,0.7582938388625592,0,0.0,1257,0.6671974522292994,114,0.06050955414012739,513,0.27229299363057324,51,0.24170616113744076,0.0
supplementary_2026,gru,fixed_2015,0.05,False,2026-05,2431,2226,205,2297,0.9448786507610037,1.309749074454957,1678,0.6902509255450432,0.07985697258641239,2218,0.9964061096136568,79,0.3853658536585366,0,0.0,1670,0.6869600987248046,8,0.003290826820238585,753,0.3097490744549568,126,0.6146341463414634,0.0
supplementary_2026,gru,fixed_2015,0.05,False,2026-06,2975,2783,192,2815,0.946218487394958,1.3025210084033614,2075,0.6974789915966386,0.07710843373493977,2685,0.9647862019403521,130,0.6770833333333334,0,0.0,1894,0.6366386554621849,181,0.06084033613445378,900,0.3025210084033613,62,0.3229166666666667,0.0
supplementary_2026,gru,fixed_2015,0.05,False,2026-07,1059,827,232,1004,0.9480642115203022,1.2936732766761094,748,0.7063267233238905,0.07352941176470588,803,0.9709794437726723,201,0.8663793103448276,0,0.0,620,0.5854579792256847,128,0.12086874409820586,311,0.29367327667610954,31,0.1336206896551724,0.0
supplementary_2026,gru,fixed_2015,0.05,False,2026-08,1172,1172,0,1070,0.9129692832764505,1.2201365187713311,914,0.7798634812286689,0.11159737417943107,1070,0.9129692832764505,0,,0,0.0,812,0.6928327645051194,102,0.08703071672354949,258,0.22013651877133106,0,,0.0
supplementary_2026,gru,rolling_90d,0.05,False,2026-01,454,453,1,426,0.9383259911894273,1.9361233480176212,29,0.06387665198237885,0.9655172413793104,425,0.9381898454746137,1,1.0,0,0.0,0,0.0,29,0.06387665198237885,425,0.9361233480176211,0,0.0,1.0
supplementary_2026,gru,rolling_90d,0.05,False,2026-02,446,340,106,446,1.0,1.5403587443946187,205,0.45964125560538116,0.0,340,1.0,106,1.0,0,0.0,188,0.42152466367713004,17,0.03811659192825112,241,0.5403587443946188,0,0.0,0.3923766816143498
supplementary_2026,gru,rolling_90d,0.05,False,2026-03,697,652,45,697,1.0,1.5466284074605452,316,0.4533715925394548,0.0,652,1.0,45,1.0,0,0.0,311,0.44619799139167865,5,0.007173601147776184,381,0.5466284074605452,0,0.0,0.0
supplementary_2026,gru,rolling_90d,0.05,False,2026-04,1884,1673,211,1779,0.9442675159235668,1.3333333333333333,1256,0.6666666666666666,0.08359872611464968,1602,0.9575612671846981,177,0.8388625592417062,0,0.0,1118,0.5934182590233545,138,0.0732484076433121,628,0.3333333333333333,34,0.16113744075829384,0.0
supplementary_2026,gru,rolling_90d,0.05,False,2026-05,2431,2226,205,2335,0.960510078157137,1.6853146853146854,765,0.3146853146853147,0.12549019607843137,2157,0.9690026954177897,178,0.8682926829268293,0,0.0,696,0.2863019333607569,69,0.028383381324557796,1666,0.6853146853146853,27,0.13170731707317074,0.0
supplementary_2026,gru,rolling_90d,0.05,False,2026-06,2975,2783,192,2745,0.9226890756302522,1.6258823529411766,1113,0.37411764705882355,0.20664869721473494,2558,0.9191519942508085,187,0.9739583333333334,0,0.0,800,0.2689075630252101,313,0.10521008403361344,1862,0.6258823529411764,5,0.026041666666666668,0.0
supplementary_2026,gru,rolling_90d,0.05,False,2026-07,1059,827,232,1027,0.9697828139754485,1.679886685552408,339,0.32011331444759206,0.0943952802359882,797,0.9637243047158404,230,0.9913793103448276,0,0.0,186,0.17563739376770537,153,0.14447592067988668,720,0.6798866855524079,2,0.008620689655172414,0.0
supplementary_2026,gru,rolling_90d,0.05,False,2026-08,1172,1172,0,1053,0.8984641638225256,1.4940273037542662,593,0.5059726962457338,0.20067453625632378,1053,0.8984641638225256,0,,0,0.0,474,0.4044368600682594,119,0.1015358361774744,579,0.49402730375426623,0,,0.0
supplementary_2026,gru,rolling_180d,0.05,True,2026-01,454,453,1,407,0.8964757709251101,1.2378854625550662,346,0.762114537444934,0.13583815028901733,406,0.8962472406181016,1,1.0,0,0.0,298,0.6563876651982379,48,0.10572687224669604,108,0.23788546255506607,0,0.0,0.0
supplementary_2026,gru,rolling_180d,0.05,True,2026-02,446,340,106,418,0.9372197309417041,1.2825112107623318,320,0.7174887892376681,0.0875,326,0.9588235294117647,92,0.8679245283018868,0,0.0,276,0.6188340807174888,44,0.09865470852017937,126,0.2825112107623318,14,0.1320754716981132,0.0
supplementary_2026,gru,rolling_180d,0.05,True,2026-03,697,652,45,697,1.0,1.5121951219512195,340,0.4878048780487805,0.0,652,1.0,45,1.0,0,0.0,328,0.47058823529411764,12,0.01721664275466284,357,0.5121951219512195,0,0.0,0.0
supplementary_2026,gru,rolling_180d,0.05,True,2026-04,1884,1673,211,1806,0.9585987261146497,1.3248407643312101,1272,0.6751592356687898,0.06132075471698113,1648,0.9850567842199641,158,0.7488151658767772,0,0.0,1198,0.6358811040339702,74,0.03927813163481953,612,0.3248407643312102,53,0.25118483412322273,0.0
supplementary_2026,gru,rolling_180d,0.05,True,2026-05,2431,2226,205,2371,0.9753187988482106,1.6631016042780749,819,0.33689839572192515,0.07326007326007326,2202,0.9892183288409704,169,0.824390243902439,0,0.0,795,0.3270259152612094,24,0.009872480460715755,1612,0.6631016042780749,36,0.17560975609756097,0.0
supplementary_2026,gru,rolling_180d,0.05,True,2026-06,2975,2783,192,2780,0.934453781512605,1.6252100840336134,1115,0.37478991596638656,0.17488789237668162,2593,0.9317283507006827,187,0.9739583333333334,0,0.0,840,0.2823529411764706,275,0.09243697478991597,1860,0.6252100840336134,5,0.026041666666666668,0.0
supplementary_2026,gru,rolling_180d,0.05,True,2026-07,1059,827,232,1027,0.9697828139754485,1.6591123701605288,361,0.3408876298394712,0.0886426592797784,798,0.9649334945586457,229,0.9870689655172413,0,0.0,212,0.20018885741265344,149,0.14069877242681775,698,0.6591123701605288,3,0.01293103448275862,0.0
supplementary_2026,gru,rolling_180d,0.05,True,2026-08,1172,1172,0,1053,0.8984641638225256,1.5580204778156996,518,0.44197952218430037,0.22972972972972974,1053,0.8984641638225256,0,,0,0.0,399,0.34044368600682595,119,0.1015358361774744,654,0.5580204778156996,0,,0.0
supplementary_2026,gru,rolling_365d,0.05,False,2026-01,454,453,1,399,0.8788546255506607,1.2158590308370043,356,0.7841409691629956,0.1544943820224719,398,0.8785871964679912,1,1.0,0,0.0,300,0.6607929515418502,56,0.12334801762114538,98,0.21585903083700442,0,0.0,0.0
supplementary_2026,gru,rolling_365d,0.05,False,2026-02,446,340,106,410,0.9192825112107623,1.201793721973094,356,0.7982062780269058,0.10112359550561797,323,0.95,87,0.8207547169811321,0,0.0,307,0.6883408071748879,49,0.10986547085201794,90,0.20179372197309417,19,0.1792452830188679,0.0
supplementary_2026,gru,rolling_365d,0.05,False,2026-03,697,652,45,693,0.994261119081779,1.4404591104734576,390,0.5595408895265424,0.010256410256410256,649,0.995398773006135,44,0.9777777777777777,0,0.0,371,0.5322812051649928,19,0.027259684361549498,307,0.44045911047345765,1,0.022222222222222223,0.0
supplementary_2026,gru,rolling_365d,0.05,False,2026-04,1884,1673,211,1808,0.9596602972399151,1.3004246284501062,1318,0.6995753715498938,0.057663125948406675,1650,0.986252241482367,158,0.7488151658767772,0,0.0,1247,0.6618895966029724,71,0.03768577494692144,566,0.30042462845010615,53,0.25118483412322273,0.0
supplementary_2026,gru,rolling_365d,0.05,False,2026-05,2431,2226,205,2374,0.9765528589058001,1.5915261209378857,993,0.40847387906211435,0.05740181268882175,2226,1.0,148,0.7219512195121951,0,0.0,993,0.40847387906211435,0,0.0,1438,0.5915261209378856,57,0.2780487804878049,0.0
supplementary_2026,gru,rolling_365d,0.05,False,2026-06,2975,2783,192,2858,0.9606722689075631,1.6077310924369748,1167,0.39226890756302524,0.10025706940874037,2672,0.9601149838303988,186,0.96875,0,0.0,973,0.3270588235294118,194,0.06521008403361345,1808,0.6077310924369748,6,0.03125,0.0
supplementary_2026,gru,rolling_365d,0.05,False,2026-07,1059,827,232,1026,0.9688385269121813,1.6383380547686497,383,0.3616619452313503,0.08616187989556136,801,0.9685610640870617,225,0.9698275862068966,0,0.0,248,0.23418319169027385,135,0.1274787535410765,676,0.6383380547686497,7,0.03017241379310345,0.0
supplementary_2026,gru,rolling_365d,0.05,False,2026-08,1172,1172,0,1060,0.9044368600682594,1.4940273037542662,593,0.5059726962457338,0.18887015177065766,1060,0.9044368600682594,0,,0,0.0,481,0.4104095563139932,112,0.09556313993174062,579,0.49402730375426623,0,,0.0
supplementary_2026,logistic,fixed_2015,0.1,False,2026-01,454,453,1,373,0.8215859030837004,1.0374449339207048,437,0.9625550660792952,0.1853546910755149,372,0.8211920529801324,1,1.0,0,0.0,355,0.7819383259911894,82,0.18061674008810572,17,0.037444933920704845,0,0.0,0.0
supplementary_2026,logistic,fixed_2015,0.1,False,2026-02,446,340,106,370,0.8295964125560538,1.0246636771300448,435,0.9753363228699552,0.17471264367816092,318,0.9352941176470588,52,0.49056603773584906,0,0.0,365,0.8183856502242153,70,0.15695067264573992,11,0.02466367713004484,54,0.5094339622641509,0.0
supplementary_2026,logistic,fixed_2015,0.1,False,2026-03,697,652,45,645,0.9253945480631277,1.017216642754663,685,0.9827833572453372,0.07591240875912408,615,0.9432515337423313,30,0.6666666666666666,0,0.0,621,0.890961262553802,64,0.09182209469153516,12,0.01721664275466284,15,0.3333333333333333,0.0
supplementary_2026,logistic,fixed_2015,0.1,False,2026-04,1884,1673,211,1636,0.8683651804670913,1.0461783439490446,1797,0.9538216560509554,0.13800779076238176,1543,0.9222952779438135,93,0.44075829383886256,0,0.0,1599,0.8487261146496815,198,0.10509554140127389,87,0.04617834394904458,118,0.5592417061611374,0.0
supplementary_2026,logistic,fixed_2015,0.1,False,2026-05,2431,2226,205,2148,0.8835870012340601,1.0353763883175648,2345,0.9646236116824353,0.12068230277185502,2147,0.9645103324348607,1,0.004878048780487805,0,0.0,2266,0.9321266968325792,79,0.03249691484985603,86,0.03537638831756479,204,0.9951219512195122,0.0
supplementary_2026,logistic,fixed_2015,0.1,False,2026-06,2975,2783,192,2633,0.8850420168067227,1.0376470588235294,2863,0.9623529411764706,0.11945511701012923,2522,0.9062163133309379,111,0.578125,0,0.0,2510,0.8436974789915966,353,0.11865546218487395,112,0.03764705882352941,81,0.421875,0.0
supplementary_2026,logistic,fixed_2015,0.1,False,2026-07,1059,827,232,939,0.886685552407932,1.040604343720491,1016,0.959395656279509,0.11811023622047244,782,0.9455864570737605,157,0.6767241379310345,0,0.0,827,0.7809254013220018,189,0.17847025495750707,43,0.04060434372049103,75,0.3232758620689655,0.0
supplementary_2026,logistic,fixed_2015,0.1,False,2026-08,1172,1172,0,1040,0.8873720136518771,1.016211604095563,1153,0.9837883959044369,0.11448395490026018,1040,0.8873720136518771,0,,0,0.0,1021,0.871160409556314,132,0.11262798634812286,19,0.016211604095563138,0,,0.0
supplementary_2026,logistic,rolling_90d,0.1,False,2026-01,454,453,1,380,0.8370044052863436,1.8348017621145374,75,0.16519823788546256,0.9866666666666667,379,0.8366445916114791,1,1.0,0,0.0,0,0.0,75,0.16519823788546256,379,0.8348017621145375,0,0.0,1.0
supplementary_2026,logistic,rolling_90d,0.1,False,2026-02,446,340,106,429,0.9618834080717489,1.4237668161434978,257,0.5762331838565022,0.06614785992217899,323,0.95,106,1.0,0,0.0,210,0.47085201793721976,47,0.10538116591928251,189,0.42376681614349776,0,0.0,0.3923766816143498
supplementary_2026,logistic,rolling_90d,0.1,False,2026-03,697,652,45,662,0.9497847919655668,1.3672883787661405,441,0.6327116212338594,0.07936507936507936,617,0.946319018404908,45,1.0,0,0.0,380,0.5451936872309899,61,0.08751793400286945,256,0.3672883787661406,0,0.0,0.0
supplementary_2026,logistic,rolling_90d,0.1,False,2026-04,1884,1673,211,1621,0.8604033970276008,1.1687898089171975,1566,0.8312101910828026,0.16794380587484037,1469,0.8780633592349073,152,0.7203791469194313,0,0.0,1264,0.6709129511677282,302,0.1602972399150743,318,0.16878980891719744,59,0.2796208530805687,0.0
supplementary_2026,logistic,rolling_90d,0.1,False,2026-05,2431,2226,205,2195,0.9029206088029618,1.5355820649938297,1129,0.4644179350061703,0.20903454384410983,2036,0.9146451033243486,159,0.775609756097561,0,0.0,936,0.3850267379679144,193,0.07939119703825587,1302,0.5355820649938297,46,0.22439024390243903,0.0
supplementary_2026,logistic,rolling_90d,0.1,False,2026-06,2975,2783,192,2613,0.8783193277310924,1.4756302521008404,1560,0.5243697478991597,0.23205128205128206,2426,0.8717211642112828,187,0.9739583333333334,0,0.0,1089,0.3660504201680672,471,0.15831932773109245,1415,0.4756302521008403,5,0.026041666666666668,0.0
supplementary_2026,logistic,rolling_90d,0.1,False,2026-07,1059,827,232,983,0.9282341831916903,1.4881964117091595,542,0.5118035882908404,0.14022140221402213,753,0.9105199516324063,230,0.9913793103448276,0,0.0,313,0.295561850802644,229,0.21624173748819642,517,0.48819641170915956,2,0.008620689655172414,0.0
supplementary_2026,logistic,rolling_90d,0.1,False,2026-08,1172,1172,0,1021,0.871160409556314,1.3831058020477816,723,0.6168941979522184,0.20885200553250347,1021,0.871160409556314,0,,0,0.0,572,0.4880546075085324,151,0.128839590443686,449,0.38310580204778155,0,,0.0
supplementary_2026,logistic,rolling_180d,0.1,True,2026-01,454,453,1,382,0.8414096916299559,1.1167400881057268,401,0.8832599118942731,0.17955112219451372,381,0.8410596026490066,1,1.0,0,0.0,328,0.7224669603524229,73,0.16079295154185022,53,0.11674008810572688,0,0.0,0.0
supplementary_2026,logistic,rolling_180d,0.1,True,2026-02,446,340,106,398,0.8923766816143498,1.109865470852018,397,0.8901345291479821,0.12090680100755667,323,0.95,75,0.7075471698113207,0,0.0,334,0.7488789237668162,63,0.1412556053811659,49,0.10986547085201794,31,0.29245283018867924,0.0
supplementary_2026,logistic,rolling_180d,0.1,True,2026-03,697,652,45,655,0.93974175035868,1.309899569583931,481,0.6901004304160688,0.08731808731808732,615,0.9432515337423313,40,0.8888888888888888,0,0.0,418,0.599713055954089,63,0.09038737446197992,216,0.3098995695839311,5,0.1111111111111111,0.0
supplementary_2026,logistic,rolling_180d,0.1,True,2026-04,1884,1673,211,1677,0.8901273885350318,1.1916135881104033,1523,0.8083864118895966,0.13591595535128037,1534,0.9169157202630006,143,0.6777251184834123,0,0.0,1313,0.6969214437367304,210,0.11146496815286625,361,0.1916135881104034,68,0.3222748815165877,0.0
supplementary_2026,logistic,rolling_180d,0.1,True,2026-05,2431,2226,205,2223,0.9144385026737968,1.490744549568079,1238,0.509255450431921,0.1680129240710824,2102,0.9442946990116802,121,0.5902439024390244,0,0.0,1114,0.45824763471822294,124,0.051007815713698064,1193,0.490744549568079,84,0.4097560975609756,0.0
supplementary_2026,logistic,rolling_180d,0.1,True,2026-06,2975,2783,192,2642,0.8880672268907563,1.4665546218487395,1587,0.5334453781512605,0.20982986767485823,2457,0.8828602227811714,185,0.9635416666666666,0,0.0,1150,0.3865546218487395,437,0.14689075630252102,1388,0.46655462184873947,7,0.036458333333333336,0.0
supplementary_2026,logistic,rolling_180d,0.1,True,2026-07,1059,827,232,982,0.927289896128423,1.4664778092540132,565,0.5335221907459868,0.13628318584070798,753,0.9105199516324063,229,0.9870689655172413,0,0.0,336,0.31728045325779036,229,0.21624173748819642,494,0.4664778092540132,3,0.01293103448275862,0.0
supplementary_2026,logistic,rolling_180d,0.1,True,2026-08,1172,1172,0,1021,0.871160409556314,1.3924914675767919,712,0.6075085324232082,0.21207865168539325,1021,0.871160409556314,0,,0,0.0,561,0.4786689419795222,151,0.128839590443686,460,0.3924914675767918,0,,0.0
supplementary_2026,logistic,rolling_365d,0.1,False,2026-01,454,453,1,387,0.8524229074889867,1.1211453744493391,399,0.8788546255506607,0.16791979949874686,386,0.8520971302428256,1,1.0,0,0.0,331,0.7290748898678414,68,0.14977973568281938,55,0.1211453744493392,0,0.0,0.0
supplementary_2026,logistic,rolling_365d,0.1,False,2026-02,446,340,106,391,0.8766816143497758,1.0919282511210762,405,0.9080717488789237,0.13580246913580246,323,0.95,68,0.6415094339622641,0,0.0,346,0.7757847533632287,59,0.13228699551569506,41,0.09192825112107623,38,0.3584905660377358,0.0
supplementary_2026,logistic,rolling_365d,0.1,False,2026-03,697,652,45,656,0.9411764705882353,1.1865136298421808,567,0.8134863701578192,0.07231040564373897,622,0.9539877300613497,34,0.7555555555555555,0,0.0,511,0.733142037302726,56,0.08034433285509325,130,0.18651362984218078,11,0.24444444444444444,0.0
supplementary_2026,logistic,rolling_365d,0.1,False,2026-04,1884,1673,211,1709,0.9071125265392781,1.1788747346072186,1547,0.8211252653927813,0.11312217194570136,1573,0.9402271368798566,136,0.6445497630331753,0,0.0,1381,0.7330148619957537,166,0.0881104033970276,337,0.17887473460721867,75,0.35545023696682465,0.0
supplementary_2026,logistic,rolling_365d,0.1,False,2026-05,2431,2226,205,2262,0.93048128342246,1.4454956807897985,1348,0.5545043192102016,0.12537091988130564,2165,0.972596585804133,97,0.47317073170731705,0,0.0,1287,0.5294117647058824,61,0.02509255450431921,1083,0.44549568078979845,108,0.526829268292683,0.0
supplementary_2026,logistic,rolling_365d,0.1,False,2026-06,2975,2783,192,2693,0.9052100840336135,1.4574789915966386,1614,0.5425210084033614,0.17472118959107807,2517,0.9044196909809558,176,0.9166666666666666,0,0.0,1256,0.4221848739495798,358,0.12033613445378151,1361,0.45747899159663863,16,0.08333333333333333,0.0
supplementary_2026,logistic,rolling_365d,0.1,False,2026-07,1059,827,232,997,0.9414542020774316,1.4730878186968839,558,0.5269121813031161,0.1111111111111111,774,0.9359129383313181,223,0.9612068965517241,0,0.0,357,0.3371104815864023,201,0.18980169971671387,501,0.4730878186968839,9,0.03879310344827586,0.0
supplementary_2026,logistic,rolling_365d,0.1,False,2026-08,1172,1172,0,1029,0.8779863481228669,1.3677474402730376,741,0.6322525597269625,0.19298245614035087,1029,0.8779863481228669,0,,0,0.0,598,0.5102389078498294,143,0.1220136518771331,431,0.3677474402730375,0,,0.0
supplementary_2026,logistic,fixed_2015,0.05,False,2026-01,454,453,1,388,0.8546255506607929,1.2158590308370043,356,0.7841409691629956,0.1853932584269663,387,0.8543046357615894,1,1.0,0,0.0,289,0.6365638766519823,67,0.14757709251101322,98,0.21585903083700442,0,0.0,0.0
supplementary_2026,logistic,fixed_2015,0.05,False,2026-02,446,340,106,419,0.9394618834080718,1.2286995515695067,344,0.7713004484304933,0.07848837209302326,323,0.95,96,0.9056603773584906,0,0.0,285,0.6390134529147982,59,0.13228699551569506,102,0.22869955156950672,10,0.09433962264150944,0.0
supplementary_2026,logistic,fixed_2015,0.05,False,2026-03,697,652,45,684,0.9813486370157819,1.4261119081779052,400,0.5738880918220947,0.0325,639,0.9800613496932515,45,1.0,0,0.0,367,0.5265423242467718,33,0.047345767575322814,297,0.4261119081779053,0,0.0,0.0
supplementary_2026,logistic,fixed_2015,0.05,False,2026-04,1884,1673,211,1782,0.945859872611465,1.2712314225053079,1373,0.7287685774946921,0.07428987618353969,1622,0.9695158398087268,160,0.7582938388625592,0,0.0,1267,0.6725053078556263,106,0.05626326963906582,511,0.27123142250530785,51,0.24170616113744076,0.0
supplementary_2026,logistic,fixed_2015,0.05,False,2026-05,2431,2226,205,2287,0.9407651172357054,1.2879473467708762,1731,0.7120526532291238,0.0831889081455806,2218,0.9964061096136568,69,0.33658536585365856,0,0.0,1723,0.7087618264088852,8,0.003290826820238585,700,0.2879473467708762,136,0.6634146341463415,0.0
supplementary_2026,logistic,fixed_2015,0.05,False,2026-06,2975,2783,192,2806,0.9431932773109244,1.2873949579831934,2120,0.7126050420168067,0.07971698113207547,2676,0.9615522817103844,130,0.6770833333333334,0,0.0,1930,0.6487394957983194,190,0.06386554621848739,855,0.28739495798319326,62,0.3229166666666667,0.0
supplementary_2026,logistic,fixed_2015,0.05,False,2026-07,1059,827,232,1006,0.9499527856468366,1.2832861189801699,759,0.71671388101983,0.06982872200263504,805,0.973397823458283,201,0.8663793103448276,0,0.0,618,0.5835694050991501,141,0.13314447592067988,300,0.28328611898017,31,0.1336206896551724,0.0
supplementary_2026,logistic,fixed_2015,0.05,False,2026-08,1172,1172,0,1086,0.9266211604095563,1.2235494880546076,910,0.7764505119453925,0.0945054945054945,1086,0.9266211604095563,0,,0,0.0,824,0.7030716723549488,86,0.07337883959044368,262,0.2235494880546075,0,,0.0
supplementary_2026,logistic,rolling_90d,0.05,False,2026-01,454,453,1,419,0.9229074889867841,1.920704845814978,36,0.07929515418502203,0.9722222222222222,418,0.9227373068432672,1,1.0,0,0.0,0,0.0,36,0.07929515418502203,418,0.920704845814978,0,0.0,1.0
supplementary_2026,logistic,rolling_90d,0.05,False,2026-02,446,340,106,446,1.0,1.5269058295964126,211,0.4730941704035874,0.0,340,1.0,106,1.0,0,0.0,190,0.4260089686098655,21,0.04708520179372197,235,0.5269058295964125,0,0.0,0.3923766816143498
supplementary_2026,logistic,rolling_90d,0.05,False,2026-03,697,652,45,697,1.0,1.5179340028694404,336,0.48206599713055953,0.0,652,1.0,45,1.0,0,0.0,334,0.47919655667144906,2,0.0028694404591104736,361,0.5179340028694405,0,0.0,0.0
supplementary_2026,logistic,rolling_90d,0.05,False,2026-04,1884,1673,211,1767,0.9378980891719745,1.3237791932059448,1274,0.6762208067940552,0.09183673469387756,1590,0.9503885236102809,177,0.8388625592417062,0,0.0,1127,0.5981953290870489,147,0.07802547770700637,610,0.3237791932059448,34,0.16113744075829384,0.0
supplementary_2026,logistic,rolling_90d,0.05,False,2026-05,2431,2226,205,2350,0.9666803784450844,1.7634718222953516,575,0.2365281777046483,0.1408695652173913,2173,0.9761904761904762,177,0.8634146341463415,0,0.0,522,0.21472645002056767,53,0.021801727684080625,1856,0.7634718222953517,28,0.13658536585365855,0.0
supplementary_2026,logistic,rolling_90d,0.05,False,2026-06,2975,2783,192,2736,0.9196638655462185,1.6984873949579833,897,0.3015126050420168,0.26644370122630995,2549,0.9159180740208408,187,0.9739583333333334,0,0.0,573,0.19260504201680673,324,0.10890756302521008,2078,0.6984873949579832,5,0.026041666666666668,0.0
supplementary_2026,logistic,rolling_90d,0.05,False,2026-07,1059,827,232,1025,0.9678942398489141,1.6978281397544854,320,0.3021718602455146,0.10625,794,0.9600967351874244,231,0.9956896551724138,0,0.0,151,0.14258734655335223,169,0.15958451369216242,739,0.6978281397544853,1,0.004310344827586207,0.0
supplementary_2026,logistic,rolling_90d,0.05,False,2026-08,1172,1172,0,1053,0.8984641638225256,1.4479522184300342,647,0.5520477815699659,0.1839258114374034,1053,0.8984641638225256,0,,0,0.0,528,0.45051194539249145,119,0.1015358361774744,525,0.44795221843003413,0,,0.0
supplementary_2026,logistic,rolling_180d,0.05,True,2026-01,454,453,1,405,0.8920704845814978,1.248898678414097,341,0.751101321585903,0.1436950146627566,404,0.891832229580574,1,1.0,0,0.0,291,0.6409691629955947,50,0.11013215859030837,113,0.2488986784140969,0,0.0,0.0
supplementary_2026,logistic,rolling_180d,0.05,True,2026-02,446,340,106,423,0.9484304932735426,1.3026905829596414,311,0.6973094170403588,0.07395498392282958,330,0.9705882352941176,93,0.8773584905660378,0,0.0,273,0.6121076233183856,38,0.08520179372197309,135,0.30269058295964124,13,0.12264150943396226,0.0
supplementary_2026,logistic,rolling_180d,0.05,True,2026-03,697,652,45,697,1.0,1.5050215208034434,345,0.4949784791965567,0.0,652,1.0,45,1.0,0,0.0,335,0.4806312769010043,10,0.014347202295552367,352,0.5050215208034433,0,0.0,0.0
supplementary_2026,logistic,rolling_180d,0.05,True,2026-04,1884,1673,211,1811,0.9612526539278131,1.3232484076433122,1275,0.6767515923566879,0.05725490196078432,1649,0.9856545128511656,162,0.7677725118483413,0,0.0,1203,0.6385350318471338,72,0.03821656050955414,609,0.3232484076433121,49,0.23222748815165878,0.0
supplementary_2026,logistic,rolling_180d,0.05,True,2026-05,2431,2226,205,2378,0.9781982723159194,1.7429041546688606,625,0.25709584533113944,0.0848,2207,0.9914645103324349,171,0.8341463414634146,0,0.0,606,0.2492801316330728,19,0.00781571369806664,1806,0.7429041546688605,34,0.16585365853658537,0.0
supplementary_2026,logistic,rolling_180d,0.05,True,2026-06,2975,2783,192,2768,0.9304201680672269,1.69109243697479,919,0.3089075630252101,0.2252448313384113,2581,0.9274164570607258,187,0.9739583333333334,0,0.0,631,0.21210084033613447,288,0.09680672268907563,2056,0.69109243697479,5,0.026041666666666668,0.0
supplementary_2026,logistic,rolling_180d,0.05,True,2026-07,1059,827,232,1026,0.9688385269121813,1.6222851746931066,400,0.3777148253068933,0.0825,796,0.9625151148730351,230,0.9913793103448276,0,0.0,234,0.22096317280453256,166,0.15675165250236073,659,0.6222851746931067,2,0.008620689655172414,0.0
supplementary_2026,logistic,rolling_180d,0.05,True,2026-08,1172,1172,0,1053,0.8984641638225256,1.5486348122866893,529,0.4513651877133106,0.22495274102079396,1053,0.8984641638225256,0,,0,0.0,410,0.34982935153583616,119,0.1015358361774744,643,0.5486348122866894,0,,0.0
supplementary_2026,logistic,rolling_365d,0.05,False,2026-01,454,453,1,400,0.8810572687224669,1.2136563876651982,357,0.7863436123348018,0.15126050420168066,399,0.8807947019867549,1,1.0,0,0.0,302,0.6651982378854625,55,0.1211453744493392,97,0.21365638766519823,0,0.0,0.0
supplementary_2026,logistic,rolling_365d,0.05,False,2026-02,446,340,106,410,0.9192825112107623,1.1995515695067265,357,0.8004484304932735,0.10084033613445378,323,0.95,87,0.8207547169811321,0,0.0,310,0.695067264573991,47,0.10538116591928251,89,0.19955156950672645,19,0.1792452830188679,0.0
supplementary_2026,logistic,rolling_365d,0.05,False,2026-03,697,652,45,697,1.0,1.4461979913916787,386,0.5538020086083214,0.0,652,1.0,45,1.0,0,0.0,373,0.5351506456241033,13,0.018651362984218076,311,0.44619799139167865,0,0.0,0.0
supplementary_2026,logistic,rolling_365d,0.05,False,2026-04,1884,1673,211,1816,0.9639065817409767,1.3083864118895967,1303,0.6916135881104034,0.052187260168841135,1652,0.9874476987447699,164,0.7772511848341233,0,0.0,1235,0.6555201698513801,68,0.036093418259023353,581,0.3083864118895966,47,0.22274881516587677,0.0
supplementary_2026,logistic,rolling_365d,0.05,False,2026-05,2431,2226,205,2376,0.9773755656108597,1.6018099547511313,968,0.39819004524886875,0.056818181818181816,2226,1.0,150,0.7317073170731707,0,0.0,968,0.39819004524886875,0,0.0,1463,0.6018099547511312,55,0.2682926829268293,0.0
supplementary_2026,logistic,rolling_365d,0.05,False,2026-06,2975,2783,192,2864,0.9626890756302521,1.613109243697479,1151,0.386890756302521,0.09643788010425716,2677,0.9619116061803809,187,0.9739583333333334,0,0.0,963,0.3236974789915966,188,0.06319327731092438,1824,0.613109243697479,5,0.026041666666666668,0.0
supplementary_2026,logistic,rolling_365d,0.05,False,2026-07,1059,827,232,1033,0.9754485363550519,1.5892351274787535,435,0.41076487252124644,0.059770114942528735,803,0.9709794437726723,230,0.9913793103448276,0,0.0,288,0.2719546742209632,147,0.1388101983002833,624,0.5892351274787535,2,0.008620689655172414,0.0
supplementary_2026,logistic,rolling_365d,0.05,False,2026-08,1172,1172,0,1068,0.9112627986348123,1.4675767918088738,624,0.5324232081911263,0.16666666666666666,1068,0.9112627986348123,0,,0,0.0,520,0.44368600682593856,104,0.08873720136518772,548,0.46757679180887374,0,,0.0
